 LS-DYNA keyword deck by LS-PrePost                                      
                    ls-dyna mpp d R14 R14.1.1_16_fadfb4 date 05/14/2025
ICFD Drag Forces and Moments
time,            Fpx,Fpy,            Fpz,Fvx,            Fvy,Fvz,            Mpx,Mpy,            Mpz,Mvx,            Mvy,Mvz
8.000000E-04    3.765514E-01    4.246332E-01   -4.065007E+01    0.000000E+00    0.000000E+00    0.000000E+00   -1.916511E-01    1.155911E-01   -2.926941E-02    0.000000E+00    0.000000E+00    0.000000E+00
1.800000E-03    1.711605E-01    3.060648E-01   -3.880550E+01    0.000000E+00    0.000000E+00    0.000000E+00   -1.414797E-01    4.007128E-02    7.211193E-03    0.000000E+00    0.000000E+00    0.000000E+00
2.800000E-03    1.506687E-01    3.447848E-02   -3.540920E+01    0.000000E+00    0.000000E+00    0.000000E+00   -5.029263E-02    3.975965E-02    6.954718E-03    0.000000E+00    0.000000E+00    0.000000E+00
3.800000E-03    1.291845E-01   -1.387457E-01   -3.298976E+01    0.000000E+00    0.000000E+00    0.000000E+00    5.140298E-03    3.813299E-02    6.732065E-03    0.000000E+00    0.000000E+00    0.000000E+00
4.800000E-03    1.146844E-01   -1.786320E-01   -3.186659E+01    0.000000E+00    0.000000E+00    0.000000E+00    1.653788E-02    3.921369E-02    7.250411E-03    0.000000E+00    0.000000E+00    0.000000E+00
5.800000E-03    1.215405E-01   -1.942301E-01   -3.163187E+01    0.000000E+00    0.000000E+00    0.000000E+00    2.462169E-02    4.209224E-02    7.300858E-03    0.000000E+00    0.000000E+00    0.000000E+00
6.800000E-03    1.383293E-01   -2.115332E-01   -3.156366E+01    0.000000E+00    0.000000E+00    0.000000E+00    3.343020E-02    4.653422E-02    7.262134E-03    0.000000E+00    0.000000E+00    0.000000E+00
7.800000E-03    1.572825E-01   -2.322189E-01   -3.148104E+01    0.000000E+00    0.000000E+00    0.000000E+00    4.256843E-02    5.224079E-02    7.170264E-03    0.000000E+00    0.000000E+00    0.000000E+00
8.800000E-03    1.700118E-01   -2.494675E-01   -3.137579E+01    0.000000E+00    0.000000E+00    0.000000E+00    4.991398E-02    5.660672E-02    7.089044E-03    0.000000E+00    0.000000E+00    0.000000E+00
9.800000E-03    6.693124E-02   -1.113134E-01   -1.548910E+01    0.000000E+00    0.000000E+00    0.000000E+00    2.188370E-02    2.964295E-02    6.334017E-03    0.000000E+00    0.000000E+00    0.000000E+00
1.080000E-02   -3.847422E-02    4.497319E-02    1.065164E+00    0.000000E+00    0.000000E+00    0.000000E+00   -1.154804E-02   -3.599085E-03    2.041603E-03    0.000000E+00    0.000000E+00    0.000000E+00
1.180000E-02   -5.987395E-02    1.266405E-01    6.784548E+00    0.000000E+00    0.000000E+00    0.000000E+00   -3.292050E-02   -1.657114E-02   -2.712887E-03    0.000000E+00    0.000000E+00    0.000000E+00
1.280000E-02   -3.382894E-03    1.170546E-01    2.527264E+00    0.000000E+00    0.000000E+00    0.000000E+00   -3.455134E-02   -4.420723E-03   -3.765880E-03    0.000000E+00    0.000000E+00    0.000000E+00
1.380000E-02    5.404225E-02    5.443844E-02   -3.599348E+00    0.000000E+00    0.000000E+00    0.000000E+00   -1.864356E-02    1.439036E-02   -1.764704E-03    0.000000E+00    0.000000E+00    0.000000E+00
1.480000E-02    5.277685E-02    1.517204E-02   -6.043659E+00    0.000000E+00    0.000000E+00    0.000000E+00   -6.358106E-03    1.684321E-02    2.600913E-04    0.000000E+00    0.000000E+00    0.000000E+00
1.580000E-02    7.239368E-03    2.498840E-02   -5.314851E+00    0.000000E+00    0.000000E+00    0.000000E+00   -7.984079E-03    4.553681E-03    6.789387E-04    0.000000E+00    0.000000E+00    0.000000E+00
1.680000E-02   -4.303549E-02    6.594262E-02   -3.801882E+00    0.000000E+00    0.000000E+00    0.000000E+00   -2.023844E-02   -1.195792E-02   -3.957689E-04    0.000000E+00    0.000000E+00    0.000000E+00
1.780000E-02   -4.957229E-02    9.336775E-02   -3.281728E+00    0.000000E+00    0.000000E+00    0.000000E+00   -3.027575E-02   -1.491742E-02   -1.942099E-04    0.000000E+00    0.000000E+00    0.000000E+00
1.880000E-02   -3.062075E-02    8.959855E-02   -3.612849E+00    0.000000E+00    0.000000E+00    0.000000E+00   -3.106217E-02   -1.056919E-02   -3.486795E-04    0.000000E+00    0.000000E+00    0.000000E+00
1.980000E-02    4.571227E-04    6.489481E-02   -4.255987E+00    0.000000E+00    0.000000E+00    0.000000E+00   -2.344231E-02   -4.248287E-04   -4.265246E-04    0.000000E+00    0.000000E+00    0.000000E+00
2.080000E-02    2.390409E-02    3.285214E-02   -4.812455E+00    0.000000E+00    0.000000E+00    0.000000E+00   -1.019271E-02    8.481274E-03   -2.245265E-03    0.000000E+00    0.000000E+00    0.000000E+00
2.180000E-02   -3.789376E-03    5.047539E-02   -5.218047E+00    0.000000E+00    0.000000E+00    0.000000E+00   -1.698479E-02   -4.094644E-03   -2.053062E-03    0.000000E+00    0.000000E+00    0.000000E+00
2.280000E-02   -2.151842E-02    6.202775E-02   -5.555697E+00    0.000000E+00    0.000000E+00    0.000000E+00   -1.939269E-02   -9.991706E-03   -5.686847E-04    0.000000E+00    0.000000E+00    0.000000E+00
2.380000E-02   -3.804416E-02    7.606153E-02   -5.835876E+00    0.000000E+00    0.000000E+00    0.000000E+00   -2.497075E-02   -1.641431E-02   -5.865749E-04    0.000000E+00    0.000000E+00    0.000000E+00
2.480000E-02   -2.606342E-02    7.673315E-02   -6.091702E+00    0.000000E+00    0.000000E+00    0.000000E+00   -2.646050E-02   -9.680135E-03   -1.251883E-03    0.000000E+00    0.000000E+00    0.000000E+00
2.580000E-02   -1.940488E-02    5.931685E-02   -6.365448E+00    0.000000E+00    0.000000E+00    0.000000E+00   -1.968513E-02   -7.576839E-03   -4.777177E-04    0.000000E+00    0.000000E+00    0.000000E+00
2.680000E-02   -1.095942E-02    5.129630E-02   -6.675754E+00    0.000000E+00    0.000000E+00    0.000000E+00   -1.695187E-02   -4.790291E-03   -1.694272E-03    0.000000E+00    0.000000E+00    0.000000E+00
2.780000E-02   -1.927167E-02    4.755202E-02   -7.011340E+00    0.000000E+00    0.000000E+00    0.000000E+00   -1.499589E-02   -9.967882E-03   -1.245113E-03    0.000000E+00    0.000000E+00    0.000000E+00
2.880000E-02   -1.569654E-02    3.842939E-02   -7.348653E+00    0.000000E+00    0.000000E+00    0.000000E+00   -9.549622E-03   -8.027627E-03    3.513216E-06    0.000000E+00    0.000000E+00    0.000000E+00
2.980000E-02   -1.668837E-02    3.482881E-02   -7.677427E+00    0.000000E+00    0.000000E+00    0.000000E+00   -7.281842E-03   -8.153899E-03    3.762319E-04    0.000000E+00    0.000000E+00    0.000000E+00
3.080000E-02   -1.634286E-02    2.506445E-02   -7.974878E+00    0.000000E+00    0.000000E+00    0.000000E+00   -2.745756E-03   -7.903233E-03    1.047038E-03    0.000000E+00    0.000000E+00    0.000000E+00
3.180000E-02   -1.336415E-02    2.147140E-02   -8.260051E+00    0.000000E+00    0.000000E+00    0.000000E+00   -1.436322E-03   -6.489026E-03    4.621370E-04    0.000000E+00    0.000000E+00    0.000000E+00
3.280000E-02   -1.132823E-02    1.521592E-02   -8.534033E+00    0.000000E+00    0.000000E+00    0.000000E+00    1.818907E-03   -5.395354E-03    3.997353E-04    0.000000E+00    0.000000E+00    0.000000E+00
3.380000E-02   -1.527008E-02    2.129297E-03   -8.784165E+00    0.000000E+00    0.000000E+00    0.000000E+00    7.645984E-03   -7.197997E-03   -1.915012E-04    0.000000E+00    0.000000E+00    0.000000E+00
3.480000E-02   -1.187365E-02   -7.326831E-03   -9.017602E+00    0.000000E+00    0.000000E+00    0.000000E+00    1.162282E-02   -6.026754E-03   -2.159304E-04    0.000000E+00    0.000000E+00    0.000000E+00
3.580000E-02   -9.022115E-03   -1.526436E-02   -9.240875E+00    0.000000E+00    0.000000E+00    0.000000E+00    1.514224E-02   -4.920245E-03   -2.134282E-04    0.000000E+00    0.000000E+00    0.000000E+00
3.680000E-02   -8.259069E-05   -2.070021E-02   -9.454913E+00    0.000000E+00    0.000000E+00    0.000000E+00    1.758899E-02   -4.377520E-04    4.291460E-04    0.000000E+00    0.000000E+00    0.000000E+00
3.780000E-02    9.859230E-04   -2.832949E-02   -9.660241E+00    0.000000E+00    0.000000E+00    0.000000E+00    2.099660E-02    1.719783E-04    4.764586E-04    0.000000E+00    0.000000E+00    0.000000E+00
3.880000E-02    1.400890E-03   -3.651799E-02   -9.855744E+00    0.000000E+00    0.000000E+00    0.000000E+00    2.454320E-02    4.562992E-04    5.348831E-04    0.000000E+00    0.000000E+00    0.000000E+00
3.980000E-02   -4.965236E-03   -4.655532E-02   -1.003867E+01    0.000000E+00    0.000000E+00    0.000000E+00    2.887916E-02   -2.765053E-03    1.097861E-03    0.000000E+00    0.000000E+00    0.000000E+00
4.080000E-02   -8.509181E-03   -5.545216E-02   -1.020747E+01    0.000000E+00    0.000000E+00    0.000000E+00    3.231082E-02   -4.696307E-03    1.304568E-03    0.000000E+00    0.000000E+00    0.000000E+00
4.180000E-02   -8.159855E-03   -6.195355E-02   -1.035766E+01    0.000000E+00    0.000000E+00    0.000000E+00    3.474335E-02   -4.301347E-03    1.236861E-03    0.000000E+00    0.000000E+00    0.000000E+00
4.280000E-02   -5.564749E-03   -6.569845E-02   -1.049177E+01    0.000000E+00    0.000000E+00    0.000000E+00    3.570037E-02   -2.488472E-03    8.457029E-04    0.000000E+00    0.000000E+00    0.000000E+00
4.380000E-02   -6.740417E-03   -7.185612E-02   -1.061070E+01    0.000000E+00    0.000000E+00    0.000000E+00    3.795686E-02   -2.985272E-03    1.069664E-03    0.000000E+00    0.000000E+00    0.000000E+00
4.480000E-02   -1.333677E-02   -8.329063E-02   -1.071402E+01    0.000000E+00    0.000000E+00    0.000000E+00    4.322156E-02   -6.009413E-03    1.916997E-03    0.000000E+00    0.000000E+00    0.000000E+00
4.580000E-02   -1.078900E-02   -9.307585E-02   -1.080297E+01    0.000000E+00    0.000000E+00    0.000000E+00    4.769510E-02   -4.302768E-03    1.404274E-03    0.000000E+00    0.000000E+00    0.000000E+00
4.680000E-02   -1.246606E-02   -9.504285E-02   -1.087867E+01    0.000000E+00    0.000000E+00    0.000000E+00    4.796232E-02   -4.585848E-03    1.554208E-03    0.000000E+00    0.000000E+00    0.000000E+00
4.780000E-02   -1.449840E-02   -9.701854E-02   -1.094194E+01    0.000000E+00    0.000000E+00    0.000000E+00    4.825293E-02   -5.173493E-03    1.752734E-03    0.000000E+00    0.000000E+00    0.000000E+00
4.880000E-02   -1.504624E-02   -9.039991E-02   -1.099450E+01    0.000000E+00    0.000000E+00    0.000000E+00    4.387908E-02   -4.534577E-03    1.317029E-03    0.000000E+00    0.000000E+00    0.000000E+00
4.980000E-02   -1.428437E-02   -9.013251E-02   -1.103809E+01    0.000000E+00    0.000000E+00    0.000000E+00    4.304928E-02   -4.052573E-03    1.366469E-03    0.000000E+00    0.000000E+00    0.000000E+00
5.080000E-02   -1.067878E-02   -8.663993E-02   -1.107514E+01    0.000000E+00    0.000000E+00    0.000000E+00    4.075856E-02   -1.952666E-03    1.055136E-03    0.000000E+00    0.000000E+00    0.000000E+00
5.180000E-02   -1.735608E-02   -8.482851E-02   -1.110726E+01    0.000000E+00    0.000000E+00    0.000000E+00    3.936825E-02   -5.691280E-03    6.249374E-04    0.000000E+00    0.000000E+00    0.000000E+00
5.280000E-02   -1.462402E-02   -9.694027E-02   -1.113474E+01    0.000000E+00    0.000000E+00    0.000000E+00    4.531889E-02   -4.261215E-03    5.552572E-04    0.000000E+00    0.000000E+00    0.000000E+00
5.380000E-02   -1.510573E-02   -9.532078E-02   -1.116010E+01    0.000000E+00    0.000000E+00    0.000000E+00    4.456915E-02   -4.572272E-03    6.659655E-04    0.000000E+00    0.000000E+00    0.000000E+00
5.480000E-02   -1.452355E-02   -9.221534E-02   -1.118293E+01    0.000000E+00    0.000000E+00    0.000000E+00    4.322851E-02   -4.358045E-03    7.623424E-04    0.000000E+00    0.000000E+00    0.000000E+00
5.580000E-02   -1.276114E-02   -9.519913E-02   -1.120359E+01    0.000000E+00    0.000000E+00    0.000000E+00    4.514426E-02   -3.298482E-03    1.385572E-03    0.000000E+00    0.000000E+00    0.000000E+00
5.680000E-02   -1.215079E-02   -9.535936E-02   -1.122331E+01    0.000000E+00    0.000000E+00    0.000000E+00    4.533626E-02   -3.215674E-03    1.652233E-03    0.000000E+00    0.000000E+00    0.000000E+00
5.780000E-02   -1.429240E-02   -8.486477E-02   -1.123998E+01    0.000000E+00    0.000000E+00    0.000000E+00    4.024431E-02   -4.363031E-03    2.499730E-03    0.000000E+00    0.000000E+00    0.000000E+00
5.880000E-02   -1.347651E-02   -8.274287E-02   -1.126106E+01    0.000000E+00    0.000000E+00    0.000000E+00    3.970395E-02   -4.452711E-03    2.511423E-03    0.000000E+00    0.000000E+00    0.000000E+00
5.980000E-02   -1.255054E-02   -8.016832E-02   -1.127781E+01    0.000000E+00    0.000000E+00    0.000000E+00    3.889686E-02   -4.374117E-03    2.626243E-03    0.000000E+00    0.000000E+00    0.000000E+00
6.080000E-02   -1.205987E-02   -7.855245E-02   -1.128920E+01    0.000000E+00    0.000000E+00    0.000000E+00    3.845919E-02   -4.198469E-03    2.733099E-03    0.000000E+00    0.000000E+00    0.000000E+00
6.180000E-02   -1.064101E-02   -7.501105E-02   -1.130540E+01    0.000000E+00    0.000000E+00    0.000000E+00    3.723837E-02   -4.158573E-03    2.745608E-03    0.000000E+00    0.000000E+00    0.000000E+00
6.280000E-02   -9.660960E-03   -7.039518E-02   -1.132179E+01    0.000000E+00    0.000000E+00    0.000000E+00    3.599677E-02   -3.831075E-03    2.862986E-03    0.000000E+00    0.000000E+00    0.000000E+00
6.380000E-02   -8.627478E-03   -6.577730E-02   -1.133894E+01    0.000000E+00    0.000000E+00    0.000000E+00    3.478227E-02   -3.469814E-03    2.968708E-03    0.000000E+00    0.000000E+00    0.000000E+00
6.480000E-02   -9.108957E-03   -6.082115E-02   -1.135927E+01    0.000000E+00    0.000000E+00    0.000000E+00    3.346869E-02   -3.300388E-03    3.030963E-03    0.000000E+00    0.000000E+00    0.000000E+00
6.580000E-02    7.428259E-03   -5.585214E-02   -1.137278E+01    0.000000E+00    0.000000E+00    0.000000E+00    3.150228E-02    5.130484E-03    1.643918E-03    0.000000E+00    0.000000E+00    0.000000E+00
6.680000E-02    1.137463E-02   -4.829851E-02   -1.139320E+01    0.000000E+00    0.000000E+00    0.000000E+00    2.848918E-02    6.653020E-03    2.029188E-03    0.000000E+00    0.000000E+00    0.000000E+00
6.780000E-02    1.407208E-02   -4.212959E-02   -1.141290E+01    0.000000E+00    0.000000E+00    0.000000E+00    2.556600E-02    8.158813E-03    2.440766E-03    0.000000E+00    0.000000E+00    0.000000E+00
6.880000E-02    1.327728E-02   -4.168767E-02   -1.142973E+01    0.000000E+00    0.000000E+00    0.000000E+00    2.520648E-02    8.435586E-03    2.451270E-03    0.000000E+00    0.000000E+00    0.000000E+00
6.980000E-02    1.362926E-02   -3.944664E-02   -1.144942E+01    0.000000E+00    0.000000E+00    0.000000E+00    2.479143E-02    8.724541E-03    2.454402E-03    0.000000E+00    0.000000E+00    0.000000E+00
7.080000E-02    1.375581E-02   -3.676295E-02   -1.147040E+01    0.000000E+00    0.000000E+00    0.000000E+00    2.435961E-02    9.034829E-03    2.443337E-03    0.000000E+00    0.000000E+00    0.000000E+00
7.180000E-02    1.407577E-02   -3.258440E-02   -1.149608E+01    0.000000E+00    0.000000E+00    0.000000E+00    2.336559E-02    9.215019E-03    2.472802E-03    0.000000E+00    0.000000E+00    0.000000E+00
7.280000E-02    1.422850E-02   -3.002885E-02   -1.151136E+01    0.000000E+00    0.000000E+00    0.000000E+00    2.304453E-02    9.365021E-03    2.512731E-03    0.000000E+00    0.000000E+00    0.000000E+00
7.380000E-02    7.255619E-03   -3.340641E-02   -1.152237E+01    0.000000E+00    0.000000E+00    0.000000E+00    2.546812E-02    5.457322E-03    1.824321E-03    0.000000E+00    0.000000E+00    0.000000E+00
7.480000E-02    7.828069E-03   -3.179906E-02   -1.153665E+01    0.000000E+00    0.000000E+00    0.000000E+00    2.534460E-02    5.671795E-03    1.829807E-03    0.000000E+00    0.000000E+00    0.000000E+00
7.580000E-02    3.217079E-03   -2.655570E-02   -1.155313E+01    0.000000E+00    0.000000E+00    0.000000E+00    2.350162E-02    3.084728E-03    2.328966E-03    0.000000E+00    0.000000E+00    0.000000E+00
7.680000E-02    2.047214E-03   -2.439651E-02   -1.157057E+01    0.000000E+00    0.000000E+00    0.000000E+00    2.291985E-02    2.410901E-03    2.512558E-03    0.000000E+00    0.000000E+00    0.000000E+00
7.780000E-02    2.380121E-03   -2.369766E-02   -1.158695E+01    0.000000E+00    0.000000E+00    0.000000E+00    2.303251E-02    2.675100E-03    2.545391E-03    0.000000E+00    0.000000E+00    0.000000E+00
7.880000E-02    2.982916E-03   -2.325185E-02   -1.160195E+01    0.000000E+00    0.000000E+00    0.000000E+00    2.318437E-02    2.939433E-03    2.573890E-03    0.000000E+00    0.000000E+00    0.000000E+00
7.980000E-02    3.669527E-03   -2.310567E-02   -1.161606E+01    0.000000E+00    0.000000E+00    0.000000E+00    2.333735E-02    3.208225E-03    2.592268E-03    0.000000E+00    0.000000E+00    0.000000E+00
8.080000E-02    4.021968E-03   -2.286185E-02   -1.162985E+01    0.000000E+00    0.000000E+00    0.000000E+00    2.348219E-02    3.440782E-03    2.631397E-03    0.000000E+00    0.000000E+00    0.000000E+00
8.180000E-02    4.226928E-03   -2.288880E-02   -1.164369E+01    0.000000E+00    0.000000E+00    0.000000E+00    2.365910E-02    3.691568E-03    2.650492E-03    0.000000E+00    0.000000E+00    0.000000E+00
8.280000E-02    4.432391E-03   -2.306614E-02   -1.165751E+01    0.000000E+00    0.000000E+00    0.000000E+00    2.386209E-02    3.854001E-03    2.691668E-03    0.000000E+00    0.000000E+00    0.000000E+00
8.380000E-02    4.567597E-03   -2.353115E-02   -1.167111E+01    0.000000E+00    0.000000E+00    0.000000E+00    2.410675E-02    3.991305E-03    2.727109E-03    0.000000E+00    0.000000E+00    0.000000E+00
8.480000E-02    4.919539E-03   -2.421316E-02   -1.168433E+01    0.000000E+00    0.000000E+00    0.000000E+00    2.439796E-02    4.172398E-03    2.733605E-03    0.000000E+00    0.000000E+00    0.000000E+00
8.580000E-02    5.430036E-03   -2.534678E-02   -1.169712E+01    0.000000E+00    0.000000E+00    0.000000E+00    2.479029E-02    4.454642E-03    2.673886E-03    0.000000E+00    0.000000E+00    0.000000E+00
8.680000E-02    5.811031E-03   -2.661855E-02   -1.170958E+01    0.000000E+00    0.000000E+00    0.000000E+00    2.512585E-02    4.612281E-03    2.683484E-03    0.000000E+00    0.000000E+00    0.000000E+00
8.780000E-02    6.076388E-03   -2.767882E-02   -1.172188E+01    0.000000E+00    0.000000E+00    0.000000E+00    2.547188E-02    4.758233E-03    2.688294E-03    0.000000E+00    0.000000E+00    0.000000E+00
8.880000E-02    6.274241E-03   -2.901064E-02   -1.173411E+01    0.000000E+00    0.000000E+00    0.000000E+00    2.583207E-02    4.888834E-03    2.692388E-03    0.000000E+00    0.000000E+00    0.000000E+00
8.980000E-02    6.580392E-03   -3.046332E-02   -1.174617E+01    0.000000E+00    0.000000E+00    0.000000E+00    2.620984E-02    5.003774E-03    2.697026E-03    0.000000E+00    0.000000E+00    0.000000E+00
9.080000E-02    6.764220E-03   -3.212695E-02   -1.175810E+01    0.000000E+00    0.000000E+00    0.000000E+00    2.661272E-02    5.128598E-03    2.710859E-03    0.000000E+00    0.000000E+00    0.000000E+00
9.180000E-02    6.882011E-03   -3.377974E-02   -1.176988E+01    0.000000E+00    0.000000E+00    0.000000E+00    2.703162E-02    5.242578E-03    2.724766E-03    0.000000E+00    0.000000E+00    0.000000E+00
9.280000E-02    7.230776E-03   -3.563330E-02   -1.178159E+01    0.000000E+00    0.000000E+00    0.000000E+00    2.745653E-02    5.322004E-03    2.731275E-03    0.000000E+00    0.000000E+00    0.000000E+00
9.380000E-02    7.371463E-03   -3.743799E-02   -1.179319E+01    0.000000E+00    0.000000E+00    0.000000E+00    2.785835E-02    5.336203E-03    2.702901E-03    0.000000E+00    0.000000E+00    0.000000E+00
9.480000E-02    7.674505E-03   -3.960578E-02   -1.180476E+01    0.000000E+00    0.000000E+00    0.000000E+00    2.829496E-02    5.393178E-03    2.707546E-03    0.000000E+00    0.000000E+00    0.000000E+00
9.580000E-02    8.164370E-03   -4.180816E-02   -1.181627E+01    0.000000E+00    0.000000E+00    0.000000E+00    2.875724E-02    5.552409E-03    2.766000E-03    0.000000E+00    0.000000E+00    0.000000E+00
9.680000E-02    8.385390E-03   -4.388869E-02   -1.182772E+01    0.000000E+00    0.000000E+00    0.000000E+00    2.918951E-02    5.619539E-03    2.784534E-03    0.000000E+00    0.000000E+00    0.000000E+00
9.780000E-02    8.548781E-03   -4.602821E-02   -1.183918E+01    0.000000E+00    0.000000E+00    0.000000E+00    2.959617E-02    5.626497E-03    2.788505E-03    0.000000E+00    0.000000E+00    0.000000E+00
9.880000E-02    8.533825E-03   -4.814400E-02   -1.185062E+01    0.000000E+00    0.000000E+00    0.000000E+00    2.995593E-02    5.553300E-03    2.760279E-03    0.000000E+00    0.000000E+00    0.000000E+00
9.980000E-02    8.526712E-03   -5.025928E-02   -1.186205E+01    0.000000E+00    0.000000E+00    0.000000E+00    3.031469E-02    5.467413E-03    2.733473E-03    0.000000E+00    0.000000E+00    0.000000E+00
1.008000E-01    8.561433E-03   -5.264261E-02   -1.187345E+01    0.000000E+00    0.000000E+00    0.000000E+00    3.074586E-02    5.374813E-03    2.768647E-03    0.000000E+00    0.000000E+00    0.000000E+00
1.018000E-01    8.594306E-03   -5.491606E-02   -1.188486E+01    0.000000E+00    0.000000E+00    0.000000E+00    3.114145E-02    5.316952E-03    2.775459E-03    0.000000E+00    0.000000E+00    0.000000E+00
1.028000E-01    8.602476E-03   -5.711347E-02   -1.189626E+01    0.000000E+00    0.000000E+00    0.000000E+00    3.152628E-02    5.252225E-03    2.783732E-03    0.000000E+00    0.000000E+00    0.000000E+00
1.038000E-01    8.586712E-03   -5.926082E-02   -1.190766E+01    0.000000E+00    0.000000E+00    0.000000E+00    3.189378E-02    5.176632E-03    2.792324E-03    0.000000E+00    0.000000E+00    0.000000E+00
1.048000E-01    8.524301E-03   -6.136619E-02   -1.191903E+01    0.000000E+00    0.000000E+00    0.000000E+00    3.224270E-02    5.082790E-03    2.802014E-03    0.000000E+00    0.000000E+00    0.000000E+00
1.058000E-01    8.367132E-03   -6.348782E-02   -1.193037E+01    0.000000E+00    0.000000E+00    0.000000E+00    3.258826E-02    4.942168E-03    2.828703E-03    0.000000E+00    0.000000E+00    0.000000E+00
1.068000E-01    8.142179E-03   -6.568021E-02   -1.194168E+01    0.000000E+00    0.000000E+00    0.000000E+00    3.294044E-02    4.773176E-03    2.865889E-03    0.000000E+00    0.000000E+00    0.000000E+00
1.078000E-01    8.032166E-03   -6.773747E-02   -1.195298E+01    0.000000E+00    0.000000E+00    0.000000E+00    3.322917E-02    4.678454E-03    2.858495E-03    0.000000E+00    0.000000E+00    0.000000E+00
1.088000E-01    7.747234E-03   -6.985634E-02   -1.196429E+01    0.000000E+00    0.000000E+00    0.000000E+00    3.350902E-02    4.548026E-03    2.875001E-03    0.000000E+00    0.000000E+00    0.000000E+00
1.098000E-01    7.588884E-03   -7.172062E-02   -1.197551E+01    0.000000E+00    0.000000E+00    0.000000E+00    3.376989E-02    4.420068E-03    2.894004E-03    0.000000E+00    0.000000E+00    0.000000E+00
1.108000E-01    7.417146E-03   -7.365948E-02   -1.198666E+01    0.000000E+00    0.000000E+00    0.000000E+00    3.401924E-02    4.293245E-03    2.911102E-03    0.000000E+00    0.000000E+00    0.000000E+00
1.118000E-01    7.267253E-03   -7.556191E-02   -1.199779E+01    0.000000E+00    0.000000E+00    0.000000E+00    3.425950E-02    4.165714E-03    2.928828E-03    0.000000E+00    0.000000E+00    0.000000E+00
1.128000E-01    7.096417E-03   -7.749136E-02   -1.200885E+01    0.000000E+00    0.000000E+00    0.000000E+00    3.449215E-02    4.038375E-03    2.946335E-03    0.000000E+00    0.000000E+00    0.000000E+00
1.138000E-01    6.778519E-03   -7.953107E-02   -1.201986E+01    0.000000E+00    0.000000E+00    0.000000E+00    3.474005E-02    3.888942E-03    2.964641E-03    0.000000E+00    0.000000E+00    0.000000E+00
1.148000E-01    6.620641E-03   -8.105065E-02   -1.203087E+01    0.000000E+00    0.000000E+00    0.000000E+00    3.494551E-02    3.824151E-03    2.941858E-03    0.000000E+00    0.000000E+00    0.000000E+00
1.158000E-01    6.648358E-03   -8.275449E-02   -1.204184E+01    0.000000E+00    0.000000E+00    0.000000E+00    3.514684E-02    3.762268E-03    2.936541E-03    0.000000E+00    0.000000E+00    0.000000E+00
1.168000E-01    6.428141E-03   -8.469131E-02   -1.205272E+01    0.000000E+00    0.000000E+00    0.000000E+00    3.536036E-02    3.645093E-03    2.949167E-03    0.000000E+00    0.000000E+00    0.000000E+00
1.178000E-01    6.324885E-03   -8.643222E-02   -1.206353E+01    0.000000E+00    0.000000E+00    0.000000E+00    3.556454E-02    3.529360E-03    2.959711E-03    0.000000E+00    0.000000E+00    0.000000E+00
1.188000E-01    6.312018E-03   -8.807081E-02   -1.207429E+01    0.000000E+00    0.000000E+00    0.000000E+00    3.576123E-02    3.418459E-03    2.987726E-03    0.000000E+00    0.000000E+00    0.000000E+00
1.198000E-01    5.994046E-03   -8.962070E-02   -1.208502E+01    0.000000E+00    0.000000E+00    0.000000E+00    3.594732E-02    3.311250E-03    3.009530E-03    0.000000E+00    0.000000E+00    0.000000E+00
1.208000E-01    5.655306E-03   -9.153414E-02   -1.209574E+01    0.000000E+00    0.000000E+00    0.000000E+00    3.612505E-02    3.209578E-03    3.018771E-03    0.000000E+00    0.000000E+00    0.000000E+00
1.218000E-01    5.326788E-03   -9.277361E-02   -1.210631E+01    0.000000E+00    0.000000E+00    0.000000E+00    3.625369E-02    3.106694E-03    3.015309E-03    0.000000E+00    0.000000E+00    0.000000E+00
1.228000E-01    5.212328E-03   -9.399659E-02   -1.211678E+01    0.000000E+00    0.000000E+00    0.000000E+00    3.630832E-02    2.998425E-03    2.994558E-03    0.000000E+00    0.000000E+00    0.000000E+00
1.238000E-01    5.137473E-03   -9.517875E-02   -1.212718E+01    0.000000E+00    0.000000E+00    0.000000E+00    3.643485E-02    2.921786E-03    3.014692E-03    0.000000E+00    0.000000E+00    0.000000E+00
1.248000E-01    5.216911E-03   -9.609931E-02   -1.213756E+01    0.000000E+00    0.000000E+00    0.000000E+00    3.647321E-02    2.837905E-03    3.004610E-03    0.000000E+00    0.000000E+00    0.000000E+00
1.258000E-01    5.171080E-03   -9.719505E-02   -1.214783E+01    0.000000E+00    0.000000E+00    0.000000E+00    3.657852E-02    2.781101E-03    3.026290E-03    0.000000E+00    0.000000E+00    0.000000E+00
1.268000E-01    5.219244E-03   -9.833083E-02   -1.215804E+01    0.000000E+00    0.000000E+00    0.000000E+00    3.672523E-02    2.761654E-03    3.075669E-03    0.000000E+00    0.000000E+00    0.000000E+00
1.278000E-01    5.242119E-03   -9.940215E-02   -1.216820E+01    0.000000E+00    0.000000E+00    0.000000E+00    3.686063E-02    2.744720E-03    3.124147E-03    0.000000E+00    0.000000E+00    0.000000E+00
1.288000E-01    5.127461E-03   -1.002213E-01   -1.217826E+01    0.000000E+00    0.000000E+00    0.000000E+00    3.692877E-02    2.695857E-03    3.141157E-03    0.000000E+00    0.000000E+00    0.000000E+00
1.298000E-01    5.192399E-03   -1.010848E-01   -1.218823E+01    0.000000E+00    0.000000E+00    0.000000E+00    3.705422E-02    2.696473E-03    3.194833E-03    0.000000E+00    0.000000E+00    0.000000E+00
1.308000E-01    5.095072E-03   -1.016635E-01   -1.219809E+01    0.000000E+00    0.000000E+00    0.000000E+00    3.709072E-02    2.658416E-03    3.208813E-03    0.000000E+00    0.000000E+00    0.000000E+00
1.318000E-01    5.010909E-03   -1.020605E-01   -1.220785E+01    0.000000E+00    0.000000E+00    0.000000E+00    3.711242E-02    2.624854E-03    3.215213E-03    0.000000E+00    0.000000E+00    0.000000E+00
1.328000E-01    4.834197E-03   -1.023709E-01   -1.221754E+01    0.000000E+00    0.000000E+00    0.000000E+00    3.711640E-02    2.592850E-03    3.228236E-03    0.000000E+00    0.000000E+00    0.000000E+00
1.338000E-01    4.711856E-03   -1.026083E-01   -1.222714E+01    0.000000E+00    0.000000E+00    0.000000E+00    3.709728E-02    2.562157E-03    3.243863E-03    0.000000E+00    0.000000E+00    0.000000E+00
1.348000E-01    4.492840E-03   -1.027187E-01   -1.223660E+01    0.000000E+00    0.000000E+00    0.000000E+00    3.705788E-02    2.535988E-03    3.263642E-03    0.000000E+00    0.000000E+00    0.000000E+00
1.358000E-01    4.312939E-03   -1.025884E-01   -1.224594E+01    0.000000E+00    0.000000E+00    0.000000E+00    3.699502E-02    2.515914E-03    3.275768E-03    0.000000E+00    0.000000E+00    0.000000E+00
1.368000E-01    3.819789E-03   -1.024467E-01   -1.225511E+01    0.000000E+00    0.000000E+00    0.000000E+00    3.687176E-02    2.477582E-03    3.307170E-03    0.000000E+00    0.000000E+00    0.000000E+00
1.378000E-01    3.921274E-03   -1.019583E-01   -1.226416E+01    0.000000E+00    0.000000E+00    0.000000E+00    3.667219E-02    2.494235E-03    3.365567E-03    0.000000E+00    0.000000E+00    0.000000E+00
1.388000E-01    3.936282E-03   -1.010469E-01   -1.227298E+01    0.000000E+00    0.000000E+00    0.000000E+00    3.653892E-02    2.494113E-03    3.371097E-03    0.000000E+00    0.000000E+00    0.000000E+00
1.398000E-01    4.380429E-03   -1.002247E-01   -1.228160E+01    0.000000E+00    0.000000E+00    0.000000E+00    3.644046E-02    2.460487E-03    3.353454E-03    0.000000E+00    0.000000E+00    0.000000E+00
1.408000E-01    4.270693E-03   -9.989871E-02   -1.229009E+01    0.000000E+00    0.000000E+00    0.000000E+00    3.627901E-02    2.457420E-03    3.355370E-03    0.000000E+00    0.000000E+00    0.000000E+00
1.418000E-01    4.643357E-03   -9.932172E-02   -1.229842E+01    0.000000E+00    0.000000E+00    0.000000E+00    3.606414E-02    2.477820E-03    3.375157E-03    0.000000E+00    0.000000E+00    0.000000E+00
1.428000E-01    4.828269E-03   -9.798711E-02   -1.230655E+01    0.000000E+00    0.000000E+00    0.000000E+00    3.582179E-02    2.503571E-03    3.411664E-03    0.000000E+00    0.000000E+00    0.000000E+00
1.438000E-01    4.708030E-03   -9.670187E-02   -1.231456E+01    0.000000E+00    0.000000E+00    0.000000E+00    3.545992E-02    2.472613E-03    3.480848E-03    0.000000E+00    0.000000E+00    0.000000E+00
1.448000E-01    4.978682E-03   -9.545326E-02   -1.232247E+01    0.000000E+00    0.000000E+00    0.000000E+00    3.513656E-02    2.481788E-03    3.510197E-03    0.000000E+00    0.000000E+00    0.000000E+00
1.458000E-01    4.981184E-03   -9.399411E-02   -1.233022E+01    0.000000E+00    0.000000E+00    0.000000E+00    3.481959E-02    2.512212E-03    3.516324E-03    0.000000E+00    0.000000E+00    0.000000E+00
1.468000E-01    5.347460E-03   -9.229107E-02   -1.233775E+01    0.000000E+00    0.000000E+00    0.000000E+00    3.448323E-02    2.552308E-03    3.529198E-03    0.000000E+00    0.000000E+00    0.000000E+00
1.478000E-01    5.708464E-03   -9.069031E-02   -1.234508E+01    0.000000E+00    0.000000E+00    0.000000E+00    3.412987E-02    2.596311E-03    3.539346E-03    0.000000E+00    0.000000E+00    0.000000E+00
1.488000E-01    5.925098E-03   -8.896742E-02   -1.235229E+01    0.000000E+00    0.000000E+00    0.000000E+00    3.376016E-02    2.643281E-03    3.561073E-03    0.000000E+00    0.000000E+00    0.000000E+00
1.498000E-01    6.108176E-03   -8.724578E-02   -1.235929E+01    0.000000E+00    0.000000E+00    0.000000E+00    3.337364E-02    2.693839E-03    3.585595E-03    0.000000E+00    0.000000E+00    0.000000E+00
1.508000E-01    6.341531E-03   -8.543418E-02   -1.236617E+01    0.000000E+00    0.000000E+00    0.000000E+00    3.297704E-02    2.748195E-03    3.604472E-03    0.000000E+00    0.000000E+00    0.000000E+00
1.518000E-01    6.589291E-03   -8.359786E-02   -1.237287E+01    0.000000E+00    0.000000E+00    0.000000E+00    3.256980E-02    2.806315E-03    3.622826E-03    0.000000E+00    0.000000E+00    0.000000E+00
1.528000E-01    7.158135E-03   -8.184596E-02   -1.237938E+01    0.000000E+00    0.000000E+00    0.000000E+00    3.217879E-02    2.976301E-03    3.688782E-03    0.000000E+00    0.000000E+00    0.000000E+00
1.538000E-01    7.544985E-03   -8.013002E-02   -1.238569E+01    0.000000E+00    0.000000E+00    0.000000E+00    3.181139E-02    3.057630E-03    3.581168E-03    0.000000E+00    0.000000E+00    0.000000E+00
1.548000E-01    7.871234E-03   -7.817652E-02   -1.239188E+01    0.000000E+00    0.000000E+00    0.000000E+00    3.133617E-02    3.136209E-03    3.622351E-03    0.000000E+00    0.000000E+00    0.000000E+00
1.558000E-01    8.196469E-03   -7.621774E-02   -1.239793E+01    0.000000E+00    0.000000E+00    0.000000E+00    3.086058E-02    3.219853E-03    3.665156E-03    0.000000E+00    0.000000E+00    0.000000E+00
1.568000E-01    8.520423E-03   -7.436556E-02   -1.240386E+01    0.000000E+00    0.000000E+00    0.000000E+00    3.042730E-02    3.299151E-03    3.685984E-03    0.000000E+00    0.000000E+00    0.000000E+00
1.578000E-01    8.627893E-03   -7.249299E-02   -1.240964E+01    0.000000E+00    0.000000E+00    0.000000E+00    2.994818E-02    3.239020E-03    3.769277E-03    0.000000E+00    0.000000E+00    0.000000E+00
1.588000E-01    8.954267E-03   -7.075150E-02   -1.241532E+01    0.000000E+00    0.000000E+00    0.000000E+00    2.952750E-02    3.310871E-03    3.770900E-03    0.000000E+00    0.000000E+00    0.000000E+00
1.598000E-01    9.301342E-03   -6.903085E-02   -1.242089E+01    0.000000E+00    0.000000E+00    0.000000E+00    2.910057E-02    3.388188E-03    3.771798E-03    0.000000E+00    0.000000E+00    0.000000E+00
1.608000E-01    9.705527E-03   -6.729249E-02   -1.242637E+01    0.000000E+00    0.000000E+00    0.000000E+00    2.864182E-02    3.491239E-03    3.791295E-03    0.000000E+00    0.000000E+00    0.000000E+00
1.618000E-01    1.017658E-02   -6.562665E-02   -1.243173E+01    0.000000E+00    0.000000E+00    0.000000E+00    2.818945E-02    3.601627E-03    3.810676E-03    0.000000E+00    0.000000E+00    0.000000E+00
1.628000E-01    1.061707E-02   -6.404711E-02   -1.243701E+01    0.000000E+00    0.000000E+00    0.000000E+00    2.774246E-02    3.714974E-03    3.830629E-03    0.000000E+00    0.000000E+00    0.000000E+00
1.638000E-01    1.107457E-02   -6.253189E-02   -1.244220E+01    0.000000E+00    0.000000E+00    0.000000E+00    2.730120E-02    3.832150E-03    3.850282E-03    0.000000E+00    0.000000E+00    0.000000E+00
1.648000E-01    1.155387E-02   -6.103038E-02   -1.244731E+01    0.000000E+00    0.000000E+00    0.000000E+00    2.686621E-02    3.955441E-03    3.868284E-03    0.000000E+00    0.000000E+00    0.000000E+00
1.658000E-01    1.205549E-02   -5.968829E-02   -1.245234E+01    0.000000E+00    0.000000E+00    0.000000E+00    2.647862E-02    4.096272E-03    3.866908E-03    0.000000E+00    0.000000E+00    0.000000E+00
1.668000E-01    1.259173E-02   -5.856018E-02   -1.245729E+01    0.000000E+00    0.000000E+00    0.000000E+00    2.617714E-02    4.262325E-03    3.826933E-03    0.000000E+00    0.000000E+00    0.000000E+00
1.678000E-01    1.308554E-02   -5.726302E-02   -1.246217E+01    0.000000E+00    0.000000E+00    0.000000E+00    2.576303E-02    4.400675E-03    3.844365E-03    0.000000E+00    0.000000E+00    0.000000E+00
1.688000E-01    1.356311E-02   -5.584092E-02   -1.246698E+01    0.000000E+00    0.000000E+00    0.000000E+00    2.527433E-02    4.517790E-03    3.823929E-03    0.000000E+00    0.000000E+00    0.000000E+00
1.698000E-01    1.405344E-02   -5.466112E-02   -1.247172E+01    0.000000E+00    0.000000E+00    0.000000E+00    2.487751E-02    4.654928E-03    3.840965E-03    0.000000E+00    0.000000E+00    0.000000E+00
1.708000E-01    1.453682E-02   -5.353041E-02   -1.247641E+01    0.000000E+00    0.000000E+00    0.000000E+00    2.448877E-02    4.790195E-03    3.857567E-03    0.000000E+00    0.000000E+00    0.000000E+00
1.718000E-01    1.501718E-02   -5.245135E-02   -1.248103E+01    0.000000E+00    0.000000E+00    0.000000E+00    2.411024E-02    4.924630E-03    3.873957E-03    0.000000E+00    0.000000E+00    0.000000E+00
1.728000E-01    1.549933E-02   -5.143012E-02   -1.248560E+01    0.000000E+00    0.000000E+00    0.000000E+00    2.374292E-02    5.060421E-03    3.890533E-03    0.000000E+00    0.000000E+00    0.000000E+00
1.738000E-01    1.597240E-02   -5.047250E-02   -1.249010E+01    0.000000E+00    0.000000E+00    0.000000E+00    2.338731E-02    5.196400E-03    3.907844E-03    0.000000E+00    0.000000E+00    0.000000E+00
1.748000E-01    1.644623E-02   -4.955884E-02   -1.249455E+01    0.000000E+00    0.000000E+00    0.000000E+00    2.304263E-02    5.333448E-03    3.925497E-03    0.000000E+00    0.000000E+00    0.000000E+00
1.758000E-01    1.691583E-02   -4.869209E-02   -1.249893E+01    0.000000E+00    0.000000E+00    0.000000E+00    2.270823E-02    5.469823E-03    3.943152E-03    0.000000E+00    0.000000E+00    0.000000E+00
1.768000E-01    1.737610E-02   -4.787074E-02   -1.250327E+01    0.000000E+00    0.000000E+00    0.000000E+00    2.238341E-02    5.603644E-03    3.959863E-03    0.000000E+00    0.000000E+00    0.000000E+00
1.778000E-01    1.780194E-02   -4.711549E-02   -1.250754E+01    0.000000E+00    0.000000E+00    0.000000E+00    2.208041E-02    5.716418E-03    3.986793E-03    0.000000E+00    0.000000E+00    0.000000E+00
1.788000E-01    1.814230E-02   -4.643582E-02   -1.251174E+01    0.000000E+00    0.000000E+00    0.000000E+00    2.180648E-02    5.788299E-03    4.033181E-03    0.000000E+00    0.000000E+00    0.000000E+00
1.798000E-01    1.851937E-02   -4.600830E-02   -1.251587E+01    0.000000E+00    0.000000E+00    0.000000E+00    2.164848E-02    5.878102E-03    4.120303E-03    0.000000E+00    0.000000E+00    0.000000E+00
1.808000E-01    1.894808E-02   -4.540271E-02   -1.251994E+01    0.000000E+00    0.000000E+00    0.000000E+00    2.139529E-02    5.994709E-03    4.160187E-03    0.000000E+00    0.000000E+00    0.000000E+00
1.818000E-01    1.938405E-02   -4.471109E-02   -1.252394E+01    0.000000E+00    0.000000E+00    0.000000E+00    2.110347E-02    6.111198E-03    4.175993E-03    0.000000E+00    0.000000E+00    0.000000E+00
1.828000E-01    1.982213E-02   -4.403936E-02   -1.252792E+01    0.000000E+00    0.000000E+00    0.000000E+00    2.081917E-02    6.223405E-03    4.190342E-03    0.000000E+00    0.000000E+00    0.000000E+00
1.838000E-01    2.014533E-02   -4.340676E-02   -1.253184E+01    0.000000E+00    0.000000E+00    0.000000E+00    2.054092E-02    6.332972E-03    4.208173E-03    0.000000E+00    0.000000E+00    0.000000E+00
1.848000E-01    2.072484E-02   -4.243698E-02   -1.253569E+01    0.000000E+00    0.000000E+00    0.000000E+00    2.009891E-02    6.545107E-03    4.131750E-03    0.000000E+00    0.000000E+00    0.000000E+00
1.858000E-01    2.108632E-02   -4.189530E-02   -1.253949E+01    0.000000E+00    0.000000E+00    0.000000E+00    1.984523E-02    6.645849E-03    4.151090E-03    0.000000E+00    0.000000E+00    0.000000E+00
1.868000E-01    2.146031E-02   -4.138951E-02   -1.254324E+01    0.000000E+00    0.000000E+00    0.000000E+00    1.960361E-02    6.741068E-03    4.170289E-03    0.000000E+00    0.000000E+00    0.000000E+00
1.878000E-01    2.183212E-02   -4.088817E-02   -1.254694E+01    0.000000E+00    0.000000E+00    0.000000E+00    1.937018E-02    6.835273E-03    4.188550E-03    0.000000E+00    0.000000E+00    0.000000E+00
1.888000E-01    2.220485E-02   -4.041412E-02   -1.255058E+01    0.000000E+00    0.000000E+00    0.000000E+00    1.914280E-02    6.931220E-03    4.208109E-03    0.000000E+00    0.000000E+00    0.000000E+00
1.898000E-01    2.257726E-02   -3.994914E-02   -1.255415E+01    0.000000E+00    0.000000E+00    0.000000E+00    1.892025E-02    7.026902E-03    4.226422E-03    0.000000E+00    0.000000E+00    0.000000E+00
1.908000E-01    2.296138E-02   -3.952057E-02   -1.255767E+01    0.000000E+00    0.000000E+00    0.000000E+00    1.870246E-02    7.122540E-03    4.244627E-03    0.000000E+00    0.000000E+00    0.000000E+00
1.918000E-01    2.334833E-02   -3.907669E-02   -1.256112E+01    0.000000E+00    0.000000E+00    0.000000E+00    1.848840E-02    7.216605E-03    4.262733E-03    0.000000E+00    0.000000E+00    0.000000E+00
1.928000E-01    2.372062E-02   -3.864317E-02   -1.256453E+01    0.000000E+00    0.000000E+00    0.000000E+00    1.827821E-02    7.309109E-03    4.280636E-03    0.000000E+00    0.000000E+00    0.000000E+00
1.938000E-01    2.409013E-02   -3.821300E-02   -1.256787E+01    0.000000E+00    0.000000E+00    0.000000E+00    1.807425E-02    7.402493E-03    4.298864E-03    0.000000E+00    0.000000E+00    0.000000E+00
1.948000E-01    2.443653E-02   -3.793912E-02   -1.257116E+01    0.000000E+00    0.000000E+00    0.000000E+00    1.795670E-02    7.474285E-03    4.355524E-03    0.000000E+00    0.000000E+00    0.000000E+00
1.958000E-01    2.477500E-02   -3.765924E-02   -1.257440E+01    0.000000E+00    0.000000E+00    0.000000E+00    1.784163E-02    7.546133E-03    4.413227E-03    0.000000E+00    0.000000E+00    0.000000E+00
1.968000E-01    2.516487E-02   -3.723318E-02   -1.257759E+01    0.000000E+00    0.000000E+00    0.000000E+00    1.764529E-02    7.640538E-03    4.431169E-03    0.000000E+00    0.000000E+00    0.000000E+00
1.978000E-01    2.554294E-02   -3.680455E-02   -1.258071E+01    0.000000E+00    0.000000E+00    0.000000E+00    1.744987E-02    7.736427E-03    4.449664E-03    0.000000E+00    0.000000E+00    0.000000E+00
1.988000E-01    2.592441E-02   -3.637610E-02   -1.258378E+01    0.000000E+00    0.000000E+00    0.000000E+00    1.725640E-02    7.835214E-03    4.468173E-03    0.000000E+00    0.000000E+00    0.000000E+00
1.998000E-01    2.632385E-02   -3.592691E-02   -1.258680E+01    0.000000E+00    0.000000E+00    0.000000E+00    1.706466E-02    7.936618E-03    4.487903E-03    0.000000E+00    0.000000E+00    0.000000E+00
2.008000E-01    2.673238E-02   -3.547861E-02   -1.258978E+01    0.000000E+00    0.000000E+00    0.000000E+00    1.687501E-02    8.039917E-03    4.505987E-03    0.000000E+00    0.000000E+00    0.000000E+00
2.018000E-01    2.716658E-02   -3.498071E-02   -1.259269E+01    0.000000E+00    0.000000E+00    0.000000E+00    1.665533E-02    8.167900E-03    4.504014E-03    0.000000E+00    0.000000E+00    0.000000E+00
2.028000E-01    2.768601E-02   -3.433371E-02   -1.259556E+01    0.000000E+00    0.000000E+00    0.000000E+00    1.636488E-02    8.340301E-03    4.460744E-03    0.000000E+00    0.000000E+00    0.000000E+00
2.038000E-01    2.807301E-02   -3.389896E-02   -1.259840E+01    0.000000E+00    0.000000E+00    0.000000E+00    1.619146E-02    8.444209E-03    4.478043E-03    0.000000E+00    0.000000E+00    0.000000E+00
2.048000E-01    2.846098E-02   -3.347448E-02   -1.260118E+01    0.000000E+00    0.000000E+00    0.000000E+00    1.602078E-02    8.550308E-03    4.495928E-03    0.000000E+00    0.000000E+00    0.000000E+00
2.058000E-01    2.886296E-02   -3.302392E-02   -1.260392E+01    0.000000E+00    0.000000E+00    0.000000E+00    1.585083E-02    8.656727E-03    4.515611E-03    0.000000E+00    0.000000E+00    0.000000E+00
2.068000E-01    2.924528E-02   -3.259635E-02   -1.260661E+01    0.000000E+00    0.000000E+00    0.000000E+00    1.568341E-02    8.763099E-03    4.534155E-03    0.000000E+00    0.000000E+00    0.000000E+00
2.078000E-01    2.967409E-02   -3.224848E-02   -1.260925E+01    0.000000E+00    0.000000E+00    0.000000E+00    1.556722E-02    8.896587E-03    4.579548E-03    0.000000E+00    0.000000E+00    0.000000E+00
2.088000E-01    3.005094E-02   -3.184340E-02   -1.261185E+01    0.000000E+00    0.000000E+00    0.000000E+00    1.541945E-02    9.005019E-03    4.607163E-03    0.000000E+00    0.000000E+00    0.000000E+00
2.098000E-01    3.039813E-02   -3.140927E-02   -1.261440E+01    0.000000E+00    0.000000E+00    0.000000E+00    1.525623E-02    9.098242E-03    4.625890E-03    0.000000E+00    0.000000E+00    0.000000E+00
2.108000E-01    3.073593E-02   -3.097104E-02   -1.261691E+01    0.000000E+00    0.000000E+00    0.000000E+00    1.509022E-02    9.186540E-03    4.644503E-03    0.000000E+00    0.000000E+00    0.000000E+00
2.118000E-01    3.108026E-02   -3.052506E-02   -1.261938E+01    0.000000E+00    0.000000E+00    0.000000E+00    1.492231E-02    9.272860E-03    4.663140E-03    0.000000E+00    0.000000E+00    0.000000E+00
2.128000E-01    3.143338E-02   -3.007558E-02   -1.262180E+01    0.000000E+00    0.000000E+00    0.000000E+00    1.475546E-02    9.359610E-03    4.681807E-03    0.000000E+00    0.000000E+00    0.000000E+00
2.138000E-01    3.181596E-02   -2.963803E-02   -1.262417E+01    0.000000E+00    0.000000E+00    0.000000E+00    1.458768E-02    9.444715E-03    4.702281E-03    0.000000E+00    0.000000E+00    0.000000E+00
2.148000E-01    3.221813E-02   -2.920738E-02   -1.262649E+01    0.000000E+00    0.000000E+00    0.000000E+00    1.441961E-02    9.534896E-03    4.719814E-03    0.000000E+00    0.000000E+00    0.000000E+00
2.158000E-01    3.262681E-02   -2.877427E-02   -1.262877E+01    0.000000E+00    0.000000E+00    0.000000E+00    1.425132E-02    9.630584E-03    4.737046E-03    0.000000E+00    0.000000E+00    0.000000E+00
2.168000E-01    3.298737E-02   -2.830969E-02   -1.263103E+01    0.000000E+00    0.000000E+00    0.000000E+00    1.408442E-02    9.725989E-03    4.754598E-03    0.000000E+00    0.000000E+00    0.000000E+00
2.178000E-01    3.335596E-02   -2.786421E-02   -1.263324E+01    0.000000E+00    0.000000E+00    0.000000E+00    1.392514E-02    9.819280E-03    4.770884E-03    0.000000E+00    0.000000E+00    0.000000E+00
2.188000E-01    3.374538E-02   -2.743806E-02   -1.263541E+01    0.000000E+00    0.000000E+00    0.000000E+00    1.376925E-02    9.910113E-03    4.785990E-03    0.000000E+00    0.000000E+00    0.000000E+00
2.198000E-01    3.409090E-02   -2.699064E-02   -1.263755E+01    0.000000E+00    0.000000E+00    0.000000E+00    1.361355E-02    1.000151E-02    4.801897E-03    0.000000E+00    0.000000E+00    0.000000E+00
2.208000E-01    3.440422E-02   -2.652039E-02   -1.263965E+01    0.000000E+00    0.000000E+00    0.000000E+00    1.345680E-02    1.009384E-02    4.815932E-03    0.000000E+00    0.000000E+00    0.000000E+00
2.218000E-01    3.473061E-02   -2.606420E-02   -1.264172E+01    0.000000E+00    0.000000E+00    0.000000E+00    1.329821E-02    1.018120E-02    4.831300E-03    0.000000E+00    0.000000E+00    0.000000E+00
2.228000E-01    3.505463E-02   -2.561271E-02   -1.264375E+01    0.000000E+00    0.000000E+00    0.000000E+00    1.314309E-02    1.026547E-02    4.846242E-03    0.000000E+00    0.000000E+00    0.000000E+00
2.238000E-01    3.536864E-02   -2.516409E-02   -1.264574E+01    0.000000E+00    0.000000E+00    0.000000E+00    1.299152E-02    1.034678E-02    4.861096E-03    0.000000E+00    0.000000E+00    0.000000E+00
2.248000E-01    3.566120E-02   -2.476757E-02   -1.264770E+01    0.000000E+00    0.000000E+00    0.000000E+00    1.284235E-02    1.042496E-02    4.875371E-03    0.000000E+00    0.000000E+00    0.000000E+00
2.258000E-01    3.595123E-02   -2.432197E-02   -1.264963E+01    0.000000E+00    0.000000E+00    0.000000E+00    1.269638E-02    1.050268E-02    4.890529E-03    0.000000E+00    0.000000E+00    0.000000E+00
2.268000E-01    3.622806E-02   -2.387697E-02   -1.265153E+01    0.000000E+00    0.000000E+00    0.000000E+00    1.255105E-02    1.057654E-02    4.905660E-03    0.000000E+00    0.000000E+00    0.000000E+00
2.278000E-01    3.649279E-02   -2.343651E-02   -1.265339E+01    0.000000E+00    0.000000E+00    0.000000E+00    1.240787E-02    1.064660E-02    4.920840E-03    0.000000E+00    0.000000E+00    0.000000E+00
2.288000E-01    3.672689E-02   -2.303140E-02   -1.265522E+01    0.000000E+00    0.000000E+00    0.000000E+00    1.226856E-02    1.071306E-02    4.934493E-03    0.000000E+00    0.000000E+00    0.000000E+00
2.298000E-01    3.695449E-02   -2.259644E-02   -1.265702E+01    0.000000E+00    0.000000E+00    0.000000E+00    1.212722E-02    1.077705E-02    4.949343E-03    0.000000E+00    0.000000E+00    0.000000E+00
2.308000E-01    3.719571E-02   -2.215252E-02   -1.265880E+01    0.000000E+00    0.000000E+00    0.000000E+00    1.198499E-02    1.084174E-02    4.964660E-03    0.000000E+00    0.000000E+00    0.000000E+00
2.318000E-01    3.742913E-02   -2.170323E-02   -1.266056E+01    0.000000E+00    0.000000E+00    0.000000E+00    1.184157E-02    1.090444E-02    4.980018E-03    0.000000E+00    0.000000E+00    0.000000E+00
2.328000E-01    3.765634E-02   -2.125173E-02   -1.266229E+01    0.000000E+00    0.000000E+00    0.000000E+00    1.169678E-02    1.096412E-02    4.995127E-03    0.000000E+00    0.000000E+00    0.000000E+00
2.338000E-01    3.787396E-02   -2.080172E-02   -1.266399E+01    0.000000E+00    0.000000E+00    0.000000E+00    1.155457E-02    1.102354E-02    5.010346E-03    0.000000E+00    0.000000E+00    0.000000E+00
2.348000E-01    3.808160E-02   -2.035289E-02   -1.266566E+01    0.000000E+00    0.000000E+00    0.000000E+00    1.141317E-02    1.108076E-02    5.025162E-03    0.000000E+00    0.000000E+00    0.000000E+00
2.358000E-01    3.826457E-02   -1.993237E-02   -1.266730E+01    0.000000E+00    0.000000E+00    0.000000E+00    1.127493E-02    1.113612E-02    5.038199E-03    0.000000E+00    0.000000E+00    0.000000E+00
2.368000E-01    3.845253E-02   -1.950408E-02   -1.266893E+01    0.000000E+00    0.000000E+00    0.000000E+00    1.114080E-02    1.119145E-02    5.051977E-03    0.000000E+00    0.000000E+00    0.000000E+00
2.378000E-01    3.863269E-02   -1.909167E-02   -1.267052E+01    0.000000E+00    0.000000E+00    0.000000E+00    1.100576E-02    1.124566E-02    5.067142E-03    0.000000E+00    0.000000E+00    0.000000E+00
2.388000E-01    3.881773E-02   -1.864466E-02   -1.267210E+01    0.000000E+00    0.000000E+00    0.000000E+00    1.087040E-02    1.130014E-02    5.081208E-03    0.000000E+00    0.000000E+00    0.000000E+00
2.398000E-01    3.899611E-02   -1.819338E-02   -1.267366E+01    0.000000E+00    0.000000E+00    0.000000E+00    1.073402E-02    1.135287E-02    5.095309E-03    0.000000E+00    0.000000E+00    0.000000E+00
2.408000E-01    3.914090E-02   -1.775380E-02   -1.267519E+01    0.000000E+00    0.000000E+00    0.000000E+00    1.059652E-02    1.140242E-02    5.110549E-03    0.000000E+00    0.000000E+00    0.000000E+00
2.418000E-01    3.930380E-02   -1.729796E-02   -1.267670E+01    0.000000E+00    0.000000E+00    0.000000E+00    1.045981E-02    1.145092E-02    5.124405E-03    0.000000E+00    0.000000E+00    0.000000E+00
2.428000E-01    3.945514E-02   -1.682377E-02   -1.267819E+01    0.000000E+00    0.000000E+00    0.000000E+00    1.032110E-02    1.149640E-02    5.138254E-03    0.000000E+00    0.000000E+00    0.000000E+00
2.438000E-01    3.959914E-02   -1.634653E-02   -1.267967E+01    0.000000E+00    0.000000E+00    0.000000E+00    1.018225E-02    1.153947E-02    5.152053E-03    0.000000E+00    0.000000E+00    0.000000E+00
2.448000E-01    3.974153E-02   -1.588143E-02   -1.268113E+01    0.000000E+00    0.000000E+00    0.000000E+00    1.004525E-02    1.158118E-02    5.165733E-03    0.000000E+00    0.000000E+00    0.000000E+00
2.458000E-01    3.987392E-02   -1.540839E-02   -1.268257E+01    0.000000E+00    0.000000E+00    0.000000E+00    9.906937E-03    1.161929E-02    5.179361E-03    0.000000E+00    0.000000E+00    0.000000E+00
2.468000E-01    4.000353E-02   -1.493470E-02   -1.268399E+01    0.000000E+00    0.000000E+00    0.000000E+00    9.769503E-03    1.165659E-02    5.193087E-03    0.000000E+00    0.000000E+00    0.000000E+00
2.478000E-01    4.013134E-02   -1.445783E-02   -1.268539E+01    0.000000E+00    0.000000E+00    0.000000E+00    9.631625E-03    1.169278E-02    5.206824E-03    0.000000E+00    0.000000E+00    0.000000E+00
2.488000E-01    4.025602E-02   -1.397622E-02   -1.268678E+01    0.000000E+00    0.000000E+00    0.000000E+00    9.492579E-03    1.172737E-02    5.220501E-03    0.000000E+00    0.000000E+00    0.000000E+00
2.498000E-01    4.034690E-02   -1.352069E-02   -1.268815E+01    0.000000E+00    0.000000E+00    0.000000E+00    9.356000E-03    1.176226E-02    5.236539E-03    0.000000E+00    0.000000E+00    0.000000E+00
2.508000E-01    4.044007E-02   -1.304368E-02   -1.268950E+01    0.000000E+00    0.000000E+00    0.000000E+00    9.217622E-03    1.179548E-02    5.252375E-03    0.000000E+00    0.000000E+00    0.000000E+00
2.518000E-01    4.055719E-02   -1.255315E-02   -1.269085E+01    0.000000E+00    0.000000E+00    0.000000E+00    9.078159E-03    1.182819E-02    5.266172E-03    0.000000E+00    0.000000E+00    0.000000E+00
2.528000E-01    4.067276E-02   -1.206063E-02   -1.269219E+01    0.000000E+00    0.000000E+00    0.000000E+00    8.938972E-03    1.186081E-02    5.280144E-03    0.000000E+00    0.000000E+00    0.000000E+00
2.538000E-01    4.079755E-02   -1.157128E-02   -1.269351E+01    0.000000E+00    0.000000E+00    0.000000E+00    8.797698E-03    1.189041E-02    5.293321E-03    0.000000E+00    0.000000E+00    0.000000E+00
2.548000E-01    4.089926E-02   -1.107574E-02   -1.269483E+01    0.000000E+00    0.000000E+00    0.000000E+00    8.657613E-03    1.191898E-02    5.307134E-03    0.000000E+00    0.000000E+00    0.000000E+00
2.558000E-01    4.101443E-02   -1.058432E-02   -1.269612E+01    0.000000E+00    0.000000E+00    0.000000E+00    8.518325E-03    1.194630E-02    5.321475E-03    0.000000E+00    0.000000E+00    0.000000E+00
2.568000E-01    4.110506E-02   -1.006846E-02   -1.269740E+01    0.000000E+00    0.000000E+00    0.000000E+00    8.379608E-03    1.197229E-02    5.338927E-03    0.000000E+00    0.000000E+00    0.000000E+00
2.578000E-01    4.120469E-02   -9.589692E-03   -1.269867E+01    0.000000E+00    0.000000E+00    0.000000E+00    8.245836E-03    1.199944E-02    5.352350E-03    0.000000E+00    0.000000E+00    0.000000E+00
2.588000E-01    4.129601E-02   -9.114786E-03   -1.269993E+01    0.000000E+00    0.000000E+00    0.000000E+00    8.113584E-03    1.202421E-02    5.365647E-03    0.000000E+00    0.000000E+00    0.000000E+00
2.598000E-01    4.138008E-02   -8.645383E-03   -1.270118E+01    0.000000E+00    0.000000E+00    0.000000E+00    7.983940E-03    1.204658E-02    5.378857E-03    0.000000E+00    0.000000E+00    0.000000E+00
2.608000E-01    4.145856E-02   -8.183275E-03   -1.270243E+01    0.000000E+00    0.000000E+00    0.000000E+00    7.857810E-03    1.206741E-02    5.392106E-03    0.000000E+00    0.000000E+00    0.000000E+00
2.618000E-01    4.152928E-02   -7.723417E-03   -1.270366E+01    0.000000E+00    0.000000E+00    0.000000E+00    7.732923E-03    1.208587E-02    5.405322E-03    0.000000E+00    0.000000E+00    0.000000E+00
2.628000E-01    4.159874E-02   -7.273852E-03   -1.270488E+01    0.000000E+00    0.000000E+00    0.000000E+00    7.612637E-03    1.210484E-02    5.418750E-03    0.000000E+00    0.000000E+00    0.000000E+00
2.638000E-01    4.166195E-02   -6.833970E-03   -1.270610E+01    0.000000E+00    0.000000E+00    0.000000E+00    7.495635E-03    1.212229E-02    5.432275E-03    0.000000E+00    0.000000E+00    0.000000E+00
2.648000E-01    4.171486E-02   -6.405169E-03   -1.270731E+01    0.000000E+00    0.000000E+00    0.000000E+00    7.381517E-03    1.213650E-02    5.445669E-03    0.000000E+00    0.000000E+00    0.000000E+00
2.658000E-01    4.177766E-02   -5.981167E-03   -1.270851E+01    0.000000E+00    0.000000E+00    0.000000E+00    7.275561E-03    1.214877E-02    5.459544E-03    0.000000E+00    0.000000E+00    0.000000E+00
2.668000E-01    4.182610E-02   -5.553155E-03   -1.270971E+01    0.000000E+00    0.000000E+00    0.000000E+00    7.171801E-03    1.215853E-02    5.471137E-03    0.000000E+00    0.000000E+00    0.000000E+00
2.678000E-01    4.195657E-02   -5.174416E-03   -1.271090E+01    0.000000E+00    0.000000E+00    0.000000E+00    7.068683E-03    1.216739E-02    5.481350E-03    0.000000E+00    0.000000E+00    0.000000E+00
2.688000E-01    4.203698E-02   -4.797157E-03   -1.271210E+01    0.000000E+00    0.000000E+00    0.000000E+00    6.967468E-03    1.217746E-02    5.493762E-03    0.000000E+00    0.000000E+00    0.000000E+00
2.698000E-01    4.208717E-02   -4.391953E-03   -1.271329E+01    0.000000E+00    0.000000E+00    0.000000E+00    6.866472E-03    1.218900E-02    5.506691E-03    0.000000E+00    0.000000E+00    0.000000E+00
2.708000E-01    4.209735E-02   -3.964971E-03   -1.271447E+01    0.000000E+00    0.000000E+00    0.000000E+00    6.769296E-03    1.220286E-02    5.519558E-03    0.000000E+00    0.000000E+00    0.000000E+00
2.718000E-01    4.215651E-02   -3.552164E-03   -1.271564E+01    0.000000E+00    0.000000E+00    0.000000E+00    6.675737E-03    1.221674E-02    5.530434E-03    0.000000E+00    0.000000E+00    0.000000E+00
2.728000E-01    4.224512E-02   -3.143379E-03   -1.271681E+01    0.000000E+00    0.000000E+00    0.000000E+00    6.582776E-03    1.222796E-02    5.543898E-03    0.000000E+00    0.000000E+00    0.000000E+00
2.738000E-01    4.230865E-02   -2.786052E-03   -1.271797E+01    0.000000E+00    0.000000E+00    0.000000E+00    6.494002E-03    1.224060E-02    5.555394E-03    0.000000E+00    0.000000E+00    0.000000E+00
2.748000E-01    4.236571E-02   -2.456692E-03   -1.271913E+01    0.000000E+00    0.000000E+00    0.000000E+00    6.405351E-03    1.225469E-02    5.566565E-03    0.000000E+00    0.000000E+00    0.000000E+00
2.758000E-01    4.244479E-02   -2.119514E-03   -1.272029E+01    0.000000E+00    0.000000E+00    0.000000E+00    6.318386E-03    1.227055E-02    5.577652E-03    0.000000E+00    0.000000E+00    0.000000E+00
2.768000E-01    4.251580E-02   -1.791201E-03   -1.272144E+01    0.000000E+00    0.000000E+00    0.000000E+00    6.233808E-03    1.228733E-02    5.589289E-03    0.000000E+00    0.000000E+00    0.000000E+00
2.778000E-01    4.261171E-02   -1.424262E-03   -1.272260E+01    0.000000E+00    0.000000E+00    0.000000E+00    6.143463E-03    1.231863E-02    5.590738E-03    0.000000E+00    0.000000E+00    0.000000E+00
2.788000E-01    4.277471E-02   -1.043576E-03   -1.272376E+01    0.000000E+00    0.000000E+00    0.000000E+00    6.046036E-03    1.238420E-02    5.574931E-03    0.000000E+00    0.000000E+00    0.000000E+00
2.798000E-01    4.282089E-02   -6.938398E-04   -1.272491E+01    0.000000E+00    0.000000E+00    0.000000E+00    5.961371E-03    1.239150E-02    5.584267E-03    0.000000E+00    0.000000E+00    0.000000E+00
2.808000E-01    4.286286E-02   -3.454892E-04   -1.272607E+01    0.000000E+00    0.000000E+00    0.000000E+00    5.874999E-03    1.239420E-02    5.593186E-03    0.000000E+00    0.000000E+00    0.000000E+00
2.818000E-01    4.291271E-02   -1.449080E-06   -1.272722E+01    0.000000E+00    0.000000E+00    0.000000E+00    5.788415E-03    1.239304E-02    5.601409E-03    0.000000E+00    0.000000E+00    0.000000E+00
2.828000E-01    4.295943E-02    3.337823E-04   -1.272838E+01    0.000000E+00    0.000000E+00    0.000000E+00    5.700356E-03    1.238887E-02    5.609745E-03    0.000000E+00    0.000000E+00    0.000000E+00
2.838000E-01    4.301140E-02    6.614704E-04   -1.272954E+01    0.000000E+00    0.000000E+00    0.000000E+00    5.615233E-03    1.238599E-02    5.617947E-03    0.000000E+00    0.000000E+00    0.000000E+00
2.848000E-01    4.306933E-02    9.776446E-04   -1.273070E+01    0.000000E+00    0.000000E+00    0.000000E+00    5.535327E-03    1.238703E-02    5.625975E-03    0.000000E+00    0.000000E+00    0.000000E+00
2.858000E-01    4.312862E-02    1.291053E-03   -1.273186E+01    0.000000E+00    0.000000E+00    0.000000E+00    5.457361E-03    1.238921E-02    5.633565E-03    0.000000E+00    0.000000E+00    0.000000E+00
2.868000E-01    4.318476E-02    1.605176E-03   -1.273302E+01    0.000000E+00    0.000000E+00    0.000000E+00    5.383238E-03    1.239117E-02    5.641008E-03    0.000000E+00    0.000000E+00    0.000000E+00
2.878000E-01    4.323430E-02    1.924000E-03   -1.273418E+01    0.000000E+00    0.000000E+00    0.000000E+00    5.309262E-03    1.239003E-02    5.647863E-03    0.000000E+00    0.000000E+00    0.000000E+00
2.888000E-01    4.327317E-02    2.246028E-03   -1.273534E+01    0.000000E+00    0.000000E+00    0.000000E+00    5.232632E-03    1.238499E-02    5.654547E-03    0.000000E+00    0.000000E+00    0.000000E+00
2.898000E-01    4.331748E-02    2.555587E-03   -1.273650E+01    0.000000E+00    0.000000E+00    0.000000E+00    5.159213E-03    1.237995E-02    5.660799E-03    0.000000E+00    0.000000E+00    0.000000E+00
2.908000E-01    4.335734E-02    2.871208E-03   -1.273767E+01    0.000000E+00    0.000000E+00    0.000000E+00    5.085265E-03    1.237443E-02    5.667213E-03    0.000000E+00    0.000000E+00    0.000000E+00
2.918000E-01    4.340188E-02    3.191818E-03   -1.273884E+01    0.000000E+00    0.000000E+00    0.000000E+00    5.009129E-03    1.236925E-02    5.673679E-03    0.000000E+00    0.000000E+00    0.000000E+00
2.928000E-01    4.346656E-02    3.507595E-03   -1.274001E+01    0.000000E+00    0.000000E+00    0.000000E+00    4.929670E-03    1.236763E-02    5.679825E-03    0.000000E+00    0.000000E+00    0.000000E+00
2.938000E-01    4.352327E-02    3.869016E-03   -1.274119E+01    0.000000E+00    0.000000E+00    0.000000E+00    4.843093E-03    1.236900E-02    5.686706E-03    0.000000E+00    0.000000E+00    0.000000E+00
2.948000E-01    4.360805E-02    4.208949E-03   -1.274238E+01    0.000000E+00    0.000000E+00    0.000000E+00    4.754827E-03    1.237535E-02    5.694239E-03    0.000000E+00    0.000000E+00    0.000000E+00
2.958000E-01    4.370017E-02    4.554534E-03   -1.274357E+01    0.000000E+00    0.000000E+00    0.000000E+00    4.663714E-03    1.238641E-02    5.702316E-03    0.000000E+00    0.000000E+00    0.000000E+00
2.968000E-01    4.380148E-02    4.904889E-03   -1.274476E+01    0.000000E+00    0.000000E+00    0.000000E+00    4.570410E-03    1.240061E-02    5.711348E-03    0.000000E+00    0.000000E+00    0.000000E+00
2.978000E-01    4.390880E-02    5.242497E-03   -1.274594E+01    0.000000E+00    0.000000E+00    0.000000E+00    4.482428E-03    1.241855E-02    5.720175E-03    0.000000E+00    0.000000E+00    0.000000E+00
2.988000E-01    4.402949E-02    5.589202E-03   -1.274713E+01    0.000000E+00    0.000000E+00    0.000000E+00    4.397298E-03    1.243712E-02    5.730209E-03    0.000000E+00    0.000000E+00    0.000000E+00
2.998000E-01    4.414389E-02    5.919627E-03   -1.274831E+01    0.000000E+00    0.000000E+00    0.000000E+00    4.315271E-03    1.245631E-02    5.739848E-03    0.000000E+00    0.000000E+00    0.000000E+00
3.008000E-01    4.425704E-02    6.236000E-03   -1.274951E+01    0.000000E+00    0.000000E+00    0.000000E+00    4.235962E-03    1.247629E-02    5.749792E-03    0.000000E+00    0.000000E+00    0.000000E+00
3.018000E-01    4.436426E-02    6.547473E-03   -1.275070E+01    0.000000E+00    0.000000E+00    0.000000E+00    4.154362E-03    1.249577E-02    5.760053E-03    0.000000E+00    0.000000E+00    0.000000E+00
3.028000E-01    4.446964E-02    6.852632E-03   -1.275191E+01    0.000000E+00    0.000000E+00    0.000000E+00    4.070592E-03    1.251794E-02    5.770586E-03    0.000000E+00    0.000000E+00    0.000000E+00
3.038000E-01    4.456530E-02    7.165696E-03   -1.275312E+01    0.000000E+00    0.000000E+00    0.000000E+00    3.983655E-03    1.253725E-02    5.780511E-03    0.000000E+00    0.000000E+00    0.000000E+00
3.048000E-01    4.464125E-02    7.480373E-03   -1.275433E+01    0.000000E+00    0.000000E+00    0.000000E+00    3.898792E-03    1.254587E-02    5.788759E-03    0.000000E+00    0.000000E+00    0.000000E+00
3.058000E-01    4.470182E-02    7.780501E-03   -1.275554E+01    0.000000E+00    0.000000E+00    0.000000E+00    3.826866E-03    1.254396E-02    5.796379E-03    0.000000E+00    0.000000E+00    0.000000E+00
3.068000E-01    4.476007E-02    8.074234E-03   -1.275675E+01    0.000000E+00    0.000000E+00    0.000000E+00    3.761547E-03    1.253883E-02    5.804591E-03    0.000000E+00    0.000000E+00    0.000000E+00
3.078000E-01    4.483558E-02    8.363663E-03   -1.275797E+01    0.000000E+00    0.000000E+00    0.000000E+00    3.698441E-03    1.254091E-02    5.813706E-03    0.000000E+00    0.000000E+00    0.000000E+00
3.088000E-01    4.493905E-02    8.652141E-03   -1.275919E+01    0.000000E+00    0.000000E+00    0.000000E+00    3.634646E-03    1.255490E-02    5.822459E-03    0.000000E+00    0.000000E+00    0.000000E+00
3.098000E-01    4.504715E-02    8.942704E-03   -1.276041E+01    0.000000E+00    0.000000E+00    0.000000E+00    3.569188E-03    1.257229E-02    5.831248E-03    0.000000E+00    0.000000E+00    0.000000E+00
3.108000E-01    4.516469E-02    9.235272E-03   -1.276165E+01    0.000000E+00    0.000000E+00    0.000000E+00    3.507982E-03    1.258864E-02    5.839171E-03    0.000000E+00    0.000000E+00    0.000000E+00
3.118000E-01    4.528009E-02    9.523590E-03   -1.276288E+01    0.000000E+00    0.000000E+00    0.000000E+00    3.449789E-03    1.260304E-02    5.846817E-03    0.000000E+00    0.000000E+00    0.000000E+00
3.128000E-01    4.539355E-02    9.801995E-03   -1.276412E+01    0.000000E+00    0.000000E+00    0.000000E+00    3.393276E-03    1.261688E-02    5.854491E-03    0.000000E+00    0.000000E+00    0.000000E+00
3.138000E-01    4.551836E-02    1.006892E-02   -1.276536E+01    0.000000E+00    0.000000E+00    0.000000E+00    3.343646E-03    1.263307E-02    5.861334E-03    0.000000E+00    0.000000E+00    0.000000E+00
3.148000E-01    4.563976E-02    1.033707E-02   -1.276660E+01    0.000000E+00    0.000000E+00    0.000000E+00    3.294762E-03    1.264757E-02    5.867609E-03    0.000000E+00    0.000000E+00    0.000000E+00
3.158000E-01    4.575887E-02    1.060372E-02   -1.276785E+01    0.000000E+00    0.000000E+00    0.000000E+00    3.246706E-03    1.266080E-02    5.873623E-03    0.000000E+00    0.000000E+00    0.000000E+00
3.168000E-01    4.588039E-02    1.086780E-02   -1.276910E+01    0.000000E+00    0.000000E+00    0.000000E+00    3.200798E-03    1.267427E-02    5.879427E-03    0.000000E+00    0.000000E+00    0.000000E+00
3.178000E-01    4.599819E-02    1.113112E-02   -1.277035E+01    0.000000E+00    0.000000E+00    0.000000E+00    3.153470E-03    1.268678E-02    5.884929E-03    0.000000E+00    0.000000E+00    0.000000E+00
3.188000E-01    4.611778E-02    1.139105E-02   -1.277161E+01    0.000000E+00    0.000000E+00    0.000000E+00    3.108132E-03    1.269946E-02    5.890107E-03    0.000000E+00    0.000000E+00    0.000000E+00
3.198000E-01    4.623499E-02    1.165067E-02   -1.277287E+01    0.000000E+00    0.000000E+00    0.000000E+00    3.064036E-03    1.270937E-02    5.895017E-03    0.000000E+00    0.000000E+00    0.000000E+00
3.208000E-01    4.634541E-02    1.191056E-02   -1.277414E+01    0.000000E+00    0.000000E+00    0.000000E+00    3.020595E-03    1.271470E-02    5.900091E-03    0.000000E+00    0.000000E+00    0.000000E+00
3.218000E-01    4.645413E-02    1.216193E-02   -1.277541E+01    0.000000E+00    0.000000E+00    0.000000E+00    2.982398E-03    1.271798E-02    5.905986E-03    0.000000E+00    0.000000E+00    0.000000E+00
3.228000E-01    4.655992E-02    1.241770E-02   -1.277669E+01    0.000000E+00    0.000000E+00    0.000000E+00    2.944948E-03    1.271999E-02    5.912495E-03    0.000000E+00    0.000000E+00    0.000000E+00
3.238000E-01    4.666993E-02    1.267617E-02   -1.277798E+01    0.000000E+00    0.000000E+00    0.000000E+00    2.909077E-03    1.272296E-02    5.919311E-03    0.000000E+00    0.000000E+00    0.000000E+00
3.248000E-01    4.678686E-02    1.293102E-02   -1.277927E+01    0.000000E+00    0.000000E+00    0.000000E+00    2.876177E-03    1.272704E-02    5.926143E-03    0.000000E+00    0.000000E+00    0.000000E+00
3.258000E-01    4.690983E-02    1.318961E-02   -1.278056E+01    0.000000E+00    0.000000E+00    0.000000E+00    2.843082E-03    1.272961E-02    5.932755E-03    0.000000E+00    0.000000E+00    0.000000E+00
3.268000E-01    4.704777E-02    1.344459E-02   -1.278186E+01    0.000000E+00    0.000000E+00    0.000000E+00    2.813512E-03    1.273291E-02    5.939692E-03    0.000000E+00    0.000000E+00    0.000000E+00
3.278000E-01    4.719210E-02    1.370079E-02   -1.278317E+01    0.000000E+00    0.000000E+00    0.000000E+00    2.785856E-03    1.273698E-02    5.947335E-03    0.000000E+00    0.000000E+00    0.000000E+00
3.288000E-01    4.733233E-02    1.397711E-02   -1.278447E+01    0.000000E+00    0.000000E+00    0.000000E+00    2.749573E-03    1.274419E-02    5.952418E-03    0.000000E+00    0.000000E+00    0.000000E+00
3.298000E-01    4.749514E-02    1.423058E-02   -1.278578E+01    0.000000E+00    0.000000E+00    0.000000E+00    2.710456E-03    1.275561E-02    5.956952E-03    0.000000E+00    0.000000E+00    0.000000E+00
3.308000E-01    4.765465E-02    1.447653E-02   -1.278711E+01    0.000000E+00    0.000000E+00    0.000000E+00    2.676775E-03    1.276338E-02    5.961967E-03    0.000000E+00    0.000000E+00    0.000000E+00
3.318000E-01    4.780895E-02    1.471555E-02   -1.278843E+01    0.000000E+00    0.000000E+00    0.000000E+00    2.652616E-03    1.276858E-02    5.968448E-03    0.000000E+00    0.000000E+00    0.000000E+00
3.328000E-01    4.797037E-02    1.494982E-02   -1.278976E+01    0.000000E+00    0.000000E+00    0.000000E+00    2.634114E-03    1.277700E-02    5.975693E-03    0.000000E+00    0.000000E+00    0.000000E+00
3.338000E-01    4.814451E-02    1.519487E-02   -1.279109E+01    0.000000E+00    0.000000E+00    0.000000E+00    2.607848E-03    1.279146E-02    5.982205E-03    0.000000E+00    0.000000E+00    0.000000E+00
3.348000E-01    4.832764E-02    1.544182E-02   -1.279243E+01    0.000000E+00    0.000000E+00    0.000000E+00    2.577445E-03    1.281127E-02    5.987955E-03    0.000000E+00    0.000000E+00    0.000000E+00
3.358000E-01    4.851237E-02    1.569385E-02   -1.279377E+01    0.000000E+00    0.000000E+00    0.000000E+00    2.545892E-03    1.283071E-02    5.993307E-03    0.000000E+00    0.000000E+00    0.000000E+00
3.368000E-01    4.868980E-02    1.593920E-02   -1.279512E+01    0.000000E+00    0.000000E+00    0.000000E+00    2.516127E-03    1.284470E-02    5.999050E-03    0.000000E+00    0.000000E+00    0.000000E+00
3.378000E-01    4.886007E-02    1.616445E-02   -1.279647E+01    0.000000E+00    0.000000E+00    0.000000E+00    2.493748E-03    1.285437E-02    6.004552E-03    0.000000E+00    0.000000E+00    0.000000E+00
3.388000E-01    4.903924E-02    1.639768E-02   -1.279782E+01    0.000000E+00    0.000000E+00    0.000000E+00    2.471839E-03    1.286234E-02    6.010032E-03    0.000000E+00    0.000000E+00    0.000000E+00
3.398000E-01    4.923106E-02    1.662891E-02   -1.279918E+01    0.000000E+00    0.000000E+00    0.000000E+00    2.450292E-03    1.287316E-02    6.015186E-03    0.000000E+00    0.000000E+00    0.000000E+00
3.408000E-01    4.944454E-02    1.685689E-02   -1.280055E+01    0.000000E+00    0.000000E+00    0.000000E+00    2.429669E-03    1.289062E-02    6.019760E-03    0.000000E+00    0.000000E+00    0.000000E+00
3.418000E-01    4.966640E-02    1.708272E-02   -1.280193E+01    0.000000E+00    0.000000E+00    0.000000E+00    2.405057E-03    1.291414E-02    6.023682E-03    0.000000E+00    0.000000E+00    0.000000E+00
3.428000E-01    4.989094E-02    1.729668E-02   -1.280332E+01    0.000000E+00    0.000000E+00    0.000000E+00    2.379805E-03    1.294296E-02    6.027034E-03    0.000000E+00    0.000000E+00    0.000000E+00
3.438000E-01    5.011079E-02    1.751094E-02   -1.280471E+01    0.000000E+00    0.000000E+00    0.000000E+00    2.352677E-03    1.297371E-02    6.029679E-03    0.000000E+00    0.000000E+00    0.000000E+00
3.448000E-01    5.032835E-02    1.771570E-02   -1.280610E+01    0.000000E+00    0.000000E+00    0.000000E+00    2.326826E-03    1.300315E-02    6.031239E-03    0.000000E+00    0.000000E+00    0.000000E+00
3.458000E-01    5.054500E-02    1.789716E-02   -1.280750E+01    0.000000E+00    0.000000E+00    0.000000E+00    2.312681E-03    1.303140E-02    6.032874E-03    0.000000E+00    0.000000E+00    0.000000E+00
3.468000E-01    5.075856E-02    1.806885E-02   -1.280890E+01    0.000000E+00    0.000000E+00    0.000000E+00    2.304742E-03    1.305707E-02    6.033602E-03    0.000000E+00    0.000000E+00    0.000000E+00
3.478000E-01    5.097010E-02    1.823054E-02   -1.281030E+01    0.000000E+00    0.000000E+00    0.000000E+00    2.300708E-03    1.308177E-02    6.033326E-03    0.000000E+00    0.000000E+00    0.000000E+00
3.488000E-01    5.118715E-02    1.837265E-02   -1.281170E+01    0.000000E+00    0.000000E+00    0.000000E+00    2.299592E-03    1.310719E-02    6.032989E-03    0.000000E+00    0.000000E+00    0.000000E+00
3.498000E-01    5.140056E-02    1.852049E-02   -1.281311E+01    0.000000E+00    0.000000E+00    0.000000E+00    2.297721E-03    1.313150E-02    6.030688E-03    0.000000E+00    0.000000E+00    0.000000E+00
3.508000E-01    5.162054E-02    1.865611E-02   -1.281452E+01    0.000000E+00    0.000000E+00    0.000000E+00    2.301186E-03    1.315648E-02    6.027908E-03    0.000000E+00    0.000000E+00    0.000000E+00
3.518000E-01    5.183359E-02    1.878071E-02   -1.281594E+01    0.000000E+00    0.000000E+00    0.000000E+00    2.309498E-03    1.318024E-02    6.024427E-03    0.000000E+00    0.000000E+00    0.000000E+00
3.528000E-01    5.203909E-02    1.889791E-02   -1.281736E+01    0.000000E+00    0.000000E+00    0.000000E+00    2.320247E-03    1.320144E-02    6.020752E-03    0.000000E+00    0.000000E+00    0.000000E+00
3.538000E-01    5.224078E-02    1.900021E-02   -1.281878E+01    0.000000E+00    0.000000E+00    0.000000E+00    2.336637E-03    1.322135E-02    6.016439E-03    0.000000E+00    0.000000E+00    0.000000E+00
3.548000E-01    5.243798E-02    1.909956E-02   -1.282020E+01    0.000000E+00    0.000000E+00    0.000000E+00    2.353910E-03    1.323817E-02    6.011453E-03    0.000000E+00    0.000000E+00    0.000000E+00
3.558000E-01    5.263047E-02    1.919125E-02   -1.282162E+01    0.000000E+00    0.000000E+00    0.000000E+00    2.373835E-03    1.325242E-02    6.005989E-03    0.000000E+00    0.000000E+00    0.000000E+00
3.568000E-01    5.282398E-02    1.927163E-02   -1.282305E+01    0.000000E+00    0.000000E+00    0.000000E+00    2.398074E-03    1.326469E-02    6.000292E-03    0.000000E+00    0.000000E+00    0.000000E+00
3.578000E-01    5.301907E-02    1.934559E-02   -1.282448E+01    0.000000E+00    0.000000E+00    0.000000E+00    2.423596E-03    1.327282E-02    5.994376E-03    0.000000E+00    0.000000E+00    0.000000E+00
3.588000E-01    5.322070E-02    1.940710E-02   -1.282592E+01    0.000000E+00    0.000000E+00    0.000000E+00    2.454566E-03    1.327963E-02    5.988317E-03    0.000000E+00    0.000000E+00    0.000000E+00
3.598000E-01    5.342835E-02    1.946311E-02   -1.282736E+01    0.000000E+00    0.000000E+00    0.000000E+00    2.489247E-03    1.328505E-02    5.981992E-03    0.000000E+00    0.000000E+00    0.000000E+00
3.608000E-01    5.364050E-02    1.952098E-02   -1.282881E+01    0.000000E+00    0.000000E+00    0.000000E+00    2.524093E-03    1.328927E-02    5.975441E-03    0.000000E+00    0.000000E+00    0.000000E+00
3.618000E-01    5.386331E-02    1.957431E-02   -1.283026E+01    0.000000E+00    0.000000E+00    0.000000E+00    2.560765E-03    1.329539E-02    5.969047E-03    0.000000E+00    0.000000E+00    0.000000E+00
3.628000E-01    5.409362E-02    1.962994E-02   -1.283171E+01    0.000000E+00    0.000000E+00    0.000000E+00    2.594617E-03    1.330174E-02    5.962786E-03    0.000000E+00    0.000000E+00    0.000000E+00
3.638000E-01    5.431895E-02    1.968603E-02   -1.283317E+01    0.000000E+00    0.000000E+00    0.000000E+00    2.627422E-03    1.330819E-02    5.956302E-03    0.000000E+00    0.000000E+00    0.000000E+00
3.648000E-01    5.453270E-02    1.973955E-02   -1.283462E+01    0.000000E+00    0.000000E+00    0.000000E+00    2.660730E-03    1.331411E-02    5.950079E-03    0.000000E+00    0.000000E+00    0.000000E+00
3.658000E-01    5.475692E-02    1.978914E-02   -1.283608E+01    0.000000E+00    0.000000E+00    0.000000E+00    2.691180E-03    1.331821E-02    5.943322E-03    0.000000E+00    0.000000E+00    0.000000E+00
3.668000E-01    5.498350E-02    1.983140E-02   -1.283755E+01    0.000000E+00    0.000000E+00    0.000000E+00    2.723494E-03    1.332341E-02    5.936317E-03    0.000000E+00    0.000000E+00    0.000000E+00
3.678000E-01    5.521273E-02    1.987043E-02   -1.283901E+01    0.000000E+00    0.000000E+00    0.000000E+00    2.756452E-03    1.332953E-02    5.929630E-03    0.000000E+00    0.000000E+00    0.000000E+00
3.688000E-01    5.544910E-02    1.988564E-02   -1.284048E+01    0.000000E+00    0.000000E+00    0.000000E+00    2.788991E-03    1.333595E-02    5.922840E-03    0.000000E+00    0.000000E+00    0.000000E+00
3.698000E-01    5.568744E-02    1.990195E-02   -1.284195E+01    0.000000E+00    0.000000E+00    0.000000E+00    2.824201E-03    1.334438E-02    5.916548E-03    0.000000E+00    0.000000E+00    0.000000E+00
3.708000E-01    5.592621E-02    1.991800E-02   -1.284342E+01    0.000000E+00    0.000000E+00    0.000000E+00    2.858312E-03    1.335338E-02    5.910121E-03    0.000000E+00    0.000000E+00    0.000000E+00
3.718000E-01    5.617756E-02    1.992420E-02   -1.284489E+01    0.000000E+00    0.000000E+00    0.000000E+00    2.893115E-03    1.336466E-02    5.902633E-03    0.000000E+00    0.000000E+00    0.000000E+00
3.728000E-01    5.641656E-02    1.993104E-02   -1.284638E+01    0.000000E+00    0.000000E+00    0.000000E+00    2.929155E-03    1.337755E-02    5.895758E-03    0.000000E+00    0.000000E+00    0.000000E+00
3.738000E-01    5.662898E-02    1.994145E-02   -1.284786E+01    0.000000E+00    0.000000E+00    0.000000E+00    2.962552E-03    1.338742E-02    5.888691E-03    0.000000E+00    0.000000E+00    0.000000E+00
3.748000E-01    5.683717E-02    1.993258E-02   -1.284936E+01    0.000000E+00    0.000000E+00    0.000000E+00    2.998054E-03    1.339382E-02    5.882295E-03    0.000000E+00    0.000000E+00    0.000000E+00
3.758000E-01    5.703503E-02    1.991451E-02   -1.285085E+01    0.000000E+00    0.000000E+00    0.000000E+00    3.034578E-03    1.339473E-02    5.876017E-03    0.000000E+00    0.000000E+00    0.000000E+00
3.768000E-01    5.721785E-02    1.991027E-02   -1.285235E+01    0.000000E+00    0.000000E+00    0.000000E+00    3.071076E-03    1.338968E-02    5.871085E-03    0.000000E+00    0.000000E+00    0.000000E+00
3.778000E-01    5.739861E-02    1.987286E-02   -1.285385E+01    0.000000E+00    0.000000E+00    0.000000E+00    3.113688E-03    1.338198E-02    5.864478E-03    0.000000E+00    0.000000E+00    0.000000E+00
3.788000E-01    5.757079E-02    1.982970E-02   -1.285535E+01    0.000000E+00    0.000000E+00    0.000000E+00    3.156883E-03    1.337202E-02    5.857700E-03    0.000000E+00    0.000000E+00    0.000000E+00
3.798000E-01    5.773873E-02    1.978000E-02   -1.285686E+01    0.000000E+00    0.000000E+00    0.000000E+00    3.201030E-03    1.336113E-02    5.850769E-03    0.000000E+00    0.000000E+00    0.000000E+00
3.808000E-01    5.790438E-02    1.972182E-02   -1.285837E+01    0.000000E+00    0.000000E+00    0.000000E+00    3.248186E-03    1.334870E-02    5.843608E-03    0.000000E+00    0.000000E+00    0.000000E+00
3.818000E-01    5.806115E-02    1.966313E-02   -1.285988E+01    0.000000E+00    0.000000E+00    0.000000E+00    3.293101E-03    1.333305E-02    5.836453E-03    0.000000E+00    0.000000E+00    0.000000E+00
3.828000E-01    5.821030E-02    1.959431E-02   -1.286140E+01    0.000000E+00    0.000000E+00    0.000000E+00    3.341699E-03    1.331516E-02    5.829325E-03    0.000000E+00    0.000000E+00    0.000000E+00
3.838000E-01    5.834896E-02    1.951752E-02   -1.286291E+01    0.000000E+00    0.000000E+00    0.000000E+00    3.392756E-03    1.329406E-02    5.822095E-03    0.000000E+00    0.000000E+00    0.000000E+00
3.848000E-01    5.849932E-02    1.945310E-02   -1.286443E+01    0.000000E+00    0.000000E+00    0.000000E+00    3.438399E-03    1.327374E-02    5.814129E-03    0.000000E+00    0.000000E+00    0.000000E+00
3.858000E-01    5.861351E-02    1.935702E-02   -1.286595E+01    0.000000E+00    0.000000E+00    0.000000E+00    3.495020E-03    1.324348E-02    5.806581E-03    0.000000E+00    0.000000E+00    0.000000E+00
3.868000E-01    5.873095E-02    1.926978E-02   -1.286747E+01    0.000000E+00    0.000000E+00    0.000000E+00    3.548852E-03    1.321107E-02    5.798894E-03    0.000000E+00    0.000000E+00    0.000000E+00
3.878000E-01    5.886812E-02    1.919401E-02   -1.286901E+01    0.000000E+00    0.000000E+00    0.000000E+00    3.599462E-03    1.317991E-02    5.791092E-03    0.000000E+00    0.000000E+00    0.000000E+00
3.888000E-01    5.896586E-02    1.905208E-02   -1.287054E+01    0.000000E+00    0.000000E+00    0.000000E+00    3.677799E-03    1.312723E-02    5.783082E-03    0.000000E+00    0.000000E+00    0.000000E+00
3.898000E-01    5.914896E-02    1.900365E-02   -1.287210E+01    0.000000E+00    0.000000E+00    0.000000E+00    3.715399E-03    1.310782E-02    5.775641E-03    0.000000E+00    0.000000E+00    0.000000E+00
3.908000E-01    5.927954E-02    1.888607E-02   -1.287364E+01    0.000000E+00    0.000000E+00    0.000000E+00    3.779746E-03    1.306984E-02    5.767829E-03    0.000000E+00    0.000000E+00    0.000000E+00
3.918000E-01    5.941136E-02    1.876685E-02   -1.287518E+01    0.000000E+00    0.000000E+00    0.000000E+00    3.843032E-03    1.303503E-02    5.759864E-03    0.000000E+00    0.000000E+00    0.000000E+00
3.928000E-01    5.960654E-02    1.872424E-02   -1.287675E+01    0.000000E+00    0.000000E+00    0.000000E+00    3.873289E-03    1.302787E-02    5.752152E-03    0.000000E+00    0.000000E+00    0.000000E+00
3.938000E-01    5.969638E-02    1.855113E-02   -1.287828E+01    0.000000E+00    0.000000E+00    0.000000E+00    3.956428E-03    1.298016E-02    5.743631E-03    0.000000E+00    0.000000E+00    0.000000E+00
3.948000E-01    5.984357E-02    1.844694E-02   -1.287983E+01    0.000000E+00    0.000000E+00    0.000000E+00    4.010151E-03    1.295647E-02    5.735444E-03    0.000000E+00    0.000000E+00    0.000000E+00
3.958000E-01    5.998491E-02    1.833469E-02   -1.288139E+01    0.000000E+00    0.000000E+00    0.000000E+00    4.066189E-03    1.293166E-02    5.727100E-03    0.000000E+00    0.000000E+00    0.000000E+00
3.968000E-01    6.007731E-02    1.814101E-02   -1.288291E+01    0.000000E+00    0.000000E+00    0.000000E+00    4.154044E-03    1.288253E-02    5.719197E-03    0.000000E+00    0.000000E+00    0.000000E+00
3.978000E-01    6.023871E-02    1.806172E-02   -1.288448E+01    0.000000E+00    0.000000E+00    0.000000E+00    4.193811E-03    1.287037E-02    5.710647E-03    0.000000E+00    0.000000E+00    0.000000E+00
3.988000E-01    6.032066E-02    1.789429E-02   -1.288602E+01    0.000000E+00    0.000000E+00    0.000000E+00    4.265773E-03    1.283154E-02    5.701566E-03    0.000000E+00    0.000000E+00    0.000000E+00
3.998000E-01    6.040470E-02    1.772331E-02   -1.288756E+01    0.000000E+00    0.000000E+00    0.000000E+00    4.338582E-03    1.279100E-02    5.692858E-03    0.000000E+00    0.000000E+00    0.000000E+00
4.008000E-01    6.046503E-02    1.767862E-02   -1.288913E+01    0.000000E+00    0.000000E+00    0.000000E+00    4.381651E-03    1.277215E-02    5.687261E-03    0.000000E+00    0.000000E+00    0.000000E+00
4.018000E-01    6.050289E-02    1.746471E-02   -1.289066E+01    0.000000E+00    0.000000E+00    0.000000E+00    4.472757E-03    1.271626E-02    5.677927E-03    0.000000E+00    0.000000E+00    0.000000E+00
4.028000E-01    6.059670E-02    1.731881E-02   -1.289220E+01    0.000000E+00    0.000000E+00    0.000000E+00    4.534714E-03    1.268424E-02    5.668832E-03    0.000000E+00    0.000000E+00    0.000000E+00
4.038000E-01    6.068515E-02    1.716635E-02   -1.289375E+01    0.000000E+00    0.000000E+00    0.000000E+00    4.598675E-03    1.265159E-02    5.659453E-03    0.000000E+00    0.000000E+00    0.000000E+00
4.048000E-01    6.071219E-02    1.693951E-02   -1.289528E+01    0.000000E+00    0.000000E+00    0.000000E+00    4.692997E-03    1.259609E-02    5.649295E-03    0.000000E+00    0.000000E+00    0.000000E+00
4.058000E-01    6.081613E-02    1.680948E-02   -1.289683E+01    0.000000E+00    0.000000E+00    0.000000E+00    4.746453E-03    1.257298E-02    5.639074E-03    0.000000E+00    0.000000E+00    0.000000E+00
4.068000E-01    6.085627E-02    1.660489E-02   -1.289837E+01    0.000000E+00    0.000000E+00    0.000000E+00    4.830428E-03    1.252633E-02    5.628183E-03    0.000000E+00    0.000000E+00    0.000000E+00
4.078000E-01    6.089144E-02    1.639909E-02   -1.289990E+01    0.000000E+00    0.000000E+00    0.000000E+00    4.914441E-03    1.247938E-02    5.617118E-03    0.000000E+00    0.000000E+00    0.000000E+00
4.088000E-01    6.096249E-02    1.624985E-02   -1.290145E+01    0.000000E+00    0.000000E+00    0.000000E+00    4.974875E-03    1.244991E-02    5.606410E-03    0.000000E+00    0.000000E+00    0.000000E+00
4.098000E-01    6.096017E-02    1.600772E-02   -1.290297E+01    0.000000E+00    0.000000E+00    0.000000E+00    5.071532E-03    1.239073E-02    5.594470E-03    0.000000E+00    0.000000E+00    0.000000E+00
4.108000E-01    6.099930E-02    1.582495E-02   -1.290450E+01    0.000000E+00    0.000000E+00    0.000000E+00    5.141833E-03    1.234929E-02    5.582216E-03    0.000000E+00    0.000000E+00    0.000000E+00
4.118000E-01    6.102505E-02    1.563732E-02   -1.290604E+01    0.000000E+00    0.000000E+00    0.000000E+00    5.212065E-03    1.230357E-02    5.569292E-03    0.000000E+00    0.000000E+00    0.000000E+00
4.128000E-01    6.100608E-02    1.539920E-02   -1.290756E+01    0.000000E+00    0.000000E+00    0.000000E+00    5.300868E-03    1.224094E-02    5.555647E-03    0.000000E+00    0.000000E+00    0.000000E+00
4.138000E-01    6.103401E-02    1.521858E-02   -1.290909E+01    0.000000E+00    0.000000E+00    0.000000E+00    5.363663E-03    1.219833E-02    5.542105E-03    0.000000E+00    0.000000E+00    0.000000E+00
4.148000E-01    6.102142E-02    1.498491E-02   -1.291061E+01    0.000000E+00    0.000000E+00    0.000000E+00    5.448659E-03    1.214323E-02    5.528147E-03    0.000000E+00    0.000000E+00    0.000000E+00
4.158000E-01    6.100357E-02    1.475220E-02   -1.291214E+01    0.000000E+00    0.000000E+00    0.000000E+00    5.534380E-03    1.209118E-02    5.513944E-03    0.000000E+00    0.000000E+00    0.000000E+00
4.168000E-01    6.099276E-02    1.454351E-02   -1.291367E+01    0.000000E+00    0.000000E+00    0.000000E+00    5.610259E-03    1.204547E-02    5.499577E-03    0.000000E+00    0.000000E+00    0.000000E+00
4.178000E-01    6.093373E-02    1.428486E-02   -1.291519E+01    0.000000E+00    0.000000E+00    0.000000E+00    5.705844E-03    1.198165E-02    5.484807E-03    0.000000E+00    0.000000E+00    0.000000E+00
4.188000E-01    6.088344E-02    1.404960E-02   -1.291671E+01    0.000000E+00    0.000000E+00    0.000000E+00    5.789966E-03    1.192115E-02    5.470024E-03    0.000000E+00    0.000000E+00    0.000000E+00
4.198000E-01    6.082406E-02    1.382644E-02   -1.291822E+01    0.000000E+00    0.000000E+00    0.000000E+00    5.875916E-03    1.185650E-02    5.456358E-03    0.000000E+00    0.000000E+00    0.000000E+00
4.208000E-01    6.075102E-02    1.357201E-02   -1.291973E+01    0.000000E+00    0.000000E+00    0.000000E+00    5.967837E-03    1.178937E-02    5.441650E-03    0.000000E+00    0.000000E+00    0.000000E+00
4.218000E-01    6.067880E-02    1.331986E-02   -1.292123E+01    0.000000E+00    0.000000E+00    0.000000E+00    6.053962E-03    1.172534E-02    5.426298E-03    0.000000E+00    0.000000E+00    0.000000E+00
4.228000E-01    6.059108E-02    1.304674E-02   -1.292273E+01    0.000000E+00    0.000000E+00    0.000000E+00    6.147550E-03    1.165732E-02    5.410628E-03    0.000000E+00    0.000000E+00    0.000000E+00
4.238000E-01    6.051053E-02    1.279182E-02   -1.292423E+01    0.000000E+00    0.000000E+00    0.000000E+00    6.240622E-03    1.158791E-02    5.393297E-03    0.000000E+00    0.000000E+00    0.000000E+00
4.248000E-01    6.040973E-02    1.251652E-02   -1.292572E+01    0.000000E+00    0.000000E+00    0.000000E+00    6.335126E-03    1.151575E-02    5.376560E-03    0.000000E+00    0.000000E+00    0.000000E+00
4.258000E-01    5.966699E-02    1.095815E-02   -1.292714E+01    0.000000E+00    0.000000E+00    0.000000E+00    7.101262E-03    1.110479E-02    5.270826E-03    0.000000E+00    0.000000E+00    0.000000E+00
4.268000E-01    5.954159E-02    1.064249E-02   -1.292861E+01    0.000000E+00    0.000000E+00    0.000000E+00    7.208078E-03    1.102868E-02    5.253399E-03    0.000000E+00    0.000000E+00    0.000000E+00
4.278000E-01    5.940589E-02    1.032140E-02   -1.293009E+01    0.000000E+00    0.000000E+00    0.000000E+00    7.316181E-03    1.095080E-02    5.235749E-03    0.000000E+00    0.000000E+00    0.000000E+00
4.288000E-01    5.926107E-02    9.989686E-03   -1.293155E+01    0.000000E+00    0.000000E+00    0.000000E+00    7.427098E-03    1.087157E-02    5.217860E-03    0.000000E+00    0.000000E+00    0.000000E+00
4.298000E-01    5.910128E-02    9.650879E-03   -1.293301E+01    0.000000E+00    0.000000E+00    0.000000E+00    7.538476E-03    1.078888E-02    5.199433E-03    0.000000E+00    0.000000E+00    0.000000E+00
4.308000E-01    5.893277E-02    9.296777E-03   -1.293446E+01    0.000000E+00    0.000000E+00    0.000000E+00    7.654506E-03    1.070530E-02    5.180547E-03    0.000000E+00    0.000000E+00    0.000000E+00
4.318000E-01    5.875453E-02    8.932332E-03   -1.293590E+01    0.000000E+00    0.000000E+00    0.000000E+00    7.773548E-03    1.062042E-02    5.161358E-03    0.000000E+00    0.000000E+00    0.000000E+00
4.328000E-01    5.856552E-02    8.562034E-03   -1.293734E+01    0.000000E+00    0.000000E+00    0.000000E+00    7.893681E-03    1.053396E-02    5.142041E-03    0.000000E+00    0.000000E+00    0.000000E+00
4.338000E-01    5.836723E-02    8.175098E-03   -1.293877E+01    0.000000E+00    0.000000E+00    0.000000E+00    8.019339E-03    1.044770E-02    5.122631E-03    0.000000E+00    0.000000E+00    0.000000E+00
4.348000E-01    5.815594E-02    7.780766E-03   -1.294019E+01    0.000000E+00    0.000000E+00    0.000000E+00    8.146529E-03    1.035968E-02    5.102867E-03    0.000000E+00    0.000000E+00    0.000000E+00
4.358000E-01    5.426523E-02    1.489058E-03   -1.294201E+01    0.000000E+00    0.000000E+00    0.000000E+00    1.142893E-02    8.345396E-03    4.530358E-03    0.000000E+00    0.000000E+00    0.000000E+00
4.368000E-01    5.282349E-02   -9.201593E-04   -1.294355E+01    0.000000E+00    0.000000E+00    0.000000E+00    1.261439E-02    7.610208E-03    4.328233E-03    0.000000E+00    0.000000E+00    0.000000E+00
4.378000E-01    5.254908E-02   -1.338214E-03   -1.294494E+01    0.000000E+00    0.000000E+00    0.000000E+00    1.274738E-02    7.502355E-03    4.307689E-03    0.000000E+00    0.000000E+00    0.000000E+00
4.388000E-01    5.226267E-02   -1.768028E-03   -1.294634E+01    0.000000E+00    0.000000E+00    0.000000E+00    1.288362E-02    7.390179E-03    4.286320E-03    0.000000E+00    0.000000E+00    0.000000E+00
4.398000E-01    5.196901E-02   -2.200007E-03   -1.294772E+01    0.000000E+00    0.000000E+00    0.000000E+00    1.302144E-02    7.280561E-03    4.263780E-03    0.000000E+00    0.000000E+00    0.000000E+00
4.408000E-01    5.168566E-02   -2.635751E-03   -1.294910E+01    0.000000E+00    0.000000E+00    0.000000E+00    1.315783E-02    7.177326E-03    4.241413E-03    0.000000E+00    0.000000E+00    0.000000E+00
4.418000E-01    5.140572E-02   -3.081929E-03   -1.295047E+01    0.000000E+00    0.000000E+00    0.000000E+00    1.329612E-02    7.080037E-03    4.219532E-03    0.000000E+00    0.000000E+00    0.000000E+00
4.428000E-01    5.109572E-02   -3.549222E-03   -1.295184E+01    0.000000E+00    0.000000E+00    0.000000E+00    1.344124E-02    6.975139E-03    4.197668E-03    0.000000E+00    0.000000E+00    0.000000E+00
4.438000E-01    5.076227E-02   -4.038880E-03   -1.295319E+01    0.000000E+00    0.000000E+00    0.000000E+00    1.359355E-02    6.865083E-03    4.175583E-03    0.000000E+00    0.000000E+00    0.000000E+00
4.448000E-01    5.042877E-02   -4.534652E-03   -1.295453E+01    0.000000E+00    0.000000E+00    0.000000E+00    1.374745E-02    6.758823E-03    4.153345E-03    0.000000E+00    0.000000E+00    0.000000E+00
4.458000E-01    5.010545E-02   -5.017422E-03   -1.295586E+01    0.000000E+00    0.000000E+00    0.000000E+00    1.389465E-02    6.660839E-03    4.130873E-03    0.000000E+00    0.000000E+00    0.000000E+00
4.468000E-01    4.978879E-02   -5.504209E-03   -1.295719E+01    0.000000E+00    0.000000E+00    0.000000E+00    1.404243E-02    6.569848E-03    4.108262E-03    0.000000E+00    0.000000E+00    0.000000E+00
4.478000E-01    4.946711E-02   -6.001232E-03   -1.295851E+01    0.000000E+00    0.000000E+00    0.000000E+00    1.419307E-02    6.481480E-03    4.085356E-03    0.000000E+00    0.000000E+00    0.000000E+00
4.488000E-01    4.913152E-02   -6.508349E-03   -1.295982E+01    0.000000E+00    0.000000E+00    0.000000E+00    1.434702E-02    6.394036E-03    4.061978E-03    0.000000E+00    0.000000E+00    0.000000E+00
4.498000E-01    4.878159E-02   -7.029397E-03   -1.296112E+01    0.000000E+00    0.000000E+00    0.000000E+00    1.450710E-02    6.310445E-03    4.038223E-03    0.000000E+00    0.000000E+00    0.000000E+00
4.508000E-01    4.841657E-02   -7.552786E-03   -1.296241E+01    0.000000E+00    0.000000E+00    0.000000E+00    1.466532E-02    6.227557E-03    4.014416E-03    0.000000E+00    0.000000E+00    0.000000E+00
4.518000E-01    4.804261E-02   -8.073304E-03   -1.296369E+01    0.000000E+00    0.000000E+00    0.000000E+00    1.482114E-02    6.144922E-03    3.990511E-03    0.000000E+00    0.000000E+00    0.000000E+00
4.528000E-01    4.766593E-02   -8.589918E-03   -1.296497E+01    0.000000E+00    0.000000E+00    0.000000E+00    1.497619E-02    6.063546E-03    3.966334E-03    0.000000E+00    0.000000E+00    0.000000E+00
4.538000E-01    4.728433E-02   -9.103718E-03   -1.296624E+01    0.000000E+00    0.000000E+00    0.000000E+00    1.512798E-02    5.984077E-03    3.941881E-03    0.000000E+00    0.000000E+00    0.000000E+00
4.548000E-01    4.690449E-02   -9.624533E-03   -1.296749E+01    0.000000E+00    0.000000E+00    0.000000E+00    1.528156E-02    5.909616E-03    3.917251E-03    0.000000E+00    0.000000E+00    0.000000E+00
4.558000E-01    4.652626E-02   -1.014042E-02   -1.296874E+01    0.000000E+00    0.000000E+00    0.000000E+00    1.543594E-02    5.839299E-03    3.892023E-03    0.000000E+00    0.000000E+00    0.000000E+00
4.568000E-01    4.613237E-02   -1.064810E-02   -1.296997E+01    0.000000E+00    0.000000E+00    0.000000E+00    1.558940E-02    5.771519E-03    3.867561E-03    0.000000E+00    0.000000E+00    0.000000E+00
4.578000E-01    4.575114E-02   -1.117714E-02   -1.297119E+01    0.000000E+00    0.000000E+00    0.000000E+00    1.574463E-02    5.709826E-03    3.842305E-03    0.000000E+00    0.000000E+00    0.000000E+00
4.588000E-01    4.536446E-02   -1.169908E-02   -1.297240E+01    0.000000E+00    0.000000E+00    0.000000E+00    1.589643E-02    5.648082E-03    3.817470E-03    0.000000E+00    0.000000E+00    0.000000E+00
4.598000E-01    4.496888E-02   -1.221906E-02   -1.297360E+01    0.000000E+00    0.000000E+00    0.000000E+00    1.604685E-02    5.583441E-03    3.792995E-03    0.000000E+00    0.000000E+00    0.000000E+00
4.608000E-01    4.457141E-02   -1.274250E-02   -1.297479E+01    0.000000E+00    0.000000E+00    0.000000E+00    1.619797E-02    5.519078E-03    3.768767E-03    0.000000E+00    0.000000E+00    0.000000E+00
4.618000E-01    4.418059E-02   -1.326124E-02   -1.297597E+01    0.000000E+00    0.000000E+00    0.000000E+00    1.634595E-02    5.460107E-03    3.744595E-03    0.000000E+00    0.000000E+00    0.000000E+00
4.628000E-01    4.380266E-02   -1.378528E-02   -1.297713E+01    0.000000E+00    0.000000E+00    0.000000E+00    1.649556E-02    5.410125E-03    3.720408E-03    0.000000E+00    0.000000E+00    0.000000E+00
4.638000E-01    4.343293E-02   -1.431178E-02   -1.297829E+01    0.000000E+00    0.000000E+00    0.000000E+00    1.664581E-02    5.367233E-03    3.696225E-03    0.000000E+00    0.000000E+00    0.000000E+00
4.648000E-01    4.306507E-02   -1.483758E-02   -1.297943E+01    0.000000E+00    0.000000E+00    0.000000E+00    1.679533E-02    5.328737E-03    3.672051E-03    0.000000E+00    0.000000E+00    0.000000E+00
4.658000E-01    4.270249E-02   -1.537175E-02   -1.298056E+01    0.000000E+00    0.000000E+00    0.000000E+00    1.694824E-02    5.296276E-03    3.648031E-03    0.000000E+00    0.000000E+00    0.000000E+00
4.668000E-01    4.234361E-02   -1.590649E-02   -1.298169E+01    0.000000E+00    0.000000E+00    0.000000E+00    1.710033E-02    5.267899E-03    3.623996E-03    0.000000E+00    0.000000E+00    0.000000E+00
4.678000E-01    4.199041E-02   -1.643915E-02   -1.298279E+01    0.000000E+00    0.000000E+00    0.000000E+00    1.725249E-02    5.244587E-03    3.599961E-03    0.000000E+00    0.000000E+00    0.000000E+00
4.688000E-01    4.164291E-02   -1.697166E-02   -1.298389E+01    0.000000E+00    0.000000E+00    0.000000E+00    1.740602E-02    5.226778E-03    3.575880E-03    0.000000E+00    0.000000E+00    0.000000E+00
4.698000E-01    4.112197E-02   -1.715530E-02   -1.298495E+01    0.000000E+00    0.000000E+00    0.000000E+00    1.737463E-02    5.119239E-03    3.576643E-03    0.000000E+00    0.000000E+00    0.000000E+00
4.708000E-01    4.025879E-02   -1.665128E-02   -1.298597E+01    0.000000E+00    0.000000E+00    0.000000E+00    1.697834E-02    4.829234E-03    3.627028E-03    0.000000E+00    0.000000E+00    0.000000E+00
4.718000E-01    3.992499E-02   -1.719058E-02   -1.298703E+01    0.000000E+00    0.000000E+00    0.000000E+00    1.713433E-02    4.824417E-03    3.603431E-03    0.000000E+00    0.000000E+00    0.000000E+00
4.728000E-01    3.959488E-02   -1.773010E-02   -1.298808E+01    0.000000E+00    0.000000E+00    0.000000E+00    1.729034E-02    4.822882E-03    3.579577E-03    0.000000E+00    0.000000E+00    0.000000E+00
4.738000E-01    3.928132E-02   -1.829358E-02   -1.298912E+01    0.000000E+00    0.000000E+00    0.000000E+00    1.745145E-02    4.826678E-03    3.554474E-03    0.000000E+00    0.000000E+00    0.000000E+00
4.748000E-01    3.895756E-02   -1.884228E-02   -1.299014E+01    0.000000E+00    0.000000E+00    0.000000E+00    1.761303E-02    4.832848E-03    3.530436E-03    0.000000E+00    0.000000E+00    0.000000E+00
4.758000E-01    3.863913E-02   -1.939627E-02   -1.299115E+01    0.000000E+00    0.000000E+00    0.000000E+00    1.777739E-02    4.842955E-03    3.506319E-03    0.000000E+00    0.000000E+00    0.000000E+00
4.768000E-01    3.832822E-02   -1.995895E-02   -1.299215E+01    0.000000E+00    0.000000E+00    0.000000E+00    1.794620E-02    4.857580E-03    3.482086E-03    0.000000E+00    0.000000E+00    0.000000E+00
4.778000E-01    3.801966E-02   -2.052175E-02   -1.299314E+01    0.000000E+00    0.000000E+00    0.000000E+00    1.811605E-02    4.874391E-03    3.457502E-03    0.000000E+00    0.000000E+00    0.000000E+00
4.788000E-01    3.771562E-02   -2.109177E-02   -1.299412E+01    0.000000E+00    0.000000E+00    0.000000E+00    1.829024E-02    4.894202E-03    3.432629E-03    0.000000E+00    0.000000E+00    0.000000E+00
4.798000E-01    3.739368E-02   -2.163610E-02   -1.299509E+01    0.000000E+00    0.000000E+00    0.000000E+00    1.846644E-02    4.915781E-03    3.405432E-03    0.000000E+00    0.000000E+00    0.000000E+00
4.808000E-01    3.708900E-02   -2.219919E-02   -1.299604E+01    0.000000E+00    0.000000E+00    0.000000E+00    1.864336E-02    4.939772E-03    3.379419E-03    0.000000E+00    0.000000E+00    0.000000E+00
4.818000E-01    3.680034E-02   -2.278352E-02   -1.299699E+01    0.000000E+00    0.000000E+00    0.000000E+00    1.882447E-02    4.968389E-03    3.353991E-03    0.000000E+00    0.000000E+00    0.000000E+00
4.828000E-01    3.651659E-02   -2.337019E-02   -1.299793E+01    0.000000E+00    0.000000E+00    0.000000E+00    1.900578E-02    4.999350E-03    3.328432E-03    0.000000E+00    0.000000E+00    0.000000E+00
4.838000E-01    3.621851E-02   -2.398968E-02   -1.299886E+01    0.000000E+00    0.000000E+00    0.000000E+00    1.919099E-02    5.032014E-03    3.304568E-03    0.000000E+00    0.000000E+00    0.000000E+00
4.848000E-01    3.593562E-02   -2.460776E-02   -1.299978E+01    0.000000E+00    0.000000E+00    0.000000E+00    1.938526E-02    5.065130E-03    3.278534E-03    0.000000E+00    0.000000E+00    0.000000E+00
4.858000E-01    3.567378E-02   -2.520787E-02   -1.300068E+01    0.000000E+00    0.000000E+00    0.000000E+00    1.957708E-02    5.102458E-03    3.253102E-03    0.000000E+00    0.000000E+00    0.000000E+00
4.868000E-01    3.543345E-02   -2.580935E-02   -1.300158E+01    0.000000E+00    0.000000E+00    0.000000E+00    1.976950E-02    5.145229E-03    3.229245E-03    0.000000E+00    0.000000E+00    0.000000E+00
4.878000E-01    3.519025E-02   -2.640142E-02   -1.300247E+01    0.000000E+00    0.000000E+00    0.000000E+00    1.996323E-02    5.190900E-03    3.205013E-03    0.000000E+00    0.000000E+00    0.000000E+00
4.888000E-01    3.495465E-02   -2.698674E-02   -1.300335E+01    0.000000E+00    0.000000E+00    0.000000E+00    2.015560E-02    5.240885E-03    3.181378E-03    0.000000E+00    0.000000E+00    0.000000E+00
4.898000E-01    3.458352E-02   -2.762269E-02   -1.300422E+01    0.000000E+00    0.000000E+00    0.000000E+00    2.037403E-02    5.223540E-03    3.189505E-03    0.000000E+00    0.000000E+00    0.000000E+00
4.908000E-01    3.436085E-02   -2.821441E-02   -1.300509E+01    0.000000E+00    0.000000E+00    0.000000E+00    2.057387E-02    5.277956E-03    3.165992E-03    0.000000E+00    0.000000E+00    0.000000E+00
4.918000E-01    3.414504E-02   -2.880880E-02   -1.300594E+01    0.000000E+00    0.000000E+00    0.000000E+00    2.077748E-02    5.332940E-03    3.142372E-03    0.000000E+00    0.000000E+00    0.000000E+00
4.928000E-01    4.170219E-02   -2.457052E-02   -1.300733E+01    0.000000E+00    0.000000E+00    0.000000E+00    1.844621E-02    9.546343E-03    3.847442E-03    0.000000E+00    0.000000E+00    0.000000E+00
4.938000E-01    4.151010E-02   -2.516067E-02   -1.300817E+01    0.000000E+00    0.000000E+00    0.000000E+00    1.865385E-02    9.605591E-03    3.824175E-03    0.000000E+00    0.000000E+00    0.000000E+00
4.948000E-01    4.133158E-02   -2.575035E-02   -1.300900E+01    0.000000E+00    0.000000E+00    0.000000E+00    1.886414E-02    9.668230E-03    3.801169E-03    0.000000E+00    0.000000E+00    0.000000E+00
4.958000E-01    4.116523E-02   -2.633554E-02   -1.300983E+01    0.000000E+00    0.000000E+00    0.000000E+00    1.907522E-02    9.733651E-03    3.778406E-03    0.000000E+00    0.000000E+00    0.000000E+00
4.968000E-01    4.100979E-02   -2.691351E-02   -1.301064E+01    0.000000E+00    0.000000E+00    0.000000E+00    1.928578E-02    9.801092E-03    3.755743E-03    0.000000E+00    0.000000E+00    0.000000E+00
4.978000E-01    4.087037E-02   -2.749381E-02   -1.301145E+01    0.000000E+00    0.000000E+00    0.000000E+00    1.950103E-02    9.872543E-03    3.732941E-03    0.000000E+00    0.000000E+00    0.000000E+00
4.988000E-01    4.074211E-02   -2.807235E-02   -1.301225E+01    0.000000E+00    0.000000E+00    0.000000E+00    1.971774E-02    9.945606E-03    3.709891E-03    0.000000E+00    0.000000E+00    0.000000E+00
4.998000E-01    4.062506E-02   -2.864893E-02   -1.301304E+01    0.000000E+00    0.000000E+00    0.000000E+00    1.993638E-02    1.002066E-02    3.686657E-03    0.000000E+00    0.000000E+00    0.000000E+00
5.008000E-01    4.052010E-02   -2.921842E-02   -1.301383E+01    0.000000E+00    0.000000E+00    0.000000E+00    2.015424E-02    1.009840E-02    3.663583E-03    0.000000E+00    0.000000E+00    0.000000E+00
5.018000E-01    4.042780E-02   -2.976664E-02   -1.301460E+01    0.000000E+00    0.000000E+00    0.000000E+00    2.036427E-02    1.017777E-02    3.640873E-03    0.000000E+00    0.000000E+00    0.000000E+00
5.028000E-01    4.035062E-02   -3.030744E-02   -1.301536E+01    0.000000E+00    0.000000E+00    0.000000E+00    2.057260E-02    1.026078E-02    3.618831E-03    0.000000E+00    0.000000E+00    0.000000E+00
5.038000E-01    4.028792E-02   -3.084056E-02   -1.301612E+01    0.000000E+00    0.000000E+00    0.000000E+00    2.077923E-02    1.034730E-02    3.597540E-03    0.000000E+00    0.000000E+00    0.000000E+00
5.048000E-01    4.023856E-02   -3.136384E-02   -1.301687E+01    0.000000E+00    0.000000E+00    0.000000E+00    2.098318E-02    1.043693E-02    3.576963E-03    0.000000E+00    0.000000E+00    0.000000E+00
5.058000E-01    4.020870E-02   -3.188488E-02   -1.301761E+01    0.000000E+00    0.000000E+00    0.000000E+00    2.118800E-02    1.053186E-02    3.557119E-03    0.000000E+00    0.000000E+00    0.000000E+00
5.068000E-01    4.019176E-02   -3.239653E-02   -1.301834E+01    0.000000E+00    0.000000E+00    0.000000E+00    2.138933E-02    1.062988E-02    3.537763E-03    0.000000E+00    0.000000E+00    0.000000E+00
5.078000E-01    4.018910E-02   -3.290150E-02   -1.301906E+01    0.000000E+00    0.000000E+00    0.000000E+00    2.158809E-02    1.073202E-02    3.518986E-03    0.000000E+00    0.000000E+00    0.000000E+00
5.088000E-01    4.020265E-02   -3.340256E-02   -1.301977E+01    0.000000E+00    0.000000E+00    0.000000E+00    2.178664E-02    1.083773E-02    3.500600E-03    0.000000E+00    0.000000E+00    0.000000E+00
5.098000E-01    4.022181E-02   -3.389618E-02   -1.302047E+01    0.000000E+00    0.000000E+00    0.000000E+00    2.198208E-02    1.094422E-02    3.481966E-03    0.000000E+00    0.000000E+00    0.000000E+00
5.108000E-01    4.025127E-02   -3.439125E-02   -1.302116E+01    0.000000E+00    0.000000E+00    0.000000E+00    2.217832E-02    1.105327E-02    3.463323E-03    0.000000E+00    0.000000E+00    0.000000E+00
5.118000E-01    4.029233E-02   -3.488259E-02   -1.302184E+01    0.000000E+00    0.000000E+00    0.000000E+00    2.237307E-02    1.116548E-02    3.445068E-03    0.000000E+00    0.000000E+00    0.000000E+00
5.128000E-01    4.034506E-02   -3.536682E-02   -1.302252E+01    0.000000E+00    0.000000E+00    0.000000E+00    2.256486E-02    1.128117E-02    3.427279E-03    0.000000E+00    0.000000E+00    0.000000E+00
5.138000E-01    4.041416E-02   -3.585563E-02   -1.302318E+01    0.000000E+00    0.000000E+00    0.000000E+00    2.275829E-02    1.140204E-02    3.409802E-03    0.000000E+00    0.000000E+00    0.000000E+00
5.148000E-01    4.049322E-02   -3.633933E-02   -1.302383E+01    0.000000E+00    0.000000E+00    0.000000E+00    2.294891E-02    1.152544E-02    3.392659E-03    0.000000E+00    0.000000E+00    0.000000E+00
5.158000E-01    4.058326E-02   -3.682069E-02   -1.302448E+01    0.000000E+00    0.000000E+00    0.000000E+00    2.313784E-02    1.165204E-02    3.375964E-03    0.000000E+00    0.000000E+00    0.000000E+00
5.168000E-01    4.068465E-02   -3.730365E-02   -1.302511E+01    0.000000E+00    0.000000E+00    0.000000E+00    2.332661E-02    1.178249E-02    3.359678E-03    0.000000E+00    0.000000E+00    0.000000E+00
5.178000E-01    4.078909E-02   -3.782932E-02   -1.302574E+01    0.000000E+00    0.000000E+00    0.000000E+00    2.351221E-02    1.191553E-02    3.340593E-03    0.000000E+00    0.000000E+00    0.000000E+00
5.188000E-01    4.091352E-02   -3.831054E-02   -1.302636E+01    0.000000E+00    0.000000E+00    0.000000E+00    2.369669E-02    1.205147E-02    3.324246E-03    0.000000E+00    0.000000E+00    0.000000E+00
5.198000E-01    4.103283E-02   -3.879149E-02   -1.302696E+01    0.000000E+00    0.000000E+00    0.000000E+00    2.387965E-02    1.218903E-02    3.308586E-03    0.000000E+00    0.000000E+00    0.000000E+00
5.208000E-01    4.115548E-02   -3.927008E-02   -1.302756E+01    0.000000E+00    0.000000E+00    0.000000E+00    2.405953E-02    1.232771E-02    3.293019E-03    0.000000E+00    0.000000E+00    0.000000E+00
5.218000E-01    4.128129E-02   -3.976005E-02   -1.302814E+01    0.000000E+00    0.000000E+00    0.000000E+00    2.424222E-02    1.246759E-02    3.277680E-03    0.000000E+00    0.000000E+00    0.000000E+00
5.228000E-01    4.139334E-02   -4.026425E-02   -1.302872E+01    0.000000E+00    0.000000E+00    0.000000E+00    2.443110E-02    1.259929E-02    3.262451E-03    0.000000E+00    0.000000E+00    0.000000E+00
5.238000E-01    4.149465E-02   -4.078366E-02   -1.302928E+01    0.000000E+00    0.000000E+00    0.000000E+00    2.462735E-02    1.272346E-02    3.247301E-03    0.000000E+00    0.000000E+00    0.000000E+00
5.248000E-01    4.159667E-02   -4.131059E-02   -1.302984E+01    0.000000E+00    0.000000E+00    0.000000E+00    2.482708E-02    1.284604E-02    3.232216E-03    0.000000E+00    0.000000E+00    0.000000E+00
5.258000E-01    4.170732E-02   -4.182700E-02   -1.303039E+01    0.000000E+00    0.000000E+00    0.000000E+00    2.502060E-02    1.297075E-02    3.217276E-03    0.000000E+00    0.000000E+00    0.000000E+00
5.268000E-01    4.182739E-02   -4.234297E-02   -1.303093E+01    0.000000E+00    0.000000E+00    0.000000E+00    2.521169E-02    1.309938E-02    3.202501E-03    0.000000E+00    0.000000E+00    0.000000E+00
5.278000E-01    4.195103E-02   -4.285953E-02   -1.303147E+01    0.000000E+00    0.000000E+00    0.000000E+00    2.540047E-02    1.322953E-02    3.187877E-03    0.000000E+00    0.000000E+00    0.000000E+00
5.288000E-01    4.207365E-02   -4.337639E-02   -1.303199E+01    0.000000E+00    0.000000E+00    0.000000E+00    2.558683E-02    1.335909E-02    3.173403E-03    0.000000E+00    0.000000E+00    0.000000E+00
5.298000E-01    4.219367E-02   -4.388666E-02   -1.303251E+01    0.000000E+00    0.000000E+00    0.000000E+00    2.577461E-02    1.348918E-02    3.159498E-03    0.000000E+00    0.000000E+00    0.000000E+00
5.308000E-01    4.266499E-02   -4.510555E-02   -1.303306E+01    0.000000E+00    0.000000E+00    0.000000E+00    2.632640E-02    1.380538E-02    3.096018E-03    0.000000E+00    0.000000E+00    0.000000E+00
5.318000E-01    4.313687E-02   -4.632543E-02   -1.303359E+01    0.000000E+00    0.000000E+00    0.000000E+00    2.687626E-02    1.412170E-02    3.032725E-03    0.000000E+00    0.000000E+00    0.000000E+00
5.328000E-01    4.326359E-02   -4.685798E-02   -1.303409E+01    0.000000E+00    0.000000E+00    0.000000E+00    2.705944E-02    1.425243E-02    3.018953E-03    0.000000E+00    0.000000E+00    0.000000E+00
5.338000E-01    4.340475E-02   -4.739060E-02   -1.303457E+01    0.000000E+00    0.000000E+00    0.000000E+00    2.723816E-02    1.438365E-02    3.005239E-03    0.000000E+00    0.000000E+00    0.000000E+00
5.348000E-01    4.353469E-02   -4.792377E-02   -1.303505E+01    0.000000E+00    0.000000E+00    0.000000E+00    2.741625E-02    1.451667E-02    2.992320E-03    0.000000E+00    0.000000E+00    0.000000E+00
5.358000E-01    4.366579E-02   -4.845822E-02   -1.303551E+01    0.000000E+00    0.000000E+00    0.000000E+00    2.759252E-02    1.465060E-02    2.979530E-03    0.000000E+00    0.000000E+00    0.000000E+00
5.368000E-01    4.379462E-02   -4.899084E-02   -1.303597E+01    0.000000E+00    0.000000E+00    0.000000E+00    2.776593E-02    1.478371E-02    2.966508E-03    0.000000E+00    0.000000E+00    0.000000E+00
5.378000E-01    4.392301E-02   -4.953148E-02   -1.303642E+01    0.000000E+00    0.000000E+00    0.000000E+00    2.794095E-02    1.491648E-02    2.952978E-03    0.000000E+00    0.000000E+00    0.000000E+00
5.388000E-01    4.404932E-02   -5.006865E-02   -1.303687E+01    0.000000E+00    0.000000E+00    0.000000E+00    2.811305E-02    1.504786E-02    2.939122E-03    0.000000E+00    0.000000E+00    0.000000E+00
5.398000E-01    4.417834E-02   -5.060304E-02   -1.303730E+01    0.000000E+00    0.000000E+00    0.000000E+00    2.828278E-02    1.517980E-02    2.925347E-03    0.000000E+00    0.000000E+00    0.000000E+00
5.408000E-01    4.431257E-02   -5.113985E-02   -1.303773E+01    0.000000E+00    0.000000E+00    0.000000E+00    2.845188E-02    1.531376E-02    2.911855E-03    0.000000E+00    0.000000E+00    0.000000E+00
5.418000E-01    4.444850E-02   -5.167135E-02   -1.303815E+01    0.000000E+00    0.000000E+00    0.000000E+00    2.861773E-02    1.544725E-02    2.898064E-03    0.000000E+00    0.000000E+00    0.000000E+00
5.428000E-01    4.459071E-02   -5.219054E-02   -1.303857E+01    0.000000E+00    0.000000E+00    0.000000E+00    2.878436E-02    1.558169E-02    2.883009E-03    0.000000E+00    0.000000E+00    0.000000E+00
5.438000E-01    4.473741E-02   -5.270742E-02   -1.303897E+01    0.000000E+00    0.000000E+00    0.000000E+00    2.894901E-02    1.571743E-02    2.867972E-03    0.000000E+00    0.000000E+00    0.000000E+00
5.448000E-01    4.488678E-02   -5.322994E-02   -1.303937E+01    0.000000E+00    0.000000E+00    0.000000E+00    2.910915E-02    1.585446E-02    2.854031E-03    0.000000E+00    0.000000E+00    0.000000E+00
5.458000E-01    5.224514E-02   -5.823588E-02   -1.304026E+01    0.000000E+00    0.000000E+00    0.000000E+00    3.162372E-02    1.985093E-02    2.164172E-03    0.000000E+00    0.000000E+00    0.000000E+00
5.468000E-01    5.240122E-02   -5.874236E-02   -1.304065E+01    0.000000E+00    0.000000E+00    0.000000E+00    3.177708E-02    1.999120E-02    2.150274E-03    0.000000E+00    0.000000E+00    0.000000E+00
5.478000E-01    5.255884E-02   -5.924251E-02   -1.304103E+01    0.000000E+00    0.000000E+00    0.000000E+00    3.192769E-02    2.013223E-02    2.136273E-03    0.000000E+00    0.000000E+00    0.000000E+00
5.488000E-01    5.276257E-02   -5.973277E-02   -1.304141E+01    0.000000E+00    0.000000E+00    0.000000E+00    3.207731E-02    2.027533E-02    2.124802E-03    0.000000E+00    0.000000E+00    0.000000E+00
5.498000E-01    5.292496E-02   -6.021478E-02   -1.304178E+01    0.000000E+00    0.000000E+00    0.000000E+00    3.222079E-02    2.041662E-02    2.110691E-03    0.000000E+00    0.000000E+00    0.000000E+00
5.508000E-01    5.309306E-02   -6.069057E-02   -1.304214E+01    0.000000E+00    0.000000E+00    0.000000E+00    3.236240E-02    2.055891E-02    2.096598E-03    0.000000E+00    0.000000E+00    0.000000E+00
5.518000E-01    5.326551E-02   -6.115637E-02   -1.304250E+01    0.000000E+00    0.000000E+00    0.000000E+00    3.250053E-02    2.070158E-02    2.082431E-03    0.000000E+00    0.000000E+00    0.000000E+00
5.528000E-01    5.344083E-02   -6.160775E-02   -1.304285E+01    0.000000E+00    0.000000E+00    0.000000E+00    3.263338E-02    2.084393E-02    2.068150E-03    0.000000E+00    0.000000E+00    0.000000E+00
5.538000E-01    5.362382E-02   -6.205238E-02   -1.304319E+01    0.000000E+00    0.000000E+00    0.000000E+00    3.276458E-02    2.098762E-02    2.053758E-03    0.000000E+00    0.000000E+00    0.000000E+00
5.548000E-01    5.380872E-02   -6.248181E-02   -1.304353E+01    0.000000E+00    0.000000E+00    0.000000E+00    3.289060E-02    2.113086E-02    2.039164E-03    0.000000E+00    0.000000E+00    0.000000E+00
5.558000E-01    5.399971E-02   -6.290008E-02   -1.304387E+01    0.000000E+00    0.000000E+00    0.000000E+00    3.301320E-02    2.127467E-02    2.024482E-03    0.000000E+00    0.000000E+00    0.000000E+00
5.568000E-01    5.419768E-02   -6.331073E-02   -1.304420E+01    0.000000E+00    0.000000E+00    0.000000E+00    3.313404E-02    2.141976E-02    2.009650E-03    0.000000E+00    0.000000E+00    0.000000E+00
5.578000E-01    5.440000E-02   -6.370097E-02   -1.304452E+01    0.000000E+00    0.000000E+00    0.000000E+00    3.324835E-02    2.156460E-02    1.994609E-03    0.000000E+00    0.000000E+00    0.000000E+00
5.588000E-01    5.460882E-02   -6.408204E-02   -1.304484E+01    0.000000E+00    0.000000E+00    0.000000E+00    3.336047E-02    2.171062E-02    1.979381E-03    0.000000E+00    0.000000E+00    0.000000E+00
5.598000E-01    5.482303E-02   -6.445000E-02   -1.304515E+01    0.000000E+00    0.000000E+00    0.000000E+00    3.346880E-02    2.185719E-02    1.963971E-03    0.000000E+00    0.000000E+00    0.000000E+00
5.608000E-01    5.504036E-02   -6.479951E-02   -1.304546E+01    0.000000E+00    0.000000E+00    0.000000E+00    3.357173E-02    2.200355E-02    1.948463E-03    0.000000E+00    0.000000E+00    0.000000E+00
5.618000E-01    5.526586E-02   -6.514277E-02   -1.304577E+01    0.000000E+00    0.000000E+00    0.000000E+00    3.367372E-02    2.215119E-02    1.932828E-03    0.000000E+00    0.000000E+00    0.000000E+00
5.628000E-01    5.549469E-02   -6.546978E-02   -1.304607E+01    0.000000E+00    0.000000E+00    0.000000E+00    3.377150E-02    2.229825E-02    1.917147E-03    0.000000E+00    0.000000E+00    0.000000E+00
5.638000E-01    5.572796E-02   -6.578323E-02   -1.304636E+01    0.000000E+00    0.000000E+00    0.000000E+00    3.386618E-02    2.244585E-02    1.901308E-03    0.000000E+00    0.000000E+00    0.000000E+00
5.648000E-01    5.596644E-02   -6.608648E-02   -1.304666E+01    0.000000E+00    0.000000E+00    0.000000E+00    3.395877E-02    2.259406E-02    1.885494E-03    0.000000E+00    0.000000E+00    0.000000E+00
5.658000E-01    5.620974E-02   -6.636754E-02   -1.304695E+01    0.000000E+00    0.000000E+00    0.000000E+00    3.404409E-02    2.274235E-02    1.869423E-03    0.000000E+00    0.000000E+00    0.000000E+00
5.668000E-01    5.643608E-02   -6.662200E-02   -1.304724E+01    0.000000E+00    0.000000E+00    0.000000E+00    3.412649E-02    2.289178E-02    1.854963E-03    0.000000E+00    0.000000E+00    0.000000E+00
5.678000E-01    5.666748E-02   -6.686269E-02   -1.304752E+01    0.000000E+00    0.000000E+00    0.000000E+00    3.420378E-02    2.304281E-02    1.840502E-03    0.000000E+00    0.000000E+00    0.000000E+00
5.688000E-01    5.692496E-02   -6.710210E-02   -1.304780E+01    0.000000E+00    0.000000E+00    0.000000E+00    3.427422E-02    2.319552E-02    1.824392E-03    0.000000E+00    0.000000E+00    0.000000E+00
5.698000E-01    5.718653E-02   -6.733276E-02   -1.304808E+01    0.000000E+00    0.000000E+00    0.000000E+00    3.434175E-02    2.335008E-02    1.808257E-03    0.000000E+00    0.000000E+00    0.000000E+00
5.708000E-01    5.746838E-02   -6.754280E-02   -1.304835E+01    0.000000E+00    0.000000E+00    0.000000E+00    3.440458E-02    2.350364E-02    1.790848E-03    0.000000E+00    0.000000E+00    0.000000E+00
5.718000E-01    5.774550E-02   -6.774829E-02   -1.304863E+01    0.000000E+00    0.000000E+00    0.000000E+00    3.446803E-02    2.365324E-02    1.773368E-03    0.000000E+00    0.000000E+00    0.000000E+00
5.728000E-01    5.799497E-02   -6.796332E-02   -1.304890E+01    0.000000E+00    0.000000E+00    0.000000E+00    3.453655E-02    2.379667E-02    1.757032E-03    0.000000E+00    0.000000E+00    0.000000E+00
5.738000E-01    5.822872E-02   -6.816030E-02   -1.304916E+01    0.000000E+00    0.000000E+00    0.000000E+00    3.460222E-02    2.393523E-02    1.740283E-03    0.000000E+00    0.000000E+00    0.000000E+00
5.748000E-01    5.848567E-02   -6.834854E-02   -1.304942E+01    0.000000E+00    0.000000E+00    0.000000E+00    3.466488E-02    2.407628E-02    1.723793E-03    0.000000E+00    0.000000E+00    0.000000E+00
5.758000E-01    5.875032E-02   -6.851940E-02   -1.304969E+01    0.000000E+00    0.000000E+00    0.000000E+00    3.472215E-02    2.421969E-02    1.707346E-03    0.000000E+00    0.000000E+00    0.000000E+00
5.768000E-01    5.902060E-02   -6.867144E-02   -1.304995E+01    0.000000E+00    0.000000E+00    0.000000E+00    3.477343E-02    2.436380E-02    1.690944E-03    0.000000E+00    0.000000E+00    0.000000E+00
5.778000E-01    5.929964E-02   -6.881464E-02   -1.305020E+01    0.000000E+00    0.000000E+00    0.000000E+00    3.482278E-02    2.450979E-02    1.674552E-03    0.000000E+00    0.000000E+00    0.000000E+00
5.788000E-01    5.958363E-02   -6.894193E-02   -1.305046E+01    0.000000E+00    0.000000E+00    0.000000E+00    3.486566E-02    2.465746E-02    1.658060E-03    0.000000E+00    0.000000E+00    0.000000E+00
5.798000E-01    5.987394E-02   -6.905647E-02   -1.305071E+01    0.000000E+00    0.000000E+00    0.000000E+00    3.490325E-02    2.480787E-02    1.641498E-03    0.000000E+00    0.000000E+00    0.000000E+00
5.808000E-01    6.016896E-02   -6.916256E-02   -1.305097E+01    0.000000E+00    0.000000E+00    0.000000E+00    3.493769E-02    2.496037E-02    1.625073E-03    0.000000E+00    0.000000E+00    0.000000E+00
5.818000E-01    6.047113E-02   -6.926772E-02   -1.305122E+01    0.000000E+00    0.000000E+00    0.000000E+00    3.496569E-02    2.511227E-02    1.609749E-03    0.000000E+00    0.000000E+00    0.000000E+00
5.828000E-01    6.076981E-02   -6.934960E-02   -1.305147E+01    0.000000E+00    0.000000E+00    0.000000E+00    3.499172E-02    2.526523E-02    1.593239E-03    0.000000E+00    0.000000E+00    0.000000E+00
5.838000E-01    6.104234E-02   -6.942618E-02   -1.305172E+01    0.000000E+00    0.000000E+00    0.000000E+00    3.501441E-02    2.541856E-02    1.578215E-03    0.000000E+00    0.000000E+00    0.000000E+00
5.848000E-01    6.061832E-02   -6.807108E-02   -1.305190E+01    0.000000E+00    0.000000E+00    0.000000E+00    3.429954E-02    2.519902E-02    1.657769E-03    0.000000E+00    0.000000E+00    0.000000E+00
5.858000E-01    6.093046E-02   -6.812276E-02   -1.305214E+01    0.000000E+00    0.000000E+00    0.000000E+00    3.431487E-02    2.535548E-02    1.640625E-03    0.000000E+00    0.000000E+00    0.000000E+00
5.868000E-01    6.124265E-02   -6.816138E-02   -1.305238E+01    0.000000E+00    0.000000E+00    0.000000E+00    3.432508E-02    2.551178E-02    1.623320E-03    0.000000E+00    0.000000E+00    0.000000E+00
5.878000E-01    6.155562E-02   -6.818945E-02   -1.305262E+01    0.000000E+00    0.000000E+00    0.000000E+00    3.433173E-02    2.566844E-02    1.605907E-03    0.000000E+00    0.000000E+00    0.000000E+00
5.888000E-01    6.184852E-02   -6.824459E-02   -1.305287E+01    0.000000E+00    0.000000E+00    0.000000E+00    3.433698E-02    2.582553E-02    1.590560E-03    0.000000E+00    0.000000E+00    0.000000E+00
5.898000E-01    6.217124E-02   -6.824659E-02   -1.305310E+01    0.000000E+00    0.000000E+00    0.000000E+00    3.433544E-02    2.598291E-02    1.572877E-03    0.000000E+00    0.000000E+00    0.000000E+00
5.908000E-01    6.249502E-02   -6.825184E-02   -1.305334E+01    0.000000E+00    0.000000E+00    0.000000E+00    3.433261E-02    2.614105E-02    1.554830E-03    0.000000E+00    0.000000E+00    0.000000E+00
5.918000E-01    6.281807E-02   -6.824458E-02   -1.305357E+01    0.000000E+00    0.000000E+00    0.000000E+00    3.432656E-02    2.629922E-02    1.536765E-03    0.000000E+00    0.000000E+00    0.000000E+00
5.928000E-01    6.314150E-02   -6.822521E-02   -1.305381E+01    0.000000E+00    0.000000E+00    0.000000E+00    3.431580E-02    2.645678E-02    1.518530E-03    0.000000E+00    0.000000E+00    0.000000E+00
5.938000E-01    6.346888E-02   -6.820212E-02   -1.305404E+01    0.000000E+00    0.000000E+00    0.000000E+00    3.430423E-02    2.661535E-02    1.500160E-03    0.000000E+00    0.000000E+00    0.000000E+00
5.948000E-01    6.380078E-02   -6.816073E-02   -1.305427E+01    0.000000E+00    0.000000E+00    0.000000E+00    3.428796E-02    2.677351E-02    1.482138E-03    0.000000E+00    0.000000E+00    0.000000E+00
5.958000E-01    6.413378E-02   -6.811048E-02   -1.305450E+01    0.000000E+00    0.000000E+00    0.000000E+00    3.426791E-02    2.693172E-02    1.464039E-03    0.000000E+00    0.000000E+00    0.000000E+00
5.968000E-01    6.446443E-02   -6.806222E-02   -1.305472E+01    0.000000E+00    0.000000E+00    0.000000E+00    3.424599E-02    2.709033E-02    1.445469E-03    0.000000E+00    0.000000E+00    0.000000E+00
5.978000E-01    6.479367E-02   -6.800079E-02   -1.305495E+01    0.000000E+00    0.000000E+00    0.000000E+00    3.421855E-02    2.724781E-02    1.426915E-03    0.000000E+00    0.000000E+00    0.000000E+00
5.988000E-01    6.512443E-02   -6.793789E-02   -1.305518E+01    0.000000E+00    0.000000E+00    0.000000E+00    3.419082E-02    2.740584E-02    1.408409E-03    0.000000E+00    0.000000E+00    0.000000E+00
5.998000E-01    6.544419E-02   -6.788093E-02   -1.305541E+01    0.000000E+00    0.000000E+00    0.000000E+00    3.416155E-02    2.756328E-02    1.389163E-03    0.000000E+00    0.000000E+00    0.000000E+00
6.008000E-01    6.577053E-02   -6.780628E-02   -1.305563E+01    0.000000E+00    0.000000E+00    0.000000E+00    3.412829E-02    2.771932E-02    1.370652E-03    0.000000E+00    0.000000E+00    0.000000E+00
6.018000E-01    6.610121E-02   -6.771381E-02   -1.305586E+01    0.000000E+00    0.000000E+00    0.000000E+00    3.409450E-02    2.787572E-02    1.353232E-03    0.000000E+00    0.000000E+00    0.000000E+00
6.028000E-01    6.642759E-02   -6.758670E-02   -1.305609E+01    0.000000E+00    0.000000E+00    0.000000E+00    3.405649E-02    2.803148E-02    1.337198E-03    0.000000E+00    0.000000E+00    0.000000E+00
6.038000E-01    6.672757E-02   -6.748832E-02   -1.305631E+01    0.000000E+00    0.000000E+00    0.000000E+00    3.401774E-02    2.818623E-02    1.316954E-03    0.000000E+00    0.000000E+00    0.000000E+00
6.048000E-01    6.705123E-02   -6.739133E-02   -1.305654E+01    0.000000E+00    0.000000E+00    0.000000E+00    3.397862E-02    2.834174E-02    1.298108E-03    0.000000E+00    0.000000E+00    0.000000E+00
6.058000E-01    6.738327E-02   -6.728249E-02   -1.305676E+01    0.000000E+00    0.000000E+00    0.000000E+00    3.393430E-02    2.849575E-02    1.280048E-03    0.000000E+00    0.000000E+00    0.000000E+00
6.068000E-01    6.771648E-02   -6.716991E-02   -1.305698E+01    0.000000E+00    0.000000E+00    0.000000E+00    3.388898E-02    2.864970E-02    1.262177E-03    0.000000E+00    0.000000E+00    0.000000E+00
6.078000E-01    6.805022E-02   -6.705011E-02   -1.305720E+01    0.000000E+00    0.000000E+00    0.000000E+00    3.384071E-02    2.880300E-02    1.244515E-03    0.000000E+00    0.000000E+00    0.000000E+00
6.088000E-01    6.838198E-02   -6.692170E-02   -1.305742E+01    0.000000E+00    0.000000E+00    0.000000E+00    3.378808E-02    2.895498E-02    1.226931E-03    0.000000E+00    0.000000E+00    0.000000E+00
6.098000E-01    6.874300E-02   -6.683302E-02   -1.305765E+01    0.000000E+00    0.000000E+00    0.000000E+00    3.373635E-02    2.910797E-02    1.206654E-03    0.000000E+00    0.000000E+00    0.000000E+00
6.108000E-01    6.907263E-02   -6.669933E-02   -1.305788E+01    0.000000E+00    0.000000E+00    0.000000E+00    3.368085E-02    2.925854E-02    1.189257E-03    0.000000E+00    0.000000E+00    0.000000E+00
6.118000E-01    6.940316E-02   -6.655906E-02   -1.305810E+01    0.000000E+00    0.000000E+00    0.000000E+00    3.362361E-02    2.940813E-02    1.172104E-03    0.000000E+00    0.000000E+00    0.000000E+00
6.128000E-01    6.973349E-02   -6.641764E-02   -1.305832E+01    0.000000E+00    0.000000E+00    0.000000E+00    3.356658E-02    2.955746E-02    1.155106E-03    0.000000E+00    0.000000E+00    0.000000E+00
6.138000E-01    7.005853E-02   -6.626579E-02   -1.305854E+01    0.000000E+00    0.000000E+00    0.000000E+00    3.350561E-02    2.970474E-02    1.138053E-03    0.000000E+00    0.000000E+00    0.000000E+00
6.148000E-01    7.038232E-02   -6.611316E-02   -1.305876E+01    0.000000E+00    0.000000E+00    0.000000E+00    3.344485E-02    2.985130E-02    1.121013E-03    0.000000E+00    0.000000E+00    0.000000E+00
6.158000E-01    7.070446E-02   -6.595565E-02   -1.305899E+01    0.000000E+00    0.000000E+00    0.000000E+00    3.338253E-02    2.999624E-02    1.103994E-03    0.000000E+00    0.000000E+00    0.000000E+00
6.168000E-01    7.102232E-02   -6.579347E-02   -1.305921E+01    0.000000E+00    0.000000E+00    0.000000E+00    3.331722E-02    3.013889E-02    1.087049E-03    0.000000E+00    0.000000E+00    0.000000E+00
6.178000E-01    7.134462E-02   -6.562743E-02   -1.305943E+01    0.000000E+00    0.000000E+00    0.000000E+00    3.325288E-02    3.028120E-02    1.070059E-03    0.000000E+00    0.000000E+00    0.000000E+00
6.188000E-01    7.166749E-02   -6.545266E-02   -1.305965E+01    0.000000E+00    0.000000E+00    0.000000E+00    3.318535E-02    3.042210E-02    1.053127E-03    0.000000E+00    0.000000E+00    0.000000E+00
6.198000E-01    7.199136E-02   -6.527174E-02   -1.305988E+01    0.000000E+00    0.000000E+00    0.000000E+00    3.311608E-02    3.056219E-02    1.036379E-03    0.000000E+00    0.000000E+00    0.000000E+00
6.208000E-01    7.231641E-02   -6.508605E-02   -1.306010E+01    0.000000E+00    0.000000E+00    0.000000E+00    3.304728E-02    3.070228E-02    1.019499E-03    0.000000E+00    0.000000E+00    0.000000E+00
6.218000E-01    7.264279E-02   -6.489647E-02   -1.306032E+01    0.000000E+00    0.000000E+00    0.000000E+00    3.297603E-02    3.084038E-02    1.002389E-03    0.000000E+00    0.000000E+00    0.000000E+00
6.228000E-01    7.297119E-02   -6.470883E-02   -1.306054E+01    0.000000E+00    0.000000E+00    0.000000E+00    3.290673E-02    3.097787E-02    9.850923E-04    0.000000E+00    0.000000E+00    0.000000E+00
6.238000E-01    7.330139E-02   -6.451746E-02   -1.306076E+01    0.000000E+00    0.000000E+00    0.000000E+00    3.283697E-02    3.111443E-02    9.676852E-04    0.000000E+00    0.000000E+00    0.000000E+00
6.248000E-01    7.362767E-02   -6.434794E-02   -1.306099E+01    0.000000E+00    0.000000E+00    0.000000E+00    3.276516E-02    3.124985E-02    9.485604E-04    0.000000E+00    0.000000E+00    0.000000E+00
6.258000E-01    7.396469E-02   -6.413867E-02   -1.306121E+01    0.000000E+00    0.000000E+00    0.000000E+00    3.269340E-02    3.138567E-02    9.309542E-04    0.000000E+00    0.000000E+00    0.000000E+00
6.268000E-01    7.429976E-02   -6.392776E-02   -1.306143E+01    0.000000E+00    0.000000E+00    0.000000E+00    3.261874E-02    3.152016E-02    9.134979E-04    0.000000E+00    0.000000E+00    0.000000E+00
6.278000E-01    7.465675E-02   -6.372619E-02   -1.306165E+01    0.000000E+00    0.000000E+00    0.000000E+00    3.254337E-02    3.165450E-02    8.975109E-04    0.000000E+00    0.000000E+00    0.000000E+00
6.288000E-01    7.500475E-02   -6.351322E-02   -1.306187E+01    0.000000E+00    0.000000E+00    0.000000E+00    3.246822E-02    3.178940E-02    8.805569E-04    0.000000E+00    0.000000E+00    0.000000E+00
6.298000E-01    7.535163E-02   -6.328296E-02   -1.306209E+01    0.000000E+00    0.000000E+00    0.000000E+00    3.238857E-02    3.192445E-02    8.628060E-04    0.000000E+00    0.000000E+00    0.000000E+00
6.308000E-01    7.571140E-02   -6.305058E-02   -1.306232E+01    0.000000E+00    0.000000E+00    0.000000E+00    3.230856E-02    3.206113E-02    8.445992E-04    0.000000E+00    0.000000E+00    0.000000E+00
6.318000E-01    7.605815E-02   -6.280931E-02   -1.306254E+01    0.000000E+00    0.000000E+00    0.000000E+00    3.222668E-02    3.219711E-02    8.273341E-04    0.000000E+00    0.000000E+00    0.000000E+00
6.328000E-01    7.640398E-02   -6.255794E-02   -1.306276E+01    0.000000E+00    0.000000E+00    0.000000E+00    3.214121E-02    3.233146E-02    8.102214E-04    0.000000E+00    0.000000E+00    0.000000E+00
6.338000E-01    7.674527E-02   -6.230579E-02   -1.306299E+01    0.000000E+00    0.000000E+00    0.000000E+00    3.205615E-02    3.246530E-02    7.934831E-04    0.000000E+00    0.000000E+00    0.000000E+00
6.348000E-01    7.710833E-02   -6.204039E-02   -1.306321E+01    0.000000E+00    0.000000E+00    0.000000E+00    3.196771E-02    3.259830E-02    7.776997E-04    0.000000E+00    0.000000E+00    0.000000E+00
6.358000E-01    7.747367E-02   -6.176915E-02   -1.306344E+01    0.000000E+00    0.000000E+00    0.000000E+00    3.187755E-02    3.273124E-02    7.621520E-04    0.000000E+00    0.000000E+00    0.000000E+00
6.368000E-01    7.782730E-02   -6.149753E-02   -1.306366E+01    0.000000E+00    0.000000E+00    0.000000E+00    3.178727E-02    3.286490E-02    7.460732E-04    0.000000E+00    0.000000E+00    0.000000E+00
6.378000E-01    7.820925E-02   -6.119405E-02   -1.306389E+01    0.000000E+00    0.000000E+00    0.000000E+00    3.169170E-02    3.299870E-02    7.288170E-04    0.000000E+00    0.000000E+00    0.000000E+00
6.388000E-01    7.856834E-02   -6.090931E-02   -1.306412E+01    0.000000E+00    0.000000E+00    0.000000E+00    3.159640E-02    3.313318E-02    7.135235E-04    0.000000E+00    0.000000E+00    0.000000E+00
6.398000E-01    7.892446E-02   -6.062141E-02   -1.306435E+01    0.000000E+00    0.000000E+00    0.000000E+00    3.149942E-02    3.326752E-02    6.982448E-04    0.000000E+00    0.000000E+00    0.000000E+00
6.408000E-01    7.927673E-02   -6.032786E-02   -1.306457E+01    0.000000E+00    0.000000E+00    0.000000E+00    3.139973E-02    3.340049E-02    6.829685E-04    0.000000E+00    0.000000E+00    0.000000E+00
6.418000E-01    7.963200E-02   -6.000795E-02   -1.306481E+01    0.000000E+00    0.000000E+00    0.000000E+00    3.130164E-02    3.353282E-02    6.661206E-04    0.000000E+00    0.000000E+00    0.000000E+00
6.428000E-01    7.998004E-02   -5.971253E-02   -1.306504E+01    0.000000E+00    0.000000E+00    0.000000E+00    3.120230E-02    3.366345E-02    6.509023E-04    0.000000E+00    0.000000E+00    0.000000E+00
6.438000E-01    8.030464E-02   -5.939756E-02   -1.306527E+01    0.000000E+00    0.000000E+00    0.000000E+00    3.110201E-02    3.379268E-02    6.371943E-04    0.000000E+00    0.000000E+00    0.000000E+00
6.448000E-01    8.064473E-02   -5.909278E-02   -1.306550E+01    0.000000E+00    0.000000E+00    0.000000E+00    3.100255E-02    3.392204E-02    6.226329E-04    0.000000E+00    0.000000E+00    0.000000E+00
6.458000E-01    8.097946E-02   -5.878803E-02   -1.306573E+01    0.000000E+00    0.000000E+00    0.000000E+00    3.090016E-02    3.404928E-02    6.078396E-04    0.000000E+00    0.000000E+00    0.000000E+00
6.468000E-01    8.130099E-02   -5.848936E-02   -1.306597E+01    0.000000E+00    0.000000E+00    0.000000E+00    3.079959E-02    3.417611E-02    5.937796E-04    0.000000E+00    0.000000E+00    0.000000E+00
6.478000E-01    8.164386E-02   -5.818706E-02   -1.306620E+01    0.000000E+00    0.000000E+00    0.000000E+00    3.069906E-02    3.430305E-02    5.786898E-04    0.000000E+00    0.000000E+00    0.000000E+00
6.488000E-01    8.198596E-02   -5.787961E-02   -1.306643E+01    0.000000E+00    0.000000E+00    0.000000E+00    3.059644E-02    3.442939E-02    5.638012E-04    0.000000E+00    0.000000E+00    0.000000E+00
6.498000E-01    8.233066E-02   -5.757613E-02   -1.306666E+01    0.000000E+00    0.000000E+00    0.000000E+00    3.049607E-02    3.455673E-02    5.491229E-04    0.000000E+00    0.000000E+00    0.000000E+00
6.508000E-01    8.267315E-02   -5.726825E-02   -1.306690E+01    0.000000E+00    0.000000E+00    0.000000E+00    3.039417E-02    3.468307E-02    5.343427E-04    0.000000E+00    0.000000E+00    0.000000E+00
6.518000E-01    8.301497E-02   -5.696042E-02   -1.306713E+01    0.000000E+00    0.000000E+00    0.000000E+00    3.029254E-02    3.480915E-02    5.193212E-04    0.000000E+00    0.000000E+00    0.000000E+00
6.528000E-01    8.336215E-02   -5.665433E-02   -1.306736E+01    0.000000E+00    0.000000E+00    0.000000E+00    3.019238E-02    3.493605E-02    5.042131E-04    0.000000E+00    0.000000E+00    0.000000E+00
6.538000E-01    8.370390E-02   -5.634186E-02   -1.306759E+01    0.000000E+00    0.000000E+00    0.000000E+00    3.008910E-02    3.506194E-02    4.888464E-04    0.000000E+00    0.000000E+00    0.000000E+00
6.548000E-01    8.404651E-02   -5.603122E-02   -1.306782E+01    0.000000E+00    0.000000E+00    0.000000E+00    2.998704E-02    3.518864E-02    4.733340E-04    0.000000E+00    0.000000E+00    0.000000E+00
6.558000E-01    8.438912E-02   -5.571932E-02   -1.306806E+01    0.000000E+00    0.000000E+00    0.000000E+00    2.988466E-02    3.531551E-02    4.576038E-04    0.000000E+00    0.000000E+00    0.000000E+00
6.568000E-01    8.472914E-02   -5.540333E-02   -1.306829E+01    0.000000E+00    0.000000E+00    0.000000E+00    2.978051E-02    3.544167E-02    4.415855E-04    0.000000E+00    0.000000E+00    0.000000E+00
6.578000E-01    8.507057E-02   -5.509197E-02   -1.306852E+01    0.000000E+00    0.000000E+00    0.000000E+00    2.967893E-02    3.556877E-02    4.252156E-04    0.000000E+00    0.000000E+00    0.000000E+00
6.588000E-01    8.540965E-02   -5.477621E-02   -1.306875E+01    0.000000E+00    0.000000E+00    0.000000E+00    2.957566E-02    3.569516E-02    4.084729E-04    0.000000E+00    0.000000E+00    0.000000E+00
6.598000E-01    8.574753E-02   -5.446070E-02   -1.306899E+01    0.000000E+00    0.000000E+00    0.000000E+00    2.947285E-02    3.582135E-02    3.913635E-04    0.000000E+00    0.000000E+00    0.000000E+00
6.608000E-01    8.608588E-02   -5.414871E-02   -1.306922E+01    0.000000E+00    0.000000E+00    0.000000E+00    2.937253E-02    3.594812E-02    3.738869E-04    0.000000E+00    0.000000E+00    0.000000E+00
6.618000E-01    8.642096E-02   -5.382980E-02   -1.306945E+01    0.000000E+00    0.000000E+00    0.000000E+00    2.927024E-02    3.607383E-02    3.559007E-04    0.000000E+00    0.000000E+00    0.000000E+00
6.628000E-01    8.675597E-02   -5.351330E-02   -1.306968E+01    0.000000E+00    0.000000E+00    0.000000E+00    2.916977E-02    3.619989E-02    3.375080E-04    0.000000E+00    0.000000E+00    0.000000E+00
6.638000E-01    8.708934E-02   -5.319537E-02   -1.306992E+01    0.000000E+00    0.000000E+00    0.000000E+00    2.906919E-02    3.632552E-02    3.187005E-04    0.000000E+00    0.000000E+00    0.000000E+00
6.648000E-01    8.741913E-02   -5.287227E-02   -1.307015E+01    0.000000E+00    0.000000E+00    0.000000E+00    2.896668E-02    3.644998E-02    2.994078E-04    0.000000E+00    0.000000E+00    0.000000E+00
6.658000E-01    8.774899E-02   -5.255436E-02   -1.307039E+01    0.000000E+00    0.000000E+00    0.000000E+00    2.886712E-02    3.657492E-02    2.795178E-04    0.000000E+00    0.000000E+00    0.000000E+00
6.668000E-01    8.807203E-02   -5.221422E-02   -1.307062E+01    0.000000E+00    0.000000E+00    0.000000E+00    2.876647E-02    3.669839E-02    2.599690E-04    0.000000E+00    0.000000E+00    0.000000E+00
6.678000E-01    8.839299E-02   -5.187580E-02   -1.307086E+01    0.000000E+00    0.000000E+00    0.000000E+00    2.866653E-02    3.682100E-02    2.398221E-04    0.000000E+00    0.000000E+00    0.000000E+00
6.688000E-01    8.871660E-02   -5.155835E-02   -1.307109E+01    0.000000E+00    0.000000E+00    0.000000E+00    2.856869E-02    3.694384E-02    2.183173E-04    0.000000E+00    0.000000E+00    0.000000E+00
6.698000E-01    8.903721E-02   -5.123289E-02   -1.307133E+01    0.000000E+00    0.000000E+00    0.000000E+00    2.846802E-02    3.706560E-02    1.964763E-04    0.000000E+00    0.000000E+00    0.000000E+00
6.708000E-01    8.936141E-02   -5.090949E-02   -1.307156E+01    0.000000E+00    0.000000E+00    0.000000E+00    2.836933E-02    3.718773E-02    1.743628E-04    0.000000E+00    0.000000E+00    0.000000E+00
6.718000E-01    8.968710E-02   -5.060022E-02   -1.307180E+01    0.000000E+00    0.000000E+00    0.000000E+00    2.827130E-02    3.730953E-02    1.527780E-04    0.000000E+00    0.000000E+00    0.000000E+00
6.728000E-01    9.000647E-02   -5.027804E-02   -1.307203E+01    0.000000E+00    0.000000E+00    0.000000E+00    2.817155E-02    3.743086E-02    1.304977E-04    0.000000E+00    0.000000E+00    0.000000E+00
6.738000E-01    9.032832E-02   -4.995600E-02   -1.307226E+01    0.000000E+00    0.000000E+00    0.000000E+00    2.807439E-02    3.755344E-02    1.077088E-04    0.000000E+00    0.000000E+00    0.000000E+00
6.748000E-01    9.064967E-02   -4.963084E-02   -1.307249E+01    0.000000E+00    0.000000E+00    0.000000E+00    2.797598E-02    3.767533E-02    8.468570E-05    0.000000E+00    0.000000E+00    0.000000E+00
6.758000E-01    9.097134E-02   -4.930646E-02   -1.307273E+01    0.000000E+00    0.000000E+00    0.000000E+00    2.787839E-02    3.779760E-02    6.143477E-05    0.000000E+00    0.000000E+00    0.000000E+00
6.768000E-01    9.129668E-02   -4.898560E-02   -1.307296E+01    0.000000E+00    0.000000E+00    0.000000E+00    2.778294E-02    3.791946E-02    3.799717E-05    0.000000E+00    0.000000E+00    0.000000E+00
6.778000E-01    9.162152E-02   -4.866045E-02   -1.307319E+01    0.000000E+00    0.000000E+00    0.000000E+00    2.768585E-02    3.804230E-02    1.423075E-05    0.000000E+00    0.000000E+00    0.000000E+00
6.788000E-01    9.191476E-02   -4.827779E-02   -1.307343E+01    0.000000E+00    0.000000E+00    0.000000E+00    2.756096E-02    3.814865E-02   -2.518958E-05    0.000000E+00    0.000000E+00    0.000000E+00
6.798000E-01    9.219488E-02   -4.790575E-02   -1.307366E+01    0.000000E+00    0.000000E+00    0.000000E+00    2.743658E-02    3.825399E-02   -6.543814E-05    0.000000E+00    0.000000E+00    0.000000E+00
6.808000E-01    9.252029E-02   -4.758406E-02   -1.307389E+01    0.000000E+00    0.000000E+00    0.000000E+00    2.734061E-02    3.837675E-02   -8.943090E-05    0.000000E+00    0.000000E+00    0.000000E+00
6.818000E-01    9.285691E-02   -4.726616E-02   -1.307412E+01    0.000000E+00    0.000000E+00    0.000000E+00    2.724820E-02    3.850303E-02   -1.132494E-04    0.000000E+00    0.000000E+00    0.000000E+00
6.828000E-01    9.319314E-02   -4.694524E-02   -1.307436E+01    0.000000E+00    0.000000E+00    0.000000E+00    2.715492E-02    3.862858E-02   -1.370619E-04    0.000000E+00    0.000000E+00    0.000000E+00
6.838000E-01    9.353264E-02   -4.662622E-02   -1.307459E+01    0.000000E+00    0.000000E+00    0.000000E+00    2.706244E-02    3.875265E-02   -1.608418E-04    0.000000E+00    0.000000E+00    0.000000E+00
6.848000E-01    9.387624E-02   -4.631293E-02   -1.307482E+01    0.000000E+00    0.000000E+00    0.000000E+00    2.697268E-02    3.887823E-02   -1.847587E-04    0.000000E+00    0.000000E+00    0.000000E+00
6.858000E-01    9.422250E-02   -4.599578E-02   -1.307505E+01    0.000000E+00    0.000000E+00    0.000000E+00    2.688138E-02    3.900490E-02   -2.089764E-04    0.000000E+00    0.000000E+00    0.000000E+00
6.868000E-01    9.457193E-02   -4.568381E-02   -1.307528E+01    0.000000E+00    0.000000E+00    0.000000E+00    2.679270E-02    3.913174E-02   -2.330350E-04    0.000000E+00    0.000000E+00    0.000000E+00
6.878000E-01    9.492365E-02   -4.537287E-02   -1.307551E+01    0.000000E+00    0.000000E+00    0.000000E+00    2.670518E-02    3.925689E-02   -2.570470E-04    0.000000E+00    0.000000E+00    0.000000E+00
6.888000E-01    9.524649E-02   -4.505970E-02   -1.307574E+01    0.000000E+00    0.000000E+00    0.000000E+00    2.661797E-02    3.938427E-02   -2.828688E-04    0.000000E+00    0.000000E+00    0.000000E+00
6.898000E-01    9.561703E-02   -4.474229E-02   -1.307598E+01    0.000000E+00    0.000000E+00    0.000000E+00    2.653355E-02    3.950999E-02   -3.060834E-04    0.000000E+00    0.000000E+00    0.000000E+00
6.908000E-01    9.598165E-02   -4.443613E-02   -1.307621E+01    0.000000E+00    0.000000E+00    0.000000E+00    2.644856E-02    3.963576E-02   -3.307043E-04    0.000000E+00    0.000000E+00    0.000000E+00
6.918000E-01    9.635703E-02   -4.412945E-02   -1.307645E+01    0.000000E+00    0.000000E+00    0.000000E+00    2.636370E-02    3.976459E-02   -3.560113E-04    0.000000E+00    0.000000E+00    0.000000E+00
6.928000E-01    9.674424E-02   -4.382449E-02   -1.307668E+01    0.000000E+00    0.000000E+00    0.000000E+00    2.628002E-02    3.989668E-02   -3.818888E-04    0.000000E+00    0.000000E+00    0.000000E+00
6.938000E-01    9.714017E-02   -4.351344E-02   -1.307692E+01    0.000000E+00    0.000000E+00    0.000000E+00    2.619379E-02    4.003087E-02   -4.082533E-04    0.000000E+00    0.000000E+00    0.000000E+00
6.948000E-01    9.754382E-02   -4.320910E-02   -1.307715E+01    0.000000E+00    0.000000E+00    0.000000E+00    2.611039E-02    4.016825E-02   -4.347388E-04    0.000000E+00    0.000000E+00    0.000000E+00
6.958000E-01    9.794946E-02   -4.290997E-02   -1.307739E+01    0.000000E+00    0.000000E+00    0.000000E+00    2.602888E-02    4.030668E-02   -4.610720E-04    0.000000E+00    0.000000E+00    0.000000E+00
6.968000E-01    9.835263E-02   -4.261326E-02   -1.307762E+01    0.000000E+00    0.000000E+00    0.000000E+00    2.594804E-02    4.044376E-02   -4.870866E-04    0.000000E+00    0.000000E+00    0.000000E+00
6.978000E-01    9.875749E-02   -4.233050E-02   -1.307785E+01    0.000000E+00    0.000000E+00    0.000000E+00    2.587309E-02    4.058030E-02   -5.127935E-04    0.000000E+00    0.000000E+00    0.000000E+00
6.988000E-01    9.917129E-02   -4.206138E-02   -1.307808E+01    0.000000E+00    0.000000E+00    0.000000E+00    2.579908E-02    4.071547E-02   -5.394088E-04    0.000000E+00    0.000000E+00    0.000000E+00
6.998000E-01    9.958806E-02   -4.179677E-02   -1.307831E+01    0.000000E+00    0.000000E+00    0.000000E+00    2.572719E-02    4.085028E-02   -5.663360E-04    0.000000E+00    0.000000E+00    0.000000E+00
7.008000E-01    1.000016E-01   -4.152851E-02   -1.307855E+01    0.000000E+00    0.000000E+00    0.000000E+00    2.565865E-02    4.098539E-02   -5.928260E-04    0.000000E+00    0.000000E+00    0.000000E+00
7.018000E-01    1.004169E-01   -4.125849E-02   -1.307878E+01    0.000000E+00    0.000000E+00    0.000000E+00    2.558937E-02    4.111920E-02   -6.195952E-04    0.000000E+00    0.000000E+00    0.000000E+00
7.028000E-01    1.008367E-01   -4.099537E-02   -1.307901E+01    0.000000E+00    0.000000E+00    0.000000E+00    2.552325E-02    4.125316E-02   -6.463268E-04    0.000000E+00    0.000000E+00    0.000000E+00
7.038000E-01    1.012587E-01   -4.073591E-02   -1.307923E+01    0.000000E+00    0.000000E+00    0.000000E+00    2.545878E-02    4.138630E-02   -6.728681E-04    0.000000E+00    0.000000E+00    0.000000E+00
7.048000E-01    1.016800E-01   -4.047678E-02   -1.307946E+01    0.000000E+00    0.000000E+00    0.000000E+00    2.539436E-02    4.151743E-02   -6.991153E-04    0.000000E+00    0.000000E+00    0.000000E+00
7.058000E-01    1.021073E-01   -4.022933E-02   -1.307969E+01    0.000000E+00    0.000000E+00    0.000000E+00    2.533437E-02    4.164756E-02   -7.251043E-04    0.000000E+00    0.000000E+00    0.000000E+00
7.068000E-01    1.025498E-01   -3.999162E-02   -1.307992E+01    0.000000E+00    0.000000E+00    0.000000E+00    2.527427E-02    4.177512E-02   -7.504735E-04    0.000000E+00    0.000000E+00    0.000000E+00
7.078000E-01    1.029758E-01   -3.975311E-02   -1.308015E+01    0.000000E+00    0.000000E+00    0.000000E+00    2.521541E-02    4.190008E-02   -7.746515E-04    0.000000E+00    0.000000E+00    0.000000E+00
7.088000E-01    1.033908E-01   -3.951413E-02   -1.308038E+01    0.000000E+00    0.000000E+00    0.000000E+00    2.515913E-02    4.202327E-02   -7.988651E-04    0.000000E+00    0.000000E+00    0.000000E+00
7.098000E-01    1.037995E-01   -3.927205E-02   -1.308061E+01    0.000000E+00    0.000000E+00    0.000000E+00    2.510132E-02    4.214261E-02   -8.223274E-04    0.000000E+00    0.000000E+00    0.000000E+00
7.108000E-01    1.042059E-01   -3.903610E-02   -1.308084E+01    0.000000E+00    0.000000E+00    0.000000E+00    2.504589E-02    4.226016E-02   -8.450770E-04    0.000000E+00    0.000000E+00    0.000000E+00
7.118000E-01    1.046072E-01   -3.880207E-02   -1.308106E+01    0.000000E+00    0.000000E+00    0.000000E+00    2.499106E-02    4.237512E-02   -8.671156E-04    0.000000E+00    0.000000E+00    0.000000E+00
7.128000E-01    1.050026E-01   -3.856593E-02   -1.308129E+01    0.000000E+00    0.000000E+00    0.000000E+00    2.493502E-02    4.248686E-02   -8.883914E-04    0.000000E+00    0.000000E+00    0.000000E+00
7.138000E-01    1.053946E-01   -3.833736E-02   -1.308152E+01    0.000000E+00    0.000000E+00    0.000000E+00    2.488206E-02    4.259680E-02   -9.087558E-04    0.000000E+00    0.000000E+00    0.000000E+00
7.148000E-01    1.057799E-01   -3.810684E-02   -1.308175E+01    0.000000E+00    0.000000E+00    0.000000E+00    2.482788E-02    4.270367E-02   -9.284823E-04    0.000000E+00    0.000000E+00    0.000000E+00
7.158000E-01    1.061606E-01   -3.787840E-02   -1.308197E+01    0.000000E+00    0.000000E+00    0.000000E+00    2.477430E-02    4.280833E-02   -9.476004E-04    0.000000E+00    0.000000E+00    0.000000E+00
7.168000E-01    1.065404E-01   -3.765901E-02   -1.308220E+01    0.000000E+00    0.000000E+00    0.000000E+00    2.472340E-02    4.291179E-02   -9.662056E-04    0.000000E+00    0.000000E+00    0.000000E+00
7.178000E-01    1.069143E-01   -3.743619E-02   -1.308243E+01    0.000000E+00    0.000000E+00    0.000000E+00    2.467130E-02    4.301237E-02   -9.842561E-04    0.000000E+00    0.000000E+00    0.000000E+00
7.188000E-01    1.072898E-01   -3.722145E-02   -1.308265E+01    0.000000E+00    0.000000E+00    0.000000E+00    2.462208E-02    4.311263E-02   -1.001923E-03    0.000000E+00    0.000000E+00    0.000000E+00
7.198000E-01    1.076603E-01   -3.701006E-02   -1.308288E+01    0.000000E+00    0.000000E+00    0.000000E+00    2.457378E-02    4.321231E-02   -1.019411E-03    0.000000E+00    0.000000E+00    0.000000E+00
7.208000E-01    1.080304E-01   -3.679557E-02   -1.308310E+01    0.000000E+00    0.000000E+00    0.000000E+00    2.452446E-02    4.331110E-02   -1.036625E-03    0.000000E+00    0.000000E+00    0.000000E+00
7.218000E-01    1.084033E-01   -3.658942E-02   -1.308333E+01    0.000000E+00    0.000000E+00    0.000000E+00    2.447849E-02    4.341073E-02   -1.053457E-03    0.000000E+00    0.000000E+00    0.000000E+00
7.228000E-01    1.087751E-01   -3.638221E-02   -1.308356E+01    0.000000E+00    0.000000E+00    0.000000E+00    2.443154E-02    4.350958E-02   -1.070089E-03    0.000000E+00    0.000000E+00    0.000000E+00
7.238000E-01    1.091473E-01   -3.617870E-02   -1.308378E+01    0.000000E+00    0.000000E+00    0.000000E+00    2.438552E-02    4.360842E-02   -1.086553E-03    0.000000E+00    0.000000E+00    0.000000E+00
7.248000E-01    1.095208E-01   -3.598319E-02   -1.308401E+01    0.000000E+00    0.000000E+00    0.000000E+00    2.434237E-02    4.370807E-02   -1.102882E-03    0.000000E+00    0.000000E+00    0.000000E+00
7.258000E-01    1.098949E-01   -3.578660E-02   -1.308423E+01    0.000000E+00    0.000000E+00    0.000000E+00    2.429778E-02    4.380715E-02   -1.119115E-03    0.000000E+00    0.000000E+00    0.000000E+00
7.268000E-01    1.102722E-01   -3.559766E-02   -1.308445E+01    0.000000E+00    0.000000E+00    0.000000E+00    2.425571E-02    4.390735E-02   -1.135302E-03    0.000000E+00    0.000000E+00    0.000000E+00
7.278000E-01    1.106509E-01   -3.541239E-02   -1.308468E+01    0.000000E+00    0.000000E+00    0.000000E+00    2.421454E-02    4.400806E-02   -1.151459E-03    0.000000E+00    0.000000E+00    0.000000E+00
7.288000E-01    1.110295E-01   -3.522780E-02   -1.308490E+01    0.000000E+00    0.000000E+00    0.000000E+00    2.417260E-02    4.410859E-02   -1.167667E-03    0.000000E+00    0.000000E+00    0.000000E+00
7.298000E-01    1.112113E-01   -3.536696E-02   -1.308513E+01    0.000000E+00    0.000000E+00    0.000000E+00    2.429318E-02    4.411390E-02   -1.098594E-03    0.000000E+00    0.000000E+00    0.000000E+00
7.308000E-01    1.115671E-01   -3.515943E-02   -1.308536E+01    0.000000E+00    0.000000E+00    0.000000E+00    2.425306E-02    4.421482E-02   -1.117313E-03    0.000000E+00    0.000000E+00    0.000000E+00
7.318000E-01    1.119491E-01   -3.499061E-02   -1.308558E+01    0.000000E+00    0.000000E+00    0.000000E+00    2.421393E-02    4.431645E-02   -1.133799E-03    0.000000E+00    0.000000E+00    0.000000E+00
7.328000E-01    1.123321E-01   -3.483060E-02   -1.308580E+01    0.000000E+00    0.000000E+00    0.000000E+00    2.417727E-02    4.441881E-02   -1.150332E-03    0.000000E+00    0.000000E+00    0.000000E+00
7.338000E-01    1.127120E-01   -3.467063E-02   -1.308603E+01    0.000000E+00    0.000000E+00    0.000000E+00    2.413893E-02    4.452009E-02   -1.166844E-03    0.000000E+00    0.000000E+00    0.000000E+00
7.348000E-01    1.130907E-01   -3.452163E-02   -1.308625E+01    0.000000E+00    0.000000E+00    0.000000E+00    2.410332E-02    4.462157E-02   -1.183200E-03    0.000000E+00    0.000000E+00    0.000000E+00
7.358000E-01    1.134653E-01   -3.438027E-02   -1.308647E+01    0.000000E+00    0.000000E+00    0.000000E+00    2.406926E-02    4.472216E-02   -1.199291E-03    0.000000E+00    0.000000E+00    0.000000E+00
7.368000E-01    1.138332E-01   -3.424330E-02   -1.308669E+01    0.000000E+00    0.000000E+00    0.000000E+00    2.403538E-02    4.482061E-02   -1.215154E-03    0.000000E+00    0.000000E+00    0.000000E+00
7.378000E-01    1.141988E-01   -3.412086E-02   -1.308691E+01    0.000000E+00    0.000000E+00    0.000000E+00    2.400595E-02    4.491848E-02   -1.230972E-03    0.000000E+00    0.000000E+00    0.000000E+00
7.388000E-01    1.145615E-01   -3.400116E-02   -1.308713E+01    0.000000E+00    0.000000E+00    0.000000E+00    2.397595E-02    4.501507E-02   -1.247104E-03    0.000000E+00    0.000000E+00    0.000000E+00
7.398000E-01    1.149239E-01   -3.388754E-02   -1.308735E+01    0.000000E+00    0.000000E+00    0.000000E+00    2.394684E-02    4.511152E-02   -1.263590E-03    0.000000E+00    0.000000E+00    0.000000E+00
7.408000E-01    1.152870E-01   -3.378399E-02   -1.308757E+01    0.000000E+00    0.000000E+00    0.000000E+00    2.392047E-02    4.520844E-02   -1.280330E-03    0.000000E+00    0.000000E+00    0.000000E+00
7.418000E-01    1.156451E-01   -3.368167E-02   -1.308779E+01    0.000000E+00    0.000000E+00    0.000000E+00    2.389263E-02    4.530362E-02   -1.297253E-03    0.000000E+00    0.000000E+00    0.000000E+00
7.428000E-01    1.159847E-01   -3.360996E-02   -1.308802E+01    0.000000E+00    0.000000E+00    0.000000E+00    2.386747E-02    4.539796E-02   -1.312734E-03    0.000000E+00    0.000000E+00    0.000000E+00
7.438000E-01    1.163197E-01   -3.354386E-02   -1.308824E+01    0.000000E+00    0.000000E+00    0.000000E+00    2.384300E-02    4.549089E-02   -1.328220E-03    0.000000E+00    0.000000E+00    0.000000E+00
7.448000E-01    1.166649E-01   -3.345902E-02   -1.308846E+01    0.000000E+00    0.000000E+00    0.000000E+00    2.381735E-02    4.558213E-02   -1.345158E-03    0.000000E+00    0.000000E+00    0.000000E+00
7.458000E-01    1.170081E-01   -3.338716E-02   -1.308868E+01    0.000000E+00    0.000000E+00    0.000000E+00    2.379512E-02    4.567300E-02   -1.362089E-03    0.000000E+00    0.000000E+00    0.000000E+00
7.468000E-01    1.173467E-01   -3.331746E-02   -1.308889E+01    0.000000E+00    0.000000E+00    0.000000E+00    2.377190E-02    4.576224E-02   -1.379068E-03    0.000000E+00    0.000000E+00    0.000000E+00
7.478000E-01    1.176823E-01   -3.325361E-02   -1.308911E+01    0.000000E+00    0.000000E+00    0.000000E+00    2.374929E-02    4.585056E-02   -1.396060E-03    0.000000E+00    0.000000E+00    0.000000E+00
7.488000E-01    1.180162E-01   -3.319921E-02   -1.308933E+01    0.000000E+00    0.000000E+00    0.000000E+00    2.372897E-02    4.593859E-02   -1.413008E-03    0.000000E+00    0.000000E+00    0.000000E+00
7.498000E-01    1.183444E-01   -3.314585E-02   -1.308955E+01    0.000000E+00    0.000000E+00    0.000000E+00    2.370680E-02    4.602451E-02   -1.429968E-03    0.000000E+00    0.000000E+00    0.000000E+00
7.508000E-01    1.186713E-01   -3.310203E-02   -1.308976E+01    0.000000E+00    0.000000E+00    0.000000E+00    2.368691E-02    4.611025E-02   -1.446896E-03    0.000000E+00    0.000000E+00    0.000000E+00
7.518000E-01    1.189955E-01   -3.306355E-02   -1.308998E+01    0.000000E+00    0.000000E+00    0.000000E+00    2.366743E-02    4.619520E-02   -1.463836E-03    0.000000E+00    0.000000E+00    0.000000E+00
7.528000E-01    1.193143E-01   -3.302516E-02   -1.309019E+01    0.000000E+00    0.000000E+00    0.000000E+00    2.364653E-02    4.627871E-02   -1.480934E-03    0.000000E+00    0.000000E+00    0.000000E+00
7.538000E-01    1.196314E-01   -3.300028E-02   -1.309041E+01    0.000000E+00    0.000000E+00    0.000000E+00    2.362885E-02    4.636196E-02   -1.498037E-03    0.000000E+00    0.000000E+00    0.000000E+00
7.548000E-01    1.199445E-01   -3.297771E-02   -1.309062E+01    0.000000E+00    0.000000E+00    0.000000E+00    2.360989E-02    4.644342E-02   -1.515258E-03    0.000000E+00    0.000000E+00    0.000000E+00
7.558000E-01    1.202536E-01   -3.295961E-02   -1.309084E+01    0.000000E+00    0.000000E+00    0.000000E+00    2.359127E-02    4.652368E-02   -1.532420E-03    0.000000E+00    0.000000E+00    0.000000E+00
7.568000E-01    1.205603E-01   -3.294870E-02   -1.309105E+01    0.000000E+00    0.000000E+00    0.000000E+00    2.357451E-02    4.660351E-02   -1.549546E-03    0.000000E+00    0.000000E+00    0.000000E+00
7.578000E-01    1.209094E-01   -3.293257E-02   -1.309127E+01    0.000000E+00    0.000000E+00    0.000000E+00    2.355531E-02    4.668162E-02   -1.563839E-03    0.000000E+00    0.000000E+00    0.000000E+00
7.588000E-01    1.212084E-01   -3.292960E-02   -1.309149E+01    0.000000E+00    0.000000E+00    0.000000E+00    2.353751E-02    4.675845E-02   -1.580794E-03    0.000000E+00    0.000000E+00    0.000000E+00
7.598000E-01    1.215041E-01   -3.293132E-02   -1.309170E+01    0.000000E+00    0.000000E+00    0.000000E+00    2.351998E-02    4.683409E-02   -1.597645E-03    0.000000E+00    0.000000E+00    0.000000E+00
7.608000E-01    1.217429E-01   -3.294101E-02   -1.309192E+01    0.000000E+00    0.000000E+00    0.000000E+00    2.350094E-02    4.690717E-02   -1.611570E-03    0.000000E+00    0.000000E+00    0.000000E+00
7.618000E-01    1.220326E-01   -3.295463E-02   -1.309213E+01    0.000000E+00    0.000000E+00    0.000000E+00    2.348527E-02    4.698064E-02   -1.628248E-03    0.000000E+00    0.000000E+00    0.000000E+00
7.628000E-01    1.223171E-01   -3.296845E-02   -1.309235E+01    0.000000E+00    0.000000E+00    0.000000E+00    2.346820E-02    4.705221E-02   -1.644887E-03    0.000000E+00    0.000000E+00    0.000000E+00
7.638000E-01    1.225984E-01   -3.298633E-02   -1.309256E+01    0.000000E+00    0.000000E+00    0.000000E+00    2.345144E-02    4.712257E-02   -1.661467E-03    0.000000E+00    0.000000E+00    0.000000E+00
7.648000E-01    1.228776E-01   -3.301188E-02   -1.309277E+01    0.000000E+00    0.000000E+00    0.000000E+00    2.343678E-02    4.719246E-02   -1.678004E-03    0.000000E+00    0.000000E+00    0.000000E+00
7.658000E-01    1.231508E-01   -3.303658E-02   -1.309298E+01    0.000000E+00    0.000000E+00    0.000000E+00    2.342014E-02    4.726011E-02   -1.694539E-03    0.000000E+00    0.000000E+00    0.000000E+00
7.668000E-01    1.234421E-01   -3.305369E-02   -1.309320E+01    0.000000E+00    0.000000E+00    0.000000E+00    2.340490E-02    4.732807E-02   -1.712352E-03    0.000000E+00    0.000000E+00    0.000000E+00
7.678000E-01    1.237299E-01   -3.307493E-02   -1.309342E+01    0.000000E+00    0.000000E+00    0.000000E+00    2.338959E-02    4.739567E-02   -1.730103E-03    0.000000E+00    0.000000E+00    0.000000E+00
7.688000E-01    1.239932E-01   -3.311076E-02   -1.309363E+01    0.000000E+00    0.000000E+00    0.000000E+00    2.337338E-02    4.746165E-02   -1.746611E-03    0.000000E+00    0.000000E+00    0.000000E+00
7.698000E-01    1.242542E-01   -3.315602E-02   -1.309384E+01    0.000000E+00    0.000000E+00    0.000000E+00    2.336031E-02    4.752716E-02   -1.762995E-03    0.000000E+00    0.000000E+00    0.000000E+00
7.708000E-01    1.245076E-01   -3.321764E-02   -1.309406E+01    0.000000E+00    0.000000E+00    0.000000E+00    2.334497E-02    4.759094E-02   -1.780010E-03    0.000000E+00    0.000000E+00    0.000000E+00
7.718000E-01    1.247610E-01   -3.325248E-02   -1.309427E+01    0.000000E+00    0.000000E+00    0.000000E+00    2.332847E-02    4.765342E-02   -1.798076E-03    0.000000E+00    0.000000E+00    0.000000E+00
7.728000E-01    1.250116E-01   -3.329250E-02   -1.309449E+01    0.000000E+00    0.000000E+00    0.000000E+00    2.331363E-02    4.771529E-02   -1.813824E-03    0.000000E+00    0.000000E+00    0.000000E+00
7.738000E-01    1.252524E-01   -3.334162E-02   -1.309470E+01    0.000000E+00    0.000000E+00    0.000000E+00    2.329735E-02    4.777439E-02   -1.829244E-03    0.000000E+00    0.000000E+00    0.000000E+00
7.748000E-01    1.254891E-01   -3.340009E-02   -1.309491E+01    0.000000E+00    0.000000E+00    0.000000E+00    2.328471E-02    4.783239E-02   -1.845081E-03    0.000000E+00    0.000000E+00    0.000000E+00
7.758000E-01    1.257192E-01   -3.346659E-02   -1.309512E+01    0.000000E+00    0.000000E+00    0.000000E+00    2.327414E-02    4.788871E-02   -1.861225E-03    0.000000E+00    0.000000E+00    0.000000E+00
7.768000E-01    1.259422E-01   -3.353834E-02   -1.309533E+01    0.000000E+00    0.000000E+00    0.000000E+00    2.326339E-02    4.794302E-02   -1.877532E-03    0.000000E+00    0.000000E+00    0.000000E+00
7.778000E-01    1.261302E-01   -3.359099E-02   -1.309555E+01    0.000000E+00    0.000000E+00    0.000000E+00    2.325536E-02    4.799694E-02   -1.891534E-03    0.000000E+00    0.000000E+00    0.000000E+00
7.788000E-01    1.263878E-01   -3.369603E-02   -1.309575E+01    0.000000E+00    0.000000E+00    0.000000E+00    2.324666E-02    4.804972E-02   -1.909433E-03    0.000000E+00    0.000000E+00    0.000000E+00
7.798000E-01    1.266414E-01   -3.380306E-02   -1.309596E+01    0.000000E+00    0.000000E+00    0.000000E+00    2.323825E-02    4.810162E-02   -1.927170E-03    0.000000E+00    0.000000E+00    0.000000E+00
7.808000E-01    1.268524E-01   -3.388869E-02   -1.309617E+01    0.000000E+00    0.000000E+00    0.000000E+00    2.323158E-02    4.815314E-02   -1.943150E-03    0.000000E+00    0.000000E+00    0.000000E+00
7.818000E-01    1.270579E-01   -3.399659E-02   -1.309639E+01    0.000000E+00    0.000000E+00    0.000000E+00    2.322190E-02    4.820093E-02   -1.957736E-03    0.000000E+00    0.000000E+00    0.000000E+00
7.828000E-01    1.272536E-01   -3.408108E-02   -1.309660E+01    0.000000E+00    0.000000E+00    0.000000E+00    2.321187E-02    4.824591E-02   -1.973913E-03    0.000000E+00    0.000000E+00    0.000000E+00
7.838000E-01    1.274346E-01   -3.412996E-02   -1.309681E+01    0.000000E+00    0.000000E+00    0.000000E+00    2.320088E-02    4.828807E-02   -1.988015E-03    0.000000E+00    0.000000E+00    0.000000E+00
7.848000E-01    1.275877E-01   -3.422944E-02   -1.309703E+01    0.000000E+00    0.000000E+00    0.000000E+00    2.319057E-02    4.832758E-02   -2.006066E-03    0.000000E+00    0.000000E+00    0.000000E+00
7.858000E-01    1.277785E-01   -3.433215E-02   -1.309724E+01    0.000000E+00    0.000000E+00    0.000000E+00    2.318548E-02    4.836761E-02   -2.023733E-03    0.000000E+00    0.000000E+00    0.000000E+00
7.868000E-01    1.279535E-01   -3.444528E-02   -1.309745E+01    0.000000E+00    0.000000E+00    0.000000E+00    2.318107E-02    4.840598E-02   -2.041677E-03    0.000000E+00    0.000000E+00    0.000000E+00
7.878000E-01    1.281239E-01   -3.456365E-02   -1.309766E+01    0.000000E+00    0.000000E+00    0.000000E+00    2.317823E-02    4.844287E-02   -2.060083E-03    0.000000E+00    0.000000E+00    0.000000E+00
7.888000E-01    1.282901E-01   -3.468839E-02   -1.309787E+01    0.000000E+00    0.000000E+00    0.000000E+00    2.317760E-02    4.847897E-02   -2.078670E-03    0.000000E+00    0.000000E+00    0.000000E+00
7.898000E-01    1.284491E-01   -3.480539E-02   -1.309808E+01    0.000000E+00    0.000000E+00    0.000000E+00    2.317381E-02    4.851306E-02   -2.097313E-03    0.000000E+00    0.000000E+00    0.000000E+00
7.908000E-01    1.286082E-01   -3.492879E-02   -1.309829E+01    0.000000E+00    0.000000E+00    0.000000E+00    2.317108E-02    4.854755E-02   -2.115640E-03    0.000000E+00    0.000000E+00    0.000000E+00
7.918000E-01    1.287655E-01   -3.505251E-02   -1.309850E+01    0.000000E+00    0.000000E+00    0.000000E+00    2.316789E-02    4.858186E-02   -2.133866E-03    0.000000E+00    0.000000E+00    0.000000E+00
7.928000E-01    1.289119E-01   -3.516816E-02   -1.309871E+01    0.000000E+00    0.000000E+00    0.000000E+00    2.316272E-02    4.861520E-02   -2.151938E-03    0.000000E+00    0.000000E+00    0.000000E+00
7.938000E-01    1.290662E-01   -3.529654E-02   -1.309892E+01    0.000000E+00    0.000000E+00    0.000000E+00    2.316020E-02    4.864943E-02   -2.170221E-03    0.000000E+00    0.000000E+00    0.000000E+00
7.948000E-01    1.292183E-01   -3.542184E-02   -1.309913E+01    0.000000E+00    0.000000E+00    0.000000E+00    2.315591E-02    4.868276E-02   -2.188693E-03    0.000000E+00    0.000000E+00    0.000000E+00
7.958000E-01    1.293700E-01   -3.554752E-02   -1.309934E+01    0.000000E+00    0.000000E+00    0.000000E+00    2.315137E-02    4.871572E-02   -2.207208E-03    0.000000E+00    0.000000E+00    0.000000E+00
7.968000E-01    1.295364E-01   -3.565650E-02   -1.309955E+01    0.000000E+00    0.000000E+00    0.000000E+00    2.314790E-02    4.874925E-02   -2.224376E-03    0.000000E+00    0.000000E+00    0.000000E+00
7.978000E-01    1.296775E-01   -3.578084E-02   -1.309976E+01    0.000000E+00    0.000000E+00    0.000000E+00    2.314148E-02    4.878092E-02   -2.242913E-03    0.000000E+00    0.000000E+00    0.000000E+00
7.988000E-01    1.298125E-01   -3.589572E-02   -1.309997E+01    0.000000E+00    0.000000E+00    0.000000E+00    2.313648E-02    4.881292E-02   -2.262440E-03    0.000000E+00    0.000000E+00    0.000000E+00
7.998000E-01    1.299468E-01   -3.600981E-02   -1.310018E+01    0.000000E+00    0.000000E+00    0.000000E+00    2.313117E-02    4.884485E-02   -2.281936E-03    0.000000E+00    0.000000E+00    0.000000E+00
8.008000E-01    1.300899E-01   -3.613378E-02   -1.310038E+01    0.000000E+00    0.000000E+00    0.000000E+00    2.312366E-02    4.887643E-02   -2.300473E-03    0.000000E+00    0.000000E+00    0.000000E+00
8.018000E-01    1.302274E-01   -3.628849E-02   -1.310059E+01    0.000000E+00    0.000000E+00    0.000000E+00    2.311828E-02    4.890913E-02   -2.318652E-03    0.000000E+00    0.000000E+00    0.000000E+00
8.028000E-01    1.303918E-01   -3.641467E-02   -1.310080E+01    0.000000E+00    0.000000E+00    0.000000E+00    2.310989E-02    4.894182E-02   -2.338179E-03    0.000000E+00    0.000000E+00    0.000000E+00
8.038000E-01    1.306026E-01   -3.626765E-02   -1.310101E+01    0.000000E+00    0.000000E+00    0.000000E+00    2.296746E-02    4.900715E-02   -2.419837E-03    0.000000E+00    0.000000E+00    0.000000E+00
8.048000E-01    1.307674E-01   -3.630330E-02   -1.310121E+01    0.000000E+00    0.000000E+00    0.000000E+00    2.291452E-02    4.905155E-02   -2.458945E-03    0.000000E+00    0.000000E+00    0.000000E+00
8.058000E-01    1.309061E-01   -3.642022E-02   -1.310141E+01    0.000000E+00    0.000000E+00    0.000000E+00    2.290222E-02    4.908418E-02   -2.476704E-03    0.000000E+00    0.000000E+00    0.000000E+00
8.068000E-01    1.310448E-01   -3.653984E-02   -1.310161E+01    0.000000E+00    0.000000E+00    0.000000E+00    2.289093E-02    4.911746E-02   -2.494390E-03    0.000000E+00    0.000000E+00    0.000000E+00
8.078000E-01    1.311819E-01   -3.665948E-02   -1.310181E+01    0.000000E+00    0.000000E+00    0.000000E+00    2.287889E-02    4.915066E-02   -2.512126E-03    0.000000E+00    0.000000E+00    0.000000E+00
8.088000E-01    1.313090E-01   -3.679951E-02   -1.310201E+01    0.000000E+00    0.000000E+00    0.000000E+00    2.286444E-02    4.918311E-02   -2.530407E-03    0.000000E+00    0.000000E+00    0.000000E+00
8.098000E-01    1.314441E-01   -3.691621E-02   -1.310221E+01    0.000000E+00    0.000000E+00    0.000000E+00    2.285058E-02    4.921689E-02   -2.547894E-03    0.000000E+00    0.000000E+00    0.000000E+00
8.108000E-01    1.315618E-01   -3.702760E-02   -1.310241E+01    0.000000E+00    0.000000E+00    0.000000E+00    2.283341E-02    4.925004E-02   -2.564707E-03    0.000000E+00    0.000000E+00    0.000000E+00
8.118000E-01    1.316791E-01   -3.713661E-02   -1.310261E+01    0.000000E+00    0.000000E+00    0.000000E+00    2.281475E-02    4.928361E-02   -2.581271E-03    0.000000E+00    0.000000E+00    0.000000E+00
8.128000E-01    1.318119E-01   -3.724484E-02   -1.310281E+01    0.000000E+00    0.000000E+00    0.000000E+00    2.279614E-02    4.931860E-02   -2.597938E-03    0.000000E+00    0.000000E+00    0.000000E+00
8.138000E-01    1.319425E-01   -3.734422E-02   -1.310300E+01    0.000000E+00    0.000000E+00    0.000000E+00    2.277274E-02    4.935316E-02   -2.614304E-03    0.000000E+00    0.000000E+00    0.000000E+00
8.148000E-01    1.320737E-01   -3.744515E-02   -1.310319E+01    0.000000E+00    0.000000E+00    0.000000E+00    2.274956E-02    4.938881E-02   -2.630407E-03    0.000000E+00    0.000000E+00    0.000000E+00
8.158000E-01    1.322045E-01   -3.754344E-02   -1.310339E+01    0.000000E+00    0.000000E+00    0.000000E+00    2.272541E-02    4.942481E-02   -2.646335E-03    0.000000E+00    0.000000E+00    0.000000E+00
8.168000E-01    1.323327E-01   -3.763778E-02   -1.310358E+01    0.000000E+00    0.000000E+00    0.000000E+00    2.269869E-02    4.946057E-02   -2.662140E-03    0.000000E+00    0.000000E+00    0.000000E+00
8.178000E-01    1.324629E-01   -3.773546E-02   -1.310377E+01    0.000000E+00    0.000000E+00    0.000000E+00    2.267284E-02    4.949815E-02   -2.677572E-03    0.000000E+00    0.000000E+00    0.000000E+00
8.188000E-01    1.326075E-01   -3.782449E-02   -1.310396E+01    0.000000E+00    0.000000E+00    0.000000E+00    2.264371E-02    4.953606E-02   -2.691947E-03    0.000000E+00    0.000000E+00    0.000000E+00
8.198000E-01    1.327524E-01   -3.791026E-02   -1.310415E+01    0.000000E+00    0.000000E+00    0.000000E+00    2.261282E-02    4.957488E-02   -2.706023E-03    0.000000E+00    0.000000E+00    0.000000E+00
8.208000E-01    1.328833E-01   -3.799872E-02   -1.310434E+01    0.000000E+00    0.000000E+00    0.000000E+00    2.258187E-02    4.961497E-02   -2.720540E-03    0.000000E+00    0.000000E+00    0.000000E+00
8.218000E-01    1.251774E-01   -3.624582E-02   -1.310508E+01    0.000000E+00    0.000000E+00    0.000000E+00    2.154612E-02    4.551169E-02   -2.020640E-03    0.000000E+00    0.000000E+00    0.000000E+00
8.228000E-01    1.252801E-01   -3.632742E-02   -1.310527E+01    0.000000E+00    0.000000E+00    0.000000E+00    2.151179E-02    4.555194E-02   -2.035879E-03    0.000000E+00    0.000000E+00    0.000000E+00
8.238000E-01    1.253800E-01   -3.640894E-02   -1.310546E+01    0.000000E+00    0.000000E+00    0.000000E+00    2.147692E-02    4.559169E-02   -2.050805E-03    0.000000E+00    0.000000E+00    0.000000E+00
8.248000E-01    1.254769E-01   -3.646508E-02   -1.310565E+01    0.000000E+00    0.000000E+00    0.000000E+00    2.143925E-02    4.563108E-02   -2.062880E-03    0.000000E+00    0.000000E+00    0.000000E+00
8.258000E-01    1.256019E-01   -3.654471E-02   -1.310584E+01    0.000000E+00    0.000000E+00    0.000000E+00    2.140189E-02    4.567308E-02   -2.076207E-03    0.000000E+00    0.000000E+00    0.000000E+00
8.268000E-01    1.257248E-01   -3.661873E-02   -1.310602E+01    0.000000E+00    0.000000E+00    0.000000E+00    2.136193E-02    4.571504E-02   -2.089634E-03    0.000000E+00    0.000000E+00    0.000000E+00
8.278000E-01    1.258450E-01   -3.669202E-02   -1.310620E+01    0.000000E+00    0.000000E+00    0.000000E+00    2.132179E-02    4.575695E-02   -2.103189E-03    0.000000E+00    0.000000E+00    0.000000E+00
8.288000E-01    1.259830E-01   -3.676090E-02   -1.310638E+01    0.000000E+00    0.000000E+00    0.000000E+00    2.128080E-02    4.579972E-02   -2.115807E-03    0.000000E+00    0.000000E+00    0.000000E+00
8.298000E-01    1.260659E-01   -3.684164E-02   -1.310657E+01    0.000000E+00    0.000000E+00    0.000000E+00    2.123921E-02    4.584083E-02   -2.128761E-03    0.000000E+00    0.000000E+00    0.000000E+00
8.308000E-01    1.261908E-01   -3.692391E-02   -1.310675E+01    0.000000E+00    0.000000E+00    0.000000E+00    2.119615E-02    4.588389E-02   -2.142740E-03    0.000000E+00    0.000000E+00    0.000000E+00
8.318000E-01    1.263143E-01   -3.699907E-02   -1.310693E+01    0.000000E+00    0.000000E+00    0.000000E+00    2.114906E-02    4.592769E-02   -2.156013E-03    0.000000E+00    0.000000E+00    0.000000E+00
8.328000E-01    1.264215E-01   -3.707297E-02   -1.310711E+01    0.000000E+00    0.000000E+00    0.000000E+00    2.110849E-02    4.597075E-02   -2.170752E-03    0.000000E+00    0.000000E+00    0.000000E+00
8.338000E-01    1.265308E-01   -3.712580E-02   -1.310729E+01    0.000000E+00    0.000000E+00    0.000000E+00    2.105360E-02    4.601518E-02   -2.182111E-03    0.000000E+00    0.000000E+00    0.000000E+00
8.348000E-01    1.266344E-01   -3.720902E-02   -1.310747E+01    0.000000E+00    0.000000E+00    0.000000E+00    2.102056E-02    4.605788E-02   -2.199929E-03    0.000000E+00    0.000000E+00    0.000000E+00
8.358000E-01    1.267378E-01   -3.728988E-02   -1.310765E+01    0.000000E+00    0.000000E+00    0.000000E+00    2.098742E-02    4.610151E-02   -2.217383E-03    0.000000E+00    0.000000E+00    0.000000E+00
8.368000E-01    1.268422E-01   -3.734774E-02   -1.310783E+01    0.000000E+00    0.000000E+00    0.000000E+00    2.092248E-02    4.614924E-02   -2.227684E-03    0.000000E+00    0.000000E+00    0.000000E+00
8.378000E-01    1.269565E-01   -3.742411E-02   -1.310801E+01    0.000000E+00    0.000000E+00    0.000000E+00    2.087883E-02    4.619648E-02   -2.242396E-03    0.000000E+00    0.000000E+00    0.000000E+00
8.388000E-01    1.270875E-01   -3.752379E-02   -1.310819E+01    0.000000E+00    0.000000E+00    0.000000E+00    2.084086E-02    4.624488E-02   -2.256872E-03    0.000000E+00    0.000000E+00    0.000000E+00
8.398000E-01    1.271717E-01   -3.756913E-02   -1.310837E+01    0.000000E+00    0.000000E+00    0.000000E+00    2.078349E-02    4.629463E-02   -2.267431E-03    0.000000E+00    0.000000E+00    0.000000E+00
8.408000E-01    1.272703E-01   -3.761418E-02   -1.310854E+01    0.000000E+00    0.000000E+00    0.000000E+00    2.072820E-02    4.634494E-02   -2.280021E-03    0.000000E+00    0.000000E+00    0.000000E+00
8.418000E-01    1.273753E-01   -3.765198E-02   -1.310871E+01    0.000000E+00    0.000000E+00    0.000000E+00    2.066687E-02    4.639579E-02   -2.291848E-03    0.000000E+00    0.000000E+00    0.000000E+00
8.428000E-01    1.274738E-01   -3.771925E-02   -1.310889E+01    0.000000E+00    0.000000E+00    0.000000E+00    2.061922E-02    4.644427E-02   -2.307794E-03    0.000000E+00    0.000000E+00    0.000000E+00
8.438000E-01    1.275675E-01   -3.778400E-02   -1.310906E+01    0.000000E+00    0.000000E+00    0.000000E+00    2.057253E-02    4.649226E-02   -2.324049E-03    0.000000E+00    0.000000E+00    0.000000E+00
8.448000E-01    1.276649E-01   -3.782406E-02   -1.310923E+01    0.000000E+00    0.000000E+00    0.000000E+00    2.051379E-02    4.654233E-02   -2.337076E-03    0.000000E+00    0.000000E+00    0.000000E+00
8.458000E-01    1.277634E-01   -3.787720E-02   -1.310940E+01    0.000000E+00    0.000000E+00    0.000000E+00    2.046430E-02    4.659355E-02   -2.352983E-03    0.000000E+00    0.000000E+00    0.000000E+00
8.468000E-01    1.278681E-01   -3.790885E-02   -1.310957E+01    0.000000E+00    0.000000E+00    0.000000E+00    2.040422E-02    4.664787E-02   -2.366097E-03    0.000000E+00    0.000000E+00    0.000000E+00
8.478000E-01    1.279763E-01   -3.793025E-02   -1.310973E+01    0.000000E+00    0.000000E+00    0.000000E+00    2.033926E-02    4.670398E-02   -2.378164E-03    0.000000E+00    0.000000E+00    0.000000E+00
8.488000E-01    1.280838E-01   -3.796644E-02   -1.310990E+01    0.000000E+00    0.000000E+00    0.000000E+00    2.028358E-02    4.676022E-02   -2.393054E-03    0.000000E+00    0.000000E+00    0.000000E+00
8.498000E-01    1.281984E-01   -3.799008E-02   -1.311007E+01    0.000000E+00    0.000000E+00    0.000000E+00    2.022186E-02    4.681893E-02   -2.405942E-03    0.000000E+00    0.000000E+00    0.000000E+00
8.508000E-01    1.283131E-01   -3.798954E-02   -1.311023E+01    0.000000E+00    0.000000E+00    0.000000E+00    2.015002E-02    4.687872E-02   -2.416768E-03    0.000000E+00    0.000000E+00    0.000000E+00
8.518000E-01    1.284279E-01   -3.798565E-02   -1.311039E+01    0.000000E+00    0.000000E+00    0.000000E+00    2.007570E-02    4.693891E-02   -2.427784E-03    0.000000E+00    0.000000E+00    0.000000E+00
8.528000E-01    1.285368E-01   -3.804944E-02   -1.311056E+01    0.000000E+00    0.000000E+00    0.000000E+00    2.003751E-02    4.699820E-02   -2.446960E-03    0.000000E+00    0.000000E+00    0.000000E+00
8.538000E-01    1.286520E-01   -3.804008E-02   -1.311072E+01    0.000000E+00    0.000000E+00    0.000000E+00    1.996851E-02    4.705932E-02   -2.458219E-03    0.000000E+00    0.000000E+00    0.000000E+00
8.548000E-01    1.287751E-01   -3.797939E-02   -1.311088E+01    0.000000E+00    0.000000E+00    0.000000E+00    1.988387E-02    4.712459E-02   -2.464495E-03    0.000000E+00    0.000000E+00    0.000000E+00
8.558000E-01    1.289019E-01   -3.794350E-02   -1.311103E+01    0.000000E+00    0.000000E+00    0.000000E+00    1.979895E-02    4.719038E-02   -2.472935E-03    0.000000E+00    0.000000E+00    0.000000E+00
8.568000E-01    1.290195E-01   -3.798506E-02   -1.311120E+01    0.000000E+00    0.000000E+00    0.000000E+00    1.975611E-02    4.725269E-02   -2.491846E-03    0.000000E+00    0.000000E+00    0.000000E+00
8.578000E-01    1.291667E-01   -3.794068E-02   -1.311135E+01    0.000000E+00    0.000000E+00    0.000000E+00    1.967587E-02    4.731713E-02   -2.502482E-03    0.000000E+00    0.000000E+00    0.000000E+00
8.588000E-01    1.292935E-01   -3.793867E-02   -1.311151E+01    0.000000E+00    0.000000E+00    0.000000E+00    1.961496E-02    4.738203E-02   -2.516326E-03    0.000000E+00    0.000000E+00    0.000000E+00
8.598000E-01    1.294287E-01   -3.791441E-02   -1.311167E+01    0.000000E+00    0.000000E+00    0.000000E+00    1.954662E-02    4.745005E-02   -2.527824E-03    0.000000E+00    0.000000E+00    0.000000E+00
8.608000E-01    1.295737E-01   -3.781599E-02   -1.311181E+01    0.000000E+00    0.000000E+00    0.000000E+00    1.944045E-02    4.752249E-02   -2.530142E-03    0.000000E+00    0.000000E+00    0.000000E+00
8.618000E-01    1.297144E-01   -3.776803E-02   -1.311196E+01    0.000000E+00    0.000000E+00    0.000000E+00    1.936079E-02    4.759289E-02   -2.540246E-03    0.000000E+00    0.000000E+00    0.000000E+00
8.628000E-01    1.298509E-01   -3.773716E-02   -1.311211E+01    0.000000E+00    0.000000E+00    0.000000E+00    1.928734E-02    4.766123E-02   -2.551801E-03    0.000000E+00    0.000000E+00    0.000000E+00
8.638000E-01    1.299830E-01   -3.770532E-02   -1.311225E+01    0.000000E+00    0.000000E+00    0.000000E+00    1.921445E-02    4.772781E-02   -2.563208E-03    0.000000E+00    0.000000E+00    0.000000E+00
8.648000E-01    1.301147E-01   -3.768581E-02   -1.311240E+01    0.000000E+00    0.000000E+00    0.000000E+00    1.915130E-02    4.779343E-02   -2.576923E-03    0.000000E+00    0.000000E+00    0.000000E+00
8.658000E-01    1.302591E-01   -3.763630E-02   -1.311255E+01    0.000000E+00    0.000000E+00    0.000000E+00    1.907648E-02    4.786362E-02   -2.587037E-03    0.000000E+00    0.000000E+00    0.000000E+00
8.668000E-01    1.304236E-01   -3.756875E-02   -1.311269E+01    0.000000E+00    0.000000E+00    0.000000E+00    1.899625E-02    4.793690E-02   -2.596718E-03    0.000000E+00    0.000000E+00    0.000000E+00
8.678000E-01    1.305953E-01   -3.748373E-02   -1.311283E+01    0.000000E+00    0.000000E+00    0.000000E+00    1.890887E-02    4.801246E-02   -2.604786E-03    0.000000E+00    0.000000E+00    0.000000E+00
8.688000E-01    1.307590E-01   -3.738099E-02   -1.311297E+01    0.000000E+00    0.000000E+00    0.000000E+00    1.881387E-02    4.808883E-02   -2.610161E-03    0.000000E+00    0.000000E+00    0.000000E+00
8.698000E-01    1.309191E-01   -3.732400E-02   -1.311311E+01    0.000000E+00    0.000000E+00    0.000000E+00    1.874323E-02    4.816260E-02   -2.621974E-03    0.000000E+00    0.000000E+00    0.000000E+00
8.708000E-01    1.310829E-01   -3.724901E-02   -1.311324E+01    0.000000E+00    0.000000E+00    0.000000E+00    1.866431E-02    4.823697E-02   -2.631270E-03    0.000000E+00    0.000000E+00    0.000000E+00
8.718000E-01    1.312477E-01   -3.716560E-02   -1.311337E+01    0.000000E+00    0.000000E+00    0.000000E+00    1.858401E-02    4.831211E-02   -2.639865E-03    0.000000E+00    0.000000E+00    0.000000E+00
8.728000E-01    1.314184E-01   -3.708196E-02   -1.311351E+01    0.000000E+00    0.000000E+00    0.000000E+00    1.850819E-02    4.838820E-02   -2.649685E-03    0.000000E+00    0.000000E+00    0.000000E+00
8.738000E-01    1.316001E-01   -3.696472E-02   -1.311363E+01    0.000000E+00    0.000000E+00    0.000000E+00    1.841728E-02    4.846760E-02   -2.655183E-03    0.000000E+00    0.000000E+00    0.000000E+00
8.748000E-01    1.317861E-01   -3.685718E-02   -1.311376E+01    0.000000E+00    0.000000E+00    0.000000E+00    1.833381E-02    4.854716E-02   -2.662540E-03    0.000000E+00    0.000000E+00    0.000000E+00
8.758000E-01    1.319799E-01   -3.674328E-02   -1.311389E+01    0.000000E+00    0.000000E+00    0.000000E+00    1.824818E-02    4.862753E-02   -2.669258E-03    0.000000E+00    0.000000E+00    0.000000E+00
8.768000E-01    1.321861E-01   -3.660418E-02   -1.311402E+01    0.000000E+00    0.000000E+00    0.000000E+00    1.816071E-02    4.870952E-02   -2.674112E-03    0.000000E+00    0.000000E+00    0.000000E+00
8.778000E-01    1.323117E-01   -3.639062E-02   -1.311415E+01    0.000000E+00    0.000000E+00    0.000000E+00    1.805261E-02    4.879082E-02   -2.673365E-03    0.000000E+00    0.000000E+00    0.000000E+00
8.788000E-01    1.325070E-01   -3.628210E-02   -1.311427E+01    0.000000E+00    0.000000E+00    0.000000E+00    1.797612E-02    4.887106E-02   -2.682490E-03    0.000000E+00    0.000000E+00    0.000000E+00
8.798000E-01    1.327036E-01   -3.615910E-02   -1.311439E+01    0.000000E+00    0.000000E+00    0.000000E+00    1.789345E-02    4.895079E-02   -2.689871E-03    0.000000E+00    0.000000E+00    0.000000E+00
8.808000E-01    1.329035E-01   -3.600245E-02   -1.311450E+01    0.000000E+00    0.000000E+00    0.000000E+00    1.779582E-02    4.903082E-02   -2.694124E-03    0.000000E+00    0.000000E+00    0.000000E+00
8.818000E-01    1.330951E-01   -3.587134E-02   -1.311462E+01    0.000000E+00    0.000000E+00    0.000000E+00    1.771858E-02    4.911179E-02   -2.701961E-03    0.000000E+00    0.000000E+00    0.000000E+00
8.828000E-01    1.332617E-01   -3.571098E-02   -1.311474E+01    0.000000E+00    0.000000E+00    0.000000E+00    1.763757E-02    4.919250E-02   -2.707816E-03    0.000000E+00    0.000000E+00    0.000000E+00
8.838000E-01    1.334766E-01   -3.556286E-02   -1.311485E+01    0.000000E+00    0.000000E+00    0.000000E+00    1.755111E-02    4.927460E-02   -2.714268E-03    0.000000E+00    0.000000E+00    0.000000E+00
8.848000E-01    1.336999E-01   -3.541700E-02   -1.311496E+01    0.000000E+00    0.000000E+00    0.000000E+00    1.746802E-02    4.935891E-02   -2.721122E-03    0.000000E+00    0.000000E+00    0.000000E+00
8.858000E-01    1.339269E-01   -3.526708E-02   -1.311506E+01    0.000000E+00    0.000000E+00    0.000000E+00    1.738573E-02    4.944321E-02   -2.728812E-03    0.000000E+00    0.000000E+00    0.000000E+00
8.868000E-01    1.341603E-01   -3.511635E-02   -1.311517E+01    0.000000E+00    0.000000E+00    0.000000E+00    1.730499E-02    4.952910E-02   -2.736280E-03    0.000000E+00    0.000000E+00    0.000000E+00
8.878000E-01    1.343881E-01   -3.496673E-02   -1.311527E+01    0.000000E+00    0.000000E+00    0.000000E+00    1.722285E-02    4.961606E-02   -2.743908E-03    0.000000E+00    0.000000E+00    0.000000E+00
8.888000E-01    1.346265E-01   -3.480141E-02   -1.311538E+01    0.000000E+00    0.000000E+00    0.000000E+00    1.713803E-02    4.970334E-02   -2.750774E-03    0.000000E+00    0.000000E+00    0.000000E+00
8.898000E-01    1.348550E-01   -3.462279E-02   -1.311548E+01    0.000000E+00    0.000000E+00    0.000000E+00    1.705564E-02    4.979261E-02   -2.756783E-03    0.000000E+00    0.000000E+00    0.000000E+00
8.908000E-01    1.350424E-01   -3.441489E-02   -1.311558E+01    0.000000E+00    0.000000E+00    0.000000E+00    1.697222E-02    4.988135E-02   -2.761925E-03    0.000000E+00    0.000000E+00    0.000000E+00
8.918000E-01    1.352962E-01   -3.424175E-02   -1.311568E+01    0.000000E+00    0.000000E+00    0.000000E+00    1.688986E-02    4.997075E-02   -2.768567E-03    0.000000E+00    0.000000E+00    0.000000E+00
8.928000E-01    1.355497E-01   -3.407338E-02   -1.311577E+01    0.000000E+00    0.000000E+00    0.000000E+00    1.681001E-02    5.006089E-02   -2.775283E-03    0.000000E+00    0.000000E+00    0.000000E+00
8.938000E-01    1.358334E-01   -3.391435E-02   -1.311587E+01    0.000000E+00    0.000000E+00    0.000000E+00    1.672825E-02    5.015109E-02   -2.780640E-03    0.000000E+00    0.000000E+00    0.000000E+00
8.948000E-01    1.361035E-01   -3.375854E-02   -1.311596E+01    0.000000E+00    0.000000E+00    0.000000E+00    1.664846E-02    5.024228E-02   -2.786519E-03    0.000000E+00    0.000000E+00    0.000000E+00
8.958000E-01    1.363689E-01   -3.357665E-02   -1.311605E+01    0.000000E+00    0.000000E+00    0.000000E+00    1.656907E-02    5.033393E-02   -2.792710E-03    0.000000E+00    0.000000E+00    0.000000E+00
8.968000E-01    1.366330E-01   -3.339332E-02   -1.311614E+01    0.000000E+00    0.000000E+00    0.000000E+00    1.649006E-02    5.042424E-02   -2.799445E-03    0.000000E+00    0.000000E+00    0.000000E+00
8.978000E-01    1.368982E-01   -3.321851E-02   -1.311623E+01    0.000000E+00    0.000000E+00    0.000000E+00    1.641658E-02    5.051441E-02   -2.806826E-03    0.000000E+00    0.000000E+00    0.000000E+00
8.988000E-01    1.371641E-01   -3.303899E-02   -1.311632E+01    0.000000E+00    0.000000E+00    0.000000E+00    1.634331E-02    5.060417E-02   -2.814479E-03    0.000000E+00    0.000000E+00    0.000000E+00
8.998000E-01   -5.479907E-01   -5.996194E-01    1.083956E+01    0.000000E+00    0.000000E+00    0.000000E+00    1.301017E-01   -1.314461E-01   -3.389434E-02    0.000000E+00    0.000000E+00    0.000000E+00
9.008000E-01   -5.705623E-01    3.136247E-01    4.775454E+00    0.000000E+00    0.000000E+00    0.000000E+00   -9.575332E-02   -1.083844E-01    6.575433E-01    0.000000E+00    0.000000E+00    0.000000E+00
9.018000E-01    3.560381E-01    1.586935E-01    1.622559E+01    0.000000E+00    0.000000E+00    0.000000E+00   -7.945880E-02    9.216803E-02    7.708595E-01    0.000000E+00    0.000000E+00    0.000000E+00
9.028000E-01    6.047514E-01    3.550315E-02    1.021713E+01    0.000000E+00    0.000000E+00    0.000000E+00   -2.887066E-02    1.456354E-01    6.175358E-01    0.000000E+00    0.000000E+00    0.000000E+00
9.038000E-01    5.862178E-01    1.031447E-01    1.928280E+01    0.000000E+00    0.000000E+00    0.000000E+00   -4.878332E-02    1.720607E-01    3.760870E-01    0.000000E+00    0.000000E+00    0.000000E+00
9.048000E-01    2.350163E-01    2.886419E-01    1.186172E+01    0.000000E+00    0.000000E+00    0.000000E+00   -9.952263E-02    8.466656E-02    2.658288E-01    0.000000E+00    0.000000E+00    0.000000E+00
9.058000E-01    2.754072E-01    2.987483E-01    1.103900E+01    0.000000E+00    0.000000E+00    0.000000E+00   -1.161569E-01    1.181198E-01    2.258358E-01    0.000000E+00    0.000000E+00    0.000000E+00
9.068000E-01    5.370570E-01    2.227604E-01    1.281295E+01    0.000000E+00    0.000000E+00    0.000000E+00   -9.909595E-02    2.199815E-01    1.630249E-01    0.000000E+00    0.000000E+00    0.000000E+00
9.078000E-01    5.587897E-01    2.410084E-01    8.899444E+00    0.000000E+00    0.000000E+00    0.000000E+00   -1.242519E-01    1.977805E-01    8.579767E-02    0.000000E+00    0.000000E+00    0.000000E+00
9.088000E-01    7.295393E-01    5.223323E-01    1.722194E+01    0.000000E+00    0.000000E+00    0.000000E+00   -2.620786E-01    2.639346E-01    6.043744E-04    0.000000E+00    0.000000E+00    0.000000E+00
9.098000E-01   -1.539680E-01   -6.076758E-01    8.359648E+00    0.000000E+00    0.000000E+00    0.000000E+00    9.227769E-02   -8.763864E-02   -4.091808E-02    0.000000E+00    0.000000E+00    0.000000E+00
9.108000E-01    9.281735E-02    2.842811E-01    1.017353E+01    0.000000E+00    0.000000E+00    0.000000E+00   -2.855190E-01   -3.401004E-02   -4.585647E-02    0.000000E+00    0.000000E+00    0.000000E+00
9.118000E-01    4.219668E-01    1.197197E+00    9.561011E+00    0.000000E+00    0.000000E+00    0.000000E+00   -5.445917E-01    6.021775E-02   -8.190411E-02    0.000000E+00    0.000000E+00    0.000000E+00
9.128000E-01    9.994670E-01    3.573342E-01    8.141033E+00    0.000000E+00    0.000000E+00    0.000000E+00   -1.797253E-01    3.799819E-01   -8.690515E-02    0.000000E+00    0.000000E+00    0.000000E+00
9.138000E-01    5.535500E-01   -6.668454E-01    2.433536E+00    0.000000E+00    0.000000E+00    0.000000E+00    2.112461E-01    2.961124E-01   -1.597901E-01    0.000000E+00    0.000000E+00    0.000000E+00
9.148000E-01    4.118735E-01   -4.346403E-01   -7.884614E-01    0.000000E+00    0.000000E+00    0.000000E+00    1.088032E-01    2.361571E-01   -2.047889E-01    0.000000E+00    0.000000E+00    0.000000E+00
9.158000E-01    1.410845E+00   -7.683897E-01   -1.438934E+01    0.000000E+00    0.000000E+00    0.000000E+00    2.530429E-01    6.350661E-01   -3.413220E-01    0.000000E+00    0.000000E+00    0.000000E+00
9.168000E-01    1.208149E+00   -9.037288E-01   -1.218805E+01    0.000000E+00    0.000000E+00    0.000000E+00    3.469916E-01    5.095023E-01   -4.343077E-01    0.000000E+00    0.000000E+00    0.000000E+00
9.178000E-01    1.915689E-01   -1.059860E+00   -6.278901E+00    0.000000E+00    0.000000E+00    0.000000E+00    4.452787E-01    6.607539E-02   -2.163543E-01    0.000000E+00    0.000000E+00    0.000000E+00
9.188000E-01    6.730086E-02   -8.979727E-01   -4.834888E+00    0.000000E+00    0.000000E+00    0.000000E+00    3.808271E-01    1.876479E-02   -2.189327E-02    0.000000E+00    0.000000E+00    0.000000E+00
9.198000E-01   -1.728102E-01   -4.579835E-01   -1.875301E+00    0.000000E+00    0.000000E+00    0.000000E+00    1.714050E-01   -1.004782E-01   -5.854303E-02    0.000000E+00    0.000000E+00    0.000000E+00
9.208000E-01    2.592656E-01   -1.130707E+00   -1.155201E+01    0.000000E+00    0.000000E+00    0.000000E+00    5.120462E-01    1.170630E-01   -1.765066E-01    0.000000E+00    0.000000E+00    0.000000E+00
9.218000E-01    2.454018E+00   -3.657413E+00   -2.729777E+01    0.000000E+00    0.000000E+00    0.000000E+00    1.925122E+00    1.247404E+00   -2.537801E-01    0.000000E+00    0.000000E+00    0.000000E+00
9.228000E-01    2.486560E+00   -3.090038E+00   -1.188735E+01    0.000000E+00    0.000000E+00    0.000000E+00    1.734582E+00    1.295985E+00   -2.931213E-01    0.000000E+00    0.000000E+00    0.000000E+00
9.238000E-01    1.267398E-01   -4.785312E-01   -1.402880E+01    0.000000E+00    0.000000E+00    0.000000E+00    3.349591E-01    8.204315E-02   -1.332819E-01    0.000000E+00    0.000000E+00    0.000000E+00
9.248000E-01   -1.409878E+00   -4.401170E-01   -2.555427E+01    0.000000E+00    0.000000E+00    0.000000E+00    2.691259E-01   -7.724910E-01   -1.326669E-02    0.000000E+00    0.000000E+00    0.000000E+00
9.258000E-01   -1.180133E+00   -2.921615E+00   -2.944420E+01    0.000000E+00    0.000000E+00    0.000000E+00    1.698029E+00   -7.288738E-01   -9.165019E-02    0.000000E+00    0.000000E+00    0.000000E+00
9.268000E-01   -2.184147E-01   -4.330395E+00   -3.075078E+01    0.000000E+00    0.000000E+00    0.000000E+00    2.570196E+00   -2.600044E-01   -1.038181E-01    0.000000E+00    0.000000E+00    0.000000E+00
9.278000E-01    1.833284E+00   -3.919856E+00   -3.600959E+01    0.000000E+00    0.000000E+00    0.000000E+00    2.460957E+00    9.490481E-01    3.278434E-02    0.000000E+00    0.000000E+00    0.000000E+00
9.288000E-01    2.299128E+00   -1.649675E+00   -3.476910E+01    0.000000E+00    0.000000E+00    0.000000E+00    1.299905E+00    1.399837E+00    1.895777E-01    0.000000E+00    0.000000E+00    0.000000E+00
9.298000E-01   -3.646066E-02    2.053580E+00   -4.090944E+01    0.000000E+00    0.000000E+00    0.000000E+00   -6.298608E-01    4.461351E-01    1.778296E-01    0.000000E+00    0.000000E+00    0.000000E+00
9.308000E-01    6.981619E-01   -1.690855E+00   -3.713290E+01    0.000000E+00    0.000000E+00    0.000000E+00    1.285976E+00    8.162811E-01    6.171273E-02    0.000000E+00    0.000000E+00    0.000000E+00
9.318000E-01   -1.629137E-01   -3.837566E+00   -2.793823E+01    0.000000E+00    0.000000E+00    0.000000E+00    2.430062E+00    9.098812E-02    5.499665E-02    0.000000E+00    0.000000E+00    0.000000E+00
9.328000E-01   -7.042628E+00   -1.841078E+00   -5.633036E+01    0.000000E+00    0.000000E+00    0.000000E+00    1.247315E+00   -4.303352E+00    1.778968E-01    0.000000E+00    0.000000E+00    0.000000E+00
9.338000E-01   -1.417226E+01   -9.803807E-02   -6.222047E+01    0.000000E+00    0.000000E+00    0.000000E+00   -2.852051E-01   -8.832157E+00   -3.875115E-03    0.000000E+00    0.000000E+00    0.000000E+00
9.348000E-01   -8.998982E+00    6.683628E+00   -8.641375E+01    0.000000E+00    0.000000E+00    0.000000E+00   -4.548545E+00   -5.979890E+00    1.502560E-01    0.000000E+00    0.000000E+00    0.000000E+00
9.358000E-01   -3.610451E-01    1.036631E+01   -9.620902E+01    0.000000E+00    0.000000E+00    0.000000E+00   -6.840876E+00   -8.462088E-01    4.133264E-01    0.000000E+00    0.000000E+00    0.000000E+00
9.368000E-01   -4.784712E-01    1.177143E+01   -5.940060E+01    0.000000E+00    0.000000E+00    0.000000E+00   -7.557637E+00   -9.439148E-01    4.894285E-01    0.000000E+00    0.000000E+00    0.000000E+00
9.378000E-01   -2.226412E+00    1.052737E+01   -4.211466E+01    0.000000E+00    0.000000E+00    0.000000E+00   -6.851068E+00   -1.460917E+00    5.581247E-01    0.000000E+00    0.000000E+00    0.000000E+00
9.388000E-01   -1.709917E+01    8.680493E+00   -3.622107E+01    0.000000E+00    0.000000E+00    0.000000E+00   -5.777409E+00   -1.010981E+01    3.957919E-01    0.000000E+00    0.000000E+00    0.000000E+00
9.398000E-01   -2.141356E+01    8.080457E+00   -8.044314E+01    0.000000E+00    0.000000E+00    0.000000E+00   -5.311084E+00   -1.232232E+01    9.068287E-02    0.000000E+00    0.000000E+00    0.000000E+00
9.408000E-01   -5.702730E+00    9.897902E+00   -8.669057E+01    0.000000E+00    0.000000E+00    0.000000E+00   -6.001330E+00   -3.146761E+00    6.795836E-02    0.000000E+00    0.000000E+00    0.000000E+00
9.418000E-01    2.072464E+01    8.579724E+00   -2.455547E+02    0.000000E+00    0.000000E+00    0.000000E+00   -5.223792E+00    1.230021E+01   -7.236841E-02    0.000000E+00    0.000000E+00    0.000000E+00
9.428000E-01    3.275869E+01    1.012482E+00   -7.570068E+02    0.000000E+00    0.000000E+00    0.000000E+00   -1.738843E+00    1.820548E+01   -5.471905E-01    0.000000E+00    0.000000E+00    0.000000E+00
9.438000E-01   -1.954019E+01    6.322955E+00   -8.000112E+02    0.000000E+00    0.000000E+00    0.000000E+00   -4.916985E+00   -1.627101E+01   -4.724023E-01    0.000000E+00    0.000000E+00    0.000000E+00
9.448000E-01   -6.057192E+01    1.212184E+01   -2.530987E+02    0.000000E+00    0.000000E+00    0.000000E+00   -5.905858E+00   -3.937541E+01    4.304741E-01    0.000000E+00    0.000000E+00    0.000000E+00
9.458000E-01   -4.856489E+00   -9.523322E+00   -2.473451E+02    0.000000E+00    0.000000E+00    0.000000E+00    8.017697E+00   -1.460187E+00    3.725153E-01    0.000000E+00    0.000000E+00    0.000000E+00
9.468000E-01    4.587198E+01   -2.566712E+00   -5.699026E+02    0.000000E+00    0.000000E+00    0.000000E+00    2.791669E+00    2.901585E+01    5.753366E-02    0.000000E+00    0.000000E+00    0.000000E+00
9.478000E-01    2.301418E+01   -5.936605E+00   -9.151018E+02    0.000000E+00    0.000000E+00    0.000000E+00    4.921192E+00    1.536120E+01   -6.268224E-02    0.000000E+00    0.000000E+00    0.000000E+00
9.488000E-01   -4.467383E+00   -5.113340E+01   -1.131248E+03    0.000000E+00    0.000000E+00    0.000000E+00    3.246190E+01    6.496392E-01   -1.496662E-02    0.000000E+00    0.000000E+00    0.000000E+00
9.498000E-01    1.422468E+01   -2.938509E+01   -7.757585E+02    0.000000E+00    0.000000E+00    0.000000E+00    1.923901E+01    9.237203E+00    1.458279E-01    0.000000E+00    0.000000E+00    0.000000E+00
9.508000E-01    1.725382E+01   -2.452882E+00   -4.840511E+02    0.000000E+00    0.000000E+00    0.000000E+00    2.561764E+00    8.510272E+00    1.441183E-01    0.000000E+00    0.000000E+00    0.000000E+00
9.518000E-01   -1.417384E+01   -3.997443E+00   -4.683423E+02    0.000000E+00    0.000000E+00    0.000000E+00    2.995152E+00   -8.360850E+00   -2.208757E-03    0.000000E+00    0.000000E+00    0.000000E+00
9.528000E-01   -2.411709E+01    4.828170E+00   -5.147029E+02    0.000000E+00    0.000000E+00    0.000000E+00   -1.250968E+00   -1.208191E+01    1.710047E-01    0.000000E+00    0.000000E+00    0.000000E+00
9.538000E-01    1.168849E+01    1.484030E-02   -5.576180E+02    0.000000E+00    0.000000E+00    0.000000E+00    1.371450E+00    7.000437E+00    6.260694E-01    0.000000E+00    0.000000E+00    0.000000E+00
9.548000E-01    1.941119E+00   -1.725901E+00   -4.748785E+02    0.000000E+00    0.000000E+00    0.000000E+00    1.560637E+00    5.575227E-01    5.227081E-01    0.000000E+00    0.000000E+00    0.000000E+00
9.558000E-01   -3.154167E+01    8.501213E+00   -3.327208E+02    0.000000E+00    0.000000E+00    0.000000E+00   -4.222868E+00   -1.767186E+01    1.675594E-02    0.000000E+00    0.000000E+00    0.000000E+00
9.568000E-01   -2.055946E+01    7.145830E+00   -2.273745E+02    0.000000E+00    0.000000E+00    0.000000E+00   -3.583859E+00   -1.139252E+01   -1.425098E-01    0.000000E+00    0.000000E+00    0.000000E+00
9.578000E-01    1.131303E+00    9.307291E+00   -1.587959E+02    0.000000E+00    0.000000E+00    0.000000E+00   -5.262771E+00    2.270988E-01   -1.707722E-01    0.000000E+00    0.000000E+00    0.000000E+00
9.588000E-01    3.463141E+00    1.356992E+01   -1.513899E+02    0.000000E+00    0.000000E+00    0.000000E+00   -7.830773E+00    1.220180E+00   -3.012377E-01    0.000000E+00    0.000000E+00    0.000000E+00
9.598000E-01   -6.182784E+00    8.310892E+00   -1.481705E+02    0.000000E+00    0.000000E+00    0.000000E+00   -4.870322E+00   -4.022731E+00   -3.694649E-01    0.000000E+00    0.000000E+00    0.000000E+00
9.608000E-01   -1.518171E+01    9.426848E+00   -1.533340E+02    0.000000E+00    0.000000E+00    0.000000E+00   -5.558681E+00   -9.077121E+00   -3.034494E-01    0.000000E+00    0.000000E+00    0.000000E+00
9.618000E-01   -1.633746E+01    1.430594E+01   -1.789199E+02    0.000000E+00    0.000000E+00    0.000000E+00   -8.357308E+00   -1.011026E+01   -1.413136E-01    0.000000E+00    0.000000E+00    0.000000E+00
9.628000E-01   -1.447881E+01    5.243152E+00   -2.579197E+02    0.000000E+00    0.000000E+00    0.000000E+00   -3.078349E+00   -9.403578E+00   -1.527701E-02    0.000000E+00    0.000000E+00    0.000000E+00
9.638000E-01    5.282436E+00   -5.441307E+00   -3.464676E+02    0.000000E+00    0.000000E+00    0.000000E+00    3.144684E+00    1.991487E+00    2.113139E-02    0.000000E+00    0.000000E+00    0.000000E+00
9.648000E-01    2.352237E+01   -3.288097E+00   -3.690570E+02    0.000000E+00    0.000000E+00    0.000000E+00    2.076398E+00    1.297834E+01   -2.994382E-02    0.000000E+00    0.000000E+00    0.000000E+00
9.658000E-01    8.237430E+00   -1.147061E+00   -3.400616E+02    0.000000E+00    0.000000E+00    0.000000E+00    1.428979E+00    4.363977E+00   -1.314879E-01    0.000000E+00    0.000000E+00    0.000000E+00
9.668000E-01   -4.001867E+00   -4.008342E+00   -3.106042E+02    0.000000E+00    0.000000E+00    0.000000E+00    3.570108E+00   -2.523419E+00   -1.815053E-01    0.000000E+00    0.000000E+00    0.000000E+00
9.678000E-01   -3.039318E+00   -4.639189E+00   -3.262425E+02    0.000000E+00    0.000000E+00    0.000000E+00    3.883565E+00   -2.069906E+00   -1.440548E-01    0.000000E+00    0.000000E+00    0.000000E+00
9.688000E-01    4.665256E-01   -2.829939E+00   -3.778322E+02    0.000000E+00    0.000000E+00    0.000000E+00    2.510142E+00   -8.898322E-01   -5.023069E-02    0.000000E+00    0.000000E+00    0.000000E+00
9.698000E-01    2.804685E+00   -6.921426E+00   -4.018672E+02    0.000000E+00    0.000000E+00    0.000000E+00    4.990986E+00   -4.916792E-02    9.241574E-02    0.000000E+00    0.000000E+00    0.000000E+00
9.708000E-01    7.530956E-01   -1.226759E+01   -3.898246E+02    0.000000E+00    0.000000E+00    0.000000E+00    8.285415E+00   -1.616543E+00    1.576421E-01    0.000000E+00    0.000000E+00    0.000000E+00
9.718000E-01    1.756508E-01   -9.886407E+00   -3.513055E+02    0.000000E+00    0.000000E+00    0.000000E+00    6.555810E+00   -2.200493E+00    9.364155E-02    0.000000E+00    0.000000E+00    0.000000E+00
9.728000E-01    6.268044E+00   -5.904391E+00   -3.093139E+02    0.000000E+00    0.000000E+00    0.000000E+00    3.934128E+00    1.653891E+00    3.776219E-02    0.000000E+00    0.000000E+00    0.000000E+00
9.738000E-01    8.000073E+00   -4.238494E+00   -2.952142E+02    0.000000E+00    0.000000E+00    0.000000E+00    2.754968E+00    2.719858E+00    5.844991E-02    0.000000E+00    0.000000E+00    0.000000E+00
9.748000E-01    2.039894E+00   -1.580782E+00   -2.858178E+02    0.000000E+00    0.000000E+00    0.000000E+00    6.968472E-01   -9.826397E-01    1.172111E-01    0.000000E+00    0.000000E+00    0.000000E+00
9.758000E-01   -1.331731E+00   -2.378813E+00   -2.916537E+02    0.000000E+00    0.000000E+00    0.000000E+00    9.520516E-01   -2.931923E+00    1.569855E-01    0.000000E+00    0.000000E+00    0.000000E+00
9.768000E-01   -2.936123E+00   -6.643374E+00   -2.782699E+02    0.000000E+00    0.000000E+00    0.000000E+00    3.633625E+00   -4.176048E+00    1.661200E-01    0.000000E+00    0.000000E+00    0.000000E+00
9.778000E-01   -4.024716E+00   -8.475274E+00   -2.429470E+02    0.000000E+00    0.000000E+00    0.000000E+00    4.979925E+00   -4.999195E+00    1.177853E-01    0.000000E+00    0.000000E+00    0.000000E+00
9.788000E-01    4.071143E+00   -4.899046E+00   -2.177214E+02    0.000000E+00    0.000000E+00    0.000000E+00    2.893815E+00    6.161257E-01    2.465896E-03    0.000000E+00    0.000000E+00    0.000000E+00
9.798000E-01    8.802206E+00    5.494101E-01   -2.013795E+02    0.000000E+00    0.000000E+00    0.000000E+00   -5.718815E-01    3.880842E+00   -9.702134E-02    0.000000E+00    0.000000E+00    0.000000E+00
9.808000E-01   -9.225813E-02    2.727421E+00   -1.833898E+02    0.000000E+00    0.000000E+00    0.000000E+00   -2.120396E+00   -1.909659E+00   -1.260947E-01    0.000000E+00    0.000000E+00    0.000000E+00
9.818000E-01   -2.449891E+00    2.281587E-01   -1.924855E+02    0.000000E+00    0.000000E+00    0.000000E+00   -2.587988E-01   -3.042582E+00   -1.099137E-01    0.000000E+00    0.000000E+00    0.000000E+00
9.828000E-01    5.635943E-01   -3.000532E+00   -1.725454E+02    0.000000E+00    0.000000E+00    0.000000E+00    2.211749E+00   -6.557901E-01   -5.936864E-02    0.000000E+00    0.000000E+00    0.000000E+00
9.838000E-01   -6.340442E+00    1.142344E+00   -1.832507E+02    0.000000E+00    0.000000E+00    0.000000E+00   -6.547942E-01   -5.698831E+00   -3.346383E-02    0.000000E+00    0.000000E+00    0.000000E+00
9.848000E-01   -2.171105E+01    8.277694E+00   -2.581894E+02    0.000000E+00    0.000000E+00    0.000000E+00   -5.423451E+00   -1.667117E+01   -9.766944E-02    0.000000E+00    0.000000E+00    0.000000E+00
9.858000E-01   -3.883572E+00    2.069800E+00   -3.578853E+02    0.000000E+00    0.000000E+00    0.000000E+00   -1.319731E+00   -5.873139E+00   -2.249021E-02    0.000000E+00    0.000000E+00    0.000000E+00
9.868000E-01    1.568059E+01   -1.148846E+01   -3.013600E+02    0.000000E+00    0.000000E+00    0.000000E+00    7.825807E+00    7.257616E+00    1.330798E-01    0.000000E+00    0.000000E+00    0.000000E+00
9.878000E-01    2.998328E+00   -6.435088E+00   -1.876570E+02    0.000000E+00    0.000000E+00    0.000000E+00    4.970689E+00    4.198596E-01    7.893832E-02    0.000000E+00    0.000000E+00    0.000000E+00
9.888000E-01   -3.991252E+00    1.388696E+01   -2.179682E+02    0.000000E+00    0.000000E+00    0.000000E+00   -8.131538E+00   -3.418566E+00   -9.512410E-02    0.000000E+00    0.000000E+00    0.000000E+00
9.898000E-01   -7.021103E+00    8.056323E+00   -2.735295E+02    0.000000E+00    0.000000E+00    0.000000E+00   -4.163470E+00   -6.191413E+00   -7.674923E-02    0.000000E+00    0.000000E+00    0.000000E+00
9.908000E-01   -1.464399E+01   -5.378792E+00   -3.262666E+02    0.000000E+00    0.000000E+00    0.000000E+00    4.964633E+00   -1.204266E+01   -7.961130E-03    0.000000E+00    0.000000E+00    0.000000E+00
9.918000E-01   -3.451222E+00   -4.409644E+00   -3.430897E+02    0.000000E+00    0.000000E+00    0.000000E+00    4.492645E+00   -4.667505E+00    1.778826E-02    0.000000E+00    0.000000E+00    0.000000E+00
9.928000E-01   -2.475226E+00   -1.464299E+00   -2.500438E+02    0.000000E+00    0.000000E+00    0.000000E+00    2.492174E+00   -3.681503E+00    3.562487E-02    0.000000E+00    0.000000E+00    0.000000E+00
9.938000E-01   -1.234510E+01    2.369759E+00   -2.045396E+02    0.000000E+00    0.000000E+00    0.000000E+00   -2.207165E-01   -1.011598E+01    6.459186E-02    0.000000E+00    0.000000E+00    0.000000E+00
9.948000E-01   -1.719633E+00    5.595598E+00   -1.562455E+02    0.000000E+00    0.000000E+00    0.000000E+00   -2.991938E+00   -2.621429E+00    1.074834E-01    0.000000E+00    0.000000E+00    0.000000E+00
9.958000E-01   -6.678598E+00    2.879970E+00   -2.188468E+02    0.000000E+00    0.000000E+00    0.000000E+00   -8.182056E-01   -6.561355E+00    5.561556E-02    0.000000E+00    0.000000E+00    0.000000E+00
9.968000E-01   -2.013682E+00   -8.421691E-01   -3.141891E+02    0.000000E+00    0.000000E+00    0.000000E+00    2.678550E+00   -4.161895E+00    7.353942E-02    0.000000E+00    0.000000E+00    0.000000E+00
9.978000E-01   -1.145433E-01    1.972014E-01   -3.270244E+02    0.000000E+00    0.000000E+00    0.000000E+00    2.125699E+00   -3.299735E+00    8.218556E-02    0.000000E+00    0.000000E+00    0.000000E+00
9.988000E-01   -2.035421E+01    5.029214E+00   -2.980990E+02    0.000000E+00    0.000000E+00    0.000000E+00   -1.364600E+00   -1.607050E+01   -4.283847E-02    0.000000E+00    0.000000E+00    0.000000E+00
9.998000E-01   -1.427297E+01    3.472195E+00   -2.251650E+02    0.000000E+00    0.000000E+00    0.000000E+00   -7.935419E-01   -1.102401E+01    5.314165E-02    0.000000E+00    0.000000E+00    0.000000E+00
1.000800E+00    6.960446E+00   -7.630468E+00   -2.162409E+02    0.000000E+00    0.000000E+00    0.000000E+00    6.055054E+00    1.984989E+00    3.269005E-01    0.000000E+00    0.000000E+00    0.000000E+00
1.001800E+00    5.258918E+00   -7.271450E+00   -2.551760E+02    0.000000E+00    0.000000E+00    0.000000E+00    5.919439E+00   -1.791007E-01    2.048700E-01    0.000000E+00    0.000000E+00    0.000000E+00
1.002800E+00    1.262203E+00    1.308809E-01   -2.272212E+02    0.000000E+00    0.000000E+00    0.000000E+00    1.554796E+00   -1.879753E+00   -1.593334E-02    0.000000E+00    0.000000E+00    0.000000E+00
1.003800E+00    9.543292E-01    2.571969E+00   -1.909397E+02    0.000000E+00    0.000000E+00    0.000000E+00    9.945695E-02   -1.323754E+00   -1.190276E-01    0.000000E+00    0.000000E+00    0.000000E+00
1.004800E+00    4.119589E+00    9.341852E+00   -1.124127E+02    0.000000E+00    0.000000E+00    0.000000E+00   -5.240122E+00    1.464182E+00   -1.521991E-01    0.000000E+00    0.000000E+00    0.000000E+00
1.005800E+00   -1.612837E-01    3.584418E+00   -1.413573E+02    0.000000E+00    0.000000E+00    0.000000E+00   -1.553127E+00   -2.303379E+00   -1.766854E-02    0.000000E+00    0.000000E+00    0.000000E+00
1.006800E+00   -2.870519E+00   -5.290380E+00   -2.764769E+02    0.000000E+00    0.000000E+00    0.000000E+00    4.848680E+00   -6.446059E+00    9.432711E-02    0.000000E+00    0.000000E+00    0.000000E+00
1.007800E+00   -1.301744E+01    8.029054E+00   -4.056712E+02    0.000000E+00    0.000000E+00    0.000000E+00   -2.966548E+00   -1.501785E+01   -1.787759E-01    0.000000E+00    0.000000E+00    0.000000E+00
1.008800E+00   -1.371860E+01    7.768236E+00   -3.984621E+02    0.000000E+00    0.000000E+00    0.000000E+00   -2.571229E+00   -1.563524E+01   -1.344451E-01    0.000000E+00    0.000000E+00    0.000000E+00
1.009800E+00    7.444134E+00   -1.088616E+01   -2.790892E+02    0.000000E+00    0.000000E+00    0.000000E+00    8.649251E+00   -7.460617E-01    4.064163E-01    0.000000E+00    0.000000E+00    0.000000E+00
1.010800E+00    6.418475E+00   -6.047403E+00   -2.250684E+02    0.000000E+00    0.000000E+00    0.000000E+00    5.362409E+00   -3.958369E-01    2.994476E-01    0.000000E+00    0.000000E+00    0.000000E+00
1.011800E+00   -9.662519E+00   -3.300936E+00   -2.727852E+02    0.000000E+00    0.000000E+00    0.000000E+00    4.360760E+00   -1.103805E+01    5.840775E-03    0.000000E+00    0.000000E+00    0.000000E+00
1.012800E+00   -1.053536E+01   -4.165996E+00   -3.067256E+02    0.000000E+00    0.000000E+00    0.000000E+00    5.125312E+00   -1.229018E+01   -3.426238E-02    0.000000E+00    0.000000E+00    0.000000E+00
1.013800E+00   -7.413402E+00    9.751353E-01   -2.957604E+02    0.000000E+00    0.000000E+00    0.000000E+00    1.459428E+00   -1.084426E+01   -6.197274E-02    0.000000E+00    0.000000E+00    0.000000E+00
1.014800E+00   -1.004167E+00   -6.382740E+00   -2.248087E+02    0.000000E+00    0.000000E+00    0.000000E+00    5.579629E+00   -5.831574E+00    1.897950E-01    0.000000E+00    0.000000E+00    0.000000E+00
1.015800E+00    3.579861E+00   -8.543475E+00   -1.371948E+02    0.000000E+00    0.000000E+00    0.000000E+00    6.328443E+00   -1.206933E+00    2.980961E-01    0.000000E+00    0.000000E+00    0.000000E+00
1.016800E+00    3.762018E+00   -7.502082E+00   -1.724197E+02    0.000000E+00    0.000000E+00    0.000000E+00    5.789095E+00   -2.219562E+00    2.926376E-01    0.000000E+00    0.000000E+00    0.000000E+00
1.017800E+00   -3.854116E+00   -4.640324E+00   -2.384931E+02    0.000000E+00    0.000000E+00    0.000000E+00    4.492033E+00   -8.895583E+00    2.058764E-01    0.000000E+00    0.000000E+00    0.000000E+00
1.018800E+00   -1.714200E+01    4.233150E+00   -2.932638E+02    0.000000E+00    0.000000E+00    0.000000E+00   -5.155108E-01   -1.880037E+01   -7.458128E-02    0.000000E+00    0.000000E+00    0.000000E+00
1.019800E+00   -8.244500E+00   -2.377902E+00   -2.530403E+02    0.000000E+00    0.000000E+00    0.000000E+00    3.444814E+00   -1.237015E+01    1.950079E-01    0.000000E+00    0.000000E+00    0.000000E+00
1.020800E+00    9.245185E+00   -1.304095E+01   -1.404586E+02    0.000000E+00    0.000000E+00    0.000000E+00    8.963821E+00    1.366882E+00    5.690967E-01    0.000000E+00    0.000000E+00    0.000000E+00
1.021800E+00    3.026561E+00   -6.808968E+00   -1.397415E+02    0.000000E+00    0.000000E+00    0.000000E+00    5.029803E+00   -2.524204E+00    2.856659E-01    0.000000E+00    0.000000E+00    0.000000E+00
1.022800E+00   -2.001898E+00   -1.440239E+00   -2.079035E+02    0.000000E+00    0.000000E+00    0.000000E+00    2.734170E+00   -7.497504E+00    4.168542E-02    0.000000E+00    0.000000E+00    0.000000E+00
1.023800E+00   -5.141323E+00   -2.894271E+00   -3.304865E+02    0.000000E+00    0.000000E+00    0.000000E+00    4.814323E+00   -1.333848E+01    2.165021E-02    0.000000E+00    0.000000E+00    0.000000E+00
1.024800E+00   -8.519989E+00   -4.236814E+00   -3.859505E+02    0.000000E+00    0.000000E+00    0.000000E+00    5.998818E+00   -1.745857E+01    2.180983E-02    0.000000E+00    0.000000E+00    0.000000E+00
1.025800E+00   -4.120578E+00   -5.394280E+00   -2.371356E+02    0.000000E+00    0.000000E+00    0.000000E+00    5.425168E+00   -1.035320E+01    1.182386E-01    0.000000E+00    0.000000E+00    0.000000E+00
1.026800E+00    6.742801E-01   -2.688727E+00   -1.550395E+02    0.000000E+00    0.000000E+00    0.000000E+00    2.908121E+00   -5.063515E+00    6.875202E-02    0.000000E+00    0.000000E+00    0.000000E+00
1.027800E+00    5.433332E+00    5.532012E+00   -1.427084E+02    0.000000E+00    0.000000E+00    0.000000E+00   -2.433143E+00   -1.617137E+00   -2.036698E-01    0.000000E+00    0.000000E+00    0.000000E+00
1.028800E+00   -4.816994E+00    3.634140E+00   -1.451467E+02    0.000000E+00    0.000000E+00    0.000000E+00   -9.490824E-01   -8.237492E+00   -2.460076E-01    0.000000E+00    0.000000E+00    0.000000E+00
1.029800E+00   -1.848737E+01   -4.020076E+00   -2.492488E+02    0.000000E+00    0.000000E+00    0.000000E+00    5.102871E+00   -2.105383E+01   -7.696701E-02    0.000000E+00    0.000000E+00    0.000000E+00
1.030800E+00   -1.456678E+01   -2.805545E+00   -3.593053E+02    0.000000E+00    0.000000E+00    0.000000E+00    5.379934E+00   -2.332494E+01   -9.126875E-02    0.000000E+00    0.000000E+00    0.000000E+00
1.031800E+00   -1.033685E+01    2.984019E+00   -3.085109E+02    0.000000E+00    0.000000E+00    0.000000E+00    1.243518E+00   -1.927918E+01   -2.582347E-01    0.000000E+00    0.000000E+00    0.000000E+00
1.032800E+00   -8.789821E+00    2.881446E+00   -1.440685E+02    0.000000E+00    0.000000E+00    0.000000E+00   -2.191696E-01   -1.186779E+01   -1.896460E-01    0.000000E+00    0.000000E+00    0.000000E+00
1.033800E+00    3.152058E-01   -2.719353E+00   -6.178176E+01    0.000000E+00    0.000000E+00    0.000000E+00    2.480303E+00   -2.441421E+00    1.962668E-01    0.000000E+00    0.000000E+00    0.000000E+00
1.034800E+00   -3.077611E+00   -6.707781E+00   -9.708009E+01    0.000000E+00    0.000000E+00    0.000000E+00    5.508264E+00   -5.923310E+00    3.383622E-01    0.000000E+00    0.000000E+00    0.000000E+00
1.035800E+00   -1.120216E+01   -1.056112E+01   -3.087641E+02    0.000000E+00    0.000000E+00    0.000000E+00    1.167240E+01   -1.945741E+01    3.367122E-01    0.000000E+00    0.000000E+00    0.000000E+00
1.036800E+00   -1.420186E+01   -6.828473E+00   -5.101539E+02    0.000000E+00    0.000000E+00    0.000000E+00    1.312050E+01   -2.978815E+01    8.476380E-02    0.000000E+00    0.000000E+00    0.000000E+00
1.037800E+00   -3.090810E+01   -2.047270E-02   -4.403265E+02    0.000000E+00    0.000000E+00    0.000000E+00    7.475214E+00   -3.814727E+01   -4.295512E-01    0.000000E+00    0.000000E+00    0.000000E+00
1.038800E+00   -2.496687E+01   -2.165025E+00   -2.781743E+02    0.000000E+00    0.000000E+00    0.000000E+00    5.812038E+00   -2.813971E+01   -2.288084E-01    0.000000E+00    0.000000E+00    0.000000E+00
1.039800E+00    3.882779E+00   -2.289065E+00   -1.854057E+02    0.000000E+00    0.000000E+00    0.000000E+00    4.473151E+00   -6.319411E+00    2.430077E-01    0.000000E+00    0.000000E+00    0.000000E+00
1.040800E+00   -1.213833E+00    3.044920E+00   -2.117732E+02    0.000000E+00    0.000000E+00    0.000000E+00    1.844028E+00   -1.121604E+01   -1.276986E-01    0.000000E+00    0.000000E+00    0.000000E+00
1.041800E+00   -2.573152E+01    2.327886E+00   -2.872351E+02    0.000000E+00    0.000000E+00    0.000000E+00    3.789454E+00   -3.025903E+01   -5.392715E-01    0.000000E+00    0.000000E+00    0.000000E+00
1.042800E+00   -2.508015E+01   -4.122370E+00   -3.082597E+02    0.000000E+00    0.000000E+00    0.000000E+00    8.179616E+00   -3.102710E+01   -2.258003E-01    0.000000E+00    0.000000E+00    0.000000E+00
1.043800E+00   -1.434940E+01   -4.837126E+00   -2.447553E+02    0.000000E+00    0.000000E+00    0.000000E+00    7.425262E+00   -2.181959E+01    3.769139E-02    0.000000E+00    0.000000E+00    0.000000E+00
1.044800E+00   -4.501157E+00   -2.712340E+00   -1.610305E+02    0.000000E+00    0.000000E+00    0.000000E+00    4.699665E+00   -1.194421E+01    1.584473E-01    0.000000E+00    0.000000E+00    0.000000E+00
1.045800E+00   -4.747078E+00   -6.505305E+00   -1.624052E+02    0.000000E+00    0.000000E+00    0.000000E+00    7.477154E+00   -1.204697E+01    3.010767E-01    0.000000E+00    0.000000E+00    0.000000E+00
1.046800E+00   -8.782316E+00   -2.468842E+00   -2.041225E+02    0.000000E+00    0.000000E+00    0.000000E+00    6.105693E+00   -1.652295E+01   -1.095735E-01    0.000000E+00    0.000000E+00    0.000000E+00
1.047800E+00   -1.073661E+01    1.447414E+00   -2.383825E+02    0.000000E+00    0.000000E+00    0.000000E+00    4.640712E+00   -1.970702E+01   -4.580285E-01    0.000000E+00    0.000000E+00    0.000000E+00
1.048800E+00   -1.526456E+01   -3.500027E+00   -1.682072E+02    0.000000E+00    0.000000E+00    0.000000E+00    6.428063E+00   -1.872811E+01   -2.796392E-01    0.000000E+00    0.000000E+00    0.000000E+00
1.049800E+00   -1.821454E+01    2.202030E+00   -1.827594E+02    0.000000E+00    0.000000E+00    0.000000E+00    2.823455E+00   -2.235943E+01   -5.998894E-01    0.000000E+00    0.000000E+00    0.000000E+00
1.050800E+00   -1.106041E+01   -1.258453E+00   -1.995445E+02    0.000000E+00    0.000000E+00    0.000000E+00    5.164693E+00   -1.976853E+01   -1.621070E-01    0.000000E+00    0.000000E+00    0.000000E+00
1.051800E+00   -1.201510E+01   -1.342058E+01   -1.954445E+02    0.000000E+00    0.000000E+00    0.000000E+00    1.264101E+01   -2.056309E+01    6.272302E-01    0.000000E+00    0.000000E+00    0.000000E+00
1.052800E+00   -2.470485E+01   -1.491195E+00   -2.577587E+02    0.000000E+00    0.000000E+00    0.000000E+00    6.325264E+00   -3.342525E+01   -4.309902E-01    0.000000E+00    0.000000E+00    0.000000E+00
1.053800E+00   -1.871395E+01    8.365576E+00   -2.818912E+02    0.000000E+00    0.000000E+00    0.000000E+00    1.087079E+00   -3.204808E+01   -1.061701E+00    0.000000E+00    0.000000E+00    0.000000E+00
1.054800E+00   -1.403649E+01   -5.366600E+00   -2.536850E+02    0.000000E+00    0.000000E+00    0.000000E+00    9.583541E+00   -2.735892E+01   -3.309124E-02    0.000000E+00    0.000000E+00    0.000000E+00
1.055800E+00   -2.441733E+01   -8.031178E+00   -2.405203E+02    0.000000E+00    0.000000E+00    0.000000E+00    1.072917E+01   -3.349580E+01   -7.038679E-03    0.000000E+00    0.000000E+00    0.000000E+00
1.056800E+00   -1.747899E+01    3.599704E-01   -2.166815E+02    0.000000E+00    0.000000E+00    0.000000E+00    4.846987E+00   -2.789661E+01   -4.270993E-01    0.000000E+00    0.000000E+00    0.000000E+00
1.057800E+00    1.530143E-01   -4.381789E+00   -1.532316E+02    0.000000E+00    0.000000E+00    0.000000E+00    6.948601E+00   -1.188709E+01    3.231525E-01    0.000000E+00    0.000000E+00    0.000000E+00
1.058800E+00   -9.890779E+00   -5.383865E+00   -1.087575E+02    0.000000E+00    0.000000E+00    0.000000E+00    6.528622E+00   -1.493204E+01    1.696473E-01    0.000000E+00    0.000000E+00    0.000000E+00
1.059800E+00   -1.883190E+01   -8.651276E+00   -1.478215E+02    0.000000E+00    0.000000E+00    0.000000E+00    9.561532E+00   -2.415666E+01    2.717749E-01    0.000000E+00    0.000000E+00    0.000000E+00
1.060800E+00   -8.952021E+00   -1.747037E+01   -2.845759E+02    0.000000E+00    0.000000E+00    0.000000E+00    1.910786E+01   -2.971253E+01    1.316758E+00    0.000000E+00    0.000000E+00    0.000000E+00
1.061800E+00   -2.728590E+01   -1.872590E+01   -4.343404E+02    0.000000E+00    0.000000E+00    0.000000E+00    2.436959E+01   -5.536084E+01    9.813529E-01    0.000000E+00    0.000000E+00    0.000000E+00
1.062800E+00   -3.168618E+01   -1.448204E+01   -3.928924E+02    0.000000E+00    0.000000E+00    0.000000E+00    2.073665E+01   -5.551519E+01    4.746527E-01    0.000000E+00    0.000000E+00    0.000000E+00
1.063800E+00   -1.784129E+00   -5.029537E+00   -1.736862E+02    0.000000E+00    0.000000E+00    0.000000E+00    8.399053E+00   -1.716816E+01    3.776241E-01    0.000000E+00    0.000000E+00    0.000000E+00
1.064800E+00    1.197207E+01    2.902587E+00   -3.329770E+01    0.000000E+00    0.000000E+00    0.000000E+00   -1.001378E+00    4.662699E+00   -3.519614E-02    0.000000E+00    0.000000E+00    0.000000E+00
1.065800E+00   -9.011730E+00   -5.232686E+00   -9.332262E+01    0.000000E+00    0.000000E+00    0.000000E+00    6.040912E+00   -1.502817E+01    1.894384E-01    0.000000E+00    0.000000E+00    0.000000E+00
1.066800E+00   -2.695511E+01   -7.611247E+00   -2.425483E+02    0.000000E+00    0.000000E+00    0.000000E+00    1.185310E+01   -4.207562E+01    2.956324E-02    0.000000E+00    0.000000E+00    0.000000E+00
1.067800E+00   -4.834937E+01   -4.566764E+00   -4.472693E+02    0.000000E+00    0.000000E+00    0.000000E+00    1.586128E+01   -7.780948E+01   -8.285365E-01    0.000000E+00    0.000000E+00    0.000000E+00
1.068800E+00   -4.063512E+01   -1.581061E+01   -4.578309E+02    0.000000E+00    0.000000E+00    0.000000E+00    2.408123E+01   -7.507594E+01    5.146580E-01    0.000000E+00    0.000000E+00    0.000000E+00
1.069800E+00   -9.331459E-01   -1.900771E+01   -1.770980E+02    0.000000E+00    0.000000E+00    0.000000E+00    1.824289E+01   -2.023050E+01    1.946214E+00    0.000000E+00    0.000000E+00    0.000000E+00
1.070800E+00    6.210995E+00   -9.506386E-01   -6.076291E+01    0.000000E+00    0.000000E+00    0.000000E+00    2.986371E+00   -2.877673E+00    1.390210E-01    0.000000E+00    0.000000E+00    0.000000E+00
1.071800E+00   -1.411729E+01    3.778975E+00   -9.232028E+01    0.000000E+00    0.000000E+00    0.000000E+00    1.023548E+00   -1.909694E+01   -1.092940E+00    0.000000E+00    0.000000E+00    0.000000E+00
1.072800E+00   -3.161932E+01   -1.091260E+01   -2.195606E+02    0.000000E+00    0.000000E+00    0.000000E+00    1.492128E+01   -4.506442E+01    4.458277E-02    0.000000E+00    0.000000E+00    0.000000E+00
1.073800E+00   -3.890142E+01   -1.293568E+01   -4.115193E+02    0.000000E+00    0.000000E+00    0.000000E+00    2.300459E+01   -7.352994E+01    1.301664E-01    0.000000E+00    0.000000E+00    0.000000E+00
1.074800E+00   -4.799563E+01   -7.791836E+00   -4.289224E+02    0.000000E+00    0.000000E+00    0.000000E+00    2.069267E+01   -8.269767E+01   -8.379430E-01    0.000000E+00    0.000000E+00    0.000000E+00
1.075800E+00   -3.266818E+01   -4.175941E+00   -2.736426E+02    0.000000E+00    0.000000E+00    0.000000E+00    1.305381E+01   -5.510451E+01   -7.869612E-01    0.000000E+00    0.000000E+00    0.000000E+00
1.076800E+00   -7.162610E+00   -5.048500E+00   -1.405940E+02    0.000000E+00    0.000000E+00    0.000000E+00    8.721340E+00   -2.304567E+01    3.080265E-01    0.000000E+00    0.000000E+00    0.000000E+00
1.077800E+00   -1.613289E+01   -6.926910E+00   -1.450238E+02    0.000000E+00    0.000000E+00    0.000000E+00    1.012649E+01   -2.983759E+01    2.716458E-01    0.000000E+00    0.000000E+00    0.000000E+00
1.078800E+00   -3.127736E+01   -3.068657E+00   -2.206263E+02    0.000000E+00    0.000000E+00    0.000000E+00    1.076783E+01   -5.006244E+01   -8.022033E-01    0.000000E+00    0.000000E+00    0.000000E+00
1.079800E+00   -4.201527E+01   -4.113098E+00   -3.066318E+02    0.000000E+00    0.000000E+00    0.000000E+00    1.536157E+01   -6.918648E+01   -1.166982E+00    0.000000E+00    0.000000E+00    0.000000E+00
1.080800E+00   -3.460384E+01   -1.322961E+01   -3.227171E+02    0.000000E+00    0.000000E+00    0.000000E+00    2.235660E+01   -6.724059E+01    3.342808E-01    0.000000E+00    0.000000E+00    0.000000E+00
1.081800E+00   -1.390254E+01   -1.109412E+01   -2.124901E+02    0.000000E+00    0.000000E+00    0.000000E+00    1.662489E+01   -3.886225E+01    9.758905E-01    0.000000E+00    0.000000E+00    0.000000E+00
1.082800E+00   -2.205474E+01   -4.171759E+00   -1.431248E+02    0.000000E+00    0.000000E+00    0.000000E+00    9.550853E+00   -3.432214E+01   -3.239899E-01    0.000000E+00    0.000000E+00    0.000000E+00
1.083800E+00   -2.934598E+01   -1.251007E+01   -1.682345E+02    0.000000E+00    0.000000E+00    0.000000E+00    1.637389E+01   -4.298169E+01    5.621114E-01    0.000000E+00    0.000000E+00    0.000000E+00
1.084800E+00   -2.212633E+01   -1.914991E+01   -2.268724E+02    0.000000E+00    0.000000E+00    0.000000E+00    2.374668E+01   -4.757016E+01    1.822794E+00    0.000000E+00    0.000000E+00    0.000000E+00
1.085800E+00   -4.012790E+01   -9.620300E+00   -2.811051E+02    0.000000E+00    0.000000E+00    0.000000E+00    2.098081E+01   -6.867410E+01   -6.235339E-01    0.000000E+00    0.000000E+00    0.000000E+00
1.086800E+00   -4.852521E+01   -1.012139E+01   -2.526965E+02    0.000000E+00    0.000000E+00    0.000000E+00    2.014211E+01   -7.126641E+01   -1.022829E+00    0.000000E+00    0.000000E+00    0.000000E+00
1.087800E+00   -2.405877E+01   -9.896204E+00   -1.229775E+02    0.000000E+00    0.000000E+00    0.000000E+00    1.318371E+01   -3.610439E+01    2.583408E-01    0.000000E+00    0.000000E+00    0.000000E+00
1.088800E+00   -4.865535E+00   -2.102256E+00   -9.031656E+01    0.000000E+00    0.000000E+00    0.000000E+00    6.326068E+00   -1.879435E+01    1.064182E-01    0.000000E+00    0.000000E+00    0.000000E+00
1.089800E+00   -2.218661E+01   -8.710802E+00   -1.860191E+02    0.000000E+00    0.000000E+00    0.000000E+00    1.574496E+01   -4.656188E+01    3.390063E-01    0.000000E+00    0.000000E+00    0.000000E+00
1.090800E+00   -6.646448E+01   -1.193885E+01   -3.125223E+02    0.000000E+00    0.000000E+00    0.000000E+00    2.518009E+01   -9.760531E+01   -1.615509E+00    0.000000E+00    0.000000E+00    0.000000E+00
1.091800E+00   -8.189812E+01   -4.769657E+00   -4.043433E+02    0.000000E+00    0.000000E+00    0.000000E+00    2.632843E+01   -1.245649E+02   -3.905453E+00    0.000000E+00    0.000000E+00    0.000000E+00
1.092800E+00   -4.430741E+01   -1.251391E+01   -3.156274E+02    0.000000E+00    0.000000E+00    0.000000E+00    2.631499E+01   -8.638652E+01   -3.711165E-01    0.000000E+00    0.000000E+00    0.000000E+00
1.093800E+00   -2.384261E+01   -2.137266E+01   -1.863384E+02    0.000000E+00    0.000000E+00    0.000000E+00    2.456383E+01   -5.135541E+01    2.575024E+00    0.000000E+00    0.000000E+00    0.000000E+00
1.094800E+00   -2.890938E+01   -1.110423E+01   -1.998168E+02    0.000000E+00    0.000000E+00    0.000000E+00    1.939669E+01   -5.751378E+01    3.245054E-01    0.000000E+00    0.000000E+00    0.000000E+00
1.095800E+00   -3.390412E+01   -4.962687E+00   -2.565324E+02    0.000000E+00    0.000000E+00    0.000000E+00    1.961028E+01   -7.200651E+01   -1.290470E+00    0.000000E+00    0.000000E+00    0.000000E+00
1.096800E+00   -4.233114E+01   -9.533924E+00   -2.989507E+02    0.000000E+00    0.000000E+00    0.000000E+00    2.565353E+01   -8.715489E+01   -9.893555E-01    0.000000E+00    0.000000E+00    0.000000E+00
1.097800E+00   -5.377236E+01   -1.409912E+01   -2.832292E+02    0.000000E+00    0.000000E+00    0.000000E+00    2.748608E+01   -9.231829E+01   -6.969758E-01    0.000000E+00    0.000000E+00    0.000000E+00
1.098800E+00   -4.873619E+01   -1.446568E+01   -2.314356E+02    0.000000E+00    0.000000E+00    0.000000E+00    2.424290E+01   -7.952823E+01   -1.436659E-01    0.000000E+00    0.000000E+00    0.000000E+00
1.099800E+00   -2.633925E+01   -1.197041E+01   -2.000075E+02    0.000000E+00    0.000000E+00    0.000000E+00    2.094398E+01   -6.035273E+01    8.952020E-01    0.000000E+00    0.000000E+00    0.000000E+00
1.100800E+00   -2.452612E+01   -1.010889E+01   -2.132642E+02    0.000000E+00    0.000000E+00    0.000000E+00    2.119744E+01   -6.358210E+01    6.064199E-01    0.000000E+00    0.000000E+00    0.000000E+00
1.101800E+00   -3.983836E+01   -7.405908E+00   -2.345875E+02    0.000000E+00    0.000000E+00    0.000000E+00    2.131684E+01   -7.885868E+01   -1.120746E+00    0.000000E+00    0.000000E+00    0.000000E+00
1.102800E+00   -4.596241E+01   -1.363733E+01   -2.425830E+02    0.000000E+00    0.000000E+00    0.000000E+00    2.606469E+01   -8.537289E+01   -1.600672E-01    0.000000E+00    0.000000E+00    0.000000E+00
1.103800E+00   -5.184691E+01   -1.818651E+01   -2.323076E+02    0.000000E+00    0.000000E+00    0.000000E+00    2.832600E+01   -8.805434E+01    5.489634E-01    0.000000E+00    0.000000E+00    0.000000E+00
1.104800E+00   -4.526383E+01   -1.076888E+01   -2.176880E+02    0.000000E+00    0.000000E+00    0.000000E+00    2.289354E+01   -8.198706E+01   -6.641015E-01    0.000000E+00    0.000000E+00    0.000000E+00
1.105800E+00   -3.289949E+01   -1.612942E+01   -2.227280E+02    0.000000E+00    0.000000E+00    0.000000E+00    2.740735E+01   -7.655254E+01    1.539578E+00    0.000000E+00    0.000000E+00    0.000000E+00
1.106800E+00   -4.368240E+01   -2.101895E+01   -2.386548E+02    0.000000E+00    0.000000E+00    0.000000E+00    3.218339E+01   -8.832666E+01    1.939114E+00    0.000000E+00    0.000000E+00    0.000000E+00
1.107800E+00   -5.409907E+01   -1.744099E+01   -2.530141E+02    0.000000E+00    0.000000E+00    0.000000E+00    3.123906E+01   -9.945521E+01    2.444261E-01    0.000000E+00    0.000000E+00    0.000000E+00
1.108800E+00   -5.235066E+01   -2.365908E+01   -2.501411E+02    0.000000E+00    0.000000E+00    0.000000E+00    3.549402E+01   -9.895975E+01    1.977106E+00    0.000000E+00    0.000000E+00    0.000000E+00
1.109800E+00   -5.489360E+01   -2.674434E+01   -2.219031E+02    0.000000E+00    0.000000E+00    0.000000E+00    3.550330E+01   -9.491587E+01    2.660878E+00    0.000000E+00    0.000000E+00    0.000000E+00
1.110800E+00   -4.975920E+01   -1.922778E+01   -1.712040E+02    0.000000E+00    0.000000E+00    0.000000E+00    2.677681E+01   -7.954034E+01    1.107673E+00    0.000000E+00    0.000000E+00    0.000000E+00
1.111800E+00   -5.319194E+01   -1.409220E+01   -2.053403E+02    0.000000E+00    0.000000E+00    0.000000E+00    2.673962E+01   -9.279456E+01   -5.764872E-01    0.000000E+00    0.000000E+00    0.000000E+00
1.112800E+00   -6.722754E+01   -8.977546E+00   -2.703861E+02    0.000000E+00    0.000000E+00    0.000000E+00    2.965992E+01   -1.221673E+02   -3.291019E+00    0.000000E+00    0.000000E+00    0.000000E+00
1.113800E+00   -6.997368E+01   -1.276718E+01   -2.986416E+02    0.000000E+00    0.000000E+00    0.000000E+00    3.492105E+01   -1.340097E+02   -2.487228E+00    0.000000E+00    0.000000E+00    0.000000E+00
1.114800E+00   -5.539581E+01   -2.659432E+01   -2.522740E+02    0.000000E+00    0.000000E+00    0.000000E+00    3.965973E+01   -1.122541E+02    2.977558E+00    0.000000E+00    0.000000E+00    0.000000E+00
1.115800E+00   -4.855942E+01   -2.784033E+01   -1.949585E+02    0.000000E+00    0.000000E+00    0.000000E+00    3.556470E+01   -9.123021E+01    4.065804E+00    0.000000E+00    0.000000E+00    0.000000E+00
1.116800E+00   -6.770120E+01   -1.125196E+01   -2.251445E+02    0.000000E+00    0.000000E+00    0.000000E+00    2.869653E+01   -1.141182E+02   -2.845534E+00    0.000000E+00    0.000000E+00    0.000000E+00
1.117800E+00   -8.310511E+01   -1.787827E+01   -3.324191E+02    0.000000E+00    0.000000E+00    0.000000E+00    4.408627E+01   -1.600843E+02   -2.358881E+00    0.000000E+00    0.000000E+00    0.000000E+00
1.118800E+00   -8.359424E+01   -3.044919E+01   -3.743834E+02    0.000000E+00    0.000000E+00    0.000000E+00    5.655996E+01   -1.756233E+02    1.577659E+00    0.000000E+00    0.000000E+00    0.000000E+00
1.119800E+00   -6.948153E+01   -1.956092E+01   -3.060199E+02    0.000000E+00    0.000000E+00    0.000000E+00    4.310491E+01   -1.458974E+02   -5.304032E-01    0.000000E+00    0.000000E+00    0.000000E+00
1.120800E+00   -4.642740E+01   -1.127884E+01   -2.271227E+02    0.000000E+00    0.000000E+00    0.000000E+00    3.052119E+01   -1.068830E+02   -9.222736E-01    0.000000E+00    0.000000E+00    0.000000E+00
1.121800E+00   -5.867249E+01   -1.486867E+01   -2.308022E+02    0.000000E+00    0.000000E+00    0.000000E+00    3.369073E+01   -1.175225E+02   -9.955353E-01    0.000000E+00    0.000000E+00    0.000000E+00
1.122800E+00   -7.613115E+01   -1.640766E+01   -2.755698E+02    0.000000E+00    0.000000E+00    0.000000E+00    3.978127E+01   -1.461059E+02   -2.289662E+00    0.000000E+00    0.000000E+00    0.000000E+00
1.123800E+00   -7.132300E+01   -2.263226E+01   -2.936808E+02    0.000000E+00    0.000000E+00    0.000000E+00    4.635906E+01   -1.516849E+02    4.510127E-01    0.000000E+00    0.000000E+00    0.000000E+00
1.124800E+00   -5.845267E+01   -2.156048E+01   -2.275056E+02    0.000000E+00    0.000000E+00    0.000000E+00    3.894625E+01   -1.214640E+02    1.577490E+00    0.000000E+00    0.000000E+00    0.000000E+00
1.125800E+00   -6.187840E+01   -1.767603E+01   -1.684281E+02    0.000000E+00    0.000000E+00    0.000000E+00    3.043525E+01   -1.032032E+02   -2.322974E-01    0.000000E+00    0.000000E+00    0.000000E+00
1.126800E+00   -6.999624E+01   -1.881894E+01   -1.911756E+02    0.000000E+00    0.000000E+00    0.000000E+00    3.440891E+01   -1.182998E+02   -8.879708E-01    0.000000E+00    0.000000E+00    0.000000E+00
1.127800E+00   -9.612109E+01   -2.896487E+01   -2.870546E+02    0.000000E+00    0.000000E+00    0.000000E+00    5.283401E+01   -1.741653E+02   -1.534200E-01    0.000000E+00    0.000000E+00    0.000000E+00
1.128800E+00   -1.048590E+02   -3.867972E+01   -3.665804E+02    0.000000E+00    0.000000E+00    0.000000E+00    6.948497E+01   -2.138087E+02    2.589984E+00    0.000000E+00    0.000000E+00    0.000000E+00
1.129800E+00   -8.548823E+01   -2.650863E+01   -3.157851E+02    0.000000E+00    0.000000E+00    0.000000E+00    5.595803E+01   -1.827647E+02    2.475851E-01    0.000000E+00    0.000000E+00    0.000000E+00
1.130800E+00   -7.030210E+01   -1.649891E+01   -2.422094E+02    0.000000E+00    0.000000E+00    0.000000E+00    4.077817E+01   -1.445833E+02   -1.800534E+00    0.000000E+00    0.000000E+00    0.000000E+00
1.131800E+00   -7.018984E+01   -2.271457E+01   -2.283141E+02    0.000000E+00    0.000000E+00    0.000000E+00    4.364440E+01   -1.407452E+02    7.031860E-01    0.000000E+00    0.000000E+00    0.000000E+00
1.132800E+00   -8.294064E+01   -2.524875E+01   -2.499914E+02    0.000000E+00    0.000000E+00    0.000000E+00    4.847420E+01   -1.603768E+02    1.086672E-01    0.000000E+00    0.000000E+00    0.000000E+00
1.133800E+00   -1.116821E+02   -2.950877E+01   -3.042315E+02    0.000000E+00    0.000000E+00    0.000000E+00    5.882272E+01   -2.049132E+02   -1.815176E+00    0.000000E+00    0.000000E+00    0.000000E+00
1.134800E+00   -9.848359E+01   -2.773705E+01   -3.007673E+02    0.000000E+00    0.000000E+00    0.000000E+00    5.807459E+01   -1.975214E+02   -9.930054E-01    0.000000E+00    0.000000E+00    0.000000E+00
1.135800E+00   -4.105996E+01   -1.357427E+01   -1.579502E+02    0.000000E+00    0.000000E+00    0.000000E+00    3.057452E+01   -9.904956E+01    3.267103E-01    0.000000E+00    0.000000E+00    0.000000E+00
1.136800E+00   -2.621719E+00   -1.754241E+00   -2.542841E+01    0.000000E+00    0.000000E+00    0.000000E+00    4.958415E+00   -1.458332E+01    3.078125E-01    0.000000E+00    0.000000E+00    0.000000E+00
1.137800E+00   -4.136639E+01   -7.818532E+00   -8.743202E+01    0.000000E+00    0.000000E+00    0.000000E+00    1.734737E+01   -6.863135E+01   -2.049346E+00    0.000000E+00    0.000000E+00    0.000000E+00
1.138800E+00   -1.263139E+02   -3.287336E+01   -2.781162E+02    0.000000E+00    0.000000E+00    0.000000E+00    6.141263E+01   -2.165652E+02   -2.285335E+00    0.000000E+00    0.000000E+00    0.000000E+00
1.139800E+00   -1.995334E+02   -6.631285E+01   -5.306485E+02    0.000000E+00    0.000000E+00    0.000000E+00    1.205105E+02   -3.886188E+02    3.059014E+00    0.000000E+00    0.000000E+00    0.000000E+00
1.140800E+00   -1.792280E+02   -5.889489E+01   -5.675336E+02    0.000000E+00    0.000000E+00    0.000000E+00    1.215562E+02   -3.957550E+02    2.411863E+00    0.000000E+00    0.000000E+00    0.000000E+00
1.141800E+00   -9.717727E+01   -1.899701E+01   -3.211620E+02    0.000000E+00    0.000000E+00    0.000000E+00    5.970497E+01   -2.230735E+02   -5.057147E+00    0.000000E+00    0.000000E+00    0.000000E+00
1.142800E+00   -5.046375E+01   -1.199643E+01   -1.895038E+02    0.000000E+00    0.000000E+00    0.000000E+00    3.630757E+01   -1.290931E+02   -1.588197E+00    0.000000E+00    0.000000E+00    0.000000E+00
1.143800E+00   -7.014642E+01   -2.709315E+01   -2.423956E+02    0.000000E+00    0.000000E+00    0.000000E+00    5.470410E+01   -1.706352E+02    3.275864E+00    0.000000E+00    0.000000E+00    0.000000E+00
1.144800E+00   -1.244956E+02   -3.593985E+01   -3.619448E+02    0.000000E+00    0.000000E+00    0.000000E+00    7.927254E+01   -2.703317E+02   -2.653237E-01    0.000000E+00    0.000000E+00    0.000000E+00
1.145800E+00   -1.585883E+02   -4.426172E+01   -4.074118E+02    0.000000E+00    0.000000E+00    0.000000E+00    9.309030E+01   -3.207758E+02   -1.234040E+00    0.000000E+00    0.000000E+00    0.000000E+00
1.146800E+00   -1.331879E+02   -4.020985E+01   -3.219671E+02    0.000000E+00    0.000000E+00    0.000000E+00    7.817450E+01   -2.622143E+02    4.510962E-01    0.000000E+00    0.000000E+00    0.000000E+00
1.147800E+00   -8.026382E+01   -2.776135E+01   -2.153125E+02    0.000000E+00    0.000000E+00    0.000000E+00    5.369830E+01   -1.721993E+02    2.133658E+00    0.000000E+00    0.000000E+00    0.000000E+00
1.148800E+00   -6.413857E+01   -2.559593E+01   -1.882214E+02    0.000000E+00    0.000000E+00    0.000000E+00    4.856421E+01   -1.487328E+02    3.633692E+00    0.000000E+00    0.000000E+00    0.000000E+00
1.149800E+00   -9.156976E+01   -2.896722E+01   -2.496618E+02    0.000000E+00    0.000000E+00    0.000000E+00    6.145687E+01   -2.034105E+02    1.197660E+00    0.000000E+00    0.000000E+00    0.000000E+00
1.150800E+00   -1.199802E+02   -3.567980E+01   -3.027365E+02    0.000000E+00    0.000000E+00    0.000000E+00    7.534644E+01   -2.546941E+02    3.764489E-01    0.000000E+00    0.000000E+00    0.000000E+00
1.151800E+00   -1.194299E+02   -3.735994E+01   -2.875272E+02    0.000000E+00    0.000000E+00    0.000000E+00    7.454121E+01   -2.477512E+02    1.383478E+00    0.000000E+00    0.000000E+00    0.000000E+00
1.152800E+00   -9.068758E+01   -2.542835E+01   -2.322592E+02    0.000000E+00    0.000000E+00    0.000000E+00    5.758612E+01   -1.984162E+02   -6.784353E-01    0.000000E+00    0.000000E+00    0.000000E+00
1.153800E+00   -8.637616E+01   -2.267456E+01   -2.058552E+02    0.000000E+00    0.000000E+00    0.000000E+00    5.161946E+01   -1.820549E+02   -1.577365E+00    0.000000E+00    0.000000E+00    0.000000E+00
1.154800E+00   -1.031450E+02   -3.419996E+01   -2.261230E+02    0.000000E+00    0.000000E+00    0.000000E+00    6.364692E+01   -2.076703E+02    2.283305E+00    0.000000E+00    0.000000E+00    0.000000E+00
1.155800E+00   -1.126151E+02   -3.977705E+01   -2.726034E+02    0.000000E+00    0.000000E+00    0.000000E+00    7.645508E+01   -2.446422E+02    3.943524E+00    0.000000E+00    0.000000E+00    0.000000E+00
1.156800E+00   -1.232245E+02   -3.865378E+01   -3.001967E+02    0.000000E+00    0.000000E+00    0.000000E+00    8.146517E+01   -2.714422E+02    1.279093E+00    0.000000E+00    0.000000E+00    0.000000E+00
1.157800E+00   -1.280587E+02   -3.981295E+01   -2.779718E+02    0.000000E+00    0.000000E+00    0.000000E+00    7.918885E+01   -2.636216E+02    1.009802E+00    0.000000E+00    0.000000E+00    0.000000E+00
1.158800E+00   -1.177399E+02   -3.405964E+01   -2.542310E+02    0.000000E+00    0.000000E+00    0.000000E+00    7.160121E+01   -2.441866E+02   -6.346666E-01    0.000000E+00    0.000000E+00    0.000000E+00
1.159800E+00   -1.221431E+02   -2.950049E+01   -2.589891E+02    0.000000E+00    0.000000E+00    0.000000E+00    6.989623E+01   -2.529286E+02   -4.169449E+00    0.000000E+00    0.000000E+00    0.000000E+00
1.160800E+00   -1.356392E+02   -3.361869E+01   -2.689706E+02    0.000000E+00    0.000000E+00    0.000000E+00    7.520746E+01   -2.710720E+02   -3.985946E+00    0.000000E+00    0.000000E+00    0.000000E+00
1.161800E+00   -1.353952E+02   -3.722617E+01   -2.922534E+02    0.000000E+00    0.000000E+00    0.000000E+00    8.290156E+01   -2.887138E+02   -1.579034E+00    0.000000E+00    0.000000E+00    0.000000E+00
1.162800E+00   -1.318034E+02   -4.008297E+01   -3.005419E+02    0.000000E+00    0.000000E+00    0.000000E+00    8.735902E+01   -2.945016E+02    9.755091E-01    0.000000E+00    0.000000E+00    0.000000E+00
1.163800E+00   -1.259164E+02   -4.155631E+01   -2.807036E+02    0.000000E+00    0.000000E+00    0.000000E+00    8.525863E+01   -2.792016E+02    3.041049E+00    0.000000E+00    0.000000E+00    0.000000E+00
1.164800E+00   -1.205493E+02   -3.900504E+01   -2.667140E+02    0.000000E+00    0.000000E+00    0.000000E+00    8.133465E+01   -2.678486E+02    2.342405E+00    0.000000E+00    0.000000E+00    0.000000E+00
1.165800E+00   -1.231324E+02   -3.688944E+01   -2.719598E+02    0.000000E+00    0.000000E+00    0.000000E+00    8.156819E+01   -2.758070E+02    3.835183E-01    0.000000E+00    0.000000E+00    0.000000E+00
1.166800E+00   -1.317942E+02   -3.856653E+01   -2.826984E+02    0.000000E+00    0.000000E+00    0.000000E+00    8.553865E+01   -2.916326E+02   -2.111333E-01    0.000000E+00    0.000000E+00    0.000000E+00
1.167800E+00   -1.403313E+02   -4.037578E+01   -2.974186E+02    0.000000E+00    0.000000E+00    0.000000E+00    9.050777E+01   -3.103326E+02   -6.822642E-01    0.000000E+00    0.000000E+00    0.000000E+00
1.168800E+00   -1.322600E+02   -3.721106E+01   -2.881699E+02    0.000000E+00    0.000000E+00    0.000000E+00    8.706202E+01   -3.007153E+02   -1.164955E+00    0.000000E+00    0.000000E+00    0.000000E+00
1.169800E+00   -1.278202E+02   -3.663899E+01   -2.696625E+02    0.000000E+00    0.000000E+00    0.000000E+00    8.356967E+01   -2.871703E+02   -4.528609E-01    0.000000E+00    0.000000E+00    0.000000E+00
1.170800E+00   -1.327926E+02   -3.550615E+01   -2.544908E+02    0.000000E+00    0.000000E+00    0.000000E+00    8.024675E+01   -2.826343E+02   -2.179247E+00    0.000000E+00    0.000000E+00    0.000000E+00
1.171800E+00   -1.329328E+02   -3.382469E+01   -2.543219E+02    0.000000E+00    0.000000E+00    0.000000E+00    7.954900E+01   -2.848110E+02   -3.464289E+00    0.000000E+00    0.000000E+00    0.000000E+00
1.172800E+00   -1.334208E+02   -3.818759E+01   -2.674124E+02    0.000000E+00    0.000000E+00    0.000000E+00    8.622040E+01   -2.968771E+02   -5.454782E-01    0.000000E+00    0.000000E+00    0.000000E+00
1.173800E+00   -1.424752E+02   -4.150155E+01   -2.661464E+02    0.000000E+00    0.000000E+00    0.000000E+00    8.904249E+01   -3.051653E+02   -1.610865E-01    0.000000E+00    0.000000E+00    0.000000E+00
1.174800E+00   -1.399636E+02   -3.970353E+01   -2.573055E+02    0.000000E+00    0.000000E+00    0.000000E+00    8.630229E+01   -2.988694E+02   -1.040070E+00    0.000000E+00    0.000000E+00    0.000000E+00
1.175800E+00   -1.271848E+02   -3.667435E+01   -2.448170E+02    0.000000E+00    0.000000E+00    0.000000E+00    8.189397E+01   -2.820211E+02   -5.860659E-01    0.000000E+00    0.000000E+00    0.000000E+00
1.176800E+00   -1.226643E+02   -3.414271E+01   -2.246983E+02    0.000000E+00    0.000000E+00    0.000000E+00    7.612686E+01   -2.653690E+02   -1.473016E+00    0.000000E+00    0.000000E+00    0.000000E+00
1.177800E+00   -1.281949E+02   -3.552907E+01   -2.275896E+02    0.000000E+00    0.000000E+00    0.000000E+00    7.832951E+01   -2.735733E+02   -1.591543E+00    0.000000E+00    0.000000E+00    0.000000E+00
1.178800E+00   -1.298219E+02   -3.771533E+01   -2.499755E+02    0.000000E+00    0.000000E+00    0.000000E+00    8.564832E+01   -2.943500E+02   -2.030047E-01    0.000000E+00    0.000000E+00    0.000000E+00
1.179800E+00   -1.332913E+02   -3.977331E+01   -2.556952E+02    0.000000E+00    0.000000E+00    0.000000E+00    8.915701E+01   -3.034350E+02    7.013404E-01    0.000000E+00    0.000000E+00    0.000000E+00
1.180800E+00   -1.415718E+02   -4.091968E+01   -2.506270E+02    0.000000E+00    0.000000E+00    0.000000E+00    8.944528E+01   -3.075754E+02   -1.925357E-01    0.000000E+00    0.000000E+00    0.000000E+00
1.181800E+00   -1.256262E+02   -3.596352E+01   -2.350126E+02    0.000000E+00    0.000000E+00    0.000000E+00    8.250971E+01   -2.847919E+02   -4.184551E-01    0.000000E+00    0.000000E+00    0.000000E+00
1.182800E+00   -1.127274E+02   -3.311267E+01   -2.137401E+02    0.000000E+00    0.000000E+00    0.000000E+00    7.577668E+01   -2.595242E+02    2.858249E-01    0.000000E+00    0.000000E+00    0.000000E+00
1.183800E+00   -1.039230E+02   -3.346919E+01   -1.844714E+02    0.000000E+00    0.000000E+00    0.000000E+00    6.970455E+01   -2.308910E+02    2.595282E+00    0.000000E+00    0.000000E+00    0.000000E+00
1.184800E+00   -1.041394E+02   -4.012668E+01   -1.930953E+02    0.000000E+00    0.000000E+00    0.000000E+00    7.751031E+01   -2.393905E+02    7.851224E+00    0.000000E+00    0.000000E+00    0.000000E+00
1.185800E+00   -1.485177E+02   -4.062764E+01   -2.608795E+02    0.000000E+00    0.000000E+00    0.000000E+00    9.456923E+01   -3.314225E+02   -2.187760E+00    0.000000E+00    0.000000E+00    0.000000E+00
1.186800E+00   -1.880974E+02   -4.639340E+01   -3.125165E+02    0.000000E+00    0.000000E+00    0.000000E+00    1.121106E+02   -4.074188E+02   -6.901418E+00    0.000000E+00    0.000000E+00    0.000000E+00
1.187800E+00   -1.711727E+02   -5.804125E+01   -3.010880E+02    0.000000E+00    0.000000E+00    0.000000E+00    1.191431E+02   -3.864236E+02    6.688644E+00    0.000000E+00    0.000000E+00    0.000000E+00
1.188800E+00   -1.252988E+02   -4.536759E+01   -2.336758E+02    0.000000E+00    0.000000E+00    0.000000E+00    9.312193E+01   -2.958156E+02    7.415982E+00    0.000000E+00    0.000000E+00    0.000000E+00
1.189800E+00   -1.203395E+02   -3.342305E+01   -2.024039E+02    0.000000E+00    0.000000E+00    0.000000E+00    7.642240E+01   -2.674359E+02   -1.234592E+00    0.000000E+00    0.000000E+00    0.000000E+00
1.190800E+00   -1.401824E+02   -3.998250E+01   -2.309805E+02    0.000000E+00    0.000000E+00    0.000000E+00    8.923905E+01   -3.088772E+02   -5.805428E-01    0.000000E+00    0.000000E+00    0.000000E+00
1.191800E+00   -1.551029E+02   -4.406857E+01   -2.627202E+02    0.000000E+00    0.000000E+00    0.000000E+00    1.008390E+02   -3.497597E+02   -6.683890E-01    0.000000E+00    0.000000E+00    0.000000E+00
1.192800E+00   -1.580183E+02   -4.490094E+01   -2.635477E+02    0.000000E+00    0.000000E+00    0.000000E+00    1.022385E+02   -3.547994E+02   -6.077845E-01    0.000000E+00    0.000000E+00    0.000000E+00
1.193800E+00   -1.335188E+02   -3.795675E+01   -2.226347E+02    0.000000E+00    0.000000E+00    0.000000E+00    8.694770E+01   -3.012012E+02   -5.222562E-01    0.000000E+00    0.000000E+00    0.000000E+00
1.194800E+00   -1.162359E+02   -3.358164E+01   -1.905880E+02    0.000000E+00    0.000000E+00    0.000000E+00    7.578086E+01   -2.606953E+02   -7.202830E-02    0.000000E+00    0.000000E+00    0.000000E+00
1.195800E+00   -1.208997E+02   -3.779575E+01   -1.950867E+02    0.000000E+00    0.000000E+00    0.000000E+00    8.080968E+01   -2.699223E+02    2.261491E+00    0.000000E+00    0.000000E+00    0.000000E+00
1.196800E+00   -1.329286E+02   -4.085553E+01   -2.115468E+02    0.000000E+00    0.000000E+00    0.000000E+00    8.797651E+01   -2.958906E+02    1.734485E+00    0.000000E+00    0.000000E+00    0.000000E+00
1.197800E+00   -1.460048E+02   -4.258860E+01   -2.279703E+02    0.000000E+00    0.000000E+00    0.000000E+00    9.404095E+01   -3.225514E+02   -1.667436E-01    0.000000E+00    0.000000E+00    0.000000E+00
1.198800E+00   -1.397652E+02   -4.313777E+01   -2.215698E+02    0.000000E+00    0.000000E+00    0.000000E+00    9.336777E+01   -3.132805E+02    1.872567E+00    0.000000E+00    0.000000E+00    0.000000E+00
1.199800E+00   -1.233428E+02   -3.830659E+01   -2.001305E+02    0.000000E+00    0.000000E+00    0.000000E+00    8.424801E+01   -2.820513E+02    1.937849E+00    0.000000E+00    0.000000E+00    0.000000E+00
1.200800E+00   -1.164163E+02   -3.148935E+01   -1.827419E+02    0.000000E+00    0.000000E+00    0.000000E+00    7.427766E+01   -2.616973E+02   -2.151357E+00    0.000000E+00    0.000000E+00    0.000000E+00
1.201800E+00   -1.221783E+02   -3.569224E+01   -1.918545E+02    0.000000E+00    0.000000E+00    0.000000E+00    8.049278E+01   -2.755191E+02    1.305243E-01    0.000000E+00    0.000000E+00    0.000000E+00
1.202800E+00   -1.366140E+02   -4.258436E+01   -2.118571E+02    0.000000E+00    0.000000E+00    0.000000E+00    9.193936E+01   -3.068997E+02    2.499111E+00    0.000000E+00    0.000000E+00    0.000000E+00
1.203800E+00   -1.236357E+02   -3.751778E+01   -1.856534E+02    0.000000E+00    0.000000E+00    0.000000E+00    8.115807E+01   -2.739080E+02    1.301378E+00    0.000000E+00    0.000000E+00    0.000000E+00
1.204800E+00   -9.893110E+01   -3.020543E+01   -1.472089E+02    0.000000E+00    0.000000E+00    0.000000E+00    6.510268E+01   -2.193043E+02    1.221841E+00    0.000000E+00    0.000000E+00    0.000000E+00
1.205800E+00   -9.350043E+01   -2.797902E+01   -1.459381E+02    0.000000E+00    0.000000E+00    0.000000E+00    6.311002E+01   -2.139121E+02    6.759975E-01    0.000000E+00    0.000000E+00    0.000000E+00
1.206800E+00   -1.357628E+02   -3.957170E+01   -2.040770E+02    0.000000E+00    0.000000E+00    0.000000E+00    8.898170E+01   -3.044027E+02   -7.153426E-02    0.000000E+00    0.000000E+00    0.000000E+00
1.207800E+00   -1.868811E+02   -5.274797E+01   -2.755979E+02    0.000000E+00    0.000000E+00    0.000000E+00    1.199758E+02   -4.158248E+02   -1.800868E+00    0.000000E+00    0.000000E+00    0.000000E+00
1.208800E+00   -1.777412E+02   -4.933335E+01   -2.648530E+02    0.000000E+00    0.000000E+00    0.000000E+00    1.143808E+02   -3.992548E+02   -2.491193E+00    0.000000E+00    0.000000E+00    0.000000E+00
1.209800E+00   -1.332430E+02   -3.840383E+01   -1.958451E+02    0.000000E+00    0.000000E+00    0.000000E+00    8.639884E+01   -2.974638E+02   -5.602669E-01    0.000000E+00    0.000000E+00    0.000000E+00
1.210800E+00   -1.240579E+02   -3.484628E+01   -1.813499E+02    0.000000E+00    0.000000E+00    0.000000E+00    7.969246E+01   -2.769930E+02   -1.372421E+00    0.000000E+00    0.000000E+00    0.000000E+00
1.211800E+00   -1.351570E+02   -3.919990E+01   -1.935663E+02    0.000000E+00    0.000000E+00    0.000000E+00    8.724359E+01   -2.993420E+02   -3.320216E-01    0.000000E+00    0.000000E+00    0.000000E+00
1.212800E+00   -1.581725E+02   -4.766839E+01   -2.171619E+02    0.000000E+00    0.000000E+00    0.000000E+00    1.014721E+02   -3.428728E+02    1.317520E+00    0.000000E+00    0.000000E+00    0.000000E+00
1.213800E+00   -1.439811E+02   -4.036530E+01   -2.092175E+02    0.000000E+00    0.000000E+00    0.000000E+00    9.323576E+01   -3.240046E+02   -1.646175E+00    0.000000E+00    0.000000E+00    0.000000E+00
1.214800E+00   -9.248609E+01   -2.445148E+01   -1.509165E+02    0.000000E+00    0.000000E+00    0.000000E+00    6.341518E+01   -2.244874E+02   -2.443903E+00    0.000000E+00    0.000000E+00    0.000000E+00
1.215800E+00   -8.500977E+01   -2.291827E+01   -1.212033E+02    0.000000E+00    0.000000E+00    0.000000E+00    5.395663E+01   -1.902563E+02   -1.807642E+00    0.000000E+00    0.000000E+00    0.000000E+00
1.216800E+00   -6.725680E+01   -1.894922E+01   -9.740850E+01    0.000000E+00    0.000000E+00    0.000000E+00    4.397457E+01   -1.527234E+02   -5.941468E-01    0.000000E+00    0.000000E+00    0.000000E+00
1.217800E+00   -1.047017E+02   -3.515574E+01   -1.629850E+02    0.000000E+00    0.000000E+00    0.000000E+00    7.702412E+01   -2.492801E+02    4.329441E+00    0.000000E+00    0.000000E+00    0.000000E+00
1.218800E+00   -1.191151E+02   -3.422696E+01   -1.729306E+02    0.000000E+00    0.000000E+00    0.000000E+00    7.941354E+01   -2.727894E+02   -6.192797E-01    0.000000E+00    0.000000E+00    0.000000E+00
1.219800E+00   -1.216736E+02   -2.707455E+01   -1.555523E+02    0.000000E+00    0.000000E+00    0.000000E+00    6.808995E+01   -2.586905E+02   -8.104030E+00    0.000000E+00    0.000000E+00    0.000000E+00
1.220800E+00   -1.638216E+02   -5.056912E+01   -2.099703E+02    0.000000E+00    0.000000E+00    0.000000E+00    1.044576E+02   -3.488989E+02    2.462574E+00    0.000000E+00    0.000000E+00    0.000000E+00
1.221800E+00   -1.933420E+02   -6.510123E+01   -2.756677E+02    0.000000E+00    0.000000E+00    0.000000E+00    1.366127E+02   -4.402751E+02    8.045585E+00    0.000000E+00    0.000000E+00    0.000000E+00
1.222800E+00   -1.908741E+02   -5.489678E+01   -2.765670E+02    0.000000E+00    0.000000E+00    0.000000E+00    1.281293E+02   -4.400299E+02   -1.077294E+00    0.000000E+00    0.000000E+00    0.000000E+00
1.223800E+00   -1.562618E+02   -4.365486E+01   -2.180320E+02    0.000000E+00    0.000000E+00    0.000000E+00    1.015993E+02   -3.524003E+02   -2.217166E+00    0.000000E+00    0.000000E+00    0.000000E+00
1.224800E+00   -9.424990E+01   -3.065829E+01   -1.479035E+02    0.000000E+00    0.000000E+00    0.000000E+00    7.006441E+01   -2.287339E+02    2.759589E+00    0.000000E+00    0.000000E+00    0.000000E+00
1.225800E+00   -9.215511E+01   -2.717247E+01   -1.387490E+02    0.000000E+00    0.000000E+00    0.000000E+00    6.448814E+01   -2.189834E+02    1.292197E-01    0.000000E+00    0.000000E+00    0.000000E+00
1.226800E+00   -1.280409E+02   -4.083576E+01   -1.629335E+02    0.000000E+00    0.000000E+00    0.000000E+00    8.405370E+01   -2.758763E+02    3.224555E+00    0.000000E+00    0.000000E+00    0.000000E+00
1.227800E+00   -1.787890E+02   -5.703224E+01   -2.213118E+02    0.000000E+00    0.000000E+00    0.000000E+00    1.158977E+02   -3.800612E+02    4.452999E+00    0.000000E+00    0.000000E+00    0.000000E+00
1.228800E+00   -1.910002E+02   -5.022222E+01   -2.656216E+02    0.000000E+00    0.000000E+00    0.000000E+00    1.227684E+02   -4.359583E+02   -5.749232E+00    0.000000E+00    0.000000E+00    0.000000E+00
1.229800E+00   -1.353931E+02   -3.912594E+01   -1.926138E+02    0.000000E+00    0.000000E+00    0.000000E+00    9.174659E+01   -3.139684E+02   -6.604187E-01    0.000000E+00    0.000000E+00    0.000000E+00
1.230800E+00   -9.577409E+01   -3.609231E+01   -1.215676E+02    0.000000E+00    0.000000E+00    0.000000E+00    6.859086E+01   -2.080426E+02    7.758923E+00    0.000000E+00    0.000000E+00    0.000000E+00
1.231800E+00   -8.668412E+01   -2.407948E+01   -1.205772E+02    0.000000E+00    0.000000E+00    0.000000E+00    5.726642E+01   -1.993714E+02   -1.287670E+00    0.000000E+00    0.000000E+00    0.000000E+00
1.232800E+00   -1.137668E+02   -2.614875E+01   -1.574904E+02    0.000000E+00    0.000000E+00    0.000000E+00    6.997352E+01   -2.614450E+02   -7.074427E+00    0.000000E+00    0.000000E+00    0.000000E+00
1.233800E+00   -1.445027E+02   -4.474750E+01   -1.933689E+02    0.000000E+00    0.000000E+00    0.000000E+00    9.794964E+01   -3.259497E+02    2.259937E+00    0.000000E+00    0.000000E+00    0.000000E+00
1.234800E+00   -1.301151E+02   -4.632500E+01   -1.810079E+02    0.000000E+00    0.000000E+00    0.000000E+00    9.604639E+01   -3.009730E+02    8.013513E+00    0.000000E+00    0.000000E+00    0.000000E+00
1.235800E+00   -1.110796E+02   -3.643323E+01   -1.375379E+02    0.000000E+00    0.000000E+00    0.000000E+00    7.436796E+01   -2.405684E+02    3.718391E+00    0.000000E+00    0.000000E+00    0.000000E+00
1.236800E+00   -1.094851E+02   -2.682581E+01   -1.307704E+02    0.000000E+00    0.000000E+00    0.000000E+00    6.363337E+01   -2.324719E+02   -5.501577E+00    0.000000E+00    0.000000E+00    0.000000E+00
1.237800E+00   -9.049348E+01   -2.080214E+01   -1.207888E+02    0.000000E+00    0.000000E+00    0.000000E+00    5.526534E+01   -2.052579E+02   -5.974881E+00    0.000000E+00    0.000000E+00    0.000000E+00
1.238800E+00   -1.059576E+02   -3.310944E+01   -1.420286E+02    0.000000E+00    0.000000E+00    0.000000E+00    7.317638E+01   -2.414670E+02    1.763419E+00    0.000000E+00    0.000000E+00    0.000000E+00
1.239800E+00   -1.295762E+02   -4.513527E+01   -1.681613E+02    0.000000E+00    0.000000E+00    0.000000E+00    9.241113E+01   -2.902195E+02    6.798471E+00    0.000000E+00    0.000000E+00    0.000000E+00
1.240800E+00   -1.299653E+02   -3.919470E+01   -1.602261E+02    0.000000E+00    0.000000E+00    0.000000E+00    8.465336E+01   -2.831456E+02    8.188663E-01    0.000000E+00    0.000000E+00    0.000000E+00
1.241800E+00   -7.870937E+01   -2.559750E+01   -1.177885E+02    0.000000E+00    0.000000E+00    0.000000E+00    5.936195E+01   -1.926842E+02    2.346032E+00    0.000000E+00    0.000000E+00    0.000000E+00
1.242800E+00   -7.270629E+01   -2.769945E+01   -1.116190E+02    0.000000E+00    0.000000E+00    0.000000E+00    5.958304E+01   -1.812218E+02    6.212722E+00    0.000000E+00    0.000000E+00    0.000000E+00
1.243800E+00   -9.139693E+01   -2.287454E+01   -1.114767E+02    0.000000E+00    0.000000E+00    0.000000E+00    5.504356E+01   -1.992451E+02   -4.157453E+00    0.000000E+00    0.000000E+00    0.000000E+00
1.244800E+00   -1.145590E+02   -2.142294E+01   -1.421190E+02    0.000000E+00    0.000000E+00    0.000000E+00    6.282273E+01   -2.520334E+02   -1.255646E+01    0.000000E+00    0.000000E+00    0.000000E+00
1.245800E+00   -1.483743E+02   -4.595897E+01   -1.879688E+02    0.000000E+00    0.000000E+00    0.000000E+00    9.989402E+01   -3.303275E+02    2.028402E+00    0.000000E+00    0.000000E+00    0.000000E+00
1.246800E+00   -1.650662E+02   -6.074899E+01   -1.870400E+02    0.000000E+00    0.000000E+00    0.000000E+00    1.137785E+02   -3.459062E+02    1.202789E+01    0.000000E+00    0.000000E+00    0.000000E+00
1.247800E+00   -1.466147E+02   -4.337514E+01   -1.827880E+02    0.000000E+00    0.000000E+00    0.000000E+00    9.616548E+01   -3.247792E+02   -5.294184E-03    0.000000E+00    0.000000E+00    0.000000E+00
1.248800E+00   -1.018116E+02   -1.985130E+01   -1.613682E+02    0.000000E+00    0.000000E+00    0.000000E+00    6.761635E+01   -2.605739E+02   -1.056643E+01    0.000000E+00    0.000000E+00    0.000000E+00
1.249800E+00   -9.655725E+01   -2.994892E+01   -1.223503E+02    0.000000E+00    0.000000E+00    0.000000E+00    6.560811E+01   -2.158244E+02    1.044782E+00    0.000000E+00    0.000000E+00    0.000000E+00
1.250800E+00   -1.519037E+02   -4.737249E+01   -1.754318E+02    0.000000E+00    0.000000E+00    0.000000E+00    9.815772E+01   -3.225000E+02    2.137249E+00    0.000000E+00    0.000000E+00    0.000000E+00
1.251800E+00   -1.877570E+02   -5.797713E+01   -2.416960E+02    0.000000E+00    0.000000E+00    0.000000E+00    1.285713E+02   -4.247388E+02    2.115108E+00    0.000000E+00    0.000000E+00    0.000000E+00
1.252800E+00   -1.625566E+02   -5.639029E+01   -2.061192E+02    0.000000E+00    0.000000E+00    0.000000E+00    1.167398E+02   -3.650956E+02    7.948593E+00    0.000000E+00    0.000000E+00    0.000000E+00
1.253800E+00   -1.156275E+02   -2.868277E+01   -1.377901E+02    0.000000E+00    0.000000E+00    0.000000E+00    6.943028E+01   -2.506299E+02   -5.989440E+00    0.000000E+00    0.000000E+00    0.000000E+00
1.254800E+00   -9.346534E+01   -2.020380E+01   -1.183010E+02    0.000000E+00    0.000000E+00    0.000000E+00    5.534429E+01   -2.097603E+02   -7.881439E+00    0.000000E+00    0.000000E+00    0.000000E+00
1.255800E+00   -1.020983E+02   -3.278014E+01   -1.284007E+02    0.000000E+00    0.000000E+00    0.000000E+00    7.064457E+01   -2.289874E+02    2.303257E+00    0.000000E+00    0.000000E+00    0.000000E+00
1.256800E+00   -1.022458E+02   -3.070317E+01   -1.169390E+02    0.000000E+00    0.000000E+00    0.000000E+00    6.515721E+01   -2.180623E+02    3.556115E-01    0.000000E+00    0.000000E+00    0.000000E+00
1.257800E+00   -8.904005E+01   -2.673248E+01   -1.074145E+02    0.000000E+00    0.000000E+00    0.000000E+00    5.842148E+01   -1.955990E+02    2.910062E-01    0.000000E+00    0.000000E+00    0.000000E+00
1.258800E+00   -6.670670E+01   -1.901832E+01   -8.546310E+01    0.000000E+00    0.000000E+00    0.000000E+00    4.436849E+01   -1.515548E+02   -9.584762E-01    0.000000E+00    0.000000E+00    0.000000E+00
1.259800E+00   -8.705553E+01   -2.033580E+01   -1.106156E+02    0.000000E+00    0.000000E+00    0.000000E+00    5.338706E+01   -1.968081E+02   -5.929306E+00    0.000000E+00    0.000000E+00    0.000000E+00
1.260800E+00   -1.476675E+02   -4.638875E+01   -1.959671E+02    0.000000E+00    0.000000E+00    0.000000E+00    1.050008E+02   -3.426559E+02    1.894482E+00    0.000000E+00    0.000000E+00    0.000000E+00
1.261800E+00   -1.663589E+02   -5.985374E+01   -2.164043E+02    0.000000E+00    0.000000E+00    0.000000E+00    1.245179E+02   -3.819773E+02    9.760832E+00    0.000000E+00    0.000000E+00    0.000000E+00
1.262800E+00   -1.215600E+02   -3.736502E+01   -1.426016E+02    0.000000E+00    0.000000E+00    0.000000E+00    7.988098E+01   -2.631958E+02    7.472360E-01    0.000000E+00    0.000000E+00    0.000000E+00
1.263800E+00   -5.658406E+01   -1.249534E+01   -7.419898E+01    0.000000E+00    0.000000E+00    0.000000E+00    3.477364E+01   -1.303622E+02   -4.578746E+00    0.000000E+00    0.000000E+00    0.000000E+00
1.264800E+00   -6.312611E+01   -2.421094E+01   -9.267559E+01    0.000000E+00    0.000000E+00    0.000000E+00    5.226072E+01   -1.560399E+02    5.228918E+00    0.000000E+00    0.000000E+00    0.000000E+00
1.265800E+00   -1.314585E+02   -4.239892E+01   -1.549860E+02    0.000000E+00    0.000000E+00    0.000000E+00    8.924174E+01   -2.861794E+02    2.845810E+00    0.000000E+00    0.000000E+00    0.000000E+00
1.266800E+00   -1.691801E+02   -4.190196E+01   -1.973101E+02    0.000000E+00    0.000000E+00    0.000000E+00    1.015790E+02   -3.658301E+02   -9.194888E+00    0.000000E+00    0.000000E+00    0.000000E+00
1.267800E+00   -1.756962E+02   -5.121678E+01   -2.200533E+02    0.000000E+00    0.000000E+00    0.000000E+00    1.174618E+02   -3.953512E+02   -1.748092E+00    0.000000E+00    0.000000E+00    0.000000E+00
1.268800E+00   -1.134098E+02   -4.096523E+01   -1.456559E+02    0.000000E+00    0.000000E+00    0.000000E+00    8.460324E+01   -2.593593E+02    7.027280E+00    0.000000E+00    0.000000E+00    0.000000E+00
1.269800E+00   -6.704456E+01   -2.045186E+01   -8.130414E+01    0.000000E+00    0.000000E+00    0.000000E+00    4.503573E+01   -1.485200E+02    3.099164E-01    0.000000E+00    0.000000E+00    0.000000E+00
1.270800E+00   -8.074454E+01   -2.483006E+01   -9.330262E+01    0.000000E+00    0.000000E+00    0.000000E+00    5.334370E+01   -1.739395E+02    2.937016E-01    0.000000E+00    0.000000E+00    0.000000E+00
1.271800E+00   -1.048147E+02   -3.667974E+01   -1.224721E+02    0.000000E+00    0.000000E+00    0.000000E+00    7.392886E+01   -2.276765E+02    4.992466E+00    0.000000E+00    0.000000E+00    0.000000E+00
1.272800E+00   -1.537207E+02   -4.715859E+01   -1.873490E+02    0.000000E+00    0.000000E+00    0.000000E+00    1.037196E+02   -3.416721E+02    7.980818E-01    0.000000E+00    0.000000E+00    0.000000E+00
1.273800E+00   -1.790733E+02   -5.100207E+01   -2.031673E+02    0.000000E+00    0.000000E+00    0.000000E+00    1.123424E+02   -3.822507E+02   -3.176696E+00    0.000000E+00    0.000000E+00    0.000000E+00
1.274800E+00   -1.510954E+02   -4.494128E+01   -1.693482E+02    0.000000E+00    0.000000E+00    0.000000E+00    9.641083E+01   -3.206664E+02   -7.704765E-01    0.000000E+00    0.000000E+00    0.000000E+00
1.275800E+00   -1.042669E+02   -3.178494E+01   -1.466350E+02    0.000000E+00    0.000000E+00    0.000000E+00    7.673789E+01   -2.519301E+02    3.446460E-01    0.000000E+00    0.000000E+00    0.000000E+00
1.276800E+00   -6.026132E+01   -2.006528E+01   -9.528466E+01    0.000000E+00    0.000000E+00    0.000000E+00    4.938334E+01   -1.563752E+02    1.959846E+00    0.000000E+00    0.000000E+00    0.000000E+00
1.277800E+00   -8.837328E+01   -2.702076E+01   -9.167729E+01    0.000000E+00    0.000000E+00    0.000000E+00    5.496859E+01   -1.796469E+02    9.549034E-02    0.000000E+00    0.000000E+00    0.000000E+00
1.278800E+00   -1.403585E+02   -4.367212E+01   -1.473161E+02    0.000000E+00    0.000000E+00    0.000000E+00    8.855059E+01   -2.873038E+02    7.610299E-01    0.000000E+00    0.000000E+00    0.000000E+00
1.279800E+00   -1.530083E+02   -5.438713E+01   -1.934646E+02    0.000000E+00    0.000000E+00    0.000000E+00    1.135971E+02   -3.475368E+02    7.735716E+00    0.000000E+00    0.000000E+00    0.000000E+00
1.280800E+00   -1.302107E+02   -4.492615E+01   -1.694462E+02    0.000000E+00    0.000000E+00    0.000000E+00    9.688915E+01   -3.007896E+02    5.273267E+00    0.000000E+00    0.000000E+00    0.000000E+00
1.281800E+00   -7.303048E+01   -2.033007E+01   -7.041729E+01    0.000000E+00    0.000000E+00    0.000000E+00    4.204841E+01   -1.432624E+02   -1.963676E+00    0.000000E+00    0.000000E+00    0.000000E+00
1.282800E+00   -3.124404E+01   -1.013431E+01   -3.573743E+01    0.000000E+00    0.000000E+00    0.000000E+00    2.135306E+01   -6.696914E+01    6.198195E-01    0.000000E+00    0.000000E+00    0.000000E+00
1.283800E+00   -5.184706E+01   -1.767990E+01   -8.054176E+01    0.000000E+00    0.000000E+00    0.000000E+00    4.248731E+01   -1.330453E+02    1.954171E+00    0.000000E+00    0.000000E+00    0.000000E+00
1.284800E+00   -1.279039E+02   -3.353870E+01   -1.635885E+02    0.000000E+00    0.000000E+00    0.000000E+00    8.381648E+01   -2.922411E+02   -5.583129E+00    0.000000E+00    0.000000E+00    0.000000E+00
1.285800E+00   -2.223043E+02   -6.687401E+01   -2.620094E+02    0.000000E+00    0.000000E+00    0.000000E+00    1.472968E+02   -4.849793E+02   -1.198658E+00    0.000000E+00    0.000000E+00    0.000000E+00
1.286800E+00   -1.751115E+02   -6.407302E+01   -1.970673E+02    0.000000E+00    0.000000E+00    0.000000E+00    1.243451E+02   -3.725663E+02    1.065889E+01    0.000000E+00    0.000000E+00    0.000000E+00
1.287800E+00   -6.022000E+01   -1.950275E+01   -7.345358E+01    0.000000E+00    0.000000E+00    0.000000E+00    4.215387E+01   -1.336044E+02    1.095366E+00    0.000000E+00    0.000000E+00    0.000000E+00
1.288800E+00   -2.606838E+01    5.268055E+00   -3.878935E+01    0.000000E+00    0.000000E+00    0.000000E+00    7.130901E+00   -6.473326E+01   -1.368350E+01    0.000000E+00    0.000000E+00    0.000000E+00
1.289800E+00   -7.147346E+01   -2.042343E+01   -8.600495E+01    0.000000E+00    0.000000E+00    0.000000E+00    4.703016E+01   -1.577783E+02   -1.842749E+00    0.000000E+00    0.000000E+00    0.000000E+00
1.290800E+00   -1.280684E+02   -4.967718E+01   -1.712669E+02    0.000000E+00    0.000000E+00    0.000000E+00    1.023733E+02   -2.999007E+02    1.019176E+01    0.000000E+00    0.000000E+00    0.000000E+00
1.291800E+00   -1.468923E+02   -5.164734E+01   -1.951993E+02    0.000000E+00    0.000000E+00    0.000000E+00    1.119936E+02   -3.423886E+02    6.270126E+00    0.000000E+00    0.000000E+00    0.000000E+00
1.292800E+00   -1.459119E+02   -4.205171E+01   -1.691422E+02    0.000000E+00    0.000000E+00    0.000000E+00    9.481270E+01   -3.147427E+02   -3.276026E+00    0.000000E+00    0.000000E+00    0.000000E+00
1.293800E+00   -1.389851E+02   -4.388570E+01   -1.520382E+02    0.000000E+00    0.000000E+00    0.000000E+00    9.127839E+01   -2.903949E+02    7.667787E-01    0.000000E+00    0.000000E+00    0.000000E+00
1.294800E+00   -1.145902E+02   -4.165141E+01   -1.306251E+02    0.000000E+00    0.000000E+00    0.000000E+00    8.205026E+01   -2.448662E+02    6.219209E+00    0.000000E+00    0.000000E+00    0.000000E+00
1.295800E+00   -9.235753E+01   -2.597719E+01   -1.103056E+02    0.000000E+00    0.000000E+00    0.000000E+00    6.021289E+01   -2.028371E+02   -2.672740E+00    0.000000E+00    0.000000E+00    0.000000E+00
1.296800E+00   -9.225002E+01   -1.409148E+01   -1.136394E+02    0.000000E+00    0.000000E+00    0.000000E+00    4.987798E+01   -2.060822E+02   -1.478611E+01    0.000000E+00    0.000000E+00    0.000000E+00
1.297800E+00   -1.187628E+02   -3.347716E+01   -1.444725E+02    0.000000E+00    0.000000E+00    0.000000E+00    7.862941E+01   -2.630467E+02   -3.466116E+00    0.000000E+00    0.000000E+00    0.000000E+00
1.298800E+00   -1.521157E+02   -5.383057E+01   -1.808009E+02    0.000000E+00    0.000000E+00    0.000000E+00    1.097319E+02   -3.324351E+02    6.769393E+00    0.000000E+00    0.000000E+00    0.000000E+00
1.299800E+00   -1.507334E+02   -4.817251E+01   -1.777564E+02    0.000000E+00    0.000000E+00    0.000000E+00    1.030599E+02   -3.277921E+02    1.365567E+00    0.000000E+00    0.000000E+00    0.000000E+00
1.300800E+00   -9.774478E+01   -3.300155E+01   -1.094676E+02    0.000000E+00    0.000000E+00    0.000000E+00    6.691582E+01   -2.064801E+02    2.411909E+00    0.000000E+00    0.000000E+00    0.000000E+00
1.301800E+00   -7.678858E+01   -2.780066E+01   -8.902321E+01    0.000000E+00    0.000000E+00    0.000000E+00    5.561294E+01   -1.650826E+02    3.732742E+00    0.000000E+00    0.000000E+00    0.000000E+00
1.302800E+00   -8.402737E+01   -2.681487E+01   -1.037103E+02    0.000000E+00    0.000000E+00    0.000000E+00    5.934376E+01   -1.871931E+02    5.577188E-01    0.000000E+00    0.000000E+00    0.000000E+00
1.303800E+00   -9.063916E+01   -3.508201E+01   -1.154337E+02    0.000000E+00    0.000000E+00    0.000000E+00    7.126914E+01   -2.055638E+02    6.679054E+00    0.000000E+00    0.000000E+00    0.000000E+00
1.304800E+00   -1.047792E+02   -3.833654E+01   -1.463393E+02    0.000000E+00    0.000000E+00    0.000000E+00    8.415917E+01   -2.502169E+02    5.243515E+00    0.000000E+00    0.000000E+00    0.000000E+00
1.305800E+00   -1.111539E+02   -2.751540E+01   -1.304476E+02    0.000000E+00    0.000000E+00    0.000000E+00    6.837801E+01   -2.402557E+02   -7.855580E+00    0.000000E+00    0.000000E+00    0.000000E+00
1.306800E+00   -1.235047E+02   -3.569748E+01   -1.313626E+02    0.000000E+00    0.000000E+00    0.000000E+00    7.676519E+01   -2.532205E+02   -3.646319E+00    0.000000E+00    0.000000E+00    0.000000E+00
1.307800E+00   -1.085721E+02   -3.746333E+01   -1.348168E+02    0.000000E+00    0.000000E+00    0.000000E+00    7.963124E+01   -2.421298E+02    2.989450E+00    0.000000E+00    0.000000E+00    0.000000E+00
1.308800E+00   -9.044322E+01   -2.592309E+01   -1.020784E+02    0.000000E+00    0.000000E+00    0.000000E+00    5.786899E+01   -1.915092E+02   -2.663753E+00    0.000000E+00    0.000000E+00    0.000000E+00
1.309800E+00   -1.127017E+02   -3.339633E+01   -1.272964E+02    0.000000E+00    0.000000E+00    0.000000E+00    7.323435E+01   -2.385062E+02   -2.271760E+00    0.000000E+00    0.000000E+00    0.000000E+00
1.310800E+00   -1.332829E+02   -4.415256E+01   -1.720761E+02    0.000000E+00    0.000000E+00    0.000000E+00    9.812723E+01   -3.035788E+02    1.922307E+00    0.000000E+00    0.000000E+00    0.000000E+00
1.311800E+00   -1.419104E+02   -4.402234E+01   -1.785587E+02    0.000000E+00    0.000000E+00    0.000000E+00    9.997618E+01   -3.184775E+02   -8.129053E-01    0.000000E+00    0.000000E+00    0.000000E+00
1.312800E+00   -1.025336E+02   -2.932343E+01   -1.291365E+02    0.000000E+00    0.000000E+00    0.000000E+00    6.962533E+01   -2.299337E+02   -2.883130E+00    0.000000E+00    0.000000E+00    0.000000E+00
1.313800E+00   -7.215446E+01   -2.520226E+01   -8.047898E+01    0.000000E+00    0.000000E+00    0.000000E+00    5.012631E+01   -1.509320E+02    2.447306E+00    0.000000E+00    0.000000E+00    0.000000E+00
1.314800E+00   -8.169208E+01   -2.875876E+01   -8.463295E+01    0.000000E+00    0.000000E+00    0.000000E+00    5.521213E+01   -1.647161E+02    2.635296E+00    0.000000E+00    0.000000E+00    0.000000E+00
1.315800E+00   -9.260962E+01   -3.013525E+01   -1.137183E+02    0.000000E+00    0.000000E+00    0.000000E+00    6.601328E+01   -2.048749E+02    3.853209E-01    0.000000E+00    0.000000E+00    0.000000E+00
1.316800E+00   -1.266149E+02   -3.757982E+01   -1.588704E+02    0.000000E+00    0.000000E+00    0.000000E+00    8.763668E+01   -2.827392E+02   -2.971184E+00    0.000000E+00    0.000000E+00    0.000000E+00
1.317800E+00   -1.172285E+02   -2.940346E+01   -1.397698E+02    0.000000E+00    0.000000E+00    0.000000E+00    7.363818E+01   -2.543790E+02   -8.174560E+00    0.000000E+00    0.000000E+00    0.000000E+00
1.318800E+00   -1.051861E+02   -3.747533E+01   -1.249969E+02    0.000000E+00    0.000000E+00    0.000000E+00    7.670924E+01   -2.278418E+02    3.698318E+00    0.000000E+00    0.000000E+00    0.000000E+00
1.319800E+00   -1.188064E+02   -4.846286E+01   -1.320850E+02    0.000000E+00    0.000000E+00    0.000000E+00    8.952241E+01   -2.477990E+02    1.027960E+01    0.000000E+00    0.000000E+00    0.000000E+00
1.320800E+00   -1.335669E+02   -4.346756E+01   -1.518571E+02    0.000000E+00    0.000000E+00    0.000000E+00    9.130630E+01   -2.821865E+02    3.840714E-01    0.000000E+00    0.000000E+00    0.000000E+00
1.321800E+00   -1.564819E+02   -4.739489E+01   -1.982786E+02    0.000000E+00    0.000000E+00    0.000000E+00    1.104130E+02   -3.510143E+02   -3.134444E+00    0.000000E+00    0.000000E+00    0.000000E+00
1.322800E+00   -1.284504E+02   -3.475181E+01   -1.567742E+02    0.000000E+00    0.000000E+00    0.000000E+00    8.460315E+01   -2.816034E+02   -6.607897E+00    0.000000E+00    0.000000E+00    0.000000E+00
1.323800E+00   -7.846473E+01   -2.441321E+01   -8.622202E+01    0.000000E+00    0.000000E+00    0.000000E+00    5.136353E+01   -1.617910E+02   -7.055475E-01    0.000000E+00    0.000000E+00    0.000000E+00
1.324800E+00   -6.513290E+01   -3.151782E+01   -8.809037E+01    0.000000E+00    0.000000E+00    0.000000E+00    5.867672E+01   -1.507520E+02    1.065556E+01    0.000000E+00    0.000000E+00    0.000000E+00
1.325800E+00   -9.438495E+01   -3.056159E+01   -1.276382E+02    0.000000E+00    0.000000E+00    0.000000E+00    7.075167E+01   -2.190028E+02    1.459082E-01    0.000000E+00    0.000000E+00    0.000000E+00
1.326800E+00   -1.560553E+02   -4.814401E+01   -1.850450E+02    0.000000E+00    0.000000E+00    0.000000E+00    1.064664E+02   -3.358967E+02   -2.329582E+00    0.000000E+00    0.000000E+00    0.000000E+00
1.327800E+00   -1.850957E+02   -6.486419E+01   -2.242966E+02    0.000000E+00    0.000000E+00    0.000000E+00    1.353567E+02   -4.028890E+02    4.960071E+00    0.000000E+00    0.000000E+00    0.000000E+00
1.328800E+00   -1.270660E+02   -4.026136E+01   -1.656100E+02    0.000000E+00    0.000000E+00    0.000000E+00    9.261654E+01   -2.880391E+02   -8.869028E-01    0.000000E+00    0.000000E+00    0.000000E+00
1.329800E+00   -6.422744E+01   -2.237084E+01   -8.311569E+01    0.000000E+00    0.000000E+00    0.000000E+00    4.871194E+01   -1.448208E+02    1.365514E+00    0.000000E+00    0.000000E+00    0.000000E+00
1.330800E+00   -6.885950E+01   -2.783182E+01   -8.062401E+01    0.000000E+00    0.000000E+00    0.000000E+00    5.321833E+01   -1.466401E+02    5.117371E+00    0.000000E+00    0.000000E+00    0.000000E+00
1.331800E+00   -1.107473E+02   -3.399338E+01   -1.274696E+02    0.000000E+00    0.000000E+00    0.000000E+00    7.434509E+01   -2.336623E+02   -2.374011E+00    0.000000E+00    0.000000E+00    0.000000E+00
1.332800E+00   -1.209615E+02   -4.204858E+01   -1.550033E+02    0.000000E+00    0.000000E+00    0.000000E+00    9.117178E+01   -2.706928E+02    2.217657E+00    0.000000E+00    0.000000E+00    0.000000E+00
1.333800E+00   -8.329641E+01   -3.285015E+01   -1.214984E+02    0.000000E+00    0.000000E+00    0.000000E+00    7.141055E+01   -2.009624E+02    5.380802E+00    0.000000E+00    0.000000E+00    0.000000E+00
1.334800E+00   -8.871561E+01   -1.977677E+01   -1.074763E+02    0.000000E+00    0.000000E+00    0.000000E+00    5.407983E+01   -1.920312E+02   -9.290909E+00    0.000000E+00    0.000000E+00    0.000000E+00
1.335800E+00   -1.288491E+02   -3.361891E+01   -1.318612E+02    0.000000E+00    0.000000E+00    0.000000E+00    7.533390E+01   -2.549768E+02   -8.649682E+00    0.000000E+00    0.000000E+00    0.000000E+00
1.336800E+00   -1.328225E+02   -6.267801E+01   -1.703553E+02    0.000000E+00    0.000000E+00    0.000000E+00    1.159238E+02   -2.972091E+02    1.892335E+01    0.000000E+00    0.000000E+00    0.000000E+00
1.337800E+00   -1.162888E+02   -4.946731E+01   -1.586875E+02    0.000000E+00    0.000000E+00    0.000000E+00    9.942023E+01   -2.694718E+02    1.116356E+01    0.000000E+00    0.000000E+00    0.000000E+00
1.338800E+00   -1.131031E+02   -2.446452E+01   -1.097823E+02    0.000000E+00    0.000000E+00    0.000000E+00    5.959759E+01   -2.176620E+02   -1.284180E+01    0.000000E+00    0.000000E+00    0.000000E+00
1.339800E+00   -1.153420E+02   -3.532690E+01   -1.180887E+02    0.000000E+00    0.000000E+00    0.000000E+00    7.304811E+01   -2.279339E+02   -3.022091E+00    0.000000E+00    0.000000E+00    0.000000E+00
1.340800E+00   -1.255430E+02   -5.178285E+01   -1.775367E+02    0.000000E+00    0.000000E+00    0.000000E+00    1.083095E+02   -2.967486E+02    1.000073E+01    0.000000E+00    0.000000E+00    0.000000E+00
1.341800E+00   -1.571263E+02   -5.275010E+01   -1.999746E+02    0.000000E+00    0.000000E+00    0.000000E+00    1.164238E+02   -3.492393E+02    6.631789E-01    0.000000E+00    0.000000E+00    0.000000E+00
1.342800E+00   -1.618186E+02   -5.459361E+01   -1.810167E+02    0.000000E+00    0.000000E+00    0.000000E+00    1.120544E+02   -3.342854E+02    7.402865E-01    0.000000E+00    0.000000E+00    0.000000E+00
1.343800E+00   -9.845665E+01   -3.329409E+01   -1.187581E+02    0.000000E+00    0.000000E+00    0.000000E+00    7.116528E+01   -2.115043E+02    4.013269E-01    0.000000E+00    0.000000E+00    0.000000E+00
1.344800E+00   -3.159220E+01   -7.403688E+00   -5.329364E+01    0.000000E+00    0.000000E+00    0.000000E+00    2.458268E+01   -8.281477E+01   -3.048392E+00    0.000000E+00    0.000000E+00    0.000000E+00
1.345800E+00   -4.256838E+01   -1.930516E+01   -5.471904E+01    0.000000E+00    0.000000E+00    0.000000E+00    3.660392E+01   -9.465417E+01    4.956617E+00    0.000000E+00    0.000000E+00    0.000000E+00
1.346800E+00   -9.763324E+01   -2.847897E+01   -1.096957E+02    0.000000E+00    0.000000E+00    0.000000E+00    6.363577E+01   -2.013275E+02   -4.276807E+00    0.000000E+00    0.000000E+00    0.000000E+00
1.347800E+00   -1.929231E+02   -5.756492E+01   -2.405454E+02    0.000000E+00    0.000000E+00    0.000000E+00    1.347947E+02   -4.210090E+02   -7.243831E+00    0.000000E+00    0.000000E+00    0.000000E+00
1.348800E+00   -2.327295E+02   -9.053055E+01   -3.065774E+02    0.000000E+00    0.000000E+00    0.000000E+00    1.886112E+02   -5.242200E+02    1.185053E+01    0.000000E+00    0.000000E+00    0.000000E+00
1.349800E+00   -1.411203E+02   -5.238644E+01   -1.677383E+02    0.000000E+00    0.000000E+00    0.000000E+00    1.061438E+02   -3.002219E+02    4.623096E+00    0.000000E+00    0.000000E+00    0.000000E+00
1.350800E+00   -5.779302E+01   -1.750781E+01   -6.160708E+01    0.000000E+00    0.000000E+00    0.000000E+00    3.722621E+01   -1.157127E+02   -2.047793E+00    0.000000E+00    0.000000E+00    0.000000E+00
1.351800E+00   -3.864149E+01   -1.436360E+01   -6.381128E+01    0.000000E+00    0.000000E+00    0.000000E+00    3.487263E+01   -9.927610E+01    1.211124E+00    0.000000E+00    0.000000E+00    0.000000E+00
1.352800E+00   -7.645213E+01   -1.392617E+01   -9.535272E+01    0.000000E+00    0.000000E+00    0.000000E+00    4.484562E+01   -1.666259E+02   -1.155635E+01    0.000000E+00    0.000000E+00    0.000000E+00
1.353800E+00   -1.290818E+02   -3.951575E+01   -1.391774E+02    0.000000E+00    0.000000E+00    0.000000E+00    8.409376E+01   -2.596513E+02   -4.215059E+00    0.000000E+00    0.000000E+00    0.000000E+00
1.354800E+00   -1.516680E+02   -5.689410E+01   -1.641490E+02    0.000000E+00    0.000000E+00    0.000000E+00    1.092815E+02   -3.057606E+02    5.030194E+00    0.000000E+00    0.000000E+00    0.000000E+00
1.355800E+00   -1.291364E+02   -4.787651E+01   -1.593070E+02    0.000000E+00    0.000000E+00    0.000000E+00    9.911042E+01   -2.796559E+02    3.701737E+00    0.000000E+00    0.000000E+00    0.000000E+00
1.356800E+00   -9.518168E+01   -3.220566E+01   -1.457262E+02    0.000000E+00    0.000000E+00    0.000000E+00    7.964912E+01   -2.336093E+02   -2.922502E-01    0.000000E+00    0.000000E+00    0.000000E+00
1.357800E+00   -7.741478E+01   -2.303561E+01   -9.907352E+01    0.000000E+00    0.000000E+00    0.000000E+00    5.522341E+01   -1.702993E+02   -3.441614E+00    0.000000E+00    0.000000E+00    0.000000E+00
1.358800E+00   -9.275997E+01   -2.690618E+01   -1.013658E+02    0.000000E+00    0.000000E+00    0.000000E+00    5.958333E+01   -1.870181E+02   -4.888114E+00    0.000000E+00    0.000000E+00    0.000000E+00
1.359800E+00   -1.225353E+02   -3.602154E+01   -1.646112E+02    0.000000E+00    0.000000E+00    0.000000E+00    8.957489E+01   -2.773748E+02   -6.068423E+00    0.000000E+00    0.000000E+00    0.000000E+00
1.360800E+00   -1.624444E+02   -6.400549E+01   -2.082409E+02    0.000000E+00    0.000000E+00    0.000000E+00    1.310775E+02   -3.576924E+02    7.545437E+00    0.000000E+00    0.000000E+00    0.000000E+00
1.361800E+00   -1.589434E+02   -6.610944E+01   -1.787300E+02    0.000000E+00    0.000000E+00    0.000000E+00    1.231662E+02   -3.253886E+02    1.066058E+01    0.000000E+00    0.000000E+00    0.000000E+00
1.362800E+00   -9.166811E+01   -2.365590E+01   -1.105993E+02    0.000000E+00    0.000000E+00    0.000000E+00    5.969403E+01   -1.949971E+02   -7.895116E+00    0.000000E+00    0.000000E+00    0.000000E+00
1.363800E+00   -6.683230E+01   -2.263544E+01   -8.531819E+01    0.000000E+00    0.000000E+00    0.000000E+00    5.032555E+01   -1.463508E+02   -5.730176E-01    0.000000E+00    0.000000E+00    0.000000E+00
1.364800E+00   -1.020765E+02   -4.676264E+01   -1.144368E+02    0.000000E+00    0.000000E+00    0.000000E+00    8.330839E+01   -2.080688E+02    1.090579E+01    0.000000E+00    0.000000E+00    0.000000E+00
1.365800E+00   -1.552078E+02   -5.422150E+01   -1.938473E+02    0.000000E+00    0.000000E+00    0.000000E+00    1.173195E+02   -3.358808E+02    1.309322E-01    0.000000E+00    0.000000E+00    0.000000E+00
1.366800E+00   -1.846121E+02   -5.853628E+01   -2.262507E+02    0.000000E+00    0.000000E+00    0.000000E+00    1.324684E+02   -3.952750E+02   -5.800382E+00    0.000000E+00    0.000000E+00    0.000000E+00
1.367800E+00   -1.359032E+02   -4.352801E+01   -1.620162E+02    0.000000E+00    0.000000E+00    0.000000E+00    9.630094E+01   -2.864113E+02   -3.931848E+00    0.000000E+00    0.000000E+00    0.000000E+00
1.368800E+00   -7.643542E+01   -2.892343E+01   -1.079905E+02    0.000000E+00    0.000000E+00    0.000000E+00    6.391942E+01   -1.769073E+02    1.996244E+00    0.000000E+00    0.000000E+00    0.000000E+00
1.369800E+00   -8.356575E+01   -3.110942E+01   -1.076526E+02    0.000000E+00    0.000000E+00    0.000000E+00    6.614956E+01   -1.832527E+02    1.602881E+00    0.000000E+00    0.000000E+00    0.000000E+00
1.370800E+00   -1.111707E+02   -4.794190E+01   -1.348221E+02    0.000000E+00    0.000000E+00    0.000000E+00    9.162211E+01   -2.358140E+02    8.526332E+00    0.000000E+00    0.000000E+00    0.000000E+00
1.371800E+00   -1.232691E+02   -5.735111E+01   -1.579643E+02    0.000000E+00    0.000000E+00    0.000000E+00    1.085136E+02   -2.695211E+02    1.360161E+01    0.000000E+00    0.000000E+00    0.000000E+00
1.372800E+00   -8.417684E+01   -2.348954E+01   -9.696341E+01    0.000000E+00    0.000000E+00    0.000000E+00    5.567135E+01   -1.736668E+02   -5.792214E+00    0.000000E+00    0.000000E+00    0.000000E+00
1.373800E+00   -5.534307E+01   -1.026878E+01   -6.274268E+01    0.000000E+00    0.000000E+00    0.000000E+00    3.144902E+01   -1.130342E+02   -9.020877E+00    0.000000E+00    0.000000E+00    0.000000E+00
1.374800E+00   -6.695830E+01   -2.084871E+01   -9.527468E+01    0.000000E+00    0.000000E+00    0.000000E+00    5.241038E+01   -1.552173E+02   -2.939787E+00    0.000000E+00    0.000000E+00    0.000000E+00
1.375800E+00   -1.308126E+02   -4.327152E+01   -1.723694E+02    0.000000E+00    0.000000E+00    0.000000E+00    1.000611E+02   -2.901344E+02   -3.200194E+00    0.000000E+00    0.000000E+00    0.000000E+00
1.376800E+00   -1.992334E+02   -7.259702E+01   -2.442558E+02    0.000000E+00    0.000000E+00    0.000000E+00    1.527127E+02   -4.240491E+02    1.457511E+00    0.000000E+00    0.000000E+00    0.000000E+00
1.377800E+00   -1.548049E+02   -5.859151E+01   -2.034052E+02    0.000000E+00    0.000000E+00    0.000000E+00    1.254650E+02   -3.423449E+02    3.231095E+00    0.000000E+00    0.000000E+00    0.000000E+00
1.378800E+00   -9.190574E+01   -3.320092E+01   -1.241699E+02    0.000000E+00    0.000000E+00    0.000000E+00    7.413172E+01   -2.061979E+02    4.114900E-01    0.000000E+00    0.000000E+00    0.000000E+00
1.379800E+00   -7.651877E+01   -2.529449E+01   -7.812054E+01    0.000000E+00    0.000000E+00    0.000000E+00    5.082424E+01   -1.473592E+02   -2.056290E+00    0.000000E+00    0.000000E+00    0.000000E+00
1.380800E+00   -5.855877E+01   -9.949668E+00   -4.616474E+01    0.000000E+00    0.000000E+00    0.000000E+00    2.527275E+01   -1.002007E+02   -1.066719E+01    0.000000E+00    0.000000E+00    0.000000E+00
1.381800E+00   -7.855753E+01   -3.365039E+01   -1.055173E+02    0.000000E+00    0.000000E+00    0.000000E+00    6.855037E+01   -1.760207E+02    4.967437E+00    0.000000E+00    0.000000E+00    0.000000E+00
1.382800E+00   -1.105459E+02   -5.097820E+01   -1.419971E+02    0.000000E+00    0.000000E+00    0.000000E+00    9.782104E+01   -2.410969E+02    1.047563E+01    0.000000E+00    0.000000E+00    0.000000E+00
1.383800E+00   -1.450305E+02   -4.348028E+01   -1.749029E+02    0.000000E+00    0.000000E+00    0.000000E+00    1.019538E+02   -3.051631E+02   -8.477214E+00    0.000000E+00    0.000000E+00    0.000000E+00
1.384800E+00   -1.561409E+02   -5.073668E+01   -2.140055E+02    0.000000E+00    0.000000E+00    0.000000E+00    1.223894E+02   -3.530969E+02   -5.415456E+00    0.000000E+00    0.000000E+00    0.000000E+00
1.385800E+00   -1.466686E+02   -5.904275E+01   -1.890838E+02    0.000000E+00    0.000000E+00    0.000000E+00    1.216445E+02   -3.198197E+02    5.534768E+00    0.000000E+00    0.000000E+00    0.000000E+00
1.386800E+00   -1.157003E+02   -3.407320E+01   -1.312059E+02    0.000000E+00    0.000000E+00    0.000000E+00    7.779320E+01   -2.346100E+02   -7.809960E+00    0.000000E+00    0.000000E+00    0.000000E+00
1.387800E+00   -9.525687E+01   -3.288461E+01   -1.212275E+02    0.000000E+00    0.000000E+00    0.000000E+00    7.333387E+01   -2.056381E+02   -1.957334E+00    0.000000E+00    0.000000E+00    0.000000E+00
1.388800E+00   -1.134651E+02   -6.572618E+01   -1.545233E+02    0.000000E+00    0.000000E+00    0.000000E+00    1.162135E+02   -2.547422E+02    2.308036E+01    0.000000E+00    0.000000E+00    0.000000E+00
1.389800E+00   -1.657952E+02   -6.758143E+01   -2.112925E+02    0.000000E+00    0.000000E+00    0.000000E+00    1.381782E+02   -3.583548E+02    6.215696E+00    0.000000E+00    0.000000E+00    0.000000E+00
1.390800E+00   -1.841562E+02   -5.829533E+01   -2.285846E+02    0.000000E+00    0.000000E+00    0.000000E+00    1.357283E+02   -3.920861E+02   -9.466366E+00    0.000000E+00    0.000000E+00    0.000000E+00
1.391800E+00   -1.352519E+02   -5.509461E+01   -1.796377E+02    0.000000E+00    0.000000E+00    0.000000E+00    1.152313E+02   -2.988478E+02    4.715445E+00    0.000000E+00    0.000000E+00    0.000000E+00
1.392800E+00   -8.607913E+01   -3.311438E+01   -1.250582E+02    0.000000E+00    0.000000E+00    0.000000E+00    7.490978E+01   -2.000861E+02    1.319755E+00    0.000000E+00    0.000000E+00    0.000000E+00
1.393800E+00   -7.473370E+01   -1.868773E+01   -1.000670E+02    0.000000E+00    0.000000E+00    0.000000E+00    5.250689E+01   -1.654970E+02   -8.336089E+00    0.000000E+00    0.000000E+00    0.000000E+00
1.394800E+00   -6.482330E+01   -2.560130E+01   -8.731635E+01    0.000000E+00    0.000000E+00    0.000000E+00    5.484836E+01   -1.440384E+02    1.624446E+00    0.000000E+00    0.000000E+00    0.000000E+00
1.395800E+00   -5.508189E+01   -1.870092E+01   -7.197790E+01    0.000000E+00    0.000000E+00    0.000000E+00    4.307557E+01   -1.203971E+02   -1.513155E+00    0.000000E+00    0.000000E+00    0.000000E+00
1.396800E+00   -9.480326E+01   -3.651594E+01   -1.108041E+02    0.000000E+00    0.000000E+00    0.000000E+00    7.357636E+01   -1.945215E+02    1.333070E+00    0.000000E+00    0.000000E+00    0.000000E+00
1.397800E+00   -1.449528E+02   -6.579713E+01   -1.875288E+02    0.000000E+00    0.000000E+00    0.000000E+00    1.287227E+02   -3.147176E+02    1.115374E+01    0.000000E+00    0.000000E+00    0.000000E+00
1.398800E+00   -1.586971E+02   -5.047285E+01   -2.070993E+02    0.000000E+00    0.000000E+00    0.000000E+00    1.218150E+02   -3.468888E+02   -8.438709E+00    0.000000E+00    0.000000E+00    0.000000E+00
