 LS-DYNA keyword deck by LS-PrePost                                      
                    ls-dyna mpp d R14 R14.1.1_16_fadfb4 date 05/14/2025
ICFD Drag Forces and Moments
time,            Fpx,Fpy,            Fpz,Fvx,            Fvy,Fvz,            Mpx,Mpy,            Mpz,Mvx,            Mvy,Mvz
5.000000E-04    6.681951E-01    2.847572E+00   -4.469744E+01    0.000000E+00    0.000000E+00    0.000000E+00   -1.028525E+00    2.755359E-01    1.844144E-01    0.000000E+00    0.000000E+00    0.000000E+00
1.500000E-03    1.661184E-01    7.087918E-01   -3.687724E+01    0.000000E+00    0.000000E+00    0.000000E+00   -1.328638E-01    8.001309E-02   -1.744773E-02    0.000000E+00    0.000000E+00    0.000000E+00
2.500000E-03    5.648990E-02    4.128224E-02   -3.193584E+01    0.000000E+00    0.000000E+00    0.000000E+00    1.021920E-01    6.104183E-02   -1.446544E-02    0.000000E+00    0.000000E+00    0.000000E+00
3.500000E-03   -1.139469E-02   -3.157063E-04   -3.172898E+01    0.000000E+00    0.000000E+00    0.000000E+00    4.601413E-02    1.822545E-02   -1.393438E-02    0.000000E+00    0.000000E+00    0.000000E+00
4.500000E-03   -1.056938E-01    5.133688E-02   -3.190329E+01    0.000000E+00    0.000000E+00    0.000000E+00   -7.065229E-03   -3.008850E-02   -1.296250E-02    0.000000E+00    0.000000E+00    0.000000E+00
5.500000E-03   -1.351198E-01    8.716439E-02   -3.159883E+01    0.000000E+00    0.000000E+00    0.000000E+00   -2.768429E-02   -4.394893E-02   -1.222159E-02    0.000000E+00    0.000000E+00    0.000000E+00
6.500000E-03    9.826827E-03    2.267515E-01   -5.863012E+00    0.000000E+00    0.000000E+00    0.000000E+00   -7.518747E-02   -4.819643E-03    3.254483E-03    0.000000E+00    0.000000E+00    0.000000E+00
7.500000E-03    2.726857E-03    6.252049E-04    6.713456E+00    0.000000E+00    0.000000E+00    0.000000E+00   -5.897561E-03    1.255154E-05    1.334592E-02    0.000000E+00    0.000000E+00    0.000000E+00
8.500000E-03   -1.175217E-01   -2.464356E-01   -4.775920E-01    0.000000E+00    0.000000E+00    0.000000E+00    8.023859E-02   -3.010965E-02    9.951889E-03    0.000000E+00    0.000000E+00    0.000000E+00
9.500000E-03   -1.150125E-01   -7.427256E-02   -5.084661E+00    0.000000E+00    0.000000E+00    0.000000E+00    3.565372E-02   -3.965146E-02   -7.091992E-04    0.000000E+00    0.000000E+00    0.000000E+00
1.050000E-02   -1.811915E-02    1.517579E-01   -4.801118E+00    0.000000E+00    0.000000E+00    0.000000E+00   -3.468047E-02   -1.809288E-02    7.568940E-04    0.000000E+00    0.000000E+00    0.000000E+00
1.150000E-02    1.039378E-02    7.372479E-02   -3.971957E+00    0.000000E+00    0.000000E+00    0.000000E+00   -2.050656E-02   -3.335505E-03    4.499491E-04    0.000000E+00    0.000000E+00    0.000000E+00
1.250000E-02   -2.696545E-02   -9.069866E-02   -3.505740E+00    0.000000E+00    0.000000E+00    0.000000E+00    3.297071E-02   -6.981540E-03   -1.645681E-03    0.000000E+00    0.000000E+00    0.000000E+00
1.350000E-02   -8.085438E-02   -6.143743E-02   -3.827539E+00    0.000000E+00    0.000000E+00    0.000000E+00    2.573130E-02   -3.025721E-02    8.703430E-04    0.000000E+00    0.000000E+00    0.000000E+00
1.450000E-02   -6.101566E-02    3.030321E-02   -4.792010E+00    0.000000E+00    0.000000E+00    0.000000E+00   -7.282890E-05   -2.345355E-02   -1.091265E-03    0.000000E+00    0.000000E+00    0.000000E+00
1.550000E-02   -4.009427E-02    4.045051E-02   -5.279542E+00    0.000000E+00    0.000000E+00    0.000000E+00   -5.762483E-03   -1.357007E-02   -2.101953E-04    0.000000E+00    0.000000E+00    0.000000E+00
1.650000E-02   -3.724136E-02   -1.008588E-02   -5.312805E+00    0.000000E+00    0.000000E+00    0.000000E+00    7.818256E-03   -1.245047E-02   -1.950048E-04    0.000000E+00    0.000000E+00    0.000000E+00
1.750000E-02   -3.733552E-02   -3.031301E-02   -5.497229E+00    0.000000E+00    0.000000E+00    0.000000E+00    1.548822E-02   -1.410651E-02   -9.323163E-05    0.000000E+00    0.000000E+00    0.000000E+00
1.850000E-02   -4.396553E-02   -1.586380E-02   -5.929518E+00    0.000000E+00    0.000000E+00    0.000000E+00    1.218761E-02   -1.490474E-02   -1.217919E-04    0.000000E+00    0.000000E+00    0.000000E+00
1.950000E-02   -3.874610E-02   -6.898805E-03   -6.316081E+00    0.000000E+00    0.000000E+00    0.000000E+00    9.768810E-03   -1.309098E-02   -5.631939E-04    0.000000E+00    0.000000E+00    0.000000E+00
2.050000E-02   -3.064543E-02   -1.273722E-02   -6.609977E+00    0.000000E+00    0.000000E+00    0.000000E+00    1.091676E-02   -9.536507E-03   -6.448272E-04    0.000000E+00    0.000000E+00    0.000000E+00
2.150000E-02   -2.429916E-02   -2.375983E-02   -6.887686E+00    0.000000E+00    0.000000E+00    0.000000E+00    1.502642E-02   -6.709901E-03   -5.333813E-04    0.000000E+00    0.000000E+00    0.000000E+00
2.250000E-02   -2.021368E-02   -2.763361E-02   -7.192470E+00    0.000000E+00    0.000000E+00    0.000000E+00    1.683896E-02   -4.733360E-03   -7.037094E-04    0.000000E+00    0.000000E+00    0.000000E+00
2.350000E-02   -1.494589E-02   -2.471526E-02   -7.503134E+00    0.000000E+00    0.000000E+00    0.000000E+00    1.610277E-02   -2.201700E-03   -1.293131E-03    0.000000E+00    0.000000E+00    0.000000E+00
2.450000E-02   -7.969502E-03   -2.413679E-02   -7.791386E+00    0.000000E+00    0.000000E+00    0.000000E+00    1.616353E-02    6.762663E-04   -1.582239E-03    0.000000E+00    0.000000E+00    0.000000E+00
2.550000E-02   -2.072319E-04   -2.729793E-02   -8.054385E+00    0.000000E+00    0.000000E+00    0.000000E+00    1.738160E-02    3.605346E-03   -1.881725E-03    0.000000E+00    0.000000E+00    0.000000E+00
2.650000E-02    6.236770E-03   -3.104529E-02   -8.301856E+00    0.000000E+00    0.000000E+00    0.000000E+00    1.872149E-02    5.958811E-03   -2.181641E-03    0.000000E+00    0.000000E+00    0.000000E+00
2.750000E-02    1.195401E-02   -3.338671E-02   -8.537730E+00    0.000000E+00    0.000000E+00    0.000000E+00    1.949787E-02    8.022528E-03   -2.477297E-03    0.000000E+00    0.000000E+00    0.000000E+00
2.850000E-02    1.820396E-02   -3.457818E-02   -8.758120E+00    0.000000E+00    0.000000E+00    0.000000E+00    1.982050E-02    1.029686E-02   -2.781389E-03    0.000000E+00    0.000000E+00    0.000000E+00
2.950000E-02    2.461930E-02   -3.585148E-02   -8.959349E+00    0.000000E+00    0.000000E+00    0.000000E+00    2.011246E-02    1.258571E-02   -3.087073E-03    0.000000E+00    0.000000E+00    0.000000E+00
3.050000E-02    2.996511E-02   -3.742462E-02   -9.136842E+00    0.000000E+00    0.000000E+00    0.000000E+00    2.044271E-02    1.440746E-02   -3.370009E-03    0.000000E+00    0.000000E+00    0.000000E+00
3.150000E-02    3.551570E-02   -3.965491E-02   -9.303613E+00    0.000000E+00    0.000000E+00    0.000000E+00    2.101606E-02    1.615043E-02   -3.632841E-03    0.000000E+00    0.000000E+00    0.000000E+00
3.250000E-02    4.085453E-02   -4.175942E-02   -9.455892E+00    0.000000E+00    0.000000E+00    0.000000E+00    2.156742E-02    1.771330E-02   -3.875632E-03    0.000000E+00    0.000000E+00    0.000000E+00
3.350000E-02    4.530710E-02   -4.356459E-02   -9.591403E+00    0.000000E+00    0.000000E+00    0.000000E+00    2.202042E-02    1.892896E-02   -4.086786E-03    0.000000E+00    0.000000E+00    0.000000E+00
3.450000E-02    4.879406E-02   -4.573934E-02   -9.710073E+00    0.000000E+00    0.000000E+00    0.000000E+00    2.258685E-02    1.978053E-02   -4.259607E-03    0.000000E+00    0.000000E+00    0.000000E+00
3.550000E-02    5.143071E-02   -4.857694E-02   -9.815122E+00    0.000000E+00    0.000000E+00    0.000000E+00    2.332473E-02    2.028606E-02   -4.392756E-03    0.000000E+00    0.000000E+00    0.000000E+00
3.650000E-02    5.234711E-02   -5.161640E-02   -9.910213E+00    0.000000E+00    0.000000E+00    0.000000E+00    2.404276E-02    1.998713E-02   -4.286571E-03    0.000000E+00    0.000000E+00    0.000000E+00
3.750000E-02    5.400369E-02   -5.555005E-02   -9.997260E+00    0.000000E+00    0.000000E+00    0.000000E+00    2.511551E-02    2.003796E-02   -4.516235E-03    0.000000E+00    0.000000E+00    0.000000E+00
3.850000E-02    5.452631E-02   -5.533775E-02   -1.007645E+01    0.000000E+00    0.000000E+00    0.000000E+00    2.598291E-02    1.950941E-02   -4.497139E-03    0.000000E+00    0.000000E+00    0.000000E+00
3.950000E-02    5.044506E-02   -5.917954E-02   -1.014853E+01    0.000000E+00    0.000000E+00    0.000000E+00    2.676899E-02    1.870527E-02   -4.537419E-03    0.000000E+00    0.000000E+00    0.000000E+00
4.050000E-02    4.877571E-02   -6.210968E-02   -1.021398E+01    0.000000E+00    0.000000E+00    0.000000E+00    2.738880E-02    1.755546E-02   -4.453654E-03    0.000000E+00    0.000000E+00    0.000000E+00
4.150000E-02    5.031054E-02   -6.908013E-02   -1.027297E+01    0.000000E+00    0.000000E+00    0.000000E+00    2.784138E-02    1.610909E-02   -4.356703E-03    0.000000E+00    0.000000E+00    0.000000E+00
4.250000E-02    4.751464E-02   -7.150633E-02   -1.032736E+01    0.000000E+00    0.000000E+00    0.000000E+00    2.813052E-02    1.446047E-02   -4.239448E-03    0.000000E+00    0.000000E+00    0.000000E+00
4.350000E-02    3.888557E-02   -6.570725E-02   -1.037683E+01    0.000000E+00    0.000000E+00    0.000000E+00    2.798778E-02    1.155941E-02   -3.641989E-03    0.000000E+00    0.000000E+00    0.000000E+00
4.450000E-02    3.570104E-02   -6.734485E-02   -1.042307E+01    0.000000E+00    0.000000E+00    0.000000E+00    2.821987E-02    1.002815E-02   -3.865129E-03    0.000000E+00    0.000000E+00    0.000000E+00
4.550000E-02    3.113568E-02   -6.770292E-02   -1.046592E+01    0.000000E+00    0.000000E+00    0.000000E+00    2.789691E-02    7.850031E-03   -3.814451E-03    0.000000E+00    0.000000E+00    0.000000E+00
4.650000E-02    2.899485E-02   -7.102289E-02   -1.050560E+01    0.000000E+00    0.000000E+00    0.000000E+00    2.750162E-02    5.699744E-03   -3.686442E-03    0.000000E+00    0.000000E+00    0.000000E+00
4.750000E-02    2.002909E-02   -7.006645E-02   -1.054287E+01    0.000000E+00    0.000000E+00    0.000000E+00    2.708720E-02    3.525795E-03   -3.577175E-03    0.000000E+00    0.000000E+00    0.000000E+00
4.850000E-02    1.625985E-02   -6.925826E-02   -1.057566E+01    0.000000E+00    0.000000E+00    0.000000E+00    2.657165E-02    1.747471E-03   -3.611131E-03    0.000000E+00    0.000000E+00    0.000000E+00
4.950000E-02    1.596825E-02   -6.844858E-02   -1.061323E+01    0.000000E+00    0.000000E+00    0.000000E+00    2.572726E-02   -5.010455E-04   -3.800032E-03    0.000000E+00    0.000000E+00    0.000000E+00
5.050000E-02    1.230646E-02   -6.812461E-02   -1.064617E+01    0.000000E+00    0.000000E+00    0.000000E+00    2.530900E-02   -2.153578E-03   -3.918154E-03    0.000000E+00    0.000000E+00    0.000000E+00
5.150000E-02    9.433354E-03   -6.747042E-02   -1.067592E+01    0.000000E+00    0.000000E+00    0.000000E+00    2.496892E-02   -3.493596E-03   -4.053707E-03    0.000000E+00    0.000000E+00    0.000000E+00
5.250000E-02    4.124332E-03   -6.206404E-02   -1.070578E+01    0.000000E+00    0.000000E+00    0.000000E+00    2.438936E-02   -4.796330E-03   -4.316465E-03    0.000000E+00    0.000000E+00    0.000000E+00
5.350000E-02    2.005559E-03   -6.049641E-02   -1.073289E+01    0.000000E+00    0.000000E+00    0.000000E+00    2.390814E-02   -5.758101E-03   -4.463060E-03    0.000000E+00    0.000000E+00    0.000000E+00
5.450000E-02    2.758931E-05   -5.946510E-02   -1.076031E+01    0.000000E+00    0.000000E+00    0.000000E+00    2.375251E-02   -6.617365E-03   -4.450990E-03    0.000000E+00    0.000000E+00    0.000000E+00
5.550000E-02    1.557208E-03   -6.155849E-02   -1.078732E+01    0.000000E+00    0.000000E+00    0.000000E+00    2.322832E-02   -7.184142E-03   -4.743279E-03    0.000000E+00    0.000000E+00    0.000000E+00
5.650000E-02    5.162618E-04   -5.945722E-02   -1.081302E+01    0.000000E+00    0.000000E+00    0.000000E+00    2.278335E-02   -7.570623E-03   -4.887870E-03    0.000000E+00    0.000000E+00    0.000000E+00
5.750000E-02    2.473473E-04   -5.648403E-02   -1.084073E+01    0.000000E+00    0.000000E+00    0.000000E+00    2.223927E-02   -7.652033E-03   -4.780485E-03    0.000000E+00    0.000000E+00    0.000000E+00
5.850000E-02    7.887723E-04   -5.445497E-02   -1.086371E+01    0.000000E+00    0.000000E+00    0.000000E+00    2.187380E-02   -7.499050E-03   -4.867769E-03    0.000000E+00    0.000000E+00    0.000000E+00
5.950000E-02    1.582886E-03   -5.008591E-02   -1.088705E+01    0.000000E+00    0.000000E+00    0.000000E+00    2.131609E-02   -7.247680E-03   -4.956257E-03    0.000000E+00    0.000000E+00    0.000000E+00
6.050000E-02    3.137116E-03   -4.810029E-02   -1.090745E+01    0.000000E+00    0.000000E+00    0.000000E+00    2.096307E-02   -6.762450E-03   -5.014925E-03    0.000000E+00    0.000000E+00    0.000000E+00
6.150000E-02    5.347521E-03   -4.459663E-02   -1.093025E+01    0.000000E+00    0.000000E+00    0.000000E+00    2.023741E-02   -6.017664E-03   -5.081488E-03    0.000000E+00    0.000000E+00    0.000000E+00
6.250000E-02    6.769762E-03   -4.245662E-02   -1.094677E+01    0.000000E+00    0.000000E+00    0.000000E+00    1.990695E-02   -5.513299E-03   -5.106981E-03    0.000000E+00    0.000000E+00    0.000000E+00
6.350000E-02    4.660478E-03   -4.272476E-02   -1.096502E+01    0.000000E+00    0.000000E+00    0.000000E+00    1.954460E-02   -4.772881E-03   -5.252199E-03    0.000000E+00    0.000000E+00    0.000000E+00
6.450000E-02    7.127147E-03   -3.929666E-02   -1.098454E+01    0.000000E+00    0.000000E+00    0.000000E+00    1.904257E-02   -3.879870E-03   -5.256516E-03    0.000000E+00    0.000000E+00    0.000000E+00
6.550000E-02    1.329911E-02   -3.840209E-02   -1.100306E+01    0.000000E+00    0.000000E+00    0.000000E+00    1.852315E-02   -3.014539E-03   -5.135380E-03    0.000000E+00    0.000000E+00    0.000000E+00
6.650000E-02    1.530945E-02   -3.491887E-02   -1.101865E+01    0.000000E+00    0.000000E+00    0.000000E+00    1.801884E-02   -2.251239E-03   -5.134445E-03    0.000000E+00    0.000000E+00    0.000000E+00
6.750000E-02    1.715826E-02   -3.166614E-02   -1.103252E+01    0.000000E+00    0.000000E+00    0.000000E+00    1.755279E-02   -1.543317E-03   -5.128337E-03    0.000000E+00    0.000000E+00    0.000000E+00
6.850000E-02    1.854875E-02   -3.024664E-02   -1.104572E+01    0.000000E+00    0.000000E+00    0.000000E+00    1.792522E-02   -1.047161E-03   -4.749248E-03    0.000000E+00    0.000000E+00    0.000000E+00
6.950000E-02    2.082607E-02   -2.667083E-02   -1.105871E+01    0.000000E+00    0.000000E+00    0.000000E+00    1.719666E-02   -1.476437E-04   -4.942048E-03    0.000000E+00    0.000000E+00    0.000000E+00
7.050000E-02    2.276950E-02   -2.395460E-02   -1.107163E+01    0.000000E+00    0.000000E+00    0.000000E+00    1.687355E-02    5.333487E-04   -4.937562E-03    0.000000E+00    0.000000E+00    0.000000E+00
7.150000E-02    2.487765E-02   -2.130525E-02   -1.108446E+01    0.000000E+00    0.000000E+00    0.000000E+00    1.658449E-02    1.234766E-03   -4.934101E-03    0.000000E+00    0.000000E+00    0.000000E+00
7.250000E-02    2.708623E-02   -1.872830E-02   -1.109712E+01    0.000000E+00    0.000000E+00    0.000000E+00    1.631737E-02    1.937842E-03   -4.928722E-03    0.000000E+00    0.000000E+00    0.000000E+00
7.350000E-02    2.932941E-02   -1.619094E-02   -1.110946E+01    0.000000E+00    0.000000E+00    0.000000E+00    1.604204E-02    2.617810E-03   -4.920822E-03    0.000000E+00    0.000000E+00    0.000000E+00
7.450000E-02    3.150878E-02   -1.367293E-02   -1.112136E+01    0.000000E+00    0.000000E+00    0.000000E+00    1.575142E-02    3.250627E-03   -4.909658E-03    0.000000E+00    0.000000E+00    0.000000E+00
7.550000E-02    3.359407E-02   -1.117337E-02   -1.113254E+01    0.000000E+00    0.000000E+00    0.000000E+00    1.545025E-02    3.845220E-03   -4.898207E-03    0.000000E+00    0.000000E+00    0.000000E+00
7.650000E-02    3.556383E-02   -8.761045E-03   -1.114299E+01    0.000000E+00    0.000000E+00    0.000000E+00    1.515096E-02    4.400927E-03   -4.888383E-03    0.000000E+00    0.000000E+00    0.000000E+00
7.750000E-02    3.735582E-02   -6.589695E-03   -1.115269E+01    0.000000E+00    0.000000E+00    0.000000E+00    1.492133E-02    4.867376E-03   -4.883283E-03    0.000000E+00    0.000000E+00    0.000000E+00
7.850000E-02    3.906729E-02   -4.526319E-03   -1.116220E+01    0.000000E+00    0.000000E+00    0.000000E+00    1.472170E-02    5.268898E-03   -4.876358E-03    0.000000E+00    0.000000E+00    0.000000E+00
7.950000E-02    4.075407E-02   -2.465406E-03   -1.117230E+01    0.000000E+00    0.000000E+00    0.000000E+00    1.451691E-02    5.627025E-03   -4.867251E-03    0.000000E+00    0.000000E+00    0.000000E+00
8.050000E-02    4.241834E-02   -5.349217E-04   -1.118258E+01    0.000000E+00    0.000000E+00    0.000000E+00    1.433921E-02    5.941064E-03   -4.858191E-03    0.000000E+00    0.000000E+00    0.000000E+00
8.150000E-02    4.370885E-02    2.241811E-03   -1.119224E+01    0.000000E+00    0.000000E+00    0.000000E+00    1.368193E-02    6.058375E-03   -5.094346E-03    0.000000E+00    0.000000E+00    0.000000E+00
8.250000E-02    4.510642E-02    3.919985E-03   -1.120121E+01    0.000000E+00    0.000000E+00    0.000000E+00    1.351102E-02    6.219506E-03   -5.087745E-03    0.000000E+00    0.000000E+00    0.000000E+00
8.350000E-02    4.637829E-02    5.601193E-03   -1.121000E+01    0.000000E+00    0.000000E+00    0.000000E+00    1.331157E-02    6.321315E-03   -5.080726E-03    0.000000E+00    0.000000E+00    0.000000E+00
8.450000E-02    4.853722E-02    8.850829E-03   -1.121897E+01    0.000000E+00    0.000000E+00    0.000000E+00    1.230224E-02    6.865482E-03   -5.507517E-03    0.000000E+00    0.000000E+00    0.000000E+00
8.550000E-02    4.965203E-02    1.029211E-02   -1.122812E+01    0.000000E+00    0.000000E+00    0.000000E+00    1.212645E-02    6.882895E-03   -5.498629E-03    0.000000E+00    0.000000E+00    0.000000E+00
8.650000E-02    5.087370E-02    1.301146E-02   -1.123678E+01    0.000000E+00    0.000000E+00    0.000000E+00    1.194049E-02    6.851356E-03   -5.453895E-03    0.000000E+00    0.000000E+00    0.000000E+00
8.750000E-02    5.161686E-02    1.423265E-02   -1.124539E+01    0.000000E+00    0.000000E+00    0.000000E+00    1.175762E-02    6.759042E-03   -5.446831E-03    0.000000E+00    0.000000E+00    0.000000E+00
8.850000E-02    5.242760E-02    1.638953E-02   -1.125379E+01    0.000000E+00    0.000000E+00    0.000000E+00    1.155072E-02    6.605101E-03   -5.416655E-03    0.000000E+00    0.000000E+00    0.000000E+00
8.950000E-02    5.337876E-02    1.653381E-02   -1.126225E+01    0.000000E+00    0.000000E+00    0.000000E+00    1.181648E-02    6.691780E-03   -5.148689E-03    0.000000E+00    0.000000E+00    0.000000E+00
9.050000E-02    5.136372E-02    1.805142E-02   -1.127039E+01    0.000000E+00    0.000000E+00    0.000000E+00    1.162701E-02    6.451475E-03   -5.081346E-03    0.000000E+00    0.000000E+00    0.000000E+00
9.150000E-02    5.159821E-02    1.896080E-02   -1.127880E+01    0.000000E+00    0.000000E+00    0.000000E+00    1.144927E-02    6.199908E-03   -5.074093E-03    0.000000E+00    0.000000E+00    0.000000E+00
9.250000E-02    5.118662E-02    1.874820E-02   -1.128684E+01    0.000000E+00    0.000000E+00    0.000000E+00    1.128969E-02    5.899838E-03   -5.125797E-03    0.000000E+00    0.000000E+00    0.000000E+00
9.350000E-02    5.176593E-02    1.937620E-02   -1.129513E+01    0.000000E+00    0.000000E+00    0.000000E+00    1.114512E-02    5.582448E-03   -5.098406E-03    0.000000E+00    0.000000E+00    0.000000E+00
9.450000E-02    5.181946E-02    1.887330E-02   -1.130323E+01    0.000000E+00    0.000000E+00    0.000000E+00    1.102547E-02    5.221914E-03   -5.115867E-03    0.000000E+00    0.000000E+00    0.000000E+00
9.550000E-02    5.123340E-02    1.994268E-02   -1.131132E+01    0.000000E+00    0.000000E+00    0.000000E+00    1.090475E-02    4.836163E-03   -5.110717E-03    0.000000E+00    0.000000E+00    0.000000E+00
9.650000E-02    5.134121E-02    2.056308E-02   -1.131955E+01    0.000000E+00    0.000000E+00    0.000000E+00    1.079206E-02    4.430527E-03   -5.113836E-03    0.000000E+00    0.000000E+00    0.000000E+00
9.750000E-02    5.023324E-02    2.093207E-02   -1.132784E+01    0.000000E+00    0.000000E+00    0.000000E+00    1.068736E-02    3.997017E-03   -5.119295E-03    0.000000E+00    0.000000E+00    0.000000E+00
9.850000E-02    4.988155E-02    2.167344E-02   -1.133602E+01    0.000000E+00    0.000000E+00    0.000000E+00    1.058560E-02    3.554001E-03   -5.103791E-03    0.000000E+00    0.000000E+00    0.000000E+00
9.950000E-02    4.981985E-02    2.180950E-02   -1.134438E+01    0.000000E+00    0.000000E+00    0.000000E+00    1.050591E-02    3.114394E-03   -5.105663E-03    0.000000E+00    0.000000E+00    0.000000E+00
1.005000E-01   -5.041857E+00    2.137547E+01    1.559715E+02    0.000000E+00    0.000000E+00    0.000000E+00   -5.972378E+00   -1.090236E+00    1.260250E-01    0.000000E+00    0.000000E+00    0.000000E+00
1.015000E-01    8.629070E+00    2.052618E+01    7.778768E+01    0.000000E+00    0.000000E+00    0.000000E+00   -3.996178E+00    6.776878E-01    1.735801E+00    0.000000E+00    0.000000E+00    0.000000E+00
1.025000E-01    2.015290E+00   -2.599989E+01   -2.684153E+01    0.000000E+00    0.000000E+00    0.000000E+00    9.498108E+00    9.659311E-01    1.724749E+00    0.000000E+00    0.000000E+00    0.000000E+00
1.035000E-01   -2.982784E-01   -5.281444E+00    3.164791E+01    0.000000E+00    0.000000E+00    0.000000E+00    1.568358E+00    1.744199E+00    4.304457E+00    0.000000E+00    0.000000E+00    0.000000E+00
1.045000E-01   -1.717921E+01   -8.991097E-01    4.169627E+01    0.000000E+00    0.000000E+00    0.000000E+00   -8.545071E-01   -3.415077E+00    3.923185E+00    0.000000E+00    0.000000E+00    0.000000E+00
1.055000E-01    1.192822E+01    1.327016E+01    2.844991E+01    0.000000E+00    0.000000E+00    0.000000E+00   -5.426174E+00    5.571240E+00    2.783147E+00    0.000000E+00    0.000000E+00    0.000000E+00
1.065000E-01    1.090252E+01    1.550177E+01    3.747665E+01    0.000000E+00    0.000000E+00    0.000000E+00   -6.601577E+00    7.725214E+00    5.173609E+00    0.000000E+00    0.000000E+00    0.000000E+00
1.075000E-01    1.779697E+00    2.384247E+01    1.786505E+01    0.000000E+00    0.000000E+00    0.000000E+00   -8.714836E+00    1.480663E+00    4.051160E+00    0.000000E+00    0.000000E+00    0.000000E+00
1.085000E-01   -1.406540E+01    3.704851E+01    2.069745E+01    0.000000E+00    0.000000E+00    0.000000E+00   -1.430316E+01   -3.933813E+00    1.756403E+00    0.000000E+00    0.000000E+00    0.000000E+00
1.095000E-01   -1.989799E+01    3.380726E+01    3.421051E+01    0.000000E+00    0.000000E+00    0.000000E+00   -1.272404E+01   -7.235532E+00    2.729904E+00    0.000000E+00    0.000000E+00    0.000000E+00
1.105000E-01    9.453169E+00    4.464803E+01    2.699390E+01    0.000000E+00    0.000000E+00    0.000000E+00   -1.733131E+01    3.298408E+00    4.486688E+00    0.000000E+00    0.000000E+00    0.000000E+00
1.115000E-01   -9.120877E+00    1.358136E+01    2.184937E+01    0.000000E+00    0.000000E+00    0.000000E+00   -4.757745E+00   -3.837051E+00    3.749277E+00    0.000000E+00    0.000000E+00    0.000000E+00
1.125000E-01   -1.143152E+01    2.608683E+00   -2.333001E+00    0.000000E+00    0.000000E+00    0.000000E+00   -4.150241E-01   -4.657651E+00    2.043461E+00    0.000000E+00    0.000000E+00    0.000000E+00
1.135000E-01   -9.469450E+00   -1.383322E+01   -1.519104E+01    0.000000E+00    0.000000E+00    0.000000E+00    6.297097E+00   -3.933747E+00    1.155787E+00    0.000000E+00    0.000000E+00    0.000000E+00
1.145000E-01   -9.993020E-01   -1.100774E+01   -1.599910E+01    0.000000E+00    0.000000E+00    0.000000E+00    5.049474E+00   -4.038380E-01    6.062697E-01    0.000000E+00    0.000000E+00    0.000000E+00
1.155000E-01   -5.124989E+00   -1.994236E+01   -1.530639E+01    0.000000E+00    0.000000E+00    0.000000E+00    8.293499E+00   -2.124672E+00    8.462460E-01    0.000000E+00    0.000000E+00    0.000000E+00
1.165000E-01   -6.967501E+00   -5.200770E+00   -2.050517E+01    0.000000E+00    0.000000E+00    0.000000E+00    2.431344E+00   -4.010751E+00   -1.336293E+00    0.000000E+00    0.000000E+00    0.000000E+00
1.175000E-01    6.203324E-01   -4.012159E+00   -1.553419E+01    0.000000E+00    0.000000E+00    0.000000E+00    1.263217E+00    6.082507E-03    3.303805E-02    0.000000E+00    0.000000E+00    0.000000E+00
1.185000E-01   -1.067307E+01    1.222432E+01    2.239435E+01    0.000000E+00    0.000000E+00    0.000000E+00   -5.111865E+00   -3.918463E+00    3.781630E-01    0.000000E+00    0.000000E+00    0.000000E+00
1.195000E-01    7.238402E+00   -9.952941E+00   -2.179473E+01    0.000000E+00    0.000000E+00    0.000000E+00    4.458277E+00    8.679335E-01   -2.292542E-01    0.000000E+00    0.000000E+00    0.000000E+00
1.205000E-01    5.626121E+00    1.704563E+01   -1.546803E+01    0.000000E+00    0.000000E+00    0.000000E+00   -7.619661E+00    8.610991E-01   -1.484361E+00    0.000000E+00    0.000000E+00    0.000000E+00
1.215000E-01    2.129637E+01    6.910906E+00   -1.932874E+01    0.000000E+00    0.000000E+00    0.000000E+00   -2.514279E+00    7.717503E+00   -1.135562E+00    0.000000E+00    0.000000E+00    0.000000E+00
1.225000E-01    1.062928E+01    3.640105E+00   -2.188640E+01    0.000000E+00    0.000000E+00    0.000000E+00   -1.686885E+00    3.201255E+00   -9.284970E-01    0.000000E+00    0.000000E+00    0.000000E+00
1.235000E-01   -2.441964E+00    5.454293E-01    4.174007E+00    0.000000E+00    0.000000E+00    0.000000E+00   -6.647897E-02   -5.626094E-01    5.245690E-01    0.000000E+00    0.000000E+00    0.000000E+00
1.245000E-01    5.071728E+00    3.170059E+00   -1.034427E+01    0.000000E+00    0.000000E+00    0.000000E+00   -9.463675E-01    1.183723E+00    5.675815E-01    0.000000E+00    0.000000E+00    0.000000E+00
1.255000E-01    2.309309E+01    1.487589E+01   -4.709451E+01    0.000000E+00    0.000000E+00    0.000000E+00   -7.038886E+00    6.620736E+00   -2.110372E+00    0.000000E+00    0.000000E+00    0.000000E+00
1.265000E-01    1.350132E+01    6.120587E+00   -4.625904E+01    0.000000E+00    0.000000E+00    0.000000E+00   -2.900460E+00    2.126519E+00   -1.673581E+00    0.000000E+00    0.000000E+00    0.000000E+00
1.275000E-01    6.790217E+00    3.986511E+00   -2.355204E+01    0.000000E+00    0.000000E+00    0.000000E+00   -1.603294E+00    9.112854E-01   -9.831438E-01    0.000000E+00    0.000000E+00    0.000000E+00
1.285000E-01   -5.573293E+00   -5.169901E+00    5.788266E-02    0.000000E+00    0.000000E+00    0.000000E+00    3.349201E+00   -3.223528E+00    1.160750E+00    0.000000E+00    0.000000E+00    0.000000E+00
1.295000E-01    5.068342E+00    6.967384E-01   -3.441572E+01    0.000000E+00    0.000000E+00    0.000000E+00   -6.808374E-01   -1.357547E+00   -1.098235E+00    0.000000E+00    0.000000E+00    0.000000E+00
1.305000E-01    1.012342E+00   -4.184299E+00   -1.449639E+01    0.000000E+00    0.000000E+00    0.000000E+00    2.932506E+00   -1.503429E+00   -8.252380E-01    0.000000E+00    0.000000E+00    0.000000E+00
1.315000E-01    6.127805E+00    5.355557E+00   -1.511488E+01    0.000000E+00    0.000000E+00    0.000000E+00   -2.220227E+00    9.726311E-01   -3.931472E-01    0.000000E+00    0.000000E+00    0.000000E+00
1.325000E-01    1.517155E+01   -8.180529E+00   -5.884929E+01    0.000000E+00    0.000000E+00    0.000000E+00    5.866381E+00    2.054771E+00    1.948341E-01    0.000000E+00    0.000000E+00    0.000000E+00
1.335000E-01    9.898215E+00   -7.323340E+00   -4.467400E+01    0.000000E+00    0.000000E+00    0.000000E+00    5.407472E+00    9.276977E-01    1.055236E+00    0.000000E+00    0.000000E+00    0.000000E+00
1.345000E-01    1.209912E+01    2.145837E+00   -1.458963E+01    0.000000E+00    0.000000E+00    0.000000E+00   -1.023046E+00    5.332956E+00    8.740615E-01    0.000000E+00    0.000000E+00    0.000000E+00
1.355000E-01   -9.755198E-01   -1.117118E+00   -3.435842E+01    0.000000E+00    0.000000E+00    0.000000E+00    1.282814E+00   -4.027388E+00    1.839832E-01    0.000000E+00    0.000000E+00    0.000000E+00
1.365000E-01    1.596073E+01    9.744686E+00   -3.015088E+01    0.000000E+00    0.000000E+00    0.000000E+00   -5.976461E+00    7.344610E+00   -6.980427E-01    0.000000E+00    0.000000E+00    0.000000E+00
1.375000E-01   -6.864462E+00   -4.591873E+00   -1.515504E+01    0.000000E+00    0.000000E+00    0.000000E+00    2.193843E+00   -5.475486E+00   -6.077857E-01    0.000000E+00    0.000000E+00    0.000000E+00
1.385000E-01    1.878976E+01    4.166643E+00   -4.611162E+01    0.000000E+00    0.000000E+00    0.000000E+00   -2.680011E+00    7.978522E+00   -1.230577E+00    0.000000E+00    0.000000E+00    0.000000E+00
1.395000E-01   -5.434237E+00   -2.365138E+00    9.827324E+00    0.000000E+00    0.000000E+00    0.000000E+00    2.430905E+00   -2.504640E+00   -2.496129E-01    0.000000E+00    0.000000E+00    0.000000E+00
1.405000E-01    2.604931E+00   -9.561970E+00   -4.951765E+01    0.000000E+00    0.000000E+00    0.000000E+00    6.591552E+00   -1.809923E+00   -1.162213E+00    0.000000E+00    0.000000E+00    0.000000E+00
1.415000E-01    1.578652E+01    1.938165E+01   -2.149183E+01    0.000000E+00    0.000000E+00    0.000000E+00   -1.324786E+01    7.363906E+00   -5.090760E+00    0.000000E+00    0.000000E+00    0.000000E+00
1.425000E-01    3.293800E+01    2.743014E+01   -2.067590E+01    0.000000E+00    0.000000E+00    0.000000E+00   -1.736451E+01    1.748823E+01    9.952782E-01    0.000000E+00    0.000000E+00    0.000000E+00
1.435000E-01    2.742375E+01    1.788267E+01   -3.031357E+01    0.000000E+00    0.000000E+00    0.000000E+00   -1.269988E+01    1.510154E+01   -6.059568E-01    0.000000E+00    0.000000E+00    0.000000E+00
1.445000E-01    2.506045E+01    3.447863E+00   -3.620912E+01    0.000000E+00    0.000000E+00    0.000000E+00   -3.567930E+00    1.675941E+01    8.163503E-01    0.000000E+00    0.000000E+00    0.000000E+00
1.455000E-01    1.273054E+01   -5.489681E+00   -5.637714E+01    0.000000E+00    0.000000E+00    0.000000E+00    5.829366E+00    4.317383E+00    3.007417E-01    0.000000E+00    0.000000E+00    0.000000E+00
1.465000E-01   -7.541240E-01   -4.622131E+00    9.332271E-01    0.000000E+00    0.000000E+00    0.000000E+00    2.065434E+00    2.564724E-01    1.865555E+00    0.000000E+00    0.000000E+00    0.000000E+00
1.475000E-01    1.475118E+01    4.033566E+00   -5.272487E+01    0.000000E+00    0.000000E+00    0.000000E+00    1.055276E-02    4.176146E+00   -2.076759E+00    0.000000E+00    0.000000E+00    0.000000E+00
1.485000E-01    6.731668E+00    4.365121E+00   -4.476449E+01    0.000000E+00    0.000000E+00    0.000000E+00   -5.688198E-01    1.360718E+00   -3.652293E-01    0.000000E+00    0.000000E+00    0.000000E+00
1.495000E-01    4.704460E+00   -5.747690E+00   -3.147316E+01    0.000000E+00    0.000000E+00    0.000000E+00    5.267693E+00    2.124082E+00    7.945491E-02    0.000000E+00    0.000000E+00    0.000000E+00
1.505000E-01    1.553702E+01    1.034466E+01   -3.268994E+01    0.000000E+00    0.000000E+00    0.000000E+00   -6.526892E+00    7.840445E+00   -3.037089E+00    0.000000E+00    0.000000E+00    0.000000E+00
1.515000E-01    1.214794E+01   -2.379957E+00   -2.554582E+01    0.000000E+00    0.000000E+00    0.000000E+00    3.197536E+00    7.344006E+00   -6.705786E-01    0.000000E+00    0.000000E+00    0.000000E+00
1.525000E-01   -1.323204E+00   -7.765682E+00   -3.514253E+01    0.000000E+00    0.000000E+00    0.000000E+00    7.171246E+00   -6.608563E+00   -1.710902E+00    0.000000E+00    0.000000E+00    0.000000E+00
1.535000E-01    1.596917E+01    7.064499E+00   -5.076967E+01    0.000000E+00    0.000000E+00    0.000000E+00   -6.744608E-01    3.415696E+00   -9.698366E-01    0.000000E+00    0.000000E+00    0.000000E+00
1.545000E-01    1.376342E+01    5.805996E+00   -5.332101E+01    0.000000E+00    0.000000E+00    0.000000E+00   -1.990229E+00    4.130699E+00   -2.024159E-01    0.000000E+00    0.000000E+00    0.000000E+00
1.555000E-01    1.988658E+01    1.145113E+01   -3.972710E+01    0.000000E+00    0.000000E+00    0.000000E+00   -6.841169E+00    1.038529E+01   -2.665930E+00    0.000000E+00    0.000000E+00    0.000000E+00
1.565000E-01    1.960476E+01    1.077651E+01   -4.822080E+01    0.000000E+00    0.000000E+00    0.000000E+00   -4.448320E+00    9.635436E+00   -2.336624E-01    0.000000E+00    0.000000E+00    0.000000E+00
1.575000E-01    1.289901E+01    8.270718E+00   -6.474894E+01    0.000000E+00    0.000000E+00    0.000000E+00   -1.368199E+00    9.488157E-01   -1.670613E+00    0.000000E+00    0.000000E+00    0.000000E+00
1.585000E-01   -1.239373E+01    3.153325E+00   -4.051632E+01    0.000000E+00    0.000000E+00    0.000000E+00    1.399677E-01   -1.579025E+01   -2.195840E+00    0.000000E+00    0.000000E+00    0.000000E+00
1.595000E-01    9.863656E+00    5.163354E+00   -4.239297E+01    0.000000E+00    0.000000E+00    0.000000E+00    3.367295E-01    3.734771E+00   -2.072435E-01    0.000000E+00    0.000000E+00    0.000000E+00
1.605000E-01    1.251277E+00    1.877726E+01   -3.606510E+01    0.000000E+00    0.000000E+00    0.000000E+00   -1.150914E+01   -2.715478E+00   -2.633134E+00    0.000000E+00    0.000000E+00    0.000000E+00
1.615000E-01    8.773800E+00    1.554508E+01   -1.528049E+01    0.000000E+00    0.000000E+00    0.000000E+00   -9.845963E+00    6.977278E+00   -3.956075E+00    0.000000E+00    0.000000E+00    0.000000E+00
1.625000E-01    1.980983E+00    1.131319E+01   -8.708822E+01    0.000000E+00    0.000000E+00    0.000000E+00    3.987017E-01   -7.130486E+00   -3.472095E+00    0.000000E+00    0.000000E+00    0.000000E+00
1.635000E-01   -1.942545E+01   -1.222116E+01   -5.539635E+01    0.000000E+00    0.000000E+00    0.000000E+00    1.523786E+01   -2.077136E+01   -3.913701E+00    0.000000E+00    0.000000E+00    0.000000E+00
1.645000E-01   -3.898954E+01   -3.043597E+01   -1.407221E+02    0.000000E+00    0.000000E+00    0.000000E+00    3.690543E+01   -4.555691E+01   -5.373138E+00    0.000000E+00    0.000000E+00    0.000000E+00
1.655000E-01   -4.773900E-01    1.275315E+01   -1.179993E+02    0.000000E+00    0.000000E+00    0.000000E+00   -2.235133E+00   -1.794247E+01   -7.165127E+00    0.000000E+00    0.000000E+00    0.000000E+00
1.665000E-01    1.813264E+01   -8.402688E-01   -5.262651E+01    0.000000E+00    0.000000E+00    0.000000E+00    3.319181E+00    6.095978E+00   -3.362823E+00    0.000000E+00    0.000000E+00    0.000000E+00
1.675000E-01    1.804459E+01    3.774222E+00   -4.134814E+00    0.000000E+00    0.000000E+00    0.000000E+00   -3.116357E+00    1.208431E+01   -9.591971E-01    0.000000E+00    0.000000E+00    0.000000E+00
1.685000E-01   -4.761578E+00   -4.943897E+00   -4.316823E+01    0.000000E+00    0.000000E+00    0.000000E+00    6.725402E+00   -9.189820E+00   -3.318766E+00    0.000000E+00    0.000000E+00    0.000000E+00
1.695000E-01   -2.301683E+00    5.032493E+00   -1.148199E+02    0.000000E+00    0.000000E+00    0.000000E+00    7.093421E+00   -1.386541E+01   -4.311350E+00    0.000000E+00    0.000000E+00    0.000000E+00
1.705000E-01   -4.836673E+00   -1.523787E+01   -8.192354E+01    0.000000E+00    0.000000E+00    0.000000E+00    1.608956E+01   -9.643825E+00    1.163384E+00    0.000000E+00    0.000000E+00    0.000000E+00
1.715000E-01    1.783978E+00    3.149413E+00   -5.717978E+01    0.000000E+00    0.000000E+00    0.000000E+00    1.339849E+00   -4.802334E+00   -4.128439E+00    0.000000E+00    0.000000E+00    0.000000E+00
1.725000E-01   -6.696615E+00    3.925665E+00   -2.531014E+01    0.000000E+00    0.000000E+00    0.000000E+00   -4.246323E+00   -8.094218E+00   -4.193079E+00    0.000000E+00    0.000000E+00    0.000000E+00
1.735000E-01    4.302259E+00    1.065685E+00   -3.448775E+01    0.000000E+00    0.000000E+00    0.000000E+00    1.230594E+00    2.051408E-01    2.131711E-01    0.000000E+00    0.000000E+00    0.000000E+00
1.745000E-01   -2.025682E-01   -2.592257E+00   -1.630798E+00    0.000000E+00    0.000000E+00    0.000000E+00   -2.147693E+00    5.129826E-01    5.652312E-02    0.000000E+00    0.000000E+00    0.000000E+00
1.755000E-01    1.582910E+01   -2.004780E+01   -5.868986E+01    0.000000E+00    0.000000E+00    0.000000E+00    2.027800E+01    9.384221E+00    4.611068E+00    0.000000E+00    0.000000E+00    0.000000E+00
1.765000E-01    9.040291E+00   -1.817527E+01   -5.390707E+01    0.000000E+00    0.000000E+00    0.000000E+00    1.720735E+01    3.748747E-01    2.693545E+00    0.000000E+00    0.000000E+00    0.000000E+00
1.775000E-01   -6.811881E-01   -2.580868E+01   -7.590546E+01    0.000000E+00    0.000000E+00    0.000000E+00    2.688372E+01   -8.310577E+00    2.431485E+00    0.000000E+00    0.000000E+00    0.000000E+00
1.785000E-01    1.158007E+01   -1.948273E+01   -2.681347E+01    0.000000E+00    0.000000E+00    0.000000E+00    1.932810E+01    5.322501E+00    3.878266E+00    0.000000E+00    0.000000E+00    0.000000E+00
1.795000E-01   -1.608245E+01   -4.492355E+00   -8.409939E+01    0.000000E+00    0.000000E+00    0.000000E+00    1.307868E+01   -2.424150E+01   -3.702065E+00    0.000000E+00    0.000000E+00    0.000000E+00
1.805000E-01   -2.246926E+01   -1.155006E+01   -3.949239E+01    0.000000E+00    0.000000E+00    0.000000E+00    1.376275E+01   -2.301078E+01    6.624540E-02    0.000000E+00    0.000000E+00    0.000000E+00
1.815000E-01    2.810933E+00    8.999479E+00   -1.947416E+01    0.000000E+00    0.000000E+00    0.000000E+00    1.377395E+00   -5.561316E+00    2.174629E-02    0.000000E+00    0.000000E+00    0.000000E+00
1.825000E-01   -4.511531E+01   -1.505601E+01   -5.610849E+01    0.000000E+00    0.000000E+00    0.000000E+00    1.854821E+01   -3.769211E+01   -5.789378E+00    0.000000E+00    0.000000E+00    0.000000E+00
1.835000E-01    3.339990E+01   -2.775376E+01   -4.769519E+01    0.000000E+00    0.000000E+00    0.000000E+00    2.712313E+01    2.934377E+01    5.436307E+00    0.000000E+00    0.000000E+00    0.000000E+00
1.845000E-01    2.905460E+01    1.522458E+01   -2.823314E+01    0.000000E+00    0.000000E+00    0.000000E+00   -7.991192E+00    1.580034E+01    2.144804E-01    0.000000E+00    0.000000E+00    0.000000E+00
1.855000E-01    6.272753E+01    2.134796E+01   -1.659013E+02    0.000000E+00    0.000000E+00    0.000000E+00    4.262222E+00    2.802196E+01    1.206015E+00    0.000000E+00    0.000000E+00    0.000000E+00
1.865000E-01    3.312487E+01   -2.260038E+01   -1.799074E+01    0.000000E+00    0.000000E+00    0.000000E+00    2.219337E+01    2.241050E+01    1.756294E+00    0.000000E+00    0.000000E+00    0.000000E+00
1.875000E-01    1.476681E+01   -5.387437E+00   -1.025639E+02    0.000000E+00    0.000000E+00    0.000000E+00    1.964964E+01    2.026212E+00   -2.537984E+00    0.000000E+00    0.000000E+00    0.000000E+00
1.885000E-01    7.230015E+00    1.128066E+01   -1.777439E+02    0.000000E+00    0.000000E+00    0.000000E+00    1.367352E+01   -1.650015E+01   -6.560600E+00    0.000000E+00    0.000000E+00    0.000000E+00
1.895000E-01    1.663709E+01    3.994159E+01   -1.170711E+02    0.000000E+00    0.000000E+00    0.000000E+00   -1.456820E+01   -4.346839E+00   -4.053796E+00    0.000000E+00    0.000000E+00    0.000000E+00
1.905000E-01    1.511413E+01    2.357452E+00   -2.490141E+02    0.000000E+00    0.000000E+00    0.000000E+00    2.523792E+01   -1.928025E+01    1.137524E+00    0.000000E+00    0.000000E+00    0.000000E+00
1.915000E-01    1.413230E+01   -4.875963E+01   -1.612173E+02    0.000000E+00    0.000000E+00    0.000000E+00    4.697038E+01   -8.427168E+00    2.176206E+00    0.000000E+00    0.000000E+00    0.000000E+00
1.925000E-01   -5.157705E+00   -1.698778E+01   -1.932054E+02    0.000000E+00    0.000000E+00    0.000000E+00    2.903186E+01   -2.605780E+01   -2.688016E+00    0.000000E+00    0.000000E+00    0.000000E+00
1.935000E-01    2.925778E+01   -3.732848E+01   -1.195079E+02    0.000000E+00    0.000000E+00    0.000000E+00    3.695833E+01    5.848807E+00    4.582924E+00    0.000000E+00    0.000000E+00    0.000000E+00
1.945000E-01    1.866532E+01    8.455120E+00   -1.878355E+02    0.000000E+00    0.000000E+00    0.000000E+00    1.176584E+01   -1.143508E+01    7.550690E-01    0.000000E+00    0.000000E+00    0.000000E+00
1.955000E-01    3.389149E+00    3.096192E+01   -1.980777E+02    0.000000E+00    0.000000E+00    0.000000E+00   -2.252036E+00   -2.416011E+01   -1.726899E+00    0.000000E+00    0.000000E+00    0.000000E+00
1.965000E-01   -1.460001E+01    2.533754E+01   -1.629888E+02    0.000000E+00    0.000000E+00    0.000000E+00    1.694833E+00   -2.699608E+01   -2.250251E+00    0.000000E+00    0.000000E+00    0.000000E+00
1.975000E-01   -9.320603E+01    1.916425E+01   -9.725026E+01    0.000000E+00    0.000000E+00    0.000000E+00   -5.175608E+00   -6.695868E+01   -7.346723E+00    0.000000E+00    0.000000E+00    0.000000E+00
1.985000E-01    4.297361E+00    2.348270E+01   -1.481558E+02    0.000000E+00    0.000000E+00    0.000000E+00   -2.456904E+00   -1.353779E+01   -4.617373E+00    0.000000E+00    0.000000E+00    0.000000E+00
1.995000E-01    1.981984E+01   -6.104914E+01   -2.225302E+02    0.000000E+00    0.000000E+00    0.000000E+00    6.114647E+01   -9.256166E+00    7.878525E+00    0.000000E+00    0.000000E+00    0.000000E+00
2.005000E-01   -1.722905E+01    2.743235E+01   -1.101793E+02    0.000000E+00    0.000000E+00    0.000000E+00   -5.092499E+00   -1.729394E+01   -2.690826E+00    0.000000E+00    0.000000E+00    0.000000E+00
2.015000E-01   -9.991059E+01   -1.747848E+01   -4.967484E+01    0.000000E+00    0.000000E+00    0.000000E+00    1.590504E+01   -6.064231E+01   -7.933628E+00    0.000000E+00    0.000000E+00    0.000000E+00
2.025000E-01   -5.069412E+01   -1.045137E+01   -1.405577E+02    0.000000E+00    0.000000E+00    0.000000E+00    2.072292E+01   -4.201001E+01   -6.316956E+00    0.000000E+00    0.000000E+00    0.000000E+00
2.035000E-01   -5.895175E+01    1.859514E+01   -2.763935E+02    0.000000E+00    0.000000E+00    0.000000E+00    1.561517E+01   -6.169882E+01   -1.157586E+01    0.000000E+00    0.000000E+00    0.000000E+00
2.045000E-01   -5.939229E+01    4.401415E+01   -1.946400E+02    0.000000E+00    0.000000E+00    0.000000E+00   -4.823940E+00   -5.271078E+01   -1.394399E+01    0.000000E+00    0.000000E+00    0.000000E+00
2.055000E-01   -5.314254E+01   -3.232754E+01   -1.748427E+02    0.000000E+00    0.000000E+00    0.000000E+00    3.526303E+01   -4.930664E+01    2.328118E+00    0.000000E+00    0.000000E+00    0.000000E+00
2.065000E-01   -3.440490E+01   -1.065978E+02   -2.555715E+02    0.000000E+00    0.000000E+00    0.000000E+00    8.642350E+01   -4.597222E+01    1.158115E+01    0.000000E+00    0.000000E+00    0.000000E+00
2.075000E-01   -3.636604E+01   -3.305209E+01   -2.390969E+02    0.000000E+00    0.000000E+00    0.000000E+00    4.533169E+01   -4.146889E+01   -1.418201E+00    0.000000E+00    0.000000E+00    0.000000E+00
2.085000E-01    2.781273E+01   -2.184027E+01   -2.737631E+02    0.000000E+00    0.000000E+00    0.000000E+00    4.137263E+01   -9.361919E+00    3.366483E+00    0.000000E+00    0.000000E+00    0.000000E+00
2.095000E-01    3.742008E+01   -1.743864E+00   -3.735613E+02    0.000000E+00    0.000000E+00    0.000000E+00    4.094777E+01   -1.130191E+01    1.827431E+00    0.000000E+00    0.000000E+00    0.000000E+00
2.105000E-01    9.475302E+01   -5.824810E+01   -4.183615E+02    0.000000E+00    0.000000E+00    0.000000E+00    7.293303E+01    1.274250E+01    1.069763E+01    0.000000E+00    0.000000E+00    0.000000E+00
2.115000E-01   -3.190741E+01   -6.803379E+01   -3.610272E+02    0.000000E+00    0.000000E+00    0.000000E+00    7.123444E+01   -4.543227E+01    2.017893E+00    0.000000E+00    0.000000E+00    0.000000E+00
2.125000E-01   -6.637198E+01   -5.039715E+01   -3.896973E+02    0.000000E+00    0.000000E+00    0.000000E+00    6.521125E+01   -6.547526E+01    1.187687E+00    0.000000E+00    0.000000E+00    0.000000E+00
2.135000E-01    8.232387E+00   -8.031853E+01   -3.097689E+02    0.000000E+00    0.000000E+00    0.000000E+00    7.089251E+01   -2.242316E+01    7.714682E+00    0.000000E+00    0.000000E+00    0.000000E+00
2.145000E-01    4.407547E+01   -5.363758E+01   -2.969091E+02    0.000000E+00    0.000000E+00    0.000000E+00    5.639866E+01   -2.984409E+00    7.820171E+00    0.000000E+00    0.000000E+00    0.000000E+00
2.155000E-01   -7.993715E+01   -8.284794E+01   -1.706075E+02    0.000000E+00    0.000000E+00    0.000000E+00    5.813600E+01   -5.398614E+01   -4.769558E+00    0.000000E+00    0.000000E+00    0.000000E+00
2.165000E-01   -2.481319E+01   -7.003755E+01   -3.533618E+02    0.000000E+00    0.000000E+00    0.000000E+00    6.821349E+01   -3.932744E+01    2.087192E+00    0.000000E+00    0.000000E+00    0.000000E+00
2.175000E-01    3.007186E+01    8.251742E+00   -2.660465E+02    0.000000E+00    0.000000E+00    0.000000E+00    1.829142E+01   -4.632504E+00    3.566201E+00    0.000000E+00    0.000000E+00    0.000000E+00
2.185000E-01   -8.264320E+01   -2.474434E+01   -3.263281E+02    0.000000E+00    0.000000E+00    0.000000E+00    3.910689E+01   -6.618090E+01   -5.363856E+00    0.000000E+00    0.000000E+00    0.000000E+00
2.195000E-01   -8.129520E+01   -3.736151E+01   -2.732738E+02    0.000000E+00    0.000000E+00    0.000000E+00    4.420522E+01   -6.266598E+01   -2.485130E+00    0.000000E+00    0.000000E+00    0.000000E+00
2.205000E-01   -1.355225E+01    2.220584E+01   -1.750976E+02    0.000000E+00    0.000000E+00    0.000000E+00    5.330262E+00   -2.034750E+01   -1.114577E+00    0.000000E+00    0.000000E+00    0.000000E+00
2.215000E-01   -5.116714E+01   -4.178222E+00   -1.438253E+02    0.000000E+00    0.000000E+00    0.000000E+00    1.487603E+01   -3.652458E+01   -3.633460E+00    0.000000E+00    0.000000E+00    0.000000E+00
2.225000E-01   -7.355167E+01    9.088453E+00   -1.521197E+02    0.000000E+00    0.000000E+00    0.000000E+00    6.527079E+00   -4.903229E+01   -8.750379E+00    0.000000E+00    0.000000E+00    0.000000E+00
2.235000E-01    1.350954E+01    2.403311E+01   -1.497178E+02    0.000000E+00    0.000000E+00    0.000000E+00   -7.490635E-01   -8.447841E-01   -2.486440E+00    0.000000E+00    0.000000E+00    0.000000E+00
2.245000E-01   -1.789340E+01   -2.017004E+01   -1.323446E+02    0.000000E+00    0.000000E+00    0.000000E+00    2.126002E+01   -1.777503E+01   -1.099186E+00    0.000000E+00    0.000000E+00    0.000000E+00
2.255000E-01    7.224383E+00    2.663110E+01   -1.777194E+02    0.000000E+00    0.000000E+00    0.000000E+00   -2.146244E+00   -4.956546E+00   -1.682054E+00    0.000000E+00    0.000000E+00    0.000000E+00
2.265000E-01   -8.429666E+00    4.022068E+01   -1.311624E+02    0.000000E+00    0.000000E+00    0.000000E+00   -1.535270E+01   -1.138033E+01   -3.686309E+00    0.000000E+00    0.000000E+00    0.000000E+00
2.275000E-01    3.012444E+00    4.794254E+01   -1.883373E+02    0.000000E+00    0.000000E+00    0.000000E+00   -1.950518E+01   -6.406961E+00   -1.950769E+00    0.000000E+00    0.000000E+00    0.000000E+00
2.285000E-01    1.770790E+01    2.830540E+01   -1.969449E+02    0.000000E+00    0.000000E+00    0.000000E+00   -9.254181E+00    3.446086E+00    1.534065E+00    0.000000E+00    0.000000E+00    0.000000E+00
2.295000E-01   -2.620610E+01   -6.662091E+00   -2.904941E+02    0.000000E+00    0.000000E+00    0.000000E+00    2.022164E+01   -3.154281E+01    9.621887E-01    0.000000E+00    0.000000E+00    0.000000E+00
2.305000E-01    2.354591E+01    5.104820E+00   -4.895694E+02    0.000000E+00    0.000000E+00    0.000000E+00    2.780863E+01   -1.032168E+01    2.671442E+00    0.000000E+00    0.000000E+00    0.000000E+00
2.315000E-01    9.761237E+01    3.289889E+01   -4.001890E+02    0.000000E+00    0.000000E+00    0.000000E+00    6.638149E+00    4.672423E+01    5.320573E+00    0.000000E+00    0.000000E+00    0.000000E+00
2.325000E-01    3.248819E+01   -3.084222E+01   -3.687269E+02    0.000000E+00    0.000000E+00    0.000000E+00    4.575179E+01    2.276969E+00    2.898295E+00    0.000000E+00    0.000000E+00    0.000000E+00
2.335000E-01   -2.361220E+01   -3.155646E+01   -4.840939E+02    0.000000E+00    0.000000E+00    0.000000E+00    5.144517E+01   -3.859458E+01    1.107366E-01    0.000000E+00    0.000000E+00    0.000000E+00
2.345000E-01    2.263491E+01    5.425201E+01   -5.831313E+02    0.000000E+00    0.000000E+00    0.000000E+00   -1.927775E+00   -1.614080E+01    3.501942E-01    0.000000E+00    0.000000E+00    0.000000E+00
2.355000E-01    1.120042E+01   -3.746564E+01   -4.038078E+02    0.000000E+00    0.000000E+00    0.000000E+00    5.280030E+01   -1.636701E+01    9.011949E-01    0.000000E+00    0.000000E+00    0.000000E+00
2.365000E-01    3.623556E+01   -2.574540E-02   -4.362781E+02    0.000000E+00    0.000000E+00    0.000000E+00    1.646975E+01    4.415420E+00    7.612956E-03    0.000000E+00    0.000000E+00    0.000000E+00
2.375000E-01    3.688275E+01   -7.175505E+01   -2.901907E+02    0.000000E+00    0.000000E+00    0.000000E+00    5.688788E+01    1.226757E+01    4.016552E+00    0.000000E+00    0.000000E+00    0.000000E+00
2.385000E-01    1.324652E+01    7.089983E+00   -3.156068E+02    0.000000E+00    0.000000E+00    0.000000E+00    1.659346E+00   -3.751030E+00    8.041340E-01    0.000000E+00    0.000000E+00    0.000000E+00
2.395000E-01    7.087967E+00   -6.026350E+01   -1.586371E+02    0.000000E+00    0.000000E+00    0.000000E+00    4.542902E+01   -2.961332E+00    2.273450E+00    0.000000E+00    0.000000E+00    0.000000E+00
2.405000E-01    1.085197E+01   -3.958660E+01   -6.308419E+01    0.000000E+00    0.000000E+00    0.000000E+00    2.903962E+01    2.049270E+00    1.758215E+00    0.000000E+00    0.000000E+00    0.000000E+00
2.415000E-01   -7.881290E+00    1.250575E+01   -8.535417E+01    0.000000E+00    0.000000E+00    0.000000E+00   -7.847107E+00   -8.718549E+00   -8.529084E-01    0.000000E+00    0.000000E+00    0.000000E+00
2.425000E-01   -2.219102E+01   -8.982874E+01   -1.498013E+02    0.000000E+00    0.000000E+00    0.000000E+00    6.616981E+01   -2.123678E+01    2.536297E+00    0.000000E+00    0.000000E+00    0.000000E+00
2.435000E-01   -2.014475E+01   -4.965103E+01   -1.386328E+02    0.000000E+00    0.000000E+00    0.000000E+00    3.551222E+01   -1.922020E+01    1.419368E+00    0.000000E+00    0.000000E+00    0.000000E+00
2.445000E-01   -2.296963E+01   -2.183055E+01   -2.022038E+02    0.000000E+00    0.000000E+00    0.000000E+00    1.691870E+01   -2.235971E+01    4.982604E-01    0.000000E+00    0.000000E+00    0.000000E+00
2.455000E-01   -6.081204E+00    4.202780E+00   -7.435222E+01    0.000000E+00    0.000000E+00    0.000000E+00   -2.536537E+00   -6.716978E+00   -1.608608E-01    0.000000E+00    0.000000E+00    0.000000E+00
2.465000E-01   -6.142027E+00    4.377909E+01   -1.302187E+02    0.000000E+00    0.000000E+00    0.000000E+00   -3.138225E+01   -8.041307E+00   -1.540300E+00    0.000000E+00    0.000000E+00    0.000000E+00
2.475000E-01   -2.988601E+01   -3.192262E+01   -2.518589E+02    0.000000E+00    0.000000E+00    0.000000E+00    2.098981E+01   -2.822267E+01    5.670350E-01    0.000000E+00    0.000000E+00    0.000000E+00
2.485000E-01   -1.156366E+01   -2.872265E+01   -2.218199E+02    0.000000E+00    0.000000E+00    0.000000E+00    1.535218E+01   -1.409697E+01    2.195104E-01    0.000000E+00    0.000000E+00    0.000000E+00
2.495000E-01    3.019981E+00    2.849522E+01   -6.929688E+01    0.000000E+00    0.000000E+00    0.000000E+00   -2.243506E+01    1.735296E+00   -1.197706E+00    0.000000E+00    0.000000E+00    0.000000E+00
2.505000E-01   -2.268947E+01   -2.766874E+01   -2.069973E+02    0.000000E+00    0.000000E+00    0.000000E+00    1.664894E+01   -1.905694E+01    9.873742E-01    0.000000E+00    0.000000E+00    0.000000E+00
2.515000E-01   -2.957037E+01    1.637734E+01   -1.387842E+02    0.000000E+00    0.000000E+00    0.000000E+00   -1.588769E+01   -1.928607E+01    2.191363E-01    0.000000E+00    0.000000E+00    0.000000E+00
2.525000E-01   -2.441614E+01    1.474272E+01   -1.729736E+02    0.000000E+00    0.000000E+00    0.000000E+00   -1.523960E+01   -1.721704E+01    2.171081E-01    0.000000E+00    0.000000E+00    0.000000E+00
2.535000E-01    1.883108E+01    2.210757E+01   -1.868729E+02    0.000000E+00    0.000000E+00    0.000000E+00   -2.451694E+01    1.085614E+01   -1.350967E+00    0.000000E+00    0.000000E+00    0.000000E+00
2.545000E-01    5.210155E+00    3.330567E+01   -1.870042E+02    0.000000E+00    0.000000E+00    0.000000E+00   -3.240950E+01    2.349701E+00   -8.840633E-01    0.000000E+00    0.000000E+00    0.000000E+00
2.555000E-01   -3.071957E+01   -5.951402E+01   -2.521846E+02    0.000000E+00    0.000000E+00    0.000000E+00    3.147791E+01   -2.272146E+01    1.579324E+00    0.000000E+00    0.000000E+00    0.000000E+00
2.565000E-01    2.899843E+01    5.274026E+01   -3.217567E+02    0.000000E+00    0.000000E+00    0.000000E+00   -5.359583E+01    1.854128E+01   -2.362550E+00    0.000000E+00    0.000000E+00    0.000000E+00
2.575000E-01   -1.342221E+00   -3.513521E+01   -3.147616E+02    0.000000E+00    0.000000E+00    0.000000E+00    1.088786E+01   -4.204037E+00   -1.661994E-01    0.000000E+00    0.000000E+00    0.000000E+00
2.585000E-01    2.328637E-01   -2.385796E+01   -3.510205E+02    0.000000E+00    0.000000E+00    0.000000E+00   -3.486686E+00   -3.448383E+00   -5.007577E-01    0.000000E+00    0.000000E+00    0.000000E+00
2.595000E-01    3.478362E+00   -6.346353E-01   -3.361936E+02    0.000000E+00    0.000000E+00    0.000000E+00   -1.493808E+01   -1.885596E+00   -9.812783E-01    0.000000E+00    0.000000E+00    0.000000E+00
2.605000E-01    1.477634E+00    4.940228E+00   -3.077533E+02    0.000000E+00    0.000000E+00    0.000000E+00   -1.999575E+01   -2.747862E+00   -5.558809E-01    0.000000E+00    0.000000E+00    0.000000E+00
2.615000E-01    1.212793E+01    1.330219E+01   -2.575937E+02    0.000000E+00    0.000000E+00    0.000000E+00   -2.363635E+01    5.557936E+00   -1.252436E+00    0.000000E+00    0.000000E+00    0.000000E+00
2.625000E-01   -1.209337E+00   -1.431915E+01   -2.456106E+02    0.000000E+00    0.000000E+00    0.000000E+00   -9.297978E+00   -1.141095E+00   -6.849181E-01    0.000000E+00    0.000000E+00    0.000000E+00
2.635000E-01   -5.882586E+00    5.336171E+00   -2.250456E+02    0.000000E+00    0.000000E+00    0.000000E+00   -2.098602E+01   -4.082248E+00   -5.913972E-01    0.000000E+00    0.000000E+00    0.000000E+00
2.645000E-01   -6.967851E+00   -5.018686E+00   -2.291700E+02    0.000000E+00    0.000000E+00    0.000000E+00   -1.641855E+01   -4.185403E+00   -5.631176E-01    0.000000E+00    0.000000E+00    0.000000E+00
2.655000E-01   -5.072680E-01    2.450749E+01   -1.872672E+02    0.000000E+00    0.000000E+00    0.000000E+00   -3.132572E+01    2.594820E-01   -6.023304E-01    0.000000E+00    0.000000E+00    0.000000E+00
2.665000E-01    1.416745E+00    3.710792E+01   -1.483386E+02    0.000000E+00    0.000000E+00    0.000000E+00   -3.695426E+01    1.883178E+00   -3.869401E-02    0.000000E+00    0.000000E+00    0.000000E+00
2.675000E-01   -1.545820E+00    2.893864E+01   -2.008938E+02    0.000000E+00    0.000000E+00    0.000000E+00   -3.849384E+01   -3.200190E-01    3.310048E-01    0.000000E+00    0.000000E+00    0.000000E+00
2.685000E-01    9.442138E-01    1.222011E+01   -1.741492E+02    0.000000E+00    0.000000E+00    0.000000E+00   -2.462911E+01    9.535337E-01   -4.249072E-01    0.000000E+00    0.000000E+00    0.000000E+00
2.695000E-01   -2.967084E+00    3.243507E+01   -1.786971E+02    0.000000E+00    0.000000E+00    0.000000E+00   -3.907638E+01   -9.122067E-01    4.406280E-01    0.000000E+00    0.000000E+00    0.000000E+00
2.705000E-01   -8.632708E+00    2.984172E+00   -2.146355E+02    0.000000E+00    0.000000E+00    0.000000E+00   -2.581286E+01   -4.341321E+00    7.207804E-01    0.000000E+00    0.000000E+00    0.000000E+00
2.715000E-01   -7.182241E+00    8.552074E+00   -2.191535E+02    0.000000E+00    0.000000E+00    0.000000E+00   -3.146760E+01   -3.037276E+00    6.591150E-01    0.000000E+00    0.000000E+00    0.000000E+00
2.725000E-01   -7.374539E+00    1.859719E+01   -2.361173E+02    0.000000E+00    0.000000E+00    0.000000E+00   -4.015892E+01   -2.836039E+00    7.347312E-01    0.000000E+00    0.000000E+00    0.000000E+00
2.735000E-01   -3.289654E+00    2.269950E+01   -1.842552E+02    0.000000E+00    0.000000E+00    0.000000E+00   -3.872631E+01   -2.837383E-01    5.533109E-01    0.000000E+00    0.000000E+00    0.000000E+00
2.745000E-01    3.662455E+00    4.760777E+01   -2.224133E+02    0.000000E+00    0.000000E+00    0.000000E+00   -5.864591E+01    3.664208E+00   -1.387576E-01    0.000000E+00    0.000000E+00    0.000000E+00
2.755000E-01   -1.716721E+00    4.318152E+01   -2.465440E+02    0.000000E+00    0.000000E+00    0.000000E+00   -5.936767E+01    1.145490E+00    5.681655E-01    0.000000E+00    0.000000E+00    0.000000E+00
2.765000E-01    2.685856E+00    5.019340E+01   -2.598340E+02    0.000000E+00    0.000000E+00    0.000000E+00   -6.770556E+01    4.065148E+00    2.060206E-01    0.000000E+00    0.000000E+00    0.000000E+00
2.775000E-01    8.019576E+00    4.241971E+01   -2.179749E+02    0.000000E+00    0.000000E+00    0.000000E+00   -5.884146E+01    6.889563E+00   -6.119547E-01    0.000000E+00    0.000000E+00    0.000000E+00
2.785000E-01    1.404032E+00    2.712526E+01   -2.861025E+02    0.000000E+00    0.000000E+00    0.000000E+00   -6.063364E+01    4.125315E+00    9.770275E-02    0.000000E+00    0.000000E+00    0.000000E+00
2.795000E-01    5.230197E-01    2.297633E+01   -2.761426E+02    0.000000E+00    0.000000E+00    0.000000E+00   -5.775536E+01    3.972313E+00    1.300049E-01    0.000000E+00    0.000000E+00    0.000000E+00
2.805000E-01    1.722178E-01    1.270031E-01   -2.962665E+02    0.000000E+00    0.000000E+00    0.000000E+00   -4.840412E+01    4.297689E+00   -2.893780E-01    0.000000E+00    0.000000E+00    0.000000E+00
2.815000E-01    8.318813E+00    2.266195E+01   -2.739876E+02    0.000000E+00    0.000000E+00    0.000000E+00   -6.006834E+01    9.100830E+00   -1.082695E+00    0.000000E+00    0.000000E+00    0.000000E+00
2.825000E-01    1.735433E+01    6.820209E+01   -2.604913E+02    0.000000E+00    0.000000E+00    0.000000E+00   -8.707387E+01    1.462529E+01   -1.659873E+00    0.000000E+00    0.000000E+00    0.000000E+00
2.835000E-01    1.154538E+01    6.242034E+01   -2.608847E+02    0.000000E+00    0.000000E+00    0.000000E+00   -8.605569E+01    1.181173E+01   -9.103038E-01    0.000000E+00    0.000000E+00    0.000000E+00
2.845000E-01   -1.410532E+00    3.916008E+00   -3.121019E+02    0.000000E+00    0.000000E+00    0.000000E+00   -6.062223E+01    5.243934E+00    1.006623E-02    0.000000E+00    0.000000E+00    0.000000E+00
2.855000E-01    2.664067E+00    2.890850E+01   -2.561176E+02    0.000000E+00    0.000000E+00    0.000000E+00   -6.711384E+01    6.996613E+00    9.856980E-02    0.000000E+00    0.000000E+00    0.000000E+00
2.865000E-01    1.712427E+00    4.059084E+01   -2.642255E+02    0.000000E+00    0.000000E+00    0.000000E+00   -7.635840E+01    6.630268E+00    4.914294E-01    0.000000E+00    0.000000E+00    0.000000E+00
2.875000E-01    1.160695E+01    7.724353E+01   -2.266159E+02    0.000000E+00    0.000000E+00    0.000000E+00   -9.257903E+01    1.181765E+01   -4.161534E-01    0.000000E+00    0.000000E+00    0.000000E+00
2.885000E-01   -2.857037E+00    1.819356E-01   -2.273699E+02    0.000000E+00    0.000000E+00    0.000000E+00   -4.808329E+01    3.423283E+00    3.301149E-01    0.000000E+00    0.000000E+00    0.000000E+00
2.895000E-01    1.800518E+01    7.450967E+01   -1.974055E+02    0.000000E+00    0.000000E+00    0.000000E+00   -8.977976E+01    1.549049E+01   -2.179239E+00    0.000000E+00    0.000000E+00    0.000000E+00
2.905000E-01    4.492483E+00    5.601517E+01   -2.580320E+02    0.000000E+00    0.000000E+00    0.000000E+00   -9.319844E+01    9.205891E+00    3.184178E-01    0.000000E+00    0.000000E+00    0.000000E+00
2.915000E-01    7.904249E+00    4.152215E+01   -1.948918E+02    0.000000E+00    0.000000E+00    0.000000E+00   -7.079899E+01    9.678939E+00   -7.429608E-01    0.000000E+00    0.000000E+00    0.000000E+00
2.925000E-01    7.866770E-01    2.132264E+01   -2.182840E+02    0.000000E+00    0.000000E+00    0.000000E+00   -6.511654E+01    6.373584E+00    2.732778E-01    0.000000E+00    0.000000E+00    0.000000E+00
2.935000E-01    6.363881E+00    4.129946E+01   -2.100666E+02    0.000000E+00    0.000000E+00    0.000000E+00   -7.764676E+01    9.869941E+00   -2.806935E-01    0.000000E+00    0.000000E+00    0.000000E+00
2.945000E-01    1.441435E+01    1.228190E+02   -2.032222E+02    0.000000E+00    0.000000E+00    0.000000E+00   -1.296712E+02    1.510947E+01    2.584051E-01    0.000000E+00    0.000000E+00    0.000000E+00
2.955000E-01   -6.981419E+00   -3.778005E+01   -2.203578E+02    0.000000E+00    0.000000E+00    0.000000E+00   -3.188091E+01    2.204128E+00    6.170053E-01    0.000000E+00    0.000000E+00    0.000000E+00
2.965000E-01    1.386596E+01    9.020461E+01   -1.569267E+02    0.000000E+00    0.000000E+00    0.000000E+00   -9.845002E+01    1.338363E+01   -5.944490E-01    0.000000E+00    0.000000E+00    0.000000E+00
2.975000E-01    1.008505E+01    6.285548E+01   -1.928409E+02    0.000000E+00    0.000000E+00    0.000000E+00   -9.116834E+01    1.219781E+01   -6.788531E-01    0.000000E+00    0.000000E+00    0.000000E+00
2.985000E-01    1.185541E+01    6.320950E+01   -1.713136E+02    0.000000E+00    0.000000E+00    0.000000E+00   -8.414104E+01    1.247590E+01   -1.092504E+00    0.000000E+00    0.000000E+00    0.000000E+00
2.995000E-01    1.082666E+01    8.406305E+01   -2.108467E+02    0.000000E+00    0.000000E+00    0.000000E+00   -1.121107E+02    1.378732E+01   -9.231343E-02    0.000000E+00    0.000000E+00    0.000000E+00
3.005000E-01    7.325787E+00    8.392817E+01   -2.374114E+02    0.000000E+00    0.000000E+00    0.000000E+00   -1.234698E+02    1.301832E+01    9.799286E-01    0.000000E+00    0.000000E+00    0.000000E+00
3.015000E-01    7.954396E+00    8.140702E+01   -2.300396E+02    0.000000E+00    0.000000E+00    0.000000E+00   -1.192412E+02    1.307847E+01    7.578737E-01    0.000000E+00    0.000000E+00    0.000000E+00
3.025000E-01    9.688925E+00    7.339591E+01   -2.561009E+02    0.000000E+00    0.000000E+00    0.000000E+00   -1.244367E+02    1.506402E+01   -1.034357E-01    0.000000E+00    0.000000E+00    0.000000E+00
3.035000E-01    2.294324E+00    4.039885E+01   -3.012091E+02    0.000000E+00    0.000000E+00    0.000000E+00   -1.167388E+02    1.223838E+01    9.053543E-01    0.000000E+00    0.000000E+00    0.000000E+00
3.045000E-01    1.646735E+01    8.008324E+01   -2.716389E+02    0.000000E+00    0.000000E+00    0.000000E+00   -1.356608E+02    1.995960E+01   -2.040356E+00    0.000000E+00    0.000000E+00    0.000000E+00
3.055000E-01    3.880867E+00    4.012446E+01   -3.006545E+02    0.000000E+00    0.000000E+00    0.000000E+00   -1.226195E+02    1.370388E+01    3.429406E-01    0.000000E+00    0.000000E+00    0.000000E+00
3.065000E-01    1.396838E+01    1.020617E+02   -3.378761E+02    0.000000E+00    0.000000E+00    0.000000E+00   -1.724233E+02    2.150043E+01   -4.643652E-01    0.000000E+00    0.000000E+00    0.000000E+00
3.075000E-01    7.174399E+00    9.512777E+01   -2.749373E+02    0.000000E+00    0.000000E+00    0.000000E+00   -1.533505E+02    1.527902E+01    1.499207E+00    0.000000E+00    0.000000E+00    0.000000E+00
3.085000E-01    7.618835E+00    9.648667E+01   -2.789553E+02    0.000000E+00    0.000000E+00    0.000000E+00   -1.541372E+02    1.541410E+01    1.326511E+00    0.000000E+00    0.000000E+00    0.000000E+00
3.095000E-01    8.716932E+00    8.256172E+01   -2.600188E+02    0.000000E+00    0.000000E+00    0.000000E+00   -1.435056E+02    1.565972E+01    4.641222E-01    0.000000E+00    0.000000E+00    0.000000E+00
3.105000E-01    3.115409E+00    4.465181E+01   -2.176113E+02    0.000000E+00    0.000000E+00    0.000000E+00   -1.023930E+02    1.022107E+01    8.085734E-01    0.000000E+00    0.000000E+00    0.000000E+00
3.115000E-01    9.459120E+00    5.069122E+01   -1.964283E+02    0.000000E+00    0.000000E+00    0.000000E+00   -1.025648E+02    1.354640E+01   -1.193781E+00    0.000000E+00    0.000000E+00    0.000000E+00
3.125000E-01    2.732905E+00   -3.278077E+00   -1.719734E+02    0.000000E+00    0.000000E+00    0.000000E+00   -5.881660E+01    8.192504E+00   -1.032676E+00    0.000000E+00    0.000000E+00    0.000000E+00
3.135000E-01    1.483388E+01    1.300180E+02   -2.172068E+02    0.000000E+00    0.000000E+00    0.000000E+00   -1.645598E+02    1.788234E+01    1.098394E-01    0.000000E+00    0.000000E+00    0.000000E+00
3.145000E-01    3.362347E+00    3.877165E+01   -2.258007E+02    0.000000E+00    0.000000E+00    0.000000E+00   -1.082968E+02    1.097951E+01    4.015442E-01    0.000000E+00    0.000000E+00    0.000000E+00
3.155000E-01    6.515778E+00    9.455491E+01   -2.443449E+02    0.000000E+00    0.000000E+00    0.000000E+00   -1.552203E+02    1.412089E+01    1.641605E+00    0.000000E+00    0.000000E+00    0.000000E+00
3.165000E-01    8.884199E+00    8.610561E+01   -2.429134E+02    0.000000E+00    0.000000E+00    0.000000E+00   -1.538175E+02    1.561276E+01    3.463086E-01    0.000000E+00    0.000000E+00    0.000000E+00
3.175000E-01    3.284562E+00    3.508120E+01   -1.991829E+02    0.000000E+00    0.000000E+00    0.000000E+00   -1.001506E+02    1.021772E+01    4.182704E-01    0.000000E+00    0.000000E+00    0.000000E+00
3.185000E-01    9.353818E+00    9.339702E+01   -2.018206E+02    0.000000E+00    0.000000E+00    0.000000E+00   -1.428650E+02    1.432617E+01    4.626075E-01    0.000000E+00    0.000000E+00    0.000000E+00
3.195000E-01    6.609597E+00    5.407692E+01   -2.098957E+02    0.000000E+00    0.000000E+00    0.000000E+00   -1.192141E+02    1.290408E+01   -1.643136E-01    0.000000E+00    0.000000E+00    0.000000E+00
3.205000E-01    6.681185E+00    8.945555E+01   -2.465819E+02    0.000000E+00    0.000000E+00    0.000000E+00   -1.618523E+02    1.478360E+01    1.386549E+00    0.000000E+00    0.000000E+00    0.000000E+00
3.215000E-01    1.048741E+01    1.014520E+02   -2.043010E+02    0.000000E+00    0.000000E+00    0.000000E+00   -1.544092E+02    1.531806E+01    2.105275E-01    0.000000E+00    0.000000E+00    0.000000E+00
3.225000E-01    4.210204E+00    9.767147E+01   -2.082795E+02    0.000000E+00    0.000000E+00    0.000000E+00   -1.536634E+02    1.148557E+01    2.648794E+00    0.000000E+00    0.000000E+00    0.000000E+00
3.235000E-01    9.554840E+00    1.127102E+02   -2.223874E+02    0.000000E+00    0.000000E+00    0.000000E+00   -1.741793E+02    1.557702E+01    7.915494E-01    0.000000E+00    0.000000E+00    0.000000E+00
3.245000E-01    6.150503E+00    9.522960E+01   -2.144515E+02    0.000000E+00    0.000000E+00    0.000000E+00   -1.571224E+02    1.289367E+01    1.517302E+00    0.000000E+00    0.000000E+00    0.000000E+00
3.255000E-01    1.161730E+01    1.081930E+02   -2.545725E+02    0.000000E+00    0.000000E+00    0.000000E+00   -1.867982E+02    1.815472E+01   -4.704090E-01    0.000000E+00    0.000000E+00    0.000000E+00
3.265000E-01    1.012947E+01    5.892814E+01   -2.893156E+02    0.000000E+00    0.000000E+00    0.000000E+00   -1.696859E+02    1.876919E+01   -2.001315E+00    0.000000E+00    0.000000E+00    0.000000E+00
3.275000E-01    8.243749E+00    8.991673E+01   -2.468437E+02    0.000000E+00    0.000000E+00    0.000000E+00   -1.737238E+02    1.576597E+01    1.573818E-01    0.000000E+00    0.000000E+00    0.000000E+00
3.285000E-01    1.292327E+01    9.462022E+01   -2.905278E+02    0.000000E+00    0.000000E+00    0.000000E+00   -1.974694E+02    2.064671E+01   -1.914697E+00    0.000000E+00    0.000000E+00    0.000000E+00
3.295000E-01    5.860295E+00    1.088455E+02   -2.475594E+02    0.000000E+00    0.000000E+00    0.000000E+00   -1.892637E+02    1.429866E+01    2.023761E+00    0.000000E+00    0.000000E+00    0.000000E+00
3.305000E-01    1.056529E+01    1.214591E+02   -2.631989E+02    0.000000E+00    0.000000E+00    0.000000E+00   -2.088478E+02    1.796575E+01    1.823295E-01    0.000000E+00    0.000000E+00    0.000000E+00
3.315000E-01    7.773489E+00    7.284455E+01   -2.593506E+02    0.000000E+00    0.000000E+00    0.000000E+00   -1.762031E+02    1.600162E+01   -5.725460E-01    0.000000E+00    0.000000E+00    0.000000E+00
3.325000E-01    6.822764E+00    1.205874E+02   -2.198055E+02    0.000000E+00    0.000000E+00    0.000000E+00   -1.934990E+02    1.347835E+01    1.928791E+00    0.000000E+00    0.000000E+00    0.000000E+00
3.335000E-01    1.257968E+01    9.432950E+01   -2.525848E+02    0.000000E+00    0.000000E+00    0.000000E+00   -1.899847E+02    1.859086E+01   -2.114817E+00    0.000000E+00    0.000000E+00    0.000000E+00
3.345000E-01    5.318713E+00    4.504953E+01   -2.623800E+02    0.000000E+00    0.000000E+00    0.000000E+00   -1.616767E+02    1.460179E+01   -4.921112E-01    0.000000E+00    0.000000E+00    0.000000E+00
3.355000E-01    8.287776E+00    5.324862E+01   -2.448734E+02    0.000000E+00    0.000000E+00    0.000000E+00   -1.633659E+02    1.568702E+01   -1.831517E+00    0.000000E+00    0.000000E+00    0.000000E+00
3.365000E-01    6.227137E+00    3.205117E+01   -2.444870E+02    0.000000E+00    0.000000E+00    0.000000E+00   -1.484421E+02    1.430165E+01   -1.619450E+00    0.000000E+00    0.000000E+00    0.000000E+00
3.375000E-01    7.154869E+00    1.059967E+02   -1.979317E+02    0.000000E+00    0.000000E+00    0.000000E+00   -1.793879E+02    1.262436E+01    8.543864E-01    0.000000E+00    0.000000E+00    0.000000E+00
3.385000E-01    6.467613E+00    9.290917E+01   -2.349455E+02    0.000000E+00    0.000000E+00    0.000000E+00   -1.865919E+02    1.397099E+01    7.074388E-01    0.000000E+00    0.000000E+00    0.000000E+00
3.395000E-01    9.726831E+00    1.196235E+02   -1.780755E+02    0.000000E+00    0.000000E+00    0.000000E+00   -1.797874E+02    1.352129E+01   -1.227983E-01    0.000000E+00    0.000000E+00    0.000000E+00
3.405000E-01    1.797019E+00    1.006371E+02   -2.247044E+02    0.000000E+00    0.000000E+00    0.000000E+00   -1.912721E+02    1.058561E+01    3.528898E+00    0.000000E+00    0.000000E+00    0.000000E+00
3.415000E-01    1.000058E+01    1.090374E+02   -2.076137E+02    0.000000E+00    0.000000E+00    0.000000E+00   -1.923831E+02    1.500782E+01   -9.227324E-01    0.000000E+00    0.000000E+00    0.000000E+00
3.425000E-01    5.164214E+00    1.199801E+02   -2.328651E+02    0.000000E+00    0.000000E+00    0.000000E+00   -2.124691E+02    1.302549E+01    2.306591E+00    0.000000E+00    0.000000E+00    0.000000E+00
3.435000E-01    7.865639E+00    8.534314E+01   -2.538034E+02    0.000000E+00    0.000000E+00    0.000000E+00   -2.058120E+02    1.554303E+01   -7.525962E-01    0.000000E+00    0.000000E+00    0.000000E+00
3.445000E-01    6.167456E+00    1.453843E+02   -2.012959E+02    0.000000E+00    0.000000E+00    0.000000E+00   -2.153888E+02    1.214168E+01    2.727948E+00    0.000000E+00    0.000000E+00    0.000000E+00
3.455000E-01   -1.470499E-01    1.364767E+02   -2.266872E+02    0.000000E+00    0.000000E+00    0.000000E+00   -2.274003E+02    8.694457E+00    5.729511E+00    0.000000E+00    0.000000E+00    0.000000E+00
3.465000E-01    1.602187E+01    1.323695E+02   -2.169050E+02    0.000000E+00    0.000000E+00    0.000000E+00   -2.188720E+02    1.913160E+01   -4.056240E+00    0.000000E+00    0.000000E+00    0.000000E+00
3.475000E-01   -2.925245E+00    1.268509E+02   -2.229574E+02    0.000000E+00    0.000000E+00    0.000000E+00   -2.233856E+02    6.519013E+00    6.842574E+00    0.000000E+00    0.000000E+00    0.000000E+00
3.485000E-01    1.538563E+01    1.205022E+02   -2.291637E+02    0.000000E+00    0.000000E+00    0.000000E+00   -2.210975E+02    1.909975E+01   -4.482501E+00    0.000000E+00    0.000000E+00    0.000000E+00
3.495000E-01   -7.782900E+00    1.466191E+02   -2.067541E+02    0.000000E+00    0.000000E+00    0.000000E+00   -2.276302E+02    2.481422E+00    1.056208E+01    0.000000E+00    0.000000E+00    0.000000E+00
3.505000E-01    1.982376E+01    9.782174E+01   -2.650417E+02    0.000000E+00    0.000000E+00    0.000000E+00   -2.283200E+02    2.338172E+01   -8.399333E+00    0.000000E+00    0.000000E+00    0.000000E+00
3.515000E-01   -1.040321E+01    1.164455E+02   -2.514043E+02    0.000000E+00    0.000000E+00    0.000000E+00   -2.353903E+02    2.347395E+00    1.098674E+01    0.000000E+00    0.000000E+00    0.000000E+00
3.525000E-01    2.539102E+01    5.634221E+01   -2.594645E+02    0.000000E+00    0.000000E+00    0.000000E+00   -2.000600E+02    2.669131E+01   -1.388861E+01    0.000000E+00    0.000000E+00    0.000000E+00
3.535000E-01   -2.935583E+00    7.680330E+01   -2.436531E+02    0.000000E+00    0.000000E+00    0.000000E+00   -2.072029E+02    6.782921E+00    4.701893E+00    0.000000E+00    0.000000E+00    0.000000E+00
3.545000E-01    1.832961E+01    5.509886E+01   -2.328990E+02    0.000000E+00    0.000000E+00    0.000000E+00   -1.868545E+02    2.059295E+01   -9.702067E+00    0.000000E+00    0.000000E+00    0.000000E+00
3.555000E-01   -6.071618E+00    9.954044E+01   -2.250290E+02    0.000000E+00    0.000000E+00    0.000000E+00   -2.148349E+02    3.582644E+00    7.688351E+00    0.000000E+00    0.000000E+00    0.000000E+00
3.565000E-01    1.154511E+01    8.111464E+01   -2.206969E+02    0.000000E+00    0.000000E+00    0.000000E+00   -2.017828E+02    1.513714E+01   -4.593392E+00    0.000000E+00    0.000000E+00    0.000000E+00
3.575000E-01    1.269085E+01    6.052372E+01   -2.550444E+02    0.000000E+00    0.000000E+00    0.000000E+00   -2.103159E+02    1.741514E+01   -5.989688E+00    0.000000E+00    0.000000E+00    0.000000E+00
3.585000E-01   -1.391647E+01    1.334374E+02   -1.890531E+02    0.000000E+00    0.000000E+00    0.000000E+00   -2.226935E+02   -3.995124E+00    1.387860E+01    0.000000E+00    0.000000E+00    0.000000E+00
3.595000E-01    1.015554E+01    1.504176E+02   -2.004824E+02    0.000000E+00    0.000000E+00    0.000000E+00   -2.460967E+02    1.268293E+01   -2.021900E+00    0.000000E+00    0.000000E+00    0.000000E+00
3.605000E-01    2.127107E+00    1.334431E+02   -2.008008E+02    0.000000E+00    0.000000E+00    0.000000E+00   -2.334894E+02    7.176230E+00    2.797411E+00    0.000000E+00    0.000000E+00    0.000000E+00
3.615000E-01    1.391947E+01    5.459655E+01   -2.278075E+02    0.000000E+00    0.000000E+00    0.000000E+00   -1.956070E+02    1.683680E+01   -7.633741E+00    0.000000E+00    0.000000E+00    0.000000E+00
3.625000E-01   -4.186974E+00    1.392399E+02   -1.904294E+02    0.000000E+00    0.000000E+00    0.000000E+00   -2.348277E+02    2.178502E+00    7.033824E+00    0.000000E+00    0.000000E+00    0.000000E+00
3.635000E-01    1.385348E+01    1.094400E+02   -2.185977E+02    0.000000E+00    0.000000E+00    0.000000E+00   -2.317727E+02    1.590862E+01   -6.372240E+00    0.000000E+00    0.000000E+00    0.000000E+00
3.645000E-01   -6.008637E+00    1.432873E+02   -1.883586E+02    0.000000E+00    0.000000E+00    0.000000E+00   -2.381144E+02    5.773528E-01    8.323849E+00    0.000000E+00    0.000000E+00    0.000000E+00
3.655000E-01    9.386687E+00    9.647207E+01   -2.356927E+02    0.000000E+00    0.000000E+00    0.000000E+00   -2.363829E+02    1.297520E+01   -3.876864E+00    0.000000E+00    0.000000E+00    0.000000E+00
3.665000E-01    2.176936E+00    1.257618E+02   -1.944018E+02    0.000000E+00    0.000000E+00    0.000000E+00   -2.293186E+02    6.578941E+00    1.923401E+00    0.000000E+00    0.000000E+00    0.000000E+00
3.675000E-01    1.076690E+00    1.364484E+02   -2.189700E+02    0.000000E+00    0.000000E+00    0.000000E+00   -2.586503E+02    5.783662E+00    2.694289E+00    0.000000E+00    0.000000E+00    0.000000E+00
3.685000E-01    1.340111E+01    1.051586E+02   -2.417740E+02    0.000000E+00    0.000000E+00    0.000000E+00   -2.506541E+02    1.563849E+01   -6.915596E+00    0.000000E+00    0.000000E+00    0.000000E+00
3.695000E-01    2.892591E-03    1.066401E+02   -2.375163E+02    0.000000E+00    0.000000E+00    0.000000E+00   -2.514425E+02    5.427177E+00    2.678605E+00    0.000000E+00    0.000000E+00    0.000000E+00
3.705000E-01    2.018433E+01    5.657434E+01   -2.704123E+02    0.000000E+00    0.000000E+00    0.000000E+00   -2.385029E+02    2.108444E+01   -1.323153E+01    0.000000E+00    0.000000E+00    0.000000E+00
3.715000E-01   -5.216485E+00    1.387063E+02   -2.409960E+02    0.000000E+00    0.000000E+00    0.000000E+00   -2.861173E+02    4.968236E-01    6.591406E+00    0.000000E+00    0.000000E+00    0.000000E+00
3.725000E-01    2.707855E+01    2.598423E+01   -2.881087E+02    0.000000E+00    0.000000E+00    0.000000E+00   -2.321310E+02    2.603347E+01   -1.944156E+01    0.000000E+00    0.000000E+00    0.000000E+00
3.735000E-01    7.953861E+00    6.473808E+01   -2.751404E+02    0.000000E+00    0.000000E+00    0.000000E+00   -2.574417E+02    1.084729E+01   -4.838000E+00    0.000000E+00    0.000000E+00    0.000000E+00
3.745000E-01    8.162988E+00    1.234621E+02   -2.328076E+02    0.000000E+00    0.000000E+00    0.000000E+00   -2.716331E+02    9.439535E+00   -4.255134E+00    0.000000E+00    0.000000E+00    0.000000E+00
3.755000E-01    9.858456E+00    8.692647E+01   -2.514255E+02    0.000000E+00    0.000000E+00    0.000000E+00   -2.606567E+02    1.091942E+01   -6.280679E+00    0.000000E+00    0.000000E+00    0.000000E+00
3.765000E-01    1.193514E+01    1.021999E+02   -2.547417E+02    0.000000E+00    0.000000E+00    0.000000E+00   -2.767087E+02    1.221370E+01   -7.777780E+00    0.000000E+00    0.000000E+00    0.000000E+00
3.775000E-01   -1.994192E+00    1.508049E+02   -2.294584E+02    0.000000E+00    0.000000E+00    0.000000E+00   -2.952949E+02    1.164617E+00    3.733666E+00    0.000000E+00    0.000000E+00    0.000000E+00
3.785000E-01    5.456911E+00    1.081101E+02   -2.293475E+02    0.000000E+00    0.000000E+00    0.000000E+00   -2.628080E+02    6.767340E+00   -2.658564E+00    0.000000E+00    0.000000E+00    0.000000E+00
3.795000E-01    1.302642E+01    7.035987E+01   -2.595648E+02    0.000000E+00    0.000000E+00    0.000000E+00   -2.618089E+02    1.251420E+01   -9.459886E+00    0.000000E+00    0.000000E+00    0.000000E+00
3.805000E-01    2.002330E+01    8.197800E+01   -2.836934E+02    0.000000E+00    0.000000E+00    0.000000E+00   -2.892984E+02    1.818473E+01   -1.491200E+01    0.000000E+00    0.000000E+00    0.000000E+00
3.815000E-01    1.291963E+01    6.328419E+01   -2.402216E+02    0.000000E+00    0.000000E+00    0.000000E+00   -2.452326E+02    1.152676E+01   -9.806109E+00    0.000000E+00    0.000000E+00    0.000000E+00
3.825000E-01    3.017697E+00    1.081004E+02   -2.386009E+02    0.000000E+00    0.000000E+00    0.000000E+00   -2.794413E+02    3.654982E+00   -1.560575E+00    0.000000E+00    0.000000E+00    0.000000E+00
3.835000E-01    2.693845E+01    3.863404E+01   -2.556491E+02    0.000000E+00    0.000000E+00    0.000000E+00   -2.442035E+02    2.161339E+01   -2.206517E+01    0.000000E+00    0.000000E+00    0.000000E+00
3.845000E-01    3.895011E+00    8.145256E+01   -2.420189E+02    0.000000E+00    0.000000E+00    0.000000E+00   -2.674637E+02    3.375267E+00   -2.931039E+00    0.000000E+00    0.000000E+00    0.000000E+00
3.855000E-01    1.698945E+01    7.509122E+01   -2.408174E+02    0.000000E+00    0.000000E+00    0.000000E+00   -2.639950E+02    1.314702E+01   -1.413353E+01    0.000000E+00    0.000000E+00    0.000000E+00
3.865000E-01   -7.276554E+00    1.163890E+02   -2.167669E+02    0.000000E+00    0.000000E+00    0.000000E+00   -2.773755E+02   -6.210482E+00    6.208908E+00    0.000000E+00    0.000000E+00    0.000000E+00
3.875000E-01    2.118422E+01    1.046340E+02   -2.624598E+02    0.000000E+00    0.000000E+00    0.000000E+00   -3.103430E+02    1.548116E+01   -1.850938E+01    0.000000E+00    0.000000E+00    0.000000E+00
3.885000E-01    1.449387E+01    3.420503E+01   -2.811469E+02    0.000000E+00    0.000000E+00    0.000000E+00   -2.721440E+02    1.027402E+01   -1.243644E+01    0.000000E+00    0.000000E+00    0.000000E+00
3.895000E-01    1.825743E+01    1.194728E+02   -2.712417E+02    0.000000E+00    0.000000E+00    0.000000E+00   -3.347285E+02    1.223570E+01   -1.678676E+01    0.000000E+00    0.000000E+00    0.000000E+00
3.905000E-01    1.007992E+01    5.071521E+01   -2.784435E+02    0.000000E+00    0.000000E+00    0.000000E+00   -2.882894E+02    5.577683E+00   -9.067227E+00    0.000000E+00    0.000000E+00    0.000000E+00
3.915000E-01    2.302840E+01    7.092978E+01   -2.899728E+02    0.000000E+00    0.000000E+00    0.000000E+00   -3.174412E+02    1.506767E+01   -2.122899E+01    0.000000E+00    0.000000E+00    0.000000E+00
3.925000E-01   -3.675223E+00    2.068582E+02   -2.630346E+02    0.000000E+00    0.000000E+00    0.000000E+00   -4.027209E+02   -6.556688E+00    7.485008E-01    0.000000E+00    0.000000E+00    0.000000E+00
3.935000E-01    1.599159E+01    3.403031E+01   -3.292403E+02    0.000000E+00    0.000000E+00    0.000000E+00   -3.305346E+02    7.493031E+00   -1.494922E+01    0.000000E+00    0.000000E+00    0.000000E+00
3.945000E-01    1.959338E+01    1.369961E+02   -2.823414E+02    0.000000E+00    0.000000E+00    0.000000E+00   -3.713091E+02    1.063178E+01   -2.050177E+01    0.000000E+00    0.000000E+00    0.000000E+00
3.955000E-01    2.602855E+01    7.728700E+01   -3.187630E+02    0.000000E+00    0.000000E+00    0.000000E+00   -3.621810E+02    1.426012E+01   -2.582511E+01    0.000000E+00    0.000000E+00    0.000000E+00
3.965000E-01    2.522850E+01    8.609765E+01   -3.341221E+02    0.000000E+00    0.000000E+00    0.000000E+00   -3.860398E+02    1.272858E+01   -2.560485E+01    0.000000E+00    0.000000E+00    0.000000E+00
3.975000E-01    1.213575E+01    1.063812E+02   -3.152959E+02    0.000000E+00    0.000000E+00    0.000000E+00   -3.895045E+02    1.253898E+00   -1.434179E+01    0.000000E+00    0.000000E+00    0.000000E+00
3.985000E-01   -1.802152E-01    1.932496E+02   -2.645680E+02    0.000000E+00    0.000000E+00    0.000000E+00   -4.142630E+02   -8.429143E+00   -5.528241E+00    0.000000E+00    0.000000E+00    0.000000E+00
3.995000E-01   -3.000769E+00    1.250072E+02   -2.628364E+02    0.000000E+00    0.000000E+00    0.000000E+00   -3.602693E+02   -1.139217E+01   -1.037906E+00    0.000000E+00    0.000000E+00    0.000000E+00
4.005000E-01    1.461734E+01    9.075079E+01   -2.967430E+02    0.000000E+00    0.000000E+00    0.000000E+00   -3.665942E+02    1.694621E+00   -1.735336E+01    0.000000E+00    0.000000E+00    0.000000E+00
4.015000E-01    1.651404E+01    1.350339E+02   -2.994107E+02    0.000000E+00    0.000000E+00    0.000000E+00   -4.100309E+02    2.012787E+00   -2.162106E+01    0.000000E+00    0.000000E+00    0.000000E+00
4.025000E-01    1.020132E+01    1.142585E+02   -2.809474E+02    0.000000E+00    0.000000E+00    0.000000E+00   -3.768893E+02   -2.994798E+00   -1.486672E+01    0.000000E+00    0.000000E+00    0.000000E+00
4.035000E-01   -2.232781E-01    1.144938E+02   -2.673137E+02    0.000000E+00    0.000000E+00    0.000000E+00   -3.661406E+02   -1.191098E+01   -4.714853E+00    0.000000E+00    0.000000E+00    0.000000E+00
4.045000E-01   -5.190511E+00    1.708125E+02   -2.339638E+02    0.000000E+00    0.000000E+00    0.000000E+00   -3.846192E+02   -1.611560E+01   -2.959392E+00    0.000000E+00    0.000000E+00    0.000000E+00
4.055000E-01    1.189302E+01    7.299134E+01   -2.612394E+02    0.000000E+00    0.000000E+00    0.000000E+00   -3.303164E+02   -2.802252E+00   -1.557249E+01    0.000000E+00    0.000000E+00    0.000000E+00
4.065000E-01    3.836106E+01    6.181445E+01   -3.121594E+02    0.000000E+00    0.000000E+00    0.000000E+00   -3.782966E+02    1.620989E+01   -4.296078E+01    0.000000E+00    0.000000E+00    0.000000E+00
4.075000E-01   -2.235969E+00    8.726617E+01   -2.129272E+02    0.000000E+00    0.000000E+00    0.000000E+00   -3.004754E+02   -1.465321E+01   -2.761661E+00    0.000000E+00    0.000000E+00    0.000000E+00
4.085000E-01    2.300112E+01    1.263889E+02   -3.012090E+02    0.000000E+00    0.000000E+00    0.000000E+00   -4.296240E+02    1.130282E+00   -3.189657E+01    0.000000E+00    0.000000E+00    0.000000E+00
4.095000E-01    1.247437E+01    1.018759E+02   -2.275065E+02    0.000000E+00    0.000000E+00    0.000000E+00   -3.320869E+02   -3.749633E+00   -1.959622E+01    0.000000E+00    0.000000E+00    0.000000E+00
4.105000E-01    6.473439E+00    1.104914E+02   -2.717612E+02    0.000000E+00    0.000000E+00    0.000000E+00   -3.899023E+02   -1.277019E+01   -1.444024E+01    0.000000E+00    0.000000E+00    0.000000E+00
4.115000E-01    3.015616E+01    9.334065E+01   -3.066088E+02    0.000000E+00    0.000000E+00    0.000000E+00   -4.133462E+02    5.366176E+00   -3.885226E+01    0.000000E+00    0.000000E+00    0.000000E+00
4.125000E-01    1.583833E+01    1.096585E+02   -3.015433E+02    0.000000E+00    0.000000E+00    0.000000E+00   -4.267475E+02   -8.310301E+00   -2.545172E+01    0.000000E+00    0.000000E+00    0.000000E+00
4.135000E-01    1.326985E+01    1.568533E+02   -2.885977E+02    0.000000E+00    0.000000E+00    0.000000E+00   -4.581963E+02   -1.091207E+01   -2.692840E+01    0.000000E+00    0.000000E+00    0.000000E+00
4.145000E-01   -1.681018E+00    1.370222E+02   -2.738596E+02    0.000000E+00    0.000000E+00    0.000000E+00   -4.261799E+02   -2.396428E+01   -9.149530E+00    0.000000E+00    0.000000E+00    0.000000E+00
4.155000E-01    4.803394E+01    9.062368E+01   -3.167890E+02    0.000000E+00    0.000000E+00    0.000000E+00   -4.374693E+02    1.632397E+01   -6.119197E+01    0.000000E+00    0.000000E+00    0.000000E+00
4.165000E-01   -3.358287E+01    2.238855E+02   -2.565642E+02    0.000000E+00    0.000000E+00    0.000000E+00   -4.927428E+02   -5.431371E+01    1.729669E+01    0.000000E+00    0.000000E+00    0.000000E+00
4.175000E-01    7.031726E+00    1.560355E+02   -2.808379E+02    0.000000E+00    0.000000E+00    0.000000E+00   -4.614537E+02   -2.021723E+01   -2.250283E+01    0.000000E+00    0.000000E+00    0.000000E+00
4.185000E-01    2.478369E+00    1.362111E+02   -2.787298E+02    0.000000E+00    0.000000E+00    0.000000E+00   -4.444962E+02   -2.555454E+01   -1.627681E+01    0.000000E+00    0.000000E+00    0.000000E+00
4.195000E-01   -1.011868E+01    1.749970E+02   -2.584435E+02    0.000000E+00    0.000000E+00    0.000000E+00   -4.604323E+02   -3.648554E+01   -6.506797E+00    0.000000E+00    0.000000E+00    0.000000E+00
4.205000E-01   -2.040465E+01    1.824532E+02   -2.331733E+02    0.000000E+00    0.000000E+00    0.000000E+00   -4.421701E+02   -4.516717E+01    3.778293E+00    0.000000E+00    0.000000E+00    0.000000E+00
4.215000E-01    8.280853E+00    1.385801E+02   -2.666970E+02    0.000000E+00    0.000000E+00    0.000000E+00   -4.410665E+02   -2.210604E+01   -2.490607E+01    0.000000E+00    0.000000E+00    0.000000E+00
4.225000E-01    2.874377E+00    1.718855E+02   -2.926685E+02    0.000000E+00    0.000000E+00    0.000000E+00   -5.059788E+02   -3.137300E+01   -2.318567E+01    0.000000E+00    0.000000E+00    0.000000E+00
4.235000E-01    1.351821E+01    1.223736E+02   -2.914434E+02    0.000000E+00    0.000000E+00    0.000000E+00   -4.610054E+02   -2.214364E+01   -3.027832E+01    0.000000E+00    0.000000E+00    0.000000E+00
4.245000E-01   -5.748922E+00    1.783568E+02   -2.392660E+02    0.000000E+00    0.000000E+00    0.000000E+00   -4.539874E+02   -3.504821E+01   -1.530625E+01    0.000000E+00    0.000000E+00    0.000000E+00
4.255000E-01   -1.229254E+01    1.420266E+02   -2.146979E+02    0.000000E+00    0.000000E+00    0.000000E+00   -3.938283E+02   -3.973409E+01   -3.664924E+00    0.000000E+00    0.000000E+00    0.000000E+00
4.265000E-01    7.747073E+00    1.310751E+02   -2.223638E+02    0.000000E+00    0.000000E+00    0.000000E+00   -3.936111E+02   -2.159441E+01   -2.637519E+01    0.000000E+00    0.000000E+00    0.000000E+00
4.275000E-01    1.450385E+01    1.168724E+02   -2.160104E+02    0.000000E+00    0.000000E+00    0.000000E+00   -3.744548E+02   -1.455105E+01   -3.312811E+01    0.000000E+00    0.000000E+00    0.000000E+00
4.285000E-01   -1.710986E+01    1.624571E+02   -1.806702E+02    0.000000E+00    0.000000E+00    0.000000E+00   -3.800524E+02   -4.256851E+01   -2.345453E+00    0.000000E+00    0.000000E+00    0.000000E+00
4.295000E-01    1.445830E+01    1.417457E+02   -2.518686E+02    0.000000E+00    0.000000E+00    0.000000E+00   -4.462898E+02   -2.146397E+01   -3.757950E+01    0.000000E+00    0.000000E+00    0.000000E+00
4.305000E-01   -1.635323E+00    1.317145E+02   -1.886255E+02    0.000000E+00    0.000000E+00    0.000000E+00   -3.629948E+02   -3.006371E+01   -1.771274E+01    0.000000E+00    0.000000E+00    0.000000E+00
4.315000E-01    2.702146E+00    1.237303E+02   -1.789059E+02    0.000000E+00    0.000000E+00    0.000000E+00   -3.443382E+02   -2.475504E+01   -2.221117E+01    0.000000E+00    0.000000E+00    0.000000E+00
4.325000E-01   -5.195032E+01    1.713796E+02   -1.160315E+02    0.000000E+00    0.000000E+00    0.000000E+00   -3.186809E+02   -7.257155E+01    3.561291E+01    0.000000E+00    0.000000E+00    0.000000E+00
4.335000E-01   -2.269657E+00    1.446863E+02   -1.822911E+02    0.000000E+00    0.000000E+00    0.000000E+00   -3.738079E+02   -3.250352E+01   -2.094150E+01    0.000000E+00    0.000000E+00    0.000000E+00
4.345000E-01   -3.431175E+01    1.716386E+02   -1.514329E+02    0.000000E+00    0.000000E+00    0.000000E+00   -3.654186E+02   -6.159661E+01    1.299008E+01    0.000000E+00    0.000000E+00    0.000000E+00
4.355000E-01    4.978295E+00    1.065564E+02   -1.635425E+02    0.000000E+00    0.000000E+00    0.000000E+00   -3.146024E+02   -2.316859E+01   -2.445930E+01    0.000000E+00    0.000000E+00    0.000000E+00
4.365000E-01   -2.090089E+01    1.471240E+02   -1.514326E+02    0.000000E+00    0.000000E+00    0.000000E+00   -3.439271E+02   -4.966506E+01   -4.804085E-01    0.000000E+00    0.000000E+00    0.000000E+00
4.375000E-01    2.334783E+01    1.001671E+02   -1.934819E+02    0.000000E+00    0.000000E+00    0.000000E+00   -3.448532E+02   -9.202297E+00   -4.622106E+01    0.000000E+00    0.000000E+00    0.000000E+00
4.385000E-01   -3.347617E+01    1.531109E+02   -1.449153E+02    0.000000E+00    0.000000E+00    0.000000E+00   -3.465171E+02   -6.418327E+01    1.233524E+01    0.000000E+00    0.000000E+00    0.000000E+00
4.395000E-01   -4.670934E+01    1.810022E+02   -1.499568E+02    0.000000E+00    0.000000E+00    0.000000E+00   -3.818198E+02   -7.970520E+01    2.327480E+01    0.000000E+00    0.000000E+00    0.000000E+00
4.405000E-01   -7.041519E+00    1.372565E+02   -1.743016E+02    0.000000E+00    0.000000E+00    0.000000E+00   -3.650057E+02   -4.123420E+01   -1.764313E+01    0.000000E+00    0.000000E+00    0.000000E+00
4.415000E-01    2.332128E-01    1.296856E+02   -1.993625E+02    0.000000E+00    0.000000E+00    0.000000E+00   -3.892738E+02   -3.923011E+01   -2.602899E+01    0.000000E+00    0.000000E+00    0.000000E+00
4.425000E-01    4.211053E+01    9.840774E+01   -2.216891E+02    0.000000E+00    0.000000E+00    0.000000E+00   -3.824599E+02    2.717571E+00   -7.158144E+01    0.000000E+00    0.000000E+00    0.000000E+00
4.435000E-01    3.006308E+01    6.954759E+01   -1.534077E+02    0.000000E+00    0.000000E+00    0.000000E+00   -2.691212E+02    1.518247E+00   -5.186668E+01    0.000000E+00    0.000000E+00    0.000000E+00
4.445000E-01   -4.950482E+01    2.004013E+02   -1.613084E+02    0.000000E+00    0.000000E+00    0.000000E+00   -4.241995E+02   -9.005817E+01    1.907430E+01    0.000000E+00    0.000000E+00    0.000000E+00
4.455000E-01   -6.045322E+01    1.714653E+02   -1.068025E+02    0.000000E+00    0.000000E+00    0.000000E+00   -3.231268E+02   -9.034770E+01    3.913538E+01    0.000000E+00    0.000000E+00    0.000000E+00
4.465000E-01    2.837598E+00    1.312841E+02   -1.802226E+02    0.000000E+00    0.000000E+00    0.000000E+00   -3.730755E+02   -3.623635E+01   -3.240556E+01    0.000000E+00    0.000000E+00    0.000000E+00
4.475000E-01   -5.111087E+01    1.636657E+02   -1.163893E+02    0.000000E+00    0.000000E+00    0.000000E+00   -3.321495E+02   -8.539300E+01    2.616638E+01    0.000000E+00    0.000000E+00    0.000000E+00
4.485000E-01   -1.756360E+01    1.558265E+02   -1.520985E+02    0.000000E+00    0.000000E+00    0.000000E+00   -3.653911E+02   -5.393653E+01   -1.287762E+01    0.000000E+00    0.000000E+00    0.000000E+00
4.495000E-01   -1.054666E+01    1.229737E+02   -1.338393E+02    0.000000E+00    0.000000E+00    0.000000E+00   -3.091427E+02   -4.389378E+01   -1.590479E+01    0.000000E+00    0.000000E+00    0.000000E+00
4.505000E-01   -4.470924E+01    1.573740E+02   -1.251698E+02    0.000000E+00    0.000000E+00    0.000000E+00   -3.348747E+02   -7.982364E+01    1.934742E+01    0.000000E+00    0.000000E+00    0.000000E+00
4.515000E-01   -2.287844E+01    1.221929E+02   -1.060750E+02    0.000000E+00    0.000000E+00    0.000000E+00   -2.735103E+02   -5.208605E+01   -8.410862E-01    0.000000E+00    0.000000E+00    0.000000E+00
4.525000E-01   -6.010701E+01    1.332260E+02   -7.136316E+01    0.000000E+00    0.000000E+00    0.000000E+00   -2.414285E+02   -8.582028E+01    4.337188E+01    0.000000E+00    0.000000E+00    0.000000E+00
4.535000E-01   -5.377812E+00    1.167304E+02   -1.249912E+02    0.000000E+00    0.000000E+00    0.000000E+00   -2.925314E+02   -3.756728E+01   -2.247642E+01    0.000000E+00    0.000000E+00    0.000000E+00
4.545000E-01   -2.820246E+01    9.736371E+01   -8.098152E+01    0.000000E+00    0.000000E+00    0.000000E+00   -2.142445E+02   -5.273360E+01    1.113578E+01    0.000000E+00    0.000000E+00    0.000000E+00
4.555000E-01    3.019913E+01    1.356530E+02   -1.852759E+02    0.000000E+00    0.000000E+00    0.000000E+00   -3.896054E+02   -1.152205E+01   -7.215913E+01    0.000000E+00    0.000000E+00    0.000000E+00
4.565000E-01    5.985974E+01    4.371998E+01   -1.064623E+02    0.000000E+00    0.000000E+00    0.000000E+00   -1.863684E+02    4.173046E+01   -8.674883E+01    0.000000E+00    0.000000E+00    0.000000E+00
4.575000E-01   -2.649099E+01    1.676316E+02   -1.693779E+02    0.000000E+00    0.000000E+00    0.000000E+00   -4.083492E+02   -7.566290E+01   -1.113055E+01    0.000000E+00    0.000000E+00    0.000000E+00
4.585000E-01    6.032198E+00    6.187303E+01   -7.014315E+01    0.000000E+00    0.000000E+00    0.000000E+00   -1.618190E+02   -1.262375E+01   -2.431607E+01    0.000000E+00    0.000000E+00    0.000000E+00
4.595000E-01   -2.362684E+01    1.045068E+02   -1.016714E+02    0.000000E+00    0.000000E+00    0.000000E+00   -2.510986E+02   -5.563703E+01    1.120083E+00    0.000000E+00    0.000000E+00    0.000000E+00
4.605000E-01   -4.396468E+01    1.122653E+02   -9.323920E+01    0.000000E+00    0.000000E+00    0.000000E+00   -2.497346E+02   -7.835182E+01    2.356314E+01    0.000000E+00    0.000000E+00    0.000000E+00
4.615000E-01    4.289512E+00    9.951314E+01   -1.056133E+02    0.000000E+00    0.000000E+00    0.000000E+00   -2.507693E+02   -2.511697E+01   -3.361541E+01    0.000000E+00    0.000000E+00    0.000000E+00
4.625000E-01   -7.334471E+01    1.248307E+02   -9.209367E+01    0.000000E+00    0.000000E+00    0.000000E+00   -2.638777E+02   -1.142890E+02    5.572313E+01    0.000000E+00    0.000000E+00    0.000000E+00
4.635000E-01   -5.470477E-01    1.010228E+02   -1.042303E+02    0.000000E+00    0.000000E+00    0.000000E+00   -2.509205E+02   -3.092250E+01   -2.856454E+01    0.000000E+00    0.000000E+00    0.000000E+00
4.645000E-01   -6.782655E-03    1.200440E+02   -1.237151E+02    0.000000E+00    0.000000E+00    0.000000E+00   -2.985581E+02   -3.706273E+01   -3.614082E+01    0.000000E+00    0.000000E+00    0.000000E+00
4.655000E-01   -4.028971E+01    1.052612E+02   -1.010303E+02    0.000000E+00    0.000000E+00    0.000000E+00   -2.518437E+02   -7.761466E+01    1.956943E+01    0.000000E+00    0.000000E+00    0.000000E+00
4.665000E-01   -7.175628E+01    1.090144E+02   -7.885896E+01    0.000000E+00    0.000000E+00    0.000000E+00   -2.284329E+02   -1.096165E+02    5.710777E+01    0.000000E+00    0.000000E+00    0.000000E+00
4.675000E-01   -1.760300E+01    1.137524E+02   -8.858386E+01    0.000000E+00    0.000000E+00    0.000000E+00   -2.458992E+02   -4.732083E+01   -1.189194E+01    0.000000E+00    0.000000E+00    0.000000E+00
4.685000E-01   -7.169758E+00    1.341575E+02   -1.355567E+02    0.000000E+00    0.000000E+00    0.000000E+00   -3.302597E+02   -5.036692E+01   -3.223551E+01    0.000000E+00    0.000000E+00    0.000000E+00
4.695000E-01   -1.109961E+02    9.299008E+01   -5.539232E+01    0.000000E+00    0.000000E+00    0.000000E+00   -1.800460E+02   -1.501428E+02    1.101408E+02    0.000000E+00    0.000000E+00    0.000000E+00
4.705000E-01   -2.109178E+00    1.518655E+02   -1.317798E+02    0.000000E+00    0.000000E+00    0.000000E+00   -3.463152E+02   -4.381270E+01   -4.507622E+01    0.000000E+00    0.000000E+00    0.000000E+00
4.715000E-01   -1.053072E+02    1.262400E+02   -1.036870E+02    0.000000E+00    0.000000E+00    0.000000E+00   -2.808367E+02   -1.604639E+02    9.068329E+01    0.000000E+00    0.000000E+00    0.000000E+00
4.725000E-01    1.612883E+01    1.238712E+02   -1.154751E+02    0.000000E+00    0.000000E+00    0.000000E+00   -2.925670E+02   -1.696244E+01   -5.933882E+01    0.000000E+00    0.000000E+00    0.000000E+00
4.735000E-01   -4.120079E+01    8.153242E+01   -7.031533E+01    0.000000E+00    0.000000E+00    0.000000E+00   -1.857139E+02   -7.261860E+01    2.479970E+01    0.000000E+00    0.000000E+00    0.000000E+00
4.745000E-01    5.524645E+01    1.189369E+02   -1.008975E+02    0.000000E+00    0.000000E+00    0.000000E+00   -2.686600E+02    3.401856E+01   -1.074563E+02    0.000000E+00    0.000000E+00    0.000000E+00
4.755000E-01   -7.174889E+01    8.492598E+01   -8.580245E+01    0.000000E+00    0.000000E+00    0.000000E+00   -2.088379E+02   -1.152666E+02    6.070633E+01    0.000000E+00    0.000000E+00    0.000000E+00
4.765000E-01   -4.018659E+01    7.187684E+01   -6.141424E+01    0.000000E+00    0.000000E+00    0.000000E+00   -1.628503E+02   -6.960629E+01    2.595264E+01    0.000000E+00    0.000000E+00    0.000000E+00
4.775000E-01    3.740682E+01    1.004879E+02   -7.736434E+01    0.000000E+00    0.000000E+00    0.000000E+00   -2.173900E+02    1.901681E+01   -8.025128E+01    0.000000E+00    0.000000E+00    0.000000E+00
4.785000E-01   -6.896789E+01    8.036317E+01   -7.919494E+01    0.000000E+00    0.000000E+00    0.000000E+00   -1.950367E+02   -1.121777E+02    5.641596E+01    0.000000E+00    0.000000E+00    0.000000E+00
4.795000E-01   -2.080452E+01    5.334012E+01   -4.431019E+01    0.000000E+00    0.000000E+00    0.000000E+00   -1.194978E+02   -4.118980E+01    7.074733E+00    0.000000E+00    0.000000E+00    0.000000E+00
4.805000E-01   -1.382415E+02    6.166029E+01   -8.237763E+01    0.000000E+00    0.000000E+00    0.000000E+00   -1.757390E+02   -1.967876E+02    1.486111E+02    0.000000E+00    0.000000E+00    0.000000E+00
4.815000E-01   -3.812477E+01    9.122381E+01   -8.285692E+01    0.000000E+00    0.000000E+00    0.000000E+00   -2.125826E+02   -7.569834E+01    1.487902E+01    0.000000E+00    0.000000E+00    0.000000E+00
4.825000E-01   -5.273514E+01    8.484936E+01   -8.969527E+01    0.000000E+00    0.000000E+00    0.000000E+00   -2.126127E+02   -9.671594E+01    3.376691E+01    0.000000E+00    0.000000E+00    0.000000E+00
4.835000E-01   -7.320615E+00    1.112379E+02   -8.996958E+01    0.000000E+00    0.000000E+00    0.000000E+00   -2.450248E+02   -4.125063E+01   -3.103901E+01    0.000000E+00    0.000000E+00    0.000000E+00
4.845000E-01   -8.958334E+00    9.142162E+01   -7.934349E+01    0.000000E+00    0.000000E+00    0.000000E+00   -2.078182E+02   -3.890757E+01   -2.144914E+01    0.000000E+00    0.000000E+00    0.000000E+00
4.855000E-01   -4.013352E+01    7.215628E+01   -6.179128E+01    0.000000E+00    0.000000E+00    0.000000E+00   -1.628116E+02   -7.124739E+01    2.283705E+01    0.000000E+00    0.000000E+00    0.000000E+00
4.865000E-01    2.599254E+01    1.143672E+02   -7.400851E+01    0.000000E+00    0.000000E+00    0.000000E+00   -2.287492E+02    4.337490E+00   -7.395805E+01    0.000000E+00    0.000000E+00    0.000000E+00
4.875000E-01   -6.106199E+01    9.137582E+01   -8.590532E+01    0.000000E+00    0.000000E+00    0.000000E+00   -2.145189E+02   -1.068312E+02    3.960165E+01    0.000000E+00    0.000000E+00    0.000000E+00
4.885000E-01   -1.033465E+02    6.719886E+01   -9.410510E+01    0.000000E+00    0.000000E+00    0.000000E+00   -1.951002E+02   -1.610374E+02    1.007390E+02    0.000000E+00    0.000000E+00    0.000000E+00
4.895000E-01    3.485416E+01    1.302622E+02   -7.064899E+01    0.000000E+00    0.000000E+00    0.000000E+00   -2.433550E+02    1.572322E+01   -9.159605E+01    0.000000E+00    0.000000E+00    0.000000E+00
4.905000E-01   -6.201654E+01    8.585604E+01   -9.072194E+01    0.000000E+00    0.000000E+00    0.000000E+00   -2.131733E+02   -1.101406E+02    4.187254E+01    0.000000E+00    0.000000E+00    0.000000E+00
4.915000E-01   -6.614300E+01    7.972419E+01   -9.825233E+01    0.000000E+00    0.000000E+00    0.000000E+00   -2.153552E+02   -1.176358E+02    5.025795E+01    0.000000E+00    0.000000E+00    0.000000E+00
4.925000E-01   -3.210478E+01    1.022545E+02   -8.876769E+01    0.000000E+00    0.000000E+00    0.000000E+00   -2.306534E+02   -7.325536E+01   -6.829359E-01    0.000000E+00    0.000000E+00    0.000000E+00
4.935000E-01    3.570261E+01    1.217049E+02   -5.803597E+01    0.000000E+00    0.000000E+00    0.000000E+00   -2.173310E+02    2.087750E+01   -9.033354E+01    0.000000E+00    0.000000E+00    0.000000E+00
4.945000E-01    2.195140E+01    1.026418E+02   -5.061717E+01    0.000000E+00    0.000000E+00    0.000000E+00   -1.846996E+02    6.482739E+00   -6.728290E+01    0.000000E+00    0.000000E+00    0.000000E+00
4.955000E-01    4.618959E+00    1.007667E+02   -6.336831E+01    0.000000E+00    0.000000E+00    0.000000E+00   -1.968654E+02   -1.998786E+01   -4.634509E+01    0.000000E+00    0.000000E+00    0.000000E+00
4.965000E-01   -7.791015E+01    3.382412E+01   -7.043665E+01    0.000000E+00    0.000000E+00    0.000000E+00   -1.244634E+02   -1.232800E+02    7.922934E+01    0.000000E+00    0.000000E+00    0.000000E+00
4.975000E-01   -9.075802E+01    4.537081E+01   -8.962025E+01    0.000000E+00    0.000000E+00    0.000000E+00   -1.610129E+02   -1.463960E+02    8.990195E+01    0.000000E+00    0.000000E+00    0.000000E+00
4.985000E-01   -6.166387E+01    7.250467E+01   -8.445812E+01    0.000000E+00    0.000000E+00    0.000000E+00   -1.876401E+02   -1.092551E+02    4.411662E+01    0.000000E+00    0.000000E+00    0.000000E+00
4.995000E-01   -1.782124E+01    8.462084E+01   -7.236583E+01    0.000000E+00    0.000000E+00    0.000000E+00   -1.876161E+02   -5.160129E+01   -1.392436E+01    0.000000E+00    0.000000E+00    0.000000E+00
5.005000E-01   -5.078132E+01    6.145773E+01   -7.003186E+01    0.000000E+00    0.000000E+00    0.000000E+00   -1.566205E+02   -9.033589E+01    3.470180E+01    0.000000E+00    0.000000E+00    0.000000E+00
5.015000E-01   -1.334237E+01    1.103053E+02   -8.137609E+01    0.000000E+00    0.000000E+00    0.000000E+00   -2.287668E+02   -5.006796E+01   -3.033735E+01    0.000000E+00    0.000000E+00    0.000000E+00
5.025000E-01   -5.317308E+01    9.017230E+01   -9.711938E+01    0.000000E+00    0.000000E+00    0.000000E+00   -2.218093E+02   -1.053117E+02    2.434238E+01    0.000000E+00    0.000000E+00    0.000000E+00
5.035000E-01   -7.857460E+01    5.243565E+01   -9.902024E+01    0.000000E+00    0.000000E+00    0.000000E+00   -1.797749E+02   -1.362615E+02    7.104202E+01    0.000000E+00    0.000000E+00    0.000000E+00
5.045000E-01   -1.083598E+01    1.082382E+02   -6.979038E+01    0.000000E+00    0.000000E+00    0.000000E+00   -2.116868E+02   -4.216002E+01   -3.274405E+01    0.000000E+00    0.000000E+00    0.000000E+00
5.055000E-01   -3.571385E+01    6.804626E+01   -6.120441E+01    0.000000E+00    0.000000E+00    0.000000E+00   -1.532205E+02   -6.876400E+01    1.302272E+01    0.000000E+00    0.000000E+00    0.000000E+00
5.065000E-01   -2.367508E+01    9.761373E+01   -7.910863E+01    0.000000E+00    0.000000E+00    0.000000E+00   -2.089551E+02   -6.255938E+01   -1.473746E+01    0.000000E+00    0.000000E+00    0.000000E+00
5.075000E-01   -5.869122E+01    6.731333E+01   -9.203419E+01    0.000000E+00    0.000000E+00    0.000000E+00   -1.878577E+02   -1.104728E+02    3.954838E+01    0.000000E+00    0.000000E+00    0.000000E+00
5.085000E-01   -1.103811E+01    1.127217E+02   -5.786425E+01    0.000000E+00    0.000000E+00    0.000000E+00   -2.019856E+02   -3.781839E+01   -3.579640E+01    0.000000E+00    0.000000E+00    0.000000E+00
5.095000E-01   -3.165769E+01    1.000532E+02   -6.886545E+01    0.000000E+00    0.000000E+00    0.000000E+00   -1.986875E+02   -6.772983E+01   -7.526646E+00    0.000000E+00    0.000000E+00    0.000000E+00
5.105000E-01    6.110925E+01    1.585423E+02   -3.772551E+01    0.000000E+00    0.000000E+00    0.000000E+00   -2.319937E+02    5.565075E+01   -1.424594E+02    0.000000E+00    0.000000E+00    0.000000E+00
5.115000E-01   -8.690726E+01    4.157549E+01   -9.757267E+01    0.000000E+00    0.000000E+00    0.000000E+00   -1.606845E+02   -1.474445E+02    8.118645E+01    0.000000E+00    0.000000E+00    0.000000E+00
5.125000E-01   -4.109961E+01    8.392243E+01   -8.685177E+01    0.000000E+00    0.000000E+00    0.000000E+00   -1.991894E+02   -8.828218E+01    9.462217E+00    0.000000E+00    0.000000E+00    0.000000E+00
5.135000E-01   -5.370035E+01    7.653123E+01   -8.994520E+01    0.000000E+00    0.000000E+00    0.000000E+00   -1.928663E+02   -1.051950E+02    2.640859E+01    0.000000E+00    0.000000E+00    0.000000E+00
5.145000E-01    8.049372E+01    1.915383E+02   -1.379597E+01    0.000000E+00    0.000000E+00    0.000000E+00   -2.434299E+02    8.995838E+01   -1.790503E+02    0.000000E+00    0.000000E+00    0.000000E+00
5.155000E-01    5.067787E+00    1.254849E+02   -4.532432E+01    0.000000E+00    0.000000E+00    0.000000E+00   -1.975698E+02   -1.495666E+01   -6.529082E+01    0.000000E+00    0.000000E+00    0.000000E+00
5.165000E-01   -5.904014E+00    1.189311E+02   -6.169864E+01    0.000000E+00    0.000000E+00    0.000000E+00   -2.089931E+02   -3.564146E+01   -4.927276E+01    0.000000E+00    0.000000E+00    0.000000E+00
5.175000E-01   -3.798230E+01    9.723851E+01   -8.215645E+01    0.000000E+00    0.000000E+00    0.000000E+00   -2.052704E+02   -8.373340E+01   -3.591951E+00    0.000000E+00    0.000000E+00    0.000000E+00
5.185000E-01   -4.280623E+01    9.161918E+01   -8.674731E+01    0.000000E+00    0.000000E+00    0.000000E+00   -2.037905E+02   -9.159070E+01    4.356850E+00    0.000000E+00    0.000000E+00    0.000000E+00
5.195000E-01   -3.833423E+01    8.360553E+01   -8.361630E+01    0.000000E+00    0.000000E+00    0.000000E+00   -1.909810E+02   -8.492707E+01    3.083088E+00    0.000000E+00    0.000000E+00    0.000000E+00
5.205000E-01   -2.675488E+01    9.918107E+01   -6.688298E+01    0.000000E+00    0.000000E+00    0.000000E+00   -1.891572E+02   -6.343813E+01   -1.855875E+01    0.000000E+00    0.000000E+00    0.000000E+00
5.215000E-01   -2.126887E+01    1.027267E+02   -8.297240E+01    0.000000E+00    0.000000E+00    0.000000E+00   -2.109962E+02   -6.550986E+01   -2.695743E+01    0.000000E+00    0.000000E+00    0.000000E+00
5.225000E-01   -5.180150E+01    8.581466E+01   -9.582818E+01    0.000000E+00    0.000000E+00    0.000000E+00   -2.045180E+02   -1.071963E+02    1.492721E+01    0.000000E+00    0.000000E+00    0.000000E+00
5.235000E-01   -1.609133E+01    1.185258E+02   -6.658913E+01    0.000000E+00    0.000000E+00    0.000000E+00   -2.095803E+02   -5.154348E+01   -4.136198E+01    0.000000E+00    0.000000E+00    0.000000E+00
5.245000E-01   -7.022195E+01    4.099142E+01   -9.188554E+01    0.000000E+00    0.000000E+00    0.000000E+00   -1.478471E+02   -1.268783E+02    5.711642E+01    0.000000E+00    0.000000E+00    0.000000E+00
5.255000E-01   -1.061753E+01    1.095734E+02   -7.008949E+01    0.000000E+00    0.000000E+00    0.000000E+00   -2.024763E+02   -4.787434E+01   -4.378906E+01    0.000000E+00    0.000000E+00    0.000000E+00
5.265000E-01   -1.860711E+01    1.080247E+02   -6.487247E+01    0.000000E+00    0.000000E+00    0.000000E+00   -1.939272E+02   -5.395841E+01   -3.446384E+01    0.000000E+00    0.000000E+00    0.000000E+00
5.275000E-01   -3.780039E+01    1.307779E+02   -9.729180E+01    0.000000E+00    0.000000E+00    0.000000E+00   -2.548606E+02   -9.283077E+01   -2.596636E+01    0.000000E+00    0.000000E+00    0.000000E+00
5.285000E-01   -8.351852E+01    1.041910E+01   -1.004618E+02    0.000000E+00    0.000000E+00    0.000000E+00   -1.189479E+02   -1.477338E+02    8.430596E+01    0.000000E+00    0.000000E+00    0.000000E+00
5.295000E-01   -2.715611E+01    7.670143E+01   -8.395865E+01    0.000000E+00    0.000000E+00    0.000000E+00   -1.757677E+02   -7.556892E+01   -1.169389E+01    0.000000E+00    0.000000E+00    0.000000E+00
5.305000E-01   -5.522611E+01    4.460305E+01   -7.705979E+01    0.000000E+00    0.000000E+00    0.000000E+00   -1.317241E+02   -1.033032E+02    3.545206E+01    0.000000E+00    0.000000E+00    0.000000E+00
5.315000E-01   -5.427470E+01    5.896348E+01   -9.157473E+01    0.000000E+00    0.000000E+00    0.000000E+00   -1.641813E+02   -1.099074E+02    2.668175E+01    0.000000E+00    0.000000E+00    0.000000E+00
5.325000E-01   -2.997015E+01    3.627312E+01   -5.953960E+01    0.000000E+00    0.000000E+00    0.000000E+00   -1.046527E+02   -6.568919E+01    1.277137E+01    0.000000E+00    0.000000E+00    0.000000E+00
5.335000E-01   -6.828620E+01    9.263882E+01   -1.304127E+02    0.000000E+00    0.000000E+00    0.000000E+00   -2.431736E+02   -1.461460E+02    2.355981E+01    0.000000E+00    0.000000E+00    0.000000E+00
5.345000E-01   -6.842056E+01    5.255033E+01   -8.460637E+01    0.000000E+00    0.000000E+00    0.000000E+00   -1.491063E+02   -1.214470E+02    4.497319E+01    0.000000E+00    0.000000E+00    0.000000E+00
5.355000E-01   -4.024461E+01    1.128477E+02   -1.072301E+02    0.000000E+00    0.000000E+00    0.000000E+00   -2.402356E+02   -1.028701E+02   -1.820878E+01    0.000000E+00    0.000000E+00    0.000000E+00
5.365000E-01   -8.865199E+01    4.650445E+01   -1.289922E+02    0.000000E+00    0.000000E+00    0.000000E+00   -1.835226E+02   -1.701081E+02    6.576984E+01    0.000000E+00    0.000000E+00    0.000000E+00
5.375000E-01   -5.510619E+01    1.325386E+02   -1.234895E+02    0.000000E+00    0.000000E+00    0.000000E+00   -2.771754E+02   -1.285854E+02   -1.437654E+01    0.000000E+00    0.000000E+00    0.000000E+00
5.385000E-01   -8.397260E+00    9.364954E+01   -3.763257E+01    0.000000E+00    0.000000E+00    0.000000E+00   -1.438727E+02   -2.977281E+01   -4.268536E+01    0.000000E+00    0.000000E+00    0.000000E+00
5.395000E-01   -8.188139E+01    1.490915E+02   -1.687591E+02    0.000000E+00    0.000000E+00    0.000000E+00   -3.382385E+02   -1.839248E+02    1.430090E+00    0.000000E+00    0.000000E+00    0.000000E+00
5.405000E-01   -2.236975E+01    7.187784E+01   -4.928524E+01    0.000000E+00    0.000000E+00    0.000000E+00   -1.293456E+02   -5.227057E+01   -1.746089E+01    0.000000E+00    0.000000E+00    0.000000E+00
5.415000E-01   -4.985538E+01    1.461407E+02   -1.136972E+02    0.000000E+00    0.000000E+00    0.000000E+00   -2.776751E+02   -1.178611E+02   -3.030749E+01    0.000000E+00    0.000000E+00    0.000000E+00
5.425000E-01   -8.625472E+01    5.820139E+01   -1.343185E+02    0.000000E+00    0.000000E+00    0.000000E+00   -1.979552E+02   -1.708307E+02    5.370346E+01    0.000000E+00    0.000000E+00    0.000000E+00
5.435000E-01   -7.422232E+01    9.109101E+01   -1.196579E+02    0.000000E+00    0.000000E+00    0.000000E+00   -2.193476E+02   -1.490874E+02    2.302309E+01    0.000000E+00    0.000000E+00    0.000000E+00
5.445000E-01   -4.917102E+01    1.051838E+02   -8.836738E+01    0.000000E+00    0.000000E+00    0.000000E+00   -2.019710E+02   -1.039173E+02   -1.135678E+01    0.000000E+00    0.000000E+00    0.000000E+00
5.455000E-01   -4.978146E+01    9.753762E+01   -1.106195E+02    0.000000E+00    0.000000E+00    0.000000E+00   -2.160929E+02   -1.178439E+02   -6.678647E+00    0.000000E+00    0.000000E+00    0.000000E+00
5.465000E-01   -7.464933E+01    9.910917E+01   -1.164863E+02    0.000000E+00    0.000000E+00    0.000000E+00   -2.214268E+02   -1.480580E+02    1.611909E+01    0.000000E+00    0.000000E+00    0.000000E+00
5.475000E-01   -5.850463E+01    6.422939E+01   -1.031533E+02    0.000000E+00    0.000000E+00    0.000000E+00   -1.687671E+02   -1.238536E+02    1.911567E+01    0.000000E+00    0.000000E+00    0.000000E+00
5.485000E-01   -8.566836E+01    3.524791E+01   -1.356164E+02    0.000000E+00    0.000000E+00    0.000000E+00   -1.694268E+02   -1.720990E+02    6.309929E+01    0.000000E+00    0.000000E+00    0.000000E+00
5.495000E-01   -6.486651E+01    4.652676E+01   -1.002897E+02    0.000000E+00    0.000000E+00    0.000000E+00   -1.476244E+02   -1.286755E+02    3.590559E+01    0.000000E+00    0.000000E+00    0.000000E+00
5.505000E-01   -5.945116E+01    4.698677E+01   -1.077871E+02    0.000000E+00    0.000000E+00    0.000000E+00   -1.547449E+02   -1.275260E+02    2.986305E+01    0.000000E+00    0.000000E+00    0.000000E+00
5.515000E-01   -7.060615E+01    4.173284E+01   -1.072492E+02    0.000000E+00    0.000000E+00    0.000000E+00   -1.464405E+02   -1.395735E+02    4.251060E+01    0.000000E+00    0.000000E+00    0.000000E+00
5.525000E-01   -6.102833E+01    4.847478E+01   -1.007819E+02    0.000000E+00    0.000000E+00    0.000000E+00   -1.484121E+02   -1.252282E+02    2.980744E+01    0.000000E+00    0.000000E+00    0.000000E+00
5.535000E-01   -6.189570E+01    4.663934E+01   -1.007634E+02    0.000000E+00    0.000000E+00    0.000000E+00   -1.457512E+02   -1.264915E+02    3.108294E+01    0.000000E+00    0.000000E+00    0.000000E+00
5.545000E-01   -6.872665E+01    1.547395E+01   -8.558936E+01    0.000000E+00    0.000000E+00    0.000000E+00   -9.816502E+01   -1.243436E+02    5.651633E+01    0.000000E+00    0.000000E+00    0.000000E+00
5.555000E-01   -4.912691E+01    1.884797E+02   -1.514226E+02    0.000000E+00    0.000000E+00    0.000000E+00   -3.437340E+02   -1.435370E+02   -6.740762E+01    0.000000E+00    0.000000E+00    0.000000E+00
5.565000E-01   -5.706689E+01    6.903280E+01   -8.492608E+01    0.000000E+00    0.000000E+00    0.000000E+00   -1.524730E+02   -1.115721E+02    1.147156E+01    0.000000E+00    0.000000E+00    0.000000E+00
5.575000E-01   -4.718335E+01    1.861195E+02   -1.393721E+02    0.000000E+00    0.000000E+00    0.000000E+00   -3.265346E+02   -1.347976E+02   -6.991737E+01    0.000000E+00    0.000000E+00    0.000000E+00
5.585000E-01   -5.746404E+01    3.557453E+01   -7.820887E+01    0.000000E+00    0.000000E+00    0.000000E+00   -1.095999E+02   -1.082634E+02    3.155125E+01    0.000000E+00    0.000000E+00    0.000000E+00
5.595000E-01   -4.311496E+01    6.192570E+01   -9.211376E+01    0.000000E+00    0.000000E+00    0.000000E+00   -1.492300E+02   -1.025621E+02    1.079118E+00    0.000000E+00    0.000000E+00    0.000000E+00
5.605000E-01   -7.460192E+01    8.150183E+01   -1.170583E+02    0.000000E+00    0.000000E+00    0.000000E+00   -1.928241E+02   -1.498114E+02    1.858249E+01    0.000000E+00    0.000000E+00    0.000000E+00
5.615000E-01   -5.683879E+01    1.120729E+02   -9.983731E+01    0.000000E+00    0.000000E+00    0.000000E+00   -2.072685E+02   -1.214199E+02   -1.865068E+01    0.000000E+00    0.000000E+00    0.000000E+00
5.625000E-01   -5.841397E+01    9.713437E+01   -1.238579E+02    0.000000E+00    0.000000E+00    0.000000E+00   -2.119917E+02   -1.383388E+02   -8.539409E+00    0.000000E+00    0.000000E+00    0.000000E+00
5.635000E-01   -6.491296E+01    1.081336E+02   -9.616404E+01    0.000000E+00    0.000000E+00    0.000000E+00   -1.978081E+02   -1.275909E+02   -1.018704E+01    0.000000E+00    0.000000E+00    0.000000E+00
5.645000E-01   -8.259389E+01    1.299236E+02   -1.499623E+02    0.000000E+00    0.000000E+00    0.000000E+00   -2.676061E+02   -1.799942E+02   -8.767703E+00    0.000000E+00    0.000000E+00    0.000000E+00
5.655000E-01   -8.177981E+01    2.396812E+01   -1.369134E+02    0.000000E+00    0.000000E+00    0.000000E+00   -1.448994E+02   -1.722234E+02    5.654749E+01    0.000000E+00    0.000000E+00    0.000000E+00
5.665000E-01   -6.593569E+01    1.318823E+02   -1.117365E+02    0.000000E+00    0.000000E+00    0.000000E+00   -2.351315E+02   -1.382554E+02   -2.540687E+01    0.000000E+00    0.000000E+00    0.000000E+00
5.675000E-01   -6.363910E+01    1.205638E+02   -1.156585E+02    0.000000E+00    0.000000E+00    0.000000E+00   -2.236825E+02   -1.391861E+02   -2.249288E+01    0.000000E+00    0.000000E+00    0.000000E+00
5.685000E-01   -5.472240E+01    1.328241E+02   -1.176009E+02    0.000000E+00    0.000000E+00    0.000000E+00   -2.379758E+02   -1.315815E+02   -3.834535E+01    0.000000E+00    0.000000E+00    0.000000E+00
5.695000E-01   -5.564545E+01    1.327559E+02   -1.053206E+02    0.000000E+00    0.000000E+00    0.000000E+00   -2.258381E+02   -1.245035E+02   -3.823017E+01    0.000000E+00    0.000000E+00    0.000000E+00
5.705000E-01   -6.884500E+01    9.136535E+01   -1.017430E+02    0.000000E+00    0.000000E+00    0.000000E+00   -1.799085E+02   -1.356173E+02   -4.629653E-01    0.000000E+00    0.000000E+00    0.000000E+00
5.715000E-01   -4.997411E+01    1.246777E+02   -1.031094E+02    0.000000E+00    0.000000E+00    0.000000E+00   -2.106948E+02   -1.185179E+02   -4.099605E+01    0.000000E+00    0.000000E+00    0.000000E+00
5.725000E-01   -5.336456E+01    1.715775E+02   -1.133171E+02    0.000000E+00    0.000000E+00    0.000000E+00   -2.699909E+02   -1.276581E+02   -6.761418E+01    0.000000E+00    0.000000E+00    0.000000E+00
5.735000E-01   -6.884619E+01    7.499270E+01   -1.347659E+02    0.000000E+00    0.000000E+00    0.000000E+00   -1.817322E+02   -1.595814E+02    4.392236E+00    0.000000E+00    0.000000E+00    0.000000E+00
5.745000E-01   -7.303710E+01    1.213072E+02   -1.057435E+02    0.000000E+00    0.000000E+00    0.000000E+00   -2.108395E+02   -1.423253E+02   -1.919938E+01    0.000000E+00    0.000000E+00    0.000000E+00
5.755000E-01   -1.019402E+01    1.534643E+02   -8.669741E+01    0.000000E+00    0.000000E+00    0.000000E+00   -2.222453E+02   -6.900384E+01   -9.629389E+01    0.000000E+00    0.000000E+00    0.000000E+00
5.765000E-01   -7.840845E+01    9.036954E+01   -1.160823E+02    0.000000E+00    0.000000E+00    0.000000E+00   -1.835588E+02   -1.553842E+02    2.685370E+00    0.000000E+00    0.000000E+00    0.000000E+00
5.775000E-01   -7.824535E+01    8.297148E+01   -1.461186E+02    0.000000E+00    0.000000E+00    0.000000E+00   -1.973739E+02   -1.770248E+02    5.371288E+00    0.000000E+00    0.000000E+00    0.000000E+00
5.785000E-01   -5.054051E+01    1.535088E+02   -9.805540E+01    0.000000E+00    0.000000E+00    0.000000E+00   -2.299793E+02   -1.160977E+02   -6.396754E+01    0.000000E+00    0.000000E+00    0.000000E+00
5.795000E-01   -5.721230E+01    3.542203E+01   -1.217139E+02    0.000000E+00    0.000000E+00    0.000000E+00   -1.286400E+02   -1.404931E+02    1.963238E+01    0.000000E+00    0.000000E+00    0.000000E+00
5.805000E-01   -8.644070E+01    9.218130E+01   -1.498447E+02    0.000000E+00    0.000000E+00    0.000000E+00   -2.073807E+02   -1.894034E+02    2.472996E+00    0.000000E+00    0.000000E+00    0.000000E+00
5.815000E-01   -8.793374E+01    5.160686E+01   -1.780308E+02    0.000000E+00    0.000000E+00    0.000000E+00   -1.860360E+02   -2.100615E+02    3.085840E+01    0.000000E+00    0.000000E+00    0.000000E+00
5.825000E-01   -9.165628E+01    8.659369E+01   -1.483189E+02    0.000000E+00    0.000000E+00    0.000000E+00   -1.955925E+02   -1.925882E+02    8.638107E+00    0.000000E+00    0.000000E+00    0.000000E+00
5.835000E-01   -8.859465E+01    8.022410E+01   -1.449912E+02    0.000000E+00    0.000000E+00    0.000000E+00   -1.863956E+02   -1.875320E+02    1.000380E+01    0.000000E+00    0.000000E+00    0.000000E+00
5.845000E-01   -5.690752E+01    9.501162E+01   -1.274480E+02    0.000000E+00    0.000000E+00    0.000000E+00   -1.857451E+02   -1.452639E+02   -2.540914E+01    0.000000E+00    0.000000E+00    0.000000E+00
5.855000E-01   -6.196773E+01    1.159844E+02   -8.998446E+01    0.000000E+00    0.000000E+00    0.000000E+00   -1.782169E+02   -1.227756E+02   -3.664785E+01    0.000000E+00    0.000000E+00    0.000000E+00
5.865000E-01   -1.098652E+02    7.828924E+01   -1.910481E+02    0.000000E+00    0.000000E+00    0.000000E+00   -2.124925E+02   -2.415726E+02    2.318439E+01    0.000000E+00    0.000000E+00    0.000000E+00
5.875000E-01   -8.350410E+01    8.695911E+01   -1.517782E+02    0.000000E+00    0.000000E+00    0.000000E+00   -1.914809E+02   -1.883871E+02   -2.524801E+00    0.000000E+00    0.000000E+00    0.000000E+00
5.885000E-01   -5.702758E+01    9.232035E+01   -9.662809E+01    0.000000E+00    0.000000E+00    0.000000E+00   -1.551400E+02   -1.236128E+02   -2.681107E+01    0.000000E+00    0.000000E+00    0.000000E+00
5.895000E-01   -7.683291E+01    1.092063E+02   -1.375463E+02    0.000000E+00    0.000000E+00    0.000000E+00   -2.001001E+02   -1.718741E+02   -2.518919E+01    0.000000E+00    0.000000E+00    0.000000E+00
5.905000E-01   -6.002753E+01    1.288814E+02   -1.155983E+02    0.000000E+00    0.000000E+00    0.000000E+00   -2.004557E+02   -1.406606E+02   -5.311098E+01    0.000000E+00    0.000000E+00    0.000000E+00
5.915000E-01   -1.078947E+02    5.211871E+01   -1.622044E+02    0.000000E+00    0.000000E+00    0.000000E+00   -1.594586E+02   -2.194034E+02    3.546160E+01    0.000000E+00    0.000000E+00    0.000000E+00
5.925000E-01   -7.845663E+01    1.253745E+02   -1.582187E+02    0.000000E+00    0.000000E+00    0.000000E+00   -2.228074E+02   -1.900291E+02   -4.016698E+01    0.000000E+00    0.000000E+00    0.000000E+00
5.935000E-01   -9.838537E+01    1.140933E+02   -1.420203E+02    0.000000E+00    0.000000E+00    0.000000E+00   -1.994363E+02   -1.959538E+02   -1.982222E+01    0.000000E+00    0.000000E+00    0.000000E+00
5.945000E-01   -5.951621E+01    1.495148E+02   -1.296609E+02    0.000000E+00    0.000000E+00    0.000000E+00   -2.223643E+02   -1.520259E+02   -7.345561E+01    0.000000E+00    0.000000E+00    0.000000E+00
5.955000E-01   -8.631794E+01    1.004811E+02   -1.455918E+02    0.000000E+00    0.000000E+00    0.000000E+00   -1.876789E+02   -1.879700E+02   -1.901407E+01    0.000000E+00    0.000000E+00    0.000000E+00
5.965000E-01   -6.869004E+01    1.632056E+02   -1.540764E+02    0.000000E+00    0.000000E+00    0.000000E+00   -2.466303E+02   -1.794397E+02   -8.017839E+01    0.000000E+00    0.000000E+00    0.000000E+00
5.975000E-01   -9.590269E+01    1.045304E+02   -1.447320E+02    0.000000E+00    0.000000E+00    0.000000E+00   -1.864560E+02   -1.964067E+02   -1.888387E+01    0.000000E+00    0.000000E+00    0.000000E+00
5.985000E-01   -6.451733E+01    1.134446E+02   -1.418909E+02    0.000000E+00    0.000000E+00    0.000000E+00   -1.895517E+02   -1.672503E+02   -4.741778E+01    0.000000E+00    0.000000E+00    0.000000E+00
5.995000E-01   -7.764472E+01    6.835781E+01   -1.127954E+02    0.000000E+00    0.000000E+00    0.000000E+00   -1.307847E+02   -1.560654E+02   -4.943029E+00    0.000000E+00    0.000000E+00    0.000000E+00
6.005000E-01   -7.096033E+01    1.313246E+02   -1.711847E+02    0.000000E+00    0.000000E+00    0.000000E+00   -2.199392E+02   -1.963399E+02   -5.944011E+01    0.000000E+00    0.000000E+00    0.000000E+00
6.015000E-01   -1.047353E+02    1.098839E+02   -1.431183E+02    0.000000E+00    0.000000E+00    0.000000E+00   -1.811235E+02   -2.041230E+02   -2.453153E+01    0.000000E+00    0.000000E+00    0.000000E+00
6.025000E-01   -5.531947E+01    1.438746E+02   -1.574092E+02    0.000000E+00    0.000000E+00    0.000000E+00   -2.170505E+02   -1.732791E+02   -8.168092E+01    0.000000E+00    0.000000E+00    0.000000E+00
6.035000E-01   -1.268647E+02    3.458270E+01   -1.632642E+02    0.000000E+00    0.000000E+00    0.000000E+00   -1.221580E+02   -2.396367E+02    4.421573E+01    0.000000E+00    0.000000E+00    0.000000E+00
6.045000E-01   -5.564785E+01    1.163854E+02   -1.540092E+02    0.000000E+00    0.000000E+00    0.000000E+00   -1.868597E+02   -1.718942E+02   -6.213850E+01    0.000000E+00    0.000000E+00    0.000000E+00
6.055000E-01   -1.277133E+02    2.821781E+01   -1.885779E+02    0.000000E+00    0.000000E+00    0.000000E+00   -1.271806E+02   -2.604422E+02    4.710793E+01    0.000000E+00    0.000000E+00    0.000000E+00
6.065000E-01   -1.043082E+02    6.516756E+01   -1.786084E+02    0.000000E+00    0.000000E+00    0.000000E+00   -1.509762E+02   -2.338943E+02    2.453688E+00    0.000000E+00    0.000000E+00    0.000000E+00
6.075000E-01   -9.725065E+01    8.659842E+01   -1.727618E+02    0.000000E+00    0.000000E+00    0.000000E+00   -1.668964E+02   -2.222129E+02   -1.781931E+01    0.000000E+00    0.000000E+00    0.000000E+00
6.085000E-01   -1.164817E+02    9.267629E+01   -1.845600E+02    0.000000E+00    0.000000E+00    0.000000E+00   -1.756037E+02   -2.489683E+02   -1.501298E+01    0.000000E+00    0.000000E+00    0.000000E+00
6.095000E-01   -9.715196E+01    8.351494E+01   -1.770281E+02    0.000000E+00    0.000000E+00    0.000000E+00   -1.605333E+02   -2.271653E+02   -1.941390E+01    0.000000E+00    0.000000E+00    0.000000E+00
6.105000E-01   -1.298955E+02    7.151822E+01   -2.047853E+02    0.000000E+00    0.000000E+00    0.000000E+00   -1.614059E+02   -2.777833E+02    5.137501E+00    0.000000E+00    0.000000E+00    0.000000E+00
6.115000E-01   -1.112986E+02    4.457041E+01   -1.785356E+02    0.000000E+00    0.000000E+00    0.000000E+00   -1.227574E+02   -2.412890E+02    1.588571E+01    0.000000E+00    0.000000E+00    0.000000E+00
6.125000E-01   -1.364619E+02    7.083987E+01   -2.367976E+02    0.000000E+00    0.000000E+00    0.000000E+00   -1.688332E+02   -3.105527E+02    4.014101E+00    0.000000E+00    0.000000E+00    0.000000E+00
6.135000E-01   -8.417562E+01    1.542801E+02   -1.591397E+02    0.000000E+00    0.000000E+00    0.000000E+00   -2.052969E+02   -2.026118E+02   -8.823813E+01    0.000000E+00    0.000000E+00    0.000000E+00
6.145000E-01   -1.550709E+02    5.827776E+01   -2.393780E+02    0.000000E+00    0.000000E+00    0.000000E+00   -1.556618E+02   -3.278950E+02    2.031063E+01    0.000000E+00    0.000000E+00    0.000000E+00
6.155000E-01   -8.483771E+01    7.174806E+01   -1.500320E+02    0.000000E+00    0.000000E+00    0.000000E+00   -1.231418E+02   -1.968954E+02   -2.470363E+01    0.000000E+00    0.000000E+00    0.000000E+00
6.165000E-01   -1.106685E+02    1.302650E+02   -1.724591E+02    0.000000E+00    0.000000E+00    0.000000E+00   -1.822681E+02   -2.367118E+02   -6.240501E+01    0.000000E+00    0.000000E+00    0.000000E+00
6.175000E-01   -9.570228E+01    9.729379E+01   -1.593512E+02    0.000000E+00    0.000000E+00    0.000000E+00   -1.455698E+02   -2.138599E+02   -4.337382E+01    0.000000E+00    0.000000E+00    0.000000E+00
6.185000E-01   -1.291429E+02   -2.719299E+01   -2.110260E+02    0.000000E+00    0.000000E+00    0.000000E+00   -5.907902E+01   -2.846539E+02    7.267413E+01    0.000000E+00    0.000000E+00    0.000000E+00
6.195000E-01   -1.140543E+02    1.168901E+02   -1.871288E+02    0.000000E+00    0.000000E+00    0.000000E+00   -1.680066E+02   -2.532506E+02   -5.572552E+01    0.000000E+00    0.000000E+00    0.000000E+00
6.205000E-01   -1.321016E+02    9.339570E+00   -2.255258E+02    0.000000E+00    0.000000E+00    0.000000E+00   -8.886239E+01   -3.002819E+02    3.951205E+01    0.000000E+00    0.000000E+00    0.000000E+00
6.215000E-01   -1.132192E+02    1.398483E+02   -1.889666E+02    0.000000E+00    0.000000E+00    0.000000E+00   -1.837860E+02   -2.544143E+02   -7.815370E+01    0.000000E+00    0.000000E+00    0.000000E+00
6.225000E-01   -1.015881E+02    7.547428E+01   -1.892665E+02    0.000000E+00    0.000000E+00    0.000000E+00   -1.276365E+02   -2.447870E+02   -2.948369E+01    0.000000E+00    0.000000E+00    0.000000E+00
6.235000E-01   -1.423287E+02    7.078783E+01   -1.993858E+02    0.000000E+00    0.000000E+00    0.000000E+00   -1.245145E+02   -2.874566E+02   -1.356349E+01    0.000000E+00    0.000000E+00    0.000000E+00
6.245000E-01   -1.214635E+02    9.593965E+01   -2.280736E+02    0.000000E+00    0.000000E+00    0.000000E+00   -1.523200E+02   -2.952230E+02   -4.328455E+01    0.000000E+00    0.000000E+00    0.000000E+00
6.255000E-01   -1.419502E+02    3.130889E+01   -2.210983E+02    0.000000E+00    0.000000E+00    0.000000E+00   -9.174230E+01   -3.063548E+02    1.546535E+01    0.000000E+00    0.000000E+00    0.000000E+00
6.265000E-01   -1.228120E+02    5.896425E+01   -2.047078E+02    0.000000E+00    0.000000E+00    0.000000E+00   -1.077410E+02   -2.774132E+02   -1.523446E+01    0.000000E+00    0.000000E+00    0.000000E+00
6.275000E-01   -1.398602E+02   -1.827304E+01   -2.267458E+02    0.000000E+00    0.000000E+00    0.000000E+00   -4.748023E+01   -3.098019E+02    5.445887E+01    0.000000E+00    0.000000E+00    0.000000E+00
6.285000E-01   -1.270951E+02    7.776451E+01   -2.027885E+02    0.000000E+00    0.000000E+00    0.000000E+00   -1.175711E+02   -2.797344E+02   -3.367677E+01    0.000000E+00    0.000000E+00    0.000000E+00
6.295000E-01   -1.548534E+02    3.386847E+01   -2.320798E+02    0.000000E+00    0.000000E+00    0.000000E+00   -8.695701E+01   -3.277735E+02    9.685236E+00    0.000000E+00    0.000000E+00    0.000000E+00
6.305000E-01   -1.492426E+02   -3.752023E+01   -2.335846E+02    0.000000E+00    0.000000E+00    0.000000E+00   -2.308260E+01   -3.250812E+02    6.700909E+01    0.000000E+00    0.000000E+00    0.000000E+00
6.315000E-01   -1.232056E+02    1.355444E+02   -1.973298E+02    0.000000E+00    0.000000E+00    0.000000E+00   -1.591084E+02   -2.728191E+02   -8.865153E+01    0.000000E+00    0.000000E+00    0.000000E+00
6.325000E-01   -1.318588E+02    2.524285E+01   -2.120955E+02    0.000000E+00    0.000000E+00    0.000000E+00   -6.522997E+01   -2.931962E+02    5.321132E+00    0.000000E+00    0.000000E+00    0.000000E+00
6.335000E-01   -1.421701E+02    1.094420E+01   -2.383503E+02    0.000000E+00    0.000000E+00    0.000000E+00   -5.624833E+01   -3.247474E+02    1.858215E+01    0.000000E+00    0.000000E+00    0.000000E+00
6.345000E-01   -1.488703E+02    4.134148E+01   -2.332854E+02    0.000000E+00    0.000000E+00    0.000000E+00   -7.961028E+01   -3.256081E+02   -7.124238E+00    0.000000E+00    0.000000E+00    0.000000E+00
6.355000E-01   -1.182964E+02    3.592769E+01   -1.799015E+02    0.000000E+00    0.000000E+00    0.000000E+00   -6.175838E+01   -2.547181E+02   -1.052240E+01    0.000000E+00    0.000000E+00    0.000000E+00
6.365000E-01   -1.455023E+02   -4.830575E+00   -2.311477E+02    0.000000E+00    0.000000E+00    0.000000E+00   -3.397630E+01   -3.218056E+02    2.781440E+01    0.000000E+00    0.000000E+00    0.000000E+00
6.375000E-01   -1.315573E+02    2.347029E+01   -2.108430E+02    0.000000E+00    0.000000E+00    0.000000E+00   -5.129290E+01   -2.933225E+02   -7.292351E-01    0.000000E+00    0.000000E+00    0.000000E+00
6.385000E-01   -1.557347E+02    1.540680E+01   -2.175440E+02    0.000000E+00    0.000000E+00    0.000000E+00   -4.815827E+01   -3.182548E+02    1.088984E+01    0.000000E+00    0.000000E+00    0.000000E+00
6.395000E-01   -1.275413E+02    4.416295E+01   -2.317913E+02    0.000000E+00    0.000000E+00    0.000000E+00   -6.463391E+01   -3.097609E+02   -2.371347E+01    0.000000E+00    0.000000E+00    0.000000E+00
6.405000E-01   -1.310495E+02   -2.165572E+01   -1.903112E+02    0.000000E+00    0.000000E+00    0.000000E+00   -3.454816E+00   -2.759591E+02    3.384719E+01    0.000000E+00    0.000000E+00    0.000000E+00
6.415000E-01   -1.251579E+02    7.287429E-01   -2.053240E+02    0.000000E+00    0.000000E+00    0.000000E+00   -1.976573E+01   -2.847999E+02    1.105954E+01    0.000000E+00    0.000000E+00    0.000000E+00
6.425000E-01   -1.330831E+02    4.837334E+01   -2.147745E+02    0.000000E+00    0.000000E+00    0.000000E+00   -6.111595E+01   -2.992076E+02   -2.995533E+01    0.000000E+00    0.000000E+00    0.000000E+00
6.435000E-01   -1.397407E+02    3.077491E+01   -2.128681E+02    0.000000E+00    0.000000E+00    0.000000E+00   -4.564349E+01   -3.029308E+02   -1.447025E+01    0.000000E+00    0.000000E+00    0.000000E+00
6.445000E-01   -1.330715E+02    1.016223E+02   -2.295875E+02    0.000000E+00    0.000000E+00    0.000000E+00   -1.019061E+02   -3.132136E+02   -7.977422E+01    0.000000E+00    0.000000E+00    0.000000E+00
6.455000E-01   -1.455280E+02    1.306251E+01   -2.282119E+02    0.000000E+00    0.000000E+00    0.000000E+00   -2.494068E+01   -3.222891E+02   -2.863989E+00    0.000000E+00    0.000000E+00    0.000000E+00
6.465000E-01   -1.327124E+02    1.345679E+01   -2.071372E+02    0.000000E+00    0.000000E+00    0.000000E+00   -2.107263E+01   -2.937928E+02   -5.757355E+00    0.000000E+00    0.000000E+00    0.000000E+00
6.475000E-01   -1.304421E+02    9.728891E+00   -2.119094E+02    0.000000E+00    0.000000E+00    0.000000E+00   -1.579200E+01   -2.963019E+02   -3.975766E+00    0.000000E+00    0.000000E+00    0.000000E+00
6.485000E-01   -1.426730E+02    3.086166E+01   -2.369601E+02    0.000000E+00    0.000000E+00    0.000000E+00   -3.200368E+01   -3.288747E+02   -2.373412E+01    0.000000E+00    0.000000E+00    0.000000E+00
6.495000E-01   -1.582078E+02    9.159575E+00   -2.349091E+02    0.000000E+00    0.000000E+00    0.000000E+00   -9.544544E+00   -3.399765E+02   -7.025287E+00    0.000000E+00    0.000000E+00    0.000000E+00
6.505000E-01   -1.572632E+02   -8.175846E+01   -2.397414E+02    0.000000E+00    0.000000E+00    0.000000E+00    6.887875E+01   -3.431844E+02    7.182352E+01    0.000000E+00    0.000000E+00    0.000000E+00
6.515000E-01   -1.337864E+02   -2.661609E+01   -2.237902E+02    0.000000E+00    0.000000E+00    0.000000E+00    2.580196E+01   -3.103386E+02    2.148206E+01    0.000000E+00    0.000000E+00    0.000000E+00
6.525000E-01   -1.179881E+02   -1.451166E+01   -1.707088E+02    0.000000E+00    0.000000E+00    0.000000E+00    1.517439E+01   -2.500338E+02    1.036933E+01    0.000000E+00    0.000000E+00    0.000000E+00
6.535000E-01   -1.423214E+02    1.286943E+01   -2.501194E+02    0.000000E+00    0.000000E+00    0.000000E+00   -9.206390E-01   -3.415957E+02   -1.731021E+01    0.000000E+00    0.000000E+00    0.000000E+00
6.545000E-01   -1.410276E+02   -3.378551E+01   -2.224193E+02    0.000000E+00    0.000000E+00    0.000000E+00    3.746520E+01   -3.153213E+02    2.389711E+01    0.000000E+00    0.000000E+00    0.000000E+00
6.555000E-01   -1.483054E+02   -3.373135E+00   -2.272846E+02    0.000000E+00    0.000000E+00    0.000000E+00    1.557195E+01   -3.262956E+02   -5.277786E+00    0.000000E+00    0.000000E+00    0.000000E+00
6.565000E-01   -1.361670E+02    6.789207E+01   -2.298799E+02    0.000000E+00    0.000000E+00    0.000000E+00   -4.037320E+01   -3.189624E+02   -7.035807E+01    0.000000E+00    0.000000E+00    0.000000E+00
6.575000E-01   -1.267756E+02    6.658878E+01   -2.238452E+02    0.000000E+00    0.000000E+00    0.000000E+00   -3.872765E+01   -3.061962E+02   -6.918023E+01    0.000000E+00    0.000000E+00    0.000000E+00
6.585000E-01   -1.483747E+02    6.053841E+01   -2.262485E+02    0.000000E+00    0.000000E+00    0.000000E+00   -2.962986E+01   -3.264665E+02   -6.813664E+01    0.000000E+00    0.000000E+00    0.000000E+00
6.595000E-01   -1.352521E+02    9.734115E+01   -2.429867E+02    0.000000E+00    0.000000E+00    0.000000E+00   -5.623136E+01   -3.307961E+02   -1.012847E+02    0.000000E+00    0.000000E+00    0.000000E+00
6.605000E-01   -1.452889E+02   -7.670377E+01   -2.086682E+02    0.000000E+00    0.000000E+00    0.000000E+00    8.955140E+01   -3.073988E+02    5.081046E+01    0.000000E+00    0.000000E+00    0.000000E+00
6.615000E-01   -1.427814E+02   -7.534107E+01   -2.252432E+02    0.000000E+00    0.000000E+00    0.000000E+00    9.272535E+01   -3.207227E+02    4.856775E+01    0.000000E+00    0.000000E+00    0.000000E+00
6.625000E-01   -1.393638E+02    1.058634E+02   -2.387103E+02    0.000000E+00    0.000000E+00    0.000000E+00   -5.452195E+01   -3.311205E+02   -1.145083E+02    0.000000E+00    0.000000E+00    0.000000E+00
6.635000E-01   -1.404426E+02    2.313870E+01   -2.184975E+02    0.000000E+00    0.000000E+00    0.000000E+00    1.440928E+01   -3.135360E+02   -4.250352E+01    0.000000E+00    0.000000E+00    0.000000E+00
6.645000E-01   -1.517775E+02    3.660075E+01   -2.216054E+02    0.000000E+00    0.000000E+00    0.000000E+00    6.938147E+00   -3.261720E+02   -5.841967E+01    0.000000E+00    0.000000E+00    0.000000E+00
6.655000E-01   -1.440563E+02   -5.112734E+01   -2.334197E+02    0.000000E+00    0.000000E+00    0.000000E+00    8.386554E+01   -3.298597E+02    2.010693E+01    0.000000E+00    0.000000E+00    0.000000E+00
6.665000E-01   -1.541769E+02    1.253520E+01   -2.369771E+02    0.000000E+00    0.000000E+00    0.000000E+00    3.709769E+01   -3.423843E+02   -4.207220E+01    0.000000E+00    0.000000E+00    0.000000E+00
6.675000E-01   -1.489541E+02    3.639268E+01   -2.396466E+02    0.000000E+00    0.000000E+00    0.000000E+00    1.821371E+01   -3.400800E+02   -6.278379E+01    0.000000E+00    0.000000E+00    0.000000E+00
6.685000E-01   -1.616419E+02   -1.815184E+01   -2.519285E+02    0.000000E+00    0.000000E+00    0.000000E+00    6.989213E+01   -3.616803E+02   -1.893463E+01    0.000000E+00    0.000000E+00    0.000000E+00
6.695000E-01   -1.553074E+02   -6.526094E+01   -2.488472E+02    0.000000E+00    0.000000E+00    0.000000E+00    1.134860E+02   -3.531051E+02    2.206222E+01    0.000000E+00    0.000000E+00    0.000000E+00
6.705000E-01   -1.357313E+02   -1.336187E+01   -2.207658E+02    0.000000E+00    0.000000E+00    0.000000E+00    6.568206E+01   -3.122315E+02   -2.127886E+01    0.000000E+00    0.000000E+00    0.000000E+00
6.715000E-01   -1.244428E+02   -8.808742E+01   -2.126590E+02    0.000000E+00    0.000000E+00    0.000000E+00    1.289955E+02   -2.947453E+02    4.671626E+01    0.000000E+00    0.000000E+00    0.000000E+00
6.725000E-01   -1.477483E+02    9.061887E+01   -2.251792E+02    0.000000E+00    0.000000E+00    0.000000E+00   -1.658405E+01   -3.269542E+02   -1.202134E+02    0.000000E+00    0.000000E+00    0.000000E+00
6.735000E-01   -1.447833E+02   -1.083993E+02   -2.451666E+02    0.000000E+00    0.000000E+00    0.000000E+00    1.598187E+02   -3.408395E+02    5.633987E+01    0.000000E+00    0.000000E+00    0.000000E+00
6.745000E-01   -1.396269E+02    5.133073E+00   -2.451863E+02    0.000000E+00    0.000000E+00    0.000000E+00    6.637241E+01   -3.379695E+02   -4.445538E+01    0.000000E+00    0.000000E+00    0.000000E+00
6.755000E-01   -1.575486E+02    8.968359E+01   -2.359444E+02    0.000000E+00    0.000000E+00    0.000000E+00   -5.156384E+00   -3.448810E+02   -1.269453E+02    0.000000E+00    0.000000E+00    0.000000E+00
6.765000E-01   -1.175618E+02    1.277913E+01   -2.019165E+02    0.000000E+00    0.000000E+00    0.000000E+00    5.332142E+01   -2.805946E+02   -4.892343E+01    0.000000E+00    0.000000E+00    0.000000E+00
6.775000E-01   -1.443083E+02    2.995264E+01   -2.409103E+02    0.000000E+00    0.000000E+00    0.000000E+00    5.319207E+01   -3.381403E+02   -7.364506E+01    0.000000E+00    0.000000E+00    0.000000E+00
6.785000E-01   -1.547945E+02   -9.316214E+01   -2.402531E+02    0.000000E+00    0.000000E+00    0.000000E+00    1.610341E+02   -3.453795E+02    2.994786E+01    0.000000E+00    0.000000E+00    0.000000E+00
6.795000E-01   -1.634438E+02   -5.898684E+01   -2.537228E+02    0.000000E+00    0.000000E+00    0.000000E+00    1.413993E+02   -3.653174E+02   -5.958902E+00    0.000000E+00    0.000000E+00    0.000000E+00
6.805000E-01   -1.540859E+02   -4.041172E+00   -2.433505E+02    0.000000E+00    0.000000E+00    0.000000E+00    9.098714E+01   -3.485246E+02   -5.174999E+01    0.000000E+00    0.000000E+00    0.000000E+00
6.815000E-01   -1.439937E+02    1.140646E+01   -2.271172E+02    0.000000E+00    0.000000E+00    0.000000E+00    7.606144E+01   -3.257102E+02   -6.473233E+01    0.000000E+00    0.000000E+00    0.000000E+00
6.825000E-01   -1.563526E+02    1.298068E+01   -2.467629E+02    0.000000E+00    0.000000E+00    0.000000E+00    8.515021E+01   -3.537442E+02   -7.247726E+01    0.000000E+00    0.000000E+00    0.000000E+00
6.835000E-01   -1.757593E+02   -1.157911E+01   -2.476876E+02    0.000000E+00    0.000000E+00    0.000000E+00    1.090131E+02   -3.707068E+02   -5.996959E+01    0.000000E+00    0.000000E+00    0.000000E+00
6.845000E-01   -1.581179E+02   -1.066859E+02   -2.554436E+02    0.000000E+00    0.000000E+00    0.000000E+00    1.980036E+02   -3.615772E+02    2.833975E+01    0.000000E+00    0.000000E+00    0.000000E+00
6.855000E-01   -1.613457E+02   -7.360943E+01   -2.575945E+02    0.000000E+00    0.000000E+00    0.000000E+00    1.739127E+02   -3.664307E+02   -4.066327E+00    0.000000E+00    0.000000E+00    0.000000E+00
6.865000E-01   -1.382793E+02   -5.478232E+01   -2.057737E+02    0.000000E+00    0.000000E+00    0.000000E+00    1.380182E+02   -3.006426E+02   -1.246310E+01    0.000000E+00    0.000000E+00    0.000000E+00
6.875000E-01   -1.239613E+02   -5.032737E+01   -2.204543E+02    0.000000E+00    0.000000E+00    0.000000E+00    1.437283E+02   -3.014112E+02   -1.209397E+01    0.000000E+00    0.000000E+00    0.000000E+00
6.885000E-01   -1.358362E+02   -7.779291E+01   -2.307458E+02    0.000000E+00    0.000000E+00    0.000000E+00    1.738793E+02   -3.201598E+02    5.659231E+00    0.000000E+00    0.000000E+00    0.000000E+00
6.895000E-01   -1.493344E+02   -1.256019E+01   -2.424921E+02    0.000000E+00    0.000000E+00    0.000000E+00    1.259322E+02   -3.424329E+02   -5.949920E+01    0.000000E+00    0.000000E+00    0.000000E+00
6.905000E-01   -1.569273E+02    3.272037E+01   -2.316769E+02    0.000000E+00    0.000000E+00    0.000000E+00    8.357488E+01   -3.397011E+02   -1.039707E+02    0.000000E+00    0.000000E+00    0.000000E+00
6.915000E-01   -1.204360E+02   -9.496581E+01   -2.141658E+02    0.000000E+00    0.000000E+00    0.000000E+00    1.885770E+02   -2.915332E+02    2.328373E+01    0.000000E+00    0.000000E+00    0.000000E+00
6.925000E-01   -1.704723E+02   -8.578458E-01   -3.010286E+02    0.000000E+00    0.000000E+00    0.000000E+00    1.570369E+02   -4.125185E+02   -8.712695E+01    0.000000E+00    0.000000E+00    0.000000E+00
6.935000E-01   -1.371683E+02   -6.305316E+01   -2.081244E+02    0.000000E+00    0.000000E+00    0.000000E+00    1.617807E+02   -3.005585E+02   -1.612804E+01    0.000000E+00    0.000000E+00    0.000000E+00
6.945000E-01   -1.475155E+02   -8.923376E+00   -2.382789E+02    0.000000E+00    0.000000E+00    0.000000E+00    1.332650E+02   -3.362334E+02   -7.007635E+01    0.000000E+00    0.000000E+00    0.000000E+00
6.955000E-01   -1.250267E+02   -7.499841E+01   -1.845640E+02    0.000000E+00    0.000000E+00    0.000000E+00    1.660226E+02   -2.691981E+02   -3.613075E+00    0.000000E+00    0.000000E+00    0.000000E+00
6.965000E-01   -1.150611E+02   -5.075968E+01   -1.841872E+02    0.000000E+00    0.000000E+00    0.000000E+00    1.460141E+02   -2.602867E+02   -1.975847E+01    0.000000E+00    0.000000E+00    0.000000E+00
6.975000E-01   -1.371105E+02   -4.879634E+01   -2.102834E+02    0.000000E+00    0.000000E+00    0.000000E+00    1.622749E+02   -3.015946E+02   -3.598276E+01    0.000000E+00    0.000000E+00    0.000000E+00
6.985000E-01   -1.527176E+02   -1.040331E+02   -2.339808E+02    0.000000E+00    0.000000E+00    0.000000E+00    2.263129E+02   -3.347859E+02    6.325744E-01    0.000000E+00    0.000000E+00    0.000000E+00
6.995000E-01   -1.409679E+02   -3.264121E+01   -2.014375E+02    0.000000E+00    0.000000E+00    0.000000E+00    1.461765E+02   -2.971468E+02   -5.442299E+01    0.000000E+00    0.000000E+00    0.000000E+00
7.005000E-01   -1.229040E+02   -7.164071E+01   -1.967600E+02    0.000000E+00    0.000000E+00    0.000000E+00    1.807696E+02   -2.762146E+02   -1.272351E+01    0.000000E+00    0.000000E+00    0.000000E+00
7.015000E-01   -1.239823E+02   -2.606799E+01   -1.773386E+02    0.000000E+00    0.000000E+00    0.000000E+00    1.307169E+02   -2.611041E+02   -5.310737E+01    0.000000E+00    0.000000E+00    0.000000E+00
7.025000E-01   -1.206311E+02   -9.817060E+01   -1.873662E+02    0.000000E+00    0.000000E+00    0.000000E+00    2.035786E+02   -2.654508E+02    7.544950E+00    0.000000E+00    0.000000E+00    0.000000E+00
7.035000E-01   -1.100009E+02   -4.633400E+01   -1.808963E+02    0.000000E+00    0.000000E+00    0.000000E+00    1.559333E+02   -2.505135E+02   -3.063923E+01    0.000000E+00    0.000000E+00    0.000000E+00
7.045000E-01   -1.357496E+02   -3.490940E+00   -1.774802E+02    0.000000E+00    0.000000E+00    0.000000E+00    1.146790E+02   -2.713309E+02   -8.254893E+01    0.000000E+00    0.000000E+00    0.000000E+00
7.055000E-01   -1.030674E+02   -1.176509E+02   -1.815574E+02    0.000000E+00    0.000000E+00    0.000000E+00    2.238638E+02   -2.431917E+02    3.007040E+01    0.000000E+00    0.000000E+00    0.000000E+00
7.065000E-01   -9.613484E+01   -1.229853E+02   -1.794186E+02    0.000000E+00    0.000000E+00    0.000000E+00    2.291610E+02   -2.347970E+02    3.816486E+01    0.000000E+00    0.000000E+00    0.000000E+00
7.075000E-01   -1.237755E+02   -5.583913E+01   -1.930138E+02    0.000000E+00    0.000000E+00    0.000000E+00    1.794969E+02   -2.712200E+02   -3.628620E+01    0.000000E+00    0.000000E+00    0.000000E+00
7.085000E-01   -1.152983E+02   -4.639729E+01   -1.848569E+02    0.000000E+00    0.000000E+00    0.000000E+00    1.663006E+02   -2.563869E+02   -3.939746E+01    0.000000E+00    0.000000E+00    0.000000E+00
7.095000E-01   -1.066257E+02   -1.147871E+02   -1.902038E+02    0.000000E+00    0.000000E+00    0.000000E+00    2.353925E+02   -2.516781E+02    1.993771E+01    0.000000E+00    0.000000E+00    0.000000E+00
7.105000E-01   -6.571081E+01   -9.340268E+01   -1.297249E+02    0.000000E+00    0.000000E+00    0.000000E+00    1.758994E+02   -1.651871E+02    2.973324E+01    0.000000E+00    0.000000E+00    0.000000E+00
7.115000E-01   -1.464756E+02   -5.231510E+00   -2.084215E+02    0.000000E+00    0.000000E+00    0.000000E+00    1.513095E+02   -3.033459E+02   -9.838730E+01    0.000000E+00    0.000000E+00    0.000000E+00
7.125000E-01   -1.054044E+02   -7.345375E+01   -1.771003E+02    0.000000E+00    0.000000E+00    0.000000E+00    1.919248E+02   -2.391766E+02   -1.560332E+01    0.000000E+00    0.000000E+00    0.000000E+00
7.135000E-01   -1.291745E+02   -5.640439E+01   -1.972560E+02    0.000000E+00    0.000000E+00    0.000000E+00    1.934980E+02   -2.770237E+02   -4.782507E+01    0.000000E+00    0.000000E+00    0.000000E+00
7.145000E-01   -1.342859E+02   -6.360487E+01   -1.860346E+02    0.000000E+00    0.000000E+00    0.000000E+00    1.942961E+02   -2.719439E+02   -4.753507E+01    0.000000E+00    0.000000E+00    0.000000E+00
7.155000E-01   -1.182495E+02   -9.060739E+01   -1.999363E+02    0.000000E+00    0.000000E+00    0.000000E+00    2.317259E+02   -2.674660E+02   -1.611019E+01    0.000000E+00    0.000000E+00    0.000000E+00
7.165000E-01   -1.349470E+02   -6.118477E+01   -2.014686E+02    0.000000E+00    0.000000E+00    0.000000E+00    2.059540E+02   -2.839769E+02   -5.213953E+01    0.000000E+00    0.000000E+00    0.000000E+00
7.175000E-01   -1.312612E+02   -6.119827E+01   -1.810835E+02    0.000000E+00    0.000000E+00    0.000000E+00    1.936799E+02   -2.639841E+02   -5.170994E+01    0.000000E+00    0.000000E+00    0.000000E+00
7.185000E-01   -1.286423E+02   -8.124336E+01   -1.938200E+02    0.000000E+00    0.000000E+00    0.000000E+00    2.220865E+02   -2.708466E+02   -3.452462E+01    0.000000E+00    0.000000E+00    0.000000E+00
7.195000E-01   -1.115718E+02   -1.396807E+02   -1.959450E+02    0.000000E+00    0.000000E+00    0.000000E+00    2.823891E+02   -2.546861E+02    2.076386E+01    0.000000E+00    0.000000E+00    0.000000E+00
7.205000E-01   -1.208818E+02   -8.795927E+01   -1.876797E+02    0.000000E+00    0.000000E+00    0.000000E+00    2.284263E+02   -2.571208E+02   -2.681795E+01    0.000000E+00    0.000000E+00    0.000000E+00
7.215000E-01   -1.399424E+02   -3.982520E+01   -1.793159E+02    0.000000E+00    0.000000E+00    0.000000E+00    1.777663E+02   -2.690098E+02   -7.914315E+01    0.000000E+00    0.000000E+00    0.000000E+00
7.225000E-01   -1.130734E+02   -8.227959E+01   -1.853698E+02    0.000000E+00    0.000000E+00    0.000000E+00    2.251020E+02   -2.469481E+02   -2.820839E+01    0.000000E+00    0.000000E+00    0.000000E+00
7.235000E-01   -1.349019E+02   -7.457171E+01   -1.960300E+02    0.000000E+00    0.000000E+00    0.000000E+00    2.290160E+02   -2.745061E+02   -5.312505E+01    0.000000E+00    0.000000E+00    0.000000E+00
7.245000E-01   -8.298165E+01   -1.396125E+02   -1.728298E+02    0.000000E+00    0.000000E+00    0.000000E+00    2.728733E+02   -2.064468E+02    3.587935E+01    0.000000E+00    0.000000E+00    0.000000E+00
7.255000E-01   -1.241572E+02   -7.665115E+01   -1.942187E+02    0.000000E+00    0.000000E+00    0.000000E+00    2.327175E+02   -2.612221E+02   -4.555095E+01    0.000000E+00    0.000000E+00    0.000000E+00
7.265000E-01   -1.240154E+02   -7.745557E+01   -1.840905E+02    0.000000E+00    0.000000E+00    0.000000E+00    2.252661E+02   -2.532720E+02   -4.548503E+01    0.000000E+00    0.000000E+00    0.000000E+00
7.275000E-01   -1.162059E+02   -9.909728E+01   -1.994953E+02    0.000000E+00    0.000000E+00    0.000000E+00    2.613486E+02   -2.558574E+02   -2.542943E+01    0.000000E+00    0.000000E+00    0.000000E+00
7.285000E-01   -1.176118E+02   -1.226436E+02   -2.139436E+02    0.000000E+00    0.000000E+00    0.000000E+00    2.979965E+02   -2.662877E+02   -1.128076E+01    0.000000E+00    0.000000E+00    0.000000E+00
7.295000E-01   -1.118050E+02   -7.403893E+01   -1.660005E+02    0.000000E+00    0.000000E+00    0.000000E+00    2.127987E+02   -2.264870E+02   -4.236387E+01    0.000000E+00    0.000000E+00    0.000000E+00
7.305000E-01   -7.041728E+01   -1.334600E+02   -1.683760E+02    0.000000E+00    0.000000E+00    0.000000E+00    2.747764E+02   -1.863905E+02    3.245197E+01    0.000000E+00    0.000000E+00    0.000000E+00
7.315000E-01   -9.174272E+01   -6.552052E+01   -1.471278E+02    0.000000E+00    0.000000E+00    0.000000E+00    1.917814E+02   -1.923047E+02   -3.387256E+01    0.000000E+00    0.000000E+00    0.000000E+00
7.325000E-01   -7.895245E+01   -9.872346E+01   -1.441313E+02    0.000000E+00    0.000000E+00    0.000000E+00    2.225004E+02   -1.766011E+02   -1.008117E+00    0.000000E+00    0.000000E+00    0.000000E+00
7.335000E-01   -9.674064E+01   -1.289128E+02   -1.829571E+02    0.000000E+00    0.000000E+00    0.000000E+00    2.860328E+02   -2.203074E+02    3.855884E+00    0.000000E+00    0.000000E+00    0.000000E+00
7.345000E-01   -6.978969E+01   -1.208550E+02   -1.450269E+02    0.000000E+00    0.000000E+00    0.000000E+00    2.465686E+02   -1.672510E+02    2.052521E+01    0.000000E+00    0.000000E+00    0.000000E+00
7.355000E-01   -1.005653E+02   -1.094580E+02   -1.676181E+02    0.000000E+00    0.000000E+00    0.000000E+00    2.563415E+02   -2.125742E+02   -1.541250E+01    0.000000E+00    0.000000E+00    0.000000E+00
7.365000E-01   -8.226562E+01   -9.407412E+01   -1.472047E+02    0.000000E+00    0.000000E+00    0.000000E+00    2.251342E+02   -1.800332E+02   -1.128715E+01    0.000000E+00    0.000000E+00    0.000000E+00
7.375000E-01   -1.055319E+02   -9.188491E+01   -1.626189E+02    0.000000E+00    0.000000E+00    0.000000E+00    2.368399E+02   -2.130245E+02   -3.389004E+01    0.000000E+00    0.000000E+00    0.000000E+00
7.385000E-01   -9.199759E+01   -9.662379E+01   -1.456137E+02    0.000000E+00    0.000000E+00    0.000000E+00    2.274379E+02   -1.876046E+02   -1.988114E+01    0.000000E+00    0.000000E+00    0.000000E+00
7.395000E-01   -9.206970E+01   -7.812257E+01   -1.510871E+02    0.000000E+00    0.000000E+00    0.000000E+00    2.155961E+02   -1.904696E+02   -3.312201E+01    0.000000E+00    0.000000E+00    0.000000E+00
7.405000E-01   -8.002524E+01   -8.582725E+01   -1.259264E+02    0.000000E+00    0.000000E+00    0.000000E+00    2.002583E+02   -1.619397E+02   -1.764407E+01    0.000000E+00    0.000000E+00    0.000000E+00
7.415000E-01   -1.077739E+02   -8.018150E+01   -1.656495E+02    0.000000E+00    0.000000E+00    0.000000E+00    2.320253E+02   -2.144681E+02   -4.758664E+01    0.000000E+00    0.000000E+00    0.000000E+00
7.425000E-01   -1.776949E+01   -1.646797E+02   -1.380767E+02    0.000000E+00    0.000000E+00    0.000000E+00    2.942805E+02   -1.033880E+02    8.569714E+01    0.000000E+00    0.000000E+00    0.000000E+00
7.435000E-01   -8.040382E+01   -8.525549E+01   -1.346742E+02    0.000000E+00    0.000000E+00    0.000000E+00    2.103457E+02   -1.659586E+02   -2.073061E+01    0.000000E+00    0.000000E+00    0.000000E+00
7.445000E-01   -4.076133E+01   -1.466407E+02   -1.603976E+02    0.000000E+00    0.000000E+00    0.000000E+00    2.996757E+02   -1.385500E+02    5.011800E+01    0.000000E+00    0.000000E+00    0.000000E+00
7.455000E-01   -6.297277E+01   -9.141912E+01   -1.292882E+02    0.000000E+00    0.000000E+00    0.000000E+00    2.137657E+02   -1.431236E+02   -2.915326E+00    0.000000E+00    0.000000E+00    0.000000E+00
7.465000E-01   -2.347521E+01   -1.307584E+02   -1.229902E+02    0.000000E+00    0.000000E+00    0.000000E+00    2.480416E+02   -9.829498E+01    5.728395E+01    0.000000E+00    0.000000E+00    0.000000E+00
7.475000E-01   -3.067100E+01   -1.624861E+01   -3.290171E+01    0.000000E+00    0.000000E+00    0.000000E+00    4.800341E+01   -5.256008E+01   -1.853845E+01    0.000000E+00    0.000000E+00    0.000000E+00
7.485000E-01   -1.548971E+02    8.669754E+00   -1.428534E+02    0.000000E+00    0.000000E+00    0.000000E+00    1.247096E+02   -2.464636E+02   -1.494090E+02    0.000000E+00    0.000000E+00    0.000000E+00
7.495000E-01   -1.597181E+01   -1.134774E+02   -9.679535E+01    0.000000E+00    0.000000E+00    0.000000E+00    2.082318E+02   -7.263747E+01    5.038720E+01    0.000000E+00    0.000000E+00    0.000000E+00
7.505000E-01   -1.168986E+02   -5.495491E+01   -1.532588E+02    0.000000E+00    0.000000E+00    0.000000E+00    2.010851E+02   -2.108276E+02   -7.808460E+01    0.000000E+00    0.000000E+00    0.000000E+00
7.515000E-01   -3.054467E+01   -1.023123E+02   -1.028357E+02    0.000000E+00    0.000000E+00    0.000000E+00    2.040881E+02   -8.982210E+01    2.854109E+01    0.000000E+00    0.000000E+00    0.000000E+00
7.525000E-01   -6.046437E+01   -1.131826E+02   -1.385883E+02    0.000000E+00    0.000000E+00    0.000000E+00    2.492856E+02   -1.413131E+02    6.367646E+00    0.000000E+00    0.000000E+00    0.000000E+00
7.535000E-01   -4.606314E+01   -1.090183E+02   -1.338688E+02    0.000000E+00    0.000000E+00    0.000000E+00    2.411799E+02   -1.225516E+02    1.661366E+01    0.000000E+00    0.000000E+00    0.000000E+00
7.545000E-01   -7.233509E+01   -1.268368E+02   -1.455514E+02    0.000000E+00    0.000000E+00    0.000000E+00    2.724518E+02   -1.543605E+02   -8.569020E-01    0.000000E+00    0.000000E+00    0.000000E+00
7.555000E-01   -5.660741E+01   -8.961528E+01   -1.383044E+02    0.000000E+00    0.000000E+00    0.000000E+00    2.267588E+02   -1.350454E+02   -5.652203E+00    0.000000E+00    0.000000E+00    0.000000E+00
7.565000E-01   -8.642145E+01   -1.255560E+02   -1.502374E+02    0.000000E+00    0.000000E+00    0.000000E+00    2.743264E+02   -1.723729E+02   -1.478248E+01    0.000000E+00    0.000000E+00    0.000000E+00
7.575000E-01   -4.983917E+01   -1.326873E+02   -1.548031E+02    0.000000E+00    0.000000E+00    0.000000E+00    2.891276E+02   -1.338909E+02    2.154384E+01    0.000000E+00    0.000000E+00    0.000000E+00
7.585000E-01   -9.456926E+01   -1.122855E+02   -1.574295E+02    0.000000E+00    0.000000E+00    0.000000E+00    2.681821E+02   -1.840789E+02   -3.071771E+01    0.000000E+00    0.000000E+00    0.000000E+00
7.595000E-01   -8.170301E+01   -9.795871E+01   -1.274586E+02    0.000000E+00    0.000000E+00    0.000000E+00    2.265685E+02   -1.527138E+02   -2.865928E+01    0.000000E+00    0.000000E+00    0.000000E+00
7.605000E-01   -3.590455E+01   -1.484064E+02   -1.570224E+02    0.000000E+00    0.000000E+00    0.000000E+00    3.075926E+02   -1.197076E+02    4.250924E+01    0.000000E+00    0.000000E+00    0.000000E+00
7.615000E-01   -2.750554E+01   -1.345874E+02   -1.348444E+02    0.000000E+00    0.000000E+00    0.000000E+00    2.729844E+02   -9.793345E+01    4.179156E+01    0.000000E+00    0.000000E+00    0.000000E+00
7.625000E-01   -8.705659E+01   -1.173582E+02   -1.572256E+02    0.000000E+00    0.000000E+00    0.000000E+00    2.771513E+02   -1.712322E+02   -2.617089E+01    0.000000E+00    0.000000E+00    0.000000E+00
7.635000E-01   -7.390483E+01   -9.170439E+01   -1.370647E+02    0.000000E+00    0.000000E+00    0.000000E+00    2.320946E+02   -1.460576E+02   -2.790447E+01    0.000000E+00    0.000000E+00    0.000000E+00
7.645000E-01   -2.953883E+01   -9.759879E+01   -1.072081E+02    0.000000E+00    0.000000E+00    0.000000E+00    2.085357E+02   -8.334391E+01    1.847194E+01    0.000000E+00    0.000000E+00    0.000000E+00
7.655000E-01   -7.157354E+01   -6.333856E-01   -3.552625E+01    0.000000E+00    0.000000E+00    0.000000E+00    3.554921E+01   -9.470992E+01   -6.945811E+01    0.000000E+00    0.000000E+00    0.000000E+00
7.665000E-01   -1.214052E+02   -6.669580E+01   -1.267816E+02    0.000000E+00    0.000000E+00    0.000000E+00    1.965289E+02   -1.887658E+02   -8.966968E+01    0.000000E+00    0.000000E+00    0.000000E+00
7.675000E-01   -3.127429E+01   -7.608765E+01   -9.902557E+01    0.000000E+00    0.000000E+00    0.000000E+00    1.784485E+02   -8.052372E+01    5.377391E+00    0.000000E+00    0.000000E+00    0.000000E+00
7.685000E-01   -1.223916E+02   -1.053490E+02   -1.555340E+02    0.000000E+00    0.000000E+00    0.000000E+00    2.651328E+02   -2.028178E+02   -7.219367E+01    0.000000E+00    0.000000E+00    0.000000E+00
7.695000E-01    2.547478E+01   -1.119035E+02   -1.128177E+02    0.000000E+00    0.000000E+00    0.000000E+00    2.309446E+02   -2.620208E+01    7.772232E+01    0.000000E+00    0.000000E+00    0.000000E+00
7.705000E-01   -5.174635E+01   -1.192393E+02   -1.268222E+02    0.000000E+00    0.000000E+00    0.000000E+00    2.524483E+02   -1.112729E+02    1.847412E+00    0.000000E+00    0.000000E+00    0.000000E+00
7.715000E-01   -9.631866E+01   -8.995062E+01   -1.449731E+02    0.000000E+00    0.000000E+00    0.000000E+00    2.406622E+02   -1.677954E+02   -5.592169E+01    0.000000E+00    0.000000E+00    0.000000E+00
7.725000E-01    1.477781E+01   -1.137673E+02   -1.174927E+02    0.000000E+00    0.000000E+00    0.000000E+00    2.390066E+02   -3.567454E+01    6.442431E+01    0.000000E+00    0.000000E+00    0.000000E+00
7.735000E-01   -9.559990E+01   -9.801607E+01   -1.187031E+02    0.000000E+00    0.000000E+00    0.000000E+00    2.221712E+02   -1.525302E+02   -5.367389E+01    0.000000E+00    0.000000E+00    0.000000E+00
7.745000E-01   -1.069422E+01   -1.050866E+02   -1.385011E+02    0.000000E+00    0.000000E+00    0.000000E+00    2.510079E+02   -7.354163E+01    3.587302E+01    0.000000E+00    0.000000E+00    0.000000E+00
7.755000E-01   -6.686023E+01   -1.193570E+02   -1.277453E+02    0.000000E+00    0.000000E+00    0.000000E+00    2.542658E+02   -1.243316E+02   -1.724013E+01    0.000000E+00    0.000000E+00    0.000000E+00
7.765000E-01   -6.382334E+01   -1.060425E+02   -1.275395E+02    0.000000E+00    0.000000E+00    0.000000E+00    2.402404E+02   -1.226663E+02   -1.905918E+01    0.000000E+00    0.000000E+00    0.000000E+00
7.775000E-01    1.179394E+01   -1.362018E+02   -1.575728E+02    0.000000E+00    0.000000E+00    0.000000E+00    3.033530E+02   -5.508736E+01    7.028353E+01    0.000000E+00    0.000000E+00    0.000000E+00
7.785000E-01   -4.558166E+01   -6.736422E+01   -6.561244E+01    0.000000E+00    0.000000E+00    0.000000E+00    1.370958E+02   -7.575884E+01   -1.768388E+01    0.000000E+00    0.000000E+00    0.000000E+00
7.795000E-01   -8.537114E+01   -1.260304E+02   -1.541354E+02    0.000000E+00    0.000000E+00    0.000000E+00    2.887500E+02   -1.540688E+02   -3.483419E+01    0.000000E+00    0.000000E+00    0.000000E+00
7.805000E-01    3.055634E+00   -1.103252E+02   -1.207576E+02    0.000000E+00    0.000000E+00    0.000000E+00    2.396929E+02   -4.499684E+01    4.692923E+01    0.000000E+00    0.000000E+00    0.000000E+00
7.815000E-01   -2.154416E+00   -1.248344E+02   -1.448953E+02    0.000000E+00    0.000000E+00    0.000000E+00    2.785132E+02   -6.178662E+01    4.913795E+01    0.000000E+00    0.000000E+00    0.000000E+00
7.825000E-01   -7.441822E+00   -1.180213E+02   -1.284339E+02    0.000000E+00    0.000000E+00    0.000000E+00    2.549408E+02   -5.886277E+01    3.933470E+01    0.000000E+00    0.000000E+00    0.000000E+00
7.835000E-01   -5.578829E+01   -5.900511E+01   -7.047152E+01    0.000000E+00    0.000000E+00    0.000000E+00    1.338102E+02   -8.789151E+01   -3.304665E+01    0.000000E+00    0.000000E+00    0.000000E+00
7.845000E-01   -5.799997E+01   -9.881740E+01   -1.318136E+02    0.000000E+00    0.000000E+00    0.000000E+00    2.388499E+02   -1.119341E+02   -2.186519E+01    0.000000E+00    0.000000E+00    0.000000E+00
7.855000E-01   -6.187036E+01   -8.470468E+01   -8.922658E+01    0.000000E+00    0.000000E+00    0.000000E+00    1.796230E+02   -9.981462E+01   -3.091286E+01    0.000000E+00    0.000000E+00    0.000000E+00
7.865000E-01    4.160325E+00   -1.029172E+02   -1.241336E+02    0.000000E+00    0.000000E+00    0.000000E+00    2.355735E+02   -4.238774E+01    4.284938E+01    0.000000E+00    0.000000E+00    0.000000E+00
7.875000E-01   -8.526024E+01   -9.466278E+01   -1.102123E+02    0.000000E+00    0.000000E+00    0.000000E+00    2.119734E+02   -1.310150E+02   -5.211865E+01    0.000000E+00    0.000000E+00    0.000000E+00
7.885000E-01   -7.840508E+01   -8.912731E+01   -1.148160E+02    0.000000E+00    0.000000E+00    0.000000E+00    2.118607E+02   -1.241116E+02   -4.886618E+01    0.000000E+00    0.000000E+00    0.000000E+00
7.895000E-01   -3.556906E+01   -9.927853E+01   -1.035892E+02    0.000000E+00    0.000000E+00    0.000000E+00    2.100234E+02   -7.406805E+01   -1.476926E+00    0.000000E+00    0.000000E+00    0.000000E+00
7.905000E-01   -7.163131E+01   -9.540881E+01   -1.116392E+02    0.000000E+00    0.000000E+00    0.000000E+00    2.146728E+02   -1.142603E+02   -4.062180E+01    0.000000E+00    0.000000E+00    0.000000E+00
7.915000E-01   -4.985822E+01   -9.736136E+01   -1.153371E+02    0.000000E+00    0.000000E+00    0.000000E+00    2.205919E+02   -9.196637E+01   -1.813035E+01    0.000000E+00    0.000000E+00    0.000000E+00
7.925000E-01   -9.165111E+01   -9.336703E+01   -1.123945E+02    0.000000E+00    0.000000E+00    0.000000E+00    2.135167E+02   -1.332991E+02   -6.379374E+01    0.000000E+00    0.000000E+00    0.000000E+00
7.935000E-01   -7.442338E+01   -9.056251E+01   -1.054893E+02    0.000000E+00    0.000000E+00    0.000000E+00    2.028866E+02   -1.126565E+02   -4.716549E+01    0.000000E+00    0.000000E+00    0.000000E+00
7.945000E-01   -4.384470E+01   -1.055779E+02   -1.090297E+02    0.000000E+00    0.000000E+00    0.000000E+00    2.219026E+02   -8.076165E+01   -1.130865E+01    0.000000E+00    0.000000E+00    0.000000E+00
7.955000E-01   -6.369431E+01   -1.050849E+02   -9.971256E+01    0.000000E+00    0.000000E+00    0.000000E+00    2.116650E+02   -9.801913E+01   -3.243694E+01    0.000000E+00    0.000000E+00    0.000000E+00
7.965000E-01   -3.032507E+01   -1.016568E+02   -1.320888E+02    0.000000E+00    0.000000E+00    0.000000E+00    2.426956E+02   -7.341431E+01    6.035603E-01    0.000000E+00    0.000000E+00    0.000000E+00
7.975000E-01   -4.692298E+01   -9.208089E+01   -1.068872E+02    0.000000E+00    0.000000E+00    0.000000E+00    2.062421E+02   -8.053527E+01   -2.118707E+01    0.000000E+00    0.000000E+00    0.000000E+00
7.985000E-01   -9.406479E+01   -1.082045E+02   -9.910827E+01    0.000000E+00    0.000000E+00    0.000000E+00    2.141938E+02   -1.289547E+02   -6.398300E+01    0.000000E+00    0.000000E+00    0.000000E+00
7.995000E-01    1.442497E+01   -9.254266E+01   -1.167579E+02    0.000000E+00    0.000000E+00    0.000000E+00    2.172466E+02   -1.845781E+01    4.136783E+01    0.000000E+00    0.000000E+00    0.000000E+00
8.005000E-01   -5.996665E+01   -1.002429E+02   -1.186716E+02    0.000000E+00    0.000000E+00    0.000000E+00    2.266958E+02   -9.683112E+01   -3.285194E+01    0.000000E+00    0.000000E+00    0.000000E+00
8.015000E-01   -1.446264E+01   -9.081130E+01   -9.683188E+01    0.000000E+00    0.000000E+00    0.000000E+00    1.941126E+02   -4.338469E+01    1.124340E+01    0.000000E+00    0.000000E+00    0.000000E+00
8.025000E-01    1.995189E+01   -6.181678E+01   -8.940579E+01    0.000000E+00    0.000000E+00    0.000000E+00    1.570152E+02   -5.053401E+00    3.833186E+01    0.000000E+00    0.000000E+00    0.000000E+00
8.035000E-01    6.779943E+00   -1.188494E+02   -1.266872E+02    0.000000E+00    0.000000E+00    0.000000E+00    2.530170E+02   -2.820215E+01    4.012598E+01    0.000000E+00    0.000000E+00    0.000000E+00
8.045000E-01   -2.041723E+00   -1.075809E+02   -1.365347E+02    0.000000E+00    0.000000E+00    0.000000E+00    2.525411E+02   -3.844292E+01    2.622800E+01    0.000000E+00    0.000000E+00    0.000000E+00
8.055000E-01   -6.878236E+01   -1.021221E+02   -1.234702E+02    0.000000E+00    0.000000E+00    0.000000E+00    2.331276E+02   -1.044102E+02   -4.394735E+01    0.000000E+00    0.000000E+00    0.000000E+00
8.065000E-01    3.369486E+01   -9.432063E+01   -1.130919E+02    0.000000E+00    0.000000E+00    0.000000E+00    2.138823E+02    4.617772E+00    5.971494E+01    0.000000E+00    0.000000E+00    0.000000E+00
8.075000E-01   -6.077033E+01   -1.120003E+02   -1.417152E+02    0.000000E+00    0.000000E+00    0.000000E+00    2.621931E+02   -9.955152E+01   -3.387165E+01    0.000000E+00    0.000000E+00    0.000000E+00
8.085000E-01   -3.787413E+01   -1.019965E+02   -1.021925E+02    0.000000E+00    0.000000E+00    0.000000E+00    2.098499E+02   -6.534736E+01   -1.314883E+01    0.000000E+00    0.000000E+00    0.000000E+00
8.095000E-01   -2.607185E+01   -9.598611E+01   -1.239066E+02    0.000000E+00    0.000000E+00    0.000000E+00    2.269293E+02   -5.818509E+01   -2.913108E+00    0.000000E+00    0.000000E+00    0.000000E+00
8.105000E-01   -1.137764E+01   -1.093648E+02   -1.230809E+02    0.000000E+00    0.000000E+00    0.000000E+00    2.386315E+02   -4.105333E+01    1.431543E+01    0.000000E+00    0.000000E+00    0.000000E+00
8.115000E-01   -3.563820E+01   -1.308668E+02   -1.553602E+02    0.000000E+00    0.000000E+00    0.000000E+00    2.941822E+02   -7.336307E+01   -6.030847E+00    0.000000E+00    0.000000E+00    0.000000E+00
8.125000E-01   -2.422136E+01   -9.563655E+01   -9.993169E+01    0.000000E+00    0.000000E+00    0.000000E+00    2.004119E+02   -4.729800E+01   -3.598350E+00    0.000000E+00    0.000000E+00    0.000000E+00
8.135000E-01   -4.373850E+01   -1.052649E+02   -1.158114E+02    0.000000E+00    0.000000E+00    0.000000E+00    2.271177E+02   -7.151858E+01   -2.139805E+01    0.000000E+00    0.000000E+00    0.000000E+00
8.145000E-01   -7.443908E+01   -1.010803E+02   -9.336280E+01    0.000000E+00    0.000000E+00    0.000000E+00    1.990883E+02   -9.603820E+01   -5.536288E+01    0.000000E+00    0.000000E+00    0.000000E+00
8.155000E-01   -1.441879E+01   -1.007442E+02   -1.165433E+02    0.000000E+00    0.000000E+00    0.000000E+00    2.225535E+02   -3.907956E+01    6.131773E+00    0.000000E+00    0.000000E+00    0.000000E+00
8.165000E-01    1.740648E+01   -9.924100E+01   -1.342223E+02    0.000000E+00    0.000000E+00    0.000000E+00    2.395551E+02   -1.060103E+01    3.894083E+01    0.000000E+00    0.000000E+00    0.000000E+00
8.175000E-01    9.430029E+00   -9.823675E+01   -1.121809E+02    0.000000E+00    0.000000E+00    0.000000E+00    2.153183E+02   -1.408526E+01    3.026849E+01    0.000000E+00    0.000000E+00    0.000000E+00
8.185000E-01   -8.681458E+01   -1.231539E+02   -1.182580E+02    0.000000E+00    0.000000E+00    0.000000E+00    2.462772E+02   -1.110248E+02   -6.600240E+01    0.000000E+00    0.000000E+00    0.000000E+00
8.195000E-01   -1.763527E+01   -8.896447E+01   -8.627872E+01    0.000000E+00    0.000000E+00    0.000000E+00    1.784530E+02   -3.400452E+01   -1.735106E+00    0.000000E+00    0.000000E+00    0.000000E+00
8.205000E-01   -1.909330E+01   -1.014013E+02   -1.118720E+02    0.000000E+00    0.000000E+00    0.000000E+00    2.174911E+02   -4.017077E+01   -8.628495E-01    0.000000E+00    0.000000E+00    0.000000E+00
8.215000E-01   -5.703059E+01   -9.059126E+01   -8.514501E+01    0.000000E+00    0.000000E+00    0.000000E+00    1.787214E+02   -7.253933E+01   -4.275949E+01    0.000000E+00    0.000000E+00    0.000000E+00
8.225000E-01   -2.512576E+01   -1.109517E+02   -1.198730E+02    0.000000E+00    0.000000E+00    0.000000E+00    2.344595E+02   -4.592325E+01   -6.760220E+00    0.000000E+00    0.000000E+00    0.000000E+00
8.235000E-01   -1.744060E+01   -1.017872E+02   -1.174992E+02    0.000000E+00    0.000000E+00    0.000000E+00    2.228895E+02   -3.732068E+01   -8.118712E-01    0.000000E+00    0.000000E+00    0.000000E+00
8.245000E-01   -2.557564E+01   -9.382165E+01   -1.083740E+02    0.000000E+00    0.000000E+00    0.000000E+00    2.054669E+02   -4.406685E+01   -1.053228E+01    0.000000E+00    0.000000E+00    0.000000E+00
8.255000E-01   -1.009480E+01   -8.524651E+01   -1.041310E+02    0.000000E+00    0.000000E+00    0.000000E+00    1.921041E+02   -2.685659E+01    3.210701E+00    0.000000E+00    0.000000E+00    0.000000E+00
8.265000E-01    1.602782E+01   -8.608461E+01   -1.215762E+02    0.000000E+00    0.000000E+00    0.000000E+00    2.103555E+02   -2.558735E+00    2.953555E+01    0.000000E+00    0.000000E+00    0.000000E+00
8.275000E-01   -5.682537E+01   -1.063543E+02   -9.922645E+01    0.000000E+00    0.000000E+00    0.000000E+00    2.078513E+02   -7.307925E+01   -4.149369E+01    0.000000E+00    0.000000E+00    0.000000E+00
8.285000E-01    1.418865E+01   -1.001474E+02   -1.358451E+02    0.000000E+00    0.000000E+00    0.000000E+00    2.386627E+02   -5.552049E+00    2.887164E+01    0.000000E+00    0.000000E+00    0.000000E+00
8.295000E-01   -2.006397E+01   -1.140464E+02   -1.362474E+02    0.000000E+00    0.000000E+00    0.000000E+00    2.532373E+02   -4.105506E+01   -3.218025E+00    0.000000E+00    0.000000E+00    0.000000E+00
8.305000E-01   -3.148293E+01   -8.023479E+01   -6.947700E+01    0.000000E+00    0.000000E+00    0.000000E+00    1.502505E+02   -4.042139E+01   -2.164076E+01    0.000000E+00    0.000000E+00    0.000000E+00
8.315000E-01   -1.069395E+01   -9.438631E+01   -1.269771E+02    0.000000E+00    0.000000E+00    0.000000E+00    2.231455E+02   -2.718820E+01    1.336471E+00    0.000000E+00    0.000000E+00    0.000000E+00
8.325000E-01   -4.015645E+01   -1.114951E+02   -1.107458E+02    0.000000E+00    0.000000E+00    0.000000E+00    2.228155E+02   -5.365037E+01   -2.701557E+01    0.000000E+00    0.000000E+00    0.000000E+00
8.335000E-01    5.580938E+00   -9.623001E+01   -1.103430E+02    0.000000E+00    0.000000E+00    0.000000E+00    2.075509E+02   -9.391107E+00    1.830215E+01    0.000000E+00    0.000000E+00    0.000000E+00
8.345000E-01   -3.490915E+01   -9.521210E+01   -1.272136E+02    0.000000E+00    0.000000E+00    0.000000E+00    2.239006E+02   -4.957780E+01   -2.455496E+01    0.000000E+00    0.000000E+00    0.000000E+00
8.355000E-01   -1.527421E+00   -1.127426E+02   -1.359419E+02    0.000000E+00    0.000000E+00    0.000000E+00    2.489244E+02   -1.729799E+01    1.132002E+01    0.000000E+00    0.000000E+00    0.000000E+00
8.365000E-01    3.238867E+00   -9.838213E+01   -1.088190E+02    0.000000E+00    0.000000E+00    0.000000E+00    2.067902E+02   -8.868320E+00    1.398443E+01    0.000000E+00    0.000000E+00    0.000000E+00
8.375000E-01   -1.063195E+01   -1.057585E+02   -1.335280E+02    0.000000E+00    0.000000E+00    0.000000E+00    2.388522E+02   -2.389122E+01   -1.672994E-01    0.000000E+00    0.000000E+00    0.000000E+00
8.385000E-01    8.319708E+00   -8.976702E+01   -1.044404E+02    0.000000E+00    0.000000E+00    0.000000E+00    1.933809E+02   -2.091673E+00    1.723709E+01    0.000000E+00    0.000000E+00    0.000000E+00
8.395000E-01   -4.080518E+01   -1.195618E+02   -1.210123E+02    0.000000E+00    0.000000E+00    0.000000E+00    2.394196E+02   -5.238136E+01   -2.967093E+01    0.000000E+00    0.000000E+00    0.000000E+00
8.405000E-01   -6.601146E+01   -1.355708E+02   -1.205363E+02    0.000000E+00    0.000000E+00    0.000000E+00    2.534713E+02   -7.481285E+01   -5.533840E+01    0.000000E+00    0.000000E+00    0.000000E+00
8.415000E-01   -5.011602E+01   -1.364841E+02   -1.242488E+02    0.000000E+00    0.000000E+00    0.000000E+00    2.577680E+02   -5.920814E+01   -3.948001E+01    0.000000E+00    0.000000E+00    0.000000E+00
8.425000E-01    4.987618E+01   -8.282990E+01   -1.442589E+02    0.000000E+00    0.000000E+00    0.000000E+00    2.247878E+02    3.930066E+01    5.556474E+01    0.000000E+00    0.000000E+00    0.000000E+00
8.435000E-01   -1.065350E+01   -8.938839E+01   -1.086358E+02    0.000000E+00    0.000000E+00    0.000000E+00    1.960891E+02   -1.891184E+01   -3.655851E+00    0.000000E+00    0.000000E+00    0.000000E+00
8.445000E-01    1.902548E+01   -9.308654E+01   -1.393107E+02    0.000000E+00    0.000000E+00    0.000000E+00    2.298968E+02    8.760292E+00    2.528278E+01    0.000000E+00    0.000000E+00    0.000000E+00
8.455000E-01    1.140479E+01   -1.169097E+02   -1.340151E+02    0.000000E+00    0.000000E+00    0.000000E+00    2.462066E+02    2.888495E+00    1.844552E+01    0.000000E+00    0.000000E+00    0.000000E+00
8.465000E-01   -5.385393E+01   -1.106955E+02   -1.065267E+02    0.000000E+00    0.000000E+00    0.000000E+00    2.140976E+02   -5.952630E+01   -4.672196E+01    0.000000E+00    0.000000E+00    0.000000E+00
8.475000E-01    1.397668E+01   -7.976450E+01   -1.089339E+02    0.000000E+00    0.000000E+00    0.000000E+00    1.855686E+02    7.678272E+00    1.820799E+01    0.000000E+00    0.000000E+00    0.000000E+00
8.485000E-01    1.543102E+01   -8.787987E+01   -1.146514E+02    0.000000E+00    0.000000E+00    0.000000E+00    1.980521E+02    9.893354E+00    1.936725E+01    0.000000E+00    0.000000E+00    0.000000E+00
8.495000E-01   -1.591812E+01   -9.501454E+01   -1.091010E+02    0.000000E+00    0.000000E+00    0.000000E+00    2.005508E+02   -2.155295E+01   -1.066565E+01    0.000000E+00    0.000000E+00    0.000000E+00
8.505000E-01    1.829333E+01   -1.007605E+02   -1.551492E+02    0.000000E+00    0.000000E+00    0.000000E+00    2.511498E+02    1.116087E+01    2.219876E+01    0.000000E+00    0.000000E+00    0.000000E+00
8.515000E-01    7.315296E+00   -9.358505E+01   -1.173859E+02    0.000000E+00    0.000000E+00    0.000000E+00    2.056807E+02    2.666299E+00    1.075862E+01    0.000000E+00    0.000000E+00    0.000000E+00
8.525000E-01   -1.422436E+01   -1.039572E+02   -1.162418E+02    0.000000E+00    0.000000E+00    0.000000E+00    2.140458E+02   -1.735685E+01   -1.092414E+01    0.000000E+00    0.000000E+00    0.000000E+00
8.535000E-01   -1.078143E+01   -9.103657E+01   -1.154491E+02    0.000000E+00    0.000000E+00    0.000000E+00    2.011134E+02   -1.386250E+01   -7.946741E+00    0.000000E+00    0.000000E+00    0.000000E+00
8.545000E-01    4.891890E+00   -9.426114E+01   -1.164873E+02    0.000000E+00    0.000000E+00    0.000000E+00    2.035336E+02    2.843463E+00    6.189683E+00    0.000000E+00    0.000000E+00    0.000000E+00
8.555000E-01   -2.423138E+01   -1.199411E+02   -1.217688E+02    0.000000E+00    0.000000E+00    0.000000E+00    2.336238E+02   -2.570213E+01   -2.146402E+01    0.000000E+00    0.000000E+00    0.000000E+00
8.565000E-01   -3.353449E+00   -1.069051E+02   -1.340808E+02    0.000000E+00    0.000000E+00    0.000000E+00    2.330922E+02   -5.192909E+00   -1.925976E+00    0.000000E+00    0.000000E+00    0.000000E+00
8.575000E-01    1.234861E+01   -1.042869E+02   -1.429422E+02    0.000000E+00    0.000000E+00    0.000000E+00    2.390127E+02    1.035719E+01    1.304734E+01    0.000000E+00    0.000000E+00    0.000000E+00
8.585000E-01   -2.379558E+01   -1.229056E+02   -1.222280E+02    0.000000E+00    0.000000E+00    0.000000E+00    2.345854E+02   -2.194314E+01   -2.337701E+01    0.000000E+00    0.000000E+00    0.000000E+00
8.595000E-01   -2.703196E+01   -1.196192E+02   -1.309834E+02    0.000000E+00    0.000000E+00    0.000000E+00    2.415474E+02   -2.677370E+01   -2.572217E+01    0.000000E+00    0.000000E+00    0.000000E+00
8.605000E-01   -1.809956E+00   -1.030358E+02   -1.289596E+02    0.000000E+00    0.000000E+00    0.000000E+00    2.223234E+02   -6.888809E-01   -2.625695E+00    0.000000E+00    0.000000E+00    0.000000E+00
8.615000E-01    5.849478E+01   -8.776081E+01   -1.496467E+02    0.000000E+00    0.000000E+00    0.000000E+00    2.266771E+02    5.759241E+01    5.532679E+01    0.000000E+00    0.000000E+00    0.000000E+00
8.625000E-01    3.220060E+00   -1.269050E+02   -1.679103E+02    0.000000E+00    0.000000E+00    0.000000E+00    2.820685E+02    5.066795E+00    1.460201E+00    0.000000E+00    0.000000E+00    0.000000E+00
8.635000E-01   -3.240793E+01   -1.410088E+02   -1.385320E+02    0.000000E+00    0.000000E+00    0.000000E+00    2.661606E+02   -2.842299E+01   -3.385956E+01    0.000000E+00    0.000000E+00    0.000000E+00
8.645000E-01   -1.911917E+01   -1.188289E+02   -1.147378E+02    0.000000E+00    0.000000E+00    0.000000E+00    2.215461E+02   -1.554490E+01   -2.130928E+01    0.000000E+00    0.000000E+00    0.000000E+00
8.655000E-01   -3.091001E+01   -1.212824E+02   -1.293171E+02    0.000000E+00    0.000000E+00    0.000000E+00    2.380692E+02   -2.560803E+01   -3.309374E+01    0.000000E+00    0.000000E+00    0.000000E+00
8.665000E-01    3.393260E+00   -1.012733E+02   -1.146467E+02    0.000000E+00    0.000000E+00    0.000000E+00    2.047846E+02    6.271956E+00    4.047386E-01    0.000000E+00    0.000000E+00    0.000000E+00
8.675000E-01   -3.077069E+01   -1.293680E+02   -1.320738E+02    0.000000E+00    0.000000E+00    0.000000E+00    2.465497E+02   -2.339818E+01   -3.448663E+01    0.000000E+00    0.000000E+00    0.000000E+00
8.685000E-01   -2.619936E+01   -1.095020E+02   -1.083404E+02    0.000000E+00    0.000000E+00    0.000000E+00    2.050419E+02   -1.977505E+01   -2.988918E+01    0.000000E+00    0.000000E+00    0.000000E+00
8.695000E-01   -4.077537E+00   -8.769705E+01   -1.147650E+02    0.000000E+00    0.000000E+00    0.000000E+00    1.907404E+02    1.711298E+00   -8.193927E+00    0.000000E+00    0.000000E+00    0.000000E+00
8.705000E-01   -3.150609E+00   -1.031601E+02   -9.611005E+01    0.000000E+00    0.000000E+00    0.000000E+00    1.855764E+02    2.680691E+00   -8.901687E+00    0.000000E+00    0.000000E+00    0.000000E+00
8.715000E-01   -1.136215E+01   -1.251276E+02   -1.615675E+02    0.000000E+00    0.000000E+00    0.000000E+00    2.699634E+02   -2.515052E+00   -1.717557E+01    0.000000E+00    0.000000E+00    0.000000E+00
8.725000E-01   -4.421504E+01   -1.114068E+02   -8.791061E+01    0.000000E+00    0.000000E+00    0.000000E+00    1.862319E+02   -3.618124E+01   -4.838790E+01    0.000000E+00    0.000000E+00    0.000000E+00
8.735000E-01   -8.563730E+00   -1.304462E+02   -1.487069E+02    0.000000E+00    0.000000E+00    0.000000E+00    2.599131E+02    2.421829E+00   -1.720519E+01    0.000000E+00    0.000000E+00    0.000000E+00
8.745000E-01   -4.204640E+01   -1.487642E+02   -1.456643E+02    0.000000E+00    0.000000E+00    0.000000E+00    2.739732E+02   -2.871952E+01   -5.004454E+01    0.000000E+00    0.000000E+00    0.000000E+00
8.755000E-01    1.909771E+01   -7.139858E+01   -9.876127E+01    0.000000E+00    0.000000E+00    0.000000E+00    1.573010E+02    2.652682E+01    1.141830E+01    0.000000E+00    0.000000E+00    0.000000E+00
8.765000E-01    1.690408E+01   -9.674072E+01   -1.406699E+02    0.000000E+00    0.000000E+00    0.000000E+00    2.198355E+02    2.770223E+01    7.469914E+00    0.000000E+00    0.000000E+00    0.000000E+00
8.775000E-01    3.684451E+01   -5.268252E+01   -9.082760E+01    0.000000E+00    0.000000E+00    0.000000E+00    1.322642E+02    4.252701E+01    2.915973E+01    0.000000E+00    0.000000E+00    0.000000E+00
8.785000E-01    5.146666E+01   -6.245822E+01   -1.266028E+02    0.000000E+00    0.000000E+00    0.000000E+00    1.745160E+02    5.911661E+01    4.177631E+01    0.000000E+00    0.000000E+00    0.000000E+00
8.795000E-01    9.105578E-01   -1.372787E+02   -1.785555E+02    0.000000E+00    0.000000E+00    0.000000E+00    2.903155E+02    1.857439E+01   -1.293022E+01    0.000000E+00    0.000000E+00    0.000000E+00
8.805000E-01   -5.439496E+00   -8.595076E+01   -7.483831E+01    0.000000E+00    0.000000E+00    0.000000E+00    1.463315E+02    3.267037E+00   -1.448628E+01    0.000000E+00    0.000000E+00    0.000000E+00
8.815000E-01    8.002486E+01   -7.712408E+01   -1.774130E+02    0.000000E+00    0.000000E+00    0.000000E+00    2.333334E+02    9.234137E+01    6.513698E+01    0.000000E+00    0.000000E+00    0.000000E+00
8.825000E-01    5.456797E+01   -8.319483E+01   -1.635431E+02    0.000000E+00    0.000000E+00    0.000000E+00    2.257694E+02    6.824317E+01    4.075609E+01    0.000000E+00    0.000000E+00    0.000000E+00
8.835000E-01    1.406529E+01   -1.085280E+02   -1.263772E+02    0.000000E+00    0.000000E+00    0.000000E+00    2.145278E+02    2.630668E+01    7.987273E-01    0.000000E+00    0.000000E+00    0.000000E+00
8.845000E-01    2.041684E+01   -1.065276E+02   -1.615077E+02    0.000000E+00    0.000000E+00    0.000000E+00    2.446619E+02    3.733348E+01    6.115752E+00    0.000000E+00    0.000000E+00    0.000000E+00
8.855000E-01    4.301419E+01   -9.360375E+01   -1.510321E+02    0.000000E+00    0.000000E+00    0.000000E+00    2.219695E+02    5.789102E+01    2.727417E+01    0.000000E+00    0.000000E+00    0.000000E+00
8.865000E-01    2.880262E+01   -1.016645E+02   -1.584689E+02    0.000000E+00    0.000000E+00    0.000000E+00    2.350243E+02    4.747676E+01    1.230127E+01    0.000000E+00    0.000000E+00    0.000000E+00
8.875000E-01   -7.941646E+00   -1.371945E+02   -1.481509E+02    0.000000E+00    0.000000E+00    0.000000E+00    2.579020E+02    1.186516E+01   -2.531741E+01    0.000000E+00    0.000000E+00    0.000000E+00
8.885000E-01    2.009777E+01   -9.411643E+01   -1.465693E+02    0.000000E+00    0.000000E+00    0.000000E+00    2.179248E+02    3.773311E+01    5.389555E+00    0.000000E+00    0.000000E+00    0.000000E+00
8.895000E-01    4.149679E+01   -1.020397E+02   -1.502539E+02    0.000000E+00    0.000000E+00    0.000000E+00    2.272887E+02    5.767530E+01    2.333746E+01    0.000000E+00    0.000000E+00    0.000000E+00
8.905000E-01    1.548481E+01   -1.065398E+02   -1.555757E+02    0.000000E+00    0.000000E+00    0.000000E+00    2.365802E+02    3.550930E+01   -1.045491E+00    0.000000E+00    0.000000E+00    0.000000E+00
8.915000E-01   -1.689730E+01   -1.386112E+02   -1.499973E+02    0.000000E+00    0.000000E+00    0.000000E+00    2.591739E+02    6.421068E+00   -3.559184E+01    0.000000E+00    0.000000E+00    0.000000E+00
8.925000E-01    6.712850E+01   -8.343867E+01   -1.717108E+02    0.000000E+00    0.000000E+00    0.000000E+00    2.275775E+02    8.768743E+01    4.635322E+01    0.000000E+00    0.000000E+00    0.000000E+00
8.935000E-01   -3.113547E+00   -1.215265E+02   -1.448399E+02    0.000000E+00    0.000000E+00    0.000000E+00    2.382918E+02    1.899547E+01   -2.146055E+01    0.000000E+00    0.000000E+00    0.000000E+00
8.945000E-01   -3.370431E+01   -1.184610E+02   -1.073455E+02    0.000000E+00    0.000000E+00    0.000000E+00    2.016484E+02   -1.332685E+01   -4.912649E+01    0.000000E+00    0.000000E+00    0.000000E+00
8.955000E-01    4.155491E+01   -8.442605E+01   -1.457057E+02    0.000000E+00    0.000000E+00    0.000000E+00    2.033937E+02    6.259983E+01    2.182906E+01    0.000000E+00    0.000000E+00    0.000000E+00
8.965000E-01   -1.870519E+01   -1.149896E+02   -1.038777E+02    0.000000E+00    0.000000E+00    0.000000E+00    1.943728E+02    3.105437E-01   -3.600691E+01    0.000000E+00    0.000000E+00    0.000000E+00
8.975000E-01    1.861429E+01   -9.710901E+01   -1.552925E+02    0.000000E+00    0.000000E+00    0.000000E+00    2.237994E+02    4.379235E+01   -7.400652E-01    0.000000E+00    0.000000E+00    0.000000E+00
8.985000E-01    3.471870E+00   -1.333514E+02   -1.451245E+02    0.000000E+00    0.000000E+00    0.000000E+00    2.447599E+02    3.021088E+01   -2.198767E+01    0.000000E+00    0.000000E+00    0.000000E+00
8.995000E-01    1.665098E+01   -9.853986E+01   -1.441904E+02    0.000000E+00    0.000000E+00    0.000000E+00    2.150348E+02    4.029924E+01   -2.890279E+00    0.000000E+00    0.000000E+00    0.000000E+00
9.005000E-01    2.700468E+01   -8.615784E+01   -1.195961E+02    0.000000E+00    0.000000E+00    0.000000E+00    1.800716E+02    4.741248E+01    6.641028E+00    0.000000E+00    0.000000E+00    0.000000E+00
9.015000E-01    1.949778E-01   -9.379462E+01   -1.200405E+02    0.000000E+00    0.000000E+00    0.000000E+00    1.888038E+02    2.230727E+01   -1.738872E+01    0.000000E+00    0.000000E+00    0.000000E+00
9.025000E-01    6.820410E+01   -2.073957E+01   -7.199817E+01    0.000000E+00    0.000000E+00    0.000000E+00    8.034259E+01    7.517432E+01    5.475907E+01    0.000000E+00    0.000000E+00    0.000000E+00
9.035000E-01    8.803382E+00   -1.542857E+02   -1.954604E+02    0.000000E+00    0.000000E+00    0.000000E+00    3.067894E+02    4.603660E+01   -2.286582E+01    0.000000E+00    0.000000E+00    0.000000E+00
9.045000E-01   -3.274633E+00   -9.859864E+01   -1.187202E+02    0.000000E+00    0.000000E+00    0.000000E+00    1.896411E+02    2.173034E+01   -2.343314E+01    0.000000E+00    0.000000E+00    0.000000E+00
9.055000E-01   -9.315272E+00   -1.227827E+02   -1.371271E+02    0.000000E+00    0.000000E+00    0.000000E+00    2.264940E+02    2.057741E+01   -3.401585E+01    0.000000E+00    0.000000E+00    0.000000E+00
9.065000E-01    1.404964E+01   -9.444180E+01   -1.078101E+02    0.000000E+00    0.000000E+00    0.000000E+00    1.751665E+02    3.593139E+01   -8.720853E+00    0.000000E+00    0.000000E+00    0.000000E+00
9.075000E-01    2.850034E+01   -1.078583E+02   -1.799249E+02    0.000000E+00    0.000000E+00    0.000000E+00    2.499394E+02    6.440152E+01    8.998664E-01    0.000000E+00    0.000000E+00    0.000000E+00
9.085000E-01   -3.378660E+01   -1.615994E+02   -1.356196E+02    0.000000E+00    0.000000E+00    0.000000E+00    2.575661E+02    8.612200E-02   -6.516641E+01    0.000000E+00    0.000000E+00    0.000000E+00
9.095000E-01    2.474854E+01   -9.120060E+01   -1.732371E+02    0.000000E+00    0.000000E+00    0.000000E+00    2.270273E+02    6.341337E+01   -1.045674E+00    0.000000E+00    0.000000E+00    0.000000E+00
9.105000E-01    2.014765E+01   -1.286254E+02   -1.355122E+02    0.000000E+00    0.000000E+00    0.000000E+00    2.269511E+02    4.867012E+01   -1.278541E+01    0.000000E+00    0.000000E+00    0.000000E+00
9.115000E-01   -1.267287E+01   -1.211772E+02   -1.529404E+02    0.000000E+00    0.000000E+00    0.000000E+00    2.363124E+02    2.494973E+01   -3.952389E+01    0.000000E+00    0.000000E+00    0.000000E+00
9.125000E-01    3.286628E+01   -1.196720E+02   -1.845067E+02    0.000000E+00    0.000000E+00    0.000000E+00    2.588942E+02    7.555701E+01   -2.838361E+00    0.000000E+00    0.000000E+00    0.000000E+00
9.135000E-01    5.154942E+01   -9.896447E+01   -1.684379E+02    0.000000E+00    0.000000E+00    0.000000E+00    2.272262E+02    8.805979E+01    1.805904E+01    0.000000E+00    0.000000E+00    0.000000E+00
9.145000E-01    3.643728E+01   -1.246406E+02   -1.621541E+02    0.000000E+00    0.000000E+00    0.000000E+00    2.433700E+02    7.329570E+01   -1.504166E+00    0.000000E+00    0.000000E+00    0.000000E+00
9.155000E-01    7.767863E+01   -6.182088E+01   -1.683753E+02    0.000000E+00    0.000000E+00    0.000000E+00    1.951697E+02    1.117193E+02    4.890625E+01    0.000000E+00    0.000000E+00    0.000000E+00
9.165000E-01    4.183388E+01   -9.774866E+01   -1.587016E+02    0.000000E+00    0.000000E+00    0.000000E+00    2.175093E+02    7.734147E+01    9.596581E+00    0.000000E+00    0.000000E+00    0.000000E+00
9.175000E-01    1.201129E+01   -1.077736E+02   -1.321875E+02    0.000000E+00    0.000000E+00    0.000000E+00    2.034751E+02    4.506979E+01   -1.853349E+01    0.000000E+00    0.000000E+00    0.000000E+00
9.185000E-01   -5.146970E+00   -1.213986E+02   -1.451362E+02    0.000000E+00    0.000000E+00    0.000000E+00    2.259384E+02    3.416506E+01   -3.702560E+01    0.000000E+00    0.000000E+00    0.000000E+00
9.195000E-01   -1.005747E+01   -1.395496E+02   -1.698048E+02    0.000000E+00    0.000000E+00    0.000000E+00    2.613740E+02    3.833963E+01   -4.720407E+01    0.000000E+00    0.000000E+00    0.000000E+00
9.205000E-01    2.116032E+01   -1.227495E+02   -1.639107E+02    0.000000E+00    0.000000E+00    0.000000E+00    2.415928E+02    6.383340E+01   -1.672193E+01    0.000000E+00    0.000000E+00    0.000000E+00
9.215000E-01    2.980043E+01   -9.718648E+01   -1.489163E+02    0.000000E+00    0.000000E+00    0.000000E+00    2.056539E+02    6.982308E+01   -4.216668E+00    0.000000E+00    0.000000E+00    0.000000E+00
9.225000E-01   -1.327777E+01   -1.128070E+02   -1.269460E+02    0.000000E+00    0.000000E+00    0.000000E+00    2.022198E+02    2.442734E+01   -4.313340E+01    0.000000E+00    0.000000E+00    0.000000E+00
9.235000E-01    6.490675E-01   -1.279419E+02   -1.423407E+02    0.000000E+00    0.000000E+00    0.000000E+00    2.255383E+02    4.386430E+01   -3.856121E+01    0.000000E+00    0.000000E+00    0.000000E+00
9.245000E-01    4.170471E+01   -1.064573E+02   -1.875928E+02    0.000000E+00    0.000000E+00    0.000000E+00    2.445927E+02    9.336786E+01    1.460477E+00    0.000000E+00    0.000000E+00    0.000000E+00
9.255000E-01    1.867111E+01   -1.032348E+02   -1.196024E+02    0.000000E+00    0.000000E+00    0.000000E+00    1.850409E+02    5.331772E+01   -1.709099E+01    0.000000E+00    0.000000E+00    0.000000E+00
9.265000E-01   -1.263745E+00   -1.224795E+02   -1.590314E+02    0.000000E+00    0.000000E+00    0.000000E+00    2.341636E+02    4.864534E+01   -3.945162E+01    0.000000E+00    0.000000E+00    0.000000E+00
9.275000E-01    4.871975E+01   -1.067500E+02   -1.735281E+02    0.000000E+00    0.000000E+00    0.000000E+00    2.308107E+02    9.817721E+01    4.573918E+00    0.000000E+00    0.000000E+00    0.000000E+00
9.285000E-01    4.956743E+01   -9.684666E+01   -1.544193E+02    0.000000E+00    0.000000E+00    0.000000E+00    2.065755E+02    9.370023E+01    7.636127E+00    0.000000E+00    0.000000E+00    0.000000E+00
9.295000E-01    6.445735E+01   -6.537387E+01   -1.439854E+02    0.000000E+00    0.000000E+00    0.000000E+00    1.710912E+02    1.036181E+02    2.961172E+01    0.000000E+00    0.000000E+00    0.000000E+00
9.305000E-01    2.972069E+01   -1.388321E+02   -1.743243E+02    0.000000E+00    0.000000E+00    0.000000E+00    2.582077E+02    8.270868E+01   -2.231283E+01    0.000000E+00    0.000000E+00    0.000000E+00
9.315000E-01    4.447611E+01   -9.213156E+01   -1.647712E+02    0.000000E+00    0.000000E+00    0.000000E+00    2.091365E+02    9.617356E+01    2.708151E+00    0.000000E+00    0.000000E+00    0.000000E+00
9.325000E-01    2.415233E+01   -1.138368E+02   -1.738612E+02    0.000000E+00    0.000000E+00    0.000000E+00    2.352244E+02    8.115083E+01   -2.039425E+01    0.000000E+00    0.000000E+00    0.000000E+00
9.335000E-01    2.956455E+01   -1.309854E+02   -1.760379E+02    0.000000E+00    0.000000E+00    0.000000E+00    2.510654E+02    8.614642E+01   -2.224075E+01    0.000000E+00    0.000000E+00    0.000000E+00
9.345000E-01    3.456573E+01   -9.935741E+01   -1.703946E+02    0.000000E+00    0.000000E+00    0.000000E+00    2.198941E+02    8.931559E+01   -7.626765E+00    0.000000E+00    0.000000E+00    0.000000E+00
9.355000E-01    3.424186E+01   -1.246675E+02   -1.809869E+02    0.000000E+00    0.000000E+00    0.000000E+00    2.478638E+02    9.510929E+01   -1.862504E+01    0.000000E+00    0.000000E+00    0.000000E+00
9.365000E-01   -3.617573E+01   -1.499955E+02   -1.699058E+02    0.000000E+00    0.000000E+00    0.000000E+00    2.618513E+02    2.993474E+01   -8.244834E+01    0.000000E+00    0.000000E+00    0.000000E+00
9.375000E-01    4.047046E+01   -1.102887E+02   -1.711174E+02    0.000000E+00    0.000000E+00    0.000000E+00    2.271150E+02    9.863763E+01   -9.923382E+00    0.000000E+00    0.000000E+00    0.000000E+00
9.385000E-01    2.159306E+01   -1.318207E+02   -1.862490E+02    0.000000E+00    0.000000E+00    0.000000E+00    2.577624E+02    8.767672E+01   -3.232980E+01    0.000000E+00    0.000000E+00    0.000000E+00
9.395000E-01   -4.978771E+01   -1.661909E+02   -1.617991E+02    0.000000E+00    0.000000E+00    0.000000E+00    2.664988E+02    1.984296E+01   -1.027441E+02    0.000000E+00    0.000000E+00    0.000000E+00
9.405000E-01   -1.479601E+01   -1.248170E+02   -1.812422E+02    0.000000E+00    0.000000E+00    0.000000E+00    2.464092E+02    5.933345E+01   -6.079255E+01    0.000000E+00    0.000000E+00    0.000000E+00
9.415000E-01    1.527985E+01   -1.373677E+02   -1.725291E+02    0.000000E+00    0.000000E+00    0.000000E+00    2.491047E+02    8.149288E+01   -4.295332E+01    0.000000E+00    0.000000E+00    0.000000E+00
9.425000E-01   -1.805941E+01   -1.541176E+02   -1.863270E+02    0.000000E+00    0.000000E+00    0.000000E+00    2.735379E+02    6.022173E+01   -7.638961E+01    0.000000E+00    0.000000E+00    0.000000E+00
9.435000E-01    9.585021E+00   -1.379701E+02   -1.754621E+02    0.000000E+00    0.000000E+00    0.000000E+00    2.502547E+02    8.142977E+01   -5.017711E+01    0.000000E+00    0.000000E+00    0.000000E+00
9.445000E-01   -9.285725E+00   -1.121950E+02   -1.828354E+02    0.000000E+00    0.000000E+00    0.000000E+00    2.345836E+02    7.006486E+01   -5.471873E+01    0.000000E+00    0.000000E+00    0.000000E+00
9.455000E-01    1.528292E+01   -1.471247E+02   -1.651987E+02    0.000000E+00    0.000000E+00    0.000000E+00    2.482719E+02    8.397625E+01   -5.190314E+01    0.000000E+00    0.000000E+00    0.000000E+00
9.465000E-01    8.274220E+01   -1.050642E+02   -1.788737E+02    0.000000E+00    0.000000E+00    0.000000E+00    2.227470E+02    1.498446E+02    1.519400E+01    0.000000E+00    0.000000E+00    0.000000E+00
9.475000E-01   -2.588350E+00   -1.232720E+02   -2.030696E+02    0.000000E+00    0.000000E+00    0.000000E+00    2.579410E+02    8.669193E+01   -5.538702E+01    0.000000E+00    0.000000E+00    0.000000E+00
9.485000E-01    5.006890E+01   -1.061853E+02   -1.634698E+02    0.000000E+00    0.000000E+00    0.000000E+00    2.111122E+02    1.178071E+02   -1.208606E+01    0.000000E+00    0.000000E+00    0.000000E+00
9.495000E-01    3.262079E+01   -1.456786E+02   -2.036336E+02    0.000000E+00    0.000000E+00    0.000000E+00    2.743071E+02    1.197827E+02   -4.214121E+01    0.000000E+00    0.000000E+00    0.000000E+00
9.505000E-01    4.856803E+01   -1.008044E+02   -1.767758E+02    0.000000E+00    0.000000E+00    0.000000E+00    2.156392E+02    1.247252E+02   -1.200802E+01    0.000000E+00    0.000000E+00    0.000000E+00
9.515000E-01    5.662241E+01   -1.304152E+02   -2.120640E+02    0.000000E+00    0.000000E+00    0.000000E+00    2.665553E+02    1.470392E+02   -1.966446E+01    0.000000E+00    0.000000E+00    0.000000E+00
9.525000E-01    7.416773E+01   -1.323901E+02   -2.372528E+02    0.000000E+00    0.000000E+00    0.000000E+00    2.853221E+02    1.771135E+02   -9.978267E+00    0.000000E+00    0.000000E+00    0.000000E+00
9.535000E-01    1.382311E+00   -1.551475E+02   -1.881550E+02    0.000000E+00    0.000000E+00    0.000000E+00    2.673126E+02    9.362646E+01   -7.546367E+01    0.000000E+00    0.000000E+00    0.000000E+00
9.545000E-01    3.398216E+00   -1.388785E+02   -2.267163E+02    0.000000E+00    0.000000E+00    0.000000E+00    2.816659E+02    1.167248E+02   -6.717738E+01    0.000000E+00    0.000000E+00    0.000000E+00
9.555000E-01    2.288503E+01   -1.288792E+02   -1.682931E+02    0.000000E+00    0.000000E+00    0.000000E+00    2.300709E+02    1.031851E+02   -4.834371E+01    0.000000E+00    0.000000E+00    0.000000E+00
9.565000E-01    2.677388E+00   -1.252581E+02   -1.721732E+02    0.000000E+00    0.000000E+00    0.000000E+00    2.291737E+02    9.136589E+01   -6.297068E+01    0.000000E+00    0.000000E+00    0.000000E+00
9.575000E-01    3.713355E+01   -9.581592E+01   -1.698476E+02    0.000000E+00    0.000000E+00    0.000000E+00    2.024007E+02    1.202287E+02   -2.368727E+01    0.000000E+00    0.000000E+00    0.000000E+00
9.585000E-01    8.958724E+01   -1.163016E+02   -1.903373E+02    0.000000E+00    0.000000E+00    0.000000E+00    2.328311E+02    1.764070E+02    1.313760E+00    0.000000E+00    0.000000E+00    0.000000E+00
9.595000E-01    7.051716E+01   -7.264956E+01   -1.642594E+02    0.000000E+00    0.000000E+00    0.000000E+00    1.775403E+02    1.487704E+02    9.986117E+00    0.000000E+00    0.000000E+00    0.000000E+00
9.605000E-01    8.864442E+01   -8.921217E+01   -1.825329E+02    0.000000E+00    0.000000E+00    0.000000E+00    2.039939E+02    1.734027E+02    1.363896E+01    0.000000E+00    0.000000E+00    0.000000E+00
9.615000E-01    9.885840E+01   -9.068187E+01   -1.684284E+02    0.000000E+00    0.000000E+00    0.000000E+00    1.935268E+02    1.772941E+02    1.754526E+01    0.000000E+00    0.000000E+00    0.000000E+00
9.625000E-01    1.197412E+02   -1.254869E+02   -2.875397E+02    0.000000E+00    0.000000E+00    0.000000E+00    3.056109E+02    2.619272E+02    1.252077E+01    0.000000E+00    0.000000E+00    0.000000E+00
9.635000E-01    1.008992E+02   -8.184576E+01   -1.597098E+02    0.000000E+00    0.000000E+00    0.000000E+00    1.782863E+02    1.773465E+02    2.142988E+01    0.000000E+00    0.000000E+00    0.000000E+00
9.645000E-01    7.480010E+01   -1.355319E+02   -2.340665E+02    0.000000E+00    0.000000E+00    0.000000E+00    2.749228E+02    1.979685E+02   -2.741294E+01    0.000000E+00    0.000000E+00    0.000000E+00
9.655000E-01    1.528826E+02   -4.478190E+01   -1.789913E+02    0.000000E+00    0.000000E+00    0.000000E+00    1.601353E+02    2.331298E+02    7.776714E+01    0.000000E+00    0.000000E+00    0.000000E+00
9.665000E-01    1.003164E+02   -1.171872E+02   -2.031694E+02    0.000000E+00    0.000000E+00    0.000000E+00    2.366136E+02    2.043156E+02   -1.730599E+00    0.000000E+00    0.000000E+00    0.000000E+00
9.675000E-01    8.268702E+01   -1.010524E+02   -2.235409E+02    0.000000E+00    0.000000E+00    0.000000E+00    2.361917E+02    2.039100E+02   -5.324745E+00    0.000000E+00    0.000000E+00    0.000000E+00
9.685000E-01    8.992663E+01   -1.177231E+02   -1.982518E+02    0.000000E+00    0.000000E+00    0.000000E+00    2.319571E+02    1.957469E+02   -1.166481E+01    0.000000E+00    0.000000E+00    0.000000E+00
9.695000E-01    1.484522E+02   -5.895968E+01   -2.166226E+02    0.000000E+00    0.000000E+00    0.000000E+00    1.949294E+02    2.566719E+02    6.318953E+01    0.000000E+00    0.000000E+00    0.000000E+00
9.705000E-01    7.486903E+01   -1.285427E+02   -1.970385E+02    0.000000E+00    0.000000E+00    0.000000E+00    2.388671E+02    1.842356E+02   -2.994631E+01    0.000000E+00    0.000000E+00    0.000000E+00
9.715000E-01    1.055361E+02   -8.830068E+01   -2.137002E+02    0.000000E+00    0.000000E+00    0.000000E+00    2.166195E+02    2.207155E+02    1.505501E+01    0.000000E+00    0.000000E+00    0.000000E+00
9.725000E-01    1.192689E+02   -7.928407E+01   -1.869857E+02    0.000000E+00    0.000000E+00    0.000000E+00    1.890918E+02    2.191890E+02    2.737704E+01    0.000000E+00    0.000000E+00    0.000000E+00
9.735000E-01    5.607063E+01   -1.212838E+02   -1.842066E+02    0.000000E+00    0.000000E+00    0.000000E+00    2.239575E+02    1.621934E+02   -3.949383E+01    0.000000E+00    0.000000E+00    0.000000E+00
9.745000E-01    8.901188E+01   -7.301653E+01   -2.043177E+02    0.000000E+00    0.000000E+00    0.000000E+00    1.946564E+02    2.070879E+02    1.038167E+01    0.000000E+00    0.000000E+00    0.000000E+00
9.755000E-01    1.074655E+02   -9.442642E+01   -1.582124E+02    0.000000E+00    0.000000E+00    0.000000E+00    1.813252E+02    1.937456E+02    7.256406E+00    0.000000E+00    0.000000E+00    0.000000E+00
9.765000E-01    1.516605E+02   -4.375937E+01   -1.848120E+02    0.000000E+00    0.000000E+00    0.000000E+00    1.560517E+02    2.490529E+02    6.881435E+01    0.000000E+00    0.000000E+00    0.000000E+00
9.775000E-01    1.217493E+02   -5.521261E+01   -1.547127E+02    0.000000E+00    0.000000E+00    0.000000E+00    1.452556E+02    2.058678E+02    4.072123E+01    0.000000E+00    0.000000E+00    0.000000E+00
9.785000E-01    3.784478E+01   -1.324481E+02   -1.855310E+02    0.000000E+00    0.000000E+00    0.000000E+00    2.305469E+02    1.551907E+02   -6.420196E+01    0.000000E+00    0.000000E+00    0.000000E+00
9.795000E-01    1.094709E+02   -5.987394E+01   -1.789485E+02    0.000000E+00    0.000000E+00    0.000000E+00    1.635483E+02    2.143141E+02    2.793002E+01    0.000000E+00    0.000000E+00    0.000000E+00
9.805000E-01    3.846154E+01   -1.301902E+02   -1.789096E+02    0.000000E+00    0.000000E+00    0.000000E+00    2.238973E+02    1.529595E+02   -6.352001E+01    0.000000E+00    0.000000E+00    0.000000E+00
9.815000E-01    8.410433E+01   -9.777957E+01   -1.924760E+02    0.000000E+00    0.000000E+00    0.000000E+00    2.035024E+02    2.032558E+02   -1.475782E+01    0.000000E+00    0.000000E+00    0.000000E+00
9.825000E-01    1.045700E+02   -8.980996E+01   -1.956337E+02    0.000000E+00    0.000000E+00    0.000000E+00    1.978828E+02    2.249325E+02    2.288622E+00    0.000000E+00    0.000000E+00    0.000000E+00
9.835000E-01    8.454952E+01   -9.735026E+01   -1.776945E+02    0.000000E+00    0.000000E+00    0.000000E+00    1.932770E+02    1.946505E+02   -1.512228E+01    0.000000E+00    0.000000E+00    0.000000E+00
9.845000E-01    6.785552E+01   -1.089518E+02   -2.000143E+02    0.000000E+00    0.000000E+00    0.000000E+00    2.155634E+02    1.993859E+02   -3.561930E+01    0.000000E+00    0.000000E+00    0.000000E+00
9.855000E-01    8.250128E+01   -1.083538E+02   -1.824067E+02    0.000000E+00    0.000000E+00    0.000000E+00    2.039571E+02    1.994713E+02   -2.662194E+01    0.000000E+00    0.000000E+00    0.000000E+00
9.865000E-01    6.006170E+01   -1.129921E+02   -2.045820E+02    0.000000E+00    0.000000E+00    0.000000E+00    2.208371E+02    1.981983E+02   -4.478254E+01    0.000000E+00    0.000000E+00    0.000000E+00
9.875000E-01    8.092584E+01   -9.244049E+01   -1.994267E+02    0.000000E+00    0.000000E+00    0.000000E+00    1.994738E+02    2.130574E+02   -1.798070E+01    0.000000E+00    0.000000E+00    0.000000E+00
9.885000E-01    8.721109E+01   -9.576329E+01   -1.627025E+02    0.000000E+00    0.000000E+00    0.000000E+00    1.790929E+02    1.945162E+02   -1.851168E+01    0.000000E+00    0.000000E+00    0.000000E+00
9.895000E-01    3.639050E+01   -1.026845E+02   -1.963600E+02    0.000000E+00    0.000000E+00    0.000000E+00    2.058993E+02    1.745682E+02   -5.300701E+01    0.000000E+00    0.000000E+00    0.000000E+00
9.905000E-01    4.515925E+01   -1.293240E+02   -1.758405E+02    0.000000E+00    0.000000E+00    0.000000E+00    2.153182E+02    1.697065E+02   -6.941929E+01    0.000000E+00    0.000000E+00    0.000000E+00
9.915000E-01    1.179170E+02   -4.305579E+01   -1.695002E+02    0.000000E+00    0.000000E+00    0.000000E+00    1.355463E+02    2.310719E+02    3.511013E+01    0.000000E+00    0.000000E+00    0.000000E+00
9.925000E-01    7.863950E+01   -1.175688E+02   -1.973714E+02    0.000000E+00    0.000000E+00    0.000000E+00    2.166373E+02    2.162079E+02   -4.237056E+01    0.000000E+00    0.000000E+00    0.000000E+00
9.935000E-01    7.954012E+01   -8.879529E+01   -1.825322E+02    0.000000E+00    0.000000E+00    0.000000E+00    1.824942E+02    2.079097E+02   -2.195101E+01    0.000000E+00    0.000000E+00    0.000000E+00
9.945000E-01    5.340461E+01   -1.147205E+02   -2.081971E+02    0.000000E+00    0.000000E+00    0.000000E+00    2.187740E+02    2.058144E+02   -5.743336E+01    0.000000E+00    0.000000E+00    0.000000E+00
9.955000E-01    8.389079E+01   -9.704474E+01   -1.871659E+02    0.000000E+00    0.000000E+00    0.000000E+00    1.918289E+02    2.156239E+02   -2.631165E+01    0.000000E+00    0.000000E+00    0.000000E+00
9.965000E-01    6.397163E+01   -1.201039E+02   -2.228819E+02    0.000000E+00    0.000000E+00    0.000000E+00    2.305180E+02    2.288889E+02   -5.715851E+01    0.000000E+00    0.000000E+00    0.000000E+00
9.975000E-01    5.108648E+01   -1.348696E+02   -2.124944E+02    0.000000E+00    0.000000E+00    0.000000E+00    2.371521E+02    2.103506E+02   -7.659684E+01    0.000000E+00    0.000000E+00    0.000000E+00
9.985000E-01    7.103493E+01   -1.135286E+02   -1.982950E+02    0.000000E+00    0.000000E+00    0.000000E+00    2.093849E+02    2.192983E+02   -5.057059E+01    0.000000E+00    0.000000E+00    0.000000E+00
9.995000E-01    6.805151E+01   -1.335689E+02   -2.321192E+02    0.000000E+00    0.000000E+00    0.000000E+00    2.450564E+02    2.442452E+02   -6.882491E+01    0.000000E+00    0.000000E+00    0.000000E+00
1.000500E+00    1.245561E+02   -9.060509E+01   -2.102566E+02    0.000000E+00    0.000000E+00    0.000000E+00    1.934829E+02    2.800178E+02   -6.221069E+00    0.000000E+00    0.000000E+00    0.000000E+00
1.001500E+00    1.090653E+02   -1.036965E+02   -2.116203E+02    0.000000E+00    0.000000E+00    0.000000E+00    2.045464E+02    2.692509E+02   -2.633297E+01    0.000000E+00    0.000000E+00    0.000000E+00
1.002500E+00    3.712138E+01   -1.341009E+02   -2.180455E+02    0.000000E+00    0.000000E+00    0.000000E+00    2.351368E+02    2.117090E+02   -8.982357E+01    0.000000E+00    0.000000E+00    0.000000E+00
1.003500E+00    6.660743E+01   -1.370507E+02   -2.084478E+02    0.000000E+00    0.000000E+00    0.000000E+00    2.305699E+02    2.329075E+02   -7.925147E+01    0.000000E+00    0.000000E+00    0.000000E+00
1.004500E+00    2.478326E+01   -1.501352E+02   -2.378651E+02    0.000000E+00    0.000000E+00    0.000000E+00    2.573585E+02    2.211813E+02   -1.124474E+02    0.000000E+00    0.000000E+00    0.000000E+00
1.005500E+00    1.169862E+02   -8.655071E+01   -2.056231E+02    0.000000E+00    0.000000E+00    0.000000E+00    1.820471E+02    2.785547E+02   -1.382198E+01    0.000000E+00    0.000000E+00    0.000000E+00
1.006500E+00    1.103078E+02   -1.042992E+02   -1.983682E+02    0.000000E+00    0.000000E+00    0.000000E+00    1.927156E+02    2.682435E+02   -3.375083E+01    0.000000E+00    0.000000E+00    0.000000E+00
1.007500E+00    5.077691E+01   -9.878886E+01   -2.146386E+02    0.000000E+00    0.000000E+00    0.000000E+00    1.958083E+02    2.310569E+02   -5.964285E+01    0.000000E+00    0.000000E+00    0.000000E+00
1.008500E+00    6.331761E+01   -1.396914E+02   -2.088343E+02    0.000000E+00    0.000000E+00    0.000000E+00    2.277717E+02    2.387405E+02   -9.043825E+01    0.000000E+00    0.000000E+00    0.000000E+00
1.009500E+00    1.109440E+02   -8.680632E+01   -2.251349E+02    0.000000E+00    0.000000E+00    0.000000E+00    1.870671E+02    2.978453E+02   -2.286439E+01    0.000000E+00    0.000000E+00    0.000000E+00
1.010500E+00    1.168374E+02   -9.062279E+01   -2.277720E+02    0.000000E+00    0.000000E+00    0.000000E+00    1.905163E+02    3.071233E+02   -2.416135E+01    0.000000E+00    0.000000E+00    0.000000E+00
1.011500E+00    7.371122E+01   -1.314610E+02   -2.091668E+02    0.000000E+00    0.000000E+00    0.000000E+00    2.170359E+02    2.540489E+02   -8.282765E+01    0.000000E+00    0.000000E+00    0.000000E+00
1.012500E+00    6.750997E+01   -1.078699E+02   -2.187403E+02    0.000000E+00    0.000000E+00    0.000000E+00    1.994864E+02    2.589757E+02   -6.612630E+01    0.000000E+00    0.000000E+00    0.000000E+00
1.013500E+00    1.055873E+02   -1.040501E+02   -2.272977E+02    0.000000E+00    0.000000E+00    0.000000E+00    1.980682E+02    3.030372E+02   -4.663057E+01    0.000000E+00    0.000000E+00    0.000000E+00
1.014500E+00    1.105032E+02   -1.140647E+02   -2.208995E+02    0.000000E+00    0.000000E+00    0.000000E+00    2.023104E+02    3.038198E+02   -5.548294E+01    0.000000E+00    0.000000E+00    0.000000E+00
1.015500E+00    1.081729E+02   -9.669996E+01   -2.233319E+02    0.000000E+00    0.000000E+00    0.000000E+00    1.871380E+02    3.050667E+02   -4.153280E+01    0.000000E+00    0.000000E+00    0.000000E+00
1.016500E+00    1.648795E+02   -9.630399E+01   -2.893626E+02    0.000000E+00    0.000000E+00    0.000000E+00    2.140729E+02    4.189482E+02   -1.767367E+01    0.000000E+00    0.000000E+00    0.000000E+00
1.017500E+00    8.717253E+01   -1.394540E+02   -2.076452E+02    0.000000E+00    0.000000E+00    0.000000E+00    2.160438E+02    2.751275E+02   -9.430399E+01    0.000000E+00    0.000000E+00    0.000000E+00
1.018500E+00    7.208760E+01   -1.088783E+02   -2.202158E+02    0.000000E+00    0.000000E+00    0.000000E+00    1.928422E+02    2.757857E+02   -7.319151E+01    0.000000E+00    0.000000E+00    0.000000E+00
1.019500E+00    1.631690E+02   -8.575627E+01   -2.282581E+02    0.000000E+00    0.000000E+00    0.000000E+00    1.721872E+02    3.677836E+02   -1.530163E+01    0.000000E+00    0.000000E+00    0.000000E+00
1.020500E+00    1.429052E+02   -5.310804E+01   -1.884632E+02    0.000000E+00    0.000000E+00    0.000000E+00    1.251610E+02    3.126211E+02    6.708940E+00    0.000000E+00    0.000000E+00    0.000000E+00
1.021500E+00    1.382862E+02   -7.476762E+01   -2.371018E+02    0.000000E+00    0.000000E+00    0.000000E+00    1.626070E+02    3.586514E+02   -1.818079E+01    0.000000E+00    0.000000E+00    0.000000E+00
1.022500E+00    1.627771E+02   -6.394643E+01   -2.088199E+02    0.000000E+00    0.000000E+00    0.000000E+00    1.403316E+02    3.532592E+02    9.870854E-01    0.000000E+00    0.000000E+00    0.000000E+00
1.023500E+00    1.262875E+02   -1.043737E+02   -2.157584E+02    0.000000E+00    0.000000E+00    0.000000E+00    1.781425E+02    3.306218E+02   -5.563900E+01    0.000000E+00    0.000000E+00    0.000000E+00
1.024500E+00    1.555887E+02   -3.182326E+01   -2.146439E+02    0.000000E+00    0.000000E+00    0.000000E+00    1.109508E+02    3.553758E+02    2.742432E+01    0.000000E+00    0.000000E+00    0.000000E+00
1.025500E+00    1.570860E+02   -6.964887E+01   -1.851946E+02    0.000000E+00    0.000000E+00    0.000000E+00    1.316170E+02    3.309922E+02   -1.283887E+01    0.000000E+00    0.000000E+00    0.000000E+00
1.026500E+00    1.420585E+02   -5.762426E+01   -2.253214E+02    0.000000E+00    0.000000E+00    0.000000E+00    1.355453E+02    3.569878E+02   -6.125212E+00    0.000000E+00    0.000000E+00    0.000000E+00
1.027500E+00    1.812178E+02   -1.555697E+01   -2.003472E+02    0.000000E+00    0.000000E+00    0.000000E+00    8.490905E+01    3.702071E+02    4.792854E+01    0.000000E+00    0.000000E+00    0.000000E+00
1.028500E+00    1.166432E+02   -9.127914E+01   -1.889571E+02    0.000000E+00    0.000000E+00    0.000000E+00    1.495822E+02    3.014723E+02   -5.334216E+01    0.000000E+00    0.000000E+00    0.000000E+00
1.029500E+00    1.258601E+02   -4.474493E+01   -1.905618E+02    0.000000E+00    0.000000E+00    0.000000E+00    1.056093E+02    3.132827E+02   -4.005005E+00    0.000000E+00    0.000000E+00    0.000000E+00
1.030500E+00    1.085752E+02   -6.002438E+01   -1.723943E+02    0.000000E+00    0.000000E+00    0.000000E+00    1.128422E+02    2.795281E+02   -2.648817E+01    0.000000E+00    0.000000E+00    0.000000E+00
1.031500E+00    1.526374E+02   -3.909112E+01   -1.819430E+02    0.000000E+00    0.000000E+00    0.000000E+00    9.470151E+01    3.312058E+02    7.964697E+00    0.000000E+00    0.000000E+00    0.000000E+00
1.032500E+00    1.433638E+02   -4.706435E+01   -1.923547E+02    0.000000E+00    0.000000E+00    0.000000E+00    1.051166E+02    3.340963E+02   -3.955642E+00    0.000000E+00    0.000000E+00    0.000000E+00
1.033500E+00    1.299247E+02   -3.408254E+01   -1.715646E+02    0.000000E+00    0.000000E+00    0.000000E+00    8.412019E+01    3.022866E+02    3.351500E+00    0.000000E+00    0.000000E+00    0.000000E+00
1.034500E+00    1.619786E+02   -3.831885E+01   -1.763186E+02    0.000000E+00    0.000000E+00    0.000000E+00    8.923163E+01    3.368018E+02    8.336446E+00    0.000000E+00    0.000000E+00    0.000000E+00
1.035500E+00    1.085388E+02   -4.695415E+01   -1.798922E+02    0.000000E+00    0.000000E+00    0.000000E+00    9.697992E+01    2.927219E+02   -1.815681E+01    0.000000E+00    0.000000E+00    0.000000E+00
1.036500E+00    1.690959E+02   -1.734199E+01   -1.799636E+02    0.000000E+00    0.000000E+00    0.000000E+00    6.732234E+01    3.499498E+02    2.924040E+01    0.000000E+00    0.000000E+00    0.000000E+00
1.037500E+00    8.864833E+01   -5.470777E+01   -1.313645E+02    0.000000E+00    0.000000E+00    0.000000E+00    8.870782E+01    2.242652E+02   -3.380351E+01    0.000000E+00    0.000000E+00    0.000000E+00
1.038500E+00    1.130071E+02   -3.687439E+01   -1.636438E+02    0.000000E+00    0.000000E+00    0.000000E+00    7.914753E+01    2.823715E+02   -9.325748E+00    0.000000E+00    0.000000E+00    0.000000E+00
1.039500E+00    1.324924E+02   -2.421712E+01   -1.519565E+02    0.000000E+00    0.000000E+00    0.000000E+00    6.268677E+01    2.893718E+02    8.044356E+00    0.000000E+00    0.000000E+00    0.000000E+00
1.040500E+00    1.264556E+02   -6.509202E+01   -1.782899E+02    0.000000E+00    0.000000E+00    0.000000E+00    1.063826E+02    3.133195E+02   -3.890630E+01    0.000000E+00    0.000000E+00    0.000000E+00
1.041500E+00    1.383990E+02   -5.015844E+01   -1.844842E+02    0.000000E+00    0.000000E+00    0.000000E+00    9.439724E+01    3.304889E+02   -1.956656E+01    0.000000E+00    0.000000E+00    0.000000E+00
1.042500E+00    1.462338E+02   -7.625042E+01   -2.103827E+02    0.000000E+00    0.000000E+00    0.000000E+00    1.231592E+02    3.679944E+02   -4.836186E+01    0.000000E+00    0.000000E+00    0.000000E+00
1.043500E+00    1.614056E+02   -3.122684E+01   -1.849884E+02    0.000000E+00    0.000000E+00    0.000000E+00    7.287662E+01    3.551699E+02    3.167966E+00    0.000000E+00    0.000000E+00    0.000000E+00
1.044500E+00    1.480830E+02   -3.218725E+01   -1.976305E+02    0.000000E+00    0.000000E+00    0.000000E+00    7.496772E+01    3.572674E+02   -2.213811E+00    0.000000E+00    0.000000E+00    0.000000E+00
1.045500E+00    1.682017E+02   -1.873330E+01   -1.743864E+02    0.000000E+00    0.000000E+00    0.000000E+00    5.602887E+01    3.511083E+02    1.591016E+01    0.000000E+00    0.000000E+00    0.000000E+00
1.046500E+00    1.802948E+02   -8.659924E+00   -2.032799E+02    0.000000E+00    0.000000E+00    0.000000E+00    5.087958E+01    3.953958E+02    2.797186E+01    0.000000E+00    0.000000E+00    0.000000E+00
1.047500E+00    1.624587E+02   -3.630694E+00   -1.819763E+02    0.000000E+00    0.000000E+00    0.000000E+00    4.046232E+01    3.552895E+02    2.914035E+01    0.000000E+00    0.000000E+00    0.000000E+00
1.048500E+00    1.406393E+02   -4.312016E+01   -1.826233E+02    0.000000E+00    0.000000E+00    0.000000E+00    7.770952E+01    3.372757E+02   -2.065145E+01    0.000000E+00    0.000000E+00    0.000000E+00
1.049500E+00    1.368063E+02    9.564440E+00   -1.329376E+02    0.000000E+00    0.000000E+00    0.000000E+00    1.419775E+01    2.794576E+02    3.466629E+01    0.000000E+00    0.000000E+00    0.000000E+00
1.050500E+00    1.383510E+02   -4.869694E+01   -1.637631E+02    0.000000E+00    0.000000E+00    0.000000E+00    7.730187E+01    3.153015E+02   -2.871728E+01    0.000000E+00    0.000000E+00    0.000000E+00
1.051500E+00    1.430163E+02    1.040617E+01   -1.488551E+02    0.000000E+00    0.000000E+00    0.000000E+00    1.498820E+01    3.040032E+02    3.524866E+01    0.000000E+00    0.000000E+00    0.000000E+00
1.052500E+00    1.276424E+02    3.859686E-01   -1.465647E+02    0.000000E+00    0.000000E+00    0.000000E+00    2.393770E+01    2.868266E+02    2.114996E+01    0.000000E+00    0.000000E+00    0.000000E+00
1.053500E+00    1.243278E+02   -3.277352E+01   -1.313327E+02    0.000000E+00    0.000000E+00    0.000000E+00    5.416135E+01    2.662352E+02   -1.610320E+01    0.000000E+00    0.000000E+00    0.000000E+00
1.054500E+00    1.930093E+02    1.654555E+01   -2.086388E+02    0.000000E+00    0.000000E+00    0.000000E+00    1.470483E+01    4.198514E+02    4.680064E+01    0.000000E+00    0.000000E+00    0.000000E+00
1.055500E+00    4.631387E+01   -4.491922E+01   -5.654220E+01    0.000000E+00    0.000000E+00    0.000000E+00    5.515206E+01    1.077687E+02   -4.149992E+01    0.000000E+00    0.000000E+00    0.000000E+00
1.056500E+00    2.153198E+02    3.788742E+01   -2.299727E+02    0.000000E+00    0.000000E+00    0.000000E+00   -7.303712E+00    4.668999E+02    7.014243E+01    0.000000E+00    0.000000E+00    0.000000E+00
1.057500E+00    1.051780E+02    3.072186E+01   -8.776360E+01    0.000000E+00    0.000000E+00    0.000000E+00   -1.846484E+01    2.010651E+02    4.788532E+01    0.000000E+00    0.000000E+00    0.000000E+00
1.058500E+00    1.405917E+02   -1.453812E+01   -1.523390E+02    0.000000E+00    0.000000E+00    0.000000E+00    3.375488E+01    3.083392E+02    1.166345E+00    0.000000E+00    0.000000E+00    0.000000E+00
1.059500E+00    1.178038E+02    4.755404E+01   -1.283065E+02    0.000000E+00    0.000000E+00    0.000000E+00   -3.387165E+01    2.600662E+02    6.491876E+01    0.000000E+00    0.000000E+00    0.000000E+00
1.060500E+00    1.435004E+02    2.803566E+01   -1.226282E+02    0.000000E+00    0.000000E+00    0.000000E+00   -1.410097E+01    2.785157E+02    4.681739E+01    0.000000E+00    0.000000E+00    0.000000E+00
1.061500E+00    1.062234E+02    3.042564E+01   -1.155908E+02    0.000000E+00    0.000000E+00    0.000000E+00   -1.810693E+01    2.343087E+02    4.476472E+01    0.000000E+00    0.000000E+00    0.000000E+00
1.062500E+00    1.272517E+02    3.758378E+01   -1.313803E+02    0.000000E+00    0.000000E+00    0.000000E+00   -2.428111E+01    2.725702E+02    5.406508E+01    0.000000E+00    0.000000E+00    0.000000E+00
1.063500E+00    7.613719E+01   -9.916241E+01   -1.093929E+02    0.000000E+00    0.000000E+00    0.000000E+00    1.139941E+02    1.971346E+02   -1.002365E+02    0.000000E+00    0.000000E+00    0.000000E+00
1.064500E+00    1.232098E+02    4.424391E+01   -1.216978E+02    0.000000E+00    0.000000E+00    0.000000E+00   -3.410903E+01    2.580941E+02    5.912615E+01    0.000000E+00    0.000000E+00    0.000000E+00
1.065500E+00    9.691911E+01   -5.006526E+01   -1.188757E+02    0.000000E+00    0.000000E+00    0.000000E+00    6.453819E+01    2.282512E+02   -4.455196E+01    0.000000E+00    0.000000E+00    0.000000E+00
1.066500E+00    9.465845E+01    1.800173E+01   -1.022587E+02    0.000000E+00    0.000000E+00    0.000000E+00   -9.849127E+00    2.084285E+02    2.712495E+01    0.000000E+00    0.000000E+00    0.000000E+00
1.067500E+00    1.148285E+02    9.046323E+00   -1.096205E+02    0.000000E+00    0.000000E+00    0.000000E+00    6.130281E-02    2.365964E+02    1.908909E+01    0.000000E+00    0.000000E+00    0.000000E+00
1.068500E+00    1.071878E+02   -4.278096E+01   -1.413249E+02    0.000000E+00    0.000000E+00    0.000000E+00    5.435467E+01    2.647816E+02   -3.947473E+01    0.000000E+00    0.000000E+00    0.000000E+00
1.069500E+00    1.151864E+02    3.120694E+01   -1.103263E+02    0.000000E+00    0.000000E+00    0.000000E+00   -2.415924E+01    2.379250E+02    4.170631E+01    0.000000E+00    0.000000E+00    0.000000E+00
1.070500E+00    1.185673E+02   -8.865031E+01   -1.388690E+02    0.000000E+00    0.000000E+00    0.000000E+00    9.992717E+01    2.736703E+02   -9.032498E+01    0.000000E+00    0.000000E+00    0.000000E+00
1.071500E+00    1.217985E+02   -4.169140E+01   -1.457452E+02    0.000000E+00    0.000000E+00    0.000000E+00    5.016043E+01    2.841844E+02   -4.008553E+01    0.000000E+00    0.000000E+00    0.000000E+00
1.072500E+00    1.290269E+02   -4.749854E+01   -1.400467E+02    0.000000E+00    0.000000E+00    0.000000E+00    5.596976E+01    2.854197E+02   -4.603969E+01    0.000000E+00    0.000000E+00    0.000000E+00
1.073500E+00    1.296897E+02   -4.019447E+01   -1.445315E+02    0.000000E+00    0.000000E+00    0.000000E+00    4.711534E+01    2.911225E+02   -3.927290E+01    0.000000E+00    0.000000E+00    0.000000E+00
1.074500E+00    1.369025E+02   -6.202173E+01   -1.387225E+02    0.000000E+00    0.000000E+00    0.000000E+00    6.843056E+01    2.919465E+02   -6.391492E+01    0.000000E+00    0.000000E+00    0.000000E+00
1.075500E+00    1.345522E+02   -6.656468E+01   -1.422619E+02    0.000000E+00    0.000000E+00    0.000000E+00    7.217995E+01    2.939518E+02   -6.993619E+01    0.000000E+00    0.000000E+00    0.000000E+00
1.076500E+00    1.310776E+02   -4.778071E+01   -1.445289E+02    0.000000E+00    0.000000E+00    0.000000E+00    5.096403E+01    2.929773E+02   -5.097739E+01    0.000000E+00    0.000000E+00    0.000000E+00
1.077500E+00    1.289196E+02   -6.115662E+00   -1.235306E+02    0.000000E+00    0.000000E+00    0.000000E+00    6.149336E+00    2.671938E+02   -6.481522E+00    0.000000E+00    0.000000E+00    0.000000E+00
1.078500E+00    1.184941E+02   -4.878790E+01   -1.350703E+02    0.000000E+00    0.000000E+00    0.000000E+00    5.271994E+01    2.697177E+02   -5.176409E+01    0.000000E+00    0.000000E+00    0.000000E+00
1.079500E+00    1.227500E+02    9.974095E+00   -1.331072E+02    0.000000E+00    0.000000E+00    0.000000E+00   -1.389818E+01    2.714393E+02    7.739144E+00    0.000000E+00    0.000000E+00    0.000000E+00
1.080500E+00    1.381321E+02   -1.442423E+01   -1.465838E+02    0.000000E+00    0.000000E+00    0.000000E+00    1.512853E+01    3.015374E+02   -1.595383E+01    0.000000E+00    0.000000E+00    0.000000E+00
1.081500E+00    1.411585E+02   -6.110219E+01   -1.493056E+02    0.000000E+00    0.000000E+00    0.000000E+00    5.996851E+01    3.081990E+02   -6.998241E+01    0.000000E+00    0.000000E+00    0.000000E+00
1.082500E+00    1.175441E+02    3.680312E+01   -1.361076E+02    0.000000E+00    0.000000E+00    0.000000E+00   -4.197693E+01    2.689266E+02    3.655985E+01    0.000000E+00    0.000000E+00    0.000000E+00
1.083500E+00    1.276786E+02   -2.068695E+01   -1.330207E+02    0.000000E+00    0.000000E+00    0.000000E+00    1.728275E+01    2.759780E+02   -2.649214E+01    0.000000E+00    0.000000E+00    0.000000E+00
1.084500E+00    1.103370E+02   -5.669085E+01   -1.137531E+02    0.000000E+00    0.000000E+00    0.000000E+00    5.448438E+01    2.376051E+02   -6.593381E+01    0.000000E+00    0.000000E+00    0.000000E+00
1.085500E+00    1.050948E+02   -1.185207E+01   -1.233340E+02    0.000000E+00    0.000000E+00    0.000000E+00    5.510204E+00    2.422691E+02   -1.881799E+01    0.000000E+00    0.000000E+00    0.000000E+00
1.086500E+00    8.428850E+01    5.999837E+01   -1.021266E+02    0.000000E+00    0.000000E+00    0.000000E+00   -6.640076E+01    1.974802E+02    6.143739E+01    0.000000E+00    0.000000E+00    0.000000E+00
1.087500E+00    1.044711E+02    5.415873E+01   -1.417334E+02    0.000000E+00    0.000000E+00    0.000000E+00   -6.462140E+01    2.609550E+02    5.231818E+01    0.000000E+00    0.000000E+00    0.000000E+00
1.088500E+00    6.221477E+01    5.370770E+01   -7.265146E+01    0.000000E+00    0.000000E+00    0.000000E+00   -5.779875E+01    1.427862E+02    5.581472E+01    0.000000E+00    0.000000E+00    0.000000E+00
1.089500E+00    1.093924E+02    2.764546E+01   -1.434520E+02    0.000000E+00    0.000000E+00    0.000000E+00   -3.909393E+01    2.676346E+02    2.145057E+01    0.000000E+00    0.000000E+00    0.000000E+00
1.090500E+00    1.008979E+02    6.180384E+01   -1.364405E+02    0.000000E+00    0.000000E+00    0.000000E+00   -7.372930E+01    2.503620E+02    5.916188E+01    0.000000E+00    0.000000E+00    0.000000E+00
1.091500E+00    1.145933E+02    1.872357E+01   -1.266355E+02    0.000000E+00    0.000000E+00    0.000000E+00   -2.703949E+01    2.544789E+02    1.270369E+01    0.000000E+00    0.000000E+00    0.000000E+00
1.092500E+00    1.328380E+02   -3.534919E+01   -1.493890E+02    0.000000E+00    0.000000E+00    0.000000E+00    2.393890E+01    2.975456E+02   -4.966755E+01    0.000000E+00    0.000000E+00    0.000000E+00
1.093500E+00    1.671529E+02   -2.120936E+01   -1.753096E+02    0.000000E+00    0.000000E+00    0.000000E+00    6.980334E+00    3.599407E+02   -3.770085E+01    0.000000E+00    0.000000E+00    0.000000E+00
1.094500E+00    1.218928E+02    4.741473E+00   -1.384876E+02    0.000000E+00    0.000000E+00    0.000000E+00   -1.896568E+01    2.736939E+02   -7.572826E+00    0.000000E+00    0.000000E+00    0.000000E+00
1.095500E+00    1.377386E+02    2.087218E+01   -1.519627E+02    0.000000E+00    0.000000E+00    0.000000E+00   -3.695952E+01    3.037568E+02    8.195951E+00    0.000000E+00    0.000000E+00    0.000000E+00
1.096500E+00    1.364561E+02   -4.229075E+01   -1.289343E+02    0.000000E+00    0.000000E+00    0.000000E+00    2.903505E+01    2.779354E+02   -6.099281E+01    0.000000E+00    0.000000E+00    0.000000E+00
1.097500E+00    7.208596E+01    1.226016E+02   -1.255246E+02    0.000000E+00    0.000000E+00    0.000000E+00   -1.400293E+02    2.079160E+02    1.231896E+02    0.000000E+00    0.000000E+00    0.000000E+00
1.098500E+00    1.310872E+02   -2.631071E+01   -1.113665E+02    0.000000E+00    0.000000E+00    0.000000E+00    1.417711E+01    2.526663E+02   -4.389235E+01    0.000000E+00    0.000000E+00    0.000000E+00
1.099500E+00    1.145429E+02   -3.217091E+01   -1.187367E+02    0.000000E+00    0.000000E+00    0.000000E+00    1.668388E+01    2.438617E+02   -5.055495E+01    0.000000E+00    0.000000E+00    0.000000E+00
1.100500E+00    1.347916E+02   -4.536892E+01   -1.119719E+02    0.000000E+00    0.000000E+00    0.000000E+00    3.089594E+01    2.563083E+02   -6.751948E+01    0.000000E+00    0.000000E+00    0.000000E+00
1.101500E+00    1.464021E+02   -6.150715E+01   -1.196235E+02    0.000000E+00    0.000000E+00    0.000000E+00    4.477382E+01    2.758240E+02   -8.762985E+01    0.000000E+00    0.000000E+00    0.000000E+00
1.102500E+00    9.320426E+01    3.010848E+01   -1.015094E+02    0.000000E+00    0.000000E+00    0.000000E+00   -4.538282E+01    2.023462E+02    1.836041E+01    0.000000E+00    0.000000E+00    0.000000E+00
1.103500E+00    1.185029E+02   -1.261845E+01   -1.244332E+02    0.000000E+00    0.000000E+00    0.000000E+00   -7.992039E+00    2.519845E+02   -3.298554E+01    0.000000E+00    0.000000E+00    0.000000E+00
1.104500E+00    8.769159E+01    8.705537E+01   -1.211022E+02    0.000000E+00    0.000000E+00    0.000000E+00   -1.074354E+02    2.162542E+02    7.832777E+01    0.000000E+00    0.000000E+00    0.000000E+00
1.105500E+00    1.481410E+02   -5.712178E+01   -1.206523E+02    0.000000E+00    0.000000E+00    0.000000E+00    3.754787E+01    2.776006E+02   -8.582433E+01    0.000000E+00    0.000000E+00    0.000000E+00
1.106500E+00    7.094662E+01    1.229055E+02   -1.501203E+02    0.000000E+00    0.000000E+00    0.000000E+00   -1.512315E+02    2.294062E+02    1.167148E+02    0.000000E+00    0.000000E+00    0.000000E+00
1.107500E+00    1.377770E+02   -4.918413E+01   -1.098694E+02    0.000000E+00    0.000000E+00    0.000000E+00    3.039670E+01    2.549750E+02   -7.649733E+01    0.000000E+00    0.000000E+00    0.000000E+00
1.108500E+00    6.531380E+01    1.018682E+02   -1.404463E+02    0.000000E+00    0.000000E+00    0.000000E+00   -1.309835E+02    2.123275E+02    9.325316E+01    0.000000E+00    0.000000E+00    0.000000E+00
1.109500E+00    9.265107E+01    3.533292E+01   -1.287997E+02    0.000000E+00    0.000000E+00    0.000000E+00   -6.059832E+01    2.281320E+02    1.917080E+01    0.000000E+00    0.000000E+00    0.000000E+00
1.110500E+00    1.286356E+02   -4.491862E+00   -1.202691E+02    0.000000E+00    0.000000E+00    0.000000E+00   -1.838565E+01    2.548912E+02   -2.999004E+01    0.000000E+00    0.000000E+00    0.000000E+00
1.111500E+00    8.714477E+01    5.279892E+01   -1.251044E+02    0.000000E+00    0.000000E+00    0.000000E+00   -7.758734E+01    2.185241E+02    3.789182E+01    0.000000E+00    0.000000E+00    0.000000E+00
1.112500E+00    1.308888E+02   -3.613442E+01   -1.107005E+02    0.000000E+00    0.000000E+00    0.000000E+00    1.324530E+01    2.462563E+02   -6.525194E+01    0.000000E+00    0.000000E+00    0.000000E+00
1.113500E+00    5.585072E+01    1.016417E+02   -1.374974E+02    0.000000E+00    0.000000E+00    0.000000E+00   -1.304215E+02    1.994826E+02    9.461323E+01    0.000000E+00    0.000000E+00    0.000000E+00
1.114500E+00    1.012370E+02    9.990912E+00   -1.189730E+02    0.000000E+00    0.000000E+00    0.000000E+00   -3.568882E+01    2.246448E+02   -1.142984E+01    0.000000E+00    0.000000E+00    0.000000E+00
1.115500E+00    1.194221E+02    1.599019E+01   -1.178766E+02    0.000000E+00    0.000000E+00    0.000000E+00   -4.087951E+01    2.410286E+02   -9.504392E+00    0.000000E+00    0.000000E+00    0.000000E+00
1.116500E+00    8.076321E+01    7.252085E+01   -1.470413E+02    0.000000E+00    0.000000E+00    0.000000E+00   -1.066203E+02    2.320488E+02    5.572565E+01    0.000000E+00    0.000000E+00    0.000000E+00
1.117500E+00    1.440694E+02   -5.245242E+01   -1.225320E+02    0.000000E+00    0.000000E+00    0.000000E+00    2.376110E+01    2.697157E+02   -8.797751E+01    0.000000E+00    0.000000E+00    0.000000E+00
1.118500E+00    1.069196E+02    1.560478E+01   -1.088967E+02    0.000000E+00    0.000000E+00    0.000000E+00   -4.145812E+01    2.175177E+02   -9.967765E+00    0.000000E+00    0.000000E+00    0.000000E+00
1.119500E+00    1.142692E+02    1.452998E-02   -1.104122E+02    0.000000E+00    0.000000E+00    0.000000E+00   -2.682315E+01    2.265375E+02   -2.808620E+01    0.000000E+00    0.000000E+00    0.000000E+00
1.120500E+00    1.167118E+02    7.858263E+00   -1.166510E+02    0.000000E+00    0.000000E+00    0.000000E+00   -3.702580E+01    2.348326E+02   -2.146994E+01    0.000000E+00    0.000000E+00    0.000000E+00
1.121500E+00    1.462716E+02   -3.723001E+01   -1.187237E+02    0.000000E+00    0.000000E+00    0.000000E+00    6.895604E+00    2.662331E+02   -7.556887E+01    0.000000E+00    0.000000E+00    0.000000E+00
1.122500E+00    1.018539E+02    4.436540E+01   -1.102647E+02    0.000000E+00    0.000000E+00    0.000000E+00   -7.339365E+01    2.119439E+02    1.745026E+01    0.000000E+00    0.000000E+00    0.000000E+00
1.123500E+00    1.286389E+02   -3.182042E+01   -1.149153E+02    0.000000E+00    0.000000E+00    0.000000E+00   -6.096008E-02    2.434407E+02   -6.751979E+01    0.000000E+00    0.000000E+00    0.000000E+00
1.124500E+00    1.478945E+02   -9.024780E+00   -1.146616E+02    0.000000E+00    0.000000E+00    0.000000E+00   -2.342959E+01    2.603812E+02   -5.114742E+01    0.000000E+00    0.000000E+00    0.000000E+00
1.125500E+00    8.319353E+01    3.487580E+01   -1.318035E+02    0.000000E+00    0.000000E+00    0.000000E+00   -7.250859E+01    2.144772E+02    1.095128E+01    0.000000E+00    0.000000E+00    0.000000E+00
1.126500E+00    1.370714E+02    3.597613E+01   -1.234813E+02    0.000000E+00    0.000000E+00    0.000000E+00   -7.101108E+01    2.568075E+02   -4.109827E+00    0.000000E+00    0.000000E+00    0.000000E+00
1.127500E+00    1.041326E+02    3.111710E+01   -1.417039E+02    0.000000E+00    0.000000E+00    0.000000E+00   -7.256715E+01    2.437533E+02    1.663520E-01    0.000000E+00    0.000000E+00    0.000000E+00
1.128500E+00    1.353014E+02    1.721796E+01   -1.382522E+02    0.000000E+00    0.000000E+00    0.000000E+00   -5.925554E+01    2.687434E+02   -2.469739E+01    0.000000E+00    0.000000E+00    0.000000E+00
1.129500E+00    1.098452E+02    1.719572E+01   -9.867448E+01    0.000000E+00    0.000000E+00    0.000000E+00   -4.758786E+01    2.042878E+02   -1.756099E+01    0.000000E+00    0.000000E+00    0.000000E+00
1.130500E+00    1.308325E+02   -7.801321E+00   -1.423825E+02    0.000000E+00    0.000000E+00    0.000000E+00   -3.913073E+01    2.670186E+02   -5.041310E+01    0.000000E+00    0.000000E+00    0.000000E+00
1.131500E+00    1.361593E+02   -6.344370E+00   -1.132818E+02    0.000000E+00    0.000000E+00    0.000000E+00   -3.121085E+01    2.424477E+02   -5.110094E+01    0.000000E+00    0.000000E+00    0.000000E+00
1.132500E+00    1.394696E+02   -2.669516E+01   -1.225807E+02    0.000000E+00    0.000000E+00    0.000000E+00   -1.618872E+01    2.542092E+02   -7.358664E+01    0.000000E+00    0.000000E+00    0.000000E+00
1.133500E+00    1.316503E+02    8.257410E+00   -1.280998E+02    0.000000E+00    0.000000E+00    0.000000E+00   -5.159385E+01    2.511348E+02   -3.691964E+01    0.000000E+00    0.000000E+00    0.000000E+00
1.134500E+00    1.141987E+02   -8.318248E+00   -1.155810E+02    0.000000E+00    0.000000E+00    0.000000E+00   -3.334610E+01    2.216558E+02   -4.855115E+01    0.000000E+00    0.000000E+00    0.000000E+00
1.135500E+00    1.214948E+02    2.155528E+01   -1.240272E+02    0.000000E+00    0.000000E+00    0.000000E+00   -6.451251E+01    2.356763E+02   -2.233537E+01    0.000000E+00    0.000000E+00    0.000000E+00
1.136500E+00    1.757572E+02   -6.214474E+01   -1.309137E+02    0.000000E+00    0.000000E+00    0.000000E+00    1.132566E+01    2.943921E+02   -1.238541E+02    0.000000E+00    0.000000E+00    0.000000E+00
1.137500E+00    1.202034E+02   -4.614740E+00   -1.076083E+02    0.000000E+00    0.000000E+00    0.000000E+00   -3.692003E+01    2.159882E+02   -5.035906E+01    0.000000E+00    0.000000E+00    0.000000E+00
1.138500E+00    1.379655E+02   -2.152619E+01   -1.151258E+02    0.000000E+00    0.000000E+00    0.000000E+00   -2.386747E+01    2.406677E+02   -7.339181E+01    0.000000E+00    0.000000E+00    0.000000E+00
1.139500E+00    1.454562E+02   -3.530057E+01   -1.240167E+02    0.000000E+00    0.000000E+00    0.000000E+00   -1.600606E+01    2.544587E+02   -9.082017E+01    0.000000E+00    0.000000E+00    0.000000E+00
1.140500E+00    9.298869E+01    6.714725E+01   -1.441580E+02    0.000000E+00    0.000000E+00    0.000000E+00   -1.216773E+02    2.219779E+02    2.511666E+01    0.000000E+00    0.000000E+00    0.000000E+00
1.141500E+00    1.120881E+02    5.686335E+01   -1.634376E+02    0.000000E+00    0.000000E+00    0.000000E+00   -1.210982E+02    2.573757E+02    6.525677E+00    0.000000E+00    0.000000E+00    0.000000E+00
1.142500E+00    1.708557E+02   -2.866304E+01   -1.438548E+02    0.000000E+00    0.000000E+00    0.000000E+00   -3.384647E+01    2.932273E+02   -9.838259E+01    0.000000E+00    0.000000E+00    0.000000E+00
1.143500E+00    9.532776E+01    7.483967E+01   -1.602335E+02    0.000000E+00    0.000000E+00    0.000000E+00   -1.389719E+02    2.358707E+02    2.726561E+01    0.000000E+00    0.000000E+00    0.000000E+00
1.144500E+00    1.161943E+02    5.377902E+01   -1.401863E+02    0.000000E+00    0.000000E+00    0.000000E+00   -1.113486E+02    2.357106E+02   -1.994597E+00    0.000000E+00    0.000000E+00    0.000000E+00
1.145500E+00    9.382535E+01    6.596239E+01   -1.684867E+02    0.000000E+00    0.000000E+00    0.000000E+00   -1.374585E+02    2.389601E+02    1.693419E+01    0.000000E+00    0.000000E+00    0.000000E+00
1.146500E+00    6.463659E+01    1.221219E+02   -1.834496E+02    0.000000E+00    0.000000E+00    0.000000E+00   -1.964919E+02    2.240075E+02    8.016597E+01    0.000000E+00    0.000000E+00    0.000000E+00
1.147500E+00    1.572509E+02    2.260785E+01   -1.677273E+02    0.000000E+00    0.000000E+00    0.000000E+00   -9.942204E+01    2.939879E+02   -5.353471E+01    0.000000E+00    0.000000E+00    0.000000E+00
1.148500E+00    1.700988E+02    5.621632E-01   -1.436393E+02    0.000000E+00    0.000000E+00    0.000000E+00   -6.858045E+01    2.833621E+02   -8.044201E+01    0.000000E+00    0.000000E+00    0.000000E+00
1.149500E+00    9.603516E+01    4.412567E+01   -1.716334E+02    0.000000E+00    0.000000E+00    0.000000E+00   -1.240396E+02    2.382880E+02   -8.385694E+00    0.000000E+00    0.000000E+00    0.000000E+00
1.150500E+00    2.382540E+02   -4.222935E+01   -9.910564E+01    0.000000E+00    0.000000E+00    0.000000E+00   -9.509265E+00    3.040738E+02   -1.536674E+02    0.000000E+00    0.000000E+00    0.000000E+00
1.151500E+00    2.542125E+01    1.252140E+02   -2.130761E+02    0.000000E+00    0.000000E+00    0.000000E+00   -2.214360E+02    2.061537E+02    9.425748E+01    0.000000E+00    0.000000E+00    0.000000E+00
1.152500E+00    1.210871E+02    6.604823E+01   -1.704468E+02    0.000000E+00    0.000000E+00    0.000000E+00   -1.460364E+02    2.552706E+02   -4.740475E+00    0.000000E+00    0.000000E+00    0.000000E+00
1.153500E+00    1.921786E+02    1.648001E+01   -1.859845E+02    0.000000E+00    0.000000E+00    0.000000E+00   -1.118927E+02    3.306800E+02   -8.614210E+01    0.000000E+00    0.000000E+00    0.000000E+00
1.154500E+00    6.158923E+01    7.328075E+01   -1.640059E+02    0.000000E+00    0.000000E+00    0.000000E+00   -1.528684E+02    1.923280E+02    2.852357E+01    0.000000E+00    0.000000E+00    0.000000E+00
1.155500E+00    1.056763E+02    6.326686E+01   -1.724281E+02    0.000000E+00    0.000000E+00    0.000000E+00   -1.489405E+02    2.383504E+02   -3.439326E+00    0.000000E+00    0.000000E+00    0.000000E+00
1.156500E+00    1.666620E+02    4.316074E+01   -1.710778E+02    0.000000E+00    0.000000E+00    0.000000E+00   -1.311888E+02    2.899527E+02   -5.471495E+01    0.000000E+00    0.000000E+00    0.000000E+00
1.157500E+00    1.333103E+02    2.988722E+01   -1.713517E+02    0.000000E+00    0.000000E+00    0.000000E+00   -1.219897E+02    2.581484E+02   -4.985276E+01    0.000000E+00    0.000000E+00    0.000000E+00
1.158500E+00    1.505086E+02    4.016958E+01   -1.645568E+02    0.000000E+00    0.000000E+00    0.000000E+00   -1.281188E+02    2.667184E+02   -5.193406E+01    0.000000E+00    0.000000E+00    0.000000E+00
1.159500E+00    6.915103E+01    1.167036E+02   -1.922691E+02    0.000000E+00    0.000000E+00    0.000000E+00   -2.136427E+02    2.132453E+02    5.290213E+01    0.000000E+00    0.000000E+00    0.000000E+00
1.160500E+00    1.345788E+02    3.808895E+01   -1.773154E+02    0.000000E+00    0.000000E+00    0.000000E+00   -1.349035E+02    2.609354E+02   -4.629790E+01    0.000000E+00    0.000000E+00    0.000000E+00
1.161500E+00    1.217570E+02    8.212223E+01   -1.806713E+02    0.000000E+00    0.000000E+00    0.000000E+00   -1.795960E+02    2.461984E+02   -8.954964E+00    0.000000E+00    0.000000E+00    0.000000E+00
1.162500E+00    1.734494E+02    2.735902E+01   -1.862027E+02    0.000000E+00    0.000000E+00    0.000000E+00   -1.332128E+02    2.986333E+02   -8.030491E+01    0.000000E+00    0.000000E+00    0.000000E+00
1.163500E+00    1.183086E+02    6.710966E+01   -1.598244E+02    0.000000E+00    0.000000E+00    0.000000E+00   -1.560152E+02    2.240420E+02   -2.125428E+01    0.000000E+00    0.000000E+00    0.000000E+00
1.164500E+00    4.564396E+01    1.275375E+02   -2.036400E+02    0.000000E+00    0.000000E+00    0.000000E+00   -2.350191E+02    1.940501E+02    6.885244E+01    0.000000E+00    0.000000E+00    0.000000E+00
1.165500E+00    1.561814E+02    6.018897E+01   -1.684982E+02    0.000000E+00    0.000000E+00    0.000000E+00   -1.565846E+02    2.619288E+02   -5.152086E+01    0.000000E+00    0.000000E+00    0.000000E+00
1.166500E+00    1.015747E+02    6.836328E+01   -1.821361E+02    0.000000E+00    0.000000E+00    0.000000E+00   -1.735597E+02    2.229920E+02   -1.318239E+01    0.000000E+00    0.000000E+00    0.000000E+00
1.167500E+00    8.545696E+01    1.142973E+02   -1.814828E+02    0.000000E+00    0.000000E+00    0.000000E+00   -2.141584E+02    2.059643E+02    2.870434E+01    0.000000E+00    0.000000E+00    0.000000E+00
1.168500E+00    4.503103E+01    1.088259E+02   -2.045048E+02    0.000000E+00    0.000000E+00    0.000000E+00   -2.257052E+02    1.851439E+02    4.881504E+01    0.000000E+00    0.000000E+00    0.000000E+00
1.169500E+00    1.042134E+02    8.951227E+01   -1.693883E+02    0.000000E+00    0.000000E+00    0.000000E+00   -1.868640E+02    2.100188E+02   -4.131045E+00    0.000000E+00    0.000000E+00    0.000000E+00
1.170500E+00    8.043141E+01    6.120270E+01   -1.755977E+02    0.000000E+00    0.000000E+00    0.000000E+00   -1.683349E+02    1.918823E+02   -1.045793E+01    0.000000E+00    0.000000E+00    0.000000E+00
1.171500E+00    1.052745E+02    9.295865E+01   -1.689271E+02    0.000000E+00    0.000000E+00    0.000000E+00   -1.906713E+02    2.079431E+02   -5.146088E+00    0.000000E+00    0.000000E+00    0.000000E+00
1.172500E+00    7.176712E+01    6.086231E+01   -1.635289E+02    0.000000E+00    0.000000E+00    0.000000E+00   -1.595646E+02    1.761904E+02   -4.485545E+00    0.000000E+00    0.000000E+00    0.000000E+00
1.173500E+00    1.277233E+02    7.502428E+01   -1.751970E+02    0.000000E+00    0.000000E+00    0.000000E+00   -1.807598E+02    2.297185E+02   -3.410423E+01    0.000000E+00    0.000000E+00    0.000000E+00
1.174500E+00    9.997131E+01    7.011411E+01   -1.915006E+02    0.000000E+00    0.000000E+00    0.000000E+00   -1.910070E+02    2.129072E+02   -2.184919E+01    0.000000E+00    0.000000E+00    0.000000E+00
1.175500E+00    1.410467E+02    5.156307E+01   -1.597293E+02    0.000000E+00    0.000000E+00    0.000000E+00   -1.536003E+02    2.259260E+02   -6.278465E+01    0.000000E+00    0.000000E+00    0.000000E+00
1.176500E+00    1.241673E+02    6.520602E+01   -1.808513E+02    0.000000E+00    0.000000E+00    0.000000E+00   -1.814807E+02    2.231974E+02   -4.433664E+01    0.000000E+00    0.000000E+00    0.000000E+00
1.177500E+00    1.322532E+02    8.116129E+01   -1.862303E+02    0.000000E+00    0.000000E+00    0.000000E+00   -1.998286E+02    2.311860E+02   -4.138460E+01    0.000000E+00    0.000000E+00    0.000000E+00
1.178500E+00    1.392878E+02    8.329051E+01   -2.047403E+02    0.000000E+00    0.000000E+00    0.000000E+00   -2.158713E+02    2.469969E+02   -4.644399E+01    0.000000E+00    0.000000E+00    0.000000E+00
1.179500E+00    6.321395E+01    1.213702E+02   -1.889036E+02    0.000000E+00    0.000000E+00    0.000000E+00   -2.385523E+02    1.687799E+02    2.858145E+01    0.000000E+00    0.000000E+00    0.000000E+00
1.180500E+00    5.458416E+01    1.126102E+02   -2.062425E+02    0.000000E+00    0.000000E+00    0.000000E+00   -2.446513E+02    1.703609E+02    2.821432E+01    0.000000E+00    0.000000E+00    0.000000E+00
1.181500E+00    6.245695E+01    1.342013E+02   -1.975828E+02    0.000000E+00    0.000000E+00    0.000000E+00   -2.572313E+02    1.694400E+02    3.384952E+01    0.000000E+00    0.000000E+00    0.000000E+00
1.182500E+00    1.475249E+02    7.245571E+01   -2.053632E+02    0.000000E+00    0.000000E+00    0.000000E+00   -2.109580E+02    2.468079E+02   -6.456091E+01    0.000000E+00    0.000000E+00    0.000000E+00
1.183500E+00    2.361903E+01    1.476628E+02   -2.054834E+02    0.000000E+00    0.000000E+00    0.000000E+00   -2.765269E+02    1.364736E+02    6.640732E+01    0.000000E+00    0.000000E+00    0.000000E+00
1.184500E+00    9.441406E+01    1.121428E+02   -2.131348E+02    0.000000E+00    0.000000E+00    0.000000E+00   -2.534627E+02    1.992497E+02   -7.246107E+00    0.000000E+00    0.000000E+00    0.000000E+00
1.185500E+00    4.578911E+01    8.731161E+01   -1.388430E+02    0.000000E+00    0.000000E+00    0.000000E+00   -1.788314E+02    1.137499E+02    1.297099E+01    0.000000E+00    0.000000E+00    0.000000E+00
1.186500E+00    7.247199E+01    9.195875E+01   -2.034214E+02    0.000000E+00    0.000000E+00    0.000000E+00   -2.313563E+02    1.711484E+02   -4.833227E+00    0.000000E+00    0.000000E+00    0.000000E+00
1.187500E+00    1.306403E+02    1.149986E+02   -2.343907E+02    0.000000E+00    0.000000E+00    0.000000E+00   -2.744225E+02    2.363587E+02   -3.714125E+01    0.000000E+00    0.000000E+00    0.000000E+00
1.188500E+00    5.767869E+01    1.114079E+02   -2.051115E+02    0.000000E+00    0.000000E+00    0.000000E+00   -2.494605E+02    1.571199E+02    1.516342E+01    0.000000E+00    0.000000E+00    0.000000E+00
1.189500E+00    5.958158E+01    1.166233E+02   -1.934270E+02    0.000000E+00    0.000000E+00    0.000000E+00   -2.456381E+02    1.506587E+02    1.522027E+01    0.000000E+00    0.000000E+00    0.000000E+00
1.190500E+00    4.970802E+01    1.101925E+02   -1.857455E+02    0.000000E+00    0.000000E+00    0.000000E+00   -2.365120E+02    1.356142E+02    1.721016E+01    0.000000E+00    0.000000E+00    0.000000E+00
1.191500E+00    5.800072E+01    1.039312E+02   -1.920553E+02    0.000000E+00    0.000000E+00    0.000000E+00   -2.370157E+02    1.430573E+02    6.086767E+00    0.000000E+00    0.000000E+00    0.000000E+00
1.192500E+00    6.455931E+01    1.180090E+02   -1.920571E+02    0.000000E+00    0.000000E+00    0.000000E+00   -2.493687E+02    1.470774E+02    6.569108E+00    0.000000E+00    0.000000E+00    0.000000E+00
1.193500E+00    4.436231E+01    1.177188E+02   -1.986084E+02    0.000000E+00    0.000000E+00    0.000000E+00   -2.551766E+02    1.315312E+02    2.088318E+01    0.000000E+00    0.000000E+00    0.000000E+00
1.194500E+00    4.290158E+01    1.383477E+02   -2.142873E+02    0.000000E+00    0.000000E+00    0.000000E+00   -2.862401E+02    1.341287E+02    2.951404E+01    0.000000E+00    0.000000E+00    0.000000E+00
1.195500E+00    1.028458E+02    7.295400E+01   -1.677647E+02    0.000000E+00    0.000000E+00    0.000000E+00   -1.936446E+02    1.662807E+02   -4.671043E+01    0.000000E+00    0.000000E+00    0.000000E+00
1.196500E+00    1.810266E+01    1.391353E+02   -1.896054E+02    0.000000E+00    0.000000E+00    0.000000E+00   -2.698775E+02    9.707307E+01    4.547496E+01    0.000000E+00    0.000000E+00    0.000000E+00
1.197500E+00    1.185412E+02    7.225150E+01   -1.738287E+02    0.000000E+00    0.000000E+00    0.000000E+00   -2.001721E+02    1.780441E+02   -6.273335E+01    0.000000E+00    0.000000E+00    0.000000E+00
1.198500E+00   -1.855914E+01    1.657635E+02   -2.151668E+02    0.000000E+00    0.000000E+00    0.000000E+00   -3.134920E+02    7.408416E+01    8.441396E+01    0.000000E+00    0.000000E+00    0.000000E+00
1.199500E+00    2.087243E+01    1.448390E+02   -1.840648E+02    0.000000E+00    0.000000E+00    0.000000E+00   -2.709255E+02    9.471172E+01    4.353446E+01    0.000000E+00    0.000000E+00    0.000000E+00
1.200500E+00    9.043532E+01    7.895412E+01   -1.541482E+02    0.000000E+00    0.000000E+00    0.000000E+00   -1.936408E+02    1.380111E+02   -4.246994E+01    0.000000E+00    0.000000E+00    0.000000E+00
1.201500E+00    5.333450E+01    8.475397E+01   -1.799012E+02    0.000000E+00    0.000000E+00    0.000000E+00   -2.190185E+02    1.163076E+02   -9.839570E+00    0.000000E+00    0.000000E+00    0.000000E+00
1.202500E+00    1.322066E+02    1.009906E+02   -1.781808E+02    0.000000E+00    0.000000E+00    0.000000E+00   -2.322318E+02    1.805881E+02   -7.007709E+01    0.000000E+00    0.000000E+00    0.000000E+00
1.203500E+00    6.839728E+01    7.608385E+01   -1.723171E+02    0.000000E+00    0.000000E+00    0.000000E+00   -2.064730E+02    1.242255E+02   -2.703679E+01    0.000000E+00    0.000000E+00    0.000000E+00
1.204500E+00    9.636334E+01    1.086835E+02   -1.986225E+02    0.000000E+00    0.000000E+00    0.000000E+00   -2.562325E+02    1.555061E+02   -3.949749E+01    0.000000E+00    0.000000E+00    0.000000E+00
1.205500E+00    7.167342E+01    1.142647E+02   -2.046370E+02    0.000000E+00    0.000000E+00    0.000000E+00   -2.680515E+02    1.330847E+02   -1.945645E+01    0.000000E+00    0.000000E+00    0.000000E+00
1.206500E+00    1.113189E+02    8.874412E+01   -1.745731E+02    0.000000E+00    0.000000E+00    0.000000E+00   -2.214594E+02    1.550327E+02   -6.227184E+01    0.000000E+00    0.000000E+00    0.000000E+00
1.207500E+00    8.586649E+01    8.293554E+01   -1.928296E+02    0.000000E+00    0.000000E+00    0.000000E+00   -2.334140E+02    1.366253E+02   -4.497081E+01    0.000000E+00    0.000000E+00    0.000000E+00
1.208500E+00    9.296054E+01    1.156497E+02   -1.888789E+02    0.000000E+00    0.000000E+00    0.000000E+00   -2.574515E+02    1.399838E+02   -4.113355E+01    0.000000E+00    0.000000E+00    0.000000E+00
1.209500E+00    9.446034E+01    9.603977E+01   -2.165018E+02    0.000000E+00    0.000000E+00    0.000000E+00   -2.659063E+02    1.474135E+02   -5.036874E+01    0.000000E+00    0.000000E+00    0.000000E+00
1.210500E+00    1.190562E+02    1.007858E+02   -2.021281E+02    0.000000E+00    0.000000E+00    0.000000E+00   -2.567884E+02    1.640571E+02   -6.962972E+01    0.000000E+00    0.000000E+00    0.000000E+00
1.211500E+00   -1.293716E+01    1.492137E+02   -2.029942E+02    0.000000E+00    0.000000E+00    0.000000E+00   -3.005155E+02    4.663670E+01    5.379136E+01    0.000000E+00    0.000000E+00    0.000000E+00
1.212500E+00    3.931348E+01    1.337770E+02   -1.967120E+02    0.000000E+00    0.000000E+00    0.000000E+00   -2.821258E+02    8.914280E+01    4.449004E+00    0.000000E+00    0.000000E+00    0.000000E+00
1.213500E+00    4.621271E+01    1.123470E+02   -2.151355E+02    0.000000E+00    0.000000E+00    0.000000E+00   -2.819916E+02    9.611933E+01   -1.007675E+01    0.000000E+00    0.000000E+00    0.000000E+00
1.214500E+00    9.176095E+01    1.326805E+02   -1.912006E+02    0.000000E+00    0.000000E+00    0.000000E+00   -2.781350E+02    1.271746E+02   -4.545238E+01    0.000000E+00    0.000000E+00    0.000000E+00
1.215500E+00    6.403090E+01    1.103906E+02   -2.220740E+02    0.000000E+00    0.000000E+00    0.000000E+00   -2.879542E+02    1.082174E+02   -2.901027E+01    0.000000E+00    0.000000E+00    0.000000E+00
1.216500E+00    3.457990E+01    1.473273E+02   -1.855893E+02    0.000000E+00    0.000000E+00    0.000000E+00   -2.866062E+02    7.224087E+01    4.269551E+00    0.000000E+00    0.000000E+00    0.000000E+00
1.217500E+00    2.462819E+01    1.185724E+02   -2.290947E+02    0.000000E+00    0.000000E+00    0.000000E+00   -3.007965E+02    7.508676E+01    7.050957E+00    0.000000E+00    0.000000E+00    0.000000E+00
1.218500E+00    1.103039E+01    1.662294E+02   -2.129287E+02    0.000000E+00    0.000000E+00    0.000000E+00   -3.277240E+02    5.361565E+01    2.516538E+01    0.000000E+00    0.000000E+00    0.000000E+00
1.219500E+00    3.689248E+01    1.001247E+02   -1.972371E+02    0.000000E+00    0.000000E+00    0.000000E+00   -2.586775E+02    7.377545E+01   -1.062438E+01    0.000000E+00    0.000000E+00    0.000000E+00
1.220500E+00    3.853351E+01    1.324804E+02   -1.876410E+02    0.000000E+00    0.000000E+00    0.000000E+00   -2.779392E+02    6.931854E+01   -8.101598E+00    0.000000E+00    0.000000E+00    0.000000E+00
1.221500E+00    1.885377E+01    1.158226E+02   -2.011393E+02    0.000000E+00    0.000000E+00    0.000000E+00   -2.770422E+02    5.389989E+01    5.317792E+00    0.000000E+00    0.000000E+00    0.000000E+00
1.222500E+00    3.656722E+01    1.243218E+02   -1.805796E+02    0.000000E+00    0.000000E+00    0.000000E+00   -2.666246E+02    6.094767E+01   -1.164074E+01    0.000000E+00    0.000000E+00    0.000000E+00
1.223500E+00    1.037819E+02    9.546794E+01   -1.838383E+02    0.000000E+00    0.000000E+00    0.000000E+00   -2.461068E+02    1.178046E+02   -7.711341E+01    0.000000E+00    0.000000E+00    0.000000E+00
1.224500E+00   -4.406993E+00    1.231322E+02   -1.873968E+02    0.000000E+00    0.000000E+00    0.000000E+00   -2.722860E+02    2.489582E+01    2.305340E+01    0.000000E+00    0.000000E+00    0.000000E+00
1.225500E+00    1.026451E+01    1.347458E+02   -2.021349E+02    0.000000E+00    0.000000E+00    0.000000E+00   -2.959050E+02    3.757242E+01    1.021613E+01    0.000000E+00    0.000000E+00    0.000000E+00
1.226500E+00   -3.072016E+01    1.334162E+02   -1.891615E+02    0.000000E+00    0.000000E+00    0.000000E+00   -2.837087E+02   -1.799454E+00    4.511179E+01    0.000000E+00    0.000000E+00    0.000000E+00
1.227500E+00    2.614963E+00    1.301218E+02   -1.897290E+02    0.000000E+00    0.000000E+00    0.000000E+00   -2.818849E+02    2.452511E+01    1.328697E+01    0.000000E+00    0.000000E+00    0.000000E+00
1.228500E+00    1.374537E+01    1.187422E+02   -1.901885E+02    0.000000E+00    0.000000E+00    0.000000E+00   -2.729599E+02    3.376445E+01    1.401403E+00    0.000000E+00    0.000000E+00    0.000000E+00
1.229500E+00   -1.928358E+01    1.442718E+02   -2.119943E+02    0.000000E+00    0.000000E+00    0.000000E+00   -3.138814E+02    7.663887E+00    3.361665E+01    0.000000E+00    0.000000E+00    0.000000E+00
1.230500E+00    2.125705E+00    1.390487E+02   -2.005079E+02    0.000000E+00    0.000000E+00    0.000000E+00   -3.005799E+02    1.893421E+01    1.022491E+01    0.000000E+00    0.000000E+00    0.000000E+00
1.231500E+00   -6.709986E+01    1.448764E+02   -1.989267E+02    0.000000E+00    0.000000E+00    0.000000E+00   -3.043315E+02   -4.238844E+01    7.249273E+01    0.000000E+00    0.000000E+00    0.000000E+00
1.232500E+00    8.763361E+01    1.196612E+02   -1.988136E+02    0.000000E+00    0.000000E+00    0.000000E+00   -2.832438E+02    9.006718E+01   -7.046402E+01    0.000000E+00    0.000000E+00    0.000000E+00
1.233500E+00    3.054992E+01    1.199394E+02   -1.819960E+02    0.000000E+00    0.000000E+00    0.000000E+00   -2.688539E+02    3.687849E+01   -2.092565E+01    0.000000E+00    0.000000E+00    0.000000E+00
1.234500E+00    7.024181E+01    1.214293E+02   -2.044151E+02    0.000000E+00    0.000000E+00    0.000000E+00   -2.905131E+02    7.278397E+01   -5.681682E+01    0.000000E+00    0.000000E+00    0.000000E+00
1.235500E+00    3.131052E+01    1.252451E+02   -1.921298E+02    0.000000E+00    0.000000E+00    0.000000E+00   -2.831787E+02    3.448629E+01   -2.349280E+01    0.000000E+00    0.000000E+00    0.000000E+00
1.236500E+00    4.775668E+01    1.269512E+02   -2.043710E+02    0.000000E+00    0.000000E+00    0.000000E+00   -2.948101E+02    5.196713E+01   -3.693841E+01    0.000000E+00    0.000000E+00    0.000000E+00
1.237500E+00    8.399959E+01    1.178428E+02   -1.966960E+02    0.000000E+00    0.000000E+00    0.000000E+00   -2.820770E+02    7.642695E+01   -7.447331E+01    0.000000E+00    0.000000E+00    0.000000E+00
1.238500E+00    6.733906E+01    1.077631E+02   -1.756979E+02    0.000000E+00    0.000000E+00    0.000000E+00   -2.539374E+02    6.107998E+01   -5.970951E+01    0.000000E+00    0.000000E+00    0.000000E+00
1.239500E+00    1.619637E+01    1.302869E+02   -1.928158E+02    0.000000E+00    0.000000E+00    0.000000E+00   -2.892423E+02    1.427701E+01   -1.445449E+01    0.000000E+00    0.000000E+00    0.000000E+00
1.240500E+00   -1.863885E+01    1.201425E+02   -1.827972E+02    0.000000E+00    0.000000E+00    0.000000E+00   -2.714647E+02   -1.772896E+01    1.643923E+01    0.000000E+00    0.000000E+00    0.000000E+00
1.241500E+00    2.726467E+01    1.192493E+02   -1.773285E+02    0.000000E+00    0.000000E+00    0.000000E+00   -2.661538E+02    1.956858E+01   -2.746034E+01    0.000000E+00    0.000000E+00    0.000000E+00
1.242500E+00    4.531907E+01    1.246497E+02   -2.040277E+02    0.000000E+00    0.000000E+00    0.000000E+00   -2.958045E+02    3.276414E+01   -4.545966E+01    0.000000E+00    0.000000E+00    0.000000E+00
1.243500E+00   -3.265070E+01    1.308820E+02   -1.881477E+02    0.000000E+00    0.000000E+00    0.000000E+00   -2.861914E+02   -3.602776E+01    2.480648E+01    0.000000E+00    0.000000E+00    0.000000E+00
1.244500E+00    5.628765E+01    1.334844E+02   -2.080398E+02    0.000000E+00    0.000000E+00    0.000000E+00   -3.077629E+02    3.755020E+01   -5.878848E+01    0.000000E+00    0.000000E+00    0.000000E+00
1.245500E+00    3.364478E+01    1.502323E+02   -2.651382E+02    0.000000E+00    0.000000E+00    0.000000E+00   -3.770728E+02    1.076624E+01   -4.140331E+01    0.000000E+00    0.000000E+00    0.000000E+00
1.246500E+00   -6.707578E+01    1.568732E+02   -2.068289E+02    0.000000E+00    0.000000E+00    0.000000E+00   -3.256757E+02   -7.164811E+01    5.137112E+01    0.000000E+00    0.000000E+00    0.000000E+00
1.247500E+00    8.462061E+00    1.392969E+02   -2.190479E+02    0.000000E+00    0.000000E+00    0.000000E+00   -3.235359E+02   -1.156956E+01   -1.958041E+01    0.000000E+00    0.000000E+00    0.000000E+00
1.248500E+00   -2.156289E+00    1.507005E+02   -2.055100E+02    0.000000E+00    0.000000E+00    0.000000E+00   -3.200250E+02   -2.057288E+01   -1.207082E+01    0.000000E+00    0.000000E+00    0.000000E+00
1.249500E+00   -3.920821E+01    1.300794E+02   -2.049311E+02    0.000000E+00    0.000000E+00    0.000000E+00   -3.023669E+02   -5.573139E+01    2.224097E+01    0.000000E+00    0.000000E+00    0.000000E+00
1.250500E+00    5.527131E+00    1.574422E+02   -2.272438E+02    0.000000E+00    0.000000E+00    0.000000E+00   -3.461841E+02   -2.152871E+01   -2.335915E+01    0.000000E+00    0.000000E+00    0.000000E+00
1.251500E+00   -1.120615E+01    1.376340E+02   -1.950766E+02    0.000000E+00    0.000000E+00    0.000000E+00   -2.989722E+02   -3.317836E+01   -6.305234E+00    0.000000E+00    0.000000E+00    0.000000E+00
1.252500E+00   -4.895407E+01    1.428292E+02   -2.141970E+02    0.000000E+00    0.000000E+00    0.000000E+00   -3.214070E+02   -6.965616E+01    2.685676E+01    0.000000E+00    0.000000E+00    0.000000E+00
1.253500E+00   -4.402043E+01    1.286578E+02   -1.843159E+02    0.000000E+00    0.000000E+00    0.000000E+00   -2.816570E+02   -6.515821E+01    2.214106E+01    0.000000E+00    0.000000E+00    0.000000E+00
1.254500E+00   -6.802440E+01    1.318755E+02   -1.893708E+02    0.000000E+00    0.000000E+00    0.000000E+00   -2.889401E+02   -8.744096E+01    4.309038E+01    0.000000E+00    0.000000E+00    0.000000E+00
1.255500E+00   -6.290839E+01    1.314470E+02   -1.987723E+02    0.000000E+00    0.000000E+00    0.000000E+00   -2.976010E+02   -8.633673E+01    3.710794E+01    0.000000E+00    0.000000E+00    0.000000E+00
1.256500E+00    7.346450E+00    1.271563E+02   -1.887707E+02    0.000000E+00    0.000000E+00    0.000000E+00   -2.849053E+02   -2.429409E+01   -2.775377E+01    0.000000E+00    0.000000E+00    0.000000E+00
1.257500E+00   -3.345482E+01    9.855515E+01   -1.465779E+02    0.000000E+00    0.000000E+00    0.000000E+00   -2.211808E+02   -5.417523E+01    1.378398E+01    0.000000E+00    0.000000E+00    0.000000E+00
1.258500E+00   -5.645844E+01    1.074010E+02   -1.524225E+02    0.000000E+00    0.000000E+00    0.000000E+00   -2.343248E+02   -7.873518E+01    3.139535E+01    0.000000E+00    0.000000E+00    0.000000E+00
1.259500E+00    6.478993E+01    5.385983E+01   -6.486666E+01    0.000000E+00    0.000000E+00    0.000000E+00   -1.079184E+02    4.554377E+01   -6.942415E+01    0.000000E+00    0.000000E+00    0.000000E+00
1.260500E+00   -8.044743E+00    1.127024E+02   -1.703332E+02    0.000000E+00    0.000000E+00    0.000000E+00   -2.557011E+02   -4.270794E+01   -1.656315E+01    0.000000E+00    0.000000E+00    0.000000E+00
1.261500E+00    8.337503E+01    1.125258E+02   -1.594849E+02    0.000000E+00    0.000000E+00    0.000000E+00   -2.463900E+02    4.033305E+01   -1.003034E+02    0.000000E+00    0.000000E+00    0.000000E+00
1.262500E+00   -4.529011E+01    1.040645E+02   -1.577642E+02    0.000000E+00    0.000000E+00    0.000000E+00   -2.364806E+02   -7.729597E+01    1.689293E+01    0.000000E+00    0.000000E+00    0.000000E+00
1.263500E+00    1.562388E+01    1.224841E+02   -1.689877E+02    0.000000E+00    0.000000E+00    0.000000E+00   -2.630485E+02   -2.410623E+01   -4.203132E+01    0.000000E+00    0.000000E+00    0.000000E+00
1.264500E+00   -6.250059E+00    1.025160E+02   -1.522339E+02    0.000000E+00    0.000000E+00    0.000000E+00   -2.302215E+02   -4.254389E+01   -1.955002E+01    0.000000E+00    0.000000E+00    0.000000E+00
1.265500E+00    2.673134E+01    1.256419E+02   -1.780508E+02    0.000000E+00    0.000000E+00    0.000000E+00   -2.739839E+02   -2.060561E+01   -5.600466E+01    0.000000E+00    0.000000E+00    0.000000E+00
1.266500E+00    1.794217E+01    1.182497E+02   -1.732229E+02    0.000000E+00    0.000000E+00    0.000000E+00   -2.631950E+02   -2.910855E+01   -4.737612E+01    0.000000E+00    0.000000E+00    0.000000E+00
1.267500E+00   -2.015350E+01    1.353794E+02   -1.925741E+02    0.000000E+00    0.000000E+00    0.000000E+00   -2.951110E+02   -6.892302E+01   -1.779035E+01    0.000000E+00    0.000000E+00    0.000000E+00
1.268500E+00    7.811004E+00    1.375318E+02   -1.862284E+02    0.000000E+00    0.000000E+00    0.000000E+00   -2.913467E+02   -4.399231E+01   -4.507199E+01    0.000000E+00    0.000000E+00    0.000000E+00
1.269500E+00    1.454233E+01    1.286856E+02   -1.856093E+02    0.000000E+00    0.000000E+00    0.000000E+00   -2.830248E+02   -4.000811E+01   -5.013207E+01    0.000000E+00    0.000000E+00    0.000000E+00
1.270500E+00    3.657489E+01    1.364321E+02   -1.906168E+02    0.000000E+00    0.000000E+00    0.000000E+00   -2.942735E+02   -2.291556E+01   -7.316137E+01    0.000000E+00    0.000000E+00    0.000000E+00
1.271500E+00   -4.578485E+01    1.416854E+02   -1.992900E+02    0.000000E+00    0.000000E+00    0.000000E+00   -3.058273E+02   -1.006738E+02   -1.765610E+00    0.000000E+00    0.000000E+00    0.000000E+00
1.272500E+00   -5.160871E+01    1.404434E+02   -2.076719E+02    0.000000E+00    0.000000E+00    0.000000E+00   -3.120498E+02   -1.113526E+02    2.200727E+00    0.000000E+00    0.000000E+00    0.000000E+00
1.273500E+00   -7.292072E+00    1.461457E+02   -2.042249E+02    0.000000E+00    0.000000E+00    0.000000E+00   -3.138254E+02   -7.262491E+01   -4.091949E+01    0.000000E+00    0.000000E+00    0.000000E+00
1.274500E+00    3.708184E+01    1.485431E+02   -2.076531E+02    0.000000E+00    0.000000E+00    0.000000E+00   -3.192204E+02   -3.640437E+01   -8.322251E+01    0.000000E+00    0.000000E+00    0.000000E+00
1.275500E+00   -6.547886E+00    1.500146E+02   -2.087187E+02    0.000000E+00    0.000000E+00    0.000000E+00   -3.206874E+02   -7.748247E+01   -4.602489E+01    0.000000E+00    0.000000E+00    0.000000E+00
1.276500E+00    5.366658E+01    1.596557E+02   -2.061149E+02    0.000000E+00    0.000000E+00    0.000000E+00   -3.271218E+02   -2.325084E+01   -1.036770E+02    0.000000E+00    0.000000E+00    0.000000E+00
1.277500E+00    2.334186E+01    1.485146E+02   -2.071662E+02    0.000000E+00    0.000000E+00    0.000000E+00   -3.175020E+02   -5.619744E+01   -7.614262E+01    0.000000E+00    0.000000E+00    0.000000E+00
1.278500E+00   -2.980485E+01    1.293146E+02   -1.836221E+02    0.000000E+00    0.000000E+00    0.000000E+00   -2.788061E+02   -9.310537E+01   -2.060173E+01    0.000000E+00    0.000000E+00    0.000000E+00
1.279500E+00   -1.789439E+01    1.301146E+02   -1.870633E+02    0.000000E+00    0.000000E+00    0.000000E+00   -2.820498E+02   -8.893474E+01   -3.462377E+01    0.000000E+00    0.000000E+00    0.000000E+00
1.280500E+00   -3.399967E+00    1.462519E+02   -2.049486E+02    0.000000E+00    0.000000E+00    0.000000E+00   -3.117269E+02   -8.413911E+01   -5.466963E+01    0.000000E+00    0.000000E+00    0.000000E+00
1.281500E+00    8.964497E+00    1.254083E+02   -1.686924E+02    0.000000E+00    0.000000E+00    0.000000E+00   -2.611105E+02   -6.171415E+01   -5.958068E+01    0.000000E+00    0.000000E+00    0.000000E+00
1.282500E+00   -6.057123E+01    1.228259E+02   -1.945862E+02    0.000000E+00    0.000000E+00    0.000000E+00   -2.807055E+02   -1.344716E+02    2.356988E+00    0.000000E+00    0.000000E+00    0.000000E+00
1.283500E+00   -4.046836E+01    1.201863E+02   -1.774812E+02    0.000000E+00    0.000000E+00    0.000000E+00   -2.628547E+02   -1.121699E+02   -1.606746E+01    0.000000E+00    0.000000E+00    0.000000E+00
1.284500E+00   -7.289139E+01    1.057444E+02   -1.798975E+02    0.000000E+00    0.000000E+00    0.000000E+00   -2.517904E+02   -1.416339E+02    1.861934E+01    0.000000E+00    0.000000E+00    0.000000E+00
1.285500E+00   -2.307561E+01    1.324221E+02   -1.867284E+02    0.000000E+00    0.000000E+00    0.000000E+00   -2.809535E+02   -1.031730E+02   -3.855938E+01    0.000000E+00    0.000000E+00    0.000000E+00
1.286500E+00   -7.159664E+01    1.031180E+02   -1.787097E+02    0.000000E+00    0.000000E+00    0.000000E+00   -2.476170E+02   -1.429093E+02    1.641497E+01    0.000000E+00    0.000000E+00    0.000000E+00
1.287500E+00   -5.708264E+01    1.205613E+02   -1.873932E+02    0.000000E+00    0.000000E+00    0.000000E+00   -2.698447E+02   -1.373005E+02   -6.168181E+00    0.000000E+00    0.000000E+00    0.000000E+00
1.288500E+00   -6.414012E+01    1.193395E+02   -1.818358E+02    0.000000E+00    0.000000E+00    0.000000E+00   -2.636724E+02   -1.415812E+02   -1.305908E-01    0.000000E+00    0.000000E+00    0.000000E+00
1.289500E+00   -3.465013E+01    1.160470E+02   -1.806019E+02    0.000000E+00    0.000000E+00    0.000000E+00   -2.591009E+02   -1.193402E+02   -2.699250E+01    0.000000E+00    0.000000E+00    0.000000E+00
1.290500E+00   -1.406960E+02    9.764171E+01   -1.962433E+02    0.000000E+00    0.000000E+00    0.000000E+00   -2.551556E+02   -2.194932E+02    7.372071E+01    0.000000E+00    0.000000E+00    0.000000E+00
1.291500E+00   -8.394360E+01    1.131499E+02   -1.810671E+02    0.000000E+00    0.000000E+00    0.000000E+00   -2.549130E+02   -1.669787E+02    1.392498E+01    0.000000E+00    0.000000E+00    0.000000E+00
1.292500E+00   -5.853155E+01    1.164999E+02   -1.917085E+02    0.000000E+00    0.000000E+00    0.000000E+00   -2.675031E+02   -1.487037E+02   -8.777467E+00    0.000000E+00    0.000000E+00    0.000000E+00
1.293500E+00   -5.960416E+01    1.194416E+02   -1.823502E+02    0.000000E+00    0.000000E+00    0.000000E+00   -2.605457E+02   -1.490745E+02   -1.251395E+01    0.000000E+00    0.000000E+00    0.000000E+00
1.294500E+00   -1.393816E+02    1.214643E+02   -2.244196E+02    0.000000E+00    0.000000E+00    0.000000E+00   -2.968984E+02   -2.409468E+02    5.415992E+01    0.000000E+00    0.000000E+00    0.000000E+00
1.295500E+00   -2.533102E+01    1.383807E+02   -1.946606E+02    0.000000E+00    0.000000E+00    0.000000E+00   -2.872911E+02   -1.260573E+02   -5.268828E+01    0.000000E+00    0.000000E+00    0.000000E+00
1.296500E+00   -1.022191E+02    9.371147E+01   -1.767982E+02    0.000000E+00    0.000000E+00    0.000000E+00   -2.309237E+02   -1.871466E+02    3.420103E+01    0.000000E+00    0.000000E+00    0.000000E+00
1.297500E+00   -1.375854E+02    5.698213E+01   -1.551549E+02    0.000000E+00    0.000000E+00    0.000000E+00   -1.785355E+02   -2.108136E+02    8.172816E+01    0.000000E+00    0.000000E+00    0.000000E+00
1.298500E+00   -6.027240E+01    9.998906E+01   -1.530278E+02    0.000000E+00    0.000000E+00    0.000000E+00   -2.166116E+02   -1.364849E+02   -4.145155E+00    0.000000E+00    0.000000E+00    0.000000E+00
1.299500E+00   -1.192697E+02    4.930948E+01   -1.364374E+02    0.000000E+00    0.000000E+00    0.000000E+00   -1.556811E+02   -1.850752E+02    6.908748E+01    0.000000E+00    0.000000E+00    0.000000E+00
1.300500E+00   -8.832555E+01    6.587702E+01   -1.312983E+02    0.000000E+00    0.000000E+00    0.000000E+00   -1.665732E+02   -1.534905E+02    3.511946E+01    0.000000E+00    0.000000E+00    0.000000E+00
1.301500E+00   -3.038687E+01    1.051551E+02   -1.562601E+02    0.000000E+00    0.000000E+00    0.000000E+00   -2.221652E+02   -1.170344E+02   -3.587531E+01    0.000000E+00    0.000000E+00    0.000000E+00
1.302500E+00   -8.312955E+01    6.577646E+01   -1.301412E+02    0.000000E+00    0.000000E+00    0.000000E+00   -1.643062E+02   -1.502208E+02    2.893545E+01    0.000000E+00    0.000000E+00    0.000000E+00
1.303500E+00   -2.800006E+01    9.994437E+01   -1.412780E+02    0.000000E+00    0.000000E+00    0.000000E+00   -2.041707E+02   -1.088716E+02   -3.656933E+01    0.000000E+00    0.000000E+00    0.000000E+00
1.304500E+00   -5.559516E+01    1.098985E+02   -1.649464E+02    0.000000E+00    0.000000E+00    0.000000E+00   -2.312195E+02   -1.476835E+02   -2.067564E+01    0.000000E+00    0.000000E+00    0.000000E+00
1.305500E+00   -7.178396E+01    3.834535E+01   -1.083281E+02    0.000000E+00    0.000000E+00    0.000000E+00   -1.211011E+02   -1.301610E+02    3.414173E+01    0.000000E+00    0.000000E+00    0.000000E+00
1.306500E+00   -9.007405E+01    9.340675E+01   -1.629134E+02    0.000000E+00    0.000000E+00    0.000000E+00   -2.128906E+02   -1.798883E+02    1.457663E+01    0.000000E+00    0.000000E+00    0.000000E+00
1.307500E+00   -6.878805E+01    1.424625E+02   -2.118436E+02    0.000000E+00    0.000000E+00    0.000000E+00   -2.954589E+02   -1.912163E+02   -3.295079E+01    0.000000E+00    0.000000E+00    0.000000E+00
1.308500E+00   -7.487514E+01    9.030371E+01   -1.714639E+02    0.000000E+00    0.000000E+00    0.000000E+00   -2.158478E+02   -1.744683E+02    2.159350E+00    0.000000E+00    0.000000E+00    0.000000E+00
1.309500E+00   -1.128798E+02    1.355554E+02   -2.218822E+02    0.000000E+00    0.000000E+00    0.000000E+00   -2.936710E+02   -2.423723E+02    1.427385E+00    0.000000E+00    0.000000E+00    0.000000E+00
1.310500E+00   -1.099311E+02    5.323866E+01   -1.439917E+02    0.000000E+00    0.000000E+00    0.000000E+00   -1.583891E+02   -1.917932E+02    5.064656E+01    0.000000E+00    0.000000E+00    0.000000E+00
1.311500E+00   -5.606475E+01    1.253333E+02   -1.734996E+02    0.000000E+00    0.000000E+00    0.000000E+00   -2.465224E+02   -1.623385E+02   -3.777300E+01    0.000000E+00    0.000000E+00    0.000000E+00
1.312500E+00   -1.010832E+02    8.509249E+01   -1.806819E+02    0.000000E+00    0.000000E+00    0.000000E+00   -2.140235E+02   -2.091998E+02    2.124205E+01    0.000000E+00    0.000000E+00    0.000000E+00
1.313500E+00   -7.614345E+01    1.009567E+02   -1.537357E+02    0.000000E+00    0.000000E+00    0.000000E+00   -2.083655E+02   -1.687472E+02   -8.037934E+00    0.000000E+00    0.000000E+00    0.000000E+00
1.314500E+00   -3.541368E+01    1.201442E+02   -1.659226E+02    0.000000E+00    0.000000E+00    0.000000E+00   -2.345373E+02   -1.412878E+02   -5.258976E+01    0.000000E+00    0.000000E+00    0.000000E+00
1.315500E+00   -3.189397E+01    1.250221E+02   -1.457519E+02    0.000000E+00    0.000000E+00    0.000000E+00   -2.228777E+02   -1.258707E+02   -5.953776E+01    0.000000E+00    0.000000E+00    0.000000E+00
1.316500E+00   -2.570202E+01    1.256505E+02   -1.574302E+02    0.000000E+00    0.000000E+00    0.000000E+00   -2.309661E+02   -1.301081E+02   -6.595044E+01    0.000000E+00    0.000000E+00    0.000000E+00
1.317500E+00   -6.526380E+01    1.011677E+02   -1.539626E+02    0.000000E+00    0.000000E+00    0.000000E+00   -2.059299E+02   -1.630581E+02   -1.994138E+01    0.000000E+00    0.000000E+00    0.000000E+00
1.318500E+00   -7.088835E+01    9.936176E+01   -1.555216E+02    0.000000E+00    0.000000E+00    0.000000E+00   -2.025443E+02   -1.738674E+02   -1.806438E+01    0.000000E+00    0.000000E+00    0.000000E+00
1.319500E+00   -1.304634E+02    4.777619E+01   -1.558518E+02    0.000000E+00    0.000000E+00    0.000000E+00   -1.557864E+02   -2.270603E+02    6.140773E+01    0.000000E+00    0.000000E+00    0.000000E+00
1.320500E+00   -2.311290E+01    1.515534E+02   -1.759634E+02    0.000000E+00    0.000000E+00    0.000000E+00   -2.647720E+02   -1.448641E+02   -9.003395E+01    0.000000E+00    0.000000E+00    0.000000E+00
1.321500E+00   -1.063950E+02    5.089125E+01   -1.545279E+02    0.000000E+00    0.000000E+00    0.000000E+00   -1.543566E+02   -2.088000E+02    3.761796E+01    0.000000E+00    0.000000E+00    0.000000E+00
1.322500E+00   -1.385954E+02    3.070372E+01   -1.380177E+02    0.000000E+00    0.000000E+00    0.000000E+00   -1.240855E+02   -2.263521E+02    7.532254E+01    0.000000E+00    0.000000E+00    0.000000E+00
1.323500E+00   -4.042274E+01    1.185857E+02   -1.616812E+02    0.000000E+00    0.000000E+00    0.000000E+00   -2.228664E+02   -1.519039E+02   -5.579534E+01    0.000000E+00    0.000000E+00    0.000000E+00
1.324500E+00   -6.827289E+01    9.796445E+01   -1.660838E+02    0.000000E+00    0.000000E+00    0.000000E+00   -2.047579E+02   -1.829941E+02   -2.406938E+01    0.000000E+00    0.000000E+00    0.000000E+00
1.325500E+00   -3.812765E+01    1.533392E+02   -1.892098E+02    0.000000E+00    0.000000E+00    0.000000E+00   -2.718089E+02   -1.723690E+02   -8.512374E+01    0.000000E+00    0.000000E+00    0.000000E+00
1.326500E+00   -2.151330E+01    1.544405E+02   -1.696654E+02    0.000000E+00    0.000000E+00    0.000000E+00   -2.577970E+02   -1.439722E+02   -9.870993E+01    0.000000E+00    0.000000E+00    0.000000E+00
1.327500E+00   -6.674678E+01    1.060671E+02   -1.594604E+02    0.000000E+00    0.000000E+00    0.000000E+00   -2.053040E+02   -1.800111E+02   -3.363939E+01    0.000000E+00    0.000000E+00    0.000000E+00
1.328500E+00   -1.264268E+01    1.516640E+02   -1.628264E+02    0.000000E+00    0.000000E+00    0.000000E+00   -2.483617E+02   -1.340891E+02   -1.054784E+02    0.000000E+00    0.000000E+00    0.000000E+00
1.329500E+00   -4.533530E+01    1.433051E+02   -1.808741E+02    0.000000E+00    0.000000E+00    0.000000E+00   -2.518635E+02   -1.783798E+02   -7.841356E+01    0.000000E+00    0.000000E+00    0.000000E+00
1.330500E+00   -8.417404E+01    1.037372E+02   -1.713491E+02    0.000000E+00    0.000000E+00    0.000000E+00   -2.063050E+02   -2.099392E+02   -2.543915E+01    0.000000E+00    0.000000E+00    0.000000E+00
1.331500E+00   -6.237731E+01    1.075866E+02   -1.526067E+02    0.000000E+00    0.000000E+00    0.000000E+00   -1.982458E+02   -1.746598E+02   -4.200451E+01    0.000000E+00    0.000000E+00    0.000000E+00
1.332500E+00   -6.487516E+01    9.146719E+01   -1.512322E+02    0.000000E+00    0.000000E+00    0.000000E+00   -1.810402E+02   -1.779425E+02   -3.000418E+01    0.000000E+00    0.000000E+00    0.000000E+00
1.333500E+00   -1.243383E+02    5.976290E+01   -1.729132E+02    0.000000E+00    0.000000E+00    0.000000E+00   -1.650138E+02   -2.493615E+02    3.227146E+01    0.000000E+00    0.000000E+00    0.000000E+00
1.334500E+00   -8.974922E+01    1.108020E+02   -1.783978E+02    0.000000E+00    0.000000E+00    0.000000E+00   -2.129186E+02   -2.246607E+02   -3.231260E+01    0.000000E+00    0.000000E+00    0.000000E+00
1.335500E+00   -7.184604E+01    1.178704E+02   -1.850764E+02    0.000000E+00    0.000000E+00    0.000000E+00   -2.229308E+02   -2.143419E+02   -4.993633E+01    0.000000E+00    0.000000E+00    0.000000E+00
1.336500E+00   -4.652891E+01    1.533730E+02   -1.683518E+02    0.000000E+00    0.000000E+00    0.000000E+00   -2.436495E+02   -1.796200E+02   -9.613166E+01    0.000000E+00    0.000000E+00    0.000000E+00
1.337500E+00   -1.484224E+02    1.477977E+01   -1.647461E+02    0.000000E+00    0.000000E+00    0.000000E+00   -1.110092E+02   -2.718440E+02    7.594524E+01    0.000000E+00    0.000000E+00    0.000000E+00
1.338500E+00   -3.006051E+01    1.659942E+02   -1.762601E+02    0.000000E+00    0.000000E+00    0.000000E+00   -2.575267E+02   -1.737755E+02   -1.189124E+02    0.000000E+00    0.000000E+00    0.000000E+00
1.339500E+00   -1.137527E+02    6.726249E+01   -1.682915E+02    0.000000E+00    0.000000E+00    0.000000E+00   -1.589151E+02   -2.449437E+02    9.615489E+00    0.000000E+00    0.000000E+00    0.000000E+00
1.340500E+00   -3.009150E+01    1.534055E+02   -1.662038E+02    0.000000E+00    0.000000E+00    0.000000E+00   -2.363225E+02   -1.683404E+02   -1.119898E+02    0.000000E+00    0.000000E+00    0.000000E+00
1.341500E+00   -6.808761E+01    9.340059E+01   -1.494741E+02    0.000000E+00    0.000000E+00    0.000000E+00   -1.701143E+02   -1.893516E+02   -4.084980E+01    0.000000E+00    0.000000E+00    0.000000E+00
1.342500E+00   -1.066632E+02    7.672368E+01   -1.739247E+02    0.000000E+00    0.000000E+00    0.000000E+00   -1.671779E+02   -2.463506E+02   -6.223765E+00    0.000000E+00    0.000000E+00    0.000000E+00
1.343500E+00   -9.999682E+01    7.434349E+01   -1.763492E+02    0.000000E+00    0.000000E+00    0.000000E+00   -1.651481E+02   -2.425754E+02   -8.531611E+00    0.000000E+00    0.000000E+00    0.000000E+00
1.344500E+00   -1.376297E+02    3.600891E+01   -1.964769E+02    0.000000E+00    0.000000E+00    0.000000E+00   -1.403258E+02   -2.945713E+02    4.413048E+01    0.000000E+00    0.000000E+00    0.000000E+00
1.345500E+00   -8.509104E+01    1.487747E+02   -2.015393E+02    0.000000E+00    0.000000E+00    0.000000E+00   -2.444217E+02   -2.525837E+02   -8.368091E+01    0.000000E+00    0.000000E+00    0.000000E+00
1.346500E+00   -4.232863E+01    1.482313E+02   -1.850562E+02    0.000000E+00    0.000000E+00    0.000000E+00   -2.330131E+02   -2.014532E+02   -1.076516E+02    0.000000E+00    0.000000E+00    0.000000E+00
1.347500E+00   -9.159311E+01    1.288249E+02   -1.909689E+02    0.000000E+00    0.000000E+00    0.000000E+00   -2.163059E+02   -2.522351E+02   -6.655246E+01    0.000000E+00    0.000000E+00    0.000000E+00
1.348500E+00   -8.851956E+01    1.029905E+02   -1.798265E+02    0.000000E+00    0.000000E+00    0.000000E+00   -1.858459E+02   -2.407317E+02   -4.691950E+01    0.000000E+00    0.000000E+00    0.000000E+00
1.349500E+00   -8.124251E+01    1.138134E+02   -1.702809E+02    0.000000E+00    0.000000E+00    0.000000E+00   -1.883188E+02   -2.274800E+02   -6.211765E+01    0.000000E+00    0.000000E+00    0.000000E+00
1.350500E+00   -1.011573E+02    1.225233E+02   -1.821240E+02    0.000000E+00    0.000000E+00    0.000000E+00   -2.020271E+02   -2.560583E+02   -6.069954E+01    0.000000E+00    0.000000E+00    0.000000E+00
1.351500E+00   -1.103650E+02    6.687940E+01   -1.831067E+02    0.000000E+00    0.000000E+00    0.000000E+00   -1.472020E+02   -2.682510E+02   -9.318428E+00    0.000000E+00    0.000000E+00    0.000000E+00
1.352500E+00   -1.020185E+02    1.077154E+02   -1.844524E+02    0.000000E+00    0.000000E+00    0.000000E+00   -1.834411E+02   -2.634324E+02   -5.229545E+01    0.000000E+00    0.000000E+00    0.000000E+00
1.353500E+00   -1.559770E+02    2.195874E+01   -1.872585E+02    0.000000E+00    0.000000E+00    0.000000E+00   -1.065196E+02   -3.132651E+02    5.133315E+01    0.000000E+00    0.000000E+00    0.000000E+00
1.354500E+00   -1.282533E+02    3.967914E+01   -1.801286E+02    0.000000E+00    0.000000E+00    0.000000E+00   -1.160282E+02   -2.840602E+02    1.966774E+01    0.000000E+00    0.000000E+00    0.000000E+00
1.355500E+00   -1.633990E+02    2.422344E+01   -1.876766E+02    0.000000E+00    0.000000E+00    0.000000E+00   -1.053797E+02   -3.220414E+02    4.963613E+01    0.000000E+00    0.000000E+00    0.000000E+00
1.356500E+00   -1.221114E+02    3.678997E+01   -1.862200E+02    0.000000E+00    0.000000E+00    0.000000E+00   -1.129459E+02   -2.859452E+02    1.744638E+01    0.000000E+00    0.000000E+00    0.000000E+00
1.357500E+00   -1.462603E+02    3.138355E+01   -1.758464E+02    0.000000E+00    0.000000E+00    0.000000E+00   -1.029705E+02   -2.973513E+02    3.238165E+01    0.000000E+00    0.000000E+00    0.000000E+00
1.358500E+00   -1.179764E+02    4.226090E+01   -1.614803E+02    0.000000E+00    0.000000E+00    0.000000E+00   -1.051289E+02   -2.596610E+02    8.328984E+00    0.000000E+00    0.000000E+00    0.000000E+00
1.359500E+00   -9.700174E+01    7.967377E+01   -1.664967E+02    0.000000E+00    0.000000E+00    0.000000E+00   -1.395594E+02   -2.463000E+02   -3.690690E+01    0.000000E+00    0.000000E+00    0.000000E+00
1.360500E+00   -1.117818E+02    4.798279E+01   -1.536872E+02    0.000000E+00    0.000000E+00    0.000000E+00   -1.044502E+02   -2.476577E+02   -1.639265E+00    0.000000E+00    0.000000E+00    0.000000E+00
1.361500E+00   -1.183783E+02    1.979058E+01   -1.712278E+02    0.000000E+00    0.000000E+00    0.000000E+00   -8.349001E+01   -2.713485E+02    2.616615E+01    0.000000E+00    0.000000E+00    0.000000E+00
1.362500E+00   -1.327450E+02    4.411095E+00   -1.639539E+02    0.000000E+00    0.000000E+00    0.000000E+00   -6.522162E+01   -2.775571E+02    4.543565E+01    0.000000E+00    0.000000E+00    0.000000E+00
1.363500E+00   -1.156791E+02   -4.943746E+00   -1.314479E+02    0.000000E+00    0.000000E+00    0.000000E+00   -4.369006E+01   -2.315543E+02    4.706274E+01    0.000000E+00    0.000000E+00    0.000000E+00
1.364500E+00   -1.078165E+02    3.716536E+00   -1.525819E+02    0.000000E+00    0.000000E+00    0.000000E+00   -5.728344E+01   -2.455696E+02    3.418564E+01    0.000000E+00    0.000000E+00    0.000000E+00
1.365500E+00   -1.263615E+02   -2.051938E+01   -1.381507E+02    0.000000E+00    0.000000E+00    0.000000E+00   -2.987953E+01   -2.479524E+02    6.399712E+01    0.000000E+00    0.000000E+00    0.000000E+00
1.366500E+00   -1.190605E+02    3.858857E+01   -1.689273E+02    0.000000E+00    0.000000E+00    0.000000E+00   -9.380629E+01   -2.717805E+02    3.553840E+00    0.000000E+00    0.000000E+00    0.000000E+00
1.367500E+00   -9.219370E+01    1.246837E+02   -1.739092E+02    0.000000E+00    0.000000E+00    0.000000E+00   -1.733399E+02   -2.527755E+02   -9.011911E+01    0.000000E+00    0.000000E+00    0.000000E+00
1.368500E+00   -1.124405E+02    5.480020E+01   -1.571378E+02    0.000000E+00    0.000000E+00    0.000000E+00   -1.008535E+02   -2.553332E+02   -1.794516E+01    0.000000E+00    0.000000E+00    0.000000E+00
1.369500E+00   -1.133553E+02    2.787908E+01   -1.679194E+02    0.000000E+00    0.000000E+00    0.000000E+00   -7.886857E+01   -2.671499E+02    8.496946E+00    0.000000E+00    0.000000E+00    0.000000E+00
1.370500E+00   -1.068001E+02    7.551977E+01   -1.495621E+02    0.000000E+00    0.000000E+00    0.000000E+00   -1.157294E+02   -2.433575E+02   -4.090984E+01    0.000000E+00    0.000000E+00    0.000000E+00
1.371500E+00   -9.998095E+01    4.906426E+01   -1.432205E+02    0.000000E+00    0.000000E+00    0.000000E+00   -8.847095E+01   -2.313582E+02   -1.841249E+01    0.000000E+00    0.000000E+00    0.000000E+00
1.372500E+00   -1.139108E+02    5.815677E+01   -1.660637E+02    0.000000E+00    0.000000E+00    0.000000E+00   -1.012708E+02   -2.671962E+02   -2.482721E+01    0.000000E+00    0.000000E+00    0.000000E+00
1.373500E+00   -1.207213E+02    4.677038E+01   -1.566525E+02    0.000000E+00    0.000000E+00    0.000000E+00   -8.502363E+01   -2.649610E+02   -1.391380E+01    0.000000E+00    0.000000E+00    0.000000E+00
1.374500E+00   -1.363699E+02    1.136262E+01   -1.681652E+02    0.000000E+00    0.000000E+00    0.000000E+00   -5.379220E+01   -2.910361E+02    2.402982E+01    0.000000E+00    0.000000E+00    0.000000E+00
1.375500E+00   -1.312522E+02    4.246342E+01   -1.836083E+02    0.000000E+00    0.000000E+00    0.000000E+00   -8.560530E+01   -3.019363E+02   -9.031830E+00    0.000000E+00    0.000000E+00    0.000000E+00
1.376500E+00   -1.245789E+02    5.030983E+01   -1.629640E+02    0.000000E+00    0.000000E+00    0.000000E+00   -8.541560E+01   -2.753876E+02   -2.061916E+01    0.000000E+00    0.000000E+00    0.000000E+00
1.377500E+00   -1.281893E+02    3.440571E+01   -1.797434E+02    0.000000E+00    0.000000E+00    0.000000E+00   -7.362772E+01   -2.956462E+02   -4.727116E+00    0.000000E+00    0.000000E+00    0.000000E+00
1.378500E+00   -1.198448E+02    5.824072E+01   -1.481445E+02    0.000000E+00    0.000000E+00    0.000000E+00   -8.664563E+01   -2.572204E+02   -3.142874E+01    0.000000E+00    0.000000E+00    0.000000E+00
1.379500E+00   -1.232190E+02    1.087008E+02   -1.855687E+02    0.000000E+00    0.000000E+00    0.000000E+00   -1.388782E+02   -2.977033E+02   -8.253770E+01    0.000000E+00    0.000000E+00    0.000000E+00
1.380500E+00   -1.295892E+02    8.892454E+01   -1.947806E+02    0.000000E+00    0.000000E+00    0.000000E+00   -1.214579E+02   -3.126793E+02   -6.253138E+01    0.000000E+00    0.000000E+00    0.000000E+00
1.381500E+00   -1.268694E+02    8.148018E+01   -1.765310E+02    0.000000E+00    0.000000E+00    0.000000E+00   -1.086357E+02   -2.924666E+02   -5.752624E+01    0.000000E+00    0.000000E+00    0.000000E+00
1.382500E+00   -1.234448E+02    8.633394E+01   -1.755366E+02    0.000000E+00    0.000000E+00    0.000000E+00   -1.110530E+02   -2.885915E+02   -6.429876E+01    0.000000E+00    0.000000E+00    0.000000E+00
1.383500E+00   -1.169624E+02    4.248993E+01   -1.704918E+02    0.000000E+00    0.000000E+00    0.000000E+00   -6.872965E+01   -2.776276E+02   -2.214714E+01    0.000000E+00    0.000000E+00    0.000000E+00
1.384500E+00   -1.204906E+02    3.643966E+01   -1.568545E+02    0.000000E+00    0.000000E+00    0.000000E+00   -5.906606E+01   -2.674296E+02   -1.700674E+01    0.000000E+00    0.000000E+00    0.000000E+00
1.385500E+00   -1.191068E+02    1.007415E+02   -1.880756E+02    0.000000E+00    0.000000E+00    0.000000E+00   -1.205753E+02   -2.979843E+02   -8.337890E+01    0.000000E+00    0.000000E+00    0.000000E+00
1.386500E+00   -1.426427E+02   -2.753467E+01   -1.673483E+02    0.000000E+00    0.000000E+00    0.000000E+00    3.554979E+00   -2.982312E+02    4.631875E+01    0.000000E+00    0.000000E+00    0.000000E+00
1.387500E+00   -1.184157E+02    7.626383E+01   -1.841270E+02    0.000000E+00    0.000000E+00    0.000000E+00   -9.318108E+01   -2.940964E+02   -6.194742E+01    0.000000E+00    0.000000E+00    0.000000E+00
1.388500E+00   -1.364244E+02    3.539252E+01   -1.775255E+02    0.000000E+00    0.000000E+00    0.000000E+00   -5.084220E+01   -3.035606E+02   -2.146334E+01    0.000000E+00    0.000000E+00    0.000000E+00
1.389500E+00   -1.265324E+02    1.025635E+02   -1.765716E+02    0.000000E+00    0.000000E+00    0.000000E+00   -1.138410E+02   -2.937937E+02   -8.979625E+01    0.000000E+00    0.000000E+00    0.000000E+00
1.390500E+00   -8.905205E+01    5.228836E+01   -1.147359E+02    0.000000E+00    0.000000E+00    0.000000E+00   -5.783129E+01   -1.978857E+02   -4.557198E+01    0.000000E+00    0.000000E+00    0.000000E+00
1.391500E+00   -1.397010E+02   -4.597147E+00   -1.944962E+02    0.000000E+00    0.000000E+00    0.000000E+00   -1.363544E+01   -3.237407E+02    1.665229E+01    0.000000E+00    0.000000E+00    0.000000E+00
1.392500E+00   -1.223198E+02    9.811761E+01   -1.642124E+02    0.000000E+00    0.000000E+00    0.000000E+00   -1.020657E+02   -2.778708E+02   -9.026976E+01    0.000000E+00    0.000000E+00    0.000000E+00
1.393500E+00   -1.492111E+02   -6.546732E+01   -1.867304E+02    0.000000E+00    0.000000E+00    0.000000E+00    4.906754E+01   -3.245973E+02    7.459604E+01    0.000000E+00    0.000000E+00    0.000000E+00
1.394500E+00   -1.411331E+02    2.120851E+01   -1.815770E+02    0.000000E+00    0.000000E+00    0.000000E+00   -2.826879E+01   -3.125318E+02   -1.480567E+01    0.000000E+00    0.000000E+00    0.000000E+00
1.395500E+00   -1.282064E+02   -3.167154E+01   -1.697663E+02    0.000000E+00    0.000000E+00    0.000000E+00    2.384742E+01   -2.888020E+02    3.558784E+01    0.000000E+00    0.000000E+00    0.000000E+00
1.396500E+00   -1.242251E+02    3.946262E+00   -1.555994E+02    0.000000E+00    0.000000E+00    0.000000E+00   -7.663790E+00   -2.708952E+02   -1.185821E+00    0.000000E+00    0.000000E+00    0.000000E+00
1.397500E+00   -1.299837E+02    7.984020E+01   -1.784748E+02    0.000000E+00    0.000000E+00    0.000000E+00   -7.465514E+01   -2.993926E+02   -7.980919E+01    0.000000E+00    0.000000E+00    0.000000E+00
1.398500E+00   -1.250640E+02   -2.528129E+01   -1.639117E+02    0.000000E+00    0.000000E+00    0.000000E+00    2.355367E+01   -2.793299E+02    2.488114E+01    0.000000E+00    0.000000E+00    0.000000E+00
1.399500E+00   -1.291093E+02   -1.094767E+01   -1.744894E+02    0.000000E+00    0.000000E+00    0.000000E+00    1.146779E+01   -2.936426E+02    9.663824E+00    0.000000E+00    0.000000E+00    0.000000E+00
1.400500E+00   -1.213012E+02   -2.185208E+01   -1.882350E+02    0.000000E+00    0.000000E+00    0.000000E+00    2.134558E+01   -3.000183E+02    2.114646E+01    0.000000E+00    0.000000E+00    0.000000E+00
1.401500E+00   -1.415917E+02   -2.745027E+01   -1.967694E+02    0.000000E+00    0.000000E+00    0.000000E+00    2.737983E+01   -3.265566E+02    2.551423E+01    0.000000E+00    0.000000E+00    0.000000E+00
1.402500E+00   -1.364157E+02   -4.932730E+01   -1.966560E+02    0.000000E+00    0.000000E+00    0.000000E+00    5.150718E+01   -3.220915E+02    4.485960E+01    0.000000E+00    0.000000E+00    0.000000E+00
1.403500E+00   -1.250267E+02   -4.271565E+01   -1.861113E+02    0.000000E+00    0.000000E+00    0.000000E+00    4.729518E+01   -3.007772E+02    3.752594E+01    0.000000E+00    0.000000E+00    0.000000E+00
1.404500E+00   -1.157530E+02   -5.083155E+01   -1.593944E+02    0.000000E+00    0.000000E+00    0.000000E+00    5.634324E+01   -2.653120E+02    4.377862E+01    0.000000E+00    0.000000E+00    0.000000E+00
1.405500E+00   -1.034940E+02   -3.971748E+01   -1.617525E+02    0.000000E+00    0.000000E+00    0.000000E+00    4.741741E+01   -2.564912E+02    3.274515E+01    0.000000E+00    0.000000E+00    0.000000E+00
1.406500E+00   -1.302344E+02   -7.602388E+01   -1.813757E+02    0.000000E+00    0.000000E+00    0.000000E+00    8.134833E+01   -2.996050E+02    6.676303E+01    0.000000E+00    0.000000E+00    0.000000E+00
1.407500E+00   -6.332657E+01    1.320634E+02   -6.199713E+01    0.000000E+00    0.000000E+00    0.000000E+00   -1.143731E+02   -1.216053E+02   -1.385330E+02    0.000000E+00    0.000000E+00    0.000000E+00
1.408500E+00   -1.251968E+02   -4.244835E+01   -1.814714E+02    0.000000E+00    0.000000E+00    0.000000E+00    5.355675E+01   -2.947270E+02    3.125566E+01    0.000000E+00    0.000000E+00    0.000000E+00
1.409500E+00   -1.124725E+02    1.351035E+01   -1.344462E+02    0.000000E+00    0.000000E+00    0.000000E+00   -1.350328E-02   -2.367834E+02   -2.435136E+01    0.000000E+00    0.000000E+00    0.000000E+00
1.410500E+00   -9.557742E+01   -1.052232E+01   -1.299086E+02    0.000000E+00    0.000000E+00    0.000000E+00    2.393568E+01   -2.165079E+02   -2.336257E-01    0.000000E+00    0.000000E+00    0.000000E+00
1.411500E+00   -1.106531E+02   -1.348859E+01   -1.491551E+02    0.000000E+00    0.000000E+00    0.000000E+00    2.862005E+01   -2.490540E+02    9.562219E-01    0.000000E+00    0.000000E+00    0.000000E+00
1.412500E+00   -1.266664E+02    3.276682E+01   -1.365736E+02    0.000000E+00    0.000000E+00    0.000000E+00   -1.297340E+01   -2.508985E+02   -4.912196E+01    0.000000E+00    0.000000E+00    0.000000E+00
1.413500E+00   -1.123073E+02    5.175546E+01   -1.562230E+02    0.000000E+00    0.000000E+00    0.000000E+00   -2.604092E+01   -2.574794E+02   -6.695608E+01    0.000000E+00    0.000000E+00    0.000000E+00
1.414500E+00   -1.359060E+02    4.268300E+01   -1.391272E+02    0.000000E+00    0.000000E+00    0.000000E+00   -1.837581E+01   -2.609061E+02   -6.284651E+01    0.000000E+00    0.000000E+00    0.000000E+00
1.415500E+00   -1.223301E+02    3.569604E+01   -1.562980E+02    0.000000E+00    0.000000E+00    0.000000E+00   -7.957812E+00   -2.656496E+02   -5.478069E+01    0.000000E+00    0.000000E+00    0.000000E+00
1.416500E+00   -1.165703E+02   -4.127038E+01   -1.595581E+02    0.000000E+00    0.000000E+00    0.000000E+00    6.420797E+01   -2.624623E+02    2.095010E+01    0.000000E+00    0.000000E+00    0.000000E+00
1.417500E+00   -1.261502E+02    4.131584E+01   -1.620225E+02    0.000000E+00    0.000000E+00    0.000000E+00   -1.099711E+01   -2.742206E+02   -6.194362E+01    0.000000E+00    0.000000E+00    0.000000E+00
1.418500E+00   -1.559318E+02   -1.632590E+01   -1.964919E+02    0.000000E+00    0.000000E+00    0.000000E+00    5.005626E+01   -3.333358E+02   -1.304117E+01    0.000000E+00    0.000000E+00    0.000000E+00
1.419500E+00   -1.333762E+02   -1.255509E+01   -1.824104E+02    0.000000E+00    0.000000E+00    0.000000E+00    4.704430E+01   -2.992560E+02   -1.426243E+01    0.000000E+00    0.000000E+00    0.000000E+00
1.420500E+00   -1.327006E+02   -1.887175E+01   -1.731924E+02    0.000000E+00    0.000000E+00    0.000000E+00    5.466772E+01   -2.881215E+02   -1.013656E+01    0.000000E+00    0.000000E+00    0.000000E+00
1.421500E+00   -1.283025E+02    2.142265E+01   -1.840063E+02    0.000000E+00    0.000000E+00    0.000000E+00    2.226899E+01   -2.947207E+02   -4.947759E+01    0.000000E+00    0.000000E+00    0.000000E+00
1.422500E+00   -1.496798E+02    2.812228E+01   -1.769494E+02    0.000000E+00    0.000000E+00    0.000000E+00    1.664282E+01   -3.058358E+02   -6.271737E+01    0.000000E+00    0.000000E+00    0.000000E+00
1.423500E+00   -1.403135E+02   -3.877130E+00   -1.706705E+02    0.000000E+00    0.000000E+00    0.000000E+00    4.501136E+01   -2.912019E+02   -3.075427E+01    0.000000E+00    0.000000E+00    0.000000E+00
1.424500E+00   -1.079388E+02   -1.553920E+01   -1.540509E+02    0.000000E+00    0.000000E+00    0.000000E+00    5.454433E+01   -2.456061E+02   -1.345688E+01    0.000000E+00    0.000000E+00    0.000000E+00
1.425500E+00   -1.354547E+02   -6.985173E+01   -1.924966E+02    0.000000E+00    0.000000E+00    0.000000E+00    1.117634E+02   -3.065220E+02    3.203462E+01    0.000000E+00    0.000000E+00    0.000000E+00
1.426500E+00   -1.082277E+02   -6.676370E+01   -1.759733E+02    0.000000E+00    0.000000E+00    0.000000E+00    1.099611E+02   -2.652299E+02    3.295728E+01    0.000000E+00    0.000000E+00    0.000000E+00
1.427500E+00   -1.466157E+02   -5.086109E+01   -2.009581E+02    0.000000E+00    0.000000E+00    0.000000E+00    1.006111E+02   -3.231896E+02    8.366435E+00    0.000000E+00    0.000000E+00    0.000000E+00
1.428500E+00   -1.201702E+02   -3.314512E+00   -1.872853E+02    0.000000E+00    0.000000E+00    0.000000E+00    5.842506E+01   -2.864272E+02   -3.226887E+01    0.000000E+00    0.000000E+00    0.000000E+00
1.429500E+00   -1.487641E+02   -1.267083E+01   -1.767448E+02    0.000000E+00    0.000000E+00    0.000000E+00    6.520093E+01   -3.003924E+02   -3.340011E+01    0.000000E+00    0.000000E+00    0.000000E+00
1.430500E+00   -1.357820E+02   -3.843861E+01   -1.997452E+02    0.000000E+00    0.000000E+00    0.000000E+00    9.729371E+01   -3.100354E+02   -6.619860E+00    0.000000E+00    0.000000E+00    0.000000E+00
1.431500E+00   -1.060327E+02   -8.052421E+01   -1.783803E+02    0.000000E+00    0.000000E+00    0.000000E+00    1.296189E+02   -2.625248E+02    4.129362E+01    0.000000E+00    0.000000E+00    0.000000E+00
1.432500E+00   -1.656614E+02    2.021321E+01   -1.996220E+02    0.000000E+00    0.000000E+00    0.000000E+00    4.900300E+01   -3.362957E+02   -7.532871E+01    0.000000E+00    0.000000E+00    0.000000E+00
1.433500E+00   -1.321920E+02   -4.862444E+01   -1.976655E+02    0.000000E+00    0.000000E+00    0.000000E+00    1.112417E+02   -3.022014E+02   -6.697743E-01    0.000000E+00    0.000000E+00    0.000000E+00
1.434500E+00   -9.424519E+01   -6.243810E+01   -1.583766E+02    0.000000E+00    0.000000E+00    0.000000E+00    1.131747E+02   -2.311285E+02    2.355416E+01    0.000000E+00    0.000000E+00    0.000000E+00
1.435500E+00   -1.174069E+02   -2.586691E+01   -1.503656E+02    0.000000E+00    0.000000E+00    0.000000E+00    7.751173E+01   -2.440789E+02   -1.886280E+01    0.000000E+00    0.000000E+00    0.000000E+00
1.436500E+00   -8.756960E+01   -8.549725E+01   -1.784464E+02    0.000000E+00    0.000000E+00    0.000000E+00    1.450168E+02   -2.416994E+02    4.472345E+01    0.000000E+00    0.000000E+00    0.000000E+00
1.437500E+00   -1.384356E+02   -5.849743E+01   -1.905863E+02    0.000000E+00    0.000000E+00    0.000000E+00    1.247982E+02   -2.974324E+02    2.345316E-01    0.000000E+00    0.000000E+00    0.000000E+00
1.438500E+00   -1.139552E+02   -5.586583E+01   -1.754774E+02    0.000000E+00    0.000000E+00    0.000000E+00    1.186140E+02   -2.612970E+02    5.748203E+00    0.000000E+00    0.000000E+00    0.000000E+00
1.439500E+00   -8.396628E+01   -8.138063E+01   -1.598617E+02    0.000000E+00    0.000000E+00    0.000000E+00    1.376512E+02   -2.189858E+02    3.914843E+01    0.000000E+00    0.000000E+00    0.000000E+00
1.440500E+00   -9.665505E+01   -6.183660E+01   -1.568707E+02    0.000000E+00    0.000000E+00    0.000000E+00    1.193845E+02   -2.274593E+02    1.593664E+01    0.000000E+00    0.000000E+00    0.000000E+00
1.441500E+00   -8.869142E+01   -6.146608E+01   -1.533898E+02    0.000000E+00    0.000000E+00    0.000000E+00    1.191297E+02   -2.164613E+02    1.751950E+01    0.000000E+00    0.000000E+00    0.000000E+00
1.442500E+00   -1.154848E+02   -6.378579E+01   -1.862320E+02    0.000000E+00    0.000000E+00    0.000000E+00    1.367980E+02   -2.686065E+02    6.818127E+00    0.000000E+00    0.000000E+00    0.000000E+00
1.443500E+00   -7.353932E+01   -7.720979E+01   -1.595183E+02    0.000000E+00    0.000000E+00    0.000000E+00    1.390495E+02   -2.069627E+02    3.587617E+01    0.000000E+00    0.000000E+00    0.000000E+00
1.444500E+00   -7.037790E+01   -6.512786E+01   -1.278226E+02    0.000000E+00    0.000000E+00    0.000000E+00    1.145766E+02   -1.757795E+02    2.621108E+01    0.000000E+00    0.000000E+00    0.000000E+00
1.445500E+00   -8.719414E+01   -6.807242E+01   -1.418087E+02    0.000000E+00    0.000000E+00    0.000000E+00    1.251354E+02   -2.017853E+02    1.962762E+01    0.000000E+00    0.000000E+00    0.000000E+00
1.446500E+00   -7.315035E+01   -6.869350E+01   -1.535529E+02    0.000000E+00    0.000000E+00    0.000000E+00    1.310165E+02   -2.000778E+02    2.691603E+01    0.000000E+00    0.000000E+00    0.000000E+00
1.447500E+00   -1.022786E+02   -3.335845E+01   -1.386197E+02    0.000000E+00    0.000000E+00    0.000000E+00    9.429673E+01   -2.120537E+02   -1.905121E+01    0.000000E+00    0.000000E+00    0.000000E+00
1.448500E+00   -1.117767E+02   -3.810159E+01   -1.477515E+02    0.000000E+00    0.000000E+00    0.000000E+00    1.055224E+02   -2.265476E+02   -2.161530E+01    0.000000E+00    0.000000E+00    0.000000E+00
1.449500E+00   -1.173167E+02    1.222437E+01   -1.449333E+02    0.000000E+00    0.000000E+00    0.000000E+00    5.692902E+01   -2.309631E+02   -6.599047E+01    0.000000E+00    0.000000E+00    0.000000E+00
1.450500E+00   -8.827353E+01   -8.074572E+01   -1.552150E+02    0.000000E+00    0.000000E+00    0.000000E+00    1.481829E+02   -2.107231E+02    2.460311E+01    0.000000E+00    0.000000E+00    0.000000E+00
1.451500E+00   -8.619907E+01   -8.495209E+01   -1.679205E+02    0.000000E+00    0.000000E+00    0.000000E+00    1.588269E+02   -2.195933E+02    2.917591E+01    0.000000E+00    0.000000E+00    0.000000E+00
1.452500E+00   -5.897679E+01   -1.066439E+02   -1.549621E+02    0.000000E+00    0.000000E+00    0.000000E+00    1.748279E+02   -1.817781E+02    5.914695E+01    0.000000E+00    0.000000E+00    0.000000E+00
1.453500E+00   -1.435660E+02   -1.942349E+01   -1.688681E+02    0.000000E+00    0.000000E+00    0.000000E+00    1.023385E+02   -2.701588E+02   -5.687833E+01    0.000000E+00    0.000000E+00    0.000000E+00
1.454500E+00   -1.048901E+02   -5.299945E+01   -1.640905E+02    0.000000E+00    0.000000E+00    0.000000E+00    1.334041E+02   -2.293149E+02   -1.177745E+01    0.000000E+00    0.000000E+00    0.000000E+00
1.455500E+00   -7.957478E+01   -5.829781E+01   -1.335146E+02    0.000000E+00    0.000000E+00    0.000000E+00    1.199726E+02   -1.826622E+02    7.504861E+00    0.000000E+00    0.000000E+00    0.000000E+00
1.456500E+00   -1.330220E+02   -5.594988E+01   -1.927878E+02    0.000000E+00    0.000000E+00    0.000000E+00    1.521674E+02   -2.770310E+02   -2.526737E+01    0.000000E+00    0.000000E+00    0.000000E+00
1.457500E+00   -1.179054E+02   -8.907099E+01   -2.012199E+02    0.000000E+00    0.000000E+00    0.000000E+00    1.867539E+02   -2.695603E+02    9.209739E+00    0.000000E+00    0.000000E+00    0.000000E+00
1.458500E+00   -1.338035E+02   -4.157661E+01   -1.759003E+02    0.000000E+00    0.000000E+00    0.000000E+00    1.345311E+02   -2.610784E+02   -4.105005E+01    0.000000E+00    0.000000E+00    0.000000E+00
1.459500E+00   -1.098621E+02   -8.147886E+01   -1.871260E+02    0.000000E+00    0.000000E+00    0.000000E+00    1.767654E+02   -2.476143E+02    3.813202E+00    0.000000E+00    0.000000E+00    0.000000E+00
1.460500E+00   -1.441059E+02   -1.403888E+01   -1.693714E+02    0.000000E+00    0.000000E+00    0.000000E+00    1.083346E+02   -2.637394E+02   -7.061382E+01    0.000000E+00    0.000000E+00    0.000000E+00
1.461500E+00   -1.308925E+02   -6.229813E+01   -1.757721E+02    0.000000E+00    0.000000E+00    0.000000E+00    1.572703E+02   -2.541465E+02   -2.729333E+01    0.000000E+00    0.000000E+00    0.000000E+00
1.462500E+00   -1.113341E+02   -5.232636E+01   -1.673728E+02    0.000000E+00    0.000000E+00    0.000000E+00    1.438193E+02   -2.302604E+02   -2.403815E+01    0.000000E+00    0.000000E+00    0.000000E+00
1.463500E+00   -1.447043E+02   -3.412532E+01   -1.899916E+02    0.000000E+00    0.000000E+00    0.000000E+00    1.407294E+02   -2.774796E+02   -5.799260E+01    0.000000E+00    0.000000E+00    0.000000E+00
1.464500E+00   -1.443578E+02   -4.048711E+01   -1.696873E+02    0.000000E+00    0.000000E+00    0.000000E+00    1.375951E+02   -2.591157E+02   -5.585734E+01    0.000000E+00    0.000000E+00    0.000000E+00
1.465500E+00   -1.730759E+02    3.189359E-02   -1.826158E+02    0.000000E+00    0.000000E+00    0.000000E+00    1.102198E+02   -2.941702E+02   -1.048570E+02    0.000000E+00    0.000000E+00    0.000000E+00
1.466500E+00   -1.026969E+02   -7.629721E+01   -1.746487E+02    0.000000E+00    0.000000E+00    0.000000E+00    1.761725E+02   -2.224113E+02   -6.488804E+00    0.000000E+00    0.000000E+00    0.000000E+00
1.467500E+00   -1.147962E+02   -3.994173E+01   -1.637090E+02    0.000000E+00    0.000000E+00    0.000000E+00    1.378823E+02   -2.247950E+02   -4.171753E+01    0.000000E+00    0.000000E+00    0.000000E+00
1.468500E+00   -6.867200E+01   -1.161037E+02   -1.689509E+02    0.000000E+00    0.000000E+00    0.000000E+00    2.105658E+02   -1.847373E+02    4.193598E+01    0.000000E+00    0.000000E+00    0.000000E+00
1.469500E+00   -1.199301E+02   -3.511480E+01   -1.567202E+02    0.000000E+00    0.000000E+00    0.000000E+00    1.306644E+02   -2.224354E+02   -5.032325E+01    0.000000E+00    0.000000E+00    0.000000E+00
1.470500E+00   -8.707999E+01   -1.033847E+02   -1.979450E+02    0.000000E+00    0.000000E+00    0.000000E+00    2.178670E+02   -2.222869E+02    1.990034E+01    0.000000E+00    0.000000E+00    0.000000E+00
1.471500E+00   -7.156611E+01   -9.276577E+01   -1.675068E+02    0.000000E+00    0.000000E+00    0.000000E+00    1.931212E+02   -1.828690E+02    1.885113E+01    0.000000E+00    0.000000E+00    0.000000E+00
1.472500E+00   -5.229906E+01   -1.164193E+02   -1.710280E+02    0.000000E+00    0.000000E+00    0.000000E+00    2.162841E+02   -1.683062E+02    4.875505E+01    0.000000E+00    0.000000E+00    0.000000E+00
1.473500E+00   -7.338836E+01   -1.017409E+02   -1.661740E+02    0.000000E+00    0.000000E+00    0.000000E+00    2.009761E+02   -1.826431E+02    2.280157E+01    0.000000E+00    0.000000E+00    0.000000E+00
1.474500E+00   -5.652723E+01   -1.136679E+02   -1.709473E+02    0.000000E+00    0.000000E+00    0.000000E+00    2.181776E+02   -1.676643E+02    3.929410E+01    0.000000E+00    0.000000E+00    0.000000E+00
1.475500E+00   -7.478258E+01   -9.814048E+01   -1.835585E+02    0.000000E+00    0.000000E+00    0.000000E+00    2.120288E+02   -1.935369E+02    1.687406E+01    0.000000E+00    0.000000E+00    0.000000E+00
1.476500E+00   -1.484033E+02   -3.184264E+01   -1.668843E+02    0.000000E+00    0.000000E+00    0.000000E+00    1.428447E+02   -2.464798E+02   -8.027522E+01    0.000000E+00    0.000000E+00    0.000000E+00
1.477500E+00   -1.097228E+02   -6.679800E+01   -1.765909E+02    0.000000E+00    0.000000E+00    0.000000E+00    1.810213E+02   -2.180597E+02   -3.074310E+01    0.000000E+00    0.000000E+00    0.000000E+00
1.478500E+00   -1.639973E+02   -3.486473E+01   -1.736252E+02    0.000000E+00    0.000000E+00    0.000000E+00    1.517888E+02   -2.629941E+02   -9.148422E+01    0.000000E+00    0.000000E+00    0.000000E+00
1.479500E+00   -4.154895E+01   -1.264372E+02   -1.822061E+02    0.000000E+00    0.000000E+00    0.000000E+00    2.397981E+02   -1.585989E+02    5.514883E+01    0.000000E+00    0.000000E+00    0.000000E+00
1.480500E+00   -9.552140E+01   -9.874628E+01   -1.837227E+02    0.000000E+00    0.000000E+00    0.000000E+00    2.185656E+02   -2.053657E+02   -3.626685E+00    0.000000E+00    0.000000E+00    0.000000E+00
1.481500E+00   -7.262038E+01   -1.015553E+02   -1.739615E+02    0.000000E+00    0.000000E+00    0.000000E+00    2.145383E+02   -1.778670E+02    1.403331E+01    0.000000E+00    0.000000E+00    0.000000E+00
1.482500E+00   -3.731293E+01   -1.279393E+02   -1.820016E+02    0.000000E+00    0.000000E+00    0.000000E+00    2.474420E+02   -1.497265E+02    5.346122E+01    0.000000E+00    0.000000E+00    0.000000E+00
1.483500E+00   -1.163272E+02   -9.268687E+01   -1.969514E+02    0.000000E+00    0.000000E+00    0.000000E+00    2.259225E+02   -2.279021E+02   -2.657019E+01    0.000000E+00    0.000000E+00    0.000000E+00
1.484500E+00   -7.774474E+01   -8.613163E+01   -1.546774E+02    0.000000E+00    0.000000E+00    0.000000E+00    1.907414E+02   -1.656302E+02   -3.986142E+00    0.000000E+00    0.000000E+00    0.000000E+00
1.485500E+00   -7.431114E+01   -9.647207E+01   -1.698803E+02    0.000000E+00    0.000000E+00    0.000000E+00    2.118487E+02   -1.712227E+02    4.002046E+00    0.000000E+00    0.000000E+00    0.000000E+00
1.486500E+00   -9.556248E+01   -9.198352E+01   -1.779891E+02    0.000000E+00    0.000000E+00    0.000000E+00    2.144390E+02   -1.935395E+02   -1.564313E+01    0.000000E+00    0.000000E+00    0.000000E+00
1.487500E+00   -5.005284E+01   -1.238886E+02   -1.729795E+02    0.000000E+00    0.000000E+00    0.000000E+00    2.403335E+02   -1.482742E+02    3.645661E+01    0.000000E+00    0.000000E+00    0.000000E+00
1.488500E+00   -4.281982E+01   -1.212431E+02   -1.898653E+02    0.000000E+00    0.000000E+00    0.000000E+00    2.518730E+02   -1.503228E+02    3.934147E+01    0.000000E+00    0.000000E+00    0.000000E+00
1.489500E+00   -7.541671E+01   -1.051171E+02   -1.649715E+02    0.000000E+00    0.000000E+00    0.000000E+00    2.168925E+02   -1.655277E+02    5.709551E+00    0.000000E+00    0.000000E+00    0.000000E+00
1.490500E+00   -3.813397E+01   -6.447156E+01   -1.094449E+02    0.000000E+00    0.000000E+00    0.000000E+00    1.412428E+02   -9.817515E+01    8.109661E+00    0.000000E+00    0.000000E+00    0.000000E+00
1.491500E+00   -1.078732E+02   -6.216161E+01   -1.646492E+02    0.000000E+00    0.000000E+00    0.000000E+00    1.825038E+02   -1.902475E+02   -4.814790E+01    0.000000E+00    0.000000E+00    0.000000E+00
1.492500E+00   -1.015247E+02   -6.261953E+01   -1.477830E+02    0.000000E+00    0.000000E+00    0.000000E+00    1.700188E+02   -1.745457E+02   -4.341274E+01    0.000000E+00    0.000000E+00    0.000000E+00
1.493500E+00   -1.384701E+02   -5.023689E+01   -1.500815E+02    0.000000E+00    0.000000E+00    0.000000E+00    1.618538E+02   -2.074325E+02   -8.056357E+01    0.000000E+00    0.000000E+00    0.000000E+00
1.494500E+00   -6.599658E+01   -8.538842E+01   -1.584323E+02    0.000000E+00    0.000000E+00    0.000000E+00    2.014545E+02   -1.451485E+02   -5.923840E+00    0.000000E+00    0.000000E+00    0.000000E+00
1.495500E+00   -1.203931E+02   -4.074733E+01   -1.463176E+02    0.000000E+00    0.000000E+00    0.000000E+00    1.518068E+02   -1.875436E+02   -7.289735E+01    0.000000E+00    0.000000E+00    0.000000E+00
1.496500E+00   -1.257453E+02   -7.934993E+01   -1.449053E+02    0.000000E+00    0.000000E+00    0.000000E+00    1.866755E+02   -1.883046E+02   -5.927959E+01    0.000000E+00    0.000000E+00    0.000000E+00
1.497500E+00   -1.336968E+02   -2.641784E+01   -1.649445E+02    0.000000E+00    0.000000E+00    0.000000E+00    1.573180E+02   -2.055746E+02   -9.445944E+01    0.000000E+00    0.000000E+00    0.000000E+00
1.498500E+00   -1.369181E+02   -7.257068E+01   -1.582659E+02    0.000000E+00    0.000000E+00    0.000000E+00    1.929100E+02   -2.025843E+02   -7.449394E+01    0.000000E+00    0.000000E+00    0.000000E+00
1.499500E+00   -8.937507E+01   -1.310359E+02   -2.148833E+02    0.000000E+00    0.000000E+00    0.000000E+00    2.921476E+02   -1.872668E+02   -7.525870E+00    0.000000E+00    0.000000E+00    0.000000E+00
1.500500E+00   -9.002576E+01   -8.026523E+01   -1.618590E+02    0.000000E+00    0.000000E+00    0.000000E+00    2.049607E+02   -1.599784E+02   -3.489271E+01    0.000000E+00    0.000000E+00    0.000000E+00
1.501500E+00   -3.627925E+01   -1.377993E+02   -2.054910E+02    0.000000E+00    0.000000E+00    0.000000E+00    2.934891E+02   -1.308386E+02    3.588252E+01    0.000000E+00    0.000000E+00    0.000000E+00
1.502500E+00   -7.991910E+01   -1.107442E+02   -1.732710E+02    0.000000E+00    0.000000E+00    0.000000E+00    2.424601E+02   -1.535160E+02   -1.392398E+01    0.000000E+00    0.000000E+00    0.000000E+00
1.503500E+00   -5.078689E+01   -1.295762E+02   -1.855798E+02    0.000000E+00    0.000000E+00    0.000000E+00    2.708944E+02   -1.313407E+02    1.748364E+01    0.000000E+00    0.000000E+00    0.000000E+00
1.504500E+00   -1.342177E+02   -6.757840E+01   -1.864292E+02    0.000000E+00    0.000000E+00    0.000000E+00    2.188260E+02   -2.035476E+02   -8.350000E+01    0.000000E+00    0.000000E+00    0.000000E+00
1.505500E+00   -1.277486E+02   -8.530978E+01   -1.772228E+02    0.000000E+00    0.000000E+00    0.000000E+00    2.258893E+02   -1.935372E+02   -7.030282E+01    0.000000E+00    0.000000E+00    0.000000E+00
1.506500E+00   -4.879156E+01   -1.278103E+02   -2.230919E+02    0.000000E+00    0.000000E+00    0.000000E+00    3.055262E+02   -1.410485E+02    1.335547E+01    0.000000E+00    0.000000E+00    0.000000E+00
1.507500E+00   -7.437811E+01   -1.327853E+02   -2.004622E+02    0.000000E+00    0.000000E+00    0.000000E+00    2.903551E+02   -1.503535E+02   -7.947408E+00    0.000000E+00    0.000000E+00    0.000000E+00
1.508500E+00   -8.968583E+01   -9.839022E+01   -1.883125E+02    0.000000E+00    0.000000E+00    0.000000E+00    2.511547E+02   -1.570103E+02   -3.756509E+01    0.000000E+00    0.000000E+00    0.000000E+00
1.509500E+00   -1.293674E+02   -8.047019E+01   -1.678778E+02    0.000000E+00    0.000000E+00    0.000000E+00    2.186185E+02   -1.817024E+02   -8.128930E+01    0.000000E+00    0.000000E+00    0.000000E+00
1.510500E+00   -1.047793E+02   -8.120771E+01   -1.851865E+02    0.000000E+00    0.000000E+00    0.000000E+00    2.356933E+02   -1.650013E+02   -6.105046E+01    0.000000E+00    0.000000E+00    0.000000E+00
1.511500E+00   -9.092423E+01   -1.109884E+02   -1.829665E+02    0.000000E+00    0.000000E+00    0.000000E+00    2.601055E+02   -1.500819E+02   -3.837891E+01    0.000000E+00    0.000000E+00    0.000000E+00
1.512500E+00   -1.337476E+02   -9.500103E+01   -2.245162E+02    0.000000E+00    0.000000E+00    0.000000E+00    2.834662E+02   -2.034519E+02   -8.297157E+01    0.000000E+00    0.000000E+00    0.000000E+00
1.513500E+00   -3.579514E+01   -1.530997E+02   -1.856018E+02    0.000000E+00    0.000000E+00    0.000000E+00    3.007073E+02   -9.795468E+01    2.278458E+01    0.000000E+00    0.000000E+00    0.000000E+00
1.514500E+00   -2.252777E+01   -1.260138E+02   -1.937557E+02    0.000000E+00    0.000000E+00    0.000000E+00    2.843880E+02   -9.045486E+01    2.543522E+01    0.000000E+00    0.000000E+00    0.000000E+00
1.515500E+00   -3.947138E+01   -1.234255E+02   -1.918688E+02    0.000000E+00    0.000000E+00    0.000000E+00    2.821571E+02   -1.005854E+02    6.703547E+00    0.000000E+00    0.000000E+00    0.000000E+00
1.516500E+00   -6.932324E+01   -1.297764E+02   -1.788409E+02    0.000000E+00    0.000000E+00    0.000000E+00    2.761960E+02   -1.209941E+02   -1.935964E+01    0.000000E+00    0.000000E+00    0.000000E+00
1.517500E+00   -6.285838E+01   -1.142685E+02   -1.901407E+02    0.000000E+00    0.000000E+00    0.000000E+00    2.744902E+02   -1.167826E+02   -2.059906E+01    0.000000E+00    0.000000E+00    0.000000E+00
1.518500E+00    3.399647E+00   -1.354119E+02   -1.785940E+02    0.000000E+00    0.000000E+00    0.000000E+00    2.826945E+02   -5.296001E+01    4.561265E+01    0.000000E+00    0.000000E+00    0.000000E+00
1.519500E+00   -7.049507E+01   -9.932105E+01   -1.778189E+02    0.000000E+00    0.000000E+00    0.000000E+00    2.519548E+02   -1.152864E+02   -3.549530E+01    0.000000E+00    0.000000E+00    0.000000E+00
1.520500E+00   -7.492147E+01   -1.223186E+02   -1.822360E+02    0.000000E+00    0.000000E+00    0.000000E+00    2.764218E+02   -1.188798E+02   -3.429573E+01    0.000000E+00    0.000000E+00    0.000000E+00
1.521500E+00   -6.583342E+01   -1.257527E+02   -1.868000E+02    0.000000E+00    0.000000E+00    0.000000E+00    2.847736E+02   -1.098094E+02   -2.685214E+01    0.000000E+00    0.000000E+00    0.000000E+00
1.522500E+00    6.760340E+00   -1.326641E+02   -1.834348E+02    0.000000E+00    0.000000E+00    0.000000E+00    2.878951E+02   -4.399493E+01    4.219412E+01    0.000000E+00    0.000000E+00    0.000000E+00
1.523500E+00   -4.006042E+01   -1.185340E+02   -1.761187E+02    0.000000E+00    0.000000E+00    0.000000E+00    2.696390E+02   -8.060902E+01   -7.071724E+00    0.000000E+00    0.000000E+00    0.000000E+00
1.524500E+00   -6.619425E+01   -1.155367E+02   -1.821447E+02    0.000000E+00    0.000000E+00    0.000000E+00    2.729690E+02   -1.037989E+02   -3.368970E+01    0.000000E+00    0.000000E+00    0.000000E+00
1.525500E+00   -2.957662E+01   -1.201235E+02   -1.814000E+02    0.000000E+00    0.000000E+00    0.000000E+00    2.771151E+02   -6.955170E+01    5.946575E-01    0.000000E+00    0.000000E+00    0.000000E+00
1.526500E+00   -5.299892E+01   -1.004250E+02   -1.598382E+02    0.000000E+00    0.000000E+00    0.000000E+00    2.404591E+02   -8.351633E+01   -2.749620E+01    0.000000E+00    0.000000E+00    0.000000E+00
1.527500E+00   -1.452371E+01   -1.259184E+02   -1.933790E+02    0.000000E+00    0.000000E+00    0.000000E+00    2.939387E+02   -5.634847E+01    1.430405E+01    0.000000E+00    0.000000E+00    0.000000E+00
1.528500E+00   -4.762548E+01   -1.372322E+02   -1.865439E+02    0.000000E+00    0.000000E+00    0.000000E+00    2.973277E+02   -8.269526E+01   -1.583751E+01    0.000000E+00    0.000000E+00    0.000000E+00
1.529500E+00    2.552255E+01   -1.404157E+02   -1.934792E+02    0.000000E+00    0.000000E+00    0.000000E+00    3.082334E+02   -1.677492E+01    5.256680E+01    0.000000E+00    0.000000E+00    0.000000E+00
1.530500E+00   -2.728580E+01   -1.321716E+02   -1.806321E+02    0.000000E+00    0.000000E+00    0.000000E+00    2.891112E+02   -5.854903E+01   -8.217807E-01    0.000000E+00    0.000000E+00    0.000000E+00
1.531500E+00   -5.910119E+01   -1.151641E+02   -1.809595E+02    0.000000E+00    0.000000E+00    0.000000E+00    2.756961E+02   -8.450512E+01   -3.639846E+01    0.000000E+00    0.000000E+00    0.000000E+00
1.532500E+00    6.990348E-01   -1.429734E+02   -2.072750E+02    0.000000E+00    0.000000E+00    0.000000E+00    3.249279E+02   -3.506764E+01    2.508925E+01    0.000000E+00    0.000000E+00    0.000000E+00
1.533500E+00   -3.038605E+01   -1.641199E+02   -2.020324E+02    0.000000E+00    0.000000E+00    0.000000E+00    3.385016E+02   -6.000459E+01   -2.826111E+00    0.000000E+00    0.000000E+00    0.000000E+00
1.534500E+00    4.802938E+01   -1.251237E+02   -1.941517E+02    0.000000E+00    0.000000E+00    0.000000E+00    2.979508E+02    1.221155E+01    6.560551E+01    0.000000E+00    0.000000E+00    0.000000E+00
1.535500E+00    7.198641E+00   -1.509744E+02   -1.821975E+02    0.000000E+00    0.000000E+00    0.000000E+00    3.086757E+02   -1.990537E+01    2.831279E+01    0.000000E+00    0.000000E+00    0.000000E+00
1.536500E+00   -4.871884E+00   -1.242069E+02   -1.620545E+02    0.000000E+00    0.000000E+00    0.000000E+00    2.667297E+02   -2.624878E+01    1.150056E+01    0.000000E+00    0.000000E+00    0.000000E+00
1.537500E+00   -3.023560E+00   -1.063136E+02   -1.578941E+02    0.000000E+00    0.000000E+00    0.000000E+00    2.469511E+02   -2.371327E+01    1.091518E+01    0.000000E+00    0.000000E+00    0.000000E+00
1.538500E+00    3.111697E+00   -1.496969E+02   -1.925506E+02    0.000000E+00    0.000000E+00    0.000000E+00    3.184089E+02   -2.025870E+01    2.035720E+01    0.000000E+00    0.000000E+00    0.000000E+00
1.539500E+00    5.866346E+00   -1.255689E+02   -1.914294E+02    0.000000E+00    0.000000E+00    0.000000E+00    2.967700E+02   -1.609506E+01    1.949164E+01    0.000000E+00    0.000000E+00    0.000000E+00
1.540500E+00    1.211438E+01   -1.275086E+02   -1.503174E+02    0.000000E+00    0.000000E+00    0.000000E+00    2.588371E+02   -3.857351E+00    2.430598E+01    0.000000E+00    0.000000E+00    0.000000E+00
1.541500E+00   -4.621053E+01   -1.191188E+02   -1.883047E+02    0.000000E+00    0.000000E+00    0.000000E+00    2.892876E+02   -5.826648E+01   -3.430051E+01    0.000000E+00    0.000000E+00    0.000000E+00
1.542500E+00   -4.113946E+01   -1.129491E+02   -1.517961E+02    0.000000E+00    0.000000E+00    0.000000E+00    2.481359E+02   -4.956640E+01   -3.113307E+01    0.000000E+00    0.000000E+00    0.000000E+00
1.543500E+00   -3.328281E+01   -1.186006E+02   -1.696107E+02    0.000000E+00    0.000000E+00    0.000000E+00    2.711933E+02   -4.148513E+01   -2.473787E+01    0.000000E+00    0.000000E+00    0.000000E+00
1.544500E+00   -6.190127E+01   -1.090409E+02   -1.768308E+02    0.000000E+00    0.000000E+00    0.000000E+00    2.697406E+02   -6.578755E+01   -5.404703E+01    0.000000E+00    0.000000E+00    0.000000E+00
1.545500E+00   -7.872812E+01   -1.161638E+02   -1.335934E+02    0.000000E+00    0.000000E+00    0.000000E+00    2.339031E+02   -7.740066E+01   -7.100784E+01    0.000000E+00    0.000000E+00    0.000000E+00
1.546500E+00   -2.475438E+01   -1.144691E+02   -1.848883E+02    0.000000E+00    0.000000E+00    0.000000E+00    2.839105E+02   -2.746825E+01   -2.113592E+01    0.000000E+00    0.000000E+00    0.000000E+00
1.547500E+00   -3.623335E+01   -1.192412E+02   -1.749885E+02    0.000000E+00    0.000000E+00    0.000000E+00    2.772100E+02   -3.793353E+01   -3.150073E+01    0.000000E+00    0.000000E+00    0.000000E+00
1.548500E+00   -1.977386E+01   -1.359541E+02   -1.719758E+02    0.000000E+00    0.000000E+00    0.000000E+00    2.894163E+02   -2.099469E+01   -1.702955E+01    0.000000E+00    0.000000E+00    0.000000E+00
1.549500E+00    2.884137E+01   -1.344464E+02   -1.942012E+02    0.000000E+00    0.000000E+00    0.000000E+00    3.100987E+02    2.444715E+01    2.903088E+01    0.000000E+00    0.000000E+00    0.000000E+00
1.550500E+00   -5.373382E+01   -1.112068E+02   -1.633667E+02    0.000000E+00    0.000000E+00    0.000000E+00    2.593588E+02   -4.898523E+01   -5.220261E+01    0.000000E+00    0.000000E+00    0.000000E+00
1.551500E+00   -1.891373E+01   -1.690533E+02   -1.951186E+02    0.000000E+00    0.000000E+00    0.000000E+00    3.414407E+02   -1.495214E+01   -2.080603E+01    0.000000E+00    0.000000E+00    0.000000E+00
1.552500E+00   -2.281786E+01   -1.606815E+02   -2.617822E+02    0.000000E+00    0.000000E+00    0.000000E+00    4.004392E+02   -1.411338E+01   -2.647870E+01    0.000000E+00    0.000000E+00    0.000000E+00
1.553500E+00   -5.615362E+01   -1.455451E+02   -1.824529E+02    0.000000E+00    0.000000E+00    0.000000E+00    3.088303E+02   -4.420802E+01   -6.010271E+01    0.000000E+00    0.000000E+00    0.000000E+00
1.554500E+00    9.091223E+01   -1.504943E+02   -1.950134E+02    0.000000E+00    0.000000E+00    0.000000E+00    3.251824E+02    9.089335E+01    8.184265E+01    0.000000E+00    0.000000E+00    0.000000E+00
1.555500E+00   -2.673487E+01   -1.216090E+02   -1.753365E+02    0.000000E+00    0.000000E+00    0.000000E+00    2.810112E+02   -1.436689E+01   -3.260738E+01    0.000000E+00    0.000000E+00    0.000000E+00
1.556500E+00    1.390392E+01   -1.562860E+02   -2.188201E+02    0.000000E+00    0.000000E+00    0.000000E+00    3.537084E+02    2.472084E+01    4.761547E+00    0.000000E+00    0.000000E+00    0.000000E+00
1.557500E+00   -2.734349E+01   -1.348554E+02   -2.013123E+02    0.000000E+00    0.000000E+00    0.000000E+00    3.180209E+02   -1.132370E+01   -3.602220E+01    0.000000E+00    0.000000E+00    0.000000E+00
1.558500E+00    2.433198E+01   -1.573635E+02   -1.912230E+02    0.000000E+00    0.000000E+00    0.000000E+00    3.280369E+02    3.768715E+01    1.026620E+01    0.000000E+00    0.000000E+00    0.000000E+00
1.559500E+00   -3.808729E+01   -1.165923E+02   -1.724709E+02    0.000000E+00    0.000000E+00    0.000000E+00    2.743293E+02   -1.769663E+01   -4.861036E+01    0.000000E+00    0.000000E+00    0.000000E+00
1.560500E+00    4.683102E+01   -1.417344E+02   -1.794222E+02    0.000000E+00    0.000000E+00    0.000000E+00    3.025452E+02    6.189673E+01    2.991218E+01    0.000000E+00    0.000000E+00    0.000000E+00
1.561500E+00   -3.790490E+01   -1.014988E+02   -1.490888E+02    0.000000E+00    0.000000E+00    0.000000E+00    2.380340E+02   -1.659439E+01   -4.920213E+01    0.000000E+00    0.000000E+00    0.000000E+00
1.562500E+00    6.372107E+00   -1.226414E+02   -1.723013E+02    0.000000E+00    0.000000E+00    0.000000E+00    2.788790E+02    2.800419E+01   -9.618105E+00    0.000000E+00    0.000000E+00    0.000000E+00
1.563500E+00   -2.913185E+01   -1.311411E+02   -1.745846E+02    0.000000E+00    0.000000E+00    0.000000E+00    2.887254E+02   -2.160854E+00   -4.642478E+01    0.000000E+00    0.000000E+00    0.000000E+00
1.564500E+00   -8.638639E+01   -1.326260E+02   -1.790159E+02    0.000000E+00    0.000000E+00    0.000000E+00    2.946998E+02   -5.273631E+01   -1.032227E+02    0.000000E+00    0.000000E+00    0.000000E+00
1.565500E+00    1.295510E+01   -1.108353E+02   -1.724843E+02    0.000000E+00    0.000000E+00    0.000000E+00    2.682709E+02    3.874577E+01   -5.003074E+00    0.000000E+00    0.000000E+00    0.000000E+00
1.566500E+00   -1.137326E+02   -1.569559E+02   -1.736096E+02    0.000000E+00    0.000000E+00    0.000000E+00    3.112054E+02   -7.446570E+01   -1.365610E+02    0.000000E+00    0.000000E+00    0.000000E+00
1.567500E+00   -1.632179E+01   -1.221989E+02   -1.783847E+02    0.000000E+00    0.000000E+00    0.000000E+00    2.843450E+02    1.633859E+01   -3.762298E+01    0.000000E+00    0.000000E+00    0.000000E+00
1.568500E+00    4.539587E+01   -1.313972E+02   -1.796760E+02    0.000000E+00    0.000000E+00    0.000000E+00    2.932631E+02    7.505707E+01    1.904638E+01    0.000000E+00    0.000000E+00    0.000000E+00
1.569500E+00   -8.719926E+01   -1.528659E+02   -1.862418E+02    0.000000E+00    0.000000E+00    0.000000E+00    3.195071E+02   -4.333707E+01   -1.139274E+02    0.000000E+00    0.000000E+00    0.000000E+00
1.570500E+00    1.865695E+01   -1.213119E+02   -1.902355E+02    0.000000E+00    0.000000E+00    0.000000E+00    2.940738E+02    5.677075E+01   -7.649770E+00    0.000000E+00    0.000000E+00    0.000000E+00
1.571500E+00   -6.316482E+01   -1.599522E+02   -1.848209E+02    0.000000E+00    0.000000E+00    0.000000E+00    3.237964E+02   -1.854198E+01   -9.530749E+01    0.000000E+00    0.000000E+00    0.000000E+00
1.572500E+00   -2.080388E+01   -1.470585E+02   -2.027794E+02    0.000000E+00    0.000000E+00    0.000000E+00    3.291377E+02    2.762628E+01   -5.416524E+01    0.000000E+00    0.000000E+00    0.000000E+00
1.573500E+00   -2.944127E+01   -1.439338E+02   -1.892062E+02    0.000000E+00    0.000000E+00    0.000000E+00    3.129715E+02    1.963761E+01   -6.375399E+01    0.000000E+00    0.000000E+00    0.000000E+00
1.574500E+00    1.127991E+01   -1.493946E+02   -1.817431E+02    0.000000E+00    0.000000E+00    0.000000E+00    3.102010E+02    5.737753E+01   -2.802948E+01    0.000000E+00    0.000000E+00    0.000000E+00
1.575500E+00    5.547735E+01   -1.251974E+02   -2.024383E+02    0.000000E+00    0.000000E+00    0.000000E+00    3.080304E+02    1.041458E+02    1.985506E+01    0.000000E+00    0.000000E+00    0.000000E+00
1.576500E+00   -6.477836E+01   -1.758091E+02   -1.871354E+02    0.000000E+00    0.000000E+00    0.000000E+00    3.388327E+02   -5.900023E+00   -1.114934E+02    0.000000E+00    0.000000E+00    0.000000E+00
1.577500E+00    9.267621E+01   -1.194909E+02   -2.102821E+02    0.000000E+00    0.000000E+00    0.000000E+00    3.092091E+02    1.442624E+02    5.386089E+01    0.000000E+00    0.000000E+00    0.000000E+00
1.578500E+00    1.152936E+01   -1.277723E+02   -1.761143E+02    0.000000E+00    0.000000E+00    0.000000E+00    2.837322E+02    6.438867E+01   -2.762155E+01    0.000000E+00    0.000000E+00    0.000000E+00
1.579500E+00    6.609727E+01   -1.221030E+02   -1.843690E+02    0.000000E+00    0.000000E+00    0.000000E+00    2.859960E+02    1.133027E+02    2.710564E+01    0.000000E+00    0.000000E+00    0.000000E+00
1.580500E+00   -5.858103E+00   -1.454089E+02   -1.778372E+02    0.000000E+00    0.000000E+00    0.000000E+00    3.003658E+02    5.206384E+01   -5.250319E+01    0.000000E+00    0.000000E+00    0.000000E+00
1.581500E+00    5.468699E+01   -1.201552E+02   -1.893666E+02    0.000000E+00    0.000000E+00    0.000000E+00    2.882922E+02    1.114915E+02    1.239361E+01    0.000000E+00    0.000000E+00    0.000000E+00
1.582500E+00   -4.381144E+01   -1.530348E+02   -1.854692E+02    0.000000E+00    0.000000E+00    0.000000E+00    3.139830E+02    2.399727E+01   -9.359245E+01    0.000000E+00    0.000000E+00    0.000000E+00
1.583500E+00    2.830673E+01   -1.207970E+02   -1.801369E+02    0.000000E+00    0.000000E+00    0.000000E+00    2.793473E+02    8.836908E+01   -1.569053E+01    0.000000E+00    0.000000E+00    0.000000E+00
1.584500E+00    1.484918E+01   -1.167750E+02   -1.482035E+02    0.000000E+00    0.000000E+00    0.000000E+00    2.451644E+02    6.704546E+01   -2.843936E+01    0.000000E+00    0.000000E+00    0.000000E+00
1.585500E+00   -1.461127E+00   -1.413805E+02   -1.964040E+02    0.000000E+00    0.000000E+00    0.000000E+00    3.123949E+02    7.070730E+01   -5.337141E+01    0.000000E+00    0.000000E+00    0.000000E+00
1.586500E+00   -1.933868E+01   -1.496057E+02   -1.815828E+02    0.000000E+00    0.000000E+00    0.000000E+00    3.049096E+02    5.361337E+01   -7.636130E+01    0.000000E+00    0.000000E+00    0.000000E+00
1.587500E+00    1.025600E+01   -1.374740E+02   -1.825202E+02    0.000000E+00    0.000000E+00    0.000000E+00    2.945505E+02    8.026886E+01   -4.438013E+01    0.000000E+00    0.000000E+00    0.000000E+00
1.588500E+00    7.818116E+00   -1.581978E+02   -1.856713E+02    0.000000E+00    0.000000E+00    0.000000E+00    3.153214E+02    8.241198E+01   -5.709213E+01    0.000000E+00    0.000000E+00    0.000000E+00
1.589500E+00    8.172794E+01   -1.033457E+02   -1.869498E+02    0.000000E+00    0.000000E+00    0.000000E+00    2.665878E+02    1.508292E+02    3.268931E+01    0.000000E+00    0.000000E+00    0.000000E+00
1.590500E+00   -7.083550E+01   -1.898359E+02   -1.963539E+02    0.000000E+00    0.000000E+00    0.000000E+00    3.531878E+02    1.989791E+01   -1.460273E+02    0.000000E+00    0.000000E+00    0.000000E+00
1.591500E+00   -4.258523E+01   -1.629305E+02   -1.833001E+02    0.000000E+00    0.000000E+00    0.000000E+00    3.157961E+02    4.292086E+01   -1.114018E+02    0.000000E+00    0.000000E+00    0.000000E+00
1.592500E+00    1.180973E+00   -1.418322E+02   -1.953718E+02    0.000000E+00    0.000000E+00    0.000000E+00    3.070374E+02    8.956034E+01   -6.311113E+01    0.000000E+00    0.000000E+00    0.000000E+00
1.593500E+00    1.193218E+02   -1.303031E+02   -1.914821E+02    0.000000E+00    0.000000E+00    0.000000E+00    2.910693E+02    1.960139E+02    4.795502E+01    0.000000E+00    0.000000E+00    0.000000E+00
1.594500E+00    2.128458E+01   -1.587066E+02   -2.162898E+02    0.000000E+00    0.000000E+00    0.000000E+00    3.392456E+02    1.211712E+02   -5.542971E+01    0.000000E+00    0.000000E+00    0.000000E+00
1.595500E+00   -1.251041E+01   -1.689156E+02   -1.964300E+02    0.000000E+00    0.000000E+00    0.000000E+00    3.298121E+02    8.408058E+01   -9.300275E+01    0.000000E+00    0.000000E+00    0.000000E+00
1.596500E+00    6.878897E+01   -1.280469E+02   -1.800423E+02    0.000000E+00    0.000000E+00    0.000000E+00    2.769369E+02    1.508848E+02   -2.053614E+00    0.000000E+00    0.000000E+00    0.000000E+00
1.597500E+00    5.572764E+01   -1.233335E+02   -2.083911E+02    0.000000E+00    0.000000E+00    0.000000E+00    2.979256E+02    1.532053E+02   -1.125974E+01    0.000000E+00    0.000000E+00    0.000000E+00
1.598500E+00    8.499878E+01   -1.149732E+02   -1.866623E+02    0.000000E+00    0.000000E+00    0.000000E+00    2.682255E+02    1.743823E+02    1.481465E+01    0.000000E+00    0.000000E+00    0.000000E+00
1.599500E+00    2.258773E+01   -7.297445E+01   -9.968755E+01    0.000000E+00    0.000000E+00    0.000000E+00    1.542479E+02    7.387369E+01   -1.853876E+01    0.000000E+00    0.000000E+00    0.000000E+00
1.600500E+00    9.546793E+01   -1.142497E+02   -2.127055E+02    0.000000E+00    0.000000E+00    0.000000E+00    2.884545E+02    2.015071E+02    2.157351E+01    0.000000E+00    0.000000E+00    0.000000E+00
1.601500E+00   -1.112206E+01   -1.407699E+02   -1.611356E+02    0.000000E+00    0.000000E+00    0.000000E+00    2.676567E+02    7.917521E+01   -8.691966E+01    0.000000E+00    0.000000E+00    0.000000E+00
1.602500E+00    3.954441E+01   -1.380177E+02   -1.957665E+02    0.000000E+00    0.000000E+00    0.000000E+00    2.939508E+02    1.457442E+02   -4.346690E+01    0.000000E+00    0.000000E+00    0.000000E+00
1.603500E+00    9.083648E+01   -1.164226E+02   -1.883154E+02    0.000000E+00    0.000000E+00    0.000000E+00    2.664888E+02    1.897204E+02    1.120738E+01    0.000000E+00    0.000000E+00    0.000000E+00
1.604500E+00    1.126897E+01   -1.466584E+02   -2.054563E+02    0.000000E+00    0.000000E+00    0.000000E+00    3.084376E+02    1.305239E+02   -7.564537E+01    0.000000E+00    0.000000E+00    0.000000E+00
1.605500E+00    3.050170E+01   -1.593366E+02   -1.884822E+02    0.000000E+00    0.000000E+00    0.000000E+00    3.053074E+02    1.362960E+02   -6.644385E+01    0.000000E+00    0.000000E+00    0.000000E+00
1.606500E+00    1.760277E+01   -1.472523E+02   -1.936331E+02    0.000000E+00    0.000000E+00    0.000000E+00    2.965436E+02    1.333745E+02   -7.460749E+01    0.000000E+00    0.000000E+00    0.000000E+00
1.607500E+00    1.056748E+01   -1.715681E+02   -1.941185E+02    0.000000E+00    0.000000E+00    0.000000E+00    3.187845E+02    1.269029E+02   -9.494437E+01    0.000000E+00    0.000000E+00    0.000000E+00
1.608500E+00    6.850716E+01   -1.287627E+02   -1.930236E+02    0.000000E+00    0.000000E+00    0.000000E+00    2.764643E+02    1.830095E+02   -2.412642E+01    0.000000E+00    0.000000E+00    0.000000E+00
1.609500E+00    9.109575E+01   -1.300084E+02   -2.082603E+02    0.000000E+00    0.000000E+00    0.000000E+00    2.890219E+02    2.144989E+02   -7.435307E+00    0.000000E+00    0.000000E+00    0.000000E+00
1.610500E+00    1.177649E+02   -1.192377E+02   -1.997565E+02    0.000000E+00    0.000000E+00    0.000000E+00    2.705048E+02    2.358035E+02    1.880184E+01    0.000000E+00    0.000000E+00    0.000000E+00
1.611500E+00    8.892219E+01   -1.121422E+02   -1.925847E+02    0.000000E+00    0.000000E+00    0.000000E+00    2.575513E+02    2.067541E+02   -1.543571E+00    0.000000E+00    0.000000E+00    0.000000E+00
1.612500E+00    9.579825E+01   -1.167832E+02   -1.950619E+02    0.000000E+00    0.000000E+00    0.000000E+00    2.624447E+02    2.164184E+02   -8.668751E-01    0.000000E+00    0.000000E+00    0.000000E+00
1.613500E+00    1.383777E+02   -8.816798E+01   -1.864277E+02    0.000000E+00    0.000000E+00    0.000000E+00    2.281613E+02    2.508031E+02    5.040092E+01    0.000000E+00    0.000000E+00    0.000000E+00
1.614500E+00    7.486916E+01   -1.294677E+02   -1.996930E+02    0.000000E+00    0.000000E+00    0.000000E+00    2.765196E+02    2.026462E+02   -2.795365E+01    0.000000E+00    0.000000E+00    0.000000E+00
1.615500E+00    1.242379E+02   -9.808489E+01   -1.989949E+02    0.000000E+00    0.000000E+00    0.000000E+00    2.443176E+02    2.506318E+02    2.901186E+01    0.000000E+00    0.000000E+00    0.000000E+00
1.616500E+00    1.466433E+02   -1.219471E+02   -2.308771E+02    0.000000E+00    0.000000E+00    0.000000E+00    2.905603E+02    2.924948E+02    2.994339E+01    0.000000E+00    0.000000E+00    0.000000E+00
1.617500E+00    7.131270E+01   -7.100635E+01   -1.435579E+02    0.000000E+00    0.000000E+00    0.000000E+00    1.763841E+02    1.653686E+02    5.402763E+00    0.000000E+00    0.000000E+00    0.000000E+00
1.618500E+00    1.434802E+02   -1.138933E+02   -2.328138E+02    0.000000E+00    0.000000E+00    0.000000E+00    2.812152E+02    2.957472E+02    2.823463E+01    0.000000E+00    0.000000E+00    0.000000E+00
1.619500E+00    1.113398E+02   -1.048169E+02   -2.073818E+02    0.000000E+00    0.000000E+00    0.000000E+00    2.531532E+02    2.494130E+02    9.584421E+00    0.000000E+00    0.000000E+00    0.000000E+00
1.620500E+00    1.491198E+02   -6.620383E+01   -1.944501E+02    0.000000E+00    0.000000E+00    0.000000E+00    2.047994E+02    2.787121E+02    6.245487E+01    0.000000E+00    0.000000E+00    0.000000E+00
1.621500E+00    7.930871E+01   -7.790924E+01   -1.407423E+02    0.000000E+00    0.000000E+00    0.000000E+00    1.763099E+02    1.764562E+02    1.647607E+00    0.000000E+00    0.000000E+00    0.000000E+00
1.622500E+00    9.479036E+01   -7.260433E+01   -1.695688E+02    0.000000E+00    0.000000E+00    0.000000E+00    1.914163E+02    2.132137E+02    1.536476E+01    0.000000E+00    0.000000E+00    0.000000E+00
1.623500E+00    1.347793E+02   -6.072170E+01   -1.623007E+02    0.000000E+00    0.000000E+00    0.000000E+00    1.736730E+02    2.450812E+02    5.226799E+01    0.000000E+00    0.000000E+00    0.000000E+00
1.624500E+00    1.775977E+02   -3.514274E+01   -1.817906E+02    0.000000E+00    0.000000E+00    0.000000E+00    1.637481E+02    2.990116E+02    1.020649E+02    0.000000E+00    0.000000E+00    0.000000E+00
1.625500E+00    1.256946E+01   -2.956078E+01   -5.320722E+01    0.000000E+00    0.000000E+00    0.000000E+00    6.689517E+01    5.292155E+01   -1.330256E+01    0.000000E+00    0.000000E+00    0.000000E+00
1.626500E+00    9.331194E+01   -1.095583E+02   -1.805739E+02    0.000000E+00    0.000000E+00    0.000000E+00    2.302578E+02    2.230174E+02   -1.708709E+01    0.000000E+00    0.000000E+00    0.000000E+00
1.627500E+00    6.812992E+01   -6.444225E+01   -1.260803E+02    0.000000E+00    0.000000E+00    0.000000E+00    1.491752E+02    1.597040E+02   -1.603326E+00    0.000000E+00    0.000000E+00    0.000000E+00
1.628500E+00    9.687696E+01   -6.341937E+01   -1.485049E+02    0.000000E+00    0.000000E+00    0.000000E+00    1.621432E+02    2.054699E+02    1.786224E+01    0.000000E+00    0.000000E+00    0.000000E+00
1.629500E+00    1.338395E+02   -2.420170E+01   -1.312177E+02    0.000000E+00    0.000000E+00    0.000000E+00    1.134724E+02    2.256495E+02    7.384183E+01    0.000000E+00    0.000000E+00    0.000000E+00
1.630500E+00    5.346105E+01   -9.291643E+01   -1.447170E+02    0.000000E+00    0.000000E+00    0.000000E+00    1.860007E+02    1.639862E+02   -3.669699E+01    0.000000E+00    0.000000E+00    0.000000E+00
1.631500E+00    9.720264E+01   -6.634274E+01   -1.419372E+02    0.000000E+00    0.000000E+00    0.000000E+00    1.580505E+02    2.026125E+02    1.292545E+01    0.000000E+00    0.000000E+00    0.000000E+00
1.632500E+00    9.472651E+01   -6.893312E+01   -1.313298E+02    0.000000E+00    0.000000E+00    0.000000E+00    1.528886E+02    1.930327E+02    8.234924E+00    0.000000E+00    0.000000E+00    0.000000E+00
1.633500E+00    6.743062E+01   -8.632620E+01   -1.553905E+02    0.000000E+00    0.000000E+00    0.000000E+00    1.847222E+02    1.869790E+02   -2.390869E+01    0.000000E+00    0.000000E+00    0.000000E+00
1.634500E+00    1.011904E+02   -6.073136E+01   -1.315292E+02    0.000000E+00    0.000000E+00    0.000000E+00    1.441912E+02    1.997197E+02    1.791261E+01    0.000000E+00    0.000000E+00    0.000000E+00
1.635500E+00    9.904460E+01   -7.116546E+01   -1.521123E+02    0.000000E+00    0.000000E+00    0.000000E+00    1.646285E+02    2.168817E+02    5.528193E+00    0.000000E+00    0.000000E+00    0.000000E+00
1.636500E+00    8.628437E+01   -6.647768E+01   -1.652988E+02    0.000000E+00    0.000000E+00    0.000000E+00    1.691363E+02    2.151251E+02    1.629811E+00    0.000000E+00    0.000000E+00    0.000000E+00
1.637500E+00    1.071063E+02   -7.407480E+01   -1.290917E+02    0.000000E+00    0.000000E+00    0.000000E+00    1.518647E+02    2.056741E+02    7.358987E+00    0.000000E+00    0.000000E+00    0.000000E+00
1.638500E+00    1.241985E+02   -1.479017E+01   -1.586914E+02    0.000000E+00    0.000000E+00    0.000000E+00    1.139550E+02    2.471231E+02    6.582431E+01    0.000000E+00    0.000000E+00    0.000000E+00
1.639500E+00    1.081853E+02   -8.135730E+01   -1.567433E+02    0.000000E+00    0.000000E+00    0.000000E+00    1.733405E+02    2.316043E+02   -7.848210E-01    0.000000E+00    0.000000E+00    0.000000E+00
1.640500E+00    8.793455E+01   -1.132267E+02   -1.761111E+02    0.000000E+00    0.000000E+00    0.000000E+00    2.149616E+02    2.290740E+02   -4.015559E+01    0.000000E+00    0.000000E+00    0.000000E+00
1.641500E+00    1.427682E+02   -2.656199E+01   -1.771649E+02    0.000000E+00    0.000000E+00    0.000000E+00    1.305724E+02    2.845860E+02    6.241450E+01    0.000000E+00    0.000000E+00    0.000000E+00
1.642500E+00    1.406355E+02   -4.932226E+01   -1.723652E+02    0.000000E+00    0.000000E+00    0.000000E+00    1.499856E+02    2.761663E+02    4.356626E+01    0.000000E+00    0.000000E+00    0.000000E+00
1.643500E+00    9.747489E+01   -6.632797E+01   -1.509953E+02    0.000000E+00    0.000000E+00    0.000000E+00    1.543564E+02    2.173801E+02    3.512076E+00    0.000000E+00    0.000000E+00    0.000000E+00
1.644500E+00    1.524673E+02   -1.057604E+01   -1.613106E+02    0.000000E+00    0.000000E+00    0.000000E+00    1.034766E+02    2.811585E+02    7.942025E+01    0.000000E+00    0.000000E+00    0.000000E+00
1.645500E+00    9.749079E+01   -1.070116E+02   -1.763783E+02    0.000000E+00    0.000000E+00    0.000000E+00    2.049685E+02    2.408807E+02   -3.344247E+01    0.000000E+00    0.000000E+00    0.000000E+00
1.646500E+00    1.521426E+02   -1.409171E+00   -1.534958E+02    0.000000E+00    0.000000E+00    0.000000E+00    8.795615E+01    2.755160E+02    8.515236E+01    0.000000E+00    0.000000E+00    0.000000E+00
1.647500E+00    1.193598E+02   -5.455305E+01   -1.568439E+02    0.000000E+00    0.000000E+00    0.000000E+00    1.414139E+02    2.464876E+02    2.187482E+01    0.000000E+00    0.000000E+00    0.000000E+00
1.648500E+00    7.015126E+01   -4.832433E+01   -9.534663E+01    0.000000E+00    0.000000E+00    0.000000E+00    1.008297E+02    1.475718E+02   -1.242882E+00    0.000000E+00    0.000000E+00    0.000000E+00
1.649500E+00    7.715744E+01   -5.268353E+01   -1.294457E+02    0.000000E+00    0.000000E+00    0.000000E+00    1.229371E+02    1.846923E+02   -2.291281E+00    0.000000E+00    0.000000E+00    0.000000E+00
1.650500E+00    6.009519E+01   -7.762856E+01   -1.000195E+02    0.000000E+00    0.000000E+00    0.000000E+00    1.313373E+02    1.419208E+02   -3.240361E+01    0.000000E+00    0.000000E+00    0.000000E+00
1.651500E+00    7.522709E+01   -8.349438E+01   -1.432652E+02    0.000000E+00    0.000000E+00    0.000000E+00    1.589342E+02    1.954059E+02   -3.105589E+01    0.000000E+00    0.000000E+00    0.000000E+00
1.652500E+00    1.225931E+02    3.230676E+01   -1.168321E+02    0.000000E+00    0.000000E+00    0.000000E+00    3.105542E+01    2.194376E+02    9.336486E+01    0.000000E+00    0.000000E+00    0.000000E+00
1.653500E+00    8.402367E+01   -8.484833E+01   -1.237534E+02    0.000000E+00    0.000000E+00    0.000000E+00    1.474721E+02    1.876240E+02   -2.896391E+01    0.000000E+00    0.000000E+00    0.000000E+00
1.654500E+00    9.912831E+01   -5.254922E+01   -1.540970E+02    0.000000E+00    0.000000E+00    0.000000E+00    1.311268E+02    2.301020E+02    5.683331E+00    0.000000E+00    0.000000E+00    0.000000E+00
1.655500E+00    6.104250E+01   -4.678797E+01   -8.171888E+01    0.000000E+00    0.000000E+00    0.000000E+00    8.751021E+01    1.299637E+02   -9.546426E+00    0.000000E+00    0.000000E+00    0.000000E+00
1.656500E+00    1.205959E+02   -1.060055E+02   -1.872951E+02    0.000000E+00    0.000000E+00    0.000000E+00    1.981364E+02    2.799571E+02   -3.148279E+01    0.000000E+00    0.000000E+00    0.000000E+00
1.657500E+00    5.682474E+01   -7.811834E+00   -7.246411E+01    0.000000E+00    0.000000E+00    0.000000E+00    4.516363E+01    1.186084E+02    2.217055E+01    0.000000E+00    0.000000E+00    0.000000E+00
1.658500E+00    7.946664E+01   -5.728460E+01   -1.057161E+02    0.000000E+00    0.000000E+00    0.000000E+00    1.079101E+02    1.698953E+02   -1.127494E+01    0.000000E+00    0.000000E+00    0.000000E+00
1.659500E+00    1.000615E+02   -3.737649E+01   -1.436314E+02    0.000000E+00    0.000000E+00    0.000000E+00    1.063732E+02    2.244827E+02    1.550080E+01    0.000000E+00    0.000000E+00    0.000000E+00
1.660500E+00    1.206348E+02   -1.903231E+01   -1.473231E+02    0.000000E+00    0.000000E+00    0.000000E+00    8.859972E+01    2.479794E+02    4.067319E+01    0.000000E+00    0.000000E+00    0.000000E+00
1.661500E+00    8.924946E+01   -1.430114E+02   -1.679282E+02    0.000000E+00    0.000000E+00    0.000000E+00    2.184089E+02    2.355918E+02   -8.527953E+01    0.000000E+00    0.000000E+00    0.000000E+00
1.662500E+00    1.111634E+02   -2.226958E+01   -1.364318E+02    0.000000E+00    0.000000E+00    0.000000E+00    8.470090E+01    2.299703E+02    3.114374E+01    0.000000E+00    0.000000E+00    0.000000E+00
1.663500E+00    1.161792E+02   -1.134568E+01   -1.297956E+02    0.000000E+00    0.000000E+00    0.000000E+00    7.097206E+01    2.283586E+02    4.391319E+01    0.000000E+00    0.000000E+00    0.000000E+00
1.664500E+00    1.394682E+02   -1.417029E+01   -1.671145E+02    0.000000E+00    0.000000E+00    0.000000E+00    8.915973E+01    2.852512E+02    5.069061E+01    0.000000E+00    0.000000E+00    0.000000E+00
1.665500E+00    1.177394E+02   -1.197855E+01   -1.303150E+02    0.000000E+00    0.000000E+00    0.000000E+00    7.074013E+01    2.305088E+02    4.289084E+01    0.000000E+00    0.000000E+00    0.000000E+00
1.666500E+00    1.028372E+02   -4.669061E+01   -1.520976E+02    0.000000E+00    0.000000E+00    0.000000E+00    1.137306E+02    2.368539E+02    3.965418E+00    0.000000E+00    0.000000E+00    0.000000E+00
1.667500E+00    1.126045E+02   -5.778464E+01   -1.543851E+02    0.000000E+00    0.000000E+00    0.000000E+00    1.262507E+02    2.470773E+02   -1.000796E+00    0.000000E+00    0.000000E+00    0.000000E+00
1.668500E+00    8.865147E+01   -8.049330E+01   -1.407169E+02    0.000000E+00    0.000000E+00    0.000000E+00    1.401571E+02    2.128050E+02   -3.391582E+01    0.000000E+00    0.000000E+00    0.000000E+00
1.669500E+00    8.932719E+01   -1.046925E+02   -1.464292E+02    0.000000E+00    0.000000E+00    0.000000E+00    1.647136E+02    2.185428E+02   -5.647035E+01    0.000000E+00    0.000000E+00    0.000000E+00
1.670500E+00    1.195487E+02   -1.956640E+01   -1.518420E+02    0.000000E+00    0.000000E+00    0.000000E+00    8.401299E+01    2.533961E+02    3.337574E+01    0.000000E+00    0.000000E+00    0.000000E+00
1.671500E+00    8.292805E+01   -1.178870E+02   -1.331517E+02    0.000000E+00    0.000000E+00    0.000000E+00    1.697378E+02    2.009508E+02   -7.290679E+01    0.000000E+00    0.000000E+00    0.000000E+00
1.672500E+00    1.134483E+02   -4.970581E+01   -1.596970E+02    0.000000E+00    0.000000E+00    0.000000E+00    1.141423E+02    2.554770E+02    1.171959E+00    0.000000E+00    0.000000E+00    0.000000E+00
1.673500E+00    6.750893E+01   -1.051024E+02   -1.281785E+02    0.000000E+00    0.000000E+00    0.000000E+00    1.536884E+02    1.828602E+02   -6.934704E+01    0.000000E+00    0.000000E+00    0.000000E+00
1.674500E+00    1.047417E+02   -7.667248E+01   -1.260130E+02    0.000000E+00    0.000000E+00    0.000000E+00    1.230475E+02    2.162570E+02   -2.945767E+01    0.000000E+00    0.000000E+00    0.000000E+00
1.675500E+00    8.012792E+01   -7.138821E+01   -1.344738E+02    0.000000E+00    0.000000E+00    0.000000E+00    1.222236E+02    2.017286E+02   -3.437440E+01    0.000000E+00    0.000000E+00    0.000000E+00
1.676500E+00    7.583364E+01   -9.228971E+01   -1.374867E+02    0.000000E+00    0.000000E+00    0.000000E+00    1.420359E+02    2.004702E+02   -5.629966E+01    0.000000E+00    0.000000E+00    0.000000E+00
1.677500E+00    1.086109E+02   -4.902896E+01   -1.205371E+02    0.000000E+00    0.000000E+00    0.000000E+00    9.075989E+01    2.162083E+02   -5.723497E+00    0.000000E+00    0.000000E+00    0.000000E+00
1.678500E+00    1.077077E+02   -1.234481E+02   -1.847848E+02    0.000000E+00    0.000000E+00    0.000000E+00    1.887180E+02    2.751145E+02   -7.416875E+01    0.000000E+00    0.000000E+00    0.000000E+00
1.679500E+00    9.765978E+01   -3.191051E+01   -1.217301E+02    0.000000E+00    0.000000E+00    0.000000E+00    7.338753E+01    2.078504E+02    4.317589E+00    0.000000E+00    0.000000E+00    0.000000E+00
1.680500E+00    1.275144E+02   -2.062866E+01   -1.472802E+02    0.000000E+00    0.000000E+00    0.000000E+00    7.051713E+01    2.600888E+02    2.512624E+01    0.000000E+00    0.000000E+00    0.000000E+00
1.681500E+00    1.145511E+02    1.399569E+01   -1.324851E+02    0.000000E+00    0.000000E+00    0.000000E+00    3.218383E+01    2.343572E+02    5.282895E+01    0.000000E+00    0.000000E+00    0.000000E+00
1.682500E+00    9.441914E+01    2.116899E+01   -1.170267E+02    0.000000E+00    0.000000E+00    0.000000E+00    1.973330E+01    2.009440E+02    5.212500E+01    0.000000E+00    0.000000E+00    0.000000E+00
1.683500E+00    1.138948E+02   -1.782551E+01   -1.334007E+02    0.000000E+00    0.000000E+00    0.000000E+00    6.189977E+01    2.340380E+02    2.150692E+01    0.000000E+00    0.000000E+00    0.000000E+00
1.684500E+00    1.127880E+02    7.809154E+00   -1.442253E+02    0.000000E+00    0.000000E+00    0.000000E+00    3.999151E+01    2.440829E+02    4.432399E+01    0.000000E+00    0.000000E+00    0.000000E+00
1.685500E+00    1.313086E+02   -2.745459E+00   -1.723722E+02    0.000000E+00    0.000000E+00    0.000000E+00    5.866590E+01    2.881623E+02    4.020834E+01    0.000000E+00    0.000000E+00    0.000000E+00
1.686500E+00    9.622442E+01   -5.467196E+01   -1.231667E+02    0.000000E+00    0.000000E+00    0.000000E+00    9.216121E+01    2.078137E+02   -2.060111E+01    0.000000E+00    0.000000E+00    0.000000E+00
1.687500E+00    9.755971E+01   -3.739991E+01   -1.329638E+02    0.000000E+00    0.000000E+00    0.000000E+00    7.822065E+01    2.188489E+02   -4.507156E+00    0.000000E+00    0.000000E+00    0.000000E+00
1.688500E+00    1.178958E+02   -3.859789E+01   -1.594162E+02    0.000000E+00    0.000000E+00    0.000000E+00    8.594925E+01    2.635945E+02   -4.312220E-01    0.000000E+00    0.000000E+00    0.000000E+00
1.689500E+00    9.858427E+01    6.472446E-01   -1.246125E+02    0.000000E+00    0.000000E+00    0.000000E+00    3.593171E+01    2.126194E+02    2.960782E+01    0.000000E+00    0.000000E+00    0.000000E+00
1.690500E+00    1.100056E+02   -6.643904E+01   -1.497691E+02    0.000000E+00    0.000000E+00    0.000000E+00    1.079622E+02    2.470179E+02   -3.044828E+01    0.000000E+00    0.000000E+00    0.000000E+00
1.691500E+00    8.341850E+01   -1.485479E+00   -1.123826E+02    0.000000E+00    0.000000E+00    0.000000E+00    3.392047E+01    1.867263E+02    2.229335E+01    0.000000E+00    0.000000E+00    0.000000E+00
1.692500E+00    1.067981E+02    2.409485E+01   -1.418356E+02    0.000000E+00    0.000000E+00    0.000000E+00    1.655712E+01    2.368024E+02    5.263828E+01    0.000000E+00    0.000000E+00    0.000000E+00
1.693500E+00    1.135235E+02   -9.465938E+01   -1.493737E+02    0.000000E+00    0.000000E+00    0.000000E+00    1.318104E+02    2.497155E+02   -5.886735E+01    0.000000E+00    0.000000E+00    0.000000E+00
1.694500E+00    1.513880E+02   -1.032701E+02   -2.313260E+02    0.000000E+00    0.000000E+00    0.000000E+00    1.607881E+02    3.646850E+02   -5.823357E+01    0.000000E+00    0.000000E+00    0.000000E+00
1.695500E+00    9.277070E+01   -5.724110E+01   -1.171441E+02    0.000000E+00    0.000000E+00    0.000000E+00    8.538157E+01    1.997612E+02   -3.067502E+01    0.000000E+00    0.000000E+00    0.000000E+00
1.696500E+00    1.310466E+02    3.777693E+01   -1.649342E+02    0.000000E+00    0.000000E+00    0.000000E+00    6.328575E+00    2.820665E+02    6.969896E+01    0.000000E+00    0.000000E+00    0.000000E+00
1.697500E+00    9.724112E+01   -5.849707E+01   -1.315853E+02    0.000000E+00    0.000000E+00    0.000000E+00    8.981362E+01    2.181331E+02   -3.081950E+01    0.000000E+00    0.000000E+00    0.000000E+00
1.698500E+00    9.690482E+01   -7.368466E+01   -1.287437E+02    0.000000E+00    0.000000E+00    0.000000E+00    1.004569E+02    2.156348E+02   -4.831481E+01    0.000000E+00    0.000000E+00    0.000000E+00
1.699500E+00    1.012513E+02   -8.597232E+01   -1.381845E+02    0.000000E+00    0.000000E+00    0.000000E+00    1.141405E+02    2.287096E+02   -5.932363E+01    0.000000E+00    0.000000E+00    0.000000E+00
1.700500E+00    9.853336E+01   -2.953256E+01   -1.226266E+02    0.000000E+00    0.000000E+00    0.000000E+00    5.595897E+01    2.114149E+02   -6.345949E+00    0.000000E+00    0.000000E+00    0.000000E+00
1.701500E+00    1.150322E+02   -1.006403E+02   -1.544597E+02    0.000000E+00    0.000000E+00    0.000000E+00    1.291256E+02    2.577176E+02   -7.211939E+01    0.000000E+00    0.000000E+00    0.000000E+00
1.702500E+00    1.247177E+02    2.020404E+00   -1.463981E+02    0.000000E+00    0.000000E+00    0.000000E+00    2.732451E+01    2.588537E+02    2.707520E+01    0.000000E+00    0.000000E+00    0.000000E+00
1.703500E+00    9.862004E+01   -8.093769E+01   -1.322432E+02    0.000000E+00    0.000000E+00    0.000000E+00    1.042774E+02    2.209327E+02   -5.774631E+01    0.000000E+00    0.000000E+00    0.000000E+00
1.704500E+00    9.277763E+01    3.370260E+01   -1.117726E+02    0.000000E+00    0.000000E+00    0.000000E+00   -1.077744E+01    1.957536E+02    4.988570E+01    0.000000E+00    0.000000E+00    0.000000E+00
1.705500E+00    1.234245E+02   -2.392749E+00   -1.500398E+02    0.000000E+00    0.000000E+00    0.000000E+00    3.230687E+01    2.612535E+02    2.203143E+01    0.000000E+00    0.000000E+00    0.000000E+00
1.706500E+00    1.016406E+02   -1.063883E+02   -1.362305E+02    0.000000E+00    0.000000E+00    0.000000E+00    1.251018E+02    2.279508E+02   -8.492596E+01    0.000000E+00    0.000000E+00    0.000000E+00
1.707500E+00    1.217009E+02    3.540406E+01   -1.504073E+02    0.000000E+00    0.000000E+00    0.000000E+00   -7.931490E+00    2.602623E+02    5.467940E+01    0.000000E+00    0.000000E+00    0.000000E+00
1.708500E+00    8.330879E+01    2.691182E+01   -1.131216E+02    0.000000E+00    0.000000E+00    0.000000E+00   -5.717511E+00    1.883589E+02    4.055319E+01    0.000000E+00    0.000000E+00    0.000000E+00
1.709500E+00    1.080898E+02    4.231078E+01   -1.365816E+02    0.000000E+00    0.000000E+00    0.000000E+00   -1.681527E+01    2.338556E+02    5.909109E+01    0.000000E+00    0.000000E+00    0.000000E+00
1.710500E+00    1.007297E+02    1.878043E+00   -1.397404E+02    0.000000E+00    0.000000E+00    0.000000E+00    2.305003E+01    2.302976E+02    1.919640E+01    0.000000E+00    0.000000E+00    0.000000E+00
1.711500E+00    9.896936E+01    4.798371E+01   -1.332691E+02    0.000000E+00    0.000000E+00    0.000000E+00   -2.406304E+01    2.221691E+02    6.181991E+01    0.000000E+00    0.000000E+00    0.000000E+00
1.712500E+00    1.233931E+02   -3.497838E+01   -1.581974E+02    0.000000E+00    0.000000E+00    0.000000E+00    5.899514E+01    2.687227E+02   -1.402388E+01    0.000000E+00    0.000000E+00    0.000000E+00
1.713500E+00    9.450864E+01   -2.617371E+01   -1.324381E+02    0.000000E+00    0.000000E+00    0.000000E+00    4.329208E+01    2.173563E+02   -1.235463E+01    0.000000E+00    0.000000E+00    0.000000E+00
1.714500E+00    1.318126E+02   -7.824933E+01   -1.729070E+02    0.000000E+00    0.000000E+00    0.000000E+00    9.895083E+01    2.909456E+02   -5.696347E+01    0.000000E+00    0.000000E+00    0.000000E+00
1.715500E+00    1.091362E+02   -3.728796E+01   -1.494755E+02    0.000000E+00    0.000000E+00    0.000000E+00    5.487628E+01    2.472593E+02   -2.196071E+01    0.000000E+00    0.000000E+00    0.000000E+00
1.716500E+00    1.199763E+02   -1.955679E+01   -1.427971E+02    0.000000E+00    0.000000E+00    0.000000E+00    3.836419E+01    2.503295E+02   -2.689817E+00    0.000000E+00    0.000000E+00    0.000000E+00
1.717500E+00    1.133996E+02    2.130236E+01   -1.711920E+02    0.000000E+00    0.000000E+00    0.000000E+00   -1.046636E+00    2.727018E+02    3.302445E+01    0.000000E+00    0.000000E+00    0.000000E+00
1.718500E+00    1.184515E+02   -4.474786E+01   -1.355792E+02    0.000000E+00    0.000000E+00    0.000000E+00    5.961393E+01    2.414270E+02   -2.845925E+01    0.000000E+00    0.000000E+00    0.000000E+00
1.719500E+00    1.223475E+02   -4.420767E+01   -1.569388E+02    0.000000E+00    0.000000E+00    0.000000E+00    5.785629E+01    2.667768E+02   -3.048704E+01    0.000000E+00    0.000000E+00    0.000000E+00
1.720500E+00    1.131380E+02    1.473927E+01   -1.464581E+02    0.000000E+00    0.000000E+00    0.000000E+00    2.307877E+00    2.476230E+02    2.648580E+01    0.000000E+00    0.000000E+00    0.000000E+00
1.721500E+00    1.047030E+02    7.685397E+00   -1.339117E+02    0.000000E+00    0.000000E+00    0.000000E+00    4.358704E+00    2.277881E+02    1.651698E+01    0.000000E+00    0.000000E+00    0.000000E+00
1.722500E+00    1.212780E+02   -6.352460E+01   -1.461412E+02    0.000000E+00    0.000000E+00    0.000000E+00    7.347071E+01    2.546894E+02   -5.025006E+01    0.000000E+00    0.000000E+00    0.000000E+00
1.723500E+00    1.072505E+02    2.756335E+01   -1.465012E+02    0.000000E+00    0.000000E+00    0.000000E+00   -1.258591E+01    2.424488E+02    3.600935E+01    0.000000E+00    0.000000E+00    0.000000E+00
1.724500E+00    1.143453E+02   -3.571387E+01   -1.208550E+02    0.000000E+00    0.000000E+00    0.000000E+00    4.458967E+01    2.233435E+02   -2.469090E+01    0.000000E+00    0.000000E+00    0.000000E+00
1.725500E+00    1.047159E+02   -3.236315E+01   -1.421540E+02    0.000000E+00    0.000000E+00    0.000000E+00    4.084335E+01    2.358877E+02   -2.391809E+01    0.000000E+00    0.000000E+00    0.000000E+00
1.726500E+00    1.080547E+02   -6.533230E+01   -1.289947E+02    0.000000E+00    0.000000E+00    0.000000E+00    7.014687E+01    2.258181E+02   -5.610071E+01    0.000000E+00    0.000000E+00    0.000000E+00
1.727500E+00    1.099508E+02   -3.895507E+01   -1.235975E+02    0.000000E+00    0.000000E+00    0.000000E+00    4.432843E+01    2.220147E+02   -3.102140E+01    0.000000E+00    0.000000E+00    0.000000E+00
1.728500E+00    9.569433E+01   -2.524611E+01   -1.144693E+02    0.000000E+00    0.000000E+00    0.000000E+00    2.942327E+01    2.000184E+02   -1.960797E+01    0.000000E+00    0.000000E+00    0.000000E+00
1.729500E+00    1.139287E+02   -5.609079E+01   -1.418631E+02    0.000000E+00    0.000000E+00    0.000000E+00    5.950301E+01    2.435489E+02   -4.878975E+01    0.000000E+00    0.000000E+00    0.000000E+00
1.730500E+00    1.107797E+02   -4.917816E+01   -1.341137E+02    0.000000E+00    0.000000E+00    0.000000E+00    5.114872E+01    2.329140E+02   -4.337983E+01    0.000000E+00    0.000000E+00    0.000000E+00
1.731500E+00    1.161529E+02    1.292270E+01   -1.479454E+02    0.000000E+00    0.000000E+00    0.000000E+00   -8.435873E+00    2.508001E+02    1.560864E+01    0.000000E+00    0.000000E+00    0.000000E+00
1.732500E+00    1.085066E+02   -5.278596E+01   -1.335865E+02    0.000000E+00    0.000000E+00    0.000000E+00    5.382900E+01    2.301565E+02   -4.740027E+01    0.000000E+00    0.000000E+00    0.000000E+00
1.733500E+00    1.221393E+02   -1.985994E+01   -1.669097E+02    0.000000E+00    0.000000E+00    0.000000E+00    2.201742E+01    2.747413E+02   -1.683575E+01    0.000000E+00    0.000000E+00    0.000000E+00
1.734500E+00    1.041156E+02    3.955362E+01   -1.267698E+02    0.000000E+00    0.000000E+00    0.000000E+00   -3.346407E+01    2.187875E+02    4.054432E+01    0.000000E+00    0.000000E+00    0.000000E+00
1.735500E+00    1.171965E+02   -3.608355E+01   -1.762855E+02    0.000000E+00    0.000000E+00    0.000000E+00    3.475128E+01    2.795625E+02   -3.401465E+01    0.000000E+00    0.000000E+00    0.000000E+00
1.736500E+00    1.284002E+02   -3.276885E+01   -1.379427E+02    0.000000E+00    0.000000E+00    0.000000E+00    3.139397E+01    2.514358E+02   -3.074332E+01    0.000000E+00    0.000000E+00    0.000000E+00
1.737500E+00    1.152176E+02   -4.453757E+01   -1.534488E+02    0.000000E+00    0.000000E+00    0.000000E+00    4.151666E+01    2.552046E+02   -4.300336E+01    0.000000E+00    0.000000E+00    0.000000E+00
1.738500E+00    9.341261E+01    3.494567E+01   -1.250641E+02    0.000000E+00    0.000000E+00    0.000000E+00   -3.399511E+01    2.069467E+02    3.254084E+01    0.000000E+00    0.000000E+00    0.000000E+00
1.739500E+00    9.964561E+01    9.833719E+00   -1.543096E+02    0.000000E+00    0.000000E+00    0.000000E+00   -1.262213E+01    2.413272E+02    7.260990E+00    0.000000E+00    0.000000E+00    0.000000E+00
1.740500E+00    1.011197E+02    8.133753E+01   -1.151103E+02    0.000000E+00    0.000000E+00    0.000000E+00   -7.695848E+01    2.035664E+02    7.673070E+01    0.000000E+00    0.000000E+00    0.000000E+00
1.741500E+00    1.257211E+02   -4.977020E+01   -1.847663E+02    0.000000E+00    0.000000E+00    0.000000E+00    4.081862E+01    2.949658E+02   -5.158861E+01    0.000000E+00    0.000000E+00    0.000000E+00
1.742500E+00    1.071505E+02   -8.064065E+01   -1.174879E+02    0.000000E+00    0.000000E+00    0.000000E+00    7.007581E+01    2.117065E+02   -8.194367E+01    0.000000E+00    0.000000E+00    0.000000E+00
1.743500E+00    1.193240E+02   -9.106821E+00   -1.596787E+02    0.000000E+00    0.000000E+00    0.000000E+00    2.615639E+00    2.639233E+02   -1.337473E+01    0.000000E+00    0.000000E+00    0.000000E+00
1.744500E+00    1.173544E+02    2.250013E+01   -1.474984E+02    0.000000E+00    0.000000E+00    0.000000E+00   -2.686755E+01    2.496972E+02    1.674587E+01    0.000000E+00    0.000000E+00    0.000000E+00
1.745500E+00    1.283364E+02   -4.141791E+00   -1.714962E+02    0.000000E+00    0.000000E+00    0.000000E+00   -6.825329E+00    2.831587E+02   -1.176719E+01    0.000000E+00    0.000000E+00    0.000000E+00
1.746500E+00    1.142208E+02    4.807364E+01   -1.371644E+02    0.000000E+00    0.000000E+00    0.000000E+00   -5.323130E+01    2.362635E+02    3.887481E+01    0.000000E+00    0.000000E+00    0.000000E+00
1.747500E+00    1.057152E+02    1.033274E+01   -1.549774E+02    0.000000E+00    0.000000E+00    0.000000E+00   -2.091775E+01    2.466056E+02    2.127001E+00    0.000000E+00    0.000000E+00    0.000000E+00
1.748500E+00    1.208067E+02    2.084994E+01   -1.553497E+02    0.000000E+00    0.000000E+00    0.000000E+00   -3.132982E+01    2.596854E+02    1.053678E+01    0.000000E+00    0.000000E+00    0.000000E+00
1.749500E+00    1.004423E+02    1.126701E+01   -1.281606E+02    0.000000E+00    0.000000E+00    0.000000E+00   -1.965114E+01    2.152214E+02    3.311812E+00    0.000000E+00    0.000000E+00    0.000000E+00
1.750500E+00    1.145188E+02    1.724825E+01   -1.587294E+02    0.000000E+00    0.000000E+00    0.000000E+00   -2.940885E+01    2.571693E+02    6.547195E+00    0.000000E+00    0.000000E+00    0.000000E+00
1.751500E+00    1.109895E+02    1.906540E+01   -1.527927E+02    0.000000E+00    0.000000E+00    0.000000E+00   -3.248609E+01    2.478247E+02    7.453698E+00    0.000000E+00    0.000000E+00    0.000000E+00
1.752500E+00    1.180957E+02    2.486970E+01   -1.527566E+02    0.000000E+00    0.000000E+00    0.000000E+00   -3.798874E+01    2.538325E+02    1.207457E+01    0.000000E+00    0.000000E+00    0.000000E+00
1.753500E+00    8.663036E+01    8.666160E+01   -1.392321E+02    0.000000E+00    0.000000E+00    0.000000E+00   -9.294343E+01    2.125128E+02    7.454146E+01    0.000000E+00    0.000000E+00    0.000000E+00
1.754500E+00    1.238612E+02   -5.829896E+01   -1.423820E+02    0.000000E+00    0.000000E+00    0.000000E+00    3.872744E+01    2.494265E+02   -6.872739E+01    0.000000E+00    0.000000E+00    0.000000E+00
1.755500E+00    1.197275E+02   -4.331514E+01   -1.497632E+02    0.000000E+00    0.000000E+00    0.000000E+00    2.190587E+01    2.522938E+02   -5.571986E+01    0.000000E+00    0.000000E+00    0.000000E+00
1.756500E+00    1.147469E+02   -1.870975E+01   -1.494460E+02    0.000000E+00    0.000000E+00    0.000000E+00   -5.297635E-01    2.475707E+02   -3.141382E+01    0.000000E+00    0.000000E+00    0.000000E+00
1.757500E+00    1.332662E+02   -2.729139E+01   -1.660937E+02    0.000000E+00    0.000000E+00    0.000000E+00    2.884115E+00    2.794531E+02   -4.358825E+01    0.000000E+00    0.000000E+00    0.000000E+00
1.758500E+00    1.501178E+02    1.715199E+01   -1.998247E+02    0.000000E+00    0.000000E+00    0.000000E+00   -4.175661E+01    3.266525E+02   -3.416848E+00    0.000000E+00    0.000000E+00    0.000000E+00
1.759500E+00    9.428057E+01   -5.812706E+00   -1.192544E+02    0.000000E+00    0.000000E+00    0.000000E+00   -1.470467E+01    1.987766E+02   -2.097212E+01    0.000000E+00    0.000000E+00    0.000000E+00
1.760500E+00    1.019732E+02    4.456866E+01   -1.498815E+02    0.000000E+00    0.000000E+00    0.000000E+00   -6.336507E+01    2.348987E+02    2.682210E+01    0.000000E+00    0.000000E+00    0.000000E+00
1.761500E+00    1.429058E+02   -5.057249E+00   -1.812524E+02    0.000000E+00    0.000000E+00    0.000000E+00   -2.395999E+01    3.016010E+02   -2.730219E+01    0.000000E+00    0.000000E+00    0.000000E+00
1.762500E+00    1.259576E+02    2.777054E+01   -1.808037E+02    0.000000E+00    0.000000E+00    0.000000E+00   -5.560846E+01    2.853691E+02    4.990482E+00    0.000000E+00    0.000000E+00    0.000000E+00
1.763500E+00    1.204333E+02    2.897132E+01   -1.595395E+02    0.000000E+00    0.000000E+00    0.000000E+00   -5.557543E+01    2.594558E+02    5.595506E+00    0.000000E+00    0.000000E+00    0.000000E+00
1.764500E+00    9.515451E+01    5.103732E+01   -1.401798E+02    0.000000E+00    0.000000E+00    0.000000E+00   -7.310996E+01    2.182764E+02    3.022772E+01    0.000000E+00    0.000000E+00    0.000000E+00
1.765500E+00    1.319763E+02   -5.918898E+01   -1.585679E+02    0.000000E+00    0.000000E+00    0.000000E+00    2.498784E+01    2.694111E+02   -7.966332E+01    0.000000E+00    0.000000E+00    0.000000E+00
1.766500E+00    1.050381E+02    2.691804E+01   -1.354588E+02    0.000000E+00    0.000000E+00    0.000000E+00   -5.031701E+01    2.225904E+02    4.874057E+00    0.000000E+00    0.000000E+00    0.000000E+00
1.767500E+00    9.427893E+01    5.336801E+01   -1.399813E+02    0.000000E+00    0.000000E+00    0.000000E+00   -7.619763E+01    2.170510E+02    3.129337E+01    0.000000E+00    0.000000E+00    0.000000E+00
1.768500E+00    1.015208E+02    5.706701E+01   -1.466025E+02    0.000000E+00    0.000000E+00    0.000000E+00   -8.195140E+01    2.295845E+02    3.263435E+01    0.000000E+00    0.000000E+00    0.000000E+00
1.769500E+00    9.267723E+01    5.972299E+01   -1.478387E+02    0.000000E+00    0.000000E+00    0.000000E+00   -8.747815E+01    2.224274E+02    3.502104E+01    0.000000E+00    0.000000E+00    0.000000E+00
1.770500E+00    1.101324E+02    4.532632E+01   -1.410548E+02    0.000000E+00    0.000000E+00    0.000000E+00   -7.287807E+01    2.311834E+02    1.754984E+01    0.000000E+00    0.000000E+00    0.000000E+00
1.771500E+00    7.593908E+01    4.367086E+01   -1.331303E+02    0.000000E+00    0.000000E+00    0.000000E+00   -6.971538E+01    1.937897E+02    2.349094E+01    0.000000E+00    0.000000E+00    0.000000E+00
1.772500E+00    1.453243E+02   -1.682883E+01   -1.603812E+02    0.000000E+00    0.000000E+00    0.000000E+00   -2.033584E+01    2.807805E+02   -4.856585E+01    0.000000E+00    0.000000E+00    0.000000E+00
1.773500E+00    8.152199E+01    6.813411E+01   -1.475925E+02    0.000000E+00    0.000000E+00    0.000000E+00   -9.648683E+01    2.114083E+02    4.395020E+01    0.000000E+00    0.000000E+00    0.000000E+00
1.774500E+00    1.319803E+02    1.528007E+01   -1.658408E+02    0.000000E+00    0.000000E+00    0.000000E+00   -5.460437E+01    2.728552E+02   -1.820877E+01    0.000000E+00    0.000000E+00    0.000000E+00
1.775500E+00    1.171002E+02   -3.363131E+00   -1.558670E+02    0.000000E+00    0.000000E+00    0.000000E+00   -3.440595E+01    2.508895E+02   -3.136283E+01    0.000000E+00    0.000000E+00    0.000000E+00
1.776500E+00    1.231808E+02    7.122847E+00   -1.531217E+02    0.000000E+00    0.000000E+00    0.000000E+00   -4.713643E+01    2.524604E+02   -2.615825E+01    0.000000E+00    0.000000E+00    0.000000E+00
1.777500E+00    1.418943E+02    2.826349E+01   -2.000954E+02    0.000000E+00    0.000000E+00    0.000000E+00   -7.660675E+01    3.134142E+02   -1.021812E+01    0.000000E+00    0.000000E+00    0.000000E+00
1.778500E+00    9.270413E+01    9.135358E+01   -1.420089E+02    0.000000E+00    0.000000E+00    0.000000E+00   -1.224790E+02    2.138449E+02    5.797645E+01    0.000000E+00    0.000000E+00    0.000000E+00
1.779500E+00    1.353590E+02   -3.297946E+01   -1.729180E+02    0.000000E+00    0.000000E+00    0.000000E+00   -1.720406E+01    2.817399E+02   -6.699758E+01    0.000000E+00    0.000000E+00    0.000000E+00
1.780500E+00    1.223395E+02    4.175727E+01   -1.616595E+02    0.000000E+00    0.000000E+00    0.000000E+00   -8.369848E+01    2.583267E+02    3.220295E+00    0.000000E+00    0.000000E+00    0.000000E+00
1.781500E+00    1.122038E+02    2.394806E+01   -1.613357E+02    0.000000E+00    0.000000E+00    0.000000E+00   -6.937724E+01    2.488167E+02   -1.119781E+01    0.000000E+00    0.000000E+00    0.000000E+00
1.782500E+00    9.303229E+01    1.104995E+02   -1.569954E+02    0.000000E+00    0.000000E+00    0.000000E+00   -1.468256E+02    2.266948E+02    7.300847E+01    0.000000E+00    0.000000E+00    0.000000E+00
1.783500E+00    1.263530E+02    1.565071E+01   -1.629964E+02    0.000000E+00    0.000000E+00    0.000000E+00   -6.426576E+01    2.621882E+02   -2.424129E+01    0.000000E+00    0.000000E+00    0.000000E+00
1.784500E+00    1.101560E+02    2.710737E+01   -1.393655E+02    0.000000E+00    0.000000E+00    0.000000E+00   -6.628718E+01    2.261945E+02   -8.722078E+00    0.000000E+00    0.000000E+00    0.000000E+00
1.785500E+00    6.850727E+01    9.470366E+01   -1.432497E+02    0.000000E+00    0.000000E+00    0.000000E+00   -1.305797E+02    1.923201E+02    6.443961E+01    0.000000E+00    0.000000E+00    0.000000E+00
1.786500E+00    1.129598E+02    3.974606E+01   -1.529073E+02    0.000000E+00    0.000000E+00    0.000000E+00   -8.317623E+01    2.405026E+02    9.884028E-01    0.000000E+00    0.000000E+00    0.000000E+00
1.787500E+00    1.261910E+02    1.572459E+01   -1.643086E+02    0.000000E+00    0.000000E+00    0.000000E+00   -6.745681E+01    2.623510E+02   -2.678282E+01    0.000000E+00    0.000000E+00    0.000000E+00
1.788500E+00    1.188466E+02    1.398037E+01   -1.658413E+02    0.000000E+00    0.000000E+00    0.000000E+00   -6.661964E+01    2.570183E+02   -2.613775E+01    0.000000E+00    0.000000E+00    0.000000E+00
1.789500E+00    1.189767E+02    2.952112E+01   -1.524704E+02    0.000000E+00    0.000000E+00    0.000000E+00   -7.833349E+01    2.441046E+02   -1.383800E+01    0.000000E+00    0.000000E+00    0.000000E+00
1.790500E+00    1.024266E+02    3.440834E+01   -1.575724E+02    0.000000E+00    0.000000E+00    0.000000E+00   -8.534991E+01    2.338507E+02   -4.259445E+00    0.000000E+00    0.000000E+00    0.000000E+00
1.791500E+00    1.081526E+02    4.198298E+01   -1.465537E+02    0.000000E+00    0.000000E+00    0.000000E+00   -8.969701E+01    2.281894E+02   -7.053091E-01    0.000000E+00    0.000000E+00    0.000000E+00
1.792500E+00    9.824811E+01    4.708886E+01   -1.430112E+02    0.000000E+00    0.000000E+00    0.000000E+00   -9.299199E+01    2.163812E+02    7.355088E+00    0.000000E+00    0.000000E+00    0.000000E+00
1.793500E+00    1.162013E+02   -2.005135E+01   -1.445916E+02    0.000000E+00    0.000000E+00    0.000000E+00   -3.214578E+01    2.344644E+02   -5.874044E+01    0.000000E+00    0.000000E+00    0.000000E+00
1.794500E+00    1.176645E+02    2.406913E+01   -1.726366E+02    0.000000E+00    0.000000E+00    0.000000E+00   -8.459161E+01    2.600008E+02   -2.176852E+01    0.000000E+00    0.000000E+00    0.000000E+00
1.795500E+00    9.123534E+01    2.353816E+01   -1.171371E+02    0.000000E+00    0.000000E+00    0.000000E+00   -6.321429E+01    1.865337E+02   -1.197303E+01    0.000000E+00    0.000000E+00    0.000000E+00
1.796500E+00    1.158190E+02    3.512608E+01   -1.541361E+02    0.000000E+00    0.000000E+00    0.000000E+00   -9.093067E+01    2.406613E+02   -1.351087E+01    0.000000E+00    0.000000E+00    0.000000E+00
1.797500E+00    6.308392E+01    4.667480E+01   -1.154911E+02    0.000000E+00    0.000000E+00    0.000000E+00   -8.692834E+01    1.592873E+02    1.679651E+01    0.000000E+00    0.000000E+00    0.000000E+00
1.798500E+00    1.069921E+02    6.722525E+01   -1.501886E+02    0.000000E+00    0.000000E+00    0.000000E+00   -1.197656E+02    2.284259E+02    1.682203E+01    0.000000E+00    0.000000E+00    0.000000E+00
1.799500E+00    9.460068E+01    4.236483E+01   -1.422424E+02    0.000000E+00    0.000000E+00    0.000000E+00   -9.551897E+01    2.101603E+02   -1.105822E+00    0.000000E+00    0.000000E+00    0.000000E+00
1.800500E+00    1.148588E+02    7.357388E+01   -1.771921E+02    0.000000E+00    0.000000E+00    0.000000E+00   -1.385833E+02    2.584277E+02    1.731199E+01    0.000000E+00    0.000000E+00    0.000000E+00
1.801500E+00    1.441434E+02   -1.522176E+00   -1.765227E+02    0.000000E+00    0.000000E+00    0.000000E+00   -6.974835E+01    2.845689E+02   -5.968237E+01    0.000000E+00    0.000000E+00    0.000000E+00
1.802500E+00    8.350068E+01    4.963743E+01   -1.396650E+02    0.000000E+00    0.000000E+00    0.000000E+00   -1.020888E+02    1.975277E+02    8.836773E+00    0.000000E+00    0.000000E+00    0.000000E+00
1.803500E+00    1.210577E+02    9.373228E+01   -1.963337E+02    0.000000E+00    0.000000E+00    0.000000E+00   -1.665776E+02    2.803465E+02    3.067325E+01    0.000000E+00    0.000000E+00    0.000000E+00
1.804500E+00    8.652788E+01    1.055126E+02   -1.667478E+02    0.000000E+00    0.000000E+00    0.000000E+00   -1.674213E+02    2.219958E+02    5.367531E+01    0.000000E+00    0.000000E+00    0.000000E+00
1.805500E+00    9.994133E+01    8.737293E+01   -1.505416E+02    0.000000E+00    0.000000E+00    0.000000E+00   -1.422916E+02    2.202662E+02    3.332379E+01    0.000000E+00    0.000000E+00    0.000000E+00
1.806500E+00    1.101688E+02    8.246620E+01   -1.817600E+02    0.000000E+00    0.000000E+00    0.000000E+00   -1.536752E+02    2.559997E+02    2.264418E+01    0.000000E+00    0.000000E+00    0.000000E+00
1.807500E+00    1.387278E+02    1.798200E+01   -1.632183E+02    0.000000E+00    0.000000E+00    0.000000E+00   -8.691802E+01    2.653954E+02   -4.511833E+01    0.000000E+00    0.000000E+00    0.000000E+00
1.808500E+00    8.431815E+01    2.419018E+01   -1.413901E+02    0.000000E+00    0.000000E+00    0.000000E+00   -8.484573E+01    1.979097E+02   -1.685667E+01    0.000000E+00    0.000000E+00    0.000000E+00
1.809500E+00    1.445439E+02    9.290476E+01   -2.164841E+02    0.000000E+00    0.000000E+00    0.000000E+00   -1.793050E+02    3.148165E+02    1.522115E+01    0.000000E+00    0.000000E+00    0.000000E+00
1.810500E+00    1.312620E+02   -2.180337E+01   -1.425930E+02    0.000000E+00    0.000000E+00    0.000000E+00   -4.328346E+01    2.406285E+02   -7.705142E+01    0.000000E+00    0.000000E+00    0.000000E+00
1.811500E+00    1.423507E+02   -2.352942E+01   -1.566423E+02    0.000000E+00    0.000000E+00    0.000000E+00   -4.980523E+01    2.616601E+02   -8.516026E+01    0.000000E+00    0.000000E+00    0.000000E+00
1.812500E+00    1.172716E+02    1.120548E+02   -2.094102E+02    0.000000E+00    0.000000E+00    0.000000E+00   -1.993053E+02    2.827338E+02    3.942024E+01    0.000000E+00    0.000000E+00    0.000000E+00
1.813500E+00    1.210650E+02    4.472555E+01   -1.647448E+02    0.000000E+00    0.000000E+00    0.000000E+00   -1.169604E+02    2.485344E+02   -1.866410E+01    0.000000E+00    0.000000E+00    0.000000E+00
1.814500E+00    1.082023E+02    2.980858E+01   -1.449944E+02    0.000000E+00    0.000000E+00    0.000000E+00   -9.628412E+01    2.197629E+02   -2.691249E+01    0.000000E+00    0.000000E+00    0.000000E+00
1.815500E+00    9.814595E+01    3.870797E+01   -1.468487E+02    0.000000E+00    0.000000E+00    0.000000E+00   -1.063223E+02    2.117491E+02   -1.543602E+01    0.000000E+00    0.000000E+00    0.000000E+00
1.816500E+00    7.230243E+01    4.637661E+01   -1.012081E+02    0.000000E+00    0.000000E+00    0.000000E+00   -9.236001E+01    1.495955E+02    2.520814E+00    0.000000E+00    0.000000E+00    0.000000E+00
1.817500E+00    1.063239E+02    1.565502E+01   -1.346507E+02    0.000000E+00    0.000000E+00    0.000000E+00   -7.992557E+01    2.087147E+02   -3.906580E+01    0.000000E+00    0.000000E+00    0.000000E+00
1.818500E+00    8.468774E+01    2.927768E+01   -1.381029E+02    0.000000E+00    0.000000E+00    0.000000E+00   -9.568301E+01    1.915614E+02   -1.830195E+01    0.000000E+00    0.000000E+00    0.000000E+00
1.819500E+00    1.208926E+02    4.084487E+01   -1.551261E+02    0.000000E+00    0.000000E+00    0.000000E+00   -1.143083E+02    2.377050E+02   -2.702854E+01    0.000000E+00    0.000000E+00    0.000000E+00
1.820500E+00    1.103402E+02    5.691123E+01   -1.473365E+02    0.000000E+00    0.000000E+00    0.000000E+00   -1.258697E+02    2.214240E+02   -9.215062E+00    0.000000E+00    0.000000E+00    0.000000E+00
1.821500E+00    1.918279E+01    8.224196E+01   -7.769347E+01    0.000000E+00    0.000000E+00    0.000000E+00   -1.150444E+02    8.187900E+01    5.732962E+01    0.000000E+00    0.000000E+00    0.000000E+00
1.822500E+00    8.772392E+01    8.036461E+01   -1.482000E+02    0.000000E+00    0.000000E+00    0.000000E+00   -1.493473E+02    2.013144E+02    2.053601E+01    0.000000E+00    0.000000E+00    0.000000E+00
1.823500E+00    1.051360E+02    4.287035E+01   -1.495001E+02    0.000000E+00    0.000000E+00    0.000000E+00   -1.173293E+02    2.177164E+02   -2.038311E+01    0.000000E+00    0.000000E+00    0.000000E+00
1.824500E+00    1.343485E+02    6.821592E+01   -1.951249E+02    0.000000E+00    0.000000E+00    0.000000E+00   -1.657799E+02    2.800842E+02   -1.657730E+01    0.000000E+00    0.000000E+00    0.000000E+00
1.825500E+00    8.361170E+01    1.115975E+02   -1.638101E+02    0.000000E+00    0.000000E+00    0.000000E+00   -1.909939E+02    2.076871E+02    4.363647E+01    0.000000E+00    0.000000E+00    0.000000E+00
1.826500E+00    1.129967E+02    3.929657E+01   -1.687518E+02    0.000000E+00    0.000000E+00    0.000000E+00   -1.279933E+02    2.386276E+02   -3.007091E+01    0.000000E+00    0.000000E+00    0.000000E+00
1.827500E+00    1.078528E+02    6.943130E+01   -1.681694E+02    0.000000E+00    0.000000E+00    0.000000E+00   -1.555208E+02    2.325254E+02   -4.076212E+00    0.000000E+00    0.000000E+00    0.000000E+00
1.828500E+00    1.116321E+02    5.007212E+01   -1.530387E+02    0.000000E+00    0.000000E+00    0.000000E+00   -1.282677E+02    2.244311E+02   -2.075292E+01    0.000000E+00    0.000000E+00    0.000000E+00
1.829500E+00    9.920981E+01    8.103021E+01   -1.718728E+02    0.000000E+00    0.000000E+00    0.000000E+00   -1.683817E+02    2.275248E+02    9.571701E+00    0.000000E+00    0.000000E+00    0.000000E+00
1.830500E+00    1.086918E+02    7.705514E+01   -1.737603E+02    0.000000E+00    0.000000E+00    0.000000E+00   -1.675129E+02    2.366534E+02   -5.423562E-02    0.000000E+00    0.000000E+00    0.000000E+00
1.831500E+00    1.162138E+02    7.317860E+01   -1.935314E+02    0.000000E+00    0.000000E+00    0.000000E+00   -1.753807E+02    2.589366E+02   -7.498032E+00    0.000000E+00    0.000000E+00    0.000000E+00
1.832500E+00    1.259902E+02    4.706091E+01   -1.689859E+02    0.000000E+00    0.000000E+00    0.000000E+00   -1.385761E+02    2.477172E+02   -3.471667E+01    0.000000E+00    0.000000E+00    0.000000E+00
1.833500E+00    1.135582E+02    5.893677E+01   -1.685905E+02    0.000000E+00    0.000000E+00    0.000000E+00   -1.505897E+02    2.353219E+02   -1.934560E+01    0.000000E+00    0.000000E+00    0.000000E+00
1.834500E+00    8.577507E+01    6.381962E+01   -1.390601E+02    0.000000E+00    0.000000E+00    0.000000E+00   -1.378805E+02    1.871075E+02    4.888108E-01    0.000000E+00    0.000000E+00    0.000000E+00
1.835500E+00    1.186759E+02    4.648248E+01   -1.708408E+02    0.000000E+00    0.000000E+00    0.000000E+00   -1.420038E+02    2.411266E+02   -3.317071E+01    0.000000E+00    0.000000E+00    0.000000E+00
1.836500E+00    1.315068E+02    3.284618E+01   -1.579672E+02    0.000000E+00    0.000000E+00    0.000000E+00   -1.227928E+02    2.417758E+02   -5.223299E+01    0.000000E+00    0.000000E+00    0.000000E+00
1.837500E+00    1.244707E+02    3.952567E+01   -1.615101E+02    0.000000E+00    0.000000E+00    0.000000E+00   -1.315363E+02    2.381639E+02   -4.333218E+01    0.000000E+00    0.000000E+00    0.000000E+00
1.838500E+00    1.178645E+02    4.633191E+01   -1.619767E+02    0.000000E+00    0.000000E+00    0.000000E+00   -1.400898E+02    2.314178E+02   -3.579708E+01    0.000000E+00    0.000000E+00    0.000000E+00
1.839500E+00    9.578824E+01    7.724914E+01   -1.578358E+02    0.000000E+00    0.000000E+00    0.000000E+00   -1.671501E+02    2.072889E+02    5.492815E-02    0.000000E+00    0.000000E+00    0.000000E+00
1.840500E+00    1.180204E+02    5.922615E+01   -1.679872E+02    0.000000E+00    0.000000E+00    0.000000E+00   -1.564554E+02    2.353908E+02   -2.723073E+01    0.000000E+00    0.000000E+00    0.000000E+00
1.841500E+00    9.318361E+01    7.801140E+01   -1.545333E+02    0.000000E+00    0.000000E+00    0.000000E+00   -1.686537E+02    2.006315E+02   -5.321264E-01    0.000000E+00    0.000000E+00    0.000000E+00
1.842500E+00    7.605499E+01    7.832354E+01   -1.469764E+02    0.000000E+00    0.000000E+00    0.000000E+00   -1.629920E+02    1.800531E+02    1.126054E+01    0.000000E+00    0.000000E+00    0.000000E+00
1.843500E+00    7.700245E+01    1.045568E+02   -1.519885E+02    0.000000E+00    0.000000E+00    0.000000E+00   -1.916111E+02    1.832418E+02    2.871753E+01    0.000000E+00    0.000000E+00    0.000000E+00
1.844500E+00    7.048188E+01    9.552706E+01   -1.507769E+02    0.000000E+00    0.000000E+00    0.000000E+00   -1.827850E+02    1.764403E+02    2.606675E+01    0.000000E+00    0.000000E+00    0.000000E+00
1.845500E+00    8.843539E+01    1.002936E+02   -1.599981E+02    0.000000E+00    0.000000E+00    0.000000E+00   -1.930371E+02    1.991707E+02    1.786640E+01    0.000000E+00    0.000000E+00    0.000000E+00
1.846500E+00    6.716000E+01    1.002187E+02   -1.597338E+02    0.000000E+00    0.000000E+00    0.000000E+00   -1.951318E+02    1.788435E+02    2.982802E+01    0.000000E+00    0.000000E+00    0.000000E+00
1.847500E+00    1.041911E+02    6.028757E+01   -1.542448E+02    0.000000E+00    0.000000E+00    0.000000E+00   -1.558950E+02    2.077814E+02   -2.385958E+01    0.000000E+00    0.000000E+00    0.000000E+00
1.848500E+00    8.050900E+01    7.880754E+01   -1.609874E+02    0.000000E+00    0.000000E+00    0.000000E+00   -1.768972E+02    1.913680E+02    4.931085E+00    0.000000E+00    0.000000E+00    0.000000E+00
1.849500E+00    9.824800E+01    7.886206E+01   -1.560848E+02    0.000000E+00    0.000000E+00    0.000000E+00   -1.754581E+02    2.022284E+02   -8.455854E+00    0.000000E+00    0.000000E+00    0.000000E+00
1.850500E+00    3.668458E+01    1.027433E+02   -1.403234E+02    0.000000E+00    0.000000E+00    0.000000E+00   -1.859253E+02    1.357520E+02    5.046861E+01    0.000000E+00    0.000000E+00    0.000000E+00
1.851500E+00    1.243755E+02    5.099845E+01   -1.570050E+02    0.000000E+00    0.000000E+00    0.000000E+00   -1.499489E+02    2.268555E+02   -4.566741E+01    0.000000E+00    0.000000E+00    0.000000E+00
1.852500E+00    1.212181E+02    5.101677E+01   -1.689174E+02    0.000000E+00    0.000000E+00    0.000000E+00   -1.597632E+02    2.315673E+02   -4.512278E+01    0.000000E+00    0.000000E+00    0.000000E+00
1.853500E+00    9.689095E+01    5.708352E+01   -1.489747E+02    0.000000E+00    0.000000E+00    0.000000E+00   -1.525439E+02    1.950440E+02   -2.476178E+01    0.000000E+00    0.000000E+00    0.000000E+00
1.854500E+00    1.016309E+02    6.775575E+01   -1.782695E+02    0.000000E+00    0.000000E+00    0.000000E+00   -1.839173E+02    2.188589E+02   -2.171860E+01    0.000000E+00    0.000000E+00    0.000000E+00
1.855500E+00    7.981968E+01    1.194485E+02   -1.571313E+02    0.000000E+00    0.000000E+00    0.000000E+00   -2.164102E+02    1.828995E+02    2.917761E+01    0.000000E+00    0.000000E+00    0.000000E+00
1.856500E+00    1.093901E+02    5.005483E+01   -1.700059E+02    0.000000E+00    0.000000E+00    0.000000E+00   -1.637015E+02    2.192333E+02   -4.071411E+01    0.000000E+00    0.000000E+00    0.000000E+00
1.857500E+00    7.824314E+01    7.588044E+01   -1.426712E+02    0.000000E+00    0.000000E+00    0.000000E+00   -1.677691E+02    1.711823E+02   -1.295568E+00    0.000000E+00    0.000000E+00    0.000000E+00
1.858500E+00    1.074979E+02    8.727413E+01   -1.600745E+02    0.000000E+00    0.000000E+00    0.000000E+00   -1.916822E+02    2.087843E+02   -1.509336E+01    0.000000E+00    0.000000E+00    0.000000E+00
1.859500E+00    3.740730E+01    1.277981E+02   -1.405497E+02    0.000000E+00    0.000000E+00    0.000000E+00   -2.156460E+02    1.311025E+02    6.175336E+01    0.000000E+00    0.000000E+00    0.000000E+00
1.860500E+00    1.673823E+02    1.424945E+01   -1.752638E+02    0.000000E+00    0.000000E+00    0.000000E+00   -1.363734E+02    2.739841E+02   -1.081939E+02    0.000000E+00    0.000000E+00    0.000000E+00
1.861500E+00    1.501668E+02    7.153402E+01   -1.927733E+02    0.000000E+00    0.000000E+00    0.000000E+00   -2.034303E+02    2.676992E+02   -5.947987E+01    0.000000E+00    0.000000E+00    0.000000E+00
1.862500E+00    1.227951E+02    6.683075E+01   -1.802489E+02    0.000000E+00    0.000000E+00    0.000000E+00   -1.908674E+02    2.344136E+02   -4.313812E+01    0.000000E+00    0.000000E+00    0.000000E+00
1.863500E+00    1.051345E+02    7.023321E+01   -1.482182E+02    0.000000E+00    0.000000E+00    0.000000E+00   -1.717420E+02    1.951875E+02   -2.927644E+01    0.000000E+00    0.000000E+00    0.000000E+00
1.864500E+00    1.101298E+02    3.739471E+01   -1.516467E+02    0.000000E+00    0.000000E+00    0.000000E+00   -1.457887E+02    2.017002E+02   -5.584615E+01    0.000000E+00    0.000000E+00    0.000000E+00
1.865500E+00    8.459126E+01    9.200121E+01   -1.449820E+02    0.000000E+00    0.000000E+00    0.000000E+00   -1.914819E+02    1.721636E+02   -2.413094E+00    0.000000E+00    0.000000E+00    0.000000E+00
1.866500E+00    7.621398E+01    9.629610E+01   -1.627133E+02    0.000000E+00    0.000000E+00    0.000000E+00   -2.096102E+02    1.760832E+02    5.953444E+00    0.000000E+00    0.000000E+00    0.000000E+00
1.867500E+00    6.519703E+01    1.083449E+02   -1.449469E+02    0.000000E+00    0.000000E+00    0.000000E+00   -2.084724E+02    1.528541E+02    2.065956E+01    0.000000E+00    0.000000E+00    0.000000E+00
1.868500E+00    1.266480E+02    1.973390E+01   -1.503474E+02    0.000000E+00    0.000000E+00    0.000000E+00   -1.310839E+02    2.139873E+02   -8.193760E+01    0.000000E+00    0.000000E+00    0.000000E+00
1.869500E+00    7.086259E+01    8.513165E+01   -1.402630E+02    0.000000E+00    0.000000E+00    0.000000E+00   -1.852112E+02    1.539118E+02   -3.901024E-01    0.000000E+00    0.000000E+00    0.000000E+00
1.870500E+00    4.252543E+01    8.383615E+01   -1.213934E+02    0.000000E+00    0.000000E+00    0.000000E+00   -1.700337E+02    1.161329E+02    2.045740E+01    0.000000E+00    0.000000E+00    0.000000E+00
1.871500E+00    4.063078E+01    1.030766E+02   -1.267364E+02    0.000000E+00    0.000000E+00    0.000000E+00   -1.909660E+02    1.175771E+02    3.436267E+01    0.000000E+00    0.000000E+00    0.000000E+00
1.872500E+00    4.167754E+01    9.264332E+01   -1.447418E+02    0.000000E+00    0.000000E+00    0.000000E+00   -1.960236E+02    1.300259E+02    2.648086E+01    0.000000E+00    0.000000E+00    0.000000E+00
1.873500E+00    5.480387E+01    7.612091E+01   -1.208442E+02    0.000000E+00    0.000000E+00    0.000000E+00   -1.622352E+02    1.264330E+02    5.789540E+00    0.000000E+00    0.000000E+00    0.000000E+00
1.874500E+00    7.015371E+01    1.167908E+02   -1.760043E+02    0.000000E+00    0.000000E+00    0.000000E+00   -2.440266E+02    1.728023E+02    1.722219E+01    0.000000E+00    0.000000E+00    0.000000E+00
1.875500E+00    5.244026E+01    9.267196E+01   -1.430654E+02    0.000000E+00    0.000000E+00    0.000000E+00   -1.967544E+02    1.361277E+02    1.600129E+01    0.000000E+00    0.000000E+00    0.000000E+00
1.876500E+00    1.201597E+02    9.158602E+01   -1.898854E+02    0.000000E+00    0.000000E+00    0.000000E+00   -2.317250E+02    2.270336E+02   -3.749803E+01    0.000000E+00    0.000000E+00    0.000000E+00
1.877500E+00    7.076637E+01    9.374233E+01   -1.671965E+02    0.000000E+00    0.000000E+00    0.000000E+00   -2.187415E+02    1.659267E+02    1.391767E-01    0.000000E+00    0.000000E+00    0.000000E+00
1.878500E+00    9.746513E+01    1.185593E+02   -1.883030E+02    0.000000E+00    0.000000E+00    0.000000E+00   -2.583375E+02    2.020884E+02   -6.489368E+00    0.000000E+00    0.000000E+00    0.000000E+00
1.879500E+00    8.334901E+01    9.044942E+01   -1.632317E+02    0.000000E+00    0.000000E+00    0.000000E+00   -2.128898E+02    1.745142E+02   -1.205722E+01    0.000000E+00    0.000000E+00    0.000000E+00
1.880500E+00    6.378759E+01    1.353621E+02   -1.715191E+02    0.000000E+00    0.000000E+00    0.000000E+00   -2.617541E+02    1.595853E+02    2.843188E+01    0.000000E+00    0.000000E+00    0.000000E+00
1.881500E+00    3.780350E+01    1.415074E+02   -1.764678E+02    0.000000E+00    0.000000E+00    0.000000E+00   -2.723257E+02    1.380033E+02    5.229268E+01    0.000000E+00    0.000000E+00    0.000000E+00
1.882500E+00    1.285327E+02    8.117971E+01   -1.711994E+02    0.000000E+00    0.000000E+00    0.000000E+00   -2.119444E+02    2.185569E+02   -5.586188E+01    0.000000E+00    0.000000E+00    0.000000E+00
1.883500E+00    1.033996E+02    9.993070E+01   -1.771087E+02    0.000000E+00    0.000000E+00    0.000000E+00   -2.351990E+02    1.979963E+02   -2.605963E+01    0.000000E+00    0.000000E+00    0.000000E+00
1.884500E+00    6.954794E+01    1.074972E+02   -1.536549E+02    0.000000E+00    0.000000E+00    0.000000E+00   -2.242834E+02    1.517809E+02    4.459144E+00    0.000000E+00    0.000000E+00    0.000000E+00
1.885500E+00    3.235817E+01    1.486659E+02   -1.740377E+02    0.000000E+00    0.000000E+00    0.000000E+00   -2.797252E+02    1.284621E+02    5.771492E+01    0.000000E+00    0.000000E+00    0.000000E+00
1.886500E+00    1.254253E+01    1.376261E+02   -1.538782E+02    0.000000E+00    0.000000E+00    0.000000E+00   -2.539895E+02    9.748708E+01    6.675207E+01    0.000000E+00    0.000000E+00    0.000000E+00
1.887500E+00    4.152491E+01    1.055132E+02   -1.335289E+02    0.000000E+00    0.000000E+00    0.000000E+00   -2.071288E+02    1.128223E+02    2.479357E+01    0.000000E+00    0.000000E+00    0.000000E+00
1.888500E+00    7.146849E+01    7.703991E+01   -1.375340E+02    0.000000E+00    0.000000E+00    0.000000E+00   -1.847398E+02    1.425049E+02   -1.623652E+01    0.000000E+00    0.000000E+00    0.000000E+00
1.889500E+00    7.916038E+01    7.687923E+01   -1.395477E+02    0.000000E+00    0.000000E+00    0.000000E+00   -1.858792E+02    1.507255E+02   -2.259806E+01    0.000000E+00    0.000000E+00    0.000000E+00
1.890500E+00    5.456026E+01    9.426499E+01   -1.367748E+02    0.000000E+00    0.000000E+00    0.000000E+00   -2.003853E+02    1.258720E+02    6.651530E+00    0.000000E+00    0.000000E+00    0.000000E+00
1.891500E+00    6.540699E+01    1.018035E+02   -1.583515E+02    0.000000E+00    0.000000E+00    0.000000E+00   -2.262208E+02    1.467385E+02    8.942991E-01    0.000000E+00    0.000000E+00    0.000000E+00
1.892500E+00    5.217665E+01    8.637498E+01   -1.299433E+02    0.000000E+00    0.000000E+00    0.000000E+00   -1.882395E+02    1.189090E+02    3.401023E+00    0.000000E+00    0.000000E+00    0.000000E+00
1.893500E+00    9.513554E+01    8.735691E+01   -1.644438E+02    0.000000E+00    0.000000E+00    0.000000E+00   -2.184383E+02    1.765295E+02   -3.289738E+01    0.000000E+00    0.000000E+00    0.000000E+00
1.894500E+00    5.558788E+01    6.897200E+01   -1.225286E+02    0.000000E+00    0.000000E+00    0.000000E+00   -1.677506E+02    1.164752E+02   -1.081138E+01    0.000000E+00    0.000000E+00    0.000000E+00
1.895500E+00    4.886969E+01    7.859159E+01   -1.235127E+02    0.000000E+00    0.000000E+00    0.000000E+00   -1.774851E+02    1.101951E+02   -2.941403E-01    0.000000E+00    0.000000E+00    0.000000E+00
1.896500E+00    2.041523E+01    1.035067E+02   -1.142775E+02    0.000000E+00    0.000000E+00    0.000000E+00   -1.931532E+02    7.814547E+01    3.624785E+01    0.000000E+00    0.000000E+00    0.000000E+00
1.897500E+00    5.157791E+01    8.486578E+01   -1.379019E+02    0.000000E+00    0.000000E+00    0.000000E+00   -1.963989E+02    1.193047E+02   -1.860371E-01    0.000000E+00    0.000000E+00    0.000000E+00
1.898500E+00    4.159527E+01    1.330588E+02   -1.565253E+02    0.000000E+00    0.000000E+00    0.000000E+00   -2.573868E+02    1.175829E+02    3.174014E+01    0.000000E+00    0.000000E+00    0.000000E+00
1.899500E+00    6.850322E+01    9.327254E+01   -1.481594E+02    0.000000E+00    0.000000E+00    0.000000E+00   -2.134574E+02    1.394782E+02   -1.106289E+01    0.000000E+00    0.000000E+00    0.000000E+00
1.900500E+00   -1.150195E+01    1.354229E+02   -1.318897E+02    0.000000E+00    0.000000E+00    0.000000E+00   -2.390432E+02    5.607871E+01    7.827723E+01    0.000000E+00    0.000000E+00    0.000000E+00
1.901500E+00    4.191357E+01    1.322762E+02   -1.555286E+02    0.000000E+00    0.000000E+00    0.000000E+00   -2.555476E+02    1.180856E+02    3.132006E+01    0.000000E+00    0.000000E+00    0.000000E+00
1.902500E+00    1.222016E+02    9.410581E+01   -1.847764E+02    0.000000E+00    0.000000E+00    0.000000E+00   -2.464779E+02    2.064453E+02   -5.822682E+01    0.000000E+00    0.000000E+00    0.000000E+00
1.903500E+00    8.640416E+01    1.544490E+02   -2.227908E+02    0.000000E+00    0.000000E+00    0.000000E+00   -3.358944E+02    1.904713E+02    1.354780E+00    0.000000E+00    0.000000E+00    0.000000E+00
1.904500E+00    6.968898E+01    1.046179E+02   -1.678318E+02    0.000000E+00    0.000000E+00    0.000000E+00   -2.422900E+02    1.482809E+02   -8.281724E+00    0.000000E+00    0.000000E+00    0.000000E+00
1.905500E+00    8.284267E+01    1.249196E+02   -1.712989E+02    0.000000E+00    0.000000E+00    0.000000E+00   -2.650079E+02    1.594383E+02   -1.177659E+01    0.000000E+00    0.000000E+00    0.000000E+00
1.906500E+00    6.105615E+01    9.210117E+01   -1.384259E+02    0.000000E+00    0.000000E+00    0.000000E+00   -2.063007E+02    1.235181E+02   -8.816949E+00    0.000000E+00    0.000000E+00    0.000000E+00
1.907500E+00    6.160786E+01    1.044260E+02   -1.405855E+02    0.000000E+00    0.000000E+00    0.000000E+00   -2.200592E+02    1.242647E+02   -4.244358E+00    0.000000E+00    0.000000E+00    0.000000E+00
1.908500E+00    2.568705E+01    1.239881E+02   -1.690947E+02    0.000000E+00    0.000000E+00    0.000000E+00   -2.633512E+02    1.052191E+02    3.690863E+01    0.000000E+00    0.000000E+00    0.000000E+00
1.909500E+00    4.564863E+01    1.039802E+02   -1.357663E+02    0.000000E+00    0.000000E+00    0.000000E+00   -2.154096E+02    1.069153E+02    9.411658E+00    0.000000E+00    0.000000E+00    0.000000E+00
1.910500E+00    4.068661E+01    7.877670E+01   -1.189271E+02    0.000000E+00    0.000000E+00    0.000000E+00   -1.779908E+02    9.418953E+01    1.402825E+00    0.000000E+00    0.000000E+00    0.000000E+00
1.911500E+00    3.946246E+01    6.499358E+01   -1.008750E+02    0.000000E+00    0.000000E+00    0.000000E+00   -1.490600E+02    8.456499E+01   -3.947665E+00    0.000000E+00    0.000000E+00    0.000000E+00
1.912500E+00    5.963151E+01    8.811879E+01   -1.316347E+02    0.000000E+00    0.000000E+00    0.000000E+00   -1.983289E+02    1.163522E+02   -1.202466E+01    0.000000E+00    0.000000E+00    0.000000E+00
1.913500E+00    2.188131E+01    8.910550E+01   -1.279329E+02    0.000000E+00    0.000000E+00    0.000000E+00   -1.961071E+02    7.993427E+01    2.217502E+01    0.000000E+00    0.000000E+00    0.000000E+00
1.914500E+00    6.712555E+01    9.817891E+01   -1.425413E+02    0.000000E+00    0.000000E+00    0.000000E+00   -2.176738E+02    1.274684E+02   -1.457546E+01    0.000000E+00    0.000000E+00    0.000000E+00
1.915500E+00    4.562236E+01    7.699049E+01   -1.175569E+02    0.000000E+00    0.000000E+00    0.000000E+00   -1.767031E+02    9.536291E+01   -6.007133E+00    0.000000E+00    0.000000E+00    0.000000E+00
1.916500E+00    2.039327E+01    9.648134E+01   -1.078841E+02    0.000000E+00    0.000000E+00    0.000000E+00   -1.854515E+02    6.808247E+01    2.571891E+01    0.000000E+00    0.000000E+00    0.000000E+00
1.917500E+00    6.813873E+01    1.133126E+02   -1.775688E+02    0.000000E+00    0.000000E+00    0.000000E+00   -2.645407E+02    1.424888E+02   -1.057046E+01    0.000000E+00    0.000000E+00    0.000000E+00
1.918500E+00    2.156314E+01    1.020278E+02   -1.217780E+02    0.000000E+00    0.000000E+00    0.000000E+00   -2.048736E+02    7.294785E+01    2.490169E+01    0.000000E+00    0.000000E+00    0.000000E+00
1.919500E+00    5.321628E+01    1.061897E+02   -1.492977E+02    0.000000E+00    0.000000E+00    0.000000E+00   -2.324087E+02    1.156541E+02   -5.777811E-01    0.000000E+00    0.000000E+00    0.000000E+00
1.920500E+00    6.177450E+01    9.329635E+01   -1.442483E+02    0.000000E+00    0.000000E+00    0.000000E+00   -2.166999E+02    1.204514E+02   -1.493534E+01    0.000000E+00    0.000000E+00    0.000000E+00
1.921500E+00    3.708479E+01    1.110218E+02   -1.337784E+02    0.000000E+00    0.000000E+00    0.000000E+00   -2.236486E+02    9.217377E+01    1.440000E+01    0.000000E+00    0.000000E+00    0.000000E+00
1.922500E+00    1.518606E+01    1.133885E+02   -1.519956E+02    0.000000E+00    0.000000E+00    0.000000E+00   -2.423495E+02    8.043650E+01    3.573753E+01    0.000000E+00    0.000000E+00    0.000000E+00
1.923500E+00    4.775973E+01    1.237450E+02   -1.264877E+02    0.000000E+00    0.000000E+00    0.000000E+00   -2.288300E+02    9.782804E+01    9.371048E+00    0.000000E+00    0.000000E+00    0.000000E+00
1.924500E+00    4.027532E+01    1.240207E+02   -1.714083E+02    0.000000E+00    0.000000E+00    0.000000E+00   -2.709871E+02    1.095242E+02    1.552424E+01    0.000000E+00    0.000000E+00    0.000000E+00
1.925500E+00    6.896271E+01    1.001697E+02   -1.488484E+02    0.000000E+00    0.000000E+00    0.000000E+00   -2.276542E+02    1.273213E+02   -1.996462E+01    0.000000E+00    0.000000E+00    0.000000E+00
1.926500E+00    4.873041E+01    1.129539E+02   -1.422314E+02    0.000000E+00    0.000000E+00    0.000000E+00   -2.339885E+02    1.043684E+02    2.477125E+00    0.000000E+00    0.000000E+00    0.000000E+00
1.927500E+00    4.893488E+01    1.141062E+02   -1.629426E+02    0.000000E+00    0.000000E+00    0.000000E+00   -2.542965E+02    1.126042E+02    2.372206E+00    0.000000E+00    0.000000E+00    0.000000E+00
1.928500E+00    8.285968E+01    1.126568E+02   -1.642892E+02    0.000000E+00    0.000000E+00    0.000000E+00   -2.537845E+02    1.453031E+02   -2.863841E+01    0.000000E+00    0.000000E+00    0.000000E+00
1.929500E+00    2.289181E+01    1.191902E+02   -1.590269E+02    0.000000E+00    0.000000E+00    0.000000E+00   -2.560229E+02    8.553838E+01    2.712837E+01    0.000000E+00    0.000000E+00    0.000000E+00
1.930500E+00    8.365579E+01    7.975102E+01   -1.324835E+02    0.000000E+00    0.000000E+00    0.000000E+00   -1.945299E+02    1.323209E+02   -4.336915E+01    0.000000E+00    0.000000E+00    0.000000E+00
1.931500E+00    6.772785E+01    1.044059E+02   -1.531103E+02    0.000000E+00    0.000000E+00    0.000000E+00   -2.369015E+02    1.241932E+02   -2.024944E+01    0.000000E+00    0.000000E+00    0.000000E+00
1.932500E+00    5.450413E+01    9.041729E+01   -1.279629E+02    0.000000E+00    0.000000E+00    0.000000E+00   -2.008352E+02    1.018584E+02   -1.360663E+01    0.000000E+00    0.000000E+00    0.000000E+00
1.933500E+00    7.968516E+01    8.596877E+01   -1.409434E+02    0.000000E+00    0.000000E+00    0.000000E+00   -2.089856E+02    1.302755E+02   -3.870621E+01    0.000000E+00    0.000000E+00    0.000000E+00
1.934500E+00    1.792659E+01    6.882612E+01   -9.482129E+01    0.000000E+00    0.000000E+00    0.000000E+00   -1.512531E+02    5.358797E+01    1.028721E+01    0.000000E+00    0.000000E+00    0.000000E+00
1.935500E+00   -2.540029E+01    1.211834E+02   -1.288753E+02    0.000000E+00    0.000000E+00    0.000000E+00   -2.313006E+02    2.571041E+01    6.984495E+01    0.000000E+00    0.000000E+00    0.000000E+00
1.936500E+00    5.247742E+01    8.201526E+01   -1.186906E+02    0.000000E+00    0.000000E+00    0.000000E+00   -1.849766E+02    9.591582E+01   -1.572042E+01    0.000000E+00    0.000000E+00    0.000000E+00
1.937500E+00    5.641863E+01    9.153447E+01   -1.444772E+02    0.000000E+00    0.000000E+00    0.000000E+00   -2.185657E+02    1.077594E+02   -1.729208E+01    0.000000E+00    0.000000E+00    0.000000E+00
1.938500E+00    3.534205E+01    1.149265E+02   -1.521195E+02    0.000000E+00    0.000000E+00    0.000000E+00   -2.474117E+02    9.000402E+01    1.044144E+01    0.000000E+00    0.000000E+00    0.000000E+00
1.939500E+00   -6.292098E+00    1.189853E+02   -1.327793E+02    0.000000E+00    0.000000E+00    0.000000E+00   -2.336237E+02    4.256968E+01    4.946841E+01    0.000000E+00    0.000000E+00    0.000000E+00
1.940500E+00    5.327023E+01    9.178700E+01   -1.308337E+02    0.000000E+00    0.000000E+00    0.000000E+00   -2.058767E+02    9.966417E+01   -1.402950E+01    0.000000E+00    0.000000E+00    0.000000E+00
1.941500E+00    8.100360E+01    1.012002E+02   -1.396515E+02    0.000000E+00    0.000000E+00    0.000000E+00   -2.233887E+02    1.270577E+02   -3.767276E+01    0.000000E+00    0.000000E+00    0.000000E+00
1.942500E+00    2.412059E+01    1.127051E+02   -1.480106E+02    0.000000E+00    0.000000E+00    0.000000E+00   -2.421468E+02    7.704181E+01    1.916711E+01    0.000000E+00    0.000000E+00    0.000000E+00
1.943500E+00    2.786570E+01    1.067994E+02   -1.291868E+02    0.000000E+00    0.000000E+00    0.000000E+00   -2.188036E+02    7.383182E+01    1.372067E+01    0.000000E+00    0.000000E+00    0.000000E+00
1.944500E+00    6.141867E+01    9.796867E+01   -1.442481E+02    0.000000E+00    0.000000E+00    0.000000E+00   -2.248725E+02    1.102746E+02   -2.096364E+01    0.000000E+00    0.000000E+00    0.000000E+00
1.945500E+00   -4.853967E+00    1.253767E+02   -1.415645E+02    0.000000E+00    0.000000E+00    0.000000E+00   -2.483294E+02    4.516923E+01    4.857780E+01    0.000000E+00    0.000000E+00    0.000000E+00
1.946500E+00   -4.417779E+00    1.249997E+02   -1.552635E+02    0.000000E+00    0.000000E+00    0.000000E+00   -2.603856E+02    5.181043E+01    4.903679E+01    0.000000E+00    0.000000E+00    0.000000E+00
1.947500E+00    2.549427E+01    1.099422E+02   -1.372331E+02    0.000000E+00    0.000000E+00    0.000000E+00   -2.296907E+02    7.261529E+01    1.533857E+01    0.000000E+00    0.000000E+00    0.000000E+00
1.948500E+00    2.602127E+01    1.146793E+02   -1.550737E+02    0.000000E+00    0.000000E+00    0.000000E+00   -2.508579E+02    7.901593E+01    1.619765E+01    0.000000E+00    0.000000E+00    0.000000E+00
1.949500E+00    5.325683E+01    1.205904E+02   -1.468054E+02    0.000000E+00    0.000000E+00    0.000000E+00   -2.482728E+02    1.010038E+02   -7.392428E+00    0.000000E+00    0.000000E+00    0.000000E+00
1.950500E+00    6.781712E+00    1.145111E+02   -1.631390E+02    0.000000E+00    0.000000E+00    0.000000E+00   -2.585599E+02    6.355561E+01    3.369174E+01    0.000000E+00    0.000000E+00    0.000000E+00
1.951500E+00   -6.238649E+00    1.338232E+02   -1.527957E+02    0.000000E+00    0.000000E+00    0.000000E+00   -2.662258E+02    4.712028E+01    5.214137E+01    0.000000E+00    0.000000E+00    0.000000E+00
1.952500E+00    5.545481E+01    9.594299E+01   -1.420303E+02    0.000000E+00    0.000000E+00    0.000000E+00   -2.212842E+02    1.016510E+02   -1.795511E+01    0.000000E+00    0.000000E+00    0.000000E+00
1.953500E+00    1.188678E+01    1.030850E+02   -1.333740E+02    0.000000E+00    0.000000E+00    0.000000E+00   -2.200244E+02    5.672080E+01    2.401189E+01    0.000000E+00    0.000000E+00    0.000000E+00
1.954500E+00    2.169388E+01    1.247268E+02   -1.774747E+02    0.000000E+00    0.000000E+00    0.000000E+00   -2.813495E+02    8.148497E+01    2.278726E+01    0.000000E+00    0.000000E+00    0.000000E+00
1.955500E+00    1.741800E+01    1.345925E+02   -1.581074E+02    0.000000E+00    0.000000E+00    0.000000E+00   -2.718912E+02    6.926471E+01    2.910966E+01    0.000000E+00    0.000000E+00    0.000000E+00
1.956500E+00    1.785054E+01    8.218523E+01   -1.231862E+02    0.000000E+00    0.000000E+00    0.000000E+00   -1.914564E+02    5.942436E+01    1.183610E+01    0.000000E+00    0.000000E+00    0.000000E+00
1.957500E+00    2.646550E+01    1.212567E+02   -1.607910E+02    0.000000E+00    0.000000E+00    0.000000E+00   -2.622625E+02    7.852170E+01    1.591915E+01    0.000000E+00    0.000000E+00    0.000000E+00
1.958500E+00    3.807345E+01    1.118094E+02   -1.260794E+02    0.000000E+00    0.000000E+00    0.000000E+00   -2.211538E+02    7.813452E+01    2.236212E+00    0.000000E+00    0.000000E+00    0.000000E+00
1.959500E+00    4.659559E+01    1.156825E+02   -1.659615E+02    0.000000E+00    0.000000E+00    0.000000E+00   -2.625892E+02    9.930056E+01   -4.723655E+00    0.000000E+00    0.000000E+00    0.000000E+00
1.960500E+00   -1.020139E+01    9.704929E+01   -1.124944E+02    0.000000E+00    0.000000E+00    0.000000E+00   -1.954845E+02    2.831322E+01    4.186295E+01    0.000000E+00    0.000000E+00    0.000000E+00
1.961500E+00    4.214105E+01    9.982575E+01   -1.470577E+02    0.000000E+00    0.000000E+00    0.000000E+00   -2.301918E+02    8.905502E+01   -5.710320E+00    0.000000E+00    0.000000E+00    0.000000E+00
1.962500E+00   -2.005824E+01    9.396255E+01   -9.995953E+01    0.000000E+00    0.000000E+00    0.000000E+00   -1.807594E+02    1.395315E+01    4.934101E+01    0.000000E+00    0.000000E+00    0.000000E+00
1.963500E+00    3.498726E+01    9.008705E+01   -1.339545E+02    0.000000E+00    0.000000E+00    0.000000E+00   -2.092946E+02    7.785087E+01   -2.394954E+00    0.000000E+00    0.000000E+00    0.000000E+00
1.964500E+00   -1.832618E+01    1.163192E+02   -1.139934E+02    0.000000E+00    0.000000E+00    0.000000E+00   -2.145664E+02    2.021518E+01    5.538463E+01    0.000000E+00    0.000000E+00    0.000000E+00
1.965500E+00    5.808467E+01    9.168061E+01   -1.096698E+02    0.000000E+00    0.000000E+00    0.000000E+00   -1.875215E+02    9.130956E+01   -2.331298E+01    0.000000E+00    0.000000E+00    0.000000E+00
1.966500E+00    3.411942E+01    7.883219E+01   -1.251969E+02    0.000000E+00    0.000000E+00    0.000000E+00   -1.910447E+02    7.361010E+01   -5.778773E+00    0.000000E+00    0.000000E+00    0.000000E+00
1.967500E+00    3.332887E+01    1.026543E+02   -1.151097E+02    0.000000E+00    0.000000E+00    0.000000E+00   -2.028889E+02    6.940119E+01    2.928800E+00    0.000000E+00    0.000000E+00    0.000000E+00
1.968500E+00    4.988903E+01    7.337354E+01   -8.093780E+01    0.000000E+00    0.000000E+00    0.000000E+00   -1.437488E+02    7.347662E+01   -2.246005E+01    0.000000E+00    0.000000E+00    0.000000E+00
1.969500E+00    8.787531E+00    7.406332E+01   -1.077844E+02    0.000000E+00    0.000000E+00    0.000000E+00   -1.700732E+02    4.430196E+01    1.625058E+01    0.000000E+00    0.000000E+00    0.000000E+00
1.970500E+00    1.378600E+01    1.215534E+02   -1.766378E+02    0.000000E+00    0.000000E+00    0.000000E+00   -2.778982E+02    7.022894E+01    2.641552E+01    0.000000E+00    0.000000E+00    0.000000E+00
1.971500E+00    2.900128E+01    1.120465E+02   -1.317010E+02    0.000000E+00    0.000000E+00    0.000000E+00   -2.271283E+02    7.085090E+01    9.900901E+00    0.000000E+00    0.000000E+00    0.000000E+00
1.972500E+00    1.768595E+01    8.780943E+01   -1.345717E+02    0.000000E+00    0.000000E+00    0.000000E+00   -2.077370E+02    6.107630E+01    1.232108E+01    0.000000E+00    0.000000E+00    0.000000E+00
1.973500E+00    4.318861E+01    9.493315E+01   -1.224936E+02    0.000000E+00    0.000000E+00    0.000000E+00   -2.025209E+02    8.005065E+01   -9.611549E+00    0.000000E+00    0.000000E+00    0.000000E+00
1.974500E+00    4.226823E+01    1.017735E+02   -1.191001E+02    0.000000E+00    0.000000E+00    0.000000E+00   -2.055316E+02    7.863652E+01   -6.029305E+00    0.000000E+00    0.000000E+00    0.000000E+00
1.975500E+00    2.870974E+01    1.139461E+02   -1.546660E+02    0.000000E+00    0.000000E+00    0.000000E+00   -2.501730E+02    7.755105E+01    1.047738E+01    0.000000E+00    0.000000E+00    0.000000E+00
1.976500E+00    4.677727E+01    1.242426E+02   -1.978977E+02    0.000000E+00    0.000000E+00    0.000000E+00   -3.005813E+02    1.085207E+02   -3.061979E+00    0.000000E+00    0.000000E+00    0.000000E+00
1.977500E+00    3.648147E+01    1.102127E+02   -1.073643E+02    0.000000E+00    0.000000E+00    0.000000E+00   -2.013280E+02    6.873570E+01    1.782610E+00    0.000000E+00    0.000000E+00    0.000000E+00
1.978500E+00    2.770021E+01    1.087025E+02   -1.604730E+02    0.000000E+00    0.000000E+00    0.000000E+00   -2.510944E+02    7.877002E+01    9.683494E+00    0.000000E+00    0.000000E+00    0.000000E+00
1.979500E+00    3.748823E+01    9.016554E+01   -1.612582E+02    0.000000E+00    0.000000E+00    0.000000E+00   -2.348157E+02    8.776413E+01   -5.781742E+00    0.000000E+00    0.000000E+00    0.000000E+00
1.980500E+00    4.828831E+01    1.558801E+02   -1.703265E+02    0.000000E+00    0.000000E+00    0.000000E+00   -3.026988E+02    1.003539E+02    5.828353E+00    0.000000E+00    0.000000E+00    0.000000E+00
1.981500E+00    3.722675E+01    1.053765E+02   -1.677696E+02    0.000000E+00    0.000000E+00    0.000000E+00   -2.541627E+02    8.977551E+01   -2.359135E-01    0.000000E+00    0.000000E+00    0.000000E+00
1.982500E+00    3.331499E+01    5.816181E+01   -1.028929E+02    0.000000E+00    0.000000E+00    0.000000E+00   -1.487592E+02    6.451185E+01   -1.231462E+01    0.000000E+00    0.000000E+00    0.000000E+00
1.983500E+00    4.060430E+01    9.239040E+01   -1.395155E+02    0.000000E+00    0.000000E+00    0.000000E+00   -2.167037E+02    8.357409E+01   -7.909860E+00    0.000000E+00    0.000000E+00    0.000000E+00
1.984500E+00    4.038257E+01    1.081807E+02   -1.630901E+02    0.000000E+00    0.000000E+00    0.000000E+00   -2.522942E+02    9.112402E+01   -2.133562E+00    0.000000E+00    0.000000E+00    0.000000E+00
1.985500E+00    4.290342E+01    1.512042E+02   -1.864546E+02    0.000000E+00    0.000000E+00    0.000000E+00   -3.143496E+02    1.012019E+02    9.662980E+00    0.000000E+00    0.000000E+00    0.000000E+00
1.986500E+00    3.593896E+01    1.009648E+02   -1.143752E+02    0.000000E+00    0.000000E+00    0.000000E+00   -2.000012E+02    7.093847E+01   -5.016418E-01    0.000000E+00    0.000000E+00    0.000000E+00
1.987500E+00    2.712630E+01    9.289270E+01   -1.147790E+02    0.000000E+00    0.000000E+00    0.000000E+00   -1.935857E+02    6.300884E+01    4.877611E+00    0.000000E+00    0.000000E+00    0.000000E+00
1.988500E+00    3.847325E+01    7.082849E+01   -1.252723E+02    0.000000E+00    0.000000E+00    0.000000E+00   -1.829137E+02    7.729553E+01   -1.251589E+01    0.000000E+00    0.000000E+00    0.000000E+00
1.989500E+00    3.426608E+01    1.152188E+02   -1.410076E+02    0.000000E+00    0.000000E+00    0.000000E+00   -2.380736E+02    7.805664E+01    5.784461E+00    0.000000E+00    0.000000E+00    0.000000E+00
1.990500E+00    5.104621E+01    1.172566E+02   -1.558968E+02    0.000000E+00    0.000000E+00    0.000000E+00   -2.537677E+02    9.875945E+01   -9.128269E+00    0.000000E+00    0.000000E+00    0.000000E+00
1.991500E+00    4.345808E+01    1.194162E+02   -1.415175E+02    0.000000E+00    0.000000E+00    0.000000E+00   -2.423841E+02    8.680011E+01   -1.366903E+00    0.000000E+00    0.000000E+00    0.000000E+00
1.992500E+00    4.247993E+01    9.853279E+01   -1.516470E+02    0.000000E+00    0.000000E+00    0.000000E+00   -2.331815E+02    8.967978E+01   -7.093099E+00    0.000000E+00    0.000000E+00    0.000000E+00
1.993500E+00    4.794444E+01    1.001164E+02   -1.331190E+02    0.000000E+00    0.000000E+00    0.000000E+00   -2.162592E+02    8.876818E+01   -1.162181E+01    0.000000E+00    0.000000E+00    0.000000E+00
1.994500E+00    3.182210E+01    6.875369E+01   -9.950450E+01    0.000000E+00    0.000000E+00    0.000000E+00   -1.567924E+02    6.265135E+01   -7.190763E+00    0.000000E+00    0.000000E+00    0.000000E+00
1.995500E+00    4.341098E+01    1.094735E+02   -1.496667E+02    0.000000E+00    0.000000E+00    0.000000E+00   -2.406245E+02    8.980702E+01   -4.388202E+00    0.000000E+00    0.000000E+00    0.000000E+00
1.996500E+00    5.576488E+01    1.376678E+02   -1.894261E+02    0.000000E+00    0.000000E+00    0.000000E+00   -3.045760E+02    1.146546E+02   -6.444686E+00    0.000000E+00    0.000000E+00    0.000000E+00
1.997500E+00    5.166945E+01    1.091664E+02   -1.552691E+02    0.000000E+00    0.000000E+00    0.000000E+00   -2.457169E+02    9.907613E+01   -1.235071E+01    0.000000E+00    0.000000E+00    0.000000E+00
1.998500E+00    4.003746E+01    8.655056E+01   -1.344607E+02    0.000000E+00    0.000000E+00    0.000000E+00   -2.059484E+02    8.185602E+01   -8.883478E+00    0.000000E+00    0.000000E+00    0.000000E+00
1.999500E+00    4.729297E+01    9.361667E+01   -1.450863E+02    0.000000E+00    0.000000E+00    0.000000E+00   -2.213437E+02    9.187122E+01   -1.319744E+01    0.000000E+00    0.000000E+00    0.000000E+00
2.000500E+00    4.117600E+01    1.412757E+02   -1.153458E+02    0.000000E+00    0.000000E+00    0.000000E+00   -2.369466E+02    7.609686E+01    8.306202E+00    0.000000E+00    0.000000E+00    0.000000E+00
2.001500E+00    3.343205E+01    6.277022E+01   -1.798331E+02    0.000000E+00    0.000000E+00    0.000000E+00   -2.272577E+02    9.138563E+01   -1.040726E+01    0.000000E+00    0.000000E+00    0.000000E+00
2.002500E+00    5.688191E+01    1.360659E+02   -1.201974E+02    0.000000E+00    0.000000E+00    0.000000E+00   -2.362064E+02    9.240301E+01   -7.771138E+00    0.000000E+00    0.000000E+00    0.000000E+00
2.003500E+00    4.678159E+01    7.500468E+01   -1.412514E+02    0.000000E+00    0.000000E+00    0.000000E+00   -2.018295E+02    9.056536E+01   -1.869393E+01    0.000000E+00    0.000000E+00    0.000000E+00
2.004500E+00    4.108664E+01    1.186742E+02   -1.481983E+02    0.000000E+00    0.000000E+00    0.000000E+00   -2.476049E+02    8.735054E+01    1.023887E+00    0.000000E+00    0.000000E+00    0.000000E+00
2.005500E+00    3.481343E+01    1.067484E+02   -1.554605E+02    0.000000E+00    0.000000E+00    0.000000E+00   -2.440377E+02    8.414246E+01    2.919705E+00    0.000000E+00    0.000000E+00    0.000000E+00
2.006500E+00    5.638192E+01    1.484891E+02   -1.793523E+02    0.000000E+00    0.000000E+00    0.000000E+00   -3.037344E+02    1.117871E+02   -3.209106E+00    0.000000E+00    0.000000E+00    0.000000E+00
2.007500E+00    2.879787E+01    9.220603E+01   -1.573340E+02    0.000000E+00    0.000000E+00    0.000000E+00   -2.327543E+02    7.934860E+01    3.797520E+00    0.000000E+00    0.000000E+00    0.000000E+00
2.008500E+00    4.104956E+01    1.022743E+02   -1.043482E+02    0.000000E+00    0.000000E+00    0.000000E+00   -1.906211E+02    7.278003E+01   -4.083145E+00    0.000000E+00    0.000000E+00    0.000000E+00
2.009500E+00    5.523065E+01    1.118338E+02   -1.647841E+02    0.000000E+00    0.000000E+00    0.000000E+00   -2.572394E+02    1.067772E+02   -1.383959E+01    0.000000E+00    0.000000E+00    0.000000E+00
2.010500E+00    5.949482E+01    9.178277E+01   -1.286699E+02    0.000000E+00    0.000000E+00    0.000000E+00   -2.043991E+02    9.834847E+01   -2.463604E+01    0.000000E+00    0.000000E+00    0.000000E+00
2.011500E+00    3.407109E+01    1.004531E+02   -1.129754E+02    0.000000E+00    0.000000E+00    0.000000E+00   -1.976334E+02    6.966576E+01    2.037019E+00    0.000000E+00    0.000000E+00    0.000000E+00
2.012500E+00    5.019820E+01    7.839389E+01   -1.188569E+02    0.000000E+00    0.000000E+00    0.000000E+00   -1.834584E+02    8.676042E+01   -2.034819E+01    0.000000E+00    0.000000E+00    0.000000E+00
2.013500E+00    4.361846E+01    1.044277E+02   -1.580388E+02    0.000000E+00    0.000000E+00    0.000000E+00   -2.439929E+02    9.369440E+01   -5.490202E+00    0.000000E+00    0.000000E+00    0.000000E+00
2.014500E+00    5.935338E+01    1.276093E+02   -1.507661E+02    0.000000E+00    0.000000E+00    0.000000E+00   -2.581660E+02    1.056181E+02   -1.232658E+01    0.000000E+00    0.000000E+00    0.000000E+00
2.015500E+00    5.588095E+01    1.010485E+02   -1.544548E+02    0.000000E+00    0.000000E+00    0.000000E+00   -2.374295E+02    1.038054E+02   -1.816220E+01    0.000000E+00    0.000000E+00    0.000000E+00
2.016500E+00    2.255369E+01    6.834437E+01   -7.939384E+01    0.000000E+00    0.000000E+00    0.000000E+00   -1.373089E+02    4.761954E+01    1.779680E+00    0.000000E+00    0.000000E+00    0.000000E+00
2.017500E+00    7.709166E+01    1.262273E+02   -1.762892E+02    0.000000E+00    0.000000E+00    0.000000E+00   -2.800921E+02    1.312822E+02   -2.880144E+01    0.000000E+00    0.000000E+00    0.000000E+00
2.018500E+00    4.864914E+01    1.010271E+02   -1.525480E+02    0.000000E+00    0.000000E+00    0.000000E+00   -2.361196E+02    9.640277E+01   -1.143816E+01    0.000000E+00    0.000000E+00    0.000000E+00
2.019500E+00    4.088300E+01    1.516071E+02   -1.480140E+02    0.000000E+00    0.000000E+00    0.000000E+00   -2.772204E+02    8.787080E+01    1.332239E+01    0.000000E+00    0.000000E+00    0.000000E+00
2.020500E+00    2.078649E+01    1.245221E+02   -2.192860E+02    0.000000E+00    0.000000E+00    0.000000E+00   -3.199615E+02    9.392154E+01    2.286559E+01    0.000000E+00    0.000000E+00    0.000000E+00
2.021500E+00    5.646484E+01    5.869315E+01   -5.595549E+01    0.000000E+00    0.000000E+00    0.000000E+00   -1.052026E+02    7.141534E+01   -3.243350E+01    0.000000E+00    0.000000E+00    0.000000E+00
2.022500E+00    2.424189E+01    1.344475E+02   -1.414977E+02    0.000000E+00    0.000000E+00    0.000000E+00   -2.555364E+02    7.018764E+01    2.286465E+01    0.000000E+00    0.000000E+00    0.000000E+00
2.023500E+00    1.739363E+01    9.421572E+01   -1.594623E+02    0.000000E+00    0.000000E+00    0.000000E+00   -2.355905E+02    7.080256E+01    1.591904E+01    0.000000E+00    0.000000E+00    0.000000E+00
2.024500E+00    1.830678E+01    1.777518E+02   -2.319315E+02    0.000000E+00    0.000000E+00    0.000000E+00   -3.797871E+02    9.619898E+01    4.362836E+01    0.000000E+00    0.000000E+00    0.000000E+00
2.025500E+00    6.635527E+01    1.639563E+02   -1.665974E+02    0.000000E+00    0.000000E+00    0.000000E+00   -3.045479E+02    1.174616E+02   -5.868842E+00    0.000000E+00    0.000000E+00    0.000000E+00
2.026500E+00    3.004337E+01    1.248587E+02   -1.895200E+02    0.000000E+00    0.000000E+00    0.000000E+00   -2.915126E+02    9.340123E+01    1.504173E+01    0.000000E+00    0.000000E+00    0.000000E+00
2.027500E+00   -1.032344E+01    8.976014E+01   -8.474756E+01    0.000000E+00    0.000000E+00    0.000000E+00   -1.609932E+02    2.025059E+01    4.070979E+01    0.000000E+00    0.000000E+00    0.000000E+00
2.028500E+00    2.179740E+01    7.202905E+01   -1.240568E+02    0.000000E+00    0.000000E+00    0.000000E+00   -1.817202E+02    6.335840E+01    4.705407E+00    0.000000E+00    0.000000E+00    0.000000E+00
2.029500E+00    5.863880E+01    1.278628E+02   -1.058129E+02    0.000000E+00    0.000000E+00    0.000000E+00   -2.147001E+02    9.037263E+01   -1.033653E+01    0.000000E+00    0.000000E+00    0.000000E+00
2.030500E+00   -5.279618E+01    8.360679E+01   -1.166463E+02    0.000000E+00    0.000000E+00    0.000000E+00   -1.864831E+02   -7.246511E+00    7.798424E+01    0.000000E+00    0.000000E+00    0.000000E+00
2.031500E+00    3.318796E+01    7.958426E+01   -9.704794E+01    0.000000E+00    0.000000E+00    0.000000E+00   -1.623918E+02    6.554200E+01   -2.274362E+00    0.000000E+00    0.000000E+00    0.000000E+00
2.032500E+00    1.231751E+01    9.101671E+01   -1.104759E+02    0.000000E+00    0.000000E+00    0.000000E+00   -1.866416E+02    5.034675E+01    2.045586E+01    0.000000E+00    0.000000E+00    0.000000E+00
2.033500E+00    5.090055E+01    6.029077E+01   -9.652983E+01    0.000000E+00    0.000000E+00    0.000000E+00   -1.444016E+02    8.198049E+01   -2.542682E+01    0.000000E+00    0.000000E+00    0.000000E+00
2.034500E+00    7.391414E+01    6.523277E+01   -1.027403E+02    0.000000E+00    0.000000E+00    0.000000E+00   -1.548380E+02    1.061042E+02   -4.445786E+01    0.000000E+00    0.000000E+00    0.000000E+00
2.035500E+00    5.351481E+01    4.871941E+01   -8.017953E+01    0.000000E+00    0.000000E+00    0.000000E+00   -1.189287E+02    7.854523E+01   -3.177027E+01    0.000000E+00    0.000000E+00    0.000000E+00
2.036500E+00    5.037356E+01    4.589598E+01   -5.269732E+01    0.000000E+00    0.000000E+00    0.000000E+00   -9.080472E+01    6.593737E+01   -2.973757E+01    0.000000E+00    0.000000E+00    0.000000E+00
2.037500E+00    2.503643E+01    1.178646E+02   -1.731185E+02    0.000000E+00    0.000000E+00    0.000000E+00   -2.689202E+02    8.596945E+01    1.945957E+01    0.000000E+00    0.000000E+00    0.000000E+00
2.038500E+00    5.305997E+01    1.504448E+02   -1.777939E+02    0.000000E+00    0.000000E+00    0.000000E+00   -3.022407E+02    1.127644E+02    5.149765E+00    0.000000E+00    0.000000E+00    0.000000E+00
2.039500E+00    7.922181E+01    1.127953E+02   -1.662485E+02    0.000000E+00    0.000000E+00    0.000000E+00   -2.571083E+02    1.334840E+02   -3.213917E+01    0.000000E+00    0.000000E+00    0.000000E+00
2.040500E+00    2.458605E+01    1.164940E+02   -1.443112E+02    0.000000E+00    0.000000E+00    0.000000E+00   -2.402456E+02    7.498706E+01    1.944841E+01    0.000000E+00    0.000000E+00    0.000000E+00
2.041500E+00    2.631875E+01    1.624545E+02   -2.217689E+02    0.000000E+00    0.000000E+00    0.000000E+00   -3.536026E+02    1.055545E+02    3.525601E+01    0.000000E+00    0.000000E+00    0.000000E+00
2.042500E+00    4.374614E+01    1.564432E+02   -1.895798E+02    0.000000E+00    0.000000E+00    0.000000E+00   -3.172394E+02    1.098513E+02    1.742014E+01    0.000000E+00    0.000000E+00    0.000000E+00
2.043500E+00    7.496811E+01    1.675839E+02   -2.083135E+02    0.000000E+00    0.000000E+00    0.000000E+00   -3.438712E+02    1.464319E+02   -6.324757E+00    0.000000E+00    0.000000E+00    0.000000E+00
2.044500E+00   -1.617946E+01    1.497087E+02   -1.858017E+02    0.000000E+00    0.000000E+00    0.000000E+00   -3.081123E+02    5.484049E+01    7.068931E+01    0.000000E+00    0.000000E+00    0.000000E+00
2.045500E+00    3.318298E+01    1.504283E+02   -1.889405E+02    0.000000E+00    0.000000E+00    0.000000E+00   -3.104846E+02    1.015348E+02    2.616662E+01    0.000000E+00    0.000000E+00    0.000000E+00
2.046500E+00    2.656263E+01    1.152682E+02   -1.333548E+02    0.000000E+00    0.000000E+00    0.000000E+00   -2.270863E+02    7.473904E+01    1.913576E+01    0.000000E+00    0.000000E+00    0.000000E+00
2.047500E+00   -5.952439E+00    1.083805E+02   -1.132900E+02    0.000000E+00    0.000000E+00    0.000000E+00   -2.027435E+02    3.750025E+01    4.668397E+01    0.000000E+00    0.000000E+00    0.000000E+00
2.048500E+00    7.854873E+01    1.179067E+02   -1.917338E+02    0.000000E+00    0.000000E+00    0.000000E+00   -2.825343E+02    1.463722E+02   -2.608386E+01    0.000000E+00    0.000000E+00    0.000000E+00
2.049500E+00    6.695227E+01    1.088162E+02   -1.786781E+02    0.000000E+00    0.000000E+00    0.000000E+00   -2.622725E+02    1.303130E+02   -1.950822E+01    0.000000E+00    0.000000E+00    0.000000E+00
2.050500E+00    8.640202E+01    1.087211E+02   -1.693916E+02    0.000000E+00    0.000000E+00    0.000000E+00   -2.530686E+02    1.450674E+02   -3.648909E+01    0.000000E+00    0.000000E+00    0.000000E+00
2.051500E+00    2.593376E+01    8.801759E+01   -1.026410E+02    0.000000E+00    0.000000E+00    0.000000E+00   -1.733969E+02    6.394542E+01    1.065246E+01    0.000000E+00    0.000000E+00    0.000000E+00
2.052500E+00    8.160167E+01    1.020144E+02   -1.740726E+02    0.000000E+00    0.000000E+00    0.000000E+00   -2.514268E+02    1.434120E+02   -3.409633E+01    0.000000E+00    0.000000E+00    0.000000E+00
2.053500E+00    3.598764E+01    8.348943E+01   -1.094283E+02    0.000000E+00    0.000000E+00    0.000000E+00   -1.754003E+02    7.627534E+01    2.597208E-01    0.000000E+00    0.000000E+00    0.000000E+00
2.054500E+00    3.440277E+01    6.692095E+01   -9.268308E+01    0.000000E+00    0.000000E+00    0.000000E+00   -1.453767E+02    6.845864E+01   -4.761397E+00    0.000000E+00    0.000000E+00    0.000000E+00
2.055500E+00    5.677171E+01    5.303083E+01   -8.677050E+01    0.000000E+00    0.000000E+00    0.000000E+00   -1.271078E+02    8.669689E+01   -3.047296E+01    0.000000E+00    0.000000E+00    0.000000E+00
2.056500E+00    1.887075E+01    7.700331E+01   -9.607023E+01    0.000000E+00    0.000000E+00    0.000000E+00   -1.577510E+02    5.573523E+01    1.337019E+01    0.000000E+00    0.000000E+00    0.000000E+00
2.057500E+00    2.892260E+01    3.004118E+01   -5.489793E+01    0.000000E+00    0.000000E+00    0.000000E+00   -7.761809E+01    4.892294E+01   -1.418449E+01    0.000000E+00    0.000000E+00    0.000000E+00
2.058500E+00    5.506510E+01    7.170390E+01   -9.004595E+01    0.000000E+00    0.000000E+00    0.000000E+00   -1.468336E+02    8.749598E+01   -2.034092E+01    0.000000E+00    0.000000E+00    0.000000E+00
2.059500E+00    3.546761E+01    6.683620E+01   -1.211916E+02    0.000000E+00    0.000000E+00    0.000000E+00   -1.715935E+02    8.206066E+01   -5.122763E+00    0.000000E+00    0.000000E+00    0.000000E+00
2.060500E+00    3.152265E+01    8.693411E+01   -8.483670E+01    0.000000E+00    0.000000E+00    0.000000E+00   -1.555645E+02    6.369038E+01    7.198127E+00    0.000000E+00    0.000000E+00    0.000000E+00
2.061500E+00    6.178226E+00    1.384696E+02   -1.672021E+02    0.000000E+00    0.000000E+00    0.000000E+00   -2.779409E+02    7.459763E+01    5.110733E+01    0.000000E+00    0.000000E+00    0.000000E+00
2.062500E+00    2.520059E+01    1.310574E+02   -1.669746E+02    0.000000E+00    0.000000E+00    0.000000E+00   -2.700659E+02    9.256485E+01    3.153671E+01    0.000000E+00    0.000000E+00    0.000000E+00
2.063500E+00    3.066691E+01    1.869423E+02   -2.026896E+02    0.000000E+00    0.000000E+00    0.000000E+00   -3.525012E+02    1.123293E+02    5.009806E+01    0.000000E+00    0.000000E+00    0.000000E+00
2.064500E+00    8.263433E+01    1.211928E+02   -2.016575E+02    0.000000E+00    0.000000E+00    0.000000E+00   -2.907787E+02    1.613138E+02   -2.250336E+01    0.000000E+00    0.000000E+00    0.000000E+00
2.065500E+00   -6.787336E+00    1.697654E+02   -1.764358E+02    0.000000E+00    0.000000E+00    0.000000E+00   -3.130971E+02    6.771702E+01    7.698457E+01    0.000000E+00    0.000000E+00    0.000000E+00
2.066500E+00    2.913547E+00    1.757886E+02   -2.019691E+02    0.000000E+00    0.000000E+00    0.000000E+00   -3.401417E+02    8.881077E+01    7.237927E+01    0.000000E+00    0.000000E+00    0.000000E+00
2.067500E+00    2.971123E+00    1.701872E+02   -2.083399E+02    0.000000E+00    0.000000E+00    0.000000E+00   -3.405259E+02    9.272977E+01    7.076696E+01    0.000000E+00    0.000000E+00    0.000000E+00
2.068500E+00    5.764697E+01    1.459338E+02   -1.678900E+02    0.000000E+00    0.000000E+00    0.000000E+00   -2.809941E+02    1.258980E+02    1.241797E+01    0.000000E+00    0.000000E+00    0.000000E+00
2.069500E+00    8.007228E+01    1.193200E+02   -2.038838E+02    0.000000E+00    0.000000E+00    0.000000E+00   -2.893966E+02    1.625773E+02   -1.895255E+01    0.000000E+00    0.000000E+00    0.000000E+00
2.070500E+00    4.454743E+01    1.440533E+02   -1.795007E+02    0.000000E+00    0.000000E+00    0.000000E+00   -2.895018E+02    1.198995E+02    2.381685E+01    0.000000E+00    0.000000E+00    0.000000E+00
2.071500E+00    7.921439E+01    1.328036E+02   -2.040159E+02    0.000000E+00    0.000000E+00    0.000000E+00   -3.003158E+02    1.637386E+02   -1.060380E+01    0.000000E+00    0.000000E+00    0.000000E+00
2.072500E+00    4.208114E+01    8.730084E+01   -1.247940E+02    0.000000E+00    0.000000E+00    0.000000E+00   -1.890376E+02    9.504088E+01    2.143329E+00    0.000000E+00    0.000000E+00    0.000000E+00
2.073500E+00    6.743361E+01    1.468704E+02   -2.201703E+02    0.000000E+00    0.000000E+00    0.000000E+00   -3.266621E+02    1.613798E+02    7.197766E+00    0.000000E+00    0.000000E+00    0.000000E+00
2.074500E+00    7.149459E+01    7.418426E+01   -1.077206E+02    0.000000E+00    0.000000E+00    0.000000E+00   -1.609803E+02    1.150069E+02   -2.832122E+01    0.000000E+00    0.000000E+00    0.000000E+00
2.075500E+00    2.087237E+01    8.865239E+01   -1.344355E+02    0.000000E+00    0.000000E+00    0.000000E+00   -1.987694E+02    8.091621E+01    2.202190E+01    0.000000E+00    0.000000E+00    0.000000E+00
2.076500E+00    6.634158E+01    1.068002E+02   -1.445061E+02    0.000000E+00    0.000000E+00    0.000000E+00   -2.225593E+02    1.275976E+02   -8.444019E+00    0.000000E+00    0.000000E+00    0.000000E+00
2.077500E+00    3.252961E+01    7.990827E+01   -1.098624E+02    0.000000E+00    0.000000E+00    0.000000E+00   -1.683997E+02    8.189798E+01    9.183927E+00    0.000000E+00    0.000000E+00    0.000000E+00
2.078500E+00    4.347333E+01    7.313140E+01   -1.099117E+02    0.000000E+00    0.000000E+00    0.000000E+00   -1.621753E+02    9.141241E+01   -3.751642E+00    0.000000E+00    0.000000E+00    0.000000E+00
2.079500E+00    6.538096E+01    9.093133E+01   -1.410406E+02    0.000000E+00    0.000000E+00    0.000000E+00   -2.047063E+02    1.279485E+02   -1.292879E+01    0.000000E+00    0.000000E+00    0.000000E+00
2.080500E+00    3.870609E+01    5.128524E+01   -8.014036E+01    0.000000E+00    0.000000E+00    0.000000E+00   -1.163583E+02    7.349488E+01   -9.456516E+00    0.000000E+00    0.000000E+00    0.000000E+00
2.081500E+00    5.759618E+01    1.014303E+02   -1.424893E+02    0.000000E+00    0.000000E+00    0.000000E+00   -2.152989E+02    1.216347E+02   -8.730898E-01    0.000000E+00    0.000000E+00    0.000000E+00
2.082500E+00    9.604807E+00    1.268973E+02   -1.624553E+02    0.000000E+00    0.000000E+00    0.000000E+00   -2.561085E+02    8.745619E+01    5.256533E+01    0.000000E+00    0.000000E+00    0.000000E+00
2.083500E+00    4.363285E+01    7.806800E+01   -1.052128E+02    0.000000E+00    0.000000E+00    0.000000E+00   -1.610832E+02    9.243863E+01    1.376278E+00    0.000000E+00    0.000000E+00    0.000000E+00
2.084500E+00    5.026626E+01    1.269199E+02   -1.631187E+02    0.000000E+00    0.000000E+00    0.000000E+00   -2.551036E+02    1.267608E+02    1.953367E+01    0.000000E+00    0.000000E+00    0.000000E+00
2.085500E+00    3.556591E+01    1.069799E+02   -1.413219E+02    0.000000E+00    0.000000E+00    0.000000E+00   -2.181110E+02    1.034742E+02    2.295896E+01    0.000000E+00    0.000000E+00    0.000000E+00
2.086500E+00    8.058246E+01    6.512989E+01   -1.234462E+02    0.000000E+00    0.000000E+00    0.000000E+00   -1.635324E+02    1.378605E+02   -3.446137E+01    0.000000E+00    0.000000E+00    0.000000E+00
2.087500E+00    9.466463E+01    1.291378E+02   -1.918989E+02    0.000000E+00    0.000000E+00    0.000000E+00   -2.801405E+02    1.835978E+02   -1.515154E+01    0.000000E+00    0.000000E+00    0.000000E+00
2.088500E+00    9.191664E+01    8.402073E+01   -1.536013E+02    0.000000E+00    0.000000E+00    0.000000E+00   -2.054835E+02    1.645379E+02   -3.343850E+01    0.000000E+00    0.000000E+00    0.000000E+00
2.089500E+00    6.569238E+01    1.149298E+02   -1.758574E+02    0.000000E+00    0.000000E+00    0.000000E+00   -2.525905E+02    1.509759E+02    3.768269E+00    0.000000E+00    0.000000E+00    0.000000E+00
2.090500E+00    2.743763E+01    1.364269E+02   -1.660349E+02    0.000000E+00    0.000000E+00    0.000000E+00   -2.641781E+02    1.101179E+02    4.659697E+01    0.000000E+00    0.000000E+00    0.000000E+00
2.091500E+00    6.937568E+01    1.336948E+02   -1.964203E+02    0.000000E+00    0.000000E+00    0.000000E+00   -2.860379E+02    1.658068E+02    1.143560E+01    0.000000E+00    0.000000E+00    0.000000E+00
2.092500E+00    1.254888E+02    9.430442E+01   -1.896345E+02    0.000000E+00    0.000000E+00    0.000000E+00   -2.428315E+02    2.151660E+02   -5.448060E+01    0.000000E+00    0.000000E+00    0.000000E+00
2.093500E+00    7.197363E+01    1.434098E+02   -2.093568E+02    0.000000E+00    0.000000E+00    0.000000E+00   -3.042649E+02    1.763189E+02    1.576264E+01    0.000000E+00    0.000000E+00    0.000000E+00
2.094500E+00    9.469069E+01    9.402539E+01   -1.790763E+02    0.000000E+00    0.000000E+00    0.000000E+00   -2.326698E+02    1.836990E+02   -2.713902E+01    0.000000E+00    0.000000E+00    0.000000E+00
2.095500E+00    1.062165E+02    1.297154E+02   -2.180284E+02    0.000000E+00    0.000000E+00    0.000000E+00   -2.976333E+02    2.138068E+02   -1.832605E+01    0.000000E+00    0.000000E+00    0.000000E+00
2.096500E+00    4.223601E+01    8.377865E+01   -1.176440E+02    0.000000E+00    0.000000E+00    0.000000E+00   -1.726761E+02    1.029491E+02    1.089716E+01    0.000000E+00    0.000000E+00    0.000000E+00
2.097500E+00    1.287643E+01    1.419317E+02   -1.766757E+02    0.000000E+00    0.000000E+00    0.000000E+00   -2.745988E+02    1.076749E+02    6.615271E+01    0.000000E+00    0.000000E+00    0.000000E+00
2.098500E+00    5.515741E+01    1.068668E+02   -1.475560E+02    0.000000E+00    0.000000E+00    0.000000E+00   -2.174193E+02    1.316943E+02    1.378574E+01    0.000000E+00    0.000000E+00    0.000000E+00
2.099500E+00    5.291278E+01    1.067037E+02   -1.590137E+02    0.000000E+00    0.000000E+00    0.000000E+00   -2.267796E+02    1.363747E+02    1.561143E+01    0.000000E+00    0.000000E+00    0.000000E+00
2.100500E+00    2.345943E+01    9.484904E+01   -1.162340E+02    0.000000E+00    0.000000E+00    0.000000E+00   -1.812566E+02    8.588469E+01    3.330982E+01    0.000000E+00    0.000000E+00    0.000000E+00
2.101500E+00   -1.992939E+01    1.542968E+02   -1.585384E+02    0.000000E+00    0.000000E+00    0.000000E+00   -2.689302E+02    7.131101E+01    1.024871E+02    0.000000E+00    0.000000E+00    0.000000E+00
2.102500E+00    9.169955E+01    8.649549E+01   -1.507416E+02    0.000000E+00    0.000000E+00    0.000000E+00   -1.993473E+02    1.703918E+02   -2.404222E+01    0.000000E+00    0.000000E+00    0.000000E+00
2.103500E+00    5.975672E+01    7.841940E+01   -1.221925E+02    0.000000E+00    0.000000E+00    0.000000E+00   -1.692337E+02    1.251920E+02   -2.921788E+00    0.000000E+00    0.000000E+00    0.000000E+00
2.104500E+00    9.059565E+01    4.955935E+01   -1.310220E+02    0.000000E+00    0.000000E+00    0.000000E+00   -1.492893E+02    1.599949E+02   -4.293440E+01    0.000000E+00    0.000000E+00    0.000000E+00
2.105500E+00    7.417223E+01    1.121480E+02   -1.597092E+02    0.000000E+00    0.000000E+00    0.000000E+00   -2.290922E+02    1.607789E+02    6.041164E+00    0.000000E+00    0.000000E+00    0.000000E+00
2.106500E+00    2.254108E+01    1.194183E+02   -1.405493E+02    0.000000E+00    0.000000E+00    0.000000E+00   -2.200686E+02    1.037317E+02    5.241476E+01    0.000000E+00    0.000000E+00    0.000000E+00
2.107500E+00    2.269254E+01    1.272346E+02   -1.576946E+02    0.000000E+00    0.000000E+00    0.000000E+00   -2.404149E+02    1.142550E+02    5.713965E+01    0.000000E+00    0.000000E+00    0.000000E+00
2.108500E+00    2.165981E+01    1.332700E+02   -1.470112E+02    0.000000E+00    0.000000E+00    0.000000E+00   -2.369160E+02    1.077108E+02    6.219541E+01    0.000000E+00    0.000000E+00    0.000000E+00
2.109500E+00    7.217417E+00    1.509810E+02   -1.632398E+02    0.000000E+00    0.000000E+00    0.000000E+00   -2.652404E+02    1.054242E+02    8.499990E+01    0.000000E+00    0.000000E+00    0.000000E+00
2.110500E+00    3.014539E+01    1.361604E+02   -1.531137E+02    0.000000E+00    0.000000E+00    0.000000E+00   -2.425229E+02    1.217427E+02    5.976873E+01    0.000000E+00    0.000000E+00    0.000000E+00
2.111500E+00    2.161819E+01    1.285926E+02   -1.624128E+02    0.000000E+00    0.000000E+00    0.000000E+00   -2.427184E+02    1.204209E+02    6.241836E+01    0.000000E+00    0.000000E+00    0.000000E+00
2.112500E+00    2.610049E+01    1.388580E+02   -1.563754E+02    0.000000E+00    0.000000E+00    0.000000E+00   -2.459083E+02    1.219608E+02    6.657987E+01    0.000000E+00    0.000000E+00    0.000000E+00
2.113500E+00    4.555098E+01    1.283999E+02   -1.780053E+02    0.000000E+00    0.000000E+00    0.000000E+00   -2.533821E+02    1.527568E+02    4.502890E+01    0.000000E+00    0.000000E+00    0.000000E+00
2.114500E+00    5.295441E+01    1.180393E+02   -1.639224E+02    0.000000E+00    0.000000E+00    0.000000E+00   -2.304263E+02    1.538342E+02    3.566121E+01    0.000000E+00    0.000000E+00    0.000000E+00
2.115500E+00    5.370374E+01    1.431608E+02   -1.982043E+02    0.000000E+00    0.000000E+00    0.000000E+00   -2.802627E+02    1.749158E+02    5.006458E+01    0.000000E+00    0.000000E+00    0.000000E+00
2.116500E+00   -2.872633E-01    1.741445E+02   -1.790388E+02    0.000000E+00    0.000000E+00    0.000000E+00   -2.913659E+02    1.168693E+02    1.134698E+02    0.000000E+00    0.000000E+00    0.000000E+00
2.117500E+00    3.689052E+01    1.327871E+02   -1.864642E+02    0.000000E+00    0.000000E+00    0.000000E+00   -2.593592E+02    1.554565E+02    5.893776E+01    0.000000E+00    0.000000E+00    0.000000E+00
2.118500E+00    4.627138E+01    1.585262E+02   -1.900684E+02    0.000000E+00    0.000000E+00    0.000000E+00   -2.834094E+02    1.677794E+02    7.044911E+01    0.000000E+00    0.000000E+00    0.000000E+00
2.119500E+00    3.424156E+01    1.535570E+02   -1.958463E+02    0.000000E+00    0.000000E+00    0.000000E+00   -2.820707E+02    1.630062E+02    7.780904E+01    0.000000E+00    0.000000E+00    0.000000E+00
2.120500E+00    9.909298E+01    1.011901E+02   -1.877485E+02    0.000000E+00    0.000000E+00    0.000000E+00   -2.276836E+02    2.169617E+02   -3.890014E+00    0.000000E+00    0.000000E+00    0.000000E+00
2.121500E+00    9.191769E-01    1.703639E+02   -1.734518E+02    0.000000E+00    0.000000E+00    0.000000E+00   -2.789348E+02    1.207159E+02    1.160101E+02    0.000000E+00    0.000000E+00    0.000000E+00
2.122500E+00    4.186920E+01    1.441030E+02   -1.882927E+02    0.000000E+00    0.000000E+00    0.000000E+00   -2.647585E+02    1.683773E+02    6.950613E+01    0.000000E+00    0.000000E+00    0.000000E+00
2.123500E+00    6.657815E+01    1.403899E+02   -1.964326E+02    0.000000E+00    0.000000E+00    0.000000E+00   -2.656610E+02    1.983508E+02    5.131590E+01    0.000000E+00    0.000000E+00    0.000000E+00
2.124500E+00    6.018462E+01    1.714997E+02   -2.104619E+02    0.000000E+00    0.000000E+00    0.000000E+00   -3.023807E+02    2.035117E+02    7.905780E+01    0.000000E+00    0.000000E+00    0.000000E+00
2.125500E+00    5.290348E+01    1.323440E+02   -1.947511E+02    0.000000E+00    0.000000E+00    0.000000E+00   -2.547129E+02    1.876183E+02    5.794795E+01    0.000000E+00    0.000000E+00    0.000000E+00
2.126500E+00    9.814375E+01    1.055716E+02   -1.588498E+02    0.000000E+00    0.000000E+00    0.000000E+00   -2.034270E+02    2.038041E+02    9.273071E+00    0.000000E+00    0.000000E+00    0.000000E+00
2.127500E+00    4.390270E+00    1.648152E+02   -1.908264E+02    0.000000E+00    0.000000E+00    0.000000E+00   -2.781563E+02    1.456559E+02    1.181326E+02    0.000000E+00    0.000000E+00    0.000000E+00
2.128500E+00    3.584366E+01    1.602582E+02   -1.757976E+02    0.000000E+00    0.000000E+00    0.000000E+00   -2.612953E+02    1.642953E+02    9.559361E+01    0.000000E+00    0.000000E+00    0.000000E+00
2.129500E+00    1.518650E+02    9.706378E+01   -2.324128E+02    0.000000E+00    0.000000E+00    0.000000E+00   -2.415011E+02    3.103754E+02   -2.852308E+01    0.000000E+00    0.000000E+00    0.000000E+00
2.130500E+00    2.281780E+01    1.673229E+02   -1.786512E+02    0.000000E+00    0.000000E+00    0.000000E+00   -2.666479E+02    1.580269E+02    1.130231E+02    0.000000E+00    0.000000E+00    0.000000E+00
2.131500E+00    8.465259E+01    1.226787E+02   -2.031116E+02    0.000000E+00    0.000000E+00    0.000000E+00   -2.418090E+02    2.320716E+02    3.920388E+01    0.000000E+00    0.000000E+00    0.000000E+00
2.132500E+00    1.434899E+02    6.175007E+01   -2.032077E+02    0.000000E+00    0.000000E+00    0.000000E+00   -1.851268E+02    2.860160E+02   -4.428615E+01    0.000000E+00    0.000000E+00    0.000000E+00
2.133500E+00    4.570991E+01    1.548862E+02   -1.870064E+02    0.000000E+00    0.000000E+00    0.000000E+00   -2.562406E+02    1.890905E+02    9.289991E+01    0.000000E+00    0.000000E+00    0.000000E+00
2.134500E+00    6.227470E+01    1.214355E+02   -1.897711E+02    0.000000E+00    0.000000E+00    0.000000E+00   -2.268380E+02    2.072258E+02    5.750434E+01    0.000000E+00    0.000000E+00    0.000000E+00
2.135500E+00    5.516393E+01    1.631372E+02   -1.959121E+02    0.000000E+00    0.000000E+00    0.000000E+00   -2.652230E+02    2.076122E+02    9.723669E+01    0.000000E+00    0.000000E+00    0.000000E+00
2.136500E+00    4.485492E+01    1.478613E+02   -1.981770E+02    0.000000E+00    0.000000E+00    0.000000E+00   -2.519347E+02    2.021138E+02    9.285063E+01    0.000000E+00    0.000000E+00    0.000000E+00
2.137500E+00    7.413967E+01    1.414704E+02   -2.179872E+02    0.000000E+00    0.000000E+00    0.000000E+00   -2.558890E+02    2.457346E+02    7.168977E+01    0.000000E+00    0.000000E+00    0.000000E+00
2.138500E+00    1.513651E+02    8.065412E+01   -2.179026E+02    0.000000E+00    0.000000E+00    0.000000E+00   -1.994565E+02    3.147226E+02   -2.271450E+01    0.000000E+00    0.000000E+00    0.000000E+00
2.139500E+00    7.842307E+01    1.154458E+02   -1.829057E+02    0.000000E+00    0.000000E+00    0.000000E+00   -2.079895E+02    2.237096E+02    5.142070E+01    0.000000E+00    0.000000E+00    0.000000E+00
2.140500E+00    9.935543E+01    9.117903E+01   -1.944628E+02    0.000000E+00    0.000000E+00    0.000000E+00   -1.913346E+02    2.531412E+02    2.048001E+01    0.000000E+00    0.000000E+00    0.000000E+00
2.141500E+00    8.902048E+01    1.409007E+02   -2.010545E+02    0.000000E+00    0.000000E+00    0.000000E+00   -2.371435E+02    2.510882E+02    7.039650E+01    0.000000E+00    0.000000E+00    0.000000E+00
2.142500E+00    1.572531E+02    6.580765E+01   -2.227875E+02    0.000000E+00    0.000000E+00    0.000000E+00   -1.813077E+02    3.301012E+02   -3.079725E+01    0.000000E+00    0.000000E+00    0.000000E+00
2.143500E+00    1.915038E+02    3.151257E+01   -2.405216E+02    0.000000E+00    0.000000E+00    0.000000E+00   -1.577708E+02    3.771766E+02   -7.689755E+01    0.000000E+00    0.000000E+00    0.000000E+00
2.144500E+00    7.795434E+01    1.194547E+02   -1.666489E+02    0.000000E+00    0.000000E+00    0.000000E+00   -1.947501E+02    2.148332E+02    6.246530E+01    0.000000E+00    0.000000E+00    0.000000E+00
2.145500E+00    1.462331E+02    7.330029E+01   -2.305162E+02    0.000000E+00    0.000000E+00    0.000000E+00   -1.845594E+02    3.325145E+02   -1.154367E+01    0.000000E+00    0.000000E+00    0.000000E+00
2.146500E+00    1.317397E+02    6.854671E+01   -1.897290E+02    0.000000E+00    0.000000E+00    0.000000E+00   -1.582626E+02    2.840096E+02   -7.649072E+00    0.000000E+00    0.000000E+00    0.000000E+00
2.147500E+00    1.301907E+02    1.022920E+02   -2.136681E+02    0.000000E+00    0.000000E+00    0.000000E+00   -1.972209E+02    3.067622E+02    2.652200E+01    0.000000E+00    0.000000E+00    0.000000E+00
2.148500E+00    9.399439E+01    1.236861E+02   -2.101181E+02    0.000000E+00    0.000000E+00    0.000000E+00   -2.130987E+02    2.727490E+02    6.505137E+01    0.000000E+00    0.000000E+00    0.000000E+00
2.149500E+00    2.042174E+02   -3.123215E+01   -2.048900E+02    0.000000E+00    0.000000E+00    0.000000E+00   -7.097682E+01    3.651697E+02   -1.275539E+02    0.000000E+00    0.000000E+00    0.000000E+00
2.150500E+00    6.601660E+01    1.559377E+02   -1.864039E+02    0.000000E+00    0.000000E+00    0.000000E+00   -2.261173E+02    2.296453E+02    1.110155E+02    0.000000E+00    0.000000E+00    0.000000E+00
2.151500E+00    1.110019E+02    7.519468E+01   -1.880788E+02    0.000000E+00    0.000000E+00    0.000000E+00   -1.533840E+02    2.713959E+02    1.785017E+01    0.000000E+00    0.000000E+00    0.000000E+00
2.152500E+00    1.675511E+02    3.850615E+01   -2.130215E+02    0.000000E+00    0.000000E+00    0.000000E+00   -1.313278E+02    3.436260E+02   -4.135605E+01    0.000000E+00    0.000000E+00    0.000000E+00
2.153500E+00    7.410261E+01    1.108063E+02   -1.696466E+02    0.000000E+00    0.000000E+00    0.000000E+00   -1.734762E+02    2.242661E+02    6.997266E+01    0.000000E+00    0.000000E+00    0.000000E+00
2.154500E+00    8.071597E+01    1.377738E+02   -1.902015E+02    0.000000E+00    0.000000E+00    0.000000E+00   -2.040836E+02    2.506262E+02    9.430295E+01    0.000000E+00    0.000000E+00    0.000000E+00
2.155500E+00    6.483461E+01    1.654417E+02   -1.840003E+02    0.000000E+00    0.000000E+00    0.000000E+00   -2.246454E+02    2.317279E+02    1.282482E+02    0.000000E+00    0.000000E+00    0.000000E+00
2.156500E+00    1.359563E+02    3.820352E+01   -1.815875E+02    0.000000E+00    0.000000E+00    0.000000E+00   -1.075259E+02    2.931553E+02   -1.891732E+01    0.000000E+00    0.000000E+00    0.000000E+00
2.157500E+00    1.086512E+02    7.723473E+01   -1.881026E+02    0.000000E+00    0.000000E+00    0.000000E+00   -1.434865E+02    2.761741E+02    3.007673E+01    0.000000E+00    0.000000E+00    0.000000E+00
2.158500E+00    1.389011E+02    8.269657E+01   -1.984914E+02    0.000000E+00    0.000000E+00    0.000000E+00   -1.506324E+02    3.136127E+02    2.504548E+01    0.000000E+00    0.000000E+00    0.000000E+00
2.159500E+00    1.657619E+02    3.603654E+01   -2.298130E+02    0.000000E+00    0.000000E+00    0.000000E+00   -1.189258E+02    3.679443E+02   -2.816755E+01    0.000000E+00    0.000000E+00    0.000000E+00
2.160500E+00    9.999676E+01    1.286962E+02   -1.878412E+02    0.000000E+00    0.000000E+00    0.000000E+00   -1.838362E+02    2.711139E+02    8.732904E+01    0.000000E+00    0.000000E+00    0.000000E+00
2.161500E+00    1.204956E+02    7.475014E+01   -1.892883E+02    0.000000E+00    0.000000E+00    0.000000E+00   -1.341807E+02    2.908890E+02    2.945720E+01    0.000000E+00    0.000000E+00    0.000000E+00
2.162500E+00    9.232212E+01    1.438200E+02   -2.088884E+02    0.000000E+00    0.000000E+00    0.000000E+00   -2.017570E+02    2.858096E+02    1.071527E+02    0.000000E+00    0.000000E+00    0.000000E+00
2.163500E+00    1.991667E+02    2.121415E+00   -2.162604E+02    0.000000E+00    0.000000E+00    0.000000E+00   -7.533753E+01    3.872829E+02   -6.559323E+01    0.000000E+00    0.000000E+00    0.000000E+00
2.164500E+00    1.892825E+02   -1.870893E+01   -2.195502E+02    0.000000E+00    0.000000E+00    0.000000E+00   -5.388772E+01    3.841658E+02   -7.957566E+01    0.000000E+00    0.000000E+00    0.000000E+00
2.165500E+00    1.108692E+02    5.247509E+01   -2.039211E+02    0.000000E+00    0.000000E+00    0.000000E+00   -1.098726E+02    3.009795E+02    1.727671E+01    0.000000E+00    0.000000E+00    0.000000E+00
2.166500E+00    1.358678E+02    6.612699E+01   -1.768172E+02    0.000000E+00    0.000000E+00    0.000000E+00   -1.127890E+02    2.959930E+02    2.377339E+01    0.000000E+00    0.000000E+00    0.000000E+00
2.167500E+00    1.647774E+02   -1.107794E+01   -1.915682E+02    0.000000E+00    0.000000E+00    0.000000E+00   -4.690066E+01    3.364297E+02   -5.987908E+01    0.000000E+00    0.000000E+00    0.000000E+00
2.168500E+00    1.432041E+02    4.975026E+01   -2.180858E+02    0.000000E+00    0.000000E+00    0.000000E+00   -1.064513E+02    3.448562E+02    8.711776E+00    0.000000E+00    0.000000E+00    0.000000E+00
2.169500E+00    1.273111E+02    8.948715E+01   -1.906944E+02    0.000000E+00    0.000000E+00    0.000000E+00   -1.325733E+02    3.047266E+02    5.430111E+01    0.000000E+00    0.000000E+00    0.000000E+00
2.170500E+00    1.195686E+02    8.525309E+01   -1.848379E+02    0.000000E+00    0.000000E+00    0.000000E+00   -1.265772E+02    2.917299E+02    5.293576E+01    0.000000E+00    0.000000E+00    0.000000E+00
2.171500E+00    1.297851E+02   -7.940807E+00   -1.824813E+02    0.000000E+00    0.000000E+00    0.000000E+00   -3.752220E+01    2.999609E+02   -3.958732E+01    0.000000E+00    0.000000E+00    0.000000E+00
2.172500E+00    1.293351E+02    8.608432E+01   -1.648009E+02    0.000000E+00    0.000000E+00    0.000000E+00   -1.196603E+02    2.815274E+02    5.359276E+01    0.000000E+00    0.000000E+00    0.000000E+00
2.173500E+00    1.083093E+02    9.872144E+01   -1.897121E+02    0.000000E+00    0.000000E+00    0.000000E+00   -1.317326E+02    2.901480E+02    7.541132E+01    0.000000E+00    0.000000E+00    0.000000E+00
2.174500E+00    9.347313E+01    1.230222E+02   -1.900375E+02    0.000000E+00    0.000000E+00    0.000000E+00   -1.533975E+02    2.769127E+02    1.032821E+02    0.000000E+00    0.000000E+00    0.000000E+00
2.175500E+00    1.665805E+02    2.937661E+01   -1.751519E+02    0.000000E+00    0.000000E+00    0.000000E+00   -6.247775E+01    3.274485E+02   -4.728125E+00    0.000000E+00    0.000000E+00    0.000000E+00
2.176500E+00    1.152658E+02    5.074321E+01   -1.788030E+02    0.000000E+00    0.000000E+00    0.000000E+00   -8.184568E+01    2.858099E+02    2.803696E+01    0.000000E+00    0.000000E+00    0.000000E+00
2.177500E+00    1.270002E+02    1.009145E+01   -1.819357E+02    0.000000E+00    0.000000E+00    0.000000E+00   -4.129138E+01    3.001685E+02   -1.249328E+01    0.000000E+00    0.000000E+00    0.000000E+00
2.178500E+00    1.425533E+02    6.226862E+01   -1.768899E+02    0.000000E+00    0.000000E+00    0.000000E+00   -8.820719E+01    3.091475E+02    3.800983E+01    0.000000E+00    0.000000E+00    0.000000E+00
2.179500E+00    1.300902E+02    3.223503E+01   -1.722868E+02    0.000000E+00    0.000000E+00    0.000000E+00   -5.803908E+01    2.934420E+02    1.117321E+01    0.000000E+00    0.000000E+00    0.000000E+00
2.180500E+00    1.476986E+02   -2.783520E+01   -1.985919E+02    0.000000E+00    0.000000E+00    0.000000E+00   -6.118996E+00    3.360202E+02   -5.170457E+01    0.000000E+00    0.000000E+00    0.000000E+00
2.181500E+00    1.373871E+02    4.475108E+01   -1.572777E+02    0.000000E+00    0.000000E+00    0.000000E+00   -6.353172E+01    2.855456E+02    2.550798E+01    0.000000E+00    0.000000E+00    0.000000E+00
2.182500E+00    1.199732E+02    1.736083E+01   -1.750642E+02    0.000000E+00    0.000000E+00    0.000000E+00   -3.870741E+01    2.880994E+02    1.894353E+00    0.000000E+00    0.000000E+00    0.000000E+00
2.183500E+00    1.413997E+02    7.796712E+00   -1.988176E+02    0.000000E+00    0.000000E+00    0.000000E+00   -3.158969E+01    3.316496E+02   -9.599518E+00    0.000000E+00    0.000000E+00    0.000000E+00
2.184500E+00    1.557071E+02   -1.930569E+01   -1.741143E+02    0.000000E+00    0.000000E+00    0.000000E+00   -2.896825E+00    3.190382E+02   -3.814650E+01    0.000000E+00    0.000000E+00    0.000000E+00
2.185500E+00    1.357393E+02   -4.024028E+01   -1.862523E+02    0.000000E+00    0.000000E+00    0.000000E+00    1.828587E+01    3.142377E+02   -5.490693E+01    0.000000E+00    0.000000E+00    0.000000E+00
2.186500E+00    1.333900E+02   -2.395228E+01   -1.857212E+02    0.000000E+00    0.000000E+00    0.000000E+00    4.571122E+00    3.114601E+02   -3.726667E+01    0.000000E+00    0.000000E+00    0.000000E+00
2.187500E+00    1.387987E+02   -2.383269E+01   -1.639697E+02    0.000000E+00    0.000000E+00    0.000000E+00    7.425803E+00    2.939257E+02   -3.666953E+01    0.000000E+00    0.000000E+00    0.000000E+00
2.188500E+00    1.497586E+02    3.665825E-01   -1.860977E+02    0.000000E+00    0.000000E+00    0.000000E+00   -1.677667E+01    3.265963E+02   -1.270344E+01    0.000000E+00    0.000000E+00    0.000000E+00
2.189500E+00    1.275907E+02    1.019725E+01   -1.892822E+02    0.000000E+00    0.000000E+00    0.000000E+00   -2.482363E+01    3.099921E+02    2.042165E-01    0.000000E+00    0.000000E+00    0.000000E+00
2.190500E+00    1.262816E+02    8.658556E+00   -1.526298E+02    0.000000E+00    0.000000E+00    0.000000E+00   -1.746079E+01    2.716442E+02    1.038705E+00    0.000000E+00    0.000000E+00    0.000000E+00
2.191500E+00    1.268764E+02   -2.144466E+01   -1.472106E+02    0.000000E+00    0.000000E+00    0.000000E+00    1.122204E+01    2.665835E+02   -2.928072E+01    0.000000E+00    0.000000E+00    0.000000E+00
2.192500E+00    1.057091E+02   -1.651147E+01   -1.732407E+02    0.000000E+00    0.000000E+00    0.000000E+00    6.678432E+00    2.742932E+02   -2.207460E+01    0.000000E+00    0.000000E+00    0.000000E+00
2.193500E+00    1.185209E+02    6.131161E+00   -1.280069E+02    0.000000E+00    0.000000E+00    0.000000E+00   -9.861349E+00    2.394378E+02    2.331100E+00    0.000000E+00    0.000000E+00    0.000000E+00
2.194500E+00    1.186693E+02   -5.383828E+01   -1.519125E+02    0.000000E+00    0.000000E+00    0.000000E+00    4.745883E+01    2.643634E+02   -5.688646E+01    0.000000E+00    0.000000E+00    0.000000E+00
2.195500E+00    1.064448E+02    5.646895E+01   -1.386100E+02    0.000000E+00    0.000000E+00    0.000000E+00   -5.660557E+01    2.399734E+02    5.443848E+01    0.000000E+00    0.000000E+00    0.000000E+00
2.196500E+00    1.133746E+02    9.495419E+00   -1.433440E+02    0.000000E+00    0.000000E+00    0.000000E+00   -9.439260E+00    2.511496E+02    9.579330E+00    0.000000E+00    0.000000E+00    0.000000E+00
2.197500E+00    1.114516E+02   -3.097316E+01   -1.391877E+02    0.000000E+00    0.000000E+00    0.000000E+00    2.815906E+01    2.443757E+02   -3.178977E+01    0.000000E+00    0.000000E+00    0.000000E+00
2.198500E+00    1.218450E+02   -2.077673E-01   -1.481157E+02    0.000000E+00    0.000000E+00    0.000000E+00    1.915053E-01    2.634180E+02   -6.631842E-02    0.000000E+00    0.000000E+00    0.000000E+00
2.199500E+00    1.144903E+02   -3.554927E+01   -1.617512E+02    0.000000E+00    0.000000E+00    0.000000E+00    3.708070E+01    2.703974E+02   -3.323556E+01    0.000000E+00    0.000000E+00    0.000000E+00
2.200500E+00    1.356392E+02    1.300029E+01   -1.535551E+02    0.000000E+00    0.000000E+00    0.000000E+00   -9.285736E+00    2.812140E+02    1.568455E+01    0.000000E+00    0.000000E+00    0.000000E+00
2.201500E+00    1.073974E+02   -6.374718E+01   -1.549662E+02    0.000000E+00    0.000000E+00    0.000000E+00    6.483420E+01    2.566247E+02   -6.073852E+01    0.000000E+00    0.000000E+00    0.000000E+00
2.202500E+00    1.098267E+02   -7.477714E+01   -1.368988E+02    0.000000E+00    0.000000E+00    0.000000E+00    7.614645E+01    2.399606E+02   -7.081547E+01    0.000000E+00    0.000000E+00    0.000000E+00
2.203500E+00    1.262244E+02    3.403931E+01   -1.636727E+02    0.000000E+00    0.000000E+00    0.000000E+00   -2.642262E+01    2.829222E+02    3.859224E+01    0.000000E+00    0.000000E+00    0.000000E+00
2.204500E+00    1.281631E+02   -8.683435E+00   -1.544139E+02    0.000000E+00    0.000000E+00    0.000000E+00    1.762472E+01    2.746973E+02   -8.705099E-01    0.000000E+00    0.000000E+00    0.000000E+00
2.205500E+00    1.342846E+02    4.427955E+01   -1.745842E+02    0.000000E+00    0.000000E+00    0.000000E+00   -3.221638E+01    3.012809E+02    5.181275E+01    0.000000E+00    0.000000E+00    0.000000E+00
2.206500E+00    1.361143E+02    2.551025E+01   -1.689711E+02    0.000000E+00    0.000000E+00    0.000000E+00   -1.100846E+01    2.964630E+02    3.576618E+01    0.000000E+00    0.000000E+00    0.000000E+00
2.207500E+00    1.255156E+02   -3.430127E+00   -1.589113E+02    0.000000E+00    0.000000E+00    0.000000E+00    1.459779E+01    2.764071E+02    5.537183E+00    0.000000E+00    0.000000E+00    0.000000E+00
2.208500E+00    1.445331E+02    6.498246E+01   -1.735733E+02    0.000000E+00    0.000000E+00    0.000000E+00   -4.624615E+01    3.088160E+02    7.709832E+01    0.000000E+00    0.000000E+00    0.000000E+00
2.209500E+00    1.245561E+02   -2.320714E+01   -1.560265E+02    0.000000E+00    0.000000E+00    0.000000E+00    3.648711E+01    2.719869E+02   -1.147365E+01    0.000000E+00    0.000000E+00    0.000000E+00
2.210500E+00    9.843168E+01    6.630822E+00   -1.289717E+02    0.000000E+00    0.000000E+00    0.000000E+00    7.532255E+00    2.210328E+02    1.683194E+01    0.000000E+00    0.000000E+00    0.000000E+00
2.211500E+00    1.308561E+02    6.442750E+00   -1.707690E+02    0.000000E+00    0.000000E+00    0.000000E+00    1.244215E+01    2.924822E+02    2.051084E+01    0.000000E+00    0.000000E+00    0.000000E+00
2.212500E+00    1.234902E+02    7.140611E+00   -1.350926E+02    0.000000E+00    0.000000E+00    0.000000E+00    9.756964E+00    2.494400E+02    2.201547E+01    0.000000E+00    0.000000E+00    0.000000E+00
2.213500E+00    1.292879E+02    3.664386E+01   -1.756564E+02    0.000000E+00    0.000000E+00    0.000000E+00   -1.337062E+01    2.959420E+02    5.187700E+01    0.000000E+00    0.000000E+00    0.000000E+00
2.214500E+00    1.418015E+02    1.740819E+01   -1.331711E+02    0.000000E+00    0.000000E+00    0.000000E+00    1.142123E+00    2.640250E+02    3.608962E+01    0.000000E+00    0.000000E+00    0.000000E+00
2.215500E+00    9.661413E+01   -3.705190E+00   -1.592334E+02    0.000000E+00    0.000000E+00    0.000000E+00    2.749558E+01    2.487895E+02    1.088612E+01    0.000000E+00    0.000000E+00    0.000000E+00
2.216500E+00    1.136181E+02   -4.637870E+01   -1.367794E+02    0.000000E+00    0.000000E+00    0.000000E+00    6.392233E+01    2.406422E+02   -2.900016E+01    0.000000E+00    0.000000E+00    0.000000E+00
2.217500E+00    1.460749E+02    1.041798E+02   -1.373392E+02    0.000000E+00    0.000000E+00    0.000000E+00   -7.598964E+01    2.725553E+02    1.257481E+02    0.000000E+00    0.000000E+00    0.000000E+00
2.218500E+00    8.220692E+01   -8.854078E+01   -1.419315E+02    0.000000E+00    0.000000E+00    0.000000E+00    1.071486E+02    2.161559E+02   -7.282996E+01    0.000000E+00    0.000000E+00    0.000000E+00
2.219500E+00    1.271811E+02    8.993968E+00   -1.392244E+02    0.000000E+00    0.000000E+00    0.000000E+00    1.472873E+01    2.558836E+02    2.994188E+01    0.000000E+00    0.000000E+00    0.000000E+00
2.220500E+00    1.350427E+02    4.630571E+01   -1.506579E+02    0.000000E+00    0.000000E+00    0.000000E+00   -1.555004E+01    2.737612E+02    7.024044E+01    0.000000E+00    0.000000E+00    0.000000E+00
2.221500E+00    1.021908E+02   -3.702677E+01   -1.434842E+02    0.000000E+00    0.000000E+00    0.000000E+00    6.231281E+01    2.358057E+02   -1.649711E+01    0.000000E+00    0.000000E+00    0.000000E+00
2.222500E+00    1.542629E+02    8.143354E+01   -1.416975E+02    0.000000E+00    0.000000E+00    0.000000E+00   -4.801383E+01    2.823282E+02    1.099398E+02    0.000000E+00    0.000000E+00    0.000000E+00
2.223500E+00    1.042531E+02   -5.030963E+01   -1.504544E+02    0.000000E+00    0.000000E+00    0.000000E+00    7.966900E+01    2.433005E+02   -2.648607E+01    0.000000E+00    0.000000E+00    0.000000E+00
2.224500E+00    1.429066E+02    4.337874E+01   -1.570516E+02    0.000000E+00    0.000000E+00    0.000000E+00   -7.218652E+00    2.863365E+02    7.219787E+01    0.000000E+00    0.000000E+00    0.000000E+00
2.225500E+00    1.334260E+02    2.013413E+01   -1.598907E+02    0.000000E+00    0.000000E+00    0.000000E+00    1.761589E+01    2.790676E+02    4.979744E+01    0.000000E+00    0.000000E+00    0.000000E+00
2.226500E+00    1.303190E+02   -1.616085E+01   -1.531959E+02    0.000000E+00    0.000000E+00    0.000000E+00    5.148695E+01    2.687603E+02    1.513504E+01    0.000000E+00    0.000000E+00    0.000000E+00
2.227500E+00    1.461932E+02    4.235326E+01   -1.748997E+02    0.000000E+00    0.000000E+00    0.000000E+00    2.058852E+00    3.050852E+02    7.526427E+01    0.000000E+00    0.000000E+00    0.000000E+00
2.228500E+00    1.324424E+02   -1.171144E+01   -1.492007E+02    0.000000E+00    0.000000E+00    0.000000E+00    4.801981E+01    2.659169E+02    2.168977E+01    0.000000E+00    0.000000E+00    0.000000E+00
2.229500E+00    1.322709E+02   -3.846044E+00   -1.739504E+02    0.000000E+00    0.000000E+00    0.000000E+00    5.055239E+01    2.892043E+02    3.154311E+01    0.000000E+00    0.000000E+00    0.000000E+00
2.230500E+00    1.330478E+02   -7.985763E+00   -1.659967E+02    0.000000E+00    0.000000E+00    0.000000E+00    5.123528E+01    2.821897E+02    2.715311E+01    0.000000E+00    0.000000E+00    0.000000E+00
2.231500E+00    1.360461E+02   -2.085519E+00   -1.490129E+02    0.000000E+00    0.000000E+00    0.000000E+00    4.344709E+01    2.675888E+02    3.565539E+01    0.000000E+00    0.000000E+00    0.000000E+00
2.232500E+00    8.207783E+01   -7.989454E+00   -1.421754E+02    0.000000E+00    0.000000E+00    0.000000E+00    4.822703E+01    2.133364E+02    1.561045E+01    0.000000E+00    0.000000E+00    0.000000E+00
2.233500E+00    1.353861E+02   -2.925263E+01   -1.617921E+02    0.000000E+00    0.000000E+00    0.000000E+00    7.432513E+01    2.778189E+02    1.183262E+01    0.000000E+00    0.000000E+00    0.000000E+00
2.234500E+00    1.064979E+02   -3.466678E+01   -1.538435E+02    0.000000E+00    0.000000E+00    0.000000E+00    7.810805E+01    2.441298E+02   -8.854687E-01    0.000000E+00    0.000000E+00    0.000000E+00
2.235500E+00    1.262666E+02   -2.347674E+01   -1.459281E+02    0.000000E+00    0.000000E+00    0.000000E+00    6.818345E+01    2.531244E+02    1.782144E+01    0.000000E+00    0.000000E+00    0.000000E+00
2.236500E+00    1.191966E+02   -3.130969E+01   -1.808141E+02    0.000000E+00    0.000000E+00    0.000000E+00    8.675847E+01    2.798144E+02    8.606794E+00    0.000000E+00    0.000000E+00    0.000000E+00
2.237500E+00    1.260606E+02   -6.279391E+01   -1.683378E+02    0.000000E+00    0.000000E+00    0.000000E+00    1.136150E+02    2.723772E+02   -1.672282E+01    0.000000E+00    0.000000E+00    0.000000E+00
2.238500E+00    8.101853E+01   -1.040344E+02   -1.615786E+02    0.000000E+00    0.000000E+00    0.000000E+00    1.509890E+02    2.244687E+02   -6.870234E+01    0.000000E+00    0.000000E+00    0.000000E+00
2.239500E+00    1.224670E+02   -8.451443E+00   -1.550917E+02    0.000000E+00    0.000000E+00    0.000000E+00    6.251950E+01    2.557285E+02    3.512070E+01    0.000000E+00    0.000000E+00    0.000000E+00
2.240500E+00    1.038288E+02   -1.091813E+01   -1.365251E+02    0.000000E+00    0.000000E+00    0.000000E+00    5.953249E+01    2.209965E+02    2.742101E+01    0.000000E+00    0.000000E+00    0.000000E+00
2.241500E+00    1.184327E+02   -2.503137E+01   -1.483035E+02    0.000000E+00    0.000000E+00    0.000000E+00    7.676626E+01    2.445577E+02    2.012824E+01    0.000000E+00    0.000000E+00    0.000000E+00
2.242500E+00    9.836602E+01   -4.722670E+01   -1.555581E+02    0.000000E+00    0.000000E+00    0.000000E+00    1.023783E+02    2.322287E+02   -5.981154E+00    0.000000E+00    0.000000E+00    0.000000E+00
2.243500E+00    1.395295E+02    7.752953E+00   -1.569065E+02    0.000000E+00    0.000000E+00    0.000000E+00    5.400381E+01    2.700769E+02    6.107949E+01    0.000000E+00    0.000000E+00    0.000000E+00
2.244500E+00    1.160668E+02   -3.284277E+01   -1.464725E+02    0.000000E+00    0.000000E+00    0.000000E+00    8.782866E+01    2.386107E+02    1.614265E+01    0.000000E+00    0.000000E+00    0.000000E+00
2.245500E+00    1.039110E+02   -6.415833E+00   -1.440003E+02    0.000000E+00    0.000000E+00    0.000000E+00    6.526184E+01    2.248500E+02    3.680131E+01    0.000000E+00    0.000000E+00    0.000000E+00
2.246500E+00    1.529405E+02    5.550497E+00   -1.616391E+02    0.000000E+00    0.000000E+00    0.000000E+00    6.245318E+01    2.838886E+02    6.847131E+01    0.000000E+00    0.000000E+00    0.000000E+00
2.247500E+00    1.322285E+02   -2.474161E+01   -1.883492E+02    0.000000E+00    0.000000E+00    0.000000E+00    1.029348E+02    2.885314E+02    3.425948E+01    0.000000E+00    0.000000E+00    0.000000E+00
2.248500E+00    9.665352E+01   -1.002986E+02   -1.785994E+02    0.000000E+00    0.000000E+00    0.000000E+00    1.682665E+02    2.456777E+02   -4.720732E+01    0.000000E+00    0.000000E+00    0.000000E+00
2.249500E+00    1.083500E+02   -6.041622E+01   -1.762913E+02    0.000000E+00    0.000000E+00    0.000000E+00    1.340259E+02    2.533510E+02   -4.862083E+00    0.000000E+00    0.000000E+00    0.000000E+00
2.250500E+00    1.107182E+02   -3.434838E+01   -1.608452E+02    0.000000E+00    0.000000E+00    0.000000E+00    1.046823E+02    2.411710E+02    2.023253E+01    0.000000E+00    0.000000E+00    0.000000E+00
2.251500E+00    1.398037E+02   -3.378941E+01   -1.772936E+02    0.000000E+00    0.000000E+00    0.000000E+00    1.132719E+02    2.806507E+02    3.557282E+01    0.000000E+00    0.000000E+00    0.000000E+00
2.252500E+00    1.266616E+02   -1.924098E+01   -1.665847E+02    0.000000E+00    0.000000E+00    0.000000E+00    9.701736E+01    2.588578E+02    4.352515E+01    0.000000E+00    0.000000E+00    0.000000E+00
2.253500E+00    1.450814E+02   -4.346265E+01   -1.825177E+02    0.000000E+00    0.000000E+00    0.000000E+00    1.267958E+02    2.881009E+02    3.218414E+01    0.000000E+00    0.000000E+00    0.000000E+00
2.254500E+00    1.065113E+02   -8.515281E+01   -1.865153E+02    0.000000E+00    0.000000E+00    0.000000E+00    1.682073E+02    2.559293E+02   -2.063621E+01    0.000000E+00    0.000000E+00    0.000000E+00
2.255500E+00    1.601401E+02   -8.019102E+00   -1.923758E+02    0.000000E+00    0.000000E+00    0.000000E+00    1.048583E+02    3.073138E+02    7.399584E+01    0.000000E+00    0.000000E+00    0.000000E+00
2.256500E+00    1.131490E+02   -6.959155E+01   -1.740829E+02    0.000000E+00    0.000000E+00    0.000000E+00    1.524789E+02    2.479011E+02    1.157207E-01    0.000000E+00    0.000000E+00    0.000000E+00
2.257500E+00    1.389125E+02   -5.034283E+01   -1.905081E+02    0.000000E+00    0.000000E+00    0.000000E+00    1.463280E+02    2.833302E+02    3.158401E+01    0.000000E+00    0.000000E+00    0.000000E+00
2.258500E+00    9.449412E+01   -1.143537E+02   -2.006578E+02    0.000000E+00    0.000000E+00    0.000000E+00    2.098406E+02    2.506090E+02   -4.417169E+01    0.000000E+00    0.000000E+00    0.000000E+00
2.259500E+00    1.363632E+02   -5.864005E+01   -1.962759E+02    0.000000E+00    0.000000E+00    0.000000E+00    1.582894E+02    2.841691E+02    2.514702E+01    0.000000E+00    0.000000E+00    0.000000E+00
2.260500E+00    1.116662E+02   -7.818449E+01   -1.919184E+02    0.000000E+00    0.000000E+00    0.000000E+00    1.749035E+02    2.571353E+02   -2.844347E+00    0.000000E+00    0.000000E+00    0.000000E+00
2.261500E+00    1.364441E+02   -2.108785E+01   -1.513550E+02    0.000000E+00    0.000000E+00    0.000000E+00    1.035709E+02    2.452383E+02    5.924028E+01    0.000000E+00    0.000000E+00    0.000000E+00
2.262500E+00    1.080310E+02   -9.438857E+01   -1.975386E+02    0.000000E+00    0.000000E+00    0.000000E+00    1.973908E+02    2.550269E+02   -1.396823E+01    0.000000E+00    0.000000E+00    0.000000E+00
2.263500E+00    8.266437E+01   -1.083066E+02   -1.886868E+02    0.000000E+00    0.000000E+00    0.000000E+00    2.061008E+02    2.244026E+02   -3.858817E+01    0.000000E+00    0.000000E+00    0.000000E+00
2.264500E+00    1.124324E+02   -8.457240E+01   -1.834896E+02    0.000000E+00    0.000000E+00    0.000000E+00    1.839847E+02    2.450432E+02   -3.682383E-01    0.000000E+00    0.000000E+00    0.000000E+00
2.265500E+00    9.844759E+01   -1.760211E+01   -1.256061E+02    0.000000E+00    0.000000E+00    0.000000E+00    9.168089E+01    1.867963E+02    4.523563E+01    0.000000E+00    0.000000E+00    0.000000E+00
2.266500E+00    1.313315E+02   -7.171975E+01   -1.849852E+02    0.000000E+00    0.000000E+00    0.000000E+00    1.753208E+02    2.611655E+02    2.374648E+01    0.000000E+00    0.000000E+00    0.000000E+00
2.267500E+00    1.285534E+02   -2.286720E+01   -1.827583E+02    0.000000E+00    0.000000E+00    0.000000E+00    1.350935E+02    2.546410E+02    6.289865E+01    0.000000E+00    0.000000E+00    0.000000E+00
2.268500E+00    6.694918E+01   -1.475188E+02   -1.906883E+02    0.000000E+00    0.000000E+00    0.000000E+00    2.470895E+02    2.059502E+02   -7.269558E+01    0.000000E+00    0.000000E+00    0.000000E+00
2.269500E+00    1.561139E+02   -3.945280E+01   -1.936467E+02    0.000000E+00    0.000000E+00    0.000000E+00    1.579801E+02    2.851111E+02    6.935842E+01    0.000000E+00    0.000000E+00    0.000000E+00
2.270500E+00    7.311633E+01   -1.031923E+02   -1.881229E+02    0.000000E+00    0.000000E+00    0.000000E+00    2.108851E+02    2.065695E+02   -3.112134E+01    0.000000E+00    0.000000E+00    0.000000E+00
2.271500E+00    1.060728E+02   -1.030268E+02   -1.796453E+02    0.000000E+00    0.000000E+00    0.000000E+00    2.064677E+02    2.279461E+02   -8.336977E+00    0.000000E+00    0.000000E+00    0.000000E+00
2.272500E+00    9.572738E+01   -4.797180E+01   -1.445822E+02    0.000000E+00    0.000000E+00    0.000000E+00    1.369970E+02    1.926468E+02    2.669128E+01    0.000000E+00    0.000000E+00    0.000000E+00
2.273500E+00    8.355221E+01   -1.084328E+02   -1.998304E+02    0.000000E+00    0.000000E+00    0.000000E+00    2.286900E+02    2.194032E+02   -2.337467E+01    0.000000E+00    0.000000E+00    0.000000E+00
2.274500E+00    1.424070E+02   -1.458466E+02   -2.510376E+02    0.000000E+00    0.000000E+00    0.000000E+00    2.946273E+02    3.082966E+02   -1.151203E+01    0.000000E+00    0.000000E+00    0.000000E+00
2.275500E+00    6.162671E+01   -9.816584E+01   -1.807921E+02    0.000000E+00    0.000000E+00    0.000000E+00    2.110445E+02    1.825987E+02   -2.685534E+01    0.000000E+00    0.000000E+00    0.000000E+00
2.276500E+00    8.671672E+01   -1.360738E+02   -1.958616E+02    0.000000E+00    0.000000E+00    0.000000E+00    2.541121E+02    2.148348E+02   -3.690076E+01    0.000000E+00    0.000000E+00    0.000000E+00
2.277500E+00    4.492597E+01   -7.789981E+01   -1.303976E+02    0.000000E+00    0.000000E+00    0.000000E+00    1.594825E+02    1.316582E+02   -2.316066E+01    0.000000E+00    0.000000E+00    0.000000E+00
2.278500E+00    7.372584E+01   -1.440253E+01   -8.949193E+01    0.000000E+00    0.000000E+00    0.000000E+00    7.599549E+01    1.279387E+02    4.206281E+01    0.000000E+00    0.000000E+00    0.000000E+00
2.279500E+00    7.653934E+01   -9.843903E+01   -1.533603E+02    0.000000E+00    0.000000E+00    0.000000E+00    1.939988E+02    1.735126E+02   -1.409426E+01    0.000000E+00    0.000000E+00    0.000000E+00
2.280500E+00    3.474754E+01   -8.046978E+01   -1.290697E+02    0.000000E+00    0.000000E+00    0.000000E+00    1.608192E+02    1.206146E+02   -3.186706E+01    0.000000E+00    0.000000E+00    0.000000E+00
2.281500E+00    1.422403E+02   -6.332895E+01   -1.788942E+02    0.000000E+00    0.000000E+00    0.000000E+00    1.831052E+02    2.476040E+02    5.843524E+01    0.000000E+00    0.000000E+00    0.000000E+00
2.282500E+00    1.520033E+02   -3.321383E+01   -1.704878E+02    0.000000E+00    0.000000E+00    0.000000E+00    1.529884E+02    2.485033E+02    8.791502E+01    0.000000E+00    0.000000E+00    0.000000E+00
2.283500E+00    9.740501E+01   -9.772737E+01   -1.941507E+02    0.000000E+00    0.000000E+00    0.000000E+00    2.281682E+02    2.136760E+02    7.309954E+00    0.000000E+00    0.000000E+00    0.000000E+00
2.284500E+00    1.237820E+02   -7.881725E+01   -1.805535E+02    0.000000E+00    0.000000E+00    0.000000E+00    2.037087E+02    2.261618E+02    4.089354E+01    0.000000E+00    0.000000E+00    0.000000E+00
2.285500E+00    7.916578E+01   -1.167106E+02   -1.985486E+02    0.000000E+00    0.000000E+00    0.000000E+00    2.505836E+02    1.968229E+02   -1.569723E+01    0.000000E+00    0.000000E+00    0.000000E+00
2.286500E+00    9.651133E+01   -9.688656E+01   -1.866303E+02    0.000000E+00    0.000000E+00    0.000000E+00    2.257745E+02    2.031823E+02    1.154488E+01    0.000000E+00    0.000000E+00    0.000000E+00
2.287500E+00    1.939933E+02   -2.628364E+01   -1.947970E+02    0.000000E+00    0.000000E+00    0.000000E+00    1.704249E+02    2.940866E+02    1.299601E+02    0.000000E+00    0.000000E+00    0.000000E+00
2.288500E+00    2.890304E+01   -1.410664E+02   -1.971881E+02    0.000000E+00    0.000000E+00    0.000000E+00    2.750828E+02    1.460384E+02   -6.399373E+01    0.000000E+00    0.000000E+00    0.000000E+00
2.289500E+00    1.667070E+02   -6.443767E+01   -1.868373E+02    0.000000E+00    0.000000E+00    0.000000E+00    1.996232E+02    2.625026E+02    8.798560E+01    0.000000E+00    0.000000E+00    0.000000E+00
2.290500E+00    3.147606E+01   -1.471936E+02   -2.052670E+02    0.000000E+00    0.000000E+00    0.000000E+00    2.901292E+02    1.491122E+02   -6.259239E+01    0.000000E+00    0.000000E+00    0.000000E+00
2.291500E+00    1.445940E+02   -7.447841E+01   -1.750592E+02    0.000000E+00    0.000000E+00    0.000000E+00    2.021186E+02    2.322206E+02    6.840963E+01    0.000000E+00    0.000000E+00    0.000000E+00
2.292500E+00    1.158451E+02   -7.178882E+01   -2.000885E+02    0.000000E+00    0.000000E+00    0.000000E+00    2.225215E+02    2.181308E+02    5.037581E+01    0.000000E+00    0.000000E+00    0.000000E+00
2.293500E+00    1.158455E+02   -7.350564E+01   -1.583684E+02    0.000000E+00    0.000000E+00    0.000000E+00    1.905239E+02    1.933833E+02    5.002708E+01    0.000000E+00    0.000000E+00    0.000000E+00
2.294500E+00    1.045362E+02   -8.503413E+01   -1.842614E+02    0.000000E+00    0.000000E+00    0.000000E+00    2.237971E+02    1.958219E+02    3.669999E+01    0.000000E+00    0.000000E+00    0.000000E+00
2.295500E+00    9.057823E+01   -8.204299E+01   -1.747158E+02    0.000000E+00    0.000000E+00    0.000000E+00    2.138875E+02    1.767398E+02    2.796827E+01    0.000000E+00    0.000000E+00    0.000000E+00
2.296500E+00    5.772118E+01   -1.121049E+02   -1.737934E+02    0.000000E+00    0.000000E+00    0.000000E+00    2.410887E+02    1.451647E+02   -1.327196E+01    0.000000E+00    0.000000E+00    0.000000E+00
2.297500E+00    7.920009E+01   -1.111502E+02   -1.886091E+02    0.000000E+00    0.000000E+00    0.000000E+00    2.532385E+02    1.707846E+02    5.808092E+00    0.000000E+00    0.000000E+00    0.000000E+00
2.298500E+00    5.050814E+01   -1.248437E+02   -1.906589E+02    0.000000E+00    0.000000E+00    0.000000E+00    2.681749E+02    1.446421E+02   -2.364944E+01    0.000000E+00    0.000000E+00    0.000000E+00
2.299500E+00    3.999206E+01   -1.559729E+02   -1.924925E+02    0.000000E+00    0.000000E+00    0.000000E+00    2.978911E+02    1.342836E+02   -4.705886E+01    0.000000E+00    0.000000E+00    0.000000E+00
2.300500E+00    5.928420E+01   -1.047429E+02   -1.824914E+02    0.000000E+00    0.000000E+00    0.000000E+00    2.457038E+02    1.453395E+02   -3.475897E+00    0.000000E+00    0.000000E+00    0.000000E+00
2.301500E+00    1.128614E+02   -9.541010E+01   -1.859367E+02    0.000000E+00    0.000000E+00    0.000000E+00    2.409170E+02    1.935443E+02    4.699236E+01    0.000000E+00    0.000000E+00    0.000000E+00
2.302500E+00    2.738839E+01   -1.360833E+02   -1.846559E+02    0.000000E+00    0.000000E+00    0.000000E+00    2.778868E+02    1.134866E+02   -4.223564E+01    0.000000E+00    0.000000E+00    0.000000E+00
2.303500E+00    4.252734E+01   -1.301698E+02   -1.883368E+02    0.000000E+00    0.000000E+00    0.000000E+00    2.765616E+02    1.272887E+02   -2.547316E+01    0.000000E+00    0.000000E+00    0.000000E+00
2.304500E+00    5.636167E+01   -1.227762E+02   -1.705931E+02    0.000000E+00    0.000000E+00    0.000000E+00    2.548611E+02    1.306014E+02   -9.775016E+00    0.000000E+00    0.000000E+00    0.000000E+00
2.305500E+00    2.370885E+01   -1.244331E+02   -1.837118E+02    0.000000E+00    0.000000E+00    0.000000E+00    2.688483E+02    1.059670E+02   -3.683178E+01    0.000000E+00    0.000000E+00    0.000000E+00
2.306500E+00    9.429560E+01   -1.025942E+02   -1.688359E+02    0.000000E+00    0.000000E+00    0.000000E+00    2.360300E+02    1.626477E+02    3.379173E+01    0.000000E+00    0.000000E+00    0.000000E+00
2.307500E+00    9.748614E+00   -1.314996E+02   -1.837427E+02    0.000000E+00    0.000000E+00    0.000000E+00    2.778497E+02    8.858689E+01   -4.836350E+01    0.000000E+00    0.000000E+00    0.000000E+00
2.308500E+00    8.348351E+01   -1.094600E+02   -1.835415E+02    0.000000E+00    0.000000E+00    0.000000E+00    2.571234E+02    1.552581E+02    2.433812E+01    0.000000E+00    0.000000E+00    0.000000E+00
2.309500E+00    7.440742E+01   -1.032691E+02   -1.704444E+02    0.000000E+00    0.000000E+00    0.000000E+00    2.417396E+02    1.393539E+02    2.128330E+01    0.000000E+00    0.000000E+00    0.000000E+00
2.310500E+00    6.928018E+01   -9.406070E+01   -1.763510E+02    0.000000E+00    0.000000E+00    0.000000E+00    2.390228E+02    1.370236E+02    2.098783E+01    0.000000E+00    0.000000E+00    0.000000E+00
2.311500E+00    6.446351E+01   -1.308355E+02   -1.826742E+02    0.000000E+00    0.000000E+00    0.000000E+00    2.773689E+02    1.343888E+02    2.279659E+00    0.000000E+00    0.000000E+00    0.000000E+00
2.312500E+00    8.569051E+01   -1.065630E+02   -1.800425E+02    0.000000E+00    0.000000E+00    0.000000E+00    2.552135E+02    1.494824E+02    3.309422E+01    0.000000E+00    0.000000E+00    0.000000E+00
2.313500E+00    2.770217E+01   -1.435443E+02   -1.956098E+02    0.000000E+00    0.000000E+00    0.000000E+00    3.026798E+02    1.020287E+02   -3.185653E+01    0.000000E+00    0.000000E+00    0.000000E+00
2.314500E+00    5.771887E+01   -1.109303E+02   -1.616874E+02    0.000000E+00    0.000000E+00    0.000000E+00    2.448534E+02    1.134515E+02    9.597734E+00    0.000000E+00    0.000000E+00    0.000000E+00
2.315500E+00    7.788552E+01   -9.682711E+01   -1.819414E+02    0.000000E+00    0.000000E+00    0.000000E+00    2.514006E+02    1.372000E+02    3.464308E+01    0.000000E+00    0.000000E+00    0.000000E+00
2.316500E+00    5.504975E+01   -1.155515E+02   -1.630202E+02    0.000000E+00    0.000000E+00    0.000000E+00    2.512910E+02    1.082044E+02    8.369770E+00    0.000000E+00    0.000000E+00    0.000000E+00
2.317500E+00    4.162976E+01   -1.098348E+02   -1.789089E+02    0.000000E+00    0.000000E+00    0.000000E+00    2.616088E+02    1.008871E+02   -8.415584E-01    0.000000E+00    0.000000E+00    0.000000E+00
2.318500E+00    1.156371E+01   -1.570632E+02   -1.872979E+02    0.000000E+00    0.000000E+00    0.000000E+00    3.104263E+02    7.617376E+01   -4.459325E+01    0.000000E+00    0.000000E+00    0.000000E+00
2.319500E+00    9.115215E+01   -1.038736E+02   -1.801508E+02    0.000000E+00    0.000000E+00    0.000000E+00    2.576939E+02    1.446016E+02    4.720560E+01    0.000000E+00    0.000000E+00    0.000000E+00
2.320500E+00    1.462866E+01   -1.244749E+02   -1.681052E+02    0.000000E+00    0.000000E+00    0.000000E+00    2.674755E+02    6.638058E+01   -2.606539E+01    0.000000E+00    0.000000E+00    0.000000E+00
2.321500E+00    1.663372E+01   -1.290219E+02   -1.719787E+02    0.000000E+00    0.000000E+00    0.000000E+00    2.747261E+02    7.013885E+01   -2.593175E+01    0.000000E+00    0.000000E+00    0.000000E+00
2.322500E+00    3.932696E+01   -1.216800E+02   -1.689196E+02    0.000000E+00    0.000000E+00    0.000000E+00    2.653951E+02    8.873286E+01   -1.661454E+00    0.000000E+00    0.000000E+00    0.000000E+00
2.323500E+00    1.371833E+01   -1.195069E+02   -1.676956E+02    0.000000E+00    0.000000E+00    0.000000E+00    2.637795E+02    6.265702E+01   -2.277585E+01    0.000000E+00    0.000000E+00    0.000000E+00
2.324500E+00    2.933018E+00   -1.459009E+02   -1.862098E+02    0.000000E+00    0.000000E+00    0.000000E+00    3.045222E+02    5.717267E+01   -4.006666E+01    0.000000E+00    0.000000E+00    0.000000E+00
2.325500E+00    9.357723E+00   -1.156986E+02   -1.699476E+02    0.000000E+00    0.000000E+00    0.000000E+00    2.629265E+02    5.751408E+01   -2.480664E+01    0.000000E+00    0.000000E+00    0.000000E+00
2.326500E+00    2.042633E+01   -1.212884E+02   -1.504924E+02    0.000000E+00    0.000000E+00    0.000000E+00    2.501351E+02    5.974156E+01   -1.405583E+01    0.000000E+00    0.000000E+00    0.000000E+00
2.327500E+00    2.218663E+01   -1.062968E+02   -1.544850E+02    0.000000E+00    0.000000E+00    0.000000E+00    2.410850E+02    6.225236E+01   -8.202682E+00    0.000000E+00    0.000000E+00    0.000000E+00
2.328500E+00    2.781284E+01   -1.144018E+02   -1.624918E+02    0.000000E+00    0.000000E+00    0.000000E+00    2.558061E+02    6.865594E+01   -4.318036E+00    0.000000E+00    0.000000E+00    0.000000E+00
2.329500E+00    8.987834E+00   -1.210476E+02   -1.659293E+02    0.000000E+00    0.000000E+00    0.000000E+00    2.654598E+02    5.133170E+01   -2.276950E+01    0.000000E+00    0.000000E+00    0.000000E+00
2.330500E+00    2.332403E+01   -1.194904E+02   -1.598867E+02    0.000000E+00    0.000000E+00    0.000000E+00    2.590765E+02    6.060816E+01   -7.479985E+00    0.000000E+00    0.000000E+00    0.000000E+00
2.331500E+00   -3.202181E+01   -1.203666E+02   -1.487839E+02    0.000000E+00    0.000000E+00    0.000000E+00    2.499103E+02    6.094200E+00   -5.883594E+01    0.000000E+00    0.000000E+00    0.000000E+00
2.332500E+00   -1.085030E+00   -1.262299E+02   -1.550209E+02    0.000000E+00    0.000000E+00    0.000000E+00    2.604211E+02    3.654757E+01   -3.144537E+01    0.000000E+00    0.000000E+00    0.000000E+00
2.333500E+00   -2.329946E+01   -1.225333E+02   -1.655271E+02    0.000000E+00    0.000000E+00    0.000000E+00    2.688169E+02    1.476247E+01   -4.877045E+01    0.000000E+00    0.000000E+00    0.000000E+00
2.334500E+00    6.905230E+01   -1.189695E+02   -1.657152E+02    0.000000E+00    0.000000E+00    0.000000E+00    2.641931E+02    1.015786E+02    3.782226E+01    0.000000E+00    0.000000E+00    0.000000E+00
2.335500E+00   -2.816296E+01   -1.213745E+02   -1.534569E+02    0.000000E+00    0.000000E+00    0.000000E+00    2.570850E+02    4.834915E+00   -5.103907E+01    0.000000E+00    0.000000E+00    0.000000E+00
2.336500E+00    4.716705E+01   -1.142318E+02   -1.559232E+02    0.000000E+00    0.000000E+00    0.000000E+00    2.512106E+02    7.757330E+01    1.971688E+01    0.000000E+00    0.000000E+00    0.000000E+00
2.337500E+00    7.648316E+00   -1.235844E+02   -1.704258E+02    0.000000E+00    0.000000E+00    0.000000E+00    2.758133E+02    3.921350E+01   -1.582291E+01    0.000000E+00    0.000000E+00    0.000000E+00
2.338500E+00    9.322099E+01   -1.138493E+02   -1.822754E+02    0.000000E+00    0.000000E+00    0.000000E+00    2.775664E+02    1.209714E+02    6.652102E+01    0.000000E+00    0.000000E+00    0.000000E+00
2.339500E+00    1.116227E+02   -9.175822E+01   -1.385188E+02    0.000000E+00    0.000000E+00    0.000000E+00    2.161910E+02    1.280971E+02    8.990433E+01    0.000000E+00    0.000000E+00    0.000000E+00
2.340500E+00    2.264420E+01   -1.020987E+02   -1.570549E+02    0.000000E+00    0.000000E+00    0.000000E+00    2.442402E+02    4.768894E+01    4.286608E+00    0.000000E+00    0.000000E+00    0.000000E+00
2.341500E+00   -2.531789E+01   -1.247858E+02   -1.391925E+02    0.000000E+00    0.000000E+00    0.000000E+00    2.473757E+02   -6.578267E-01   -4.478225E+01    0.000000E+00    0.000000E+00    0.000000E+00
2.342500E+00   -5.134964E+01   -1.318172E+02   -2.007243E+02    0.000000E+00    0.000000E+00    0.000000E+00    3.160261E+02   -1.731777E+01   -6.891423E+01    0.000000E+00    0.000000E+00    0.000000E+00
2.343500E+00    4.981318E+01   -1.281784E+02   -1.644375E+02    0.000000E+00    0.000000E+00    0.000000E+00    2.745350E+02    7.187124E+01    2.749442E+01    0.000000E+00    0.000000E+00    0.000000E+00
2.344500E+00    3.538667E+01   -1.118698E+02   -1.500419E+02    0.000000E+00    0.000000E+00    0.000000E+00    2.471232E+02    5.396266E+01    1.833491E+01    0.000000E+00    0.000000E+00    0.000000E+00
2.345500E+00   -2.459015E+01   -1.136577E+02   -1.412491E+02    0.000000E+00    0.000000E+00    0.000000E+00    2.408020E+02   -5.089714E+00   -3.820072E+01    0.000000E+00    0.000000E+00    0.000000E+00
2.346500E+00   -2.674238E+00   -1.179266E+02   -1.593042E+02    0.000000E+00    0.000000E+00    0.000000E+00    2.622497E+02    1.756246E+01   -1.773501E+01    0.000000E+00    0.000000E+00    0.000000E+00
2.347500E+00   -1.479640E+00   -1.265465E+02   -1.641002E+02    0.000000E+00    0.000000E+00    0.000000E+00    2.741311E+02    1.858850E+01   -1.716392E+01    0.000000E+00    0.000000E+00    0.000000E+00
2.348500E+00    7.036128E+01   -1.298093E+02   -1.663798E+02    0.000000E+00    0.000000E+00    0.000000E+00    2.791194E+02    8.549103E+01    5.206163E+01    0.000000E+00    0.000000E+00    0.000000E+00
2.349500E+00    2.733253E+00   -1.487157E+02   -2.330099E+02    0.000000E+00    0.000000E+00    0.000000E+00    3.618262E+02    2.777661E+01   -1.343394E+01    0.000000E+00    0.000000E+00    0.000000E+00
2.350500E+00   -5.202110E+01   -1.370664E+02   -1.407265E+02    0.000000E+00    0.000000E+00    0.000000E+00    2.604610E+02   -3.184968E+01   -6.576868E+01    0.000000E+00    0.000000E+00    0.000000E+00
2.351500E+00   -3.188098E+01   -1.140202E+02   -1.509351E+02    0.000000E+00    0.000000E+00    0.000000E+00    2.510633E+02   -1.556998E+01   -4.163926E+01    0.000000E+00    0.000000E+00    0.000000E+00
2.352500E+00   -4.006045E+01   -1.358538E+02   -1.724647E+02    0.000000E+00    0.000000E+00    0.000000E+00    2.913782E+02   -2.159726E+01   -5.132991E+01    0.000000E+00    0.000000E+00    0.000000E+00
2.353500E+00    9.723600E+01   -7.761614E+01   -1.152816E+02    0.000000E+00    0.000000E+00    0.000000E+00    1.830033E+02    1.023030E+02    8.595868E+01    0.000000E+00    0.000000E+00    0.000000E+00
2.354500E+00   -5.460069E+01   -1.403657E+02   -1.811880E+02    0.000000E+00    0.000000E+00    0.000000E+00    3.042609E+02   -3.641114E+01   -6.361269E+01    0.000000E+00    0.000000E+00    0.000000E+00
2.355500E+00    8.530212E+00   -6.143094E+01   -7.678941E+01    0.000000E+00    0.000000E+00    0.000000E+00    1.309454E+02    1.500716E+01    2.507528E+00    0.000000E+00    0.000000E+00    0.000000E+00
2.356500E+00    1.018312E+02   -8.182096E+01   -1.176526E+02    0.000000E+00    0.000000E+00    0.000000E+00    1.894491E+02    1.043610E+02    9.184753E+01    0.000000E+00    0.000000E+00    0.000000E+00
2.357500E+00    1.357887E+01   -9.397419E+01   -1.277309E+02    0.000000E+00    0.000000E+00    0.000000E+00    2.108202E+02    1.975185E+01    8.033603E+00    0.000000E+00    0.000000E+00    0.000000E+00
2.358500E+00    4.378925E+01   -1.053012E+02   -1.241423E+02    0.000000E+00    0.000000E+00    0.000000E+00    2.174401E+02    4.793612E+01    3.618380E+01    0.000000E+00    0.000000E+00    0.000000E+00
2.359500E+00   -3.371007E+00   -9.342150E+01   -1.193170E+02    0.000000E+00    0.000000E+00    0.000000E+00    2.024649E+02    2.547200E+00   -7.750033E+00    0.000000E+00    0.000000E+00    0.000000E+00
2.360500E+00    5.231564E+01   -1.050166E+02   -1.260571E+02    0.000000E+00    0.000000E+00    0.000000E+00    2.195480E+02    5.373701E+01    4.623640E+01    0.000000E+00    0.000000E+00    0.000000E+00
2.361500E+00    7.051632E+01   -8.617722E+01   -1.158879E+02    0.000000E+00    0.000000E+00    0.000000E+00    1.929007E+02    6.920473E+01    6.574642E+01    0.000000E+00    0.000000E+00    0.000000E+00
2.362500E+00    5.458917E+01   -1.076379E+02   -1.468119E+02    0.000000E+00    0.000000E+00    0.000000E+00    2.426882E+02    5.410301E+01    5.041701E+01    0.000000E+00    0.000000E+00    0.000000E+00
2.363500E+00    4.956292E+01   -1.365377E+02   -1.829916E+02    0.000000E+00    0.000000E+00    0.000000E+00    3.043578E+02    4.967900E+01    4.538905E+01    0.000000E+00    0.000000E+00    0.000000E+00
2.364500E+00   -3.025279E+01   -8.801084E+01   -9.177022E+01    0.000000E+00    0.000000E+00    0.000000E+00    1.708422E+02   -2.769193E+01   -3.012276E+01    0.000000E+00    0.000000E+00    0.000000E+00
2.365500E+00    9.274737E+00   -1.240357E+02   -1.649627E+02    0.000000E+00    0.000000E+00    0.000000E+00    2.753197E+02    8.921594E+00    8.421955E+00    0.000000E+00    0.000000E+00    0.000000E+00
2.366500E+00   -8.261760E+01   -1.075617E+02   -1.367336E+02    0.000000E+00    0.000000E+00    0.000000E+00    2.326169E+02   -7.737970E+01   -8.008825E+01    0.000000E+00    0.000000E+00    0.000000E+00
2.367500E+00   -1.234080E+01   -1.290262E+02   -1.610148E+02    0.000000E+00    0.000000E+00    0.000000E+00    2.759717E+02   -1.422905E+01   -1.034183E+01    0.000000E+00    0.000000E+00    0.000000E+00
2.368500E+00   -4.934207E+01   -9.973236E+01   -1.356037E+02    0.000000E+00    0.000000E+00    0.000000E+00    2.241939E+02   -4.756307E+01   -4.694747E+01    0.000000E+00    0.000000E+00    0.000000E+00
2.369500E+00    5.482305E+01   -1.400669E+02   -1.833890E+02    0.000000E+00    0.000000E+00    0.000000E+00    3.077976E+02    4.864817E+01    5.504324E+01    0.000000E+00    0.000000E+00    0.000000E+00
2.370500E+00    1.109993E+01   -1.223957E+02   -1.669933E+02    0.000000E+00    0.000000E+00    0.000000E+00    2.752316E+02    6.884653E+00    1.348355E+01    0.000000E+00    0.000000E+00    0.000000E+00
2.371500E+00   -5.321781E+01   -1.270939E+02   -1.746490E+02    0.000000E+00    0.000000E+00    0.000000E+00    2.871185E+02   -5.533613E+01   -4.757295E+01    0.000000E+00    0.000000E+00    0.000000E+00
2.372500E+00   -3.163803E+01   -1.339603E+02   -1.724155E+02    0.000000E+00    0.000000E+00    0.000000E+00    2.909260E+02   -3.633008E+01   -2.587461E+01    0.000000E+00    0.000000E+00    0.000000E+00
2.373500E+00   -4.813413E+01   -1.166333E+02   -1.628158E+02    0.000000E+00    0.000000E+00    0.000000E+00    2.658645E+02   -5.298667E+01   -4.124315E+01    0.000000E+00    0.000000E+00    0.000000E+00
2.374500E+00    6.430154E+01   -1.323264E+02   -1.529743E+02    0.000000E+00    0.000000E+00    0.000000E+00    2.704890E+02    5.398611E+01    6.754731E+01    0.000000E+00    0.000000E+00    0.000000E+00
2.375500E+00    4.616299E+01   -8.450962E+01   -1.280907E+02    0.000000E+00    0.000000E+00    0.000000E+00    2.031668E+02    3.676712E+01    4.902229E+01    0.000000E+00    0.000000E+00    0.000000E+00
2.376500E+00   -2.426124E+01   -1.357780E+02   -1.630048E+02    0.000000E+00    0.000000E+00    0.000000E+00    2.832075E+02   -3.117193E+01   -1.625117E+01    0.000000E+00    0.000000E+00    0.000000E+00
2.377500E+00   -1.263562E+01   -1.067635E+02   -1.541860E+02    0.000000E+00    0.000000E+00    0.000000E+00    2.488271E+02   -2.019468E+01   -6.639918E+00    0.000000E+00    0.000000E+00    0.000000E+00
2.378500E+00    6.367687E+00   -1.008696E+02   -1.252517E+02    0.000000E+00    0.000000E+00    0.000000E+00    2.146159E+02   -2.541524E+00    1.295754E+01    0.000000E+00    0.000000E+00    0.000000E+00
2.379500E+00    3.042098E+01   -1.207578E+02   -1.603206E+02    0.000000E+00    0.000000E+00    0.000000E+00    2.673800E+02    1.561192E+01    3.889587E+01    0.000000E+00    0.000000E+00    0.000000E+00
2.380500E+00   -2.951336E+01   -1.073201E+02   -1.336034E+02    0.000000E+00    0.000000E+00    0.000000E+00    2.283551E+02   -3.918971E+01   -1.921735E+01    0.000000E+00    0.000000E+00    0.000000E+00
2.381500E+00    3.974134E+01   -1.510509E+02   -1.621001E+02    0.000000E+00    0.000000E+00    0.000000E+00    2.961191E+02    2.290889E+01    5.149461E+01    0.000000E+00    0.000000E+00    0.000000E+00
2.382500E+00    7.403094E+01   -1.416946E+02   -1.823310E+02    0.000000E+00    0.000000E+00    0.000000E+00    3.079584E+02    4.983252E+01    8.625327E+01    0.000000E+00    0.000000E+00    0.000000E+00
2.383500E+00    7.012344E+01   -9.999062E+01   -1.202195E+02    0.000000E+00    0.000000E+00    0.000000E+00    2.089848E+02    5.150753E+01    7.902355E+01    0.000000E+00    0.000000E+00    0.000000E+00
2.384500E+00    2.296212E+01   -1.174903E+02   -1.233175E+02    0.000000E+00    0.000000E+00    0.000000E+00    2.275028E+02    6.520829E+00    3.595694E+01    0.000000E+00    0.000000E+00    0.000000E+00
2.385500E+00    3.489433E+01   -1.057518E+02   -1.432463E+02    0.000000E+00    0.000000E+00    0.000000E+00    2.367384E+02    1.398514E+01    4.689638E+01    0.000000E+00    0.000000E+00    0.000000E+00
2.386500E+00   -2.729363E+00   -1.260644E+02   -1.428004E+02    0.000000E+00    0.000000E+00    0.000000E+00    2.541914E+02   -2.121871E+01    1.361178E+01    0.000000E+00    0.000000E+00    0.000000E+00
2.387500E+00   -5.411844E+01   -9.739413E+01   -1.307882E+02    0.000000E+00    0.000000E+00    0.000000E+00    2.164586E+02   -6.852523E+01   -3.866663E+01    0.000000E+00    0.000000E+00    0.000000E+00
2.388500E+00   -8.722455E+00   -1.064173E+02   -1.283293E+02    0.000000E+00    0.000000E+00    0.000000E+00    2.221924E+02   -2.618984E+01    6.471202E+00    0.000000E+00    0.000000E+00    0.000000E+00
2.389500E+00   -4.754386E+01   -8.735700E+01   -1.272019E+02    0.000000E+00    0.000000E+00    0.000000E+00    2.036188E+02   -6.263196E+01   -3.301861E+01    0.000000E+00    0.000000E+00    0.000000E+00
2.390500E+00   -6.414970E+01   -1.207484E+02   -1.488363E+02    0.000000E+00    0.000000E+00    0.000000E+00    2.540718E+02   -8.543291E+01   -4.125964E+01    0.000000E+00    0.000000E+00    0.000000E+00
2.391500E+00   -3.395189E+01   -9.750354E+01   -1.475053E+02    0.000000E+00    0.000000E+00    0.000000E+00    2.325613E+02   -5.283236E+01   -1.869610E+01    0.000000E+00    0.000000E+00    0.000000E+00
2.392500E+00   -5.875008E+01   -9.716826E+01   -1.466070E+02    0.000000E+00    0.000000E+00    0.000000E+00    2.308631E+02   -7.783760E+01   -4.061758E+01    0.000000E+00    0.000000E+00    0.000000E+00
2.393500E+00   -6.896312E+01   -1.139535E+02   -1.626244E+02    0.000000E+00    0.000000E+00    0.000000E+00    2.610432E+02   -9.118363E+01   -4.689843E+01    0.000000E+00    0.000000E+00    0.000000E+00
2.394500E+00   -5.768665E+01   -1.106226E+02   -1.564965E+02    0.000000E+00    0.000000E+00    0.000000E+00    2.518957E+02   -8.122652E+01   -3.582614E+01    0.000000E+00    0.000000E+00    0.000000E+00
2.395500E+00   -5.087246E+01   -1.225531E+02   -1.751416E+02    0.000000E+00    0.000000E+00    0.000000E+00    2.807734E+02   -7.837417E+01   -2.692786E+01    0.000000E+00    0.000000E+00    0.000000E+00
2.396500E+00    6.424290E+00   -1.260573E+02   -1.640181E+02    0.000000E+00    0.000000E+00    0.000000E+00    2.734173E+02   -2.258503E+01    2.834570E+01    0.000000E+00    0.000000E+00    0.000000E+00
2.397500E+00   -5.248159E+01   -1.192565E+02   -1.590433E+02    0.000000E+00    0.000000E+00    0.000000E+00    2.613220E+02   -7.970740E+01   -2.666938E+01    0.000000E+00    0.000000E+00    0.000000E+00
2.398500E+00    4.536115E+00   -1.232430E+02   -1.658491E+02    0.000000E+00    0.000000E+00    0.000000E+00    2.722881E+02   -2.616225E+01    2.697401E+01    0.000000E+00    0.000000E+00    0.000000E+00
2.399500E+00   -7.964136E+00   -1.160956E+02   -1.388632E+02    0.000000E+00    0.000000E+00    0.000000E+00    2.390424E+02   -3.504357E+01    1.584932E+01    0.000000E+00    0.000000E+00    0.000000E+00
2.400500E+00   -1.759119E+01   -1.257485E+02   -1.769872E+02    0.000000E+00    0.000000E+00    0.000000E+00    2.848847E+02   -5.170355E+01    8.549622E+00    0.000000E+00    0.000000E+00    0.000000E+00
2.401500E+00   -3.953130E+01   -1.169451E+02   -1.636990E+02    0.000000E+00    0.000000E+00    0.000000E+00    2.636634E+02   -7.024084E+01   -1.349003E+01    0.000000E+00    0.000000E+00    0.000000E+00
2.402500E+00   -3.817528E+01   -1.166777E+02   -1.520602E+02    0.000000E+00    0.000000E+00    0.000000E+00    2.520366E+02   -6.758623E+01   -1.137360E+01    0.000000E+00    0.000000E+00    0.000000E+00
2.403500E+00   -2.356478E+01   -1.243908E+02   -1.534775E+02    0.000000E+00    0.000000E+00    0.000000E+00    2.600271E+02   -5.601965E+01    5.457520E+00    0.000000E+00    0.000000E+00    0.000000E+00
2.404500E+00   -2.962575E+01   -1.198096E+02   -1.665972E+02    0.000000E+00    0.000000E+00    0.000000E+00    2.687128E+02   -6.475484E+01   -1.099916E+00    0.000000E+00    0.000000E+00    0.000000E+00
2.405500E+00   -3.408625E+01   -1.200525E+02   -1.482678E+02    0.000000E+00    0.000000E+00    0.000000E+00    2.506081E+02   -6.668262E+01   -3.794991E+00    0.000000E+00    0.000000E+00    0.000000E+00
2.406500E+00    1.216029E+01   -1.214740E+02   -1.535510E+02    0.000000E+00    0.000000E+00    0.000000E+00    2.575822E+02   -2.478763E+01    4.005836E+01    0.000000E+00    0.000000E+00    0.000000E+00
2.407500E+00   -1.082577E+02   -8.429554E+01   -1.242061E+02    0.000000E+00    0.000000E+00    0.000000E+00    1.941728E+02   -1.309055E+02   -8.102995E+01    0.000000E+00    0.000000E+00    0.000000E+00
2.408500E+00    3.502386E+00   -1.152629E+02   -1.476367E+02    0.000000E+00    0.000000E+00    0.000000E+00    2.459509E+02   -3.233308E+01    3.096643E+01    0.000000E+00    0.000000E+00    0.000000E+00
2.409500E+00   -3.425251E+01   -8.010581E+01   -1.105574E+02    0.000000E+00    0.000000E+00    0.000000E+00    1.781659E+02   -5.892795E+01   -1.245995E+01    0.000000E+00    0.000000E+00    0.000000E+00
2.410500E+00   -5.041385E+01   -9.885004E+01   -1.368009E+02    0.000000E+00    0.000000E+00    0.000000E+00    2.197919E+02   -8.077531E+01   -2.263178E+01    0.000000E+00    0.000000E+00    0.000000E+00
2.411500E+00   -3.090111E+01   -9.850288E+01   -1.226011E+02    0.000000E+00    0.000000E+00    0.000000E+00    2.059749E+02   -5.957315E+01   -4.027016E+00    0.000000E+00    0.000000E+00    0.000000E+00
2.412500E+00    2.382589E+01   -1.137991E+02   -1.343747E+02    0.000000E+00    0.000000E+00    0.000000E+00    2.316817E+02   -1.220983E+01    5.142751E+01    0.000000E+00    0.000000E+00    0.000000E+00
2.413500E+00   -2.979130E+01   -9.339537E+01   -1.211366E+02    0.000000E+00    0.000000E+00    0.000000E+00    1.995904E+02   -6.023654E+01   -2.496688E+00    0.000000E+00    0.000000E+00    0.000000E+00
2.414500E+00    2.044931E+01   -1.121009E+02   -1.221741E+02    0.000000E+00    0.000000E+00    0.000000E+00    2.178777E+02   -1.322790E+01    4.900029E+01    0.000000E+00    0.000000E+00    0.000000E+00
2.415500E+00   -2.130483E+01   -1.131981E+02   -1.516022E+02    0.000000E+00    0.000000E+00    0.000000E+00    2.462187E+02   -6.187433E+01    1.167513E+01    0.000000E+00    0.000000E+00    0.000000E+00
2.416500E+00   -3.908691E+01   -8.661764E+01   -1.257435E+02    0.000000E+00    0.000000E+00    0.000000E+00    1.973944E+02   -7.139643E+01   -1.218615E+01    0.000000E+00    0.000000E+00    0.000000E+00
2.417500E+00   -3.932262E+01   -9.305143E+01   -1.195612E+02    0.000000E+00    0.000000E+00    0.000000E+00    1.969357E+02   -7.032392E+01   -1.016042E+01    0.000000E+00    0.000000E+00    0.000000E+00
2.418500E+00   -6.822790E+01   -1.021822E+02   -1.619989E+02    0.000000E+00    0.000000E+00    0.000000E+00    2.447376E+02   -1.097076E+02   -3.396584E+01    0.000000E+00    0.000000E+00    0.000000E+00
2.419500E+00   -6.935354E+00   -1.156143E+02   -1.457657E+02    0.000000E+00    0.000000E+00    0.000000E+00    2.420372E+02   -4.834930E+01    2.693573E+01    0.000000E+00    0.000000E+00    0.000000E+00
2.420500E+00    9.827536E+00   -1.300395E+02   -1.529252E+02    0.000000E+00    0.000000E+00    0.000000E+00    2.615781E+02   -3.562965E+01    4.740571E+01    0.000000E+00    0.000000E+00    0.000000E+00
2.421500E+00   -6.278231E+00   -1.243991E+02   -1.472314E+02    0.000000E+00    0.000000E+00    0.000000E+00    2.508422E+02   -4.937048E+01    3.132993E+01    0.000000E+00    0.000000E+00    0.000000E+00
2.422500E+00   -1.180224E+01   -9.702596E+01   -1.228826E+02    0.000000E+00    0.000000E+00    0.000000E+00    2.031558E+02   -4.788742E+01    1.838613E+01    0.000000E+00    0.000000E+00    0.000000E+00
2.423500E+00   -3.757329E+01   -1.044183E+02   -1.489776E+02    0.000000E+00    0.000000E+00    0.000000E+00    2.340774E+02   -7.982012E+01   -3.027238E+00    0.000000E+00    0.000000E+00    0.000000E+00
2.424500E+00   -3.320676E+01   -1.123017E+02   -1.558445E+02    0.000000E+00    0.000000E+00    0.000000E+00    2.471890E+02   -7.880027E+01    4.183736E+00    0.000000E+00    0.000000E+00    0.000000E+00
2.425500E+00   -6.943250E+01   -9.554553E+01   -1.331768E+02    0.000000E+00    0.000000E+00    0.000000E+00    2.099986E+02   -1.067434E+02   -3.312851E+01    0.000000E+00    0.000000E+00    0.000000E+00
2.426500E+00   -4.372166E+01   -9.691131E+01   -1.379941E+02    0.000000E+00    0.000000E+00    0.000000E+00    2.162261E+02   -8.394424E+01   -9.349696E+00    0.000000E+00    0.000000E+00    0.000000E+00
2.427500E+00   -4.973639E+01   -9.743163E+01   -1.403626E+02    0.000000E+00    0.000000E+00    0.000000E+00    2.184028E+02   -9.136473E+01   -1.386790E+01    0.000000E+00    0.000000E+00    0.000000E+00
2.428500E+00   -4.999812E+01   -1.147044E+02   -1.693841E+02    0.000000E+00    0.000000E+00    0.000000E+00    2.609946E+02   -1.012268E+02   -8.388283E+00    0.000000E+00    0.000000E+00    0.000000E+00
2.429500E+00   -1.114206E+02   -8.032819E+01   -1.332945E+02    0.000000E+00    0.000000E+00    0.000000E+00    1.953521E+02   -1.470836E+02   -7.526317E+01    0.000000E+00    0.000000E+00    0.000000E+00
2.430500E+00   -1.629296E+00   -9.863355E+01   -1.268035E+02    0.000000E+00    0.000000E+00    0.000000E+00    2.077856E+02   -4.170107E+01    2.991932E+01    0.000000E+00    0.000000E+00    0.000000E+00
2.431500E+00   -1.917216E+01   -1.321145E+02   -1.544394E+02    0.000000E+00    0.000000E+00    0.000000E+00    2.621365E+02   -6.934310E+01    2.717244E+01    0.000000E+00    0.000000E+00    0.000000E+00
2.432500E+00   -2.135011E+01   -1.296962E+02   -1.825596E+02    0.000000E+00    0.000000E+00    0.000000E+00    2.867448E+02   -8.034701E+01    2.367589E+01    0.000000E+00    0.000000E+00    0.000000E+00
2.433500E+00   -8.968511E+00   -1.267210E+02   -1.254795E+02    0.000000E+00    0.000000E+00    0.000000E+00    2.302831E+02   -5.071209E+01    3.499048E+01    0.000000E+00    0.000000E+00    0.000000E+00
2.434500E+00   -5.563634E+01   -7.838472E+01   -1.415884E+02    0.000000E+00    0.000000E+00    0.000000E+00    2.012044E+02   -1.005934E+02   -2.328876E+01    0.000000E+00    0.000000E+00    0.000000E+00
2.435500E+00   -2.678340E+01   -9.313966E+01   -1.022506E+02    0.000000E+00    0.000000E+00    0.000000E+00    1.781155E+02   -6.010699E+01    8.003588E+00    0.000000E+00    0.000000E+00    0.000000E+00
2.436500E+00   -9.975090E+01   -7.701109E+01   -1.476913E+02    0.000000E+00    0.000000E+00    0.000000E+00    2.044373E+02   -1.446047E+02   -6.273934E+01    0.000000E+00    0.000000E+00    0.000000E+00
2.437500E+00   -5.952314E+00   -1.252133E+02   -1.546068E+02    0.000000E+00    0.000000E+00    0.000000E+00    2.554810E+02   -5.947849E+01    3.836055E+01    0.000000E+00    0.000000E+00    0.000000E+00
2.438500E+00   -4.809928E+01   -1.029579E+02   -1.517255E+02    0.000000E+00    0.000000E+00    0.000000E+00    2.318777E+02   -9.863455E+01   -6.416728E+00    0.000000E+00    0.000000E+00    0.000000E+00
2.439500E+00   -1.215671E+01   -1.115926E+02   -1.183901E+02    0.000000E+00    0.000000E+00    0.000000E+00    2.089072E+02   -5.379887E+01    2.928854E+01    0.000000E+00    0.000000E+00    0.000000E+00
2.440500E+00   -7.739121E+01   -5.067246E+01   -1.183130E+02    0.000000E+00    0.000000E+00    0.000000E+00    1.535969E+02   -1.146757E+02   -5.124732E+01    0.000000E+00    0.000000E+00    0.000000E+00
2.441500E+00   -1.813662E+01   -1.186448E+02   -1.441069E+02    0.000000E+00    0.000000E+00    0.000000E+00    2.388068E+02   -6.853751E+01    2.635689E+01    0.000000E+00    0.000000E+00    0.000000E+00
2.442500E+00   -4.574485E+01   -1.138704E+02   -1.649140E+02    0.000000E+00    0.000000E+00    0.000000E+00    2.528240E+02   -1.029449E+02    9.478157E-01    0.000000E+00    0.000000E+00    0.000000E+00
2.443500E+00   -5.573753E+01   -9.775662E+01   -1.235431E+02    0.000000E+00    0.000000E+00    0.000000E+00    1.998589E+02   -9.747505E+01   -1.332130E+01    0.000000E+00    0.000000E+00    0.000000E+00
2.444500E+00   -5.925686E+01   -8.147908E+01   -1.290204E+02    0.000000E+00    0.000000E+00    0.000000E+00    1.906112E+02   -1.027957E+02   -2.256910E+01    0.000000E+00    0.000000E+00    0.000000E+00
2.445500E+00   -2.680206E+01   -7.944487E+01   -1.249653E+02    0.000000E+00    0.000000E+00    0.000000E+00    1.854156E+02   -7.156608E+01    5.758743E+00    0.000000E+00    0.000000E+00    0.000000E+00
2.446500E+00   -1.947066E+01   -1.223499E+02   -1.487769E+02    0.000000E+00    0.000000E+00    0.000000E+00    2.450868E+02   -7.397867E+01    2.899503E+01    0.000000E+00    0.000000E+00    0.000000E+00
2.447500E+00   -6.554091E+01   -1.213149E+02   -1.594943E+02    0.000000E+00    0.000000E+00    0.000000E+00    2.529367E+02   -1.214495E+02   -1.166101E+01    0.000000E+00    0.000000E+00    0.000000E+00
2.448500E+00   -5.427062E+01   -7.859103E+01   -1.447932E+02    0.000000E+00    0.000000E+00    0.000000E+00    2.018578E+02   -1.053534E+02   -1.844519E+01    0.000000E+00    0.000000E+00    0.000000E+00
2.449500E+00   -2.244890E+01   -1.113840E+02   -1.451998E+02    0.000000E+00    0.000000E+00    0.000000E+00    2.316190E+02   -7.551706E+01    2.238169E+01    0.000000E+00    0.000000E+00    0.000000E+00
2.450500E+00    1.077403E+00   -1.269900E+02   -1.308683E+02    0.000000E+00    0.000000E+00    0.000000E+00    2.322471E+02   -5.002891E+01    5.067633E+01    0.000000E+00    0.000000E+00    0.000000E+00
2.451500E+00   -2.633040E+01   -1.468570E+02   -1.764566E+02    0.000000E+00    0.000000E+00    0.000000E+00    2.913094E+02   -9.229464E+01    3.362617E+01    0.000000E+00    0.000000E+00    0.000000E+00
2.452500E+00   -9.018758E+01   -8.297090E+01   -1.558227E+02    0.000000E+00    0.000000E+00    0.000000E+00    2.141575E+02   -1.445448E+02   -4.689172E+01    0.000000E+00    0.000000E+00    0.000000E+00
2.453500E+00   -7.776725E+00   -1.132751E+02   -1.157028E+02    0.000000E+00    0.000000E+00    0.000000E+00    2.066134E+02   -5.196897E+01    3.727240E+01    0.000000E+00    0.000000E+00    0.000000E+00
2.454500E+00   -2.360379E+01   -9.250068E+01   -1.249416E+02    0.000000E+00    0.000000E+00    0.000000E+00    1.952127E+02   -7.170772E+01    1.642298E+01    0.000000E+00    0.000000E+00    0.000000E+00
2.455500E+00   -7.200394E+01   -8.644887E+01   -1.467650E+02    0.000000E+00    0.000000E+00    0.000000E+00    2.087027E+02   -1.251419E+02   -2.860584E+01    0.000000E+00    0.000000E+00    0.000000E+00
2.456500E+00   -6.154479E+01   -1.046115E+02   -1.579550E+02    0.000000E+00    0.000000E+00    0.000000E+00    2.348378E+02   -1.201686E+02   -1.193564E+01    0.000000E+00    0.000000E+00    0.000000E+00
2.457500E+00   -1.274702E+02   -7.015416E+01   -1.620041E+02    0.000000E+00    0.000000E+00    0.000000E+00    2.063301E+02   -1.830594E+02   -8.334958E+01    0.000000E+00    0.000000E+00    0.000000E+00
2.458500E+00   -1.096320E+01   -1.168096E+02   -1.401689E+02    0.000000E+00    0.000000E+00    0.000000E+00    2.310391E+02   -6.550360E+01    3.675758E+01    0.000000E+00    0.000000E+00    0.000000E+00
2.459500E+00   -3.125266E+01   -1.435521E+02   -1.814548E+02    0.000000E+00    0.000000E+00    0.000000E+00    2.905640E+02   -1.024544E+02    3.110427E+01    0.000000E+00    0.000000E+00    0.000000E+00
2.460500E+00   -7.758486E+00   -1.642191E+02   -1.597401E+02    0.000000E+00    0.000000E+00    0.000000E+00    2.902000E+02   -7.170607E+01    5.993909E+01    0.000000E+00    0.000000E+00    0.000000E+00
2.461500E+00   -3.435057E+01   -9.529583E+01   -1.341904E+02    0.000000E+00    0.000000E+00    0.000000E+00    2.052644E+02   -8.601471E+01    8.718830E+00    0.000000E+00    0.000000E+00    0.000000E+00
2.462500E+00   -3.278583E+01   -1.011949E+02   -1.491666E+02    0.000000E+00    0.000000E+00    0.000000E+00    2.235196E+02   -9.190224E+01    1.304322E+01    0.000000E+00    0.000000E+00    0.000000E+00
2.463500E+00   -3.871559E+01   -1.227927E+02   -1.431540E+02    0.000000E+00    0.000000E+00    0.000000E+00    2.365518E+02   -9.536702E+01    1.754992E+01    0.000000E+00    0.000000E+00    0.000000E+00
2.464500E+00   -3.965174E+01   -8.427384E+01   -1.328096E+02    0.000000E+00    0.000000E+00    0.000000E+00    1.936103E+02   -9.135454E+01    1.678757E-01    0.000000E+00    0.000000E+00    0.000000E+00
2.465500E+00   -2.501512E+01   -1.143803E+02   -1.306715E+02    0.000000E+00    0.000000E+00    0.000000E+00    2.181423E+02   -7.813978E+01    2.656453E+01    0.000000E+00    0.000000E+00    0.000000E+00
2.466500E+00   -5.318081E+01   -1.029670E+02   -1.670072E+02    0.000000E+00    0.000000E+00    0.000000E+00    2.395663E+02   -1.193895E+02   -2.709646E+00    0.000000E+00    0.000000E+00    0.000000E+00
2.467500E+00   -2.977277E+01   -1.037763E+02   -1.192309E+02    0.000000E+00    0.000000E+00    0.000000E+00    1.981499E+02   -7.759051E+01    1.802793E+01    0.000000E+00    0.000000E+00    0.000000E+00
2.468500E+00   -2.142440E+01   -1.014776E+02   -1.211593E+02    0.000000E+00    0.000000E+00    0.000000E+00    1.978792E+02   -7.163898E+01    2.485850E+01    0.000000E+00    0.000000E+00    0.000000E+00
2.469500E+00   -2.769900E+01   -9.001479E+01   -1.220145E+02    0.000000E+00    0.000000E+00    0.000000E+00    1.879547E+02   -7.783430E+01    1.463324E+01    0.000000E+00    0.000000E+00    0.000000E+00
2.470500E+00   -3.331632E+01   -9.273561E+01   -1.086422E+02    0.000000E+00    0.000000E+00    0.000000E+00    1.788813E+02   -7.731873E+01    1.103386E+01    0.000000E+00    0.000000E+00    0.000000E+00
2.471500E+00   -5.197955E+01   -1.350085E+01   -4.820982E+01    0.000000E+00    0.000000E+00    0.000000E+00    5.431109E+01   -6.937760E+01   -3.865084E+01    0.000000E+00    0.000000E+00    0.000000E+00
2.472500E+00   -4.286956E+01   -8.984481E+01   -1.334921E+02    0.000000E+00    0.000000E+00    0.000000E+00    1.976228E+02   -9.742711E+01    1.946707E+00    0.000000E+00    0.000000E+00    0.000000E+00
2.473500E+00   -5.340719E+01   -4.371140E+01   -7.264666E+01    0.000000E+00    0.000000E+00    0.000000E+00    1.024531E+02   -8.139919E+01   -2.640188E+01    0.000000E+00    0.000000E+00    0.000000E+00
2.474500E+00   -9.035162E+01   -1.814746E+01   -7.680145E+01    0.000000E+00    0.000000E+00    0.000000E+00    8.312510E+01   -1.163849E+02   -6.998040E+01    0.000000E+00    0.000000E+00    0.000000E+00
2.475500E+00   -4.957621E+01   -1.083864E+02   -1.608615E+02    0.000000E+00    0.000000E+00    0.000000E+00    2.379652E+02   -1.155708E+02    4.508851E+00    0.000000E+00    0.000000E+00    0.000000E+00
2.476500E+00   -7.727464E+01   -9.720759E+01   -1.524659E+02    0.000000E+00    0.000000E+00    0.000000E+00    2.200622E+02   -1.373363E+02   -2.390068E+01    0.000000E+00    0.000000E+00    0.000000E+00
2.477500E+00   -3.026482E+01   -7.295315E+01   -9.895849E+01    0.000000E+00    0.000000E+00    0.000000E+00    1.519893E+02   -7.087191E+01    5.801984E+00    0.000000E+00    0.000000E+00    0.000000E+00
2.478500E+00   -6.510720E+01   -1.387632E+02   -1.934634E+02    0.000000E+00    0.000000E+00    0.000000E+00    2.931092E+02   -1.436539E+02    4.514113E+00    0.000000E+00    0.000000E+00    0.000000E+00
2.479500E+00   -5.164431E+01   -1.046927E+02   -1.474796E+02    0.000000E+00    0.000000E+00    0.000000E+00    2.224587E+02   -1.115245E+02    1.337449E+00    0.000000E+00    0.000000E+00    0.000000E+00
2.480500E+00   -1.016629E+02   -1.283535E+02   -2.434807E+02    0.000000E+00    0.000000E+00    0.000000E+00    3.260564E+02   -2.000146E+02   -3.078501E+01    0.000000E+00    0.000000E+00    0.000000E+00
2.481500E+00   -4.452965E+01   -1.131826E+02   -1.473298E+02    0.000000E+00    0.000000E+00    0.000000E+00    2.293256E+02   -1.054304E+02    1.181169E+01    0.000000E+00    0.000000E+00    0.000000E+00
2.482500E+00   -5.313064E+01   -1.550195E+02   -2.015261E+02    0.000000E+00    0.000000E+00    0.000000E+00    3.138346E+02   -1.369722E+02    2.279295E+01    0.000000E+00    0.000000E+00    0.000000E+00
2.483500E+00   -5.405607E+01   -1.360095E+02   -1.886479E+02    0.000000E+00    0.000000E+00    0.000000E+00    2.857127E+02   -1.324054E+02    1.372831E+01    0.000000E+00    0.000000E+00    0.000000E+00
2.484500E+00   -9.286013E+01   -1.729875E+02   -2.641946E+02    0.000000E+00    0.000000E+00    0.000000E+00    3.836223E+02   -2.012752E+02   -3.182959E+00    0.000000E+00    0.000000E+00    0.000000E+00
2.485500E+00   -8.107668E+01   -1.207713E+02   -1.956829E+02    0.000000E+00    0.000000E+00    0.000000E+00    2.766128E+02   -1.607304E+02   -1.564973E+01    0.000000E+00    0.000000E+00    0.000000E+00
2.486500E+00   -3.006467E+01   -9.314183E+01   -1.207038E+02    0.000000E+00    0.000000E+00    0.000000E+00    1.882395E+02   -8.077651E+01    1.557671E+01    0.000000E+00    0.000000E+00    0.000000E+00
2.487500E+00   -2.333024E+00   -5.816223E+01   -2.855215E+01    0.000000E+00    0.000000E+00    0.000000E+00    7.751656E+01   -1.461625E+01    2.368973E+01    0.000000E+00    0.000000E+00    0.000000E+00
2.488500E+00   -5.438463E+01   -1.942707E+02   -2.409667E+02    0.000000E+00    0.000000E+00    0.000000E+00    3.829006E+02   -1.563739E+02    3.960320E+01    0.000000E+00    0.000000E+00    0.000000E+00
2.489500E+00   -2.731516E+01   -6.719581E+01   -7.553155E+01    0.000000E+00    0.000000E+00    0.000000E+00    1.252321E+02   -5.870701E+01    6.793826E+00    0.000000E+00    0.000000E+00    0.000000E+00
2.490500E+00   -3.222706E+01   -9.378925E+01   -1.262428E+02    0.000000E+00    0.000000E+00    0.000000E+00    1.930451E+02   -8.573998E+01    1.428079E+01    0.000000E+00    0.000000E+00    0.000000E+00
2.491500E+00   -1.855669E+01   -4.805328E+01   -4.465237E+01    0.000000E+00    0.000000E+00    0.000000E+00    8.161985E+01   -3.689212E+01    5.698317E+00    0.000000E+00    0.000000E+00    0.000000E+00
2.492500E+00   -2.149666E+01   -4.282710E+01   -6.540899E+01    0.000000E+00    0.000000E+00    0.000000E+00    9.457893E+01   -4.946509E+01    1.149652E+00    0.000000E+00    0.000000E+00    0.000000E+00
2.493500E+00   -8.366212E+01   -7.363102E+01   -1.691533E+02    0.000000E+00    0.000000E+00    0.000000E+00    2.107287E+02   -1.518929E+02   -3.831488E+01    0.000000E+00    0.000000E+00    0.000000E+00
2.494500E+00   -3.740509E+01   -4.579273E+01   -8.304149E+01    0.000000E+00    0.000000E+00    0.000000E+00    1.127165E+02   -7.194819E+01   -1.116329E+01    0.000000E+00    0.000000E+00    0.000000E+00
2.495500E+00   -3.011815E+01   -7.548823E+01   -9.913016E+01    0.000000E+00    0.000000E+00    0.000000E+00    1.528117E+02   -7.213905E+01    8.372744E+00    0.000000E+00    0.000000E+00    0.000000E+00
2.496500E+00   -5.852393E+01   -8.148333E+01   -1.243750E+02    0.000000E+00    0.000000E+00    0.000000E+00    1.802405E+02   -1.090050E+02   -1.349368E+01    0.000000E+00    0.000000E+00    0.000000E+00
2.497500E+00   -1.798478E+01   -4.076510E+01   -4.821669E+01    0.000000E+00    0.000000E+00    0.000000E+00    7.864791E+01   -3.856884E+01    3.009720E+00    0.000000E+00    0.000000E+00    0.000000E+00
2.498500E+00   -4.866387E+01   -7.580123E+01   -1.121167E+02    0.000000E+00    0.000000E+00    0.000000E+00    1.650144E+02   -9.471415E+01   -7.685029E+00    0.000000E+00    0.000000E+00    0.000000E+00
2.499500E+00   -6.805833E+01   -1.266515E+02   -1.938266E+02    0.000000E+00    0.000000E+00    0.000000E+00    2.808160E+02   -1.487267E+02   -1.526111E+00    0.000000E+00    0.000000E+00    0.000000E+00
2.500500E+00   -3.031478E+01   -7.423415E+01   -8.881688E+01    0.000000E+00    0.000000E+00    0.000000E+00    1.433890E+02   -6.729447E+01    7.213425E+00    0.000000E+00    0.000000E+00    0.000000E+00
2.501500E+00   -4.209588E+01   -1.005678E+02   -1.381189E+02    0.000000E+00    0.000000E+00    0.000000E+00    2.089997E+02   -9.970545E+01    8.862049E+00    0.000000E+00    0.000000E+00    0.000000E+00
2.502500E+00   -5.356648E+01   -1.111430E+02   -1.530426E+02    0.000000E+00    0.000000E+00    0.000000E+00    2.318142E+02   -1.166909E+02    3.466750E+00    0.000000E+00    0.000000E+00    0.000000E+00
2.503500E+00   -6.676793E+01   -1.480741E+02   -2.116480E+02    0.000000E+00    0.000000E+00    0.000000E+00    3.145430E+02   -1.543718E+02    8.912052E+00    0.000000E+00    0.000000E+00    0.000000E+00
2.504500E+00   -6.795329E+01   -1.345317E+02   -1.650792E+02    0.000000E+00    0.000000E+00    0.000000E+00    2.622610E+02   -1.346559E+02    1.917171E+00    0.000000E+00    0.000000E+00    0.000000E+00
2.505500E+00   -6.155815E+01   -1.360847E+02   -2.024903E+02    0.000000E+00    0.000000E+00    0.000000E+00    2.958187E+02   -1.458311E+02    8.050048E+00    0.000000E+00    0.000000E+00    0.000000E+00
2.506500E+00   -9.209060E+01   -1.688863E+02   -2.287546E+02    0.000000E+00    0.000000E+00    0.000000E+00    3.469626E+02   -1.843360E+02   -3.748320E+00    0.000000E+00    0.000000E+00    0.000000E+00
2.507500E+00   -7.170242E+01   -1.582392E+02   -2.241712E+02    0.000000E+00    0.000000E+00    0.000000E+00    3.336676E+02   -1.642084E+02    9.221758E+00    0.000000E+00    0.000000E+00    0.000000E+00
2.508500E+00   -9.943282E+01   -1.934218E+02   -2.902652E+02    0.000000E+00    0.000000E+00    0.000000E+00    4.208735E+02   -2.174327E+02    7.481448E-01    0.000000E+00    0.000000E+00    0.000000E+00
2.509500E+00   -6.567542E+01   -1.354807E+02   -2.358916E+02    0.000000E+00    0.000000E+00    0.000000E+00    3.234656E+02   -1.639931E+02    3.899286E+00    0.000000E+00    0.000000E+00    0.000000E+00
2.510500E+00   -8.109840E+01   -1.217508E+02   -1.547214E+02    0.000000E+00    0.000000E+00    0.000000E+00    2.405763E+02   -1.407299E+02   -1.560052E+01    0.000000E+00    0.000000E+00    0.000000E+00
2.511500E+00   -8.340810E+01   -8.371011E+01   -1.069966E+02    0.000000E+00    0.000000E+00    0.000000E+00    1.665718E+02   -1.232344E+02   -3.392186E+01    0.000000E+00    0.000000E+00    0.000000E+00
2.512500E+00   -4.379166E+01   -8.607014E+01   -9.366289E+01    0.000000E+00    0.000000E+00    0.000000E+00    1.566141E+02   -8.078186E+01    6.883799E-01    0.000000E+00    0.000000E+00    0.000000E+00
2.513500E+00   -8.532849E+01   -8.023761E+01   -1.188678E+02    0.000000E+00    0.000000E+00    0.000000E+00    1.735273E+02   -1.287530E+02   -3.776983E+01    0.000000E+00    0.000000E+00    0.000000E+00
2.514500E+00   -1.515774E+01   -6.456885E+01   -9.460300E+01    0.000000E+00    0.000000E+00    0.000000E+00    1.384694E+02   -5.515688E+01    1.531663E+01    0.000000E+00    0.000000E+00    0.000000E+00
2.515500E+00   -2.768144E+01   -6.302311E-01    7.812640E+00    0.000000E+00    0.000000E+00    0.000000E+00   -6.130759E+00   -2.195713E+01   -2.317009E+01    0.000000E+00    0.000000E+00    0.000000E+00
2.516500E+00   -2.639767E+01   -4.337898E+01   -4.415972E+01    0.000000E+00    0.000000E+00    0.000000E+00    7.648468E+01   -4.324017E+01   -3.613105E+00    0.000000E+00    0.000000E+00    0.000000E+00
2.517500E+00   -3.240297E+01   -5.816128E+01   -7.625737E+01    0.000000E+00    0.000000E+00    0.000000E+00    1.175190E+02   -6.224380E+01   -2.619405E+00    0.000000E+00    0.000000E+00    0.000000E+00
2.518500E+00   -6.878163E+01   -8.019412E+01   -1.251789E+02    0.000000E+00    0.000000E+00    0.000000E+00    1.791181E+02   -1.165569E+02   -2.393739E+01    0.000000E+00    0.000000E+00    0.000000E+00
2.519500E+00    4.225065E+01   -4.448626E+01   -2.605037E+01    0.000000E+00    0.000000E+00    0.000000E+00    6.246704E+01    2.738985E+01    5.461131E+01    0.000000E+00    0.000000E+00    0.000000E+00
2.520500E+00   -7.912049E-01   -5.938835E+01   -7.201711E+01    0.000000E+00    0.000000E+00    0.000000E+00    1.152864E+02   -3.158753E+01    2.450866E+01    0.000000E+00    0.000000E+00    0.000000E+00
2.521500E+00    5.772094E+01   -5.253513E+01   -4.646565E+01    0.000000E+00    0.000000E+00    0.000000E+00    8.790809E+01    3.309662E+01    7.067182E+01    0.000000E+00    0.000000E+00    0.000000E+00
2.522500E+00   -3.177442E+01   -8.912566E+01   -1.194140E+02    0.000000E+00    0.000000E+00    0.000000E+00    1.827943E+02   -7.980461E+01    1.067167E+01    0.000000E+00    0.000000E+00    0.000000E+00
2.523500E+00   -4.341763E+01   -1.145234E+02   -1.471583E+02    0.000000E+00    0.000000E+00    0.000000E+00    2.291531E+02   -1.021833E+02    1.159754E+01    0.000000E+00    0.000000E+00    0.000000E+00
2.524500E+00   -3.851687E+01   -8.280549E+01   -1.148925E+02    0.000000E+00    0.000000E+00    0.000000E+00    1.738289E+02   -8.452326E+01    2.362422E+00    0.000000E+00    0.000000E+00    0.000000E+00
2.525500E+00   -8.505860E+01   -1.385257E+02   -2.151067E+02    0.000000E+00    0.000000E+00    0.000000E+00    3.091764E+02   -1.686341E+02   -1.377917E+01    0.000000E+00    0.000000E+00    0.000000E+00
2.526500E+00   -6.495075E+01   -1.897625E+02   -2.630978E+02    0.000000E+00    0.000000E+00    0.000000E+00    3.955686E+02   -1.699441E+02    2.477395E+01    0.000000E+00    0.000000E+00    0.000000E+00
2.527500E+00   -6.176762E+01   -1.717851E+02   -2.508712E+02    0.000000E+00    0.000000E+00    0.000000E+00    3.688659E+02   -1.603473E+02    1.894696E+01    0.000000E+00    0.000000E+00    0.000000E+00
2.528500E+00   -5.941046E+01   -1.844902E+02   -2.706369E+02    0.000000E+00    0.000000E+00    0.000000E+00    3.974391E+02   -1.662491E+02    2.606129E+01    0.000000E+00    0.000000E+00    0.000000E+00
2.529500E+00   -6.672933E+01   -1.573750E+02   -2.537491E+02    0.000000E+00    0.000000E+00    0.000000E+00    3.586630E+02   -1.652423E+02    8.118007E+00    0.000000E+00    0.000000E+00    0.000000E+00
2.530500E+00   -1.010070E+02   -1.586224E+02   -1.916724E+02    0.000000E+00    0.000000E+00    0.000000E+00    3.053220E+02   -1.701338E+02   -2.054217E+01    0.000000E+00    0.000000E+00    0.000000E+00
2.531500E+00   -5.413544E+01   -1.399023E+02   -2.321377E+02    0.000000E+00    0.000000E+00    0.000000E+00    3.241180E+02   -1.447154E+02    1.158012E+01    0.000000E+00    0.000000E+00    0.000000E+00
2.532500E+00   -9.865759E+00   -1.476177E+02   -2.267231E+02    0.000000E+00    0.000000E+00    0.000000E+00    3.260985E+02   -1.016444E+02    5.228604E+01    0.000000E+00    0.000000E+00    0.000000E+00
2.533500E+00   -5.401165E+01   -1.717979E+02   -2.483104E+02    0.000000E+00    0.000000E+00    0.000000E+00    3.661173E+02   -1.510090E+02    2.480335E+01    0.000000E+00    0.000000E+00    0.000000E+00
2.534500E+00    4.165289E+01   -1.593428E+02   -2.308373E+02    0.000000E+00    0.000000E+00    0.000000E+00    3.402479E+02   -5.687488E+01    1.010858E+02    0.000000E+00    0.000000E+00    0.000000E+00
2.535500E+00   -4.921603E+01   -9.326539E+01   -1.457861E+02    0.000000E+00    0.000000E+00    0.000000E+00    2.084429E+02   -1.050295E+02   -3.208028E+00    0.000000E+00    0.000000E+00    0.000000E+00
2.536500E+00    2.049627E+01   -7.645850E+01   -6.961437E+01    0.000000E+00    0.000000E+00    0.000000E+00    1.276523E+02   -1.039661E+01    4.916404E+01    0.000000E+00    0.000000E+00    0.000000E+00
2.537500E+00   -7.784394E+01   -5.544358E+01   -7.920303E+01    0.000000E+00    0.000000E+00    0.000000E+00    1.171169E+02   -1.028465E+02   -4.375557E+01    0.000000E+00    0.000000E+00    0.000000E+00
2.538500E+00   -1.899795E+01   -6.944985E+01   -1.145259E+02    0.000000E+00    0.000000E+00    0.000000E+00    1.607852E+02   -6.452037E+01    1.211200E+01    0.000000E+00    0.000000E+00    0.000000E+00
2.539500E+00   -6.514772E+01   -2.256436E+01   -7.326698E+01    0.000000E+00    0.000000E+00    0.000000E+00    8.268630E+01   -8.970191E+01   -4.601965E+01    0.000000E+00    0.000000E+00    0.000000E+00
2.540500E+00   -6.212432E+01   -1.014047E+01   -6.310650E+01    0.000000E+00    0.000000E+00    0.000000E+00    6.322478E+01   -8.297152E+01   -4.868642E+01    0.000000E+00    0.000000E+00    0.000000E+00
2.541500E+00   -2.672257E+01   -5.782924E+01   -8.810773E+01    0.000000E+00    0.000000E+00    0.000000E+00    1.279578E+02   -6.041237E+01    5.150166E-01    0.000000E+00    0.000000E+00    0.000000E+00
2.542500E+00    5.101398E+00   -3.782839E+01   -2.186480E+00    0.000000E+00    0.000000E+00    0.000000E+00    3.665658E+01    3.273977E+00    1.962974E+01    0.000000E+00    0.000000E+00    0.000000E+00
2.543500E+00    4.634567E+01   -5.336636E+01   -1.051962E+01    0.000000E+00    0.000000E+00    0.000000E+00    5.844127E+01    3.739507E+01    6.095602E+01    0.000000E+00    0.000000E+00    0.000000E+00
2.544500E+00   -6.345647E+00   -5.487993E+01   -5.636686E+01    0.000000E+00    0.000000E+00    0.000000E+00    9.867992E+01   -2.898983E+01    1.661740E+01    0.000000E+00    0.000000E+00    0.000000E+00
2.545500E+00   -7.405569E+00   -5.800560E+01   -5.550311E+01    0.000000E+00    0.000000E+00    0.000000E+00    1.015820E+02   -2.936761E+01    1.642830E+01    0.000000E+00    0.000000E+00    0.000000E+00
2.546500E+00   -2.483533E+01   -1.343041E+02   -1.438117E+02    0.000000E+00    0.000000E+00    0.000000E+00    2.459679E+02   -7.939389E+01    3.172118E+01    0.000000E+00    0.000000E+00    0.000000E+00
2.547500E+00   -5.352572E+01   -1.312792E+02   -1.649687E+02    0.000000E+00    0.000000E+00    0.000000E+00    2.612661E+02   -1.144140E+02    6.178122E+00    0.000000E+00    0.000000E+00    0.000000E+00
2.548500E+00   -3.897392E+01   -1.003069E+02   -1.459291E+02    0.000000E+00    0.000000E+00    0.000000E+00    2.176754E+02   -9.323817E+01    5.871936E+00    0.000000E+00    0.000000E+00    0.000000E+00
2.549500E+00   -7.339628E+01   -1.429800E+02   -1.999024E+02    0.000000E+00    0.000000E+00    0.000000E+00    3.019131E+02   -1.461455E+02   -6.499282E+00    0.000000E+00    0.000000E+00    0.000000E+00
2.550500E+00   -9.903408E+01   -1.711831E+02   -2.523125E+02    0.000000E+00    0.000000E+00    0.000000E+00    3.719176E+02   -1.900003E+02   -1.765765E+01    0.000000E+00    0.000000E+00    0.000000E+00
2.551500E+00   -1.305846E+02   -2.032886E+02   -3.152678E+02    0.000000E+00    0.000000E+00    0.000000E+00    4.551678E+02   -2.426057E+02   -3.238911E+01    0.000000E+00    0.000000E+00    0.000000E+00
2.552500E+00   -9.338300E+01   -1.334449E+02   -2.099573E+02    0.000000E+00    0.000000E+00    0.000000E+00    3.019788E+02   -1.665802E+02   -2.873755E+01    0.000000E+00    0.000000E+00    0.000000E+00
2.553500E+00   -9.494949E+01   -1.613207E+02   -2.716060E+02    0.000000E+00    0.000000E+00    0.000000E+00    3.805007E+02   -1.914050E+02   -1.963402E+01    0.000000E+00    0.000000E+00    0.000000E+00
2.554500E+00   -8.298166E+01   -1.651910E+02   -2.214533E+02    0.000000E+00    0.000000E+00    0.000000E+00    3.396703E+02   -1.603645E+02   -7.870936E+00    0.000000E+00    0.000000E+00    0.000000E+00
2.555500E+00   -3.941263E+01   -9.979823E+01   -1.749570E+02    0.000000E+00    0.000000E+00    0.000000E+00    2.419301E+02   -1.033256E+02    4.305424E+00    0.000000E+00    0.000000E+00    0.000000E+00
2.556500E+00   -7.701370E+01   -1.029369E+02   -1.515353E+02    0.000000E+00    0.000000E+00    0.000000E+00    2.236088E+02   -1.275227E+02   -2.715296E+01    0.000000E+00    0.000000E+00    0.000000E+00
2.557500E+00   -3.988074E+01   -1.050102E+02   -1.333762E+02    0.000000E+00    0.000000E+00    0.000000E+00    2.094788E+02   -8.664340E+01    5.830960E+00    0.000000E+00    0.000000E+00    0.000000E+00
2.558500E+00   -5.994908E+01   -1.311863E+02   -2.068217E+02    0.000000E+00    0.000000E+00    0.000000E+00    2.974535E+02   -1.331622E+02   -1.748034E+00    0.000000E+00    0.000000E+00    0.000000E+00
2.559500E+00   -9.557095E+00   -8.491287E+01   -1.227850E+02    0.000000E+00    0.000000E+00    0.000000E+00    1.827795E+02   -5.543098E+01    2.426841E+01    0.000000E+00    0.000000E+00    0.000000E+00
2.560500E+00   -5.782583E+01   -8.011426E+01   -1.051745E+02    0.000000E+00    0.000000E+00    0.000000E+00    1.628262E+02   -9.124088E+01   -2.010638E+01    0.000000E+00    0.000000E+00    0.000000E+00
2.561500E+00   -3.888066E+01   -4.903090E+01   -6.212643E+01    0.000000E+00    0.000000E+00    0.000000E+00    9.786043E+01   -5.845181E+01   -1.534181E+01    0.000000E+00    0.000000E+00    0.000000E+00
2.562500E+00   -4.321783E+01   -4.933375E+01   -9.000288E+01    0.000000E+00    0.000000E+00    0.000000E+00    1.229091E+02   -7.287941E+01   -1.909439E+01    0.000000E+00    0.000000E+00    0.000000E+00
2.563500E+00   -1.874790E+00   -9.120548E+01   -1.141873E+02    0.000000E+00    0.000000E+00    0.000000E+00    1.814650E+02   -4.370708E+01    3.203849E+01    0.000000E+00    0.000000E+00    0.000000E+00
2.564500E+00   -2.134514E+01   -7.070353E+01   -7.689223E+01    0.000000E+00    0.000000E+00    0.000000E+00    1.304123E+02   -4.725618E+01    7.201359E+00    0.000000E+00    0.000000E+00    0.000000E+00
2.565500E+00    1.612478E+00   -9.277954E+01   -1.116544E+02    0.000000E+00    0.000000E+00    0.000000E+00    1.810713E+02   -3.972911E+01    3.544102E+01    0.000000E+00    0.000000E+00    0.000000E+00
2.566500E+00    1.527268E+01   -7.303333E+01   -9.804248E+01    0.000000E+00    0.000000E+00    0.000000E+00    1.521158E+02   -2.205972E+01    3.985198E+01    0.000000E+00    0.000000E+00    0.000000E+00
2.567500E+00   -2.434524E+01   -5.268974E+01   -5.758710E+01    0.000000E+00    0.000000E+00    0.000000E+00    9.789521E+01   -4.255189E+01   -2.530343E+00    0.000000E+00    0.000000E+00    0.000000E+00
2.568500E+00   -4.695121E+01   -1.210362E+02   -1.519515E+02    0.000000E+00    0.000000E+00    0.000000E+00    2.417859E+02   -9.752235E+01    2.414230E+00    0.000000E+00    0.000000E+00    0.000000E+00
2.569500E+00   -9.604471E+01   -8.371657E+01   -1.696177E+02    0.000000E+00    0.000000E+00    0.000000E+00    2.248740E+02   -1.473589E+02   -5.454236E+01    0.000000E+00    0.000000E+00    0.000000E+00
2.570500E+00   -8.713632E+01   -1.153982E+02   -1.845042E+02    0.000000E+00    0.000000E+00    0.000000E+00    2.659827E+02   -1.437431E+02   -3.607394E+01    0.000000E+00    0.000000E+00    0.000000E+00
2.571500E+00   -1.053868E+02   -1.233594E+02   -1.716907E+02    0.000000E+00    0.000000E+00    0.000000E+00    2.618738E+02   -1.546631E+02   -5.002438E+01    0.000000E+00    0.000000E+00    0.000000E+00
2.572500E+00   -1.128788E+02   -1.203970E+02   -2.217761E+02    0.000000E+00    0.000000E+00    0.000000E+00    3.045562E+02   -1.787434E+02   -5.800385E+01    0.000000E+00    0.000000E+00    0.000000E+00
2.573500E+00   -7.027613E+01   -1.291771E+02   -1.855333E+02    0.000000E+00    0.000000E+00    0.000000E+00    2.803739E+02   -1.268981E+02   -1.806544E+01    0.000000E+00    0.000000E+00    0.000000E+00
2.574500E+00   -5.505113E+01   -1.534661E+02   -2.101640E+02    0.000000E+00    0.000000E+00    0.000000E+00    3.243250E+02   -1.196915E+02    2.654311E+00    0.000000E+00    0.000000E+00    0.000000E+00
2.575500E+00   -3.885173E+01   -1.287160E+02   -1.887589E+02    0.000000E+00    0.000000E+00    0.000000E+00    2.834197E+02   -9.873266E+01    9.035887E+00    0.000000E+00    0.000000E+00    0.000000E+00
2.576500E+00   -4.828249E+01   -1.301851E+02   -1.836120E+02    0.000000E+00    0.000000E+00    0.000000E+00    2.801211E+02   -1.043575E+02    3.157356E-01    0.000000E+00    0.000000E+00    0.000000E+00
2.577500E+00   -7.430378E+01   -1.054790E+02   -1.674456E+02    0.000000E+00    0.000000E+00    0.000000E+00    2.435402E+02   -1.217908E+02   -3.154583E+01    0.000000E+00    0.000000E+00    0.000000E+00
2.578500E+00   -3.948354E+01   -1.227708E+02   -1.678862E+02    0.000000E+00    0.000000E+00    0.000000E+00    2.594382E+02   -8.974962E+01    4.438758E+00    0.000000E+00    0.000000E+00    0.000000E+00
2.579500E+00   -6.039820E+01   -1.096152E+02   -1.717425E+02    0.000000E+00    0.000000E+00    0.000000E+00    2.511418E+02   -1.097383E+02   -1.843838E+01    0.000000E+00    0.000000E+00    0.000000E+00
2.580500E+00   -6.816785E+01   -1.142389E+02   -1.696463E+02    0.000000E+00    0.000000E+00    0.000000E+00    2.537109E+02   -1.141298E+02   -2.534055E+01    0.000000E+00    0.000000E+00    0.000000E+00
2.581500E+00   -2.390133E+01   -1.375081E+02   -1.908121E+02    0.000000E+00    0.000000E+00    0.000000E+00    2.933820E+02   -8.143544E+01    2.191305E+01    0.000000E+00    0.000000E+00    0.000000E+00
2.582500E+00   -4.827641E+01   -1.123684E+02   -1.487687E+02    0.000000E+00    0.000000E+00    0.000000E+00    2.333352E+02   -8.975914E+01   -8.188332E+00    0.000000E+00    0.000000E+00    0.000000E+00
2.583500E+00   -8.545124E+01   -7.612617E+01   -1.469964E+02    0.000000E+00    0.000000E+00    0.000000E+00    2.005843E+02   -1.215841E+02   -5.372108E+01    0.000000E+00    0.000000E+00    0.000000E+00
2.584500E+00   -5.109926E+01   -9.337011E+01   -1.356532E+02    0.000000E+00    0.000000E+00    0.000000E+00    2.055282E+02   -8.627481E+01   -1.804721E+01    0.000000E+00    0.000000E+00    0.000000E+00
2.585500E+00   -4.652097E+01   -9.666176E+01   -1.527032E+02    0.000000E+00    0.000000E+00    0.000000E+00    2.241607E+02   -8.730528E+01   -1.315822E+01    0.000000E+00    0.000000E+00    0.000000E+00
2.586500E+00   -3.125631E+01   -1.162001E+02   -1.239337E+02    0.000000E+00    0.000000E+00    0.000000E+00    2.150806E+02   -6.447008E+01    5.994400E+00    0.000000E+00    0.000000E+00    0.000000E+00
2.587500E+00   -7.719796E+01   -8.314118E+01   -1.580700E+02    0.000000E+00    0.000000E+00    0.000000E+00    2.181696E+02   -1.151337E+02   -4.595358E+01    0.000000E+00    0.000000E+00    0.000000E+00
2.588500E+00   -2.417010E+01   -1.093864E+02   -1.466116E+02    0.000000E+00    0.000000E+00    0.000000E+00    2.312711E+02   -6.252556E+01    8.368543E+00    0.000000E+00    0.000000E+00    0.000000E+00
2.589500E+00   -8.908365E+00   -8.577019E+01   -1.025935E+02    0.000000E+00    0.000000E+00    0.000000E+00    1.701079E+02   -3.692471E+01    1.582192E+01    0.000000E+00    0.000000E+00    0.000000E+00
2.590500E+00   -4.210854E+01   -9.969348E+01   -1.221444E+02    0.000000E+00    0.000000E+00    0.000000E+00    2.000379E+02   -7.203032E+01   -1.072503E+01    0.000000E+00    0.000000E+00    0.000000E+00
2.591500E+00   -7.228186E+01   -9.934143E+01   -1.807790E+02    0.000000E+00    0.000000E+00    0.000000E+00    2.543408E+02   -1.146401E+02   -3.890431E+01    0.000000E+00    0.000000E+00    0.000000E+00
2.592500E+00   -1.035440E+02   -1.072301E+02   -2.050094E+02    0.000000E+00    0.000000E+00    0.000000E+00    2.851161E+02   -1.476147E+02   -6.657385E+01    0.000000E+00    0.000000E+00    0.000000E+00
2.593500E+00   -9.996079E+01   -1.255806E+02   -2.031290E+02    0.000000E+00    0.000000E+00    0.000000E+00    2.980840E+02   -1.431049E+02   -5.866697E+01    0.000000E+00    0.000000E+00    0.000000E+00
2.594500E+00   -1.009394E+02   -9.934480E+01   -1.563990E+02    0.000000E+00    0.000000E+00    0.000000E+00    2.322617E+02   -1.309343E+02   -6.738296E+01    0.000000E+00    0.000000E+00    0.000000E+00
2.595500E+00   -9.795092E+01   -9.407449E+01   -1.685409E+02    0.000000E+00    0.000000E+00    0.000000E+00    2.394797E+02   -1.296113E+02   -6.715060E+01    0.000000E+00    0.000000E+00    0.000000E+00
2.596500E+00   -1.020091E+02   -1.055909E+02   -1.721865E+02    0.000000E+00    0.000000E+00    0.000000E+00    2.535365E+02   -1.335329E+02   -6.860792E+01    0.000000E+00    0.000000E+00    0.000000E+00
2.597500E+00   -1.201474E+02   -1.176254E+02   -2.097032E+02    0.000000E+00    0.000000E+00    0.000000E+00    2.999138E+02   -1.563378E+02   -8.432916E+01    0.000000E+00    0.000000E+00    0.000000E+00
2.598500E+00   -1.184150E+02   -1.230178E+02   -2.076474E+02    0.000000E+00    0.000000E+00    0.000000E+00    3.028563E+02   -1.528280E+02   -8.244366E+01    0.000000E+00    0.000000E+00    0.000000E+00
2.599500E+00   -7.754264E+01   -1.304307E+02   -1.890210E+02    0.000000E+00    0.000000E+00    0.000000E+00    2.924984E+02   -1.102255E+02   -4.423036E+01    0.000000E+00    0.000000E+00    0.000000E+00
2.600500E+00   -3.514637E+01   -8.688038E+01   -1.415862E+02    0.000000E+00    0.000000E+00    0.000000E+00    2.101248E+02   -6.127793E+01   -1.472727E+01    0.000000E+00    0.000000E+00    0.000000E+00
2.601500E+00   -4.970395E+01   -1.091227E+02   -1.584238E+02    0.000000E+00    0.000000E+00    0.000000E+00    2.452778E+02   -7.717297E+01   -2.405032E+01    0.000000E+00    0.000000E+00    0.000000E+00
2.602500E+00   -9.885468E+00   -1.235571E+02   -1.702806E+02    0.000000E+00    0.000000E+00    0.000000E+00    2.698969E+02   -4.168078E+01    1.447283E+01    0.000000E+00    0.000000E+00    0.000000E+00
2.603500E+00   -5.457793E+01   -1.280113E+02   -1.893585E+02    0.000000E+00    0.000000E+00    0.000000E+00    2.915630E+02   -8.552298E+01   -2.652855E+01    0.000000E+00    0.000000E+00    0.000000E+00
2.604500E+00   -5.908736E+01   -1.023271E+02   -1.638077E+02    0.000000E+00    0.000000E+00    0.000000E+00    2.457430E+02   -8.243752E+01   -3.738508E+01    0.000000E+00    0.000000E+00    0.000000E+00
2.605500E+00   -7.226595E+01   -1.194091E+02   -1.782230E+02    0.000000E+00    0.000000E+00    0.000000E+00    2.748050E+02   -9.520124E+01   -4.765073E+01    0.000000E+00    0.000000E+00    0.000000E+00
2.606500E+00   -2.955749E+01   -8.657056E+01   -1.458742E+02    0.000000E+00    0.000000E+00    0.000000E+00    2.159228E+02   -5.069233E+01   -1.364597E+01    0.000000E+00    0.000000E+00    0.000000E+00
2.607500E+00    3.996563E+01   -1.117312E+02   -1.221309E+02    0.000000E+00    0.000000E+00    0.000000E+00    2.154164E+02    1.685061E+01    5.528042E+01    0.000000E+00    0.000000E+00    0.000000E+00
2.608500E+00   -6.884882E+01   -1.383120E+02   -2.005651E+02    0.000000E+00    0.000000E+00    0.000000E+00    3.135990E+02   -9.373907E+01   -4.334007E+01    0.000000E+00    0.000000E+00    0.000000E+00
2.609500E+00   -6.695464E+01   -9.730952E+01   -1.527485E+02    0.000000E+00    0.000000E+00    0.000000E+00    2.327226E+02   -8.174427E+01   -5.038851E+01    0.000000E+00    0.000000E+00    0.000000E+00
2.610500E+00   -1.076570E+02   -1.088307E+02   -1.797195E+02    0.000000E+00    0.000000E+00    0.000000E+00    2.690529E+02   -1.212651E+02   -8.787612E+01    0.000000E+00    0.000000E+00    0.000000E+00
2.611500E+00   -4.255565E+01   -1.312406E+02   -1.959761E+02    0.000000E+00    0.000000E+00    0.000000E+00    3.043027E+02   -6.361870E+01   -2.378148E+01    0.000000E+00    0.000000E+00    0.000000E+00
2.612500E+00   -4.554857E+01   -1.244363E+02   -1.793107E+02    0.000000E+00    0.000000E+00    0.000000E+00    2.826680E+02   -6.246503E+01   -2.878019E+01    0.000000E+00    0.000000E+00    0.000000E+00
2.613500E+00    3.778671E+01   -1.315618E+02   -1.755156E+02    0.000000E+00    0.000000E+00    0.000000E+00    2.858550E+02    1.492920E+01    5.036797E+01    0.000000E+00    0.000000E+00    0.000000E+00
2.614500E+00   -4.464400E+01   -1.181196E+02   -1.538246E+02    0.000000E+00    0.000000E+00    0.000000E+00    2.531328E+02   -5.701931E+01   -3.008345E+01    0.000000E+00    0.000000E+00    0.000000E+00
2.615500E+00   -3.171367E+01   -1.237446E+02   -1.845612E+02    0.000000E+00    0.000000E+00    0.000000E+00    2.886714E+02   -4.510776E+01   -1.997761E+01    0.000000E+00    0.000000E+00    0.000000E+00
2.616500E+00    2.769679E+00   -1.268334E+02   -1.624814E+02    0.000000E+00    0.000000E+00    0.000000E+00    2.702804E+02   -1.086141E+01    1.269933E+01    0.000000E+00    0.000000E+00    0.000000E+00
2.617500E+00   -4.340846E+00   -1.446120E+02   -1.894054E+02    0.000000E+00    0.000000E+00    0.000000E+00    3.119997E+02   -1.824262E+01    6.490400E+00    0.000000E+00    0.000000E+00    0.000000E+00
2.618500E+00    2.714879E+00   -1.448376E+02   -2.085335E+02    0.000000E+00    0.000000E+00    0.000000E+00    3.313523E+02   -1.180052E+01    1.207624E+01    0.000000E+00    0.000000E+00    0.000000E+00
2.619500E+00    3.602225E+01   -1.502682E+02   -1.793802E+02    0.000000E+00    0.000000E+00    0.000000E+00    3.076747E+02    2.172202E+01    4.328116E+01    0.000000E+00    0.000000E+00    0.000000E+00
2.620500E+00    7.003896E+01   -1.544801E+02   -1.949709E+02    0.000000E+00    0.000000E+00    0.000000E+00    3.265936E+02    5.160205E+01    7.620709E+01    0.000000E+00    0.000000E+00    0.000000E+00
2.621500E+00   -5.328121E+01   -1.435442E+02   -2.032906E+02    0.000000E+00    0.000000E+00    0.000000E+00    3.255235E+02   -5.706322E+01   -4.539924E+01    0.000000E+00    0.000000E+00    0.000000E+00
2.622500E+00   -5.611646E+01   -1.377992E+02   -2.004378E+02    0.000000E+00    0.000000E+00    0.000000E+00    3.180396E+02   -5.670016E+01   -5.069284E+01    0.000000E+00    0.000000E+00    0.000000E+00
2.623500E+00   -1.227880E+02   -1.495177E+02   -2.142705E+02    0.000000E+00    0.000000E+00    0.000000E+00    3.420526E+02   -1.153926E+02   -1.159700E+02    0.000000E+00    0.000000E+00    0.000000E+00
2.624500E+00   -6.014249E+01   -1.213850E+02   -1.967913E+02    0.000000E+00    0.000000E+00    0.000000E+00    3.008668E+02   -5.671775E+01   -5.715781E+01    0.000000E+00    0.000000E+00    0.000000E+00
2.625500E+00    2.112380E+01   -1.525446E+02   -1.810059E+02    0.000000E+00    0.000000E+00    0.000000E+00    3.119491E+02    1.824080E+01    2.117473E+01    0.000000E+00    0.000000E+00    0.000000E+00
2.626500E+00    4.029756E+01   -1.182148E+02   -1.857348E+02    0.000000E+00    0.000000E+00    0.000000E+00    2.874218E+02    3.624154E+01    3.906983E+01    0.000000E+00    0.000000E+00    0.000000E+00
2.627500E+00   -2.145564E+01   -1.311596E+02   -1.684216E+02    0.000000E+00    0.000000E+00    0.000000E+00    2.809090E+02   -1.925778E+01   -2.130247E+01    0.000000E+00    0.000000E+00    0.000000E+00
2.628500E+00    6.851562E+01   -1.313009E+02   -1.764466E+02    0.000000E+00    0.000000E+00    0.000000E+00    2.901020E+02    6.634063E+01    6.258166E+01    0.000000E+00    0.000000E+00    0.000000E+00
2.629500E+00   -1.149640E+01   -1.318734E+02   -1.886395E+02    0.000000E+00    0.000000E+00    0.000000E+00    3.017978E+02   -7.311532E+00   -1.348625E+01    0.000000E+00    0.000000E+00    0.000000E+00
2.630500E+00   -4.969420E+01   -1.100750E+02   -1.442872E+02    0.000000E+00    0.000000E+00    0.000000E+00    2.399717E+02   -3.984328E+01   -5.283700E+01    0.000000E+00    0.000000E+00    0.000000E+00
2.631500E+00    6.741232E+00   -1.138412E+02   -1.741293E+02    0.000000E+00    0.000000E+00    0.000000E+00    2.724654E+02    1.340308E+01    1.228498E+00    0.000000E+00    0.000000E+00    0.000000E+00
2.632500E+00   -5.658355E+01   -1.347118E+02   -1.615435E+02    0.000000E+00    0.000000E+00    0.000000E+00    2.785362E+02   -4.301762E+01   -6.209007E+01    0.000000E+00    0.000000E+00    0.000000E+00
2.633500E+00   -4.661491E+01   -1.146265E+02   -1.920833E+02    0.000000E+00    0.000000E+00    0.000000E+00    2.916303E+02   -3.042523E+01   -5.279676E+01    0.000000E+00    0.000000E+00    0.000000E+00
2.634500E+00   -7.094472E+01   -1.467047E+02   -1.794348E+02    0.000000E+00    0.000000E+00    0.000000E+00    3.069316E+02   -5.101981E+01   -8.010874E+01    0.000000E+00    0.000000E+00    0.000000E+00
2.635500E+00   -5.930068E+01   -1.304207E+02   -1.865287E+02    0.000000E+00    0.000000E+00    0.000000E+00    3.000177E+02   -3.924376E+01   -6.843747E+01    0.000000E+00    0.000000E+00    0.000000E+00
2.636500E+00    5.085462E+00   -1.259720E+02   -1.805930E+02    0.000000E+00    0.000000E+00    0.000000E+00    2.898667E+02    2.041863E+01   -6.549655E+00    0.000000E+00    0.000000E+00    0.000000E+00
2.637500E+00   -5.049779E+01   -1.387959E+02   -1.763289E+02    0.000000E+00    0.000000E+00    0.000000E+00    2.973497E+02   -2.799456E+01   -6.335998E+01    0.000000E+00    0.000000E+00    0.000000E+00
2.638500E+00   -1.625113E+01   -1.333176E+02   -1.803029E+02    0.000000E+00    0.000000E+00    0.000000E+00    2.963021E+02    5.490946E+00   -3.102371E+01    0.000000E+00    0.000000E+00    0.000000E+00
2.639500E+00   -7.586392E+01   -1.491802E+02   -1.985517E+02    0.000000E+00    0.000000E+00    0.000000E+00    3.288230E+02   -4.533436E+01   -9.182889E+01    0.000000E+00    0.000000E+00    0.000000E+00
2.640500E+00   -3.033896E+01   -1.495092E+02   -2.051411E+02    0.000000E+00    0.000000E+00    0.000000E+00    3.353682E+02   -9.816678E-01   -4.935912E+01    0.000000E+00    0.000000E+00    0.000000E+00
2.641500E+00    4.827904E+01   -1.447409E+02   -2.053853E+02    0.000000E+00    0.000000E+00    0.000000E+00    3.308844E+02    7.050816E+01    2.747172E+01    0.000000E+00    0.000000E+00    0.000000E+00
2.642500E+00    2.721031E+01   -1.558092E+02   -1.836647E+02    0.000000E+00    0.000000E+00    0.000000E+00    3.192352E+02    5.078287E+01    3.661223E+00    0.000000E+00    0.000000E+00    0.000000E+00
2.643500E+00    4.110538E+01   -1.067145E+02   -1.762933E+02    0.000000E+00    0.000000E+00    0.000000E+00    2.691601E+02    6.501665E+01    2.301907E+01    0.000000E+00    0.000000E+00    0.000000E+00
2.644500E+00    1.954916E+01   -1.367610E+02   -1.756940E+02    0.000000E+00    0.000000E+00    0.000000E+00    2.944785E+02    4.678487E+01   -3.913146E+00    0.000000E+00    0.000000E+00    0.000000E+00
2.645500E+00   -3.963103E+01   -1.219190E+02   -1.853308E+02    0.000000E+00    0.000000E+00    0.000000E+00    2.916778E+02   -1.375280E+00   -6.116971E+01    0.000000E+00    0.000000E+00    0.000000E+00
2.646500E+00   -2.163614E+01   -1.544192E+02   -1.939739E+02    0.000000E+00    0.000000E+00    0.000000E+00    3.277684E+02    1.445870E+01   -4.877076E+01    0.000000E+00    0.000000E+00    0.000000E+00
2.647500E+00   -4.262871E-01   -1.207831E+02   -1.812157E+02    0.000000E+00    0.000000E+00    0.000000E+00    2.859929E+02    3.613640E+01   -2.504612E+01    0.000000E+00    0.000000E+00    0.000000E+00
2.648500E+00    3.924284E+01   -1.584133E+02   -2.260877E+02    0.000000E+00    0.000000E+00    0.000000E+00    3.620676E+02    7.838972E+01    7.458760E+00    0.000000E+00    0.000000E+00    0.000000E+00
2.649500E+00    3.284618E+01   -1.264580E+02   -1.797229E+02    0.000000E+00    0.000000E+00    0.000000E+00    2.886387E+02    6.800730E+01    4.552375E+00    0.000000E+00    0.000000E+00    0.000000E+00
2.650500E+00    2.227426E+01   -1.392097E+02   -1.823925E+02    0.000000E+00    0.000000E+00    0.000000E+00    3.022794E+02    5.787254E+01   -8.034713E+00    0.000000E+00    0.000000E+00    0.000000E+00
2.651500E+00    4.214666E+01   -1.280196E+02   -2.069818E+02    0.000000E+00    0.000000E+00    0.000000E+00    3.161742E+02    8.496841E+01    1.157655E+01    0.000000E+00    0.000000E+00    0.000000E+00
2.652500E+00    4.726869E+01   -1.630342E+02   -1.896219E+02    0.000000E+00    0.000000E+00    0.000000E+00    3.294929E+02    8.615415E+01    7.514184E+00    0.000000E+00    0.000000E+00    0.000000E+00
2.653500E+00    5.673129E+01   -1.253244E+02   -2.387803E+02    0.000000E+00    0.000000E+00    0.000000E+00    3.443676E+02    1.094932E+02    2.398151E+01    0.000000E+00    0.000000E+00    0.000000E+00
2.654500E+00    5.528801E+01   -1.450502E+02   -1.657544E+02    0.000000E+00    0.000000E+00    0.000000E+00    2.898250E+02    9.099353E+01    1.654595E+01    0.000000E+00    0.000000E+00    0.000000E+00
2.655500E+00    7.262817E+01   -1.112272E+02   -1.752432E+02    0.000000E+00    0.000000E+00    0.000000E+00    2.693797E+02    1.103574E+02    4.088977E+01    0.000000E+00    0.000000E+00    0.000000E+00
2.656500E+00   -3.136422E+00   -7.814915E+01   -1.112883E+02    0.000000E+00    0.000000E+00    0.000000E+00    1.786734E+02    2.689475E+01   -2.442293E+01    0.000000E+00    0.000000E+00    0.000000E+00
2.657500E+00    5.796387E+01   -1.370794E+02   -1.866774E+02    0.000000E+00    0.000000E+00    0.000000E+00    3.027384E+02    1.034696E+02    1.741074E+01    0.000000E+00    0.000000E+00    0.000000E+00
2.658500E+00    1.217089E+02   -7.772659E+01   -1.413166E+02    0.000000E+00    0.000000E+00    0.000000E+00    2.052267E+02    1.505021E+02    9.411702E+01    0.000000E+00    0.000000E+00    0.000000E+00
2.659500E+00    3.561566E+01   -8.120581E+01   -1.066323E+02    0.000000E+00    0.000000E+00    0.000000E+00    1.761809E+02    6.205314E+01    1.124126E+01    0.000000E+00    0.000000E+00    0.000000E+00
2.660500E+00    2.975695E+01   -9.057551E+01   -1.325968E+02    0.000000E+00    0.000000E+00    0.000000E+00    2.091483E+02    6.722933E+01    3.546820E-01    0.000000E+00    0.000000E+00    0.000000E+00
2.661500E+00    8.803257E+01   -9.180224E+01   -1.397942E+02    0.000000E+00    0.000000E+00    0.000000E+00    2.160255E+02    1.221344E+02    5.545180E+01    0.000000E+00    0.000000E+00    0.000000E+00
2.662500E+00    8.525009E+01   -7.470888E+01   -1.183420E+02    0.000000E+00    0.000000E+00    0.000000E+00    1.804778E+02    1.132183E+02    5.792016E+01    0.000000E+00    0.000000E+00    0.000000E+00
2.663500E+00    4.767143E+01   -8.683033E+01   -1.421444E+02    0.000000E+00    0.000000E+00    0.000000E+00    2.137289E+02    8.810355E+01    1.744871E+01    0.000000E+00    0.000000E+00    0.000000E+00
2.664500E+00   -3.406220E+01   -1.592532E+02   -1.826509E+02    0.000000E+00    0.000000E+00    0.000000E+00    3.178608E+02    2.577445E+01   -8.307603E+01    0.000000E+00    0.000000E+00    0.000000E+00
2.665500E+00    2.413082E+01   -9.023776E+01   -1.332006E+02    0.000000E+00    0.000000E+00    0.000000E+00    2.080066E+02    6.589661E+01   -7.938649E+00    0.000000E+00    0.000000E+00    0.000000E+00
2.666500E+00    7.659928E+01   -1.210247E+02   -1.600722E+02    0.000000E+00    0.000000E+00    0.000000E+00    2.600067E+02    1.224149E+02    3.138628E+01    0.000000E+00    0.000000E+00    0.000000E+00
2.667500E+00    1.304905E+01   -1.016417E+02   -1.612264E+02    0.000000E+00    0.000000E+00    0.000000E+00    2.444499E+02    6.662441E+01   -2.237930E+01    0.000000E+00    0.000000E+00    0.000000E+00
2.668500E+00    2.476850E+01   -1.161117E+02   -1.413602E+02    0.000000E+00    0.000000E+00    0.000000E+00    2.375489E+02    7.124942E+01   -1.765711E+01    0.000000E+00    0.000000E+00    0.000000E+00
2.669500E+00    5.906765E+01   -9.487730E+01   -1.548561E+02    0.000000E+00    0.000000E+00    0.000000E+00    2.310947E+02    1.082843E+02    2.118009E+01    0.000000E+00    0.000000E+00    0.000000E+00
2.670500E+00    7.456123E+01   -1.480631E+02   -1.784291E+02    0.000000E+00    0.000000E+00    0.000000E+00    2.997695E+02    1.316591E+02    1.542059E+01    0.000000E+00    0.000000E+00    0.000000E+00
2.671500E+00    8.495764E+00   -1.254205E+02   -1.944222E+02    0.000000E+00    0.000000E+00    0.000000E+00    2.951308E+02    8.080667E+01   -3.942206E+01    0.000000E+00    0.000000E+00    0.000000E+00
2.672500E+00    3.734662E+01   -1.343544E+02   -1.828589E+02    0.000000E+00    0.000000E+00    0.000000E+00    2.902090E+02    1.035255E+02   -1.708197E+01    0.000000E+00    0.000000E+00    0.000000E+00
2.673500E+00    1.016115E+02   -1.293588E+02   -1.928510E+02    0.000000E+00    0.000000E+00    0.000000E+00    2.945425E+02    1.680820E+02    4.242045E+01    0.000000E+00    0.000000E+00    0.000000E+00
2.674500E+00    6.813848E+01   -1.220845E+02   -2.000073E+02    0.000000E+00    0.000000E+00    0.000000E+00    2.946974E+02    1.393515E+02    1.519004E+01    0.000000E+00    0.000000E+00    0.000000E+00
2.675500E+00    3.062664E+01   -1.346137E+02   -1.763067E+02    0.000000E+00    0.000000E+00    0.000000E+00    2.843192E+02    9.745805E+01   -2.563589E+01    0.000000E+00    0.000000E+00    0.000000E+00
2.676500E+00    8.422970E+01   -1.059031E+02   -1.877431E+02    0.000000E+00    0.000000E+00    0.000000E+00    2.677045E+02    1.520236E+02    3.410552E+01    0.000000E+00    0.000000E+00    0.000000E+00
2.677500E+00   -4.115651E+00   -1.533252E+02   -1.627024E+02    0.000000E+00    0.000000E+00    0.000000E+00    2.884406E+02    6.090293E+01   -6.575595E+01    0.000000E+00    0.000000E+00    0.000000E+00
2.678500E+00    5.901429E+01   -1.069809E+02   -1.667395E+02    0.000000E+00    0.000000E+00    0.000000E+00    2.493866E+02    1.220403E+02    9.321584E+00    0.000000E+00    0.000000E+00    0.000000E+00
2.679500E+00    8.376837E+01   -1.536701E+02   -2.247319E+02    0.000000E+00    0.000000E+00    0.000000E+00    3.433452E+02    1.705181E+02    1.084391E+01    0.000000E+00    0.000000E+00    0.000000E+00
2.680500E+00    5.766172E+01   -9.677676E+01   -1.534638E+02    0.000000E+00    0.000000E+00    0.000000E+00    2.269272E+02    1.191671E+02    9.828545E+00    0.000000E+00    0.000000E+00    0.000000E+00
2.681500E+00    5.632184E+01   -1.000486E+02   -1.435599E+02    0.000000E+00    0.000000E+00    0.000000E+00    2.206297E+02    1.132815E+02    7.240635E+00    0.000000E+00    0.000000E+00    0.000000E+00
2.682500E+00    2.589539E+01   -1.284307E+02   -1.677506E+02    0.000000E+00    0.000000E+00    0.000000E+00    2.684145E+02    9.682712E+01   -3.331189E+01    0.000000E+00    0.000000E+00    0.000000E+00
2.683500E+00    8.896406E-01   -1.436580E+02   -2.155828E+02    0.000000E+00    0.000000E+00    0.000000E+00    3.262062E+02    9.726894E+01   -6.388167E+01    0.000000E+00    0.000000E+00    0.000000E+00
2.684500E+00    8.490713E+01   -1.160442E+02   -1.778821E+02    0.000000E+00    0.000000E+00    0.000000E+00    2.642484E+02    1.577149E+02    2.265572E+01    0.000000E+00    0.000000E+00    0.000000E+00
2.685500E+00    6.486702E+01   -9.038829E+01   -1.405573E+02    0.000000E+00    0.000000E+00    0.000000E+00    2.077390E+02    1.239960E+02    1.595798E+01    0.000000E+00    0.000000E+00    0.000000E+00
2.686500E+00    2.472199E+01   -8.869260E+01   -1.086713E+02    0.000000E+00    0.000000E+00    0.000000E+00    1.776949E+02    7.291786E+01   -1.941168E+01    0.000000E+00    0.000000E+00    0.000000E+00
2.687500E+00    7.194255E+01   -7.884976E+01   -1.338040E+02    0.000000E+00    0.000000E+00    0.000000E+00    1.905750E+02    1.290872E+02    2.583665E+01    0.000000E+00    0.000000E+00    0.000000E+00
2.688500E+00    9.011532E+01   -9.757476E+01   -1.588998E+02    0.000000E+00    0.000000E+00    0.000000E+00    2.287360E+02    1.587848E+02    3.214630E+01    0.000000E+00    0.000000E+00    0.000000E+00
2.689500E+00    1.089438E+02   -9.410717E+01   -1.709003E+02    0.000000E+00    0.000000E+00    0.000000E+00    2.358013E+02    1.826037E+02    4.970408E+01    0.000000E+00    0.000000E+00    0.000000E+00
2.690500E+00    7.741315E+01   -1.105350E+02   -1.700770E+02    0.000000E+00    0.000000E+00    0.000000E+00    2.499007E+02    1.532558E+02    1.379307E+01    0.000000E+00    0.000000E+00    0.000000E+00
2.691500E+00    4.888565E+01   -8.858156E+01   -1.350747E+02    0.000000E+00    0.000000E+00    0.000000E+00    1.988028E+02    1.116892E+02   -1.816942E+00    0.000000E+00    0.000000E+00    0.000000E+00
2.692500E+00    1.086514E+02   -8.715712E+01   -1.639461E+02    0.000000E+00    0.000000E+00    0.000000E+00    2.213002E+02    1.822612E+02    4.972581E+01    0.000000E+00    0.000000E+00    0.000000E+00
2.693500E+00    8.354670E+01   -7.165345E+01   -1.326590E+02    0.000000E+00    0.000000E+00    0.000000E+00    1.803081E+02    1.431704E+02    3.611050E+01    0.000000E+00    0.000000E+00    0.000000E+00
2.694500E+00    1.180416E+02   -8.104280E+01   -1.531252E+02    0.000000E+00    0.000000E+00    0.000000E+00    2.059244E+02    1.852859E+02    6.059101E+01    0.000000E+00    0.000000E+00    0.000000E+00
2.695500E+00    7.662148E+01   -5.641355E+01   -1.282738E+02    0.000000E+00    0.000000E+00    0.000000E+00    1.617861E+02    1.366927E+02    3.623751E+01    0.000000E+00    0.000000E+00    0.000000E+00
2.696500E+00    2.293410E+01   -1.200376E+02   -1.394825E+02    0.000000E+00    0.000000E+00    0.000000E+00    2.310116E+02    8.994354E+01   -4.034209E+01    0.000000E+00    0.000000E+00    0.000000E+00
2.697500E+00    6.333406E+01   -8.042345E+01   -1.351079E+02    0.000000E+00    0.000000E+00    0.000000E+00    1.895390E+02    1.277814E+02    1.223078E+01    0.000000E+00    0.000000E+00    0.000000E+00
2.698500E+00    7.439640E+01   -5.847971E+01   -1.110891E+02    0.000000E+00    0.000000E+00    0.000000E+00    1.486837E+02    1.251331E+02    3.338496E+01    0.000000E+00    0.000000E+00    0.000000E+00
2.699500E+00    5.476860E+01   -7.685260E+01   -1.246526E+02    0.000000E+00    0.000000E+00    0.000000E+00    1.772140E+02    1.145472E+02    6.901990E+00    0.000000E+00    0.000000E+00    0.000000E+00
2.700500E+00    3.982471E+01   -1.058142E+02   -1.296145E+02    0.000000E+00    0.000000E+00    0.000000E+00    2.073387E+02    1.042533E+02   -2.212434E+01    0.000000E+00    0.000000E+00    0.000000E+00
2.701500E+00    4.533454E+01   -1.029454E+02   -1.577494E+02    0.000000E+00    0.000000E+00    0.000000E+00    2.284935E+02    1.252628E+02   -1.647657E+01    0.000000E+00    0.000000E+00    0.000000E+00
2.702500E+00    5.476305E+01   -1.165008E+02   -1.514167E+02    0.000000E+00    0.000000E+00    0.000000E+00    2.345975E+02    1.311184E+02   -1.643951E+01    0.000000E+00    0.000000E+00    0.000000E+00
2.703500E+00    6.290192E+01   -4.828750E+01   -9.598328E+01    0.000000E+00    0.000000E+00    0.000000E+00    1.249990E+02    1.102604E+02    2.616215E+01    0.000000E+00    0.000000E+00    0.000000E+00
2.704500E+00    7.839632E+01   -5.717731E+01   -1.123217E+02    0.000000E+00    0.000000E+00    0.000000E+00    1.462597E+02    1.338406E+02    3.387111E+01    0.000000E+00    0.000000E+00    0.000000E+00
2.705500E+00    6.602579E+01   -1.016968E+02   -1.593942E+02    0.000000E+00    0.000000E+00    0.000000E+00    2.268836E+02    1.473510E+02   -4.857527E-01    0.000000E+00    0.000000E+00    0.000000E+00
2.706500E+00    3.074383E+01   -1.183014E+02   -1.339899E+02    0.000000E+00    0.000000E+00    0.000000E+00    2.208276E+02    1.013604E+02   -3.971931E+01    0.000000E+00    0.000000E+00    0.000000E+00
2.707500E+00    8.715342E+01   -1.113358E+02   -1.940381E+02    0.000000E+00    0.000000E+00    0.000000E+00    2.628747E+02    1.883216E+02    9.617362E+00    0.000000E+00    0.000000E+00    0.000000E+00
2.708500E+00    7.662901E+01   -1.096853E+02   -1.690491E+02    0.000000E+00    0.000000E+00    0.000000E+00    2.398864E+02    1.658735E+02    1.089366E+00    0.000000E+00    0.000000E+00    0.000000E+00
2.709500E+00    1.040010E+02   -8.420352E+01   -1.523233E+02    0.000000E+00    0.000000E+00    0.000000E+00    2.017849E+02    1.821772E+02    3.728428E+01    0.000000E+00    0.000000E+00    0.000000E+00
2.710500E+00    1.110167E+02   -8.347006E+01   -1.785223E+02    0.000000E+00    0.000000E+00    0.000000E+00    2.227439E+02    2.037612E+02    4.306968E+01    0.000000E+00    0.000000E+00    0.000000E+00
2.711500E+00    7.337882E+01   -1.210469E+02   -1.673419E+02    0.000000E+00    0.000000E+00    0.000000E+00    2.470940E+02    1.641214E+02   -1.047332E+01    0.000000E+00    0.000000E+00    0.000000E+00
2.712500E+00    8.489198E+01   -1.014024E+02   -1.753574E+02    0.000000E+00    0.000000E+00    0.000000E+00    2.364700E+02    1.781888E+02    1.103160E+01    0.000000E+00    0.000000E+00    0.000000E+00
2.713500E+00    9.112607E+01   -1.327472E+02   -2.062980E+02    0.000000E+00    0.000000E+00    0.000000E+00    2.894344E+02    2.028463E+02   -3.188915E+00    0.000000E+00    0.000000E+00    0.000000E+00
2.714500E+00    8.512011E+01   -1.418439E+02   -1.937429E+02    0.000000E+00    0.000000E+00    0.000000E+00    2.871657E+02    1.901879E+02   -1.369121E+01    0.000000E+00    0.000000E+00    0.000000E+00
2.715500E+00    4.625873E+01   -9.423577E+01   -1.524384E+02    0.000000E+00    0.000000E+00    0.000000E+00    2.097300E+02    1.322514E+02   -1.837818E+01    0.000000E+00    0.000000E+00    0.000000E+00
2.716500E+00    1.037478E+02   -7.497724E+01   -1.395478E+02    0.000000E+00    0.000000E+00    0.000000E+00    1.798095E+02    1.784617E+02    3.814547E+01    0.000000E+00    0.000000E+00    0.000000E+00
2.717500E+00    7.125300E+01   -5.425911E+01   -1.294232E+02    0.000000E+00    0.000000E+00    0.000000E+00    1.544351E+02    1.414030E+02    2.559924E+01    0.000000E+00    0.000000E+00    0.000000E+00
2.718500E+00    3.095628E+01   -8.866515E+01   -1.011381E+02    0.000000E+00    0.000000E+00    0.000000E+00    1.628119E+02    8.745094E+01   -2.768201E+01    0.000000E+00    0.000000E+00    0.000000E+00
2.719500E+00    6.410549E+01   -8.351008E+01   -1.331070E+02    0.000000E+00    0.000000E+00    0.000000E+00    1.830790E+02    1.381137E+02    9.495834E-01    0.000000E+00    0.000000E+00    0.000000E+00
2.720500E+00   -7.504042E+00   -1.054767E+02   -9.310666E+01    0.000000E+00    0.000000E+00    0.000000E+00    1.723096E+02    4.752122E+01   -6.833224E+01    0.000000E+00    0.000000E+00    0.000000E+00
2.721500E+00    7.256400E+01   -4.800477E+01   -1.040442E+02    0.000000E+00    0.000000E+00    0.000000E+00    1.259546E+02    1.305792E+02    2.736436E+01    0.000000E+00    0.000000E+00    0.000000E+00
2.722500E+00    3.367358E+01   -8.841915E+01   -1.181218E+02    0.000000E+00    0.000000E+00    0.000000E+00    1.752952E+02    1.018747E+02   -2.659699E+01    0.000000E+00    0.000000E+00    0.000000E+00
2.723500E+00    3.476571E+01   -7.243521E+01   -9.017189E+01    0.000000E+00    0.000000E+00    0.000000E+00    1.376512E+02    8.743441E+01   -1.734779E+01    0.000000E+00    0.000000E+00    0.000000E+00
2.724500E+00    5.862881E+01   -7.472681E+01   -1.249779E+02    0.000000E+00    0.000000E+00    0.000000E+00    1.670857E+02    1.306572E+02   -7.853014E-02    0.000000E+00    0.000000E+00    0.000000E+00
2.725500E+00    4.672528E+01   -9.057131E+01   -1.254843E+02    0.000000E+00    0.000000E+00    0.000000E+00    1.815319E+02    1.208383E+02   -1.975729E+01    0.000000E+00    0.000000E+00    0.000000E+00
2.726500E+00    5.571676E+01   -8.319272E+01   -1.251015E+02    0.000000E+00    0.000000E+00    0.000000E+00    1.743891E+02    1.286425E+02   -8.349326E+00    0.000000E+00    0.000000E+00    0.000000E+00
2.727500E+00    6.603917E+01   -7.618222E+01   -1.290546E+02    0.000000E+00    0.000000E+00    0.000000E+00    1.701476E+02    1.418414E+02    3.108481E+00    0.000000E+00    0.000000E+00    0.000000E+00
2.728500E+00    8.277116E+01   -1.162137E+02   -1.658083E+02    0.000000E+00    0.000000E+00    0.000000E+00    2.351596E+02    1.796357E+02   -8.977292E+00    0.000000E+00    0.000000E+00    0.000000E+00
2.729500E+00    7.064943E+01   -1.057915E+02   -1.604406E+02    0.000000E+00    0.000000E+00    0.000000E+00    2.207832E+02    1.663039E+02   -1.278755E+01    0.000000E+00    0.000000E+00    0.000000E+00
2.730500E+00    9.059307E+01   -1.269436E+02   -1.820135E+02    0.000000E+00    0.000000E+00    0.000000E+00    2.563200E+02    1.982116E+02   -1.121305E+01    0.000000E+00    0.000000E+00    0.000000E+00
2.731500E+00    8.823642E+01   -1.077241E+02   -1.696803E+02    0.000000E+00    0.000000E+00    0.000000E+00    2.284178E+02    1.895840E+02   -1.932400E+00    0.000000E+00    0.000000E+00    0.000000E+00
2.732500E+00    1.019316E+02   -9.836974E+01   -1.834854E+02    0.000000E+00    0.000000E+00    0.000000E+00    2.290282E+02    2.119896E+02    1.346221E+01    0.000000E+00    0.000000E+00    0.000000E+00
2.733500E+00    5.523375E+01   -1.240417E+02   -1.541590E+02    0.000000E+00    0.000000E+00    0.000000E+00    2.317254E+02    1.486741E+02   -3.739952E+01    0.000000E+00    0.000000E+00    0.000000E+00
2.734500E+00    2.808350E+01   -1.236923E+02   -1.434472E+02    0.000000E+00    0.000000E+00    0.000000E+00    2.217555E+02    1.186434E+02   -5.953539E+01    0.000000E+00    0.000000E+00    0.000000E+00
2.735500E+00    9.703667E+01   -1.393818E+02   -2.000419E+02    0.000000E+00    0.000000E+00    0.000000E+00    2.782941E+02    2.185134E+02   -1.779833E+01    0.000000E+00    0.000000E+00    0.000000E+00
2.736500E+00    3.612506E+01   -1.234218E+02   -1.498856E+02    0.000000E+00    0.000000E+00    0.000000E+00    2.255427E+02    1.306861E+02   -5.363647E+01    0.000000E+00    0.000000E+00    0.000000E+00
2.737500E+00    4.526851E+01   -1.296039E+02   -1.385531E+02    0.000000E+00    0.000000E+00    0.000000E+00    2.221490E+02    1.318559E+02   -5.143757E+01    0.000000E+00    0.000000E+00    0.000000E+00
2.738500E+00    4.006694E+01   -1.286860E+02   -1.632539E+02    0.000000E+00    0.000000E+00    0.000000E+00    2.387999E+02    1.449991E+02   -5.589673E+01    0.000000E+00    0.000000E+00    0.000000E+00
2.739500E+00    1.078288E+02   -9.447703E+01   -1.886291E+02    0.000000E+00    0.000000E+00    0.000000E+00    2.253398E+02    2.238866E+02    1.647735E+01    0.000000E+00    0.000000E+00    0.000000E+00
2.740500E+00    9.546216E+01   -7.454873E+01   -1.570245E+02    0.000000E+00    0.000000E+00    0.000000E+00    1.831943E+02    1.927557E+02    1.964949E+01    0.000000E+00    0.000000E+00    0.000000E+00
2.741500E+00    4.173412E+01   -8.709718E+01   -1.251135E+02    0.000000E+00    0.000000E+00    0.000000E+00    1.711877E+02    1.221718E+02   -2.825930E+01    0.000000E+00    0.000000E+00    0.000000E+00
2.742500E+00    7.130214E+01   -5.932744E+01   -1.155974E+02    0.000000E+00    0.000000E+00    0.000000E+00    1.379222E+02    1.438217E+02    1.088206E+01    0.000000E+00    0.000000E+00    0.000000E+00
2.743500E+00    8.073692E+01   -2.617747E+01   -1.021361E+02    0.000000E+00    0.000000E+00    0.000000E+00    9.726585E+01    1.440385E+02    3.978677E+01    0.000000E+00    0.000000E+00    0.000000E+00
2.744500E+00    8.566111E+01   -4.741879E+01   -1.147373E+02    0.000000E+00    0.000000E+00    0.000000E+00    1.259876E+02    1.567569E+02    2.901994E+01    0.000000E+00    0.000000E+00    0.000000E+00
2.745500E+00    6.486242E+01   -6.402413E+01   -1.170091E+02    0.000000E+00    0.000000E+00    0.000000E+00    1.425616E+02    1.397525E+02    2.121554E+00    0.000000E+00    0.000000E+00    0.000000E+00
2.746500E+00    8.261337E+01   -5.102869E+01   -1.188321E+02    0.000000E+00    0.000000E+00    0.000000E+00    1.315852E+02    1.577613E+02    2.329949E+01    0.000000E+00    0.000000E+00    0.000000E+00
2.747500E+00    5.601350E+01   -7.551890E+01   -1.188024E+02    0.000000E+00    0.000000E+00    0.000000E+00    1.539747E+02    1.335098E+02   -1.260615E+01    0.000000E+00    0.000000E+00    0.000000E+00
2.748500E+00    9.164963E+01   -5.576434E+01   -1.290671E+02    0.000000E+00    0.000000E+00    0.000000E+00    1.427408E+02    1.736676E+02    2.583728E+01    0.000000E+00    0.000000E+00    0.000000E+00
2.749500E+00    9.580871E+01   -7.515439E+01   -1.540184E+02    0.000000E+00    0.000000E+00    0.000000E+00    1.778252E+02    1.950599E+02    1.496202E+01    0.000000E+00    0.000000E+00    0.000000E+00
2.750500E+00    9.541706E+01   -6.215572E+01   -1.492337E+02    0.000000E+00    0.000000E+00    0.000000E+00    1.613690E+02    1.926571E+02    2.253840E+01    0.000000E+00    0.000000E+00    0.000000E+00
2.751500E+00    1.203391E+02   -5.461846E+01   -1.463829E+02    0.000000E+00    0.000000E+00    0.000000E+00    1.521138E+02    2.131543E+02    4.522660E+01    0.000000E+00    0.000000E+00    0.000000E+00
2.752500E+00    7.878054E+01   -9.230825E+01   -1.529788E+02    0.000000E+00    0.000000E+00    0.000000E+00    1.915568E+02    1.798785E+02   -1.041877E+01    0.000000E+00    0.000000E+00    0.000000E+00
2.753500E+00    8.470281E+01   -1.097672E+02   -1.672976E+02    0.000000E+00    0.000000E+00    0.000000E+00    2.172232E+02    1.953004E+02   -1.886318E+01    0.000000E+00    0.000000E+00    0.000000E+00
2.754500E+00    8.883294E+01   -1.061322E+02   -1.615133E+02    0.000000E+00    0.000000E+00    0.000000E+00    2.091532E+02    1.956386E+02   -1.416046E+01    0.000000E+00    0.000000E+00    0.000000E+00
2.755500E+00    7.556907E+01   -1.523245E+02   -1.978365E+02    0.000000E+00    0.000000E+00    0.000000E+00    2.767267E+02    2.088833E+02   -5.589170E+01    0.000000E+00    0.000000E+00    0.000000E+00
2.756500E+00    7.419060E+01   -1.379919E+02   -1.849819E+02    0.000000E+00    0.000000E+00    0.000000E+00    2.532741E+02    1.998108E+02   -4.806268E+01    0.000000E+00    0.000000E+00    0.000000E+00
2.757500E+00    7.196363E+01   -1.300494E+02   -1.836867E+02    0.000000E+00    0.000000E+00    0.000000E+00    2.443287E+02    1.973755E+02   -4.449590E+01    0.000000E+00    0.000000E+00    0.000000E+00
2.758500E+00    6.960982E+01   -1.015666E+02   -1.354871E+02    0.000000E+00    0.000000E+00    0.000000E+00    1.852543E+02    1.602590E+02   -2.576075E+01    0.000000E+00    0.000000E+00    0.000000E+00
2.759500E+00    7.861575E+01   -1.017624E+02   -1.656125E+02    0.000000E+00    0.000000E+00    0.000000E+00    2.043518E+02    1.920063E+02   -2.133425E+01    0.000000E+00    0.000000E+00    0.000000E+00
2.760500E+00    4.617971E+01   -1.310677E+02   -1.577497E+02    0.000000E+00    0.000000E+00    0.000000E+00    2.259554E+02    1.562505E+02   -6.427755E+01    0.000000E+00    0.000000E+00    0.000000E+00
2.761500E+00    1.140889E+02   -7.668304E+01   -1.631535E+02    0.000000E+00    0.000000E+00    0.000000E+00    1.784080E+02    2.232308E+02    1.950599E+01    0.000000E+00    0.000000E+00    0.000000E+00
2.762500E+00    7.055861E+01   -1.049381E+02   -1.733619E+02    0.000000E+00    0.000000E+00    0.000000E+00    2.111163E+02    1.913838E+02   -3.023975E+01    0.000000E+00    0.000000E+00    0.000000E+00
2.763500E+00    8.986119E+01   -6.039347E+01   -1.125345E+02    0.000000E+00    0.000000E+00    0.000000E+00    1.291439E+02    1.646565E+02    1.433506E+01    0.000000E+00    0.000000E+00    0.000000E+00
2.764500E+00    4.041152E+01   -4.502004E+01   -9.943065E+01    0.000000E+00    0.000000E+00    0.000000E+00    1.075069E+02    1.112503E+02   -7.044285E+00    0.000000E+00    0.000000E+00    0.000000E+00
2.765500E+00    8.227248E+01   -6.350096E+01   -1.262212E+02    0.000000E+00    0.000000E+00    0.000000E+00    1.404570E+02    1.684670E+02    6.155512E+00    0.000000E+00    0.000000E+00    0.000000E+00
2.766500E+00    1.314994E+02    2.331077E+01   -1.051300E+02    0.000000E+00    0.000000E+00    0.000000E+00    4.586589E+01    1.998963E+02    1.013439E+02    0.000000E+00    0.000000E+00    0.000000E+00
2.767500E+00    6.379954E+01   -8.788356E+01   -1.248235E+02    0.000000E+00    0.000000E+00    0.000000E+00    1.619834E+02    1.505146E+02   -2.372605E+01    0.000000E+00    0.000000E+00    0.000000E+00
2.768500E+00    6.333864E+01   -4.253270E+00   -6.046418E+01    0.000000E+00    0.000000E+00    0.000000E+00    4.292438E+01    1.045232E+02    3.660695E+01    0.000000E+00    0.000000E+00    0.000000E+00
2.769500E+00    6.091720E+01   -8.676516E+01   -1.273426E+02    0.000000E+00    0.000000E+00    0.000000E+00    1.617110E+02    1.508751E+02   -2.595546E+01    0.000000E+00    0.000000E+00    0.000000E+00
2.770500E+00    6.833991E+01   -5.428505E+01   -1.032714E+02    0.000000E+00    0.000000E+00    0.000000E+00    1.160895E+02    1.406537E+02    2.490039E+00    0.000000E+00    0.000000E+00    0.000000E+00
2.771500E+00    8.400808E+01   -8.040248E+01   -1.469516E+02    0.000000E+00    0.000000E+00    0.000000E+00    1.679372E+02    1.875033E+02   -7.041669E+00    0.000000E+00    0.000000E+00    0.000000E+00
2.772500E+00    8.229305E+01   -7.862730E+01   -1.357958E+02    0.000000E+00    0.000000E+00    0.000000E+00    1.579194E+02    1.785540E+02   -8.054063E+00    0.000000E+00    0.000000E+00    0.000000E+00
2.773500E+00    9.243301E+01   -3.114165E+01   -1.159673E+02    0.000000E+00    0.000000E+00    0.000000E+00    1.021065E+02    1.732453E+02    3.430301E+01    0.000000E+00    0.000000E+00    0.000000E+00
2.774500E+00    1.241114E+02   -2.475889E+01   -1.340601E+02    0.000000E+00    0.000000E+00    0.000000E+00    1.059575E+02    2.168398E+02    5.791298E+01    0.000000E+00    0.000000E+00    0.000000E+00
2.775500E+00    1.069211E+02   -1.162458E+02   -1.987458E+02    0.000000E+00    0.000000E+00    0.000000E+00    2.321659E+02    2.485091E+02   -2.111089E+01    0.000000E+00    0.000000E+00    0.000000E+00
2.776500E+00    9.898476E+01   -9.506535E+01   -1.709925E+02    0.000000E+00    0.000000E+00    0.000000E+00    1.922707E+02    2.227312E+02   -1.299603E+01    0.000000E+00    0.000000E+00    0.000000E+00
2.777500E+00    1.063852E+02   -8.521769E+01   -1.659699E+02    0.000000E+00    0.000000E+00    0.000000E+00    1.813254E+02    2.244771E+02    5.558693E-01    0.000000E+00    0.000000E+00    0.000000E+00
2.778500E+00    1.201877E+02   -9.555773E+01   -1.978289E+02    0.000000E+00    0.000000E+00    0.000000E+00    2.097345E+02    2.622624E+02    2.915108E-01    0.000000E+00    0.000000E+00    0.000000E+00
2.779500E+00    1.041146E+02   -8.245884E+01   -1.713880E+02    0.000000E+00    0.000000E+00    0.000000E+00    1.809636E+02    2.275435E+02    1.890441E-01    0.000000E+00    0.000000E+00    0.000000E+00
2.780500E+00    7.658206E+01   -1.285644E+02   -1.720186E+02    0.000000E+00    0.000000E+00    0.000000E+00    2.239717E+02    2.020711E+02   -5.219539E+01    0.000000E+00    0.000000E+00    0.000000E+00
2.781500E+00    1.097678E+02   -6.710747E+01   -1.677770E+02    0.000000E+00    0.000000E+00    0.000000E+00    1.634221E+02    2.310352E+02    1.405452E+01    0.000000E+00    0.000000E+00    0.000000E+00
2.782500E+00    7.388873E+01   -1.111629E+02   -1.679196E+02    0.000000E+00    0.000000E+00    0.000000E+00    2.039950E+02    1.981144E+02   -4.168073E+01    0.000000E+00    0.000000E+00    0.000000E+00
2.783500E+00    1.242949E+02   -7.654176E+01   -1.853794E+02    0.000000E+00    0.000000E+00    0.000000E+00    1.810457E+02    2.587265E+02    1.434997E+01    0.000000E+00    0.000000E+00    0.000000E+00
2.784500E+00    4.747841E+01   -7.319698E+01   -9.636767E+01    0.000000E+00    0.000000E+00    0.000000E+00    1.256742E+02    1.183310E+02   -2.844001E+01    0.000000E+00    0.000000E+00    0.000000E+00
2.785500E+00    1.185265E+02   -5.573136E+01   -1.635316E+02    0.000000E+00    0.000000E+00    0.000000E+00    1.476065E+02    2.376733E+02    2.580319E+01    0.000000E+00    0.000000E+00    0.000000E+00
2.786500E+00    5.164498E+01   -5.118356E+01   -9.540247E+01    0.000000E+00    0.000000E+00    0.000000E+00    1.038754E+02    1.225182E+02   -9.709759E+00    0.000000E+00    0.000000E+00    0.000000E+00
2.787500E+00    6.178394E+01   -7.595748E+01   -1.114182E+02    0.000000E+00    0.000000E+00    0.000000E+00    1.362756E+02    1.439570E+02   -2.318051E+01    0.000000E+00    0.000000E+00    0.000000E+00
2.788500E+00    6.327919E+01   -6.643273E+01   -1.141501E+02    0.000000E+00    0.000000E+00    0.000000E+00    1.278947E+02    1.488227E+02   -1.613213E+01    0.000000E+00    0.000000E+00    0.000000E+00
2.789500E+00    6.057006E+01   -8.286767E+01   -1.284385E+02    0.000000E+00    0.000000E+00    0.000000E+00    1.517916E+02    1.575454E+02   -3.040661E+01    0.000000E+00    0.000000E+00    0.000000E+00
2.790500E+00    8.398714E+01    1.033601E+00   -7.246066E+01    0.000000E+00    0.000000E+00    0.000000E+00    4.088847E+01    1.356254E+02    4.882180E+01    0.000000E+00    0.000000E+00    0.000000E+00
2.791500E+00    6.687799E+01   -1.005283E+02   -1.500073E+02    0.000000E+00    0.000000E+00    0.000000E+00    1.801880E+02    1.808466E+02   -4.117925E+01    0.000000E+00    0.000000E+00    0.000000E+00
2.792500E+00    8.522050E+01   -3.369567E+01   -1.069157E+02    0.000000E+00    0.000000E+00    0.000000E+00    9.224051E+01    1.646174E+02    2.130178E+01    0.000000E+00    0.000000E+00    0.000000E+00
2.793500E+00    9.586971E+01   -2.311966E+01   -1.013532E+02    0.000000E+00    0.000000E+00    0.000000E+00    7.885286E+01    1.704812E+02    3.551972E+01    0.000000E+00    0.000000E+00    0.000000E+00
2.794500E+00    9.692849E+01   -6.057405E+01   -1.353511E+02    0.000000E+00    0.000000E+00    0.000000E+00    1.337864E+02    1.976938E+02    6.883988E+00    0.000000E+00    0.000000E+00    0.000000E+00
2.795500E+00    9.672903E+01   -7.863769E+00   -9.122554E+01    0.000000E+00    0.000000E+00    0.000000E+00    5.855990E+01    1.638772E+02    4.738942E+01    0.000000E+00    0.000000E+00    0.000000E+00
2.796500E+00    1.008250E+02   -1.239589E+02   -2.003894E+02    0.000000E+00    0.000000E+00    0.000000E+00    2.290057E+02    2.537850E+02   -4.238036E+01    0.000000E+00    0.000000E+00    0.000000E+00
2.797500E+00    7.888744E+01   -9.317728E+01   -1.423054E+02    0.000000E+00    0.000000E+00    0.000000E+00    1.665322E+02    1.877448E+02   -3.123340E+01    0.000000E+00    0.000000E+00    0.000000E+00
2.798500E+00    1.083248E+02   -1.241713E+02   -2.071110E+02    0.000000E+00    0.000000E+00    0.000000E+00    2.317257E+02    2.671815E+02   -3.959392E+01    0.000000E+00    0.000000E+00    0.000000E+00
2.799500E+00    8.478765E+01   -1.410649E+02   -2.038193E+02    0.000000E+00    0.000000E+00    0.000000E+00    2.446728E+02    2.434482E+02   -6.719173E+01    0.000000E+00    0.000000E+00    0.000000E+00
2.800500E+00    9.826449E+01   -1.202925E+02   -1.763700E+02    0.000000E+00    0.000000E+00    0.000000E+00    2.088699E+02    2.336888E+02   -4.371677E+01    0.000000E+00    0.000000E+00    0.000000E+00
2.801500E+00    7.446273E+01   -1.315635E+02   -1.854263E+02    0.000000E+00    0.000000E+00    0.000000E+00    2.234751E+02    2.204648E+02   -6.713018E+01    0.000000E+00    0.000000E+00    0.000000E+00
2.802500E+00    8.891261E+01   -1.097152E+02   -1.748839E+02    0.000000E+00    0.000000E+00    0.000000E+00    1.969475E+02    2.252494E+02   -4.171880E+01    0.000000E+00    0.000000E+00    0.000000E+00
2.803500E+00    1.039703E+02   -1.082002E+02   -1.724163E+02    0.000000E+00    0.000000E+00    0.000000E+00    1.932143E+02    2.374700E+02   -3.302916E+01    0.000000E+00    0.000000E+00    0.000000E+00
2.804500E+00    7.243903E+01   -8.405384E+01   -1.546606E+02    0.000000E+00    0.000000E+00    0.000000E+00    1.602882E+02    1.956396E+02   -3.160791E+01    0.000000E+00    0.000000E+00    0.000000E+00
2.805500E+00    1.543372E+02   -5.230471E+01   -2.088368E+02    0.000000E+00    0.000000E+00    0.000000E+00    1.590235E+02    3.159954E+02    3.840269E+01    0.000000E+00    0.000000E+00    0.000000E+00
2.806500E+00    1.349037E+02   -3.064059E+01   -1.539157E+02    0.000000E+00    0.000000E+00    0.000000E+00    1.100970E+02    2.519098E+02    4.631284E+01    0.000000E+00    0.000000E+00    0.000000E+00
2.807500E+00    8.826324E+01   -3.994353E+01   -1.244093E+02    0.000000E+00    0.000000E+00    0.000000E+00    1.026741E+02    1.853703E+02    1.287845E+01    0.000000E+00    0.000000E+00    0.000000E+00
2.808500E+00    1.156602E+02   -3.201158E+01   -1.495167E+02    0.000000E+00    0.000000E+00    0.000000E+00    1.081450E+02    2.317362E+02    3.368060E+01    0.000000E+00    0.000000E+00    0.000000E+00
2.809500E+00    1.128251E+02   -4.005444E+01   -1.310411E+02    0.000000E+00    0.000000E+00    0.000000E+00    1.056236E+02    2.134365E+02    2.527012E+01    0.000000E+00    0.000000E+00    0.000000E+00
2.810500E+00    7.322082E+01   -3.766618E+01   -1.107208E+02    0.000000E+00    0.000000E+00    0.000000E+00    9.269421E+01    1.608520E+02    6.223840E+00    0.000000E+00    0.000000E+00    0.000000E+00
2.811500E+00    5.015315E+01   -1.131472E+02   -1.422968E+02    0.000000E+00    0.000000E+00    0.000000E+00    1.789464E+02    1.657455E+02   -6.915482E+01    0.000000E+00    0.000000E+00    0.000000E+00
2.812500E+00    7.184845E+01   -7.475047E+01   -1.246445E+02    0.000000E+00    0.000000E+00    0.000000E+00    1.334778E+02    1.716624E+02   -2.650356E+01    0.000000E+00    0.000000E+00    0.000000E+00
2.813500E+00    1.042152E+02   -2.947190E+01   -1.206536E+02    0.000000E+00    0.000000E+00    0.000000E+00    8.959548E+01    1.981347E+02    2.851059E+01    0.000000E+00    0.000000E+00    0.000000E+00
2.814500E+00    8.876531E+01   -5.861938E+01   -1.389211E+02    0.000000E+00    0.000000E+00    0.000000E+00    1.258523E+02    1.998987E+02   -4.303275E+00    0.000000E+00    0.000000E+00    0.000000E+00
2.815500E+00    7.708345E+01   -8.527155E+01   -1.448793E+02    0.000000E+00    0.000000E+00    0.000000E+00    1.522673E+02    1.949540E+02   -3.414758E+01    0.000000E+00    0.000000E+00    0.000000E+00
2.816500E+00    1.340788E+02   -1.441802E+01   -1.364776E+02    0.000000E+00    0.000000E+00    0.000000E+00    8.163665E+01    2.410061E+02    5.439222E+01    0.000000E+00    0.000000E+00    0.000000E+00
2.817500E+00    9.710166E+01   -6.414209E+01   -1.383014E+02    0.000000E+00    0.000000E+00    0.000000E+00    1.287691E+02    2.081535E+02   -6.492167E+00    0.000000E+00    0.000000E+00    0.000000E+00
2.818500E+00    8.681020E+01   -5.468218E+01   -1.304442E+02    0.000000E+00    0.000000E+00    0.000000E+00    1.154881E+02    1.926697E+02   -4.397934E+00    0.000000E+00    0.000000E+00    0.000000E+00
2.819500E+00    1.058889E+02   -7.956560E+01   -1.563190E+02    0.000000E+00    0.000000E+00    0.000000E+00    1.506187E+02    2.326781E+02   -1.676357E+01    0.000000E+00    0.000000E+00    0.000000E+00
2.820500E+00    1.120438E+02   -7.211845E+01   -1.671422E+02    0.000000E+00    0.000000E+00    0.000000E+00    1.489435E+02    2.478761E+02   -7.504985E+00    0.000000E+00    0.000000E+00    0.000000E+00
2.821500E+00    1.399848E+02   -2.657833E+01   -1.642560E+02    0.000000E+00    0.000000E+00    0.000000E+00    1.045445E+02    2.717474E+02    4.487139E+01    0.000000E+00    0.000000E+00    0.000000E+00
2.822500E+00    1.419408E+02   -2.600423E+01   -1.569295E+02    0.000000E+00    0.000000E+00    0.000000E+00    1.005496E+02    2.668327E+02    4.636534E+01    0.000000E+00    0.000000E+00    0.000000E+00
2.823500E+00    8.354270E+01   -1.032016E+02   -1.762556E+02    0.000000E+00    0.000000E+00    0.000000E+00    1.823383E+02    2.293174E+02   -4.846777E+01    0.000000E+00    0.000000E+00    0.000000E+00
2.824500E+00    8.526452E+01   -1.222886E+02   -1.818637E+02    0.000000E+00    0.000000E+00    0.000000E+00    2.008559E+02    2.366327E+02   -6.585491E+01    0.000000E+00    0.000000E+00    0.000000E+00
2.825500E+00    1.336050E+02   -7.502421E+01   -1.890682E+02    0.000000E+00    0.000000E+00    0.000000E+00    1.598299E+02    2.878049E+02   -1.835858E+00    0.000000E+00    0.000000E+00    0.000000E+00
2.826500E+00    8.278426E+01   -1.096707E+02   -1.671954E+02    0.000000E+00    0.000000E+00    0.000000E+00    1.819702E+02    2.215636E+02   -5.590523E+01    0.000000E+00    0.000000E+00    0.000000E+00
2.827500E+00    1.322882E+02   -6.715754E+01   -1.953930E+02    0.000000E+00    0.000000E+00    0.000000E+00    1.535708E+02    2.937788E+02    2.490478E+00    0.000000E+00    0.000000E+00    0.000000E+00
2.828500E+00    5.576623E+01   -8.301852E+01   -1.144237E+02    0.000000E+00    0.000000E+00    0.000000E+00    1.310302E+02    1.516502E+02   -4.656352E+01    0.000000E+00    0.000000E+00    0.000000E+00
2.829500E+00    9.956842E+01   -7.225238E+01   -1.636645E+02    0.000000E+00    0.000000E+00    0.000000E+00    1.434577E+02    2.357312E+02   -1.742458E+01    0.000000E+00    0.000000E+00    0.000000E+00
2.830500E+00    7.005947E+01   -9.628219E+01   -1.508138E+02    0.000000E+00    0.000000E+00    0.000000E+00    1.585766E+02    1.981644E+02   -5.321229E+01    0.000000E+00    0.000000E+00    0.000000E+00
2.831500E+00    1.294881E+02   -1.494972E+01   -1.317208E+02    0.000000E+00    0.000000E+00    0.000000E+00    7.328629E+01    2.367729E+02    4.509235E+01    0.000000E+00    0.000000E+00    0.000000E+00
2.832500E+00    9.777879E+01   -4.580722E+01   -1.410628E+02    0.000000E+00    0.000000E+00    0.000000E+00    1.071796E+02    2.154888E+02    4.021568E+00    0.000000E+00    0.000000E+00    0.000000E+00
2.833500E+00    4.273706E+01   -1.188027E+02   -1.434701E+02    0.000000E+00    0.000000E+00    0.000000E+00    1.758262E+02    1.670583E+02   -8.652634E+01    0.000000E+00    0.000000E+00    0.000000E+00
2.834500E+00    1.239597E+02   -2.996239E+01   -1.431556E+02    0.000000E+00    0.000000E+00    0.000000E+00    9.145666E+01    2.429845E+02    2.771093E+01    0.000000E+00    0.000000E+00    0.000000E+00
2.835500E+00    1.108596E+02   -4.349478E+01   -1.317364E+02    0.000000E+00    0.000000E+00    0.000000E+00    9.864502E+01    2.209901E+02    9.867526E+00    0.000000E+00    0.000000E+00    0.000000E+00
2.836500E+00    1.006201E+02   -4.819489E+01   -1.477096E+02    0.000000E+00    0.000000E+00    0.000000E+00    1.109653E+02    2.256027E+02    1.485676E+00    0.000000E+00    0.000000E+00    0.000000E+00
2.837500E+00    8.932299E+01   -7.268893E+01   -1.391846E+02    0.000000E+00    0.000000E+00    0.000000E+00    1.281760E+02    2.086699E+02   -2.682743E+01    0.000000E+00    0.000000E+00    0.000000E+00
2.838500E+00    1.045752E+02   -2.767614E+01   -1.299154E+02    0.000000E+00    0.000000E+00    0.000000E+00    8.236412E+01    2.146939E+02    2.020755E+01    0.000000E+00    0.000000E+00    0.000000E+00
2.839500E+00    8.540288E+01   -7.954889E+01   -1.457604E+02    0.000000E+00    0.000000E+00    0.000000E+00    1.376882E+02    2.106608E+02   -3.470858E+01    0.000000E+00    0.000000E+00    0.000000E+00
2.840500E+00    8.837999E+01   -8.276894E+01   -1.486538E+02    0.000000E+00    0.000000E+00    0.000000E+00    1.408282E+02    2.169782E+02   -3.766869E+01    0.000000E+00    0.000000E+00    0.000000E+00
2.841500E+00    1.019465E+02   -3.926574E+01   -1.407969E+02    0.000000E+00    0.000000E+00    0.000000E+00    9.606818E+01    2.234281E+02    6.892307E+00    0.000000E+00    0.000000E+00    0.000000E+00
2.842500E+00    1.260274E+02   -3.813877E+01   -1.511384E+02    0.000000E+00    0.000000E+00    0.000000E+00    9.988347E+01    2.540387E+02    1.873416E+01    0.000000E+00    0.000000E+00    0.000000E+00
2.843500E+00    9.873615E+01   -4.383682E+01   -1.313660E+02    0.000000E+00    0.000000E+00    0.000000E+00    9.556045E+01    2.122360E+02    6.468015E-01    0.000000E+00    0.000000E+00    0.000000E+00
2.844500E+00    9.400029E+01   -8.858325E+01   -1.683574E+02    0.000000E+00    0.000000E+00    0.000000E+00    1.530107E+02    2.411830E+02   -4.190152E+01    0.000000E+00    0.000000E+00    0.000000E+00
2.845500E+00    9.251483E+01   -7.798432E+01   -1.513765E+02    0.000000E+00    0.000000E+00    0.000000E+00    1.355511E+02    2.245120E+02   -3.349645E+01    0.000000E+00    0.000000E+00    0.000000E+00
2.846500E+00    1.411844E+02   -4.659962E+01   -1.827206E+02    0.000000E+00    0.000000E+00    0.000000E+00    1.177203E+02    2.995352E+02    1.425131E+01    0.000000E+00    0.000000E+00    0.000000E+00
2.847500E+00    1.265335E+02   -3.915362E+01   -1.721118E+02    0.000000E+00    0.000000E+00    0.000000E+00    1.062685E+02    2.764492E+02    1.491280E+01    0.000000E+00    0.000000E+00    0.000000E+00
2.848500E+00    1.405175E+02   -5.942900E+00   -1.518384E+02    0.000000E+00    0.000000E+00    0.000000E+00    6.619091E+01    2.710164E+02    5.048412E+01    0.000000E+00    0.000000E+00    0.000000E+00
2.849500E+00    9.491943E+01   -4.718261E+01   -1.323016E+02    0.000000E+00    0.000000E+00    0.000000E+00    9.771056E+01    2.101279E+02   -5.465697E+00    0.000000E+00    0.000000E+00    0.000000E+00
2.850500E+00    1.044605E+02   -8.231868E+01   -1.800939E+02    0.000000E+00    0.000000E+00    0.000000E+00    1.483396E+02    2.640280E+02   -3.531988E+01    0.000000E+00    0.000000E+00    0.000000E+00
2.851500E+00    1.173365E+02   -9.807363E+01   -1.916308E+02    0.000000E+00    0.000000E+00    0.000000E+00    1.676658E+02    2.864512E+02   -4.466178E+01    0.000000E+00    0.000000E+00    0.000000E+00
2.852500E+00    1.446368E+02   -5.634491E+01   -1.975427E+02    0.000000E+00    0.000000E+00    0.000000E+00    1.300504E+02    3.181080E+02    4.041736E+00    0.000000E+00    0.000000E+00    0.000000E+00
2.853500E+00    9.035330E+01   -9.182431E+01   -1.572520E+02    0.000000E+00    0.000000E+00    0.000000E+00    1.474523E+02    2.300437E+02   -5.026755E+01    0.000000E+00    0.000000E+00    0.000000E+00
2.854500E+00    6.483123E+01   -9.392229E+01   -1.402464E+02    0.000000E+00    0.000000E+00    0.000000E+00    1.412389E+02    1.921077E+02   -6.365225E+01    0.000000E+00    0.000000E+00    0.000000E+00
2.855500E+00    1.123152E+02   -4.179358E+01   -1.402811E+02    0.000000E+00    0.000000E+00    0.000000E+00    9.252031E+01    2.356927E+02    3.298582E+00    0.000000E+00    0.000000E+00    0.000000E+00
2.856500E+00    8.453001E+01   -6.226958E+01   -1.324443E+02    0.000000E+00    0.000000E+00    0.000000E+00    1.079176E+02    2.036294E+02   -2.722558E+01    0.000000E+00    0.000000E+00    0.000000E+00
2.857500E+00    1.155240E+02   -1.034216E+02   -1.931655E+02    0.000000E+00    0.000000E+00    0.000000E+00    1.679793E+02    2.898058E+02   -5.504795E+01    0.000000E+00    0.000000E+00    0.000000E+00
2.858500E+00    9.740406E+01   -8.011773E+01   -1.542919E+02    0.000000E+00    0.000000E+00    0.000000E+00    1.318465E+02    2.364970E+02   -4.031084E+01    0.000000E+00    0.000000E+00    0.000000E+00
2.859500E+00    1.102229E+02   -6.627976E+01   -1.658943E+02    0.000000E+00    0.000000E+00    0.000000E+00    1.218449E+02    2.607386E+02   -2.352755E+01    0.000000E+00    0.000000E+00    0.000000E+00
2.860500E+00    8.577237E+01   -6.098738E+01   -1.322325E+02    0.000000E+00    0.000000E+00    0.000000E+00    1.041302E+02    2.061303E+02   -2.771905E+01    0.000000E+00    0.000000E+00    0.000000E+00
2.861500E+00    1.103346E+02   -8.733338E+00   -1.106895E+02    0.000000E+00    0.000000E+00    0.000000E+00    4.776966E+01    2.084226E+02    3.059516E+01    0.000000E+00    0.000000E+00    0.000000E+00
2.862500E+00    8.190029E+01   -5.947417E+01   -1.296989E+02    0.000000E+00    0.000000E+00    0.000000E+00    1.007593E+02    2.014074E+02   -2.870005E+01    0.000000E+00    0.000000E+00    0.000000E+00
2.863500E+00    1.241622E+02   -1.719688E+01   -1.528082E+02    0.000000E+00    0.000000E+00    0.000000E+00    6.968290E+01    2.622409E+02    2.660630E+01    0.000000E+00    0.000000E+00    0.000000E+00
2.864500E+00    1.036070E+02   -3.005493E+01   -1.232070E+02    0.000000E+00    0.000000E+00    0.000000E+00    7.057801E+01    2.154437E+02    6.394567E+00    0.000000E+00    0.000000E+00    0.000000E+00
2.865500E+00    7.929242E+01   -4.080169E+01   -1.195661E+02    0.000000E+00    0.000000E+00    0.000000E+00    7.974993E+01    1.890432E+02   -1.193318E+01    0.000000E+00    0.000000E+00    0.000000E+00
2.866500E+00    1.056715E+02   -3.903586E+01   -1.358510E+02    0.000000E+00    0.000000E+00    0.000000E+00    8.191059E+01    2.303399E+02   -2.797543E+00    0.000000E+00    0.000000E+00    0.000000E+00
2.867500E+00    1.016805E+02   -5.260271E+01   -1.525933E+02    0.000000E+00    0.000000E+00    0.000000E+00    1.003143E+02    2.428305E+02   -1.715266E+01    0.000000E+00    0.000000E+00    0.000000E+00
2.868500E+00    1.173847E+02   -3.103578E+01   -1.465244E+02    0.000000E+00    0.000000E+00    0.000000E+00    7.749488E+01    2.515506E+02    8.350712E+00    0.000000E+00    0.000000E+00    0.000000E+00
2.869500E+00    1.261570E+02   -3.112327E+01   -1.607095E+02    0.000000E+00    0.000000E+00    0.000000E+00    8.198148E+01    2.737969E+02    1.088345E+01    0.000000E+00    0.000000E+00    0.000000E+00
2.870500E+00    1.043437E+02   -9.142817E+01   -1.747555E+02    0.000000E+00    0.000000E+00    0.000000E+00    1.433349E+02    2.666418E+02   -5.446455E+01    0.000000E+00    0.000000E+00    0.000000E+00
2.871500E+00    1.412974E+02   -1.597906E+01   -1.714543E+02    0.000000E+00    0.000000E+00    0.000000E+00    6.917475E+01    2.995426E+02    2.868808E+01    0.000000E+00    0.000000E+00    0.000000E+00
2.872500E+00    1.085895E+02   -7.697769E+01   -1.650210E+02    0.000000E+00    0.000000E+00    0.000000E+00    1.254235E+02    2.618198E+02   -4.024630E+01    0.000000E+00    0.000000E+00    0.000000E+00
2.873500E+00    1.479968E+02   -4.539098E+00   -1.716941E+02    0.000000E+00    0.000000E+00    0.000000E+00    5.611651E+01    3.073311E+02    3.998209E+01    0.000000E+00    0.000000E+00    0.000000E+00
2.874500E+00    1.404493E+02   -3.426089E+01   -1.693794E+02    0.000000E+00    0.000000E+00    0.000000E+00    8.499455E+01    2.966243E+02    1.001538E+01    0.000000E+00    0.000000E+00    0.000000E+00
2.875500E+00    1.306294E+02   -3.815979E+01   -1.729122E+02    0.000000E+00    0.000000E+00    0.000000E+00    8.907441E+01    2.917146E+02    2.340621E+00    0.000000E+00    0.000000E+00    0.000000E+00
2.876500E+00    1.110753E+02   -7.413969E+01   -1.618323E+02    0.000000E+00    0.000000E+00    0.000000E+00    1.191719E+02    2.624658E+02   -3.918410E+01    0.000000E+00    0.000000E+00    0.000000E+00
2.877500E+00    1.109625E+02   -5.557746E+01   -1.576993E+02    0.000000E+00    0.000000E+00    0.000000E+00    9.887891E+01    2.594185E+02   -2.233797E+01    0.000000E+00    0.000000E+00    0.000000E+00
2.878500E+00    1.054308E+02   -6.927673E+01   -1.516952E+02    0.000000E+00    0.000000E+00    0.000000E+00    1.107789E+02    2.478149E+02   -3.665873E+01    0.000000E+00    0.000000E+00    0.000000E+00
2.879500E+00    1.228024E+02   -3.699621E+01   -1.596002E+02    0.000000E+00    0.000000E+00    0.000000E+00    8.135182E+01    2.727153E+02   -1.198901E+00    0.000000E+00    0.000000E+00    0.000000E+00
2.880500E+00    1.108279E+02   -3.644450E+01   -1.434567E+02    0.000000E+00    0.000000E+00    0.000000E+00    7.498203E+01    2.462321E+02   -4.851434E+00    0.000000E+00    0.000000E+00    0.000000E+00
2.881500E+00    1.570499E+02   -6.700233E+00   -1.754081E+02    0.000000E+00    0.000000E+00    0.000000E+00    5.632447E+01    3.206192E+02    3.782457E+01    0.000000E+00    0.000000E+00    0.000000E+00
2.882500E+00    9.396543E+01   -2.043899E+01   -1.160538E+02    0.000000E+00    0.000000E+00    0.000000E+00    5.194705E+01    2.035583E+02    5.878804E+00    0.000000E+00    0.000000E+00    0.000000E+00
2.883500E+00    1.228536E+02   -7.433281E+01   -1.862805E+02    0.000000E+00    0.000000E+00    0.000000E+00    1.223855E+02    2.997462E+02   -3.952083E+01    0.000000E+00    0.000000E+00    0.000000E+00
2.884500E+00    9.231127E+01   -2.057542E+01   -1.069869E+02    0.000000E+00    0.000000E+00    0.000000E+00    4.814415E+01    1.937674E+02    3.845867E+00    0.000000E+00    0.000000E+00    0.000000E+00
2.885500E+00    9.600967E+01   -5.813271E+01   -1.414153E+02    0.000000E+00    0.000000E+00    0.000000E+00    9.250346E+01    2.314223E+02   -3.253441E+01    0.000000E+00    0.000000E+00    0.000000E+00
2.886500E+00    1.020448E+02   -3.999736E+01   -1.359431E+02    0.000000E+00    0.000000E+00    0.000000E+00    7.405396E+01    2.316632E+02   -1.302465E+01    0.000000E+00    0.000000E+00    0.000000E+00
2.887500E+00    9.948017E+01   -5.997692E+01   -1.426923E+02    0.000000E+00    0.000000E+00    0.000000E+00    9.427651E+01    2.362779E+02   -3.392485E+01    0.000000E+00    0.000000E+00    0.000000E+00
2.888500E+00    9.393342E+01   -1.013248E+01   -1.108362E+02    0.000000E+00    0.000000E+00    0.000000E+00    3.778606E+01    1.999642E+02    1.346124E+01    0.000000E+00    0.000000E+00    0.000000E+00
2.889500E+00    8.406082E+01   -1.063714E+02   -1.515346E+02    0.000000E+00    0.000000E+00    0.000000E+00    1.400164E+02    2.308408E+02   -8.471409E+01    0.000000E+00    0.000000E+00    0.000000E+00
2.890500E+00    1.284942E+02   -1.483441E+01   -1.558532E+02    0.000000E+00    0.000000E+00    0.000000E+00    5.264266E+01    2.778069E+02    1.649173E+01    0.000000E+00    0.000000E+00    0.000000E+00
2.891500E+00    1.484110E+02   -6.974654E+01   -2.040799E+02    0.000000E+00    0.000000E+00    0.000000E+00    1.163950E+02    3.449954E+02   -3.357132E+01    0.000000E+00    0.000000E+00    0.000000E+00
2.892500E+00    9.098373E+01   -3.731701E+01   -1.198606E+02    0.000000E+00    0.000000E+00    0.000000E+00    6.380948E+01    2.070573E+02   -1.629029E+01    0.000000E+00    0.000000E+00    0.000000E+00
2.893500E+00    1.359381E+02    2.161017E+01   -1.436873E+02    0.000000E+00    0.000000E+00    0.000000E+00    1.274137E+01    2.735748E+02    5.312690E+01    0.000000E+00    0.000000E+00    0.000000E+00
2.894500E+00    1.047166E+02   -4.318079E+01   -1.399936E+02    0.000000E+00    0.000000E+00    0.000000E+00    7.417059E+01    2.402048E+02   -1.888411E+01    0.000000E+00    0.000000E+00    0.000000E+00
2.895500E+00    1.149814E+02   -5.670880E+01   -1.551353E+02    0.000000E+00    0.000000E+00    0.000000E+00    8.929070E+01    2.654553E+02   -3.136823E+01    0.000000E+00    0.000000E+00    0.000000E+00
2.896500E+00    1.306783E+02    1.144282E+01   -1.446435E+02    0.000000E+00    0.000000E+00    0.000000E+00    2.095731E+01    2.706055E+02    3.997760E+01    0.000000E+00    0.000000E+00    0.000000E+00
2.897500E+00    1.384214E+02   -5.025836E+01   -1.805385E+02    0.000000E+00    0.000000E+00    0.000000E+00    8.775551E+01    3.138604E+02   -2.024009E+01    0.000000E+00    0.000000E+00    0.000000E+00
2.898500E+00    1.292840E+02   -3.893845E+00   -1.518671E+02    0.000000E+00    0.000000E+00    0.000000E+00    3.461228E+01    2.773779E+02    2.225208E+01    0.000000E+00    0.000000E+00    0.000000E+00
2.899500E+00    1.214905E+02   -1.919328E+01   -1.455829E+02    0.000000E+00    0.000000E+00    0.000000E+00    4.895698E+01    2.628133E+02    5.973971E+00    0.000000E+00    0.000000E+00    0.000000E+00
2.900500E+00    1.335509E+02   -1.789281E+01   -1.605519E+02    0.000000E+00    0.000000E+00    0.000000E+00    5.102880E+01    2.895980E+02    9.714905E+00    0.000000E+00    0.000000E+00    0.000000E+00
2.901500E+00    1.397495E+02   -3.845246E+00   -1.639202E+02    0.000000E+00    0.000000E+00    0.000000E+00    3.708977E+01    2.992742E+02    2.439294E+01    0.000000E+00    0.000000E+00    0.000000E+00
2.902500E+00    1.600141E+02    1.284507E+01   -1.831914E+02    0.000000E+00    0.000000E+00    0.000000E+00    2.625321E+01    3.375173E+02    4.641605E+01    0.000000E+00    0.000000E+00    0.000000E+00
2.903500E+00    1.328401E+02    1.260424E+01   -1.476068E+02    0.000000E+00    0.000000E+00    0.000000E+00    1.824309E+01    2.760073E+02    3.971589E+01    0.000000E+00    0.000000E+00    0.000000E+00
2.904500E+00    9.796003E+01   -1.974471E+01   -1.156880E+02    0.000000E+00    0.000000E+00    0.000000E+00    4.274825E+01    2.104442E+02   -2.028270E-01    0.000000E+00    0.000000E+00    0.000000E+00
2.905500E+00    1.439946E+02    1.788333E+01   -1.664557E+02    0.000000E+00    0.000000E+00    0.000000E+00    1.482946E+01    3.067465E+02    4.539428E+01    0.000000E+00    0.000000E+00    0.000000E+00
2.906500E+00    1.016281E+02   -7.602893E+01   -1.522926E+02    0.000000E+00    0.000000E+00    0.000000E+00    1.038326E+02    2.513391E+02   -5.649026E+01    0.000000E+00    0.000000E+00    0.000000E+00
2.907500E+00    1.387607E+02   -2.455369E+01   -1.709403E+02    0.000000E+00    0.000000E+00    0.000000E+00    5.560581E+01    3.059906E+02    6.820418E-01    0.000000E+00    0.000000E+00    0.000000E+00
2.908500E+00    1.185036E+02   -7.157348E+01   -1.631361E+02    0.000000E+00    0.000000E+00    0.000000E+00    9.953550E+01    2.789521E+02   -5.049856E+01    0.000000E+00    0.000000E+00    0.000000E+00
2.909500E+00    9.412887E+01   -3.508536E+01   -1.279354E+02    0.000000E+00    0.000000E+00    0.000000E+00    5.725045E+01    2.203106E+02   -1.866506E+01    0.000000E+00    0.000000E+00    0.000000E+00
2.910500E+00    1.126169E+02   -5.649815E+01   -1.431206E+02    0.000000E+00    0.000000E+00    0.000000E+00    7.964670E+01    2.533472E+02   -3.755966E+01    0.000000E+00    0.000000E+00    0.000000E+00
2.911500E+00    1.049937E+02   -6.079627E+00   -1.258281E+02    0.000000E+00    0.000000E+00    0.000000E+00    2.753432E+01    2.291883E+02    1.165716E+01    0.000000E+00    0.000000E+00    0.000000E+00
2.912500E+00    1.242236E+02   -1.846781E+01   -1.438054E+02    0.000000E+00    0.000000E+00    0.000000E+00    4.251269E+01    2.656510E+02    2.563234E+00    0.000000E+00    0.000000E+00    0.000000E+00
2.913500E+00    9.489891E+01   -2.039407E+01   -1.149433E+02    0.000000E+00    0.000000E+00    0.000000E+00    3.938651E+01    2.084715E+02   -4.906995E+00    0.000000E+00    0.000000E+00    0.000000E+00
2.914500E+00    1.064591E+02   -3.115152E+01   -1.250882E+02    0.000000E+00    0.000000E+00    0.000000E+00    5.040563E+01    2.302245E+02   -1.471532E+01    0.000000E+00    0.000000E+00    0.000000E+00
2.915500E+00    9.127050E+01   -6.318616E+01   -1.356759E+02    0.000000E+00    0.000000E+00    0.000000E+00    8.314566E+01    2.266306E+02   -4.979607E+01    0.000000E+00    0.000000E+00    0.000000E+00
2.916500E+00    8.720166E+01   -1.505065E+01   -9.653721E+01    0.000000E+00    0.000000E+00    0.000000E+00    2.950544E+01    1.827034E+02   -2.096192E+00    0.000000E+00    0.000000E+00    0.000000E+00
2.917500E+00    1.008390E+02   -8.320264E-01   -1.165067E+02    0.000000E+00    0.000000E+00    0.000000E+00    1.845841E+01    2.164611E+02    1.428811E+01    0.000000E+00    0.000000E+00    0.000000E+00
2.918500E+00    1.050488E+02   -1.517625E+01   -1.180621E+02    0.000000E+00    0.000000E+00    0.000000E+00    3.210819E+01    2.222446E+02   -1.150225E-01    0.000000E+00    0.000000E+00    0.000000E+00
2.919500E+00    9.130713E+01    6.602810E+00   -1.035347E+02    0.000000E+00    0.000000E+00    0.000000E+00    8.759177E+00    1.943938E+02    1.984887E+01    0.000000E+00    0.000000E+00    0.000000E+00
2.920500E+00    1.209550E+02   -3.088469E+01   -1.544857E+02    0.000000E+00    0.000000E+00    0.000000E+00    5.266763E+01    2.747220E+02   -1.403910E+01    0.000000E+00    0.000000E+00    0.000000E+00
2.921500E+00    1.609326E+02   -1.837956E+01   -1.833038E+02    0.000000E+00    0.000000E+00    0.000000E+00    4.365171E+01    3.425762E+02    3.773450E+00    0.000000E+00    0.000000E+00    0.000000E+00
2.922500E+00    8.653801E+01    2.464280E+01   -9.311575E+01    0.000000E+00    0.000000E+00    0.000000E+00   -1.168037E+01    1.795363E+02    3.663433E+01    0.000000E+00    0.000000E+00    0.000000E+00
2.923500E+00    1.085883E+02    6.776567E+01   -1.206999E+02    0.000000E+00    0.000000E+00    0.000000E+00   -4.843987E+01    2.287367E+02    8.442881E+01    0.000000E+00    0.000000E+00    0.000000E+00
2.924500E+00    1.306271E+02   -2.398325E+01   -1.648805E+02    0.000000E+00    0.000000E+00    0.000000E+00    4.560768E+01    2.948026E+02   -7.003651E+00    0.000000E+00    0.000000E+00    0.000000E+00
2.925500E+00    1.227247E+02    7.362803E+00   -1.478273E+02    0.000000E+00    0.000000E+00    0.000000E+00    1.225163E+01    2.698939E+02    2.327752E+01    0.000000E+00    0.000000E+00    0.000000E+00
2.926500E+00    1.299154E+02   -3.443297E+01   -1.544995E+02    0.000000E+00    0.000000E+00    0.000000E+00    5.377629E+01    2.830984E+02   -1.841128E+01    0.000000E+00    0.000000E+00    0.000000E+00
2.927500E+00    1.058048E+02   -1.626260E+01   -1.441932E+02    0.000000E+00    0.000000E+00    0.000000E+00    3.496472E+01    2.497945E+02   -2.896046E+00    0.000000E+00    0.000000E+00    0.000000E+00
2.928500E+00    1.381807E+02   -2.369105E+01   -1.638761E+02    0.000000E+00    0.000000E+00    0.000000E+00    4.279319E+01    3.011351E+02   -7.657090E+00    0.000000E+00    0.000000E+00    0.000000E+00
2.929500E+00    1.322979E+02   -4.287559E+01   -1.734522E+02    0.000000E+00    0.000000E+00    0.000000E+00    6.305163E+01    3.052743E+02   -2.770043E+01    0.000000E+00    0.000000E+00    0.000000E+00
2.930500E+00    1.397185E+02   -2.252138E+01   -1.677590E+02    0.000000E+00    0.000000E+00    0.000000E+00    4.234082E+01    3.066014E+02   -6.327674E+00    0.000000E+00    0.000000E+00    0.000000E+00
2.931500E+00    1.632001E+02   -1.068291E+02   -2.283118E+02    0.000000E+00    0.000000E+00    0.000000E+00    1.313591E+02    3.914243E+02   -8.998195E+01    0.000000E+00    0.000000E+00    0.000000E+00
2.932500E+00    1.151027E+02   -6.415730E+00   -1.420216E+02    0.000000E+00    0.000000E+00    0.000000E+00    2.244251E+01    2.568900E+02    6.145559E+00    0.000000E+00    0.000000E+00    0.000000E+00
2.933500E+00    1.518252E+02   -1.534020E+01   -1.792368E+02    0.000000E+00    0.000000E+00    0.000000E+00    3.506599E+01    3.301669E+02    1.180774E+00    0.000000E+00    0.000000E+00    0.000000E+00
2.934500E+00    1.243302E+02    2.745457E+01   -1.429769E+02    0.000000E+00    0.000000E+00    0.000000E+00   -1.078456E+01    2.669093E+02    4.173017E+01    0.000000E+00    0.000000E+00    0.000000E+00
2.935500E+00    1.293733E+02   -3.475852E+01   -1.530607E+02    0.000000E+00    0.000000E+00    0.000000E+00    4.985613E+01    2.820129E+02   -2.234400E+01    0.000000E+00    0.000000E+00    0.000000E+00
2.936500E+00    3.051266E+01   -2.034268E+01   -3.254682E+01    0.000000E+00    0.000000E+00    0.000000E+00    2.326531E+01    6.354956E+01   -1.795378E+01    0.000000E+00    0.000000E+00    0.000000E+00
2.937500E+00    1.166461E+02    3.608971E+01   -1.336751E+02    0.000000E+00    0.000000E+00    0.000000E+00   -2.171464E+01    2.502681E+02    4.844549E+01    0.000000E+00    0.000000E+00    0.000000E+00
2.938500E+00    9.323767E+01   -3.809937E+01   -9.889326E+01    0.000000E+00    0.000000E+00    0.000000E+00    4.626565E+01    1.917028E+02   -3.047295E+01    0.000000E+00    0.000000E+00    0.000000E+00
2.939500E+00    1.205401E+02   -4.574063E+01   -1.549377E+02    0.000000E+00    0.000000E+00    0.000000E+00    5.939185E+01    2.762466E+02   -3.568879E+01    0.000000E+00    0.000000E+00    0.000000E+00
2.940500E+00    1.138670E+02    7.103370E+01   -1.226858E+02    0.000000E+00    0.000000E+00    0.000000E+00   -5.849724E+01    2.366712E+02    8.273546E+01    0.000000E+00    0.000000E+00    0.000000E+00
2.941500E+00    1.204146E+02   -3.634586E+01   -1.349122E+02    0.000000E+00    0.000000E+00    0.000000E+00    4.787145E+01    2.552974E+02   -2.632355E+01    0.000000E+00    0.000000E+00    0.000000E+00
2.942500E+00    1.078581E+02   -1.404973E+01   -1.293877E+02    0.000000E+00    0.000000E+00    0.000000E+00    2.395473E+01    2.379140E+02   -6.044689E+00    0.000000E+00    0.000000E+00    0.000000E+00
2.943500E+00    8.177013E+01   -2.792576E+01   -9.174427E+01    0.000000E+00    0.000000E+00    0.000000E+00    3.480657E+01    1.737313E+02   -2.215408E+01    0.000000E+00    0.000000E+00    0.000000E+00
2.944500E+00    8.672836E+01    6.585264E+00   -9.326028E+01    0.000000E+00    0.000000E+00    0.000000E+00    9.943872E-01    1.799712E+02    1.338625E+01    0.000000E+00    0.000000E+00    0.000000E+00
2.945500E+00    1.462934E+02   -4.228532E+01   -1.749703E+02    0.000000E+00    0.000000E+00    0.000000E+00    5.459031E+01    3.218743E+02   -3.238890E+01    0.000000E+00    0.000000E+00    0.000000E+00
2.946500E+00    3.978238E+01    5.169344E+01   -4.551357E+01    0.000000E+00    0.000000E+00    0.000000E+00   -4.744772E+01    8.630767E+01    5.544565E+01    0.000000E+00    0.000000E+00    0.000000E+00
2.947500E+00    1.020674E+02    7.207604E+00   -1.204358E+02    0.000000E+00    0.000000E+00    0.000000E+00    1.390464E+00    2.229281E+02    1.437474E+01    0.000000E+00    0.000000E+00    0.000000E+00
2.948500E+00    6.718409E+01    1.565319E+01   -9.291015E+01    0.000000E+00    0.000000E+00    0.000000E+00   -8.260485E+00    1.611951E+02    2.083750E+01    0.000000E+00    0.000000E+00    0.000000E+00
2.949500E+00    1.132620E+02    1.853284E+01   -1.276566E+02    0.000000E+00    0.000000E+00    0.000000E+00   -9.913493E+00    2.406054E+02    2.606211E+01    0.000000E+00    0.000000E+00    0.000000E+00
2.950500E+00    1.088670E+02    1.358384E+01   -1.519185E+02    0.000000E+00    0.000000E+00    0.000000E+00   -2.410778E+00    2.619548E+02    2.146909E+01    0.000000E+00    0.000000E+00    0.000000E+00
2.951500E+00    1.430851E+02    9.628140E+00   -1.669604E+02    0.000000E+00    0.000000E+00    0.000000E+00    1.941504E+00    3.095552E+02    1.929954E+01    0.000000E+00    0.000000E+00    0.000000E+00
2.952500E+00    1.424125E+02    5.801375E+00   -1.767405E+02    0.000000E+00    0.000000E+00    0.000000E+00    6.283763E+00    3.192892E+02    1.523704E+01    0.000000E+00    0.000000E+00    0.000000E+00
2.953500E+00    1.459332E+02    8.900644E+00   -1.858639E+02    0.000000E+00    0.000000E+00    0.000000E+00    3.548001E+00    3.322147E+02    1.841351E+01    0.000000E+00    0.000000E+00    0.000000E+00
2.954500E+00    1.375108E+02   -4.799359E+01   -1.669230E+02    0.000000E+00    0.000000E+00    0.000000E+00    5.771760E+01    3.042460E+02   -4.055431E+01    0.000000E+00    0.000000E+00    0.000000E+00
2.955500E+00    1.780566E+02    5.539382E+00   -2.205597E+02    0.000000E+00    0.000000E+00    0.000000E+00    8.264000E+00    3.986760E+02    1.603129E+01    0.000000E+00    0.000000E+00    0.000000E+00
2.956500E+00    2.110045E+02   -4.366934E+01   -2.748090E+02    0.000000E+00    0.000000E+00    0.000000E+00    5.846944E+01    4.866607E+02   -3.285708E+01    0.000000E+00    0.000000E+00    0.000000E+00
2.957500E+00    1.732689E+02   -4.897428E+01   -1.772926E+02    0.000000E+00    0.000000E+00    0.000000E+00    5.687908E+01    3.485919E+02   -4.132617E+01    0.000000E+00    0.000000E+00    0.000000E+00
2.958500E+00    1.389955E+02    1.933156E+01   -1.874645E+02    0.000000E+00    0.000000E+00    0.000000E+00   -8.747824E+00    3.279893E+02    2.717939E+01    0.000000E+00    0.000000E+00    0.000000E+00
2.959500E+00    1.201099E+02   -3.875040E+00   -1.416033E+02    0.000000E+00    0.000000E+00    0.000000E+00    1.085314E+01    2.614174E+02    1.777654E+00    0.000000E+00    0.000000E+00    0.000000E+00
2.960500E+00    1.573353E+02    1.531317E+01   -1.681362E+02    0.000000E+00    0.000000E+00    0.000000E+00   -6.876114E+00    3.242284E+02    2.297175E+01    0.000000E+00    0.000000E+00    0.000000E+00
2.961500E+00    4.107741E+01    7.174557E+00   -5.464050E+01    0.000000E+00    0.000000E+00    0.000000E+00   -3.532769E+00    9.662018E+01    9.480333E+00    0.000000E+00    0.000000E+00    0.000000E+00
2.962500E+00    7.900994E+01   -2.863839E+01   -9.321996E+01    0.000000E+00    0.000000E+00    0.000000E+00    3.178692E+01    1.724038E+02   -2.630857E+01    0.000000E+00    0.000000E+00    0.000000E+00
2.963500E+00    5.478511E+01   -1.410978E+01   -5.032950E+01    0.000000E+00    0.000000E+00    0.000000E+00    1.542761E+01    1.046709E+02   -1.268721E+01    0.000000E+00    0.000000E+00    0.000000E+00
2.964500E+00    6.573380E+01   -1.739074E+01   -7.489348E+01    0.000000E+00    0.000000E+00    0.000000E+00    2.004798E+01    1.406000E+02   -1.522624E+01    0.000000E+00    0.000000E+00    0.000000E+00
2.965500E+00    8.108166E+01   -4.277060E+01   -8.033222E+01    0.000000E+00    0.000000E+00    0.000000E+00    4.457534E+01    1.609204E+02   -4.104903E+01    0.000000E+00    0.000000E+00    0.000000E+00
2.966500E+00    8.463368E+01    1.344470E+01   -1.028535E+02    0.000000E+00    0.000000E+00    0.000000E+00   -9.399227E+00    1.878020E+02    1.665505E+01    0.000000E+00    0.000000E+00    0.000000E+00
2.967500E+00    2.675768E+01    1.615307E+01   -3.161310E+01    0.000000E+00    0.000000E+00    0.000000E+00   -1.439088E+01    5.905900E+01    1.750437E+01    0.000000E+00    0.000000E+00    0.000000E+00
2.968500E+00    1.090304E+02    9.680153E+00   -1.038062E+02    0.000000E+00    0.000000E+00    0.000000E+00   -5.613800E+00    2.117096E+02    1.371039E+01    0.000000E+00    0.000000E+00    0.000000E+00
2.969500E+00    8.607322E+01    2.536862E+01   -1.124675E+02    0.000000E+00    0.000000E+00    0.000000E+00   -2.117155E+01    1.994834E+02    2.847917E+01    0.000000E+00    0.000000E+00    0.000000E+00
2.970500E+00    7.317881E+01    3.180723E+01   -9.891841E+01    0.000000E+00    0.000000E+00    0.000000E+00   -2.806271E+01    1.728354E+02    3.452430E+01    0.000000E+00    0.000000E+00    0.000000E+00
2.971500E+00    7.622349E+01    2.520719E+01   -8.317320E+01    0.000000E+00    0.000000E+00    0.000000E+00   -2.164197E+01    1.593030E+02    2.808507E+01    0.000000E+00    0.000000E+00    0.000000E+00
2.972500E+00    8.204593E+01    1.370703E+01   -1.061235E+02    0.000000E+00    0.000000E+00    0.000000E+00   -9.993674E+00    1.891511E+02    1.624213E+01    0.000000E+00    0.000000E+00    0.000000E+00
2.973500E+00    1.230923E+02    2.591295E+00   -1.548037E+02    0.000000E+00    0.000000E+00    0.000000E+00    1.913783E+00    2.781280E+02    5.906284E+00    0.000000E+00    0.000000E+00    0.000000E+00
2.974500E+00    1.632528E+02   -1.283289E+01   -1.971302E+02    0.000000E+00    0.000000E+00    0.000000E+00    1.781662E+01    3.594962E+02   -9.031744E+00    0.000000E+00    0.000000E+00    0.000000E+00
2.975500E+00    7.300388E+01   -8.141225E+00   -8.054828E+01    0.000000E+00    0.000000E+00    0.000000E+00    1.074483E+01    1.529472E+02   -6.254743E+00    0.000000E+00    0.000000E+00    0.000000E+00
2.976500E+00    1.712514E+02   -2.435263E+01   -2.205969E+02    0.000000E+00    0.000000E+00    0.000000E+00    2.947737E+01    3.912718E+02   -2.077834E+01    0.000000E+00    0.000000E+00    0.000000E+00
2.977500E+00    1.520720E+02   -3.909367E+01   -1.732207E+02    0.000000E+00    0.000000E+00    0.000000E+00    4.200317E+01    3.236084E+02   -3.675435E+01    0.000000E+00    0.000000E+00    0.000000E+00
2.978500E+00    2.071729E+02   -4.480388E+01   -2.332905E+02    0.000000E+00    0.000000E+00    0.000000E+00    4.887434E+01    4.378701E+02   -4.146681E+01    0.000000E+00    0.000000E+00    0.000000E+00
2.979500E+00    1.441357E+02   -4.397241E+01   -1.614430E+02    0.000000E+00    0.000000E+00    0.000000E+00    4.578459E+01    3.036204E+02   -4.243863E+01    0.000000E+00    0.000000E+00    0.000000E+00
2.980500E+00    1.762249E+02   -2.775307E+01   -2.103688E+02    0.000000E+00    0.000000E+00    0.000000E+00    3.126617E+01    3.850229E+02   -2.505806E+01    0.000000E+00    0.000000E+00    0.000000E+00
2.981500E+00    1.412232E+02   -6.921699E+01   -1.362747E+02    0.000000E+00    0.000000E+00    0.000000E+00    6.868022E+01    2.744811E+02   -6.892380E+01    0.000000E+00    0.000000E+00    0.000000E+00
2.982500E+00    1.373694E+02   -1.455727E+01   -1.537554E+02    0.000000E+00    0.000000E+00    0.000000E+00    1.606417E+01    2.890924E+02   -1.309705E+01    0.000000E+00    0.000000E+00    0.000000E+00
2.983500E+00    1.257352E+02    2.380316E+01   -1.564841E+02    0.000000E+00    0.000000E+00    0.000000E+00   -2.022241E+01    2.807650E+02    2.651466E+01    0.000000E+00    0.000000E+00    0.000000E+00
2.984500E+00    7.289942E+01    1.110497E+01   -7.842023E+01    0.000000E+00    0.000000E+00    0.000000E+00   -9.435488E+00    1.499181E+02    1.244023E+01    0.000000E+00    0.000000E+00    0.000000E+00
2.985500E+00    1.361261E+02    1.398372E+01   -1.682575E+02    0.000000E+00    0.000000E+00    0.000000E+00   -1.193294E+01    3.025535E+02    1.536446E+01    0.000000E+00    0.000000E+00    0.000000E+00
2.986500E+00    1.295328E+02    1.388158E+00   -1.637853E+02    0.000000E+00    0.000000E+00    0.000000E+00    4.395340E-02    2.920038E+02    2.178366E+00    0.000000E+00    0.000000E+00    0.000000E+00
2.987500E+00    4.384198E+01    3.073874E+01   -5.761852E+01    0.000000E+00    0.000000E+00    0.000000E+00   -2.859191E+01    1.009303E+02    3.181771E+01    0.000000E+00    0.000000E+00    0.000000E+00
2.988500E+00    1.262994E+02   -3.134183E+01   -1.176569E+02    0.000000E+00    0.000000E+00    0.000000E+00    3.008213E+01    2.407666E+02   -3.188707E+01    0.000000E+00    0.000000E+00    0.000000E+00
2.989500E+00    9.310708E+01   -1.746641E+01   -1.080153E+02    0.000000E+00    0.000000E+00    0.000000E+00    1.635747E+01    1.994699E+02   -1.815686E+01    0.000000E+00    0.000000E+00    0.000000E+00
2.990500E+00    8.838720E+01    2.646412E+00   -9.529042E+01    0.000000E+00    0.000000E+00    0.000000E+00   -2.175607E+00    1.817197E+02    2.739727E+00    0.000000E+00    0.000000E+00    0.000000E+00
2.991500E+00    5.626832E+01    3.800968E+01   -8.765037E+01    0.000000E+00    0.000000E+00    0.000000E+00   -3.608288E+01    1.435766E+02    3.893977E+01    0.000000E+00    0.000000E+00    0.000000E+00
2.992500E+00    5.300599E+01    6.223624E+01   -1.036258E+02    0.000000E+00    0.000000E+00    0.000000E+00   -5.884641E+01    1.573288E+02    6.398523E+01    0.000000E+00    0.000000E+00    0.000000E+00
2.993500E+00    1.084972E+02   -2.005694E+01   -1.037473E+02    0.000000E+00    0.000000E+00    0.000000E+00    1.886594E+01    2.092696E+02   -2.112599E+01    0.000000E+00    0.000000E+00    0.000000E+00
2.994500E+00    1.284560E+02    1.125196E+01   -1.475009E+02    0.000000E+00    0.000000E+00    0.000000E+00   -1.135121E+01    2.729821E+02    1.064956E+01    0.000000E+00    0.000000E+00    0.000000E+00
2.995500E+00    3.052621E+01    6.318157E+01   -9.590528E+01    0.000000E+00    0.000000E+00    0.000000E+00   -6.016893E+01    1.281361E+02    6.439403E+01    0.000000E+00    0.000000E+00    0.000000E+00
2.996500E+00    1.168810E+02   -1.785771E-01   -1.391177E+02    0.000000E+00    0.000000E+00    0.000000E+00    1.722275E-01    2.539368E+02   -7.198043E-01    0.000000E+00    0.000000E+00    0.000000E+00
2.997500E+00    9.708748E+01    2.500885E+01   -1.369279E+02    0.000000E+00    0.000000E+00    0.000000E+00   -2.422326E+01    2.326690E+02    2.488402E+01    0.000000E+00    0.000000E+00    0.000000E+00
2.998500E+00    1.234736E+02   -2.354489E+00   -1.563463E+02    0.000000E+00    0.000000E+00    0.000000E+00    1.816900E+00    2.776925E+02   -3.095880E+00    0.000000E+00    0.000000E+00    0.000000E+00
2.999500E+00    5.916651E+01    1.752720E+01   -9.056162E+01    0.000000E+00    0.000000E+00    0.000000E+00   -1.649284E+01    1.493722E+02    1.784185E+01    0.000000E+00    0.000000E+00    0.000000E+00
3.000500E+00    1.612753E+02   -3.739433E+00   -1.919189E+02    0.000000E+00    0.000000E+00    0.000000E+00    2.608945E+00    3.488189E+02   -5.147282E+00    0.000000E+00    0.000000E+00    0.000000E+00
3.001500E+00    1.703399E+02   -3.633116E+01   -1.851257E+02    0.000000E+00    0.000000E+00    0.000000E+00    3.321812E+01    3.508194E+02   -3.875018E+01    0.000000E+00    0.000000E+00    0.000000E+00
3.002500E+00    2.053910E+02   -2.175308E+01   -2.196800E+02    0.000000E+00    0.000000E+00    0.000000E+00    1.848107E+01    4.182181E+02   -2.463177E+01    0.000000E+00    0.000000E+00    0.000000E+00
3.003500E+00    1.430942E+02   -3.129148E+01   -1.639700E+02    0.000000E+00    0.000000E+00    0.000000E+00    2.771961E+01    3.028477E+02   -3.389002E+01    0.000000E+00    0.000000E+00    0.000000E+00
3.004500E+00    2.170852E+02    2.739602E+01   -2.854192E+02    0.000000E+00    0.000000E+00    0.000000E+00   -2.922516E+01    4.965907E+02    2.473914E+01    0.000000E+00    0.000000E+00    0.000000E+00
3.005500E+00    1.389947E+02   -8.685059E+00   -1.605538E+02    0.000000E+00    0.000000E+00    0.000000E+00    6.620577E+00    2.951703E+02   -1.068859E+01    0.000000E+00    0.000000E+00    0.000000E+00
3.006500E+00    1.458540E+02   -3.924737E+01   -1.516503E+02    0.000000E+00    0.000000E+00    0.000000E+00    3.499836E+01    2.923129E+02   -4.229395E+01    0.000000E+00    0.000000E+00    0.000000E+00
3.007500E+00    9.263276E+01   -3.104204E+00   -9.173514E+01    0.000000E+00    0.000000E+00    0.000000E+00    1.208005E+00    1.804189E+02   -5.107975E+00    0.000000E+00    0.000000E+00    0.000000E+00
3.008500E+00    6.113303E+01   -2.282384E+01   -4.944279E+01    0.000000E+00    0.000000E+00    0.000000E+00    2.095242E+01    1.080331E+02   -2.444759E+01    0.000000E+00    0.000000E+00    0.000000E+00
3.009500E+00    6.994224E+01   -3.534867E+01   -4.607590E+01    0.000000E+00    0.000000E+00    0.000000E+00    3.261466E+01    1.128709E+02   -3.751605E+01    0.000000E+00    0.000000E+00    0.000000E+00
3.010500E+00    9.134473E+01    1.572599E+01   -1.113196E+02    0.000000E+00    0.000000E+00    0.000000E+00   -1.742758E+01    1.992376E+02    1.375875E+01    0.000000E+00    0.000000E+00    0.000000E+00
3.011500E+00    7.131976E+01    1.388515E+01   -8.937195E+01    0.000000E+00    0.000000E+00    0.000000E+00   -1.537687E+01    1.581513E+02    1.221747E+01    0.000000E+00    0.000000E+00    0.000000E+00
3.012500E+00    8.849585E+01   -5.450280E+00   -1.139597E+02    0.000000E+00    0.000000E+00    0.000000E+00    2.158108E+00    1.994637E+02   -7.984738E+00    0.000000E+00    0.000000E+00    0.000000E+00
3.013500E+00    8.888307E+01    1.720747E+01   -9.546589E+01    0.000000E+00    0.000000E+00    0.000000E+00   -1.837237E+01    1.804895E+02    1.514696E+01    0.000000E+00    0.000000E+00    0.000000E+00
3.014500E+00    6.978504E+01    2.466601E+01   -9.457048E+01    0.000000E+00    0.000000E+00    0.000000E+00   -2.594025E+01    1.621315E+02    2.286942E+01    0.000000E+00    0.000000E+00    0.000000E+00
3.015500E+00    2.173405E+01    4.788854E+01   -7.619212E+01    0.000000E+00    0.000000E+00    0.000000E+00   -4.753537E+01    9.848678E+01    4.759611E+01    0.000000E+00    0.000000E+00    0.000000E+00
3.016500E+00    1.361062E+02   -1.071822E+01   -1.344008E+02    0.000000E+00    0.000000E+00    0.000000E+00    7.169349E+00    2.648989E+02   -1.434693E+01    0.000000E+00    0.000000E+00    0.000000E+00
3.017500E+00    1.182788E+02    2.703325E+01   -1.530168E+02    0.000000E+00    0.000000E+00    0.000000E+00   -2.985515E+01    2.661738E+02    2.372707E+01    0.000000E+00    0.000000E+00    0.000000E+00
3.018500E+00    1.394587E+02   -6.510227E+00   -1.596173E+02    0.000000E+00    0.000000E+00    0.000000E+00    1.904201E+00    2.934088E+02   -1.052580E+01    0.000000E+00    0.000000E+00    0.000000E+00
3.019500E+00    7.212632E+01    3.600496E+01   -1.354813E+02    0.000000E+00    0.000000E+00    0.000000E+00   -3.711138E+01    2.055823E+02    3.452216E+01    0.000000E+00    0.000000E+00    0.000000E+00
3.020500E+00    8.438950E+01    1.231605E+01   -9.592898E+01    0.000000E+00    0.000000E+00    0.000000E+00   -1.302606E+01    1.775248E+02    1.071647E+01    0.000000E+00    0.000000E+00    0.000000E+00
3.021500E+00    1.534261E+02   -2.644718E+01   -1.693911E+02    0.000000E+00    0.000000E+00    0.000000E+00    1.997596E+01    3.159952E+02   -3.164170E+01    0.000000E+00    0.000000E+00    0.000000E+00
3.022500E+00    1.692264E+02   -1.682829E+00   -1.994249E+02    0.000000E+00    0.000000E+00    0.000000E+00   -3.650272E+00    3.614462E+02   -6.626879E+00    0.000000E+00    0.000000E+00    0.000000E+00
3.023500E+00    1.176413E+02    1.644310E+01   -1.656998E+02    0.000000E+00    0.000000E+00    0.000000E+00   -1.984698E+01    2.781240E+02    1.288300E+01    0.000000E+00    0.000000E+00    0.000000E+00
3.024500E+00    1.198972E+02   -9.801111E+00   -1.516414E+02    0.000000E+00    0.000000E+00    0.000000E+00    4.906522E+00    2.662592E+02   -1.369274E+01    0.000000E+00    0.000000E+00    0.000000E+00
3.025500E+00    1.644252E+02   -7.056123E+00   -1.911000E+02    0.000000E+00    0.000000E+00    0.000000E+00    9.157702E-01    3.468167E+02   -1.258776E+01    0.000000E+00    0.000000E+00    0.000000E+00
3.026500E+00    1.738008E+02   -3.564353E-01   -2.123875E+02    0.000000E+00    0.000000E+00    0.000000E+00   -5.032422E+00    3.785427E+02   -5.240389E+00    0.000000E+00    0.000000E+00    0.000000E+00
3.027500E+00    1.903373E+02   -2.900922E+00   -2.288793E+02    0.000000E+00    0.000000E+00    0.000000E+00   -4.345175E+00    4.099494E+02   -9.035011E+00    0.000000E+00    0.000000E+00    0.000000E+00
3.028500E+00    1.548285E+02   -4.228397E+00   -1.750367E+02    0.000000E+00    0.000000E+00    0.000000E+00   -1.340380E+00    3.221007E+02   -9.232666E+00    0.000000E+00    0.000000E+00    0.000000E+00
3.029500E+00    1.122230E+02   -9.710993E+00   -1.081705E+02    0.000000E+00    0.000000E+00    0.000000E+00    5.520930E+00    2.142036E+02   -1.389365E+01    0.000000E+00    0.000000E+00    0.000000E+00
3.030500E+00    5.184451E+01    4.071036E+00   -8.787021E+01    0.000000E+00    0.000000E+00    0.000000E+00   -6.589918E+00    1.377568E+02    2.141545E+00    0.000000E+00    0.000000E+00    0.000000E+00
3.031500E+00    1.057088E+02    2.119258E+01   -1.397256E+02    0.000000E+00    0.000000E+00    0.000000E+00   -2.431194E+01    2.400176E+02    1.776310E+01    0.000000E+00    0.000000E+00    0.000000E+00
3.032500E+00    8.278553E+01    3.094265E+01   -1.229457E+02    0.000000E+00    0.000000E+00    0.000000E+00   -3.302196E+01    2.015656E+02    2.832413E+01    0.000000E+00    0.000000E+00    0.000000E+00
3.033500E+00    1.227593E+02   -5.694998E+00   -1.367838E+02    0.000000E+00    0.000000E+00    0.000000E+00    6.721694E-01    2.529444E+02   -1.017592E+01    0.000000E+00    0.000000E+00    0.000000E+00
3.034500E+00    9.047898E+01    9.613984E-01   -1.129246E+02    0.000000E+00    0.000000E+00    0.000000E+00   -4.955274E+00    1.987790E+02   -2.505900E+00    0.000000E+00    0.000000E+00    0.000000E+00
3.035500E+00    8.232764E+01    1.281154E+01   -1.075842E+02    0.000000E+00    0.000000E+00    0.000000E+00   -1.575978E+01    1.854888E+02    9.874568E+00    0.000000E+00    0.000000E+00    0.000000E+00
3.036500E+00    1.051032E+02    1.623353E+01   -1.359191E+02    0.000000E+00    0.000000E+00    0.000000E+00   -1.986396E+01    2.357636E+02    1.264170E+01    0.000000E+00    0.000000E+00    0.000000E+00
3.037500E+00    4.373652E+01    4.370052E+00   -6.853448E+01    0.000000E+00    0.000000E+00    0.000000E+00   -6.272351E+00    1.111243E+02    2.925615E+00    0.000000E+00    0.000000E+00    0.000000E+00
3.038500E+00    6.821227E+01    3.449697E+00   -8.448051E+01    0.000000E+00    0.000000E+00    0.000000E+00   -6.216345E+00    1.493327E+02    9.768025E-01    0.000000E+00    0.000000E+00    0.000000E+00
3.039500E+00    7.666611E+01    3.951086E+00   -9.082837E+01    0.000000E+00    0.000000E+00    0.000000E+00   -6.862222E+00    1.640288E+02    1.272350E+00    0.000000E+00    0.000000E+00    0.000000E+00
3.040500E+00    8.210242E+01    1.603333E+01   -9.652743E+01    0.000000E+00    0.000000E+00    0.000000E+00   -1.816735E+01    1.745284E+02    1.338340E+01    0.000000E+00    0.000000E+00    0.000000E+00
3.041500E+00    1.142194E+02    1.731499E+01   -1.368810E+02    0.000000E+00    0.000000E+00    0.000000E+00   -2.103171E+01    2.456316E+02    1.347448E+01    0.000000E+00    0.000000E+00    0.000000E+00
3.042500E+00    1.165983E+02    2.766751E+01   -1.370546E+02    0.000000E+00    0.000000E+00    0.000000E+00   -2.999892E+01    2.476693E+02    2.426707E+01    0.000000E+00    0.000000E+00    0.000000E+00
3.043500E+00    6.996360E+01   -1.503017E+00   -7.014493E+01    0.000000E+00    0.000000E+00    0.000000E+00   -1.406115E+00    1.368450E+02   -4.227991E+00    0.000000E+00    0.000000E+00    0.000000E+00
3.044500E+00    1.105847E+02   -1.726845E+00   -1.260546E+02    0.000000E+00    0.000000E+00    0.000000E+00   -2.216324E+00    2.306149E+02   -5.441154E+00    0.000000E+00    0.000000E+00    0.000000E+00
3.045500E+00    1.516264E+02    1.129683E+01   -1.952549E+02    0.000000E+00    0.000000E+00    0.000000E+00   -1.679049E+01    3.393024E+02    6.438618E+00    0.000000E+00    0.000000E+00    0.000000E+00
3.046500E+00    1.389574E+02    4.948452E+00   -1.430210E+02    0.000000E+00    0.000000E+00    0.000000E+00   -8.763151E+00    2.733987E+02    4.692674E-01    0.000000E+00    0.000000E+00    0.000000E+00
3.047500E+00    1.644279E+02   -9.843068E+00   -2.152086E+02    0.000000E+00    0.000000E+00    0.000000E+00    1.934306E+00    3.710355E+02   -1.585910E+01    0.000000E+00    0.000000E+00    0.000000E+00
3.048500E+00    1.693072E+02    5.475747E+00   -2.004374E+02    0.000000E+00    0.000000E+00    0.000000E+00   -1.101577E+01    3.598452E+02    6.437237E-03    0.000000E+00    0.000000E+00    0.000000E+00
3.049500E+00    2.046885E+02   -5.795401E-01   -2.631162E+02    0.000000E+00    0.000000E+00    0.000000E+00   -7.599044E+00    4.556696E+02   -7.296824E+00    0.000000E+00    0.000000E+00    0.000000E+00
3.050500E+00    1.740175E+02    1.507417E+01   -2.141732E+02    0.000000E+00    0.000000E+00    0.000000E+00   -2.045316E+01    3.775531E+02    9.596932E+00    0.000000E+00    0.000000E+00    0.000000E+00
3.051500E+00    1.198134E+02   -1.847679E+01   -1.723148E+02    0.000000E+00    0.000000E+00    0.000000E+00    1.144761E+01    2.853863E+02   -2.304171E+01    0.000000E+00    0.000000E+00    0.000000E+00
3.052500E+00    1.906953E+02    1.712897E+01   -2.293492E+02    0.000000E+00    0.000000E+00    0.000000E+00   -2.256238E+01    4.082022E+02    1.130105E+01    0.000000E+00    0.000000E+00    0.000000E+00
3.053500E+00    1.258395E+02   -9.408843E+00   -2.010438E+02    0.000000E+00    0.000000E+00    0.000000E+00    2.675999E+00    3.201680E+02   -1.364653E+01    0.000000E+00    0.000000E+00    0.000000E+00
3.054500E+00    1.753599E+02    1.448060E+01   -1.975754E+02    0.000000E+00    0.000000E+00    0.000000E+00   -1.935463E+01    3.617714E+02    9.039970E+00    0.000000E+00    0.000000E+00    0.000000E+00
3.055500E+00    9.502892E+01   -4.285474E+00   -1.340806E+02    0.000000E+00    0.000000E+00    0.000000E+00   -7.376515E-02    2.237919E+02   -7.476531E+00    0.000000E+00    0.000000E+00    0.000000E+00
3.056500E+00    9.786919E+01    1.993085E+01   -8.401006E+01    0.000000E+00    0.000000E+00    0.000000E+00   -2.051651E+01    1.749452E+02    1.719817E+01    0.000000E+00    0.000000E+00    0.000000E+00
3.057500E+00    7.316836E+01   -2.697965E+01   -1.098308E+02    0.000000E+00    0.000000E+00    0.000000E+00    2.153308E+01    1.791831E+02   -2.974268E+01    0.000000E+00    0.000000E+00    0.000000E+00
3.058500E+00    9.791746E+01    1.024957E+01   -1.258897E+02    0.000000E+00    0.000000E+00    0.000000E+00   -1.350004E+01    2.181869E+02    7.017244E+00    0.000000E+00    0.000000E+00    0.000000E+00
3.059500E+00    1.152601E+02    1.535530E+01   -1.625915E+02    0.000000E+00    0.000000E+00    0.000000E+00   -1.888580E+01    2.714239E+02    1.219024E+01    0.000000E+00    0.000000E+00    0.000000E+00
3.060500E+00    7.467164E+01    1.596287E+01   -7.626262E+01    0.000000E+00    0.000000E+00    0.000000E+00   -1.675249E+01    1.459603E+02    1.395365E+01    0.000000E+00    0.000000E+00    0.000000E+00
3.061500E+00    6.873879E+01   -1.319661E+01   -4.153595E+01    0.000000E+00    0.000000E+00    0.000000E+00    1.129073E+01    1.054948E+02   -1.527661E+01    0.000000E+00    0.000000E+00    0.000000E+00
3.062500E+00    6.249512E+01    2.897112E+01   -9.943598E+01    0.000000E+00    0.000000E+00    0.000000E+00   -3.006800E+01    1.593665E+02    2.717359E+01    0.000000E+00    0.000000E+00    0.000000E+00
3.063500E+00    7.096215E+01   -1.432787E+01   -1.063768E+02    0.000000E+00    0.000000E+00    0.000000E+00    1.087042E+01    1.742152E+02   -1.604613E+01    0.000000E+00    0.000000E+00    0.000000E+00
3.064500E+00    3.492273E+01   -1.030095E+00    4.878627E+00    0.000000E+00    0.000000E+00    0.000000E+00    1.296502E+00    2.775499E+01   -1.631638E+00    0.000000E+00    0.000000E+00    0.000000E+00
3.065500E+00    3.347182E+01   -4.985020E+01   -3.739269E+01    0.000000E+00    0.000000E+00    0.000000E+00    4.579069E+01    6.997468E+01   -5.073287E+01    0.000000E+00    0.000000E+00    0.000000E+00
3.066500E+00    4.539728E+01   -3.287814E+01   -6.433679E+01    0.000000E+00    0.000000E+00    0.000000E+00    2.926162E+01    1.084861E+02   -3.418257E+01    0.000000E+00    0.000000E+00    0.000000E+00
3.067500E+00    8.678280E+01    6.566583E+00   -7.782785E+01    0.000000E+00    0.000000E+00    0.000000E+00   -7.835353E+00    1.596666E+02    4.451393E+00    0.000000E+00    0.000000E+00    0.000000E+00
3.068500E+00    6.661618E+01   -1.548066E+00   -6.566749E+01    0.000000E+00    0.000000E+00    0.000000E+00   -2.798700E-01    1.291677E+02   -3.235470E+00    0.000000E+00    0.000000E+00    0.000000E+00
3.069500E+00    1.712211E+02    1.027084E+01   -2.299941E+02    0.000000E+00    0.000000E+00    0.000000E+00   -1.534426E+01    3.919635E+02    6.087808E+00    0.000000E+00    0.000000E+00    0.000000E+00
3.070500E+00    1.960662E+02   -1.023652E-01   -2.232293E+02    0.000000E+00    0.000000E+00    0.000000E+00   -4.761330E+00    4.062936E+02   -4.586603E+00    0.000000E+00    0.000000E+00    0.000000E+00
3.071500E+00    1.655539E+02    4.551390E+00   -1.826703E+02    0.000000E+00    0.000000E+00    0.000000E+00   -7.948162E+00    3.377736E+02    9.969524E-01    0.000000E+00    0.000000E+00    0.000000E+00
3.072500E+00    1.522219E+02   -9.511716E+00   -2.277051E+02    0.000000E+00    0.000000E+00    0.000000E+00    4.198510E+00    3.709452E+02   -1.293753E+01    0.000000E+00    0.000000E+00    0.000000E+00
3.073500E+00    2.036714E+02    1.097121E+01   -2.576211E+02    0.000000E+00    0.000000E+00    0.000000E+00   -1.502478E+01    4.479990E+02    6.910951E+00    0.000000E+00    0.000000E+00    0.000000E+00
3.074500E+00    1.746994E+02   -1.429261E-02   -2.155342E+02    0.000000E+00    0.000000E+00    0.000000E+00   -4.219928E+00    3.783631E+02   -3.737174E+00    0.000000E+00    0.000000E+00    0.000000E+00
3.075500E+00    2.069590E+02    1.466038E+01   -2.560018E+02    0.000000E+00    0.000000E+00    0.000000E+00   -1.817596E+01    4.489543E+02    1.066956E+01    0.000000E+00    0.000000E+00    0.000000E+00
3.076500E+00    1.707408E+02    1.267341E+00   -2.182252E+02    0.000000E+00    0.000000E+00    0.000000E+00   -5.341563E+00    3.778925E+02   -2.449750E+00    0.000000E+00    0.000000E+00    0.000000E+00
3.077500E+00    1.531486E+02    1.776707E+01   -1.661714E+02    0.000000E+00    0.000000E+00    0.000000E+00   -1.918808E+01    3.086904E+02    1.486628E+01    0.000000E+00    0.000000E+00    0.000000E+00
3.078500E+00    1.647072E+02    5.476442E+01   -1.561818E+02    0.000000E+00    0.000000E+00    0.000000E+00   -5.312487E+01    3.095542E+02    5.222514E+01    0.000000E+00    0.000000E+00    0.000000E+00
3.079500E+00    1.638095E+02    3.134879E+00   -1.979652E+02    0.000000E+00    0.000000E+00    0.000000E+00   -5.877240E+00    3.503409E+02    4.097304E-01    0.000000E+00    0.000000E+00    0.000000E+00
3.080500E+00    7.540567E+01   -1.748135E+01   -1.254591E+02    0.000000E+00    0.000000E+00    0.000000E+00    1.425404E+01    1.963863E+02   -1.908789E+01    0.000000E+00    0.000000E+00    0.000000E+00
3.081500E+00    6.765114E+01   -3.423896E+01   -1.052053E+02    0.000000E+00    0.000000E+00    0.000000E+00    3.029763E+01    1.681595E+02   -3.570089E+01    0.000000E+00    0.000000E+00    0.000000E+00
3.082500E+00    7.462244E+01   -2.457391E+01   -8.176102E+01    0.000000E+00    0.000000E+00    0.000000E+00    2.157357E+01    1.507895E+02   -2.606852E+01    0.000000E+00    0.000000E+00    0.000000E+00
3.083500E+00    4.764804E+01   -3.918440E+00   -7.639208E+01    0.000000E+00    0.000000E+00    0.000000E+00    2.583788E+00    1.213997E+02   -4.871679E+00    0.000000E+00    0.000000E+00    0.000000E+00
3.084500E+00    7.250636E+01    2.194182E+01   -8.450596E+01    0.000000E+00    0.000000E+00    0.000000E+00   -2.113341E+01    1.521648E+02    2.124857E+01    0.000000E+00    0.000000E+00    0.000000E+00
3.085500E+00    4.693766E+01    2.645835E+01   -6.069994E+01    0.000000E+00    0.000000E+00    0.000000E+00   -2.523181E+01    1.048781E+02    2.602832E+01    0.000000E+00    0.000000E+00    0.000000E+00
3.086500E+00    7.089707E+01    2.026973E+01   -7.924601E+01    0.000000E+00    0.000000E+00    0.000000E+00   -1.974056E+01    1.453028E+02    1.950708E+01    0.000000E+00    0.000000E+00    0.000000E+00
3.087500E+00    1.054409E+02    5.675458E+01   -1.476797E+02    0.000000E+00    0.000000E+00    0.000000E+00   -5.446551E+01    2.467330E+02    5.569948E+01    0.000000E+00    0.000000E+00    0.000000E+00
3.088500E+00   -3.198366E+00   -5.824440E+01    1.739293E+01    0.000000E+00    0.000000E+00    0.000000E+00    5.512331E+01   -1.967759E+01   -5.804183E+01    0.000000E+00    0.000000E+00    0.000000E+00
3.089500E+00    1.031500E+02   -3.297489E+01   -1.030772E+02    0.000000E+00    0.000000E+00    0.000000E+00    2.991470E+01    1.998378E+02   -3.402438E+01    0.000000E+00    0.000000E+00    0.000000E+00
3.090500E+00    8.937417E+01   -6.849324E+01   -1.062411E+02    0.000000E+00    0.000000E+00    0.000000E+00    6.365355E+01    1.912771E+02   -6.884454E+01    0.000000E+00    0.000000E+00    0.000000E+00
3.091500E+00    3.124184E+01   -3.675063E+01   -2.968780E+01    0.000000E+00    0.000000E+00    0.000000E+00    3.405476E+01    5.972211E+01   -3.702782E+01    0.000000E+00    0.000000E+00    0.000000E+00
3.092500E+00    1.204233E+02    1.422952E+01   -1.476962E+02    0.000000E+00    0.000000E+00    0.000000E+00   -1.438531E+01    2.606148E+02    1.313084E+01    0.000000E+00    0.000000E+00    0.000000E+00
3.093500E+00    7.633956E+01   -2.853482E+00   -8.609123E+01    0.000000E+00    0.000000E+00    0.000000E+00    2.599781E+00    1.579404E+02   -2.957133E+00    0.000000E+00    0.000000E+00    0.000000E+00
3.094500E+00    1.609040E+02    2.349802E+00   -1.996782E+02    0.000000E+00    0.000000E+00    0.000000E+00   -3.267742E+00    3.502837E+02    1.492574E+00    0.000000E+00    0.000000E+00    0.000000E+00
3.095500E+00    9.081119E+01   -4.264429E+01   -1.120284E+02    0.000000E+00    0.000000E+00    0.000000E+00    3.900351E+01    1.972868E+02   -4.336875E+01    0.000000E+00    0.000000E+00    0.000000E+00
3.096500E+00    1.399853E+02   -9.319866E+00   -1.617069E+02    0.000000E+00    0.000000E+00    0.000000E+00    7.770658E+00    2.925337E+02   -1.027619E+01    0.000000E+00    0.000000E+00    0.000000E+00
3.097500E+00    1.480673E+02    2.106449E+01   -1.761541E+02    0.000000E+00    0.000000E+00    0.000000E+00   -2.007399E+01    3.144336E+02    2.070180E+01    0.000000E+00    0.000000E+00    0.000000E+00
3.098500E+00    1.487295E+02   -6.944986E+00   -2.065434E+02    0.000000E+00    0.000000E+00    0.000000E+00    6.015334E+00    3.454143E+02   -7.363403E+00    0.000000E+00    0.000000E+00    0.000000E+00
3.099500E+00    1.557425E+02    1.991445E+01   -1.982315E+02    0.000000E+00    0.000000E+00    0.000000E+00   -1.888580E+01    3.430096E+02    1.958808E+01    0.000000E+00    0.000000E+00    0.000000E+00
3.100500E+00    1.711350E+02    2.481851E+01   -2.093712E+02    0.000000E+00    0.000000E+00    0.000000E+00   -2.260064E+01    3.678486E+02    2.487022E+01    0.000000E+00    0.000000E+00    0.000000E+00
3.101500E+00    2.244956E+02   -5.219403E+00   -2.655078E+02    0.000000E+00    0.000000E+00    0.000000E+00    4.823080E+00    4.732688E+02   -5.623216E+00    0.000000E+00    0.000000E+00    0.000000E+00
3.102500E+00    1.172424E+02    5.973776E+00   -1.308405E+02    0.000000E+00    0.000000E+00    0.000000E+00   -5.374525E+00    2.395572E+02    5.787771E+00    0.000000E+00    0.000000E+00    0.000000E+00
3.103500E+00    1.530463E+02    1.548540E+01   -2.147778E+02    0.000000E+00    0.000000E+00    0.000000E+00   -1.346103E+01    3.571818E+02    1.573642E+01    0.000000E+00    0.000000E+00    0.000000E+00
3.104500E+00    1.460808E+02    7.375151E+00   -1.491585E+02    0.000000E+00    0.000000E+00    0.000000E+00   -6.625041E+00    2.841571E+02    7.233114E+00    0.000000E+00    0.000000E+00    0.000000E+00
3.105500E+00    8.241529E+01   -1.274888E+01   -1.125182E+02    0.000000E+00    0.000000E+00    0.000000E+00    1.241291E+01    1.895136E+02   -1.269039E+01    0.000000E+00    0.000000E+00    0.000000E+00
3.106500E+00    1.513740E+02   -5.217342E+01   -2.136503E+02    0.000000E+00    0.000000E+00    0.000000E+00    4.987836E+01    3.541159E+02   -5.156925E+01    0.000000E+00    0.000000E+00    0.000000E+00
3.107500E+00    5.601896E+01   -2.171634E+01   -9.058623E+01    0.000000E+00    0.000000E+00    0.000000E+00    2.096629E+01    1.438086E+02   -2.171197E+01    0.000000E+00    0.000000E+00    0.000000E+00
3.108500E+00    1.158957E+02   -4.304711E+01   -1.393074E+02    0.000000E+00    0.000000E+00    0.000000E+00    4.058527E+01    2.461212E+02   -4.282693E+01    0.000000E+00    0.000000E+00    0.000000E+00
3.109500E+00    7.250025E+01    2.059243E+01   -8.958532E+01    0.000000E+00    0.000000E+00    0.000000E+00   -1.841177E+01    1.572576E+02    2.107018E+01    0.000000E+00    0.000000E+00    0.000000E+00
3.110500E+00    5.570823E+01   -9.683236E+00   -7.029542E+01    0.000000E+00    0.000000E+00    0.000000E+00    9.770897E+00    1.222967E+02   -9.202962E+00    0.000000E+00    0.000000E+00    0.000000E+00
3.111500E+00    7.424553E+01   -3.867596E+01   -6.967862E+01    0.000000E+00    0.000000E+00    0.000000E+00    3.620820E+01    1.386373E+02   -3.856023E+01    0.000000E+00    0.000000E+00    0.000000E+00
3.112500E+00    5.959449E+01   -6.377543E+00   -6.484652E+01    0.000000E+00    0.000000E+00    0.000000E+00    6.173839E+00    1.208384E+02   -6.125834E+00    0.000000E+00    0.000000E+00    0.000000E+00
3.113500E+00    1.307108E+02    1.520000E+00   -1.546692E+02    0.000000E+00    0.000000E+00    0.000000E+00   -4.643263E-01    2.762615E+02    2.221697E+00    0.000000E+00    0.000000E+00    0.000000E+00
3.114500E+00    7.455745E+01    7.202079E+00   -1.074317E+02    0.000000E+00    0.000000E+00    0.000000E+00   -6.010346E+00    1.778725E+02    7.586987E+00    0.000000E+00    0.000000E+00    0.000000E+00
3.115500E+00    6.936368E+01   -9.128710E+00   -6.906753E+01    0.000000E+00    0.000000E+00    0.000000E+00    8.716367E+00    1.334727E+02   -8.951803E+00    0.000000E+00    0.000000E+00    0.000000E+00
3.116500E+00    5.345475E+01   -3.037904E+00   -6.016808E+01    0.000000E+00    0.000000E+00    0.000000E+00    3.242184E+00    1.107799E+02   -2.803528E+00    0.000000E+00    0.000000E+00    0.000000E+00
3.117500E+00    3.838084E+01   -1.348043E+01   -5.119301E+01    0.000000E+00    0.000000E+00    0.000000E+00    1.300385E+01    8.759618E+01   -1.300828E+01    0.000000E+00    0.000000E+00    0.000000E+00
3.118500E+00    4.369014E+01   -2.800429E+00   -6.705508E+01    0.000000E+00    0.000000E+00    0.000000E+00    3.517287E+00    1.092032E+02   -2.431377E+00    0.000000E+00    0.000000E+00    0.000000E+00
3.119500E+00    5.955071E+01    1.364857E+00   -4.880646E+01    0.000000E+00    0.000000E+00    0.000000E+00   -8.015987E-01    1.044620E+02    1.849542E+00    0.000000E+00    0.000000E+00    0.000000E+00
3.120500E+00    1.892117E+02    7.262234E+00   -2.137964E+02    0.000000E+00    0.000000E+00    0.000000E+00   -5.637650E+00    3.897566E+02    8.248707E+00    0.000000E+00    0.000000E+00    0.000000E+00
3.121500E+00    1.359353E+02    7.466700E+00   -1.687159E+02    0.000000E+00    0.000000E+00    0.000000E+00   -5.356916E+00    2.951202E+02    8.527957E+00    0.000000E+00    0.000000E+00    0.000000E+00
3.122500E+00    2.846043E+02    1.475273E+01   -3.461196E+02    0.000000E+00    0.000000E+00    0.000000E+00   -1.104266E+01    6.098657E+02    1.655397E+01    0.000000E+00    0.000000E+00    0.000000E+00
3.123500E+00    1.543515E+02   -1.435742E+01   -2.300031E+02    0.000000E+00    0.000000E+00    0.000000E+00    1.564529E+01    3.731099E+02   -1.311561E+01    0.000000E+00    0.000000E+00    0.000000E+00
3.124500E+00    2.420909E+02    9.560373E+00   -3.083933E+02    0.000000E+00    0.000000E+00    0.000000E+00   -5.643798E+00    5.321768E+02    1.169765E+01    0.000000E+00    0.000000E+00    0.000000E+00
3.125500E+00    1.973293E+02    1.160037E+00   -2.497107E+02    0.000000E+00    0.000000E+00    0.000000E+00    1.785993E+00    4.316841E+02    3.281478E+00    0.000000E+00    0.000000E+00    0.000000E+00
3.126500E+00    1.900653E+02    3.158769E+00   -2.370009E+02    0.000000E+00    0.000000E+00    0.000000E+00   -5.284426E-02    4.120502E+02    5.124539E+00    0.000000E+00    0.000000E+00    0.000000E+00
3.127500E+00    2.041712E+02   -7.323088E+00   -2.185407E+02    0.000000E+00    0.000000E+00    0.000000E+00    9.075586E+00    4.061951E+02   -5.477603E+00    0.000000E+00    0.000000E+00    0.000000E+00
3.128500E+00    1.941025E+02   -6.449109E+00   -2.777985E+02    0.000000E+00    0.000000E+00    0.000000E+00    9.848532E+00    4.568293E+02   -4.396835E+00    0.000000E+00    0.000000E+00    0.000000E+00
3.129500E+00    8.297352E+01   -1.372263E+01   -1.169604E+02    0.000000E+00    0.000000E+00    0.000000E+00    1.459784E+01    1.932612E+02   -1.290362E+01    0.000000E+00    0.000000E+00    0.000000E+00
3.130500E+00    1.279143E+02    7.574442E+00   -1.513214E+02    0.000000E+00    0.000000E+00    0.000000E+00   -5.113841E+00    2.693126E+02    8.921324E+00    0.000000E+00    0.000000E+00    0.000000E+00
3.131500E+00    4.721872E+01   -1.638012E+01   -8.091201E+01    0.000000E+00    0.000000E+00    0.000000E+00    1.627185E+01    1.241684E+02   -1.599629E+01    0.000000E+00    0.000000E+00    0.000000E+00
3.132500E+00    1.592628E+02    1.874630E+01   -1.726760E+02    0.000000E+00    0.000000E+00    0.000000E+00   -1.490548E+01    3.191783E+02    2.058296E+01    0.000000E+00    0.000000E+00    0.000000E+00
3.133500E+00    8.778211E+01   -3.969362E+00   -1.051112E+02    0.000000E+00    0.000000E+00    0.000000E+00    4.859790E+00    1.861623E+02   -3.121299E+00    0.000000E+00    0.000000E+00    0.000000E+00
3.134500E+00    9.361472E+01    7.965565E+00   -1.350563E+02    0.000000E+00    0.000000E+00    0.000000E+00   -5.251709E+00    2.215779E+02    9.203600E+00    0.000000E+00    0.000000E+00    0.000000E+00
3.135500E+00    8.922309E+01    6.990535E+01   -1.120258E+02    0.000000E+00    0.000000E+00    0.000000E+00   -6.329304E+01    1.946171E+02    7.088083E+01    0.000000E+00    0.000000E+00    0.000000E+00
3.136500E+00    7.346936E+01    2.409764E+01   -7.729271E+01    0.000000E+00    0.000000E+00    0.000000E+00   -2.086965E+01    1.454260E+02    2.531017E+01    0.000000E+00    0.000000E+00    0.000000E+00
3.137500E+00   -1.016452E+01    7.336907E+01   -9.430101E+00    0.000000E+00    0.000000E+00    0.000000E+00   -6.855835E+01    6.958284E-01    7.234487E+01    0.000000E+00    0.000000E+00    0.000000E+00
3.138500E+00    6.665158E+01    1.676321E+01   -8.959746E+01    0.000000E+00    0.000000E+00    0.000000E+00   -1.364980E+01    1.517669E+02    1.796849E+01    0.000000E+00    0.000000E+00    0.000000E+00
3.139500E+00    1.084579E+02    6.009097E+01   -1.426251E+02    0.000000E+00    0.000000E+00    0.000000E+00   -5.346472E+01    2.434705E+02    6.152125E+01    0.000000E+00    0.000000E+00    0.000000E+00
3.140500E+00    7.846293E+01    3.807444E+00   -8.039044E+01    0.000000E+00    0.000000E+00    0.000000E+00   -1.465607E+00    1.542084E+02    5.711385E+00    0.000000E+00    0.000000E+00    0.000000E+00
3.141500E+00    9.902522E+01    6.343800E+01   -1.557600E+02    0.000000E+00    0.000000E+00    0.000000E+00   -5.616502E+01    2.481137E+02    6.479535E+01    0.000000E+00    0.000000E+00    0.000000E+00
3.142500E+00    1.275011E+02    4.024762E+01   -1.595043E+02    0.000000E+00    0.000000E+00    0.000000E+00   -3.288043E+01    2.783567E+02    4.360138E+01    0.000000E+00    0.000000E+00    0.000000E+00
3.143500E+00    9.344767E+01    4.395391E+01   -1.323973E+02    0.000000E+00    0.000000E+00    0.000000E+00   -3.713833E+01    2.199909E+02    4.651087E+01    0.000000E+00    0.000000E+00    0.000000E+00
3.144500E+00    8.371255E+01   -2.936044E+01   -8.824403E+01    0.000000E+00    0.000000E+00    0.000000E+00    3.279925E+01    1.673385E+02   -2.482882E+01    0.000000E+00    0.000000E+00    0.000000E+00
3.145500E+00    1.381729E+02   -6.945450E+00   -1.828186E+02    0.000000E+00    0.000000E+00    0.000000E+00    1.324483E+01    3.142565E+02   -1.433799E+00    0.000000E+00    0.000000E+00    0.000000E+00
3.146500E+00    1.624793E+02    6.188504E+00   -2.097711E+02    0.000000E+00    0.000000E+00    0.000000E+00    2.729953E+00    3.622404E+02    1.224775E+01    0.000000E+00    0.000000E+00    0.000000E+00
3.147500E+00    1.310533E+02   -6.166419E+01   -1.473764E+02    0.000000E+00    0.000000E+00    0.000000E+00    6.467061E+01    2.696099E+02   -5.548999E+01    0.000000E+00    0.000000E+00    0.000000E+00
3.148500E+00    1.118550E+02   -8.438523E+01   -1.421469E+02    0.000000E+00    0.000000E+00    0.000000E+00    8.492339E+01    2.465325E+02   -7.929887E+01    0.000000E+00    0.000000E+00    0.000000E+00
3.149500E+00    1.542343E+02   -9.293545E+00   -2.099227E+02    0.000000E+00    0.000000E+00    0.000000E+00    1.621994E+01    3.526904E+02   -3.988631E+00    0.000000E+00    0.000000E+00    0.000000E+00
3.150500E+00    1.943252E+02   -2.876805E+01   -2.584312E+02    0.000000E+00    0.000000E+00    0.000000E+00    3.850340E+01    4.379582E+02   -1.993207E+01    0.000000E+00    0.000000E+00    0.000000E+00
3.151500E+00    1.806020E+02    3.352066E+01   -2.292035E+02    0.000000E+00    0.000000E+00    0.000000E+00   -2.210572E+01    3.953243E+02    4.061378E+01    0.000000E+00    0.000000E+00    0.000000E+00
3.152500E+00    1.278703E+02    2.261695E+01   -2.008082E+02    0.000000E+00    0.000000E+00    0.000000E+00   -1.166898E+01    3.195541E+02    2.851775E+01    0.000000E+00    0.000000E+00    0.000000E+00
3.153500E+00    1.300372E+02    2.534462E+01   -1.691166E+02    0.000000E+00    0.000000E+00    0.000000E+00   -1.571335E+01    2.882234E+02    3.112205E+01    0.000000E+00    0.000000E+00    0.000000E+00
3.154500E+00    1.318139E+02    2.981608E+01   -1.453093E+02    0.000000E+00    0.000000E+00    0.000000E+00   -2.006484E+01    2.664317E+02    3.632883E+01    0.000000E+00    0.000000E+00    0.000000E+00
3.155500E+00    1.711602E+02   -1.329195E+01   -2.640251E+02    0.000000E+00    0.000000E+00    0.000000E+00    2.676698E+01    4.225375E+02   -4.281412E+00    0.000000E+00    0.000000E+00    0.000000E+00
3.156500E+00    1.031737E+02    5.499046E+01   -9.529280E+01    0.000000E+00    0.000000E+00    0.000000E+00   -4.619404E+01    1.901988E+02    6.009281E+01    0.000000E+00    0.000000E+00    0.000000E+00
3.157500E+00    1.100527E+02   -1.036268E+01   -1.601330E+02    0.000000E+00    0.000000E+00    0.000000E+00    1.937456E+01    2.622349E+02   -3.848177E+00    0.000000E+00    0.000000E+00    0.000000E+00
3.158500E+00    9.226034E+01    5.445304E+01   -1.161860E+02    0.000000E+00    0.000000E+00    0.000000E+00   -4.363696E+01    2.014573E+02    5.972370E+01    0.000000E+00    0.000000E+00    0.000000E+00
3.159500E+00    8.562605E+01   -3.665702E+00   -1.018052E+02    0.000000E+00    0.000000E+00    0.000000E+00    1.046616E+01    1.810646E+02    2.229964E+00    0.000000E+00    0.000000E+00    0.000000E+00
3.160500E+00    6.604340E+01   -3.843796E+00   -9.959468E+01    0.000000E+00    0.000000E+00    0.000000E+00    9.909477E+00    1.609132E+02    2.511907E-01    0.000000E+00    0.000000E+00    0.000000E+00
3.161500E+00    6.741975E+01    6.622544E+01   -8.831521E+01    0.000000E+00    0.000000E+00    0.000000E+00   -5.468335E+01    1.511152E+02    7.135445E+01    0.000000E+00    0.000000E+00    0.000000E+00
3.162500E+00    8.782753E+01    1.266066E+01   -1.190615E+02    0.000000E+00    0.000000E+00    0.000000E+00   -3.209812E+00    2.011070E+02    1.884685E+01    0.000000E+00    0.000000E+00    0.000000E+00
3.163500E+00    1.086018E+02   -3.397436E+01   -1.282442E+02    0.000000E+00    0.000000E+00    0.000000E+00    4.226394E+01    2.291444E+02   -2.514936E+01    0.000000E+00    0.000000E+00    0.000000E+00
3.164500E+00    6.230038E+01   -5.568737E+00   -7.555664E+01    0.000000E+00    0.000000E+00    0.000000E+00    1.184502E+01    1.339435E+02   -2.391131E-01    0.000000E+00    0.000000E+00    0.000000E+00
3.165500E+00    8.101392E+01   -8.300920E+00   -1.049950E+02    0.000000E+00    0.000000E+00    0.000000E+00    1.645446E+01    1.806515E+02   -1.573249E+00    0.000000E+00    0.000000E+00    0.000000E+00
3.166500E+00    1.104243E+02    2.780498E+01   -1.322185E+02    0.000000E+00    0.000000E+00    0.000000E+00   -1.430999E+01    2.352790E+02    3.744889E+01    0.000000E+00    0.000000E+00    0.000000E+00
3.167500E+00    1.312236E+02    1.843851E+01   -1.483597E+02    0.000000E+00    0.000000E+00    0.000000E+00   -3.465278E+00    2.704404E+02    3.057456E+01    0.000000E+00    0.000000E+00    0.000000E+00
3.168500E+00    1.191480E+02   -2.610983E+01   -1.527821E+02    0.000000E+00    0.000000E+00    0.000000E+00    3.865556E+01    2.641685E+02   -1.502957E+01    0.000000E+00    0.000000E+00    0.000000E+00
3.169500E+00    1.367210E+02    3.199779E+01   -1.657581E+02    0.000000E+00    0.000000E+00    0.000000E+00   -1.386560E+01    2.932382E+02    4.503374E+01    0.000000E+00    0.000000E+00    0.000000E+00
3.170500E+00    1.501305E+02    2.084432E+01   -1.799093E+02    0.000000E+00    0.000000E+00    0.000000E+00   -1.551917E+00    3.197840E+02    3.576881E+01    0.000000E+00    0.000000E+00    0.000000E+00
3.171500E+00    1.299383E+02    1.467827E+01   -1.760905E+02    0.000000E+00    0.000000E+00    0.000000E+00    4.832241E+00    2.977664E+02    2.812301E+01    0.000000E+00    0.000000E+00    0.000000E+00
3.172500E+00    1.543991E+02    2.425116E+01   -1.842905E+02    0.000000E+00    0.000000E+00    0.000000E+00   -2.321115E+00    3.278803E+02    4.098495E+01    0.000000E+00    0.000000E+00    0.000000E+00
3.173500E+00    1.422725E+02    4.475180E+01   -1.878199E+02    0.000000E+00    0.000000E+00    0.000000E+00   -1.972827E+01    3.203611E+02    6.101095E+01    0.000000E+00    0.000000E+00    0.000000E+00
3.174500E+00    1.480688E+02    3.380841E+01   -1.857127E+02    0.000000E+00    0.000000E+00    0.000000E+00   -9.379683E+00    3.229597E+02    5.129918E+01    0.000000E+00    0.000000E+00    0.000000E+00
3.175500E+00    1.464928E+02    1.743112E+01   -1.954077E+02    0.000000E+00    0.000000E+00    0.000000E+00    7.603744E+00    3.310748E+02    3.516272E+01    0.000000E+00    0.000000E+00    0.000000E+00
3.176500E+00    1.387131E+02    3.534509E+01   -1.621492E+02    0.000000E+00    0.000000E+00    0.000000E+00   -1.224252E+01    2.902242E+02    5.262503E+01    0.000000E+00    0.000000E+00    0.000000E+00
3.177500E+00    1.338773E+02    4.258628E+01   -1.827483E+02    0.000000E+00    0.000000E+00    0.000000E+00   -1.550412E+01    3.067646E+02    5.983157E+01    0.000000E+00    0.000000E+00    0.000000E+00
3.178500E+00    1.306895E+02    4.347469E+01   -1.601858E+02    0.000000E+00    0.000000E+00    0.000000E+00   -1.855341E+01    2.807759E+02    6.084750E+01    0.000000E+00    0.000000E+00    0.000000E+00
3.179500E+00    1.352195E+02    2.516933E+00   -1.724487E+02    0.000000E+00    0.000000E+00    0.000000E+00    2.331057E+01    2.968591E+02    2.222184E+01    0.000000E+00    0.000000E+00    0.000000E+00
3.180500E+00    1.307251E+02   -2.013867E+01   -1.504679E+02    0.000000E+00    0.000000E+00    0.000000E+00    4.200234E+01    2.705664E+02   -4.074319E-01    0.000000E+00    0.000000E+00    0.000000E+00
3.181500E+00    1.495964E+02   -3.538879E+01   -1.961931E+02    0.000000E+00    0.000000E+00    0.000000E+00    6.290784E+01    3.342765E+02   -1.243370E+01    0.000000E+00    0.000000E+00    0.000000E+00
3.182500E+00    1.149352E+02   -2.027470E+01   -1.505505E+02    0.000000E+00    0.000000E+00    0.000000E+00    4.341283E+01    2.567656E+02   -1.434682E+00    0.000000E+00    0.000000E+00    0.000000E+00
3.183500E+00    1.583561E+02   -6.644352E+01   -1.907895E+02    0.000000E+00    0.000000E+00    0.000000E+00    9.340288E+01    3.366633E+02   -3.989727E+01    0.000000E+00    0.000000E+00    0.000000E+00
3.184500E+00    1.373006E+02   -7.648263E+01   -1.802742E+02    0.000000E+00    0.000000E+00    0.000000E+00    1.001322E+02    3.069907E+02   -5.382264E+01    0.000000E+00    0.000000E+00    0.000000E+00
3.185500E+00    1.284953E+02   -6.671340E+01   -1.585664E+02    0.000000E+00    0.000000E+00    0.000000E+00    8.948347E+01    2.770343E+02   -4.407328E+01    0.000000E+00    0.000000E+00    0.000000E+00
3.186500E+00    1.000800E+02   -2.714322E+01   -1.255962E+02    0.000000E+00    0.000000E+00    0.000000E+00    4.689536E+01    2.183675E+02   -9.650813E+00    0.000000E+00    0.000000E+00    0.000000E+00
3.187500E+00    1.080955E+02   -3.712880E+01   -1.394929E+02    0.000000E+00    0.000000E+00    0.000000E+00    5.994553E+01    2.392323E+02   -1.701118E+01    0.000000E+00    0.000000E+00    0.000000E+00
3.188500E+00    9.863725E+01    3.353717E+01   -9.653241E+01    0.000000E+00    0.000000E+00    0.000000E+00   -1.441280E+01    1.880881E+02    5.092653E+01    0.000000E+00    0.000000E+00    0.000000E+00
3.189500E+00    1.046112E+02    2.522798E+01   -1.380712E+02    0.000000E+00    0.000000E+00    0.000000E+00    1.731096E+00    2.350351E+02    4.437062E+01    0.000000E+00    0.000000E+00    0.000000E+00
3.190500E+00    9.972600E+01   -3.980444E+00   -1.115028E+02    0.000000E+00    0.000000E+00    0.000000E+00    2.593314E+01    2.034213E+02    1.595634E+01    0.000000E+00    0.000000E+00    0.000000E+00
3.191500E+00    1.088621E+02   -8.436502E+00   -1.324048E+02    0.000000E+00    0.000000E+00    0.000000E+00    3.341539E+01    2.330466E+02    1.286663E+01    0.000000E+00    0.000000E+00    0.000000E+00
3.192500E+00    1.306706E+02   -1.358762E+01   -1.588487E+02    0.000000E+00    0.000000E+00    0.000000E+00    4.521206E+01    2.791263E+02    1.349472E+01    0.000000E+00    0.000000E+00    0.000000E+00
3.193500E+00    1.185886E+02   -3.058336E+01   -1.533482E+02    0.000000E+00    0.000000E+00    0.000000E+00    6.021608E+01    2.627263E+02   -5.665742E+00    0.000000E+00    0.000000E+00    0.000000E+00
3.194500E+00    1.098656E+02   -6.210412E+01   -1.440826E+02    0.000000E+00    0.000000E+00    0.000000E+00    9.042820E+01    2.445720E+02   -3.665403E+01    0.000000E+00    0.000000E+00    0.000000E+00
3.195500E+00    1.143257E+02    4.072232E+01   -1.411019E+02    0.000000E+00    0.000000E+00    0.000000E+00   -8.293975E+00    2.467550E+02    6.427803E+01    0.000000E+00    0.000000E+00    0.000000E+00
3.196500E+00    1.333280E+02    3.254068E+01   -1.685427E+02    0.000000E+00    0.000000E+00    0.000000E+00    7.598753E+00    2.912041E+02    6.211735E+01    0.000000E+00    0.000000E+00    0.000000E+00
3.197500E+00    1.379274E+02   -2.004643E+01   -1.735040E+02    0.000000E+00    0.000000E+00    0.000000E+00    5.939959E+01    2.996286E+02    1.243644E+01    0.000000E+00    0.000000E+00    0.000000E+00
3.198500E+00    1.285463E+02   -3.102911E+01   -1.828613E+02    0.000000E+00    0.000000E+00    0.000000E+00    7.322190E+01    2.999969E+02    3.273619E-01    0.000000E+00    0.000000E+00    0.000000E+00
3.199500E+00    1.121741E+02   -3.234424E+01   -1.466250E+02    0.000000E+00    0.000000E+00    0.000000E+00    6.572879E+01    2.487158E+02   -4.824595E+00    0.000000E+00    0.000000E+00    0.000000E+00
3.200500E+00    1.343988E+02   -2.519624E+00   -1.932811E+02    0.000000E+00    0.000000E+00    0.000000E+00    4.923168E+01    3.157822E+02    2.995376E+01    0.000000E+00    0.000000E+00    0.000000E+00
3.201500E+00    1.331309E+02   -5.232411E+01   -1.860102E+02    0.000000E+00    0.000000E+00    0.000000E+00    9.559465E+01    3.065614E+02   -1.798212E+01    0.000000E+00    0.000000E+00    0.000000E+00
3.202500E+00    1.477245E+02   -4.664381E+01   -2.075454E+02    0.000000E+00    0.000000E+00    0.000000E+00    9.731323E+01    3.410473E+02   -7.693387E+00    0.000000E+00    0.000000E+00    0.000000E+00
3.203500E+00    1.203622E+02   -7.148926E+01   -1.649324E+02    0.000000E+00    0.000000E+00    0.000000E+00    1.114339E+02    2.729093E+02   -3.772950E+01    0.000000E+00    0.000000E+00    0.000000E+00
3.204500E+00    1.054293E+02   -7.535944E+01   -1.587999E+02    0.000000E+00    0.000000E+00    0.000000E+00    1.151819E+02    2.527953E+02   -4.420549E+01    0.000000E+00    0.000000E+00    0.000000E+00
3.205500E+00    1.330640E+02   -8.325902E+00   -1.598719E+02    0.000000E+00    0.000000E+00    0.000000E+00    5.145104E+01    2.798649E+02    2.779071E+01    0.000000E+00    0.000000E+00    0.000000E+00
3.206500E+00    1.242483E+02   -3.859797E+01   -1.643911E+02    0.000000E+00    0.000000E+00    0.000000E+00    8.117314E+01    2.765974E+02   -3.567360E+00    0.000000E+00    0.000000E+00    0.000000E+00
3.207500E+00    1.346290E+02   -7.086855E+01   -1.789177E+02    0.000000E+00    0.000000E+00    0.000000E+00    1.170238E+02    2.996840E+02   -3.106792E+01    0.000000E+00    0.000000E+00    0.000000E+00
3.208500E+00    1.355008E+02   -3.664832E+01   -1.707386E+02    0.000000E+00    0.000000E+00    0.000000E+00    8.146011E+01    2.931335E+02    1.763740E+00    0.000000E+00    0.000000E+00    0.000000E+00
3.209500E+00    1.172671E+02   -7.916075E+01   -1.718111E+02    0.000000E+00    0.000000E+00    0.000000E+00    1.245087E+02    2.765493E+02   -4.249424E+01    0.000000E+00    0.000000E+00    0.000000E+00
3.210500E+00    1.230574E+02   -5.201990E+01   -1.731646E+02    0.000000E+00    0.000000E+00    0.000000E+00    9.779844E+01    2.835704E+02   -1.555716E+01    0.000000E+00    0.000000E+00    0.000000E+00
3.211500E+00    1.148360E+02   -1.277392E+01   -1.277980E+02    0.000000E+00    0.000000E+00    0.000000E+00    5.004370E+01    2.312718E+02    2.214405E+01    0.000000E+00    0.000000E+00    0.000000E+00
3.212500E+00    1.392524E+02   -2.971447E+01   -1.964350E+02    0.000000E+00    0.000000E+00    0.000000E+00    8.747813E+01    3.208212E+02    1.360740E+01    0.000000E+00    0.000000E+00    0.000000E+00
3.213500E+00    1.184073E+02   -5.411191E+00   -1.311240E+02    0.000000E+00    0.000000E+00    0.000000E+00    4.620739E+01    2.374110E+02    3.184820E+01    0.000000E+00    0.000000E+00    0.000000E+00
3.214500E+00    1.001059E+02   -4.921940E+01   -1.444994E+02    0.000000E+00    0.000000E+00    0.000000E+00    9.110335E+01    2.333384E+02   -1.629254E+01    0.000000E+00    0.000000E+00    0.000000E+00
3.215500E+00    1.074074E+02   -3.843790E+01   -1.341413E+02    0.000000E+00    0.000000E+00    0.000000E+00    7.910709E+01    2.297161E+02   -2.596751E+00    0.000000E+00    0.000000E+00    0.000000E+00
3.216500E+00    1.075830E+02   -8.613208E+00   -1.371144E+02    0.000000E+00    0.000000E+00    0.000000E+00    5.249895E+01    2.332643E+02    2.633738E+01    0.000000E+00    0.000000E+00    0.000000E+00
3.217500E+00    1.150776E+02   -7.051781E+01   -1.578477E+02    0.000000E+00    0.000000E+00    0.000000E+00    1.186227E+02    2.591472E+02   -2.950959E+01    0.000000E+00    0.000000E+00    0.000000E+00
3.218500E+00    1.147594E+02    1.150725E+01   -1.348694E+02    0.000000E+00    0.000000E+00    0.000000E+00    3.450461E+01    2.373248E+02    4.915449E+01    0.000000E+00    0.000000E+00    0.000000E+00
3.219500E+00    9.254989E+01   -3.397041E+01   -1.082899E+02    0.000000E+00    0.000000E+00    0.000000E+00    6.836282E+01    1.902816E+02   -1.347557E+00    0.000000E+00    0.000000E+00    0.000000E+00
3.220500E+00    8.985188E+01   -3.211699E+01   -1.333007E+02    0.000000E+00    0.000000E+00    0.000000E+00    7.594089E+01    2.121698E+02   -1.726452E-01    0.000000E+00    0.000000E+00    0.000000E+00
3.221500E+00    1.193321E+02    9.953851E+00   -1.403743E+02    0.000000E+00    0.000000E+00    0.000000E+00    4.023720E+01    2.457875E+02    5.123879E+01    0.000000E+00    0.000000E+00    0.000000E+00
3.222500E+00    1.082960E+02   -3.080646E+01   -1.329939E+02    0.000000E+00    0.000000E+00    0.000000E+00    7.651596E+01    2.280406E+02    9.314371E+00    0.000000E+00    0.000000E+00    0.000000E+00
3.223500E+00    1.093581E+02   -1.805037E+01   -1.512877E+02    0.000000E+00    0.000000E+00    0.000000E+00    7.160294E+01    2.467399E+02    2.211467E+01    0.000000E+00    0.000000E+00    0.000000E+00
3.224500E+00    1.299999E+02    8.793796E+00   -1.473157E+02    0.000000E+00    0.000000E+00    0.000000E+00    4.585558E+01    2.616757E+02    5.560890E+01    0.000000E+00    0.000000E+00    0.000000E+00
3.225500E+00    1.235296E+02   -3.023023E+00   -1.701749E+02    0.000000E+00    0.000000E+00    0.000000E+00    6.727533E+01    2.784511E+02    4.320726E+01    0.000000E+00    0.000000E+00    0.000000E+00
3.226500E+00    1.664476E+02   -3.795695E+00   -2.074454E+02    0.000000E+00    0.000000E+00    0.000000E+00    8.146220E+01    3.518756E+02    5.847482E+01    0.000000E+00    0.000000E+00    0.000000E+00
3.227500E+00    1.372858E+02    7.785682E-01   -1.594983E+02    0.000000E+00    0.000000E+00    0.000000E+00    6.098679E+01    2.791803E+02    5.322418E+01    0.000000E+00    0.000000E+00    0.000000E+00
3.228500E+00    1.484407E+02    1.588096E+01   -1.705208E+02    0.000000E+00    0.000000E+00    0.000000E+00    5.191303E+01    2.994610E+02    7.240537E+01    0.000000E+00    0.000000E+00    0.000000E+00
3.229500E+00    1.415181E+02   -3.420309E+01   -1.827579E+02    0.000000E+00    0.000000E+00    0.000000E+00    1.058310E+02    3.033419E+02    2.453932E+01    0.000000E+00    0.000000E+00    0.000000E+00
3.230500E+00    1.674421E+02    1.968334E+01   -1.919126E+02    0.000000E+00    0.000000E+00    0.000000E+00    5.907333E+01    3.362371E+02    8.532673E+01    0.000000E+00    0.000000E+00    0.000000E+00
3.231500E+00    1.622933E+02    7.763129E+00   -1.711026E+02    0.000000E+00    0.000000E+00    0.000000E+00    6.308296E+01    3.108705E+02    7.384974E+01    0.000000E+00    0.000000E+00    0.000000E+00
3.232500E+00    1.351631E+02   -2.534320E+00   -1.717953E+02    0.000000E+00    0.000000E+00    0.000000E+00    7.295514E+01    2.867753E+02    5.329345E+01    0.000000E+00    0.000000E+00    0.000000E+00
3.233500E+00    1.315517E+02   -2.987278E+01   -1.593228E+02    0.000000E+00    0.000000E+00    0.000000E+00    9.611931E+01    2.700987E+02    2.836876E+01    0.000000E+00    0.000000E+00    0.000000E+00
3.234500E+00    1.257704E+02   -3.442673E+01   -1.792259E+02    0.000000E+00    0.000000E+00    0.000000E+00    1.081389E+02    2.837865E+02    2.106439E+01    0.000000E+00    0.000000E+00    0.000000E+00
3.235500E+00    1.390392E+02   -1.712635E+01   -1.577810E+02    0.000000E+00    0.000000E+00    0.000000E+00    8.506856E+01    2.750668E+02    4.494621E+01    0.000000E+00    0.000000E+00    0.000000E+00
3.236500E+00    1.077873E+02   -4.212677E+01   -1.514936E+02    0.000000E+00    0.000000E+00    0.000000E+00    1.073348E+02    2.400222E+02    9.584035E+00    0.000000E+00    0.000000E+00    0.000000E+00
3.237500E+00    1.496833E+02   -1.718083E+01   -1.711269E+02    0.000000E+00    0.000000E+00    0.000000E+00    9.234550E+01    2.969212E+02    5.091246E+01    0.000000E+00    0.000000E+00    0.000000E+00
3.238500E+00    1.196708E+02   -2.660192E+01   -1.444614E+02    0.000000E+00    0.000000E+00    0.000000E+00    9.078117E+01    2.441734E+02    3.027568E+01    0.000000E+00    0.000000E+00    0.000000E+00
3.239500E+00    8.410032E+01   -8.101287E+01   -1.479213E+02    0.000000E+00    0.000000E+00    0.000000E+00    1.461461E+02    2.128035E+02   -3.386586E+01    0.000000E+00    0.000000E+00    0.000000E+00
3.240500E+00    1.410882E+02    6.817100E+00   -1.353455E+02    0.000000E+00    0.000000E+00    0.000000E+00    5.661219E+01    2.553522E+02    7.152629E+01    0.000000E+00    0.000000E+00    0.000000E+00
3.241500E+00    7.222003E+01   -1.063597E+02   -1.463446E+02    0.000000E+00    0.000000E+00    0.000000E+00    1.710009E+02    1.994720E+02   -6.055057E+01    0.000000E+00    0.000000E+00    0.000000E+00
3.242500E+00    6.243912E+01   -9.446379E+01   -1.406487E+02    0.000000E+00    0.000000E+00    0.000000E+00    1.556220E+02    1.858088E+02   -5.607615E+01    0.000000E+00    0.000000E+00    0.000000E+00
3.243500E+00    6.566342E+01   -1.199496E+02   -1.278365E+02    0.000000E+00    0.000000E+00    0.000000E+00    1.760490E+02    1.749185E+02   -7.487477E+01    0.000000E+00    0.000000E+00    0.000000E+00
3.244500E+00    8.285859E+01   -7.774355E+01   -1.433777E+02    0.000000E+00    0.000000E+00    0.000000E+00    1.432643E+02    2.060436E+02   -2.959344E+01    0.000000E+00    0.000000E+00    0.000000E+00
3.245500E+00    1.473738E+02    1.893905E+01   -1.407022E+02    0.000000E+00    0.000000E+00    0.000000E+00    5.192439E+01    2.641007E+02    8.973262E+01    0.000000E+00    0.000000E+00    0.000000E+00
3.246500E+00    2.137128E+01   -8.781959E+01   -9.526385E+01    0.000000E+00    0.000000E+00    0.000000E+00    1.302767E+02    1.054122E+02   -6.780637E+01    0.000000E+00    0.000000E+00    0.000000E+00
3.247500E+00    1.155638E+02   -2.979355E+01   -1.187742E+02    0.000000E+00    0.000000E+00    0.000000E+00    8.746744E+01    2.135458E+02    3.132508E+01    0.000000E+00    0.000000E+00    0.000000E+00
3.248500E+00    9.036839E+01   -6.726830E+01   -1.572169E+02    0.000000E+00    0.000000E+00    0.000000E+00    1.439007E+02    2.240334E+02   -1.344826E+01    0.000000E+00    0.000000E+00    0.000000E+00
3.249500E+00    1.333946E+02   -4.312439E+01   -1.633274E+02    0.000000E+00    0.000000E+00    0.000000E+00    1.256472E+02    2.680795E+02    3.129440E+01    0.000000E+00    0.000000E+00    0.000000E+00
3.250500E+00    1.430782E+02   -3.353013E+01   -1.843198E+02    0.000000E+00    0.000000E+00    0.000000E+00    1.287906E+02    2.955196E+02    4.582391E+01    0.000000E+00    0.000000E+00    0.000000E+00
3.251500E+00    1.463355E+02   -2.151023E+01   -1.824224E+02    0.000000E+00    0.000000E+00    0.000000E+00    1.184994E+02    2.957635E+02    5.946860E+01    0.000000E+00    0.000000E+00    0.000000E+00
3.252500E+00    1.445317E+02   -5.353788E+01   -1.837201E+02    0.000000E+00    0.000000E+00    0.000000E+00    1.502993E+02    2.940293E+02    3.177389E+01    0.000000E+00    0.000000E+00    0.000000E+00
3.253500E+00    1.351858E+02   -5.999287E+01   -1.728535E+02    0.000000E+00    0.000000E+00    0.000000E+00    1.514090E+02    2.751774E+02    2.210274E+01    0.000000E+00    0.000000E+00    0.000000E+00
3.254500E+00    1.336138E+02   -7.046655E+01   -2.019606E+02    0.000000E+00    0.000000E+00    0.000000E+00    1.785210E+02    2.983968E+02    1.327847E+01    0.000000E+00    0.000000E+00    0.000000E+00
3.255500E+00    1.178140E+02   -9.489050E+01   -1.925052E+02    0.000000E+00    0.000000E+00    0.000000E+00    1.980687E+02    2.740586E+02   -1.464616E+01    0.000000E+00    0.000000E+00    0.000000E+00
3.256500E+00    1.115479E+02   -1.068797E+02   -1.732022E+02    0.000000E+00    0.000000E+00    0.000000E+00    1.981237E+02    2.511933E+02   -2.824462E+01    0.000000E+00    0.000000E+00    0.000000E+00
3.257500E+00    1.089529E+02   -9.009808E+01   -1.825990E+02    0.000000E+00    0.000000E+00    0.000000E+00    1.899710E+02    2.562393E+02   -1.360858E+01    0.000000E+00    0.000000E+00    0.000000E+00
3.258500E+00    8.511623E+01   -1.303990E+02   -1.862875E+02    0.000000E+00    0.000000E+00    0.000000E+00    2.303854E+02    2.362055E+02   -6.076814E+01    0.000000E+00    0.000000E+00    0.000000E+00
3.259500E+00    1.247044E+02   -4.919899E+01   -1.592369E+02    0.000000E+00    0.000000E+00    0.000000E+00    1.390748E+02    2.501609E+02    3.137202E+01    0.000000E+00    0.000000E+00    0.000000E+00
3.260500E+00    9.377607E+01   -1.081651E+02   -1.628074E+02    0.000000E+00    0.000000E+00    0.000000E+00    1.961077E+02    2.237898E+02   -3.590745E+01    0.000000E+00    0.000000E+00    0.000000E+00
3.261500E+00    8.567265E+01   -6.833798E+01   -1.404735E+02    0.000000E+00    0.000000E+00    0.000000E+00    1.478238E+02    1.968653E+02   -6.084618E+00    0.000000E+00    0.000000E+00    0.000000E+00
3.262500E+00    7.153371E+01   -8.795467E+01   -1.382742E+02    0.000000E+00    0.000000E+00    0.000000E+00    1.644112E+02    1.818082E+02   -3.078613E+01    0.000000E+00    0.000000E+00    0.000000E+00
3.263500E+00    1.022101E+02   -8.354280E+01   -1.708998E+02    0.000000E+00    0.000000E+00    0.000000E+00    1.816404E+02    2.363159E+02   -7.348495E+00    0.000000E+00    0.000000E+00    0.000000E+00
3.264500E+00    1.068168E+02   -9.000721E+01   -1.644740E+02    0.000000E+00    0.000000E+00    0.000000E+00    1.832035E+02    2.353857E+02   -9.932934E+00    0.000000E+00    0.000000E+00    0.000000E+00
3.265500E+00    3.521495E+01   -1.424471E+02   -1.479469E+02    0.000000E+00    0.000000E+00    0.000000E+00    2.250541E+02    1.530110E+02   -9.456473E+01    0.000000E+00    0.000000E+00    0.000000E+00
3.266500E+00    9.162630E+01   -6.687426E+01   -1.405528E+02    0.000000E+00    0.000000E+00    0.000000E+00    1.498486E+02    2.001002E+02    1.539728E+00    0.000000E+00    0.000000E+00    0.000000E+00
3.267500E+00    9.688922E+01   -2.810974E+01   -1.158296E+02    0.000000E+00    0.000000E+00    0.000000E+00    9.825250E+01    1.852367E+02    3.689985E+01    0.000000E+00    0.000000E+00    0.000000E+00
3.268500E+00    8.827111E+01   -6.635805E+01   -1.358413E+02    0.000000E+00    0.000000E+00    0.000000E+00    1.487396E+02    1.914212E+02    2.581721E+00    0.000000E+00    0.000000E+00    0.000000E+00
3.269500E+00    4.599341E+01   -1.098247E+02   -1.347346E+02    0.000000E+00    0.000000E+00    0.000000E+00    1.880335E+02    1.509351E+02   -5.955882E+01    0.000000E+00    0.000000E+00    0.000000E+00
3.270500E+00    6.144736E+01   -1.004938E+02   -1.231628E+02    0.000000E+00    0.000000E+00    0.000000E+00    1.724365E+02    1.558420E+02   -4.174106E+01    0.000000E+00    0.000000E+00    0.000000E+00
3.271500E+00    1.771410E+01   -9.650736E+01   -8.923488E+01    0.000000E+00    0.000000E+00    0.000000E+00    1.479210E+02    8.772197E+01   -6.573962E+01    0.000000E+00    0.000000E+00    0.000000E+00
3.272500E+00    9.238566E+01   -8.551988E+01   -1.554120E+02    0.000000E+00    0.000000E+00    0.000000E+00    1.802374E+02    2.092094E+02   -8.706417E+00    0.000000E+00    0.000000E+00    0.000000E+00
3.273500E+00    1.244015E+02   -2.811639E+01   -1.335380E+02    0.000000E+00    0.000000E+00    0.000000E+00    1.127128E+02    2.224026E+02    5.774787E+01    0.000000E+00    0.000000E+00    0.000000E+00
3.274500E+00    7.111023E+01   -9.521418E+01   -1.474587E+02    0.000000E+00    0.000000E+00    0.000000E+00    1.867912E+02    1.809111E+02   -2.761502E+01    0.000000E+00    0.000000E+00    0.000000E+00
3.275500E+00    4.858823E+01   -1.146037E+02   -1.471732E+02    0.000000E+00    0.000000E+00    0.000000E+00    2.036536E+02    1.600678E+02   -5.843817E+01    0.000000E+00    0.000000E+00    0.000000E+00
3.276500E+00    8.194613E+01   -9.888386E+01   -1.482220E+02    0.000000E+00    0.000000E+00    0.000000E+00    1.907959E+02    1.908573E+02   -2.292151E+01    0.000000E+00    0.000000E+00    0.000000E+00
3.277500E+00    1.289464E+02   -4.421475E+01   -1.578545E+02    0.000000E+00    0.000000E+00    0.000000E+00    1.454352E+02    2.434505E+02    5.025919E+01    0.000000E+00    0.000000E+00    0.000000E+00
3.278500E+00    9.419582E+01   -8.259290E+01   -1.578738E+02    0.000000E+00    0.000000E+00    0.000000E+00    1.836193E+02    2.087186E+02   -7.082370E-02    0.000000E+00    0.000000E+00    0.000000E+00
3.279500E+00    8.361748E+01   -9.383540E+01   -1.543972E+02    0.000000E+00    0.000000E+00    0.000000E+00    1.906237E+02    1.969578E+02   -1.699526E+01    0.000000E+00    0.000000E+00    0.000000E+00
3.280500E+00    8.916217E+01   -1.126736E+02   -1.669462E+02    0.000000E+00    0.000000E+00    0.000000E+00    2.181147E+02    2.100862E+02   -2.591799E+01    0.000000E+00    0.000000E+00    0.000000E+00
3.281500E+00    5.960967E+01   -8.991111E+01   -1.523561E+02    0.000000E+00    0.000000E+00    0.000000E+00    1.886471E+02    1.706340E+02   -2.739829E+01    0.000000E+00    0.000000E+00    0.000000E+00
3.282500E+00    9.598040E+01   -1.137766E+02   -1.816037E+02    0.000000E+00    0.000000E+00    0.000000E+00    2.294529E+02    2.268853E+02   -2.140305E+01    0.000000E+00    0.000000E+00    0.000000E+00
3.283500E+00    8.743077E+01   -9.647185E+01   -1.675064E+02    0.000000E+00    0.000000E+00    0.000000E+00    2.050506E+02    2.074688E+02   -1.284877E+01    0.000000E+00    0.000000E+00    0.000000E+00
3.284500E+00    7.660314E+01   -6.307887E+01   -1.250695E+02    0.000000E+00    0.000000E+00    0.000000E+00    1.445820E+02    1.655298E+02    4.664247E+00    0.000000E+00    0.000000E+00    0.000000E+00
3.285500E+00    1.167191E+02   -6.587330E+01   -1.549104E+02    0.000000E+00    0.000000E+00    0.000000E+00    1.677782E+02    2.252320E+02    3.058126E+01    0.000000E+00    0.000000E+00    0.000000E+00
3.286500E+00    8.117144E+01   -6.566625E+01   -1.340916E+02    0.000000E+00    0.000000E+00    0.000000E+00    1.544487E+02    1.754355E+02    7.256237E+00    0.000000E+00    0.000000E+00    0.000000E+00
3.287500E+00    6.553927E+01   -2.553439E+01   -7.432564E+01    0.000000E+00    0.000000E+00    0.000000E+00    7.582698E+01    1.165395E+02    2.652424E+01    0.000000E+00    0.000000E+00    0.000000E+00
3.288500E+00    6.800446E+01   -1.313167E+02   -1.823551E+02    0.000000E+00    0.000000E+00    0.000000E+00    2.507701E+02    1.969181E+02   -4.895330E+01    0.000000E+00    0.000000E+00    0.000000E+00
3.289500E+00    6.196735E+01   -5.399648E+01   -1.079205E+02    0.000000E+00    0.000000E+00    0.000000E+00    1.267360E+02    1.369664E+02    3.700563E+00    0.000000E+00    0.000000E+00    0.000000E+00
3.290500E+00    9.332113E+01   -1.000051E+02   -1.660037E+02    0.000000E+00    0.000000E+00    0.000000E+00    2.105714E+02    2.079490E+02   -7.326823E+00    0.000000E+00    0.000000E+00    0.000000E+00
3.291500E+00    6.076942E+01   -8.602103E+01   -1.247297E+02    0.000000E+00    0.000000E+00    0.000000E+00    1.685520E+02    1.473948E+02   -2.006949E+01    0.000000E+00    0.000000E+00    0.000000E+00
3.292500E+00    1.097315E+02   -8.189244E+01   -1.575334E+02    0.000000E+00    0.000000E+00    0.000000E+00    1.881765E+02    2.168712E+02    1.803648E+01    0.000000E+00    0.000000E+00    0.000000E+00
3.293500E+00    9.119760E+01   -8.306819E+01   -1.528585E+02    0.000000E+00    0.000000E+00    0.000000E+00    1.875902E+02    1.943969E+02    5.759546E+00    0.000000E+00    0.000000E+00    0.000000E+00
3.294500E+00    9.280210E+01   -8.030175E+01   -1.497852E+02    0.000000E+00    0.000000E+00    0.000000E+00    1.825418E+02    1.940389E+02    8.510757E+00    0.000000E+00    0.000000E+00    0.000000E+00
3.295500E+00    9.990180E+01   -8.553796E+01   -1.361033E+02    0.000000E+00    0.000000E+00    0.000000E+00    1.774441E+02    1.902327E+02    1.046550E+01    0.000000E+00    0.000000E+00    0.000000E+00
3.296500E+00    3.031345E+01   -1.337338E+02   -1.683913E+02    0.000000E+00    0.000000E+00    0.000000E+00    2.484976E+02    1.462246E+02   -7.208190E+01    0.000000E+00    0.000000E+00    0.000000E+00
3.297500E+00    8.058912E+01   -9.062561E+01   -1.408949E+02    0.000000E+00    0.000000E+00    0.000000E+00    1.861624E+02    1.751464E+02   -6.728436E+00    0.000000E+00    0.000000E+00    0.000000E+00
3.298500E+00    8.681706E+01   -7.216981E+01   -1.369826E+02    0.000000E+00    0.000000E+00    0.000000E+00    1.671695E+02    1.775716E+02    1.207875E+01    0.000000E+00    0.000000E+00    0.000000E+00
3.299500E+00    1.151117E+02   -5.670978E+01   -1.388643E+02    0.000000E+00    0.000000E+00    0.000000E+00    1.544776E+02    2.041941E+02    4.416159E+01    0.000000E+00    0.000000E+00    0.000000E+00
3.300500E+00    8.978072E+01   -6.190235E+01   -1.342933E+02    0.000000E+00    0.000000E+00    0.000000E+00    1.560912E+02    1.777645E+02    2.191890E+01    0.000000E+00    0.000000E+00    0.000000E+00
3.301500E+00    1.092695E+02   -6.207690E+01   -1.280055E+02    0.000000E+00    0.000000E+00    0.000000E+00    1.523590E+02    1.902357E+02    3.721578E+01    0.000000E+00    0.000000E+00    0.000000E+00
3.302500E+00    3.710540E+01   -9.288480E+01   -1.316934E+02    0.000000E+00    0.000000E+00    0.000000E+00    1.848815E+02    1.247098E+02   -3.656090E+01    0.000000E+00    0.000000E+00    0.000000E+00
3.303500E+00    7.404899E+01   -6.718416E+01   -1.067837E+02    0.000000E+00    0.000000E+00    0.000000E+00    1.413118E+02    1.428421E+02    7.626079E+00    0.000000E+00    0.000000E+00    0.000000E+00
3.304500E+00    4.773352E+01   -8.310072E+01   -1.194151E+02    0.000000E+00    0.000000E+00    0.000000E+00    1.669733E+02    1.254866E+02   -2.127703E+01    0.000000E+00    0.000000E+00    0.000000E+00
3.305500E+00    1.007194E+02   -7.160850E+01   -1.397486E+02    0.000000E+00    0.000000E+00    0.000000E+00    1.705972E+02    1.893303E+02    2.552215E+01    0.000000E+00    0.000000E+00    0.000000E+00
3.306500E+00    7.288963E+01   -7.848494E+01   -1.512246E+02    0.000000E+00    0.000000E+00    0.000000E+00    1.877262E+02    1.690190E+02    2.279384E+00    0.000000E+00    0.000000E+00    0.000000E+00
3.307500E+00    8.945202E+01   -8.342105E+01   -1.444614E+02    0.000000E+00    0.000000E+00    0.000000E+00    1.854582E+02    1.810663E+02    9.933651E+00    0.000000E+00    0.000000E+00    0.000000E+00
3.308500E+00    8.605752E+01   -6.738006E+01   -1.300306E+02    0.000000E+00    0.000000E+00    0.000000E+00    1.612139E+02    1.669763E+02    1.966814E+01    0.000000E+00    0.000000E+00    0.000000E+00
3.309500E+00    9.888480E+01   -6.033938E+01   -1.334540E+02    0.000000E+00    0.000000E+00    0.000000E+00    1.570484E+02    1.810709E+02    3.413344E+01    0.000000E+00    0.000000E+00    0.000000E+00
3.310500E+00    7.025521E+01   -1.000446E+02   -1.482489E+02    0.000000E+00    0.000000E+00    0.000000E+00    2.054186E+02    1.637138E+02   -1.343112E+01    0.000000E+00    0.000000E+00    0.000000E+00
3.311500E+00    9.274724E+01   -8.930113E+01   -1.573181E+02    0.000000E+00    0.000000E+00    0.000000E+00    2.029456E+02    1.895939E+02    1.158154E+01    0.000000E+00    0.000000E+00    0.000000E+00
3.312500E+00    1.868419E+02   -2.098704E+01   -1.371219E+02    0.000000E+00    0.000000E+00    0.000000E+00    1.234427E+02    2.656062E+02    1.273538E+02    0.000000E+00    0.000000E+00    0.000000E+00
3.313500E+00    8.245740E+01   -9.575644E+01   -1.496499E+02    0.000000E+00    0.000000E+00    0.000000E+00    2.048399E+02    1.724640E+02    1.934719E+00    0.000000E+00    0.000000E+00    0.000000E+00
3.314500E+00    1.242702E+02   -6.880048E+01   -1.476747E+02    0.000000E+00    0.000000E+00    0.000000E+00    1.777746E+02    2.114250E+02    5.068345E+01    0.000000E+00    0.000000E+00    0.000000E+00
3.315500E+00    8.151591E+01   -8.724147E+01   -1.521301E+02    0.000000E+00    0.000000E+00    0.000000E+00    1.994602E+02    1.724840E+02    7.531222E+00    0.000000E+00    0.000000E+00    0.000000E+00
3.316500E+00    1.014852E+02   -8.343379E+01   -1.484039E+02    0.000000E+00    0.000000E+00    0.000000E+00    1.928912E+02    1.885774E+02    2.551858E+01    0.000000E+00    0.000000E+00    0.000000E+00
3.317500E+00    7.833994E+01   -8.135842E+01   -1.390852E+02    0.000000E+00    0.000000E+00    0.000000E+00    1.849539E+02    1.593114E+02    1.015883E+01    0.000000E+00    0.000000E+00    0.000000E+00
3.318500E+00    6.109228E+01   -9.505515E+01   -1.440482E+02    0.000000E+00    0.000000E+00    0.000000E+00    2.015939E+02    1.462692E+02   -1.166967E+01    0.000000E+00    0.000000E+00    0.000000E+00
3.319500E+00    4.254838E+01   -1.092385E+02   -1.404921E+02    0.000000E+00    0.000000E+00    0.000000E+00    2.121153E+02    1.264513E+02   -3.472611E+01    0.000000E+00    0.000000E+00    0.000000E+00
3.320500E+00    5.250222E+01   -7.767145E+01   -1.256069E+02    0.000000E+00    0.000000E+00    0.000000E+00    1.712612E+02    1.267973E+02   -7.167826E+00    0.000000E+00    0.000000E+00    0.000000E+00
3.321500E+00    7.126635E+01   -8.206690E+01   -1.495182E+02    0.000000E+00    0.000000E+00    0.000000E+00    1.961995E+02    1.590366E+02    5.511024E+00    0.000000E+00    0.000000E+00    0.000000E+00
3.322500E+00    1.137372E+02   -6.903990E+01   -1.500845E+02    0.000000E+00    0.000000E+00    0.000000E+00    1.827174E+02    1.984433E+02    4.676047E+01    0.000000E+00    0.000000E+00    0.000000E+00
3.323500E+00    2.693287E+01   -1.131094E+02   -1.439021E+02    0.000000E+00    0.000000E+00    0.000000E+00    2.203218E+02    1.112252E+02   -4.665446E+01    0.000000E+00    0.000000E+00    0.000000E+00
3.324500E+00    9.227195E+01   -7.231684E+01   -1.354317E+02    0.000000E+00    0.000000E+00    0.000000E+00    1.752417E+02    1.672939E+02    2.937093E+01    0.000000E+00    0.000000E+00    0.000000E+00
3.325500E+00    4.024955E+01   -9.805466E+01   -1.498774E+02    0.000000E+00    0.000000E+00    0.000000E+00    2.114287E+02    1.266706E+02   -2.662734E+01    0.000000E+00    0.000000E+00    0.000000E+00
3.326500E+00    1.196217E+02   -7.287480E+01   -1.589189E+02    0.000000E+00    0.000000E+00    0.000000E+00    1.951005E+02    2.051987E+02    5.241335E+01    0.000000E+00    0.000000E+00    0.000000E+00
3.327500E+00    5.390691E+01   -1.185973E+02   -1.586442E+02    0.000000E+00    0.000000E+00    0.000000E+00    2.377656E+02    1.430004E+02   -2.677537E+01    0.000000E+00    0.000000E+00    0.000000E+00
3.328500E+00    8.870596E+01   -8.309998E+01   -1.482975E+02    0.000000E+00    0.000000E+00    0.000000E+00    1.962084E+02    1.697096E+02    2.191365E+01    0.000000E+00    0.000000E+00    0.000000E+00
3.329500E+00    4.510827E+01   -1.540236E+02   -2.010918E+02    0.000000E+00    0.000000E+00    0.000000E+00    3.055523E+02    1.574992E+02   -5.321975E+01    0.000000E+00    0.000000E+00    0.000000E+00
3.330500E+00    4.756066E+01   -7.720268E+01   -1.193429E+02    0.000000E+00    0.000000E+00    0.000000E+00    1.683794E+02    1.130452E+02   -6.585266E+00    0.000000E+00    0.000000E+00    0.000000E+00
3.331500E+00    8.350803E+01   -7.698537E+01   -1.343777E+02    0.000000E+00    0.000000E+00    0.000000E+00    1.807316E+02    1.544428E+02    2.333751E+01    0.000000E+00    0.000000E+00    0.000000E+00
3.332500E+00    6.300255E+01   -6.428228E+01   -1.030899E+02    0.000000E+00    0.000000E+00    0.000000E+00    1.433327E+02    1.174950E+02    1.425528E+01    0.000000E+00    0.000000E+00    0.000000E+00
3.333500E+00    7.261166E+01   -8.629404E+01   -1.407074E+02    0.000000E+00    0.000000E+00    0.000000E+00    1.951744E+02    1.465903E+02    1.047117E+01    0.000000E+00    0.000000E+00    0.000000E+00
3.334500E+00    3.279452E+01   -8.994993E+01   -1.161712E+02    0.000000E+00    0.000000E+00    0.000000E+00    1.784263E+02    9.571773E+01   -2.429565E+01    0.000000E+00    0.000000E+00    0.000000E+00
3.335500E+00    1.113965E+02   -5.883111E+01   -1.244803E+02    0.000000E+00    0.000000E+00    0.000000E+00    1.561264E+02    1.737426E+02    5.797195E+01    0.000000E+00    0.000000E+00    0.000000E+00
3.336500E+00    5.899533E+01   -8.240346E+01   -1.214181E+02    0.000000E+00    0.000000E+00    0.000000E+00    1.769455E+02    1.213706E+02    3.293683E+00    0.000000E+00    0.000000E+00    0.000000E+00
3.337500E+00    8.145471E+01   -7.761270E+01   -1.168569E+02    0.000000E+00    0.000000E+00    0.000000E+00    1.680184E+02    1.397067E+02    2.403949E+01    0.000000E+00    0.000000E+00    0.000000E+00
3.338500E+00    1.034720E+02   -7.652580E+01   -1.500341E+02    0.000000E+00    0.000000E+00    0.000000E+00    1.956544E+02    1.774193E+02    4.419082E+01    0.000000E+00    0.000000E+00    0.000000E+00
3.339500E+00    6.132992E+01   -9.408803E+01   -1.332578E+02    0.000000E+00    0.000000E+00    0.000000E+00    1.980555E+02    1.279719E+02    3.510522E-01    0.000000E+00    0.000000E+00    0.000000E+00
3.340500E+00    1.544639E+02   -7.769277E+01   -1.771786E+02    0.000000E+00    0.000000E+00    0.000000E+00    2.193109E+02    2.380604E+02    8.674604E+01    0.000000E+00    0.000000E+00    0.000000E+00
3.341500E+00    5.307721E+01   -1.173484E+02   -1.507230E+02    0.000000E+00    0.000000E+00    0.000000E+00    2.345380E+02    1.285469E+02   -1.812792E+01    0.000000E+00    0.000000E+00    0.000000E+00
3.342500E+00    1.422667E+02   -8.745972E+01   -1.814803E+02    0.000000E+00    0.000000E+00    0.000000E+00    2.328901E+02    2.274911E+02    7.266495E+01    0.000000E+00    0.000000E+00    0.000000E+00
3.343500E+00    4.344277E+01   -1.050110E+02   -1.380754E+02    0.000000E+00    0.000000E+00    0.000000E+00    2.140756E+02    1.099535E+02   -1.711068E+01    0.000000E+00    0.000000E+00    0.000000E+00
3.344500E+00    1.084032E+02   -6.039733E+01   -1.215051E+02    0.000000E+00    0.000000E+00    0.000000E+00    1.577163E+02    1.637967E+02    5.908666E+01    0.000000E+00    0.000000E+00    0.000000E+00
3.345500E+00    8.503808E+01   -7.991544E+01   -1.217634E+02    0.000000E+00    0.000000E+00    0.000000E+00    1.765575E+02    1.403729E+02    3.097553E+01    0.000000E+00    0.000000E+00    0.000000E+00
3.346500E+00    7.637208E+01   -8.424221E+01   -1.482796E+02    0.000000E+00    0.000000E+00    0.000000E+00    2.037576E+02    1.458310E+02    2.176806E+01    0.000000E+00    0.000000E+00    0.000000E+00
3.347500E+00    7.923103E+01   -1.111794E+02   -1.566963E+02    0.000000E+00    0.000000E+00    0.000000E+00    2.359292E+02    1.508512E+02    1.163084E+01    0.000000E+00    0.000000E+00    0.000000E+00
3.348500E+00    6.367100E+01   -9.563279E+01   -1.394516E+02    0.000000E+00    0.000000E+00    0.000000E+00    2.067711E+02    1.283970E+02    6.038875E+00    0.000000E+00    0.000000E+00    0.000000E+00
3.349500E+00    4.135116E+01   -9.169304E+01   -1.258661E+02    0.000000E+00    0.000000E+00    0.000000E+00    1.922221E+02    9.961515E+01   -9.973341E+00    0.000000E+00    0.000000E+00    0.000000E+00
3.350500E+00    1.079167E+02   -7.498366E+01   -1.396750E+02    0.000000E+00    0.000000E+00    0.000000E+00    1.886605E+02    1.677126E+02    5.546342E+01    0.000000E+00    0.000000E+00    0.000000E+00
3.351500E+00    3.889597E+01   -1.152004E+02   -1.432671E+02    0.000000E+00    0.000000E+00    0.000000E+00    2.294766E+02    1.038302E+02   -2.175543E+01    0.000000E+00    0.000000E+00    0.000000E+00
3.352500E+00    8.895125E+01   -9.769504E+01   -1.587938E+02    0.000000E+00    0.000000E+00    0.000000E+00    2.265082E+02    1.584077E+02    2.917960E+01    0.000000E+00    0.000000E+00    0.000000E+00
3.353500E+00    1.083638E+02   -8.256439E+01   -1.468601E+02    0.000000E+00    0.000000E+00    0.000000E+00    2.030206E+02    1.686872E+02    5.477549E+01    0.000000E+00    0.000000E+00    0.000000E+00
3.354500E+00    1.117636E+02   -8.717916E+01   -1.360546E+02    0.000000E+00    0.000000E+00    0.000000E+00    1.978934E+02    1.659334E+02    5.615337E+01    0.000000E+00    0.000000E+00    0.000000E+00
3.355500E+00    4.158526E+01   -9.922524E+01   -1.558786E+02    0.000000E+00    0.000000E+00    0.000000E+00    2.274156E+02    1.095159E+02   -9.512332E+00    0.000000E+00    0.000000E+00    0.000000E+00
3.356500E+00    1.070849E+02   -1.003274E+02   -1.528026E+02    0.000000E+00    0.000000E+00    0.000000E+00    2.253126E+02    1.675717E+02    4.751923E+01    0.000000E+00    0.000000E+00    0.000000E+00
3.357500E+00    1.514104E+02   -7.294467E+01   -1.565066E+02    0.000000E+00    0.000000E+00    0.000000E+00    2.040505E+02    2.093229E+02    9.960521E+01    0.000000E+00    0.000000E+00    0.000000E+00
3.358500E+00    7.036692E+01   -1.008638E+02   -1.484593E+02    0.000000E+00    0.000000E+00    0.000000E+00    2.236570E+02    1.281008E+02    1.837482E+01    0.000000E+00    0.000000E+00    0.000000E+00
3.359500E+00    6.583479E+01   -1.048055E+02   -1.496824E+02    0.000000E+00    0.000000E+00    0.000000E+00    2.282983E+02    1.244849E+02    1.262393E+01    0.000000E+00    0.000000E+00    0.000000E+00
3.360500E+00    1.543488E+02   -7.561797E+01   -1.481299E+02    0.000000E+00    0.000000E+00    0.000000E+00    1.999466E+02    2.054960E+02    1.036910E+02    0.000000E+00    0.000000E+00    0.000000E+00
3.361500E+00    5.653329E+01   -1.206635E+02   -1.558541E+02    0.000000E+00    0.000000E+00    0.000000E+00    2.488711E+02    1.164721E+02   -1.830341E-01    0.000000E+00    0.000000E+00    0.000000E+00
3.362500E+00    4.969363E+01   -1.073440E+02   -1.649557E+02    0.000000E+00    0.000000E+00    0.000000E+00    2.452701E+02    1.135417E+02   -5.517855E-01    0.000000E+00    0.000000E+00    0.000000E+00
3.363500E+00    6.941298E+01   -1.102318E+02   -1.441986E+02    0.000000E+00    0.000000E+00    0.000000E+00    2.290430E+02    1.225024E+02    1.628114E+01    0.000000E+00    0.000000E+00    0.000000E+00
3.364500E+00    5.090245E+01   -1.029898E+02   -1.535019E+02    0.000000E+00    0.000000E+00    0.000000E+00    2.320426E+02    1.069756E+02    4.536522E+00    0.000000E+00    0.000000E+00    0.000000E+00
3.365500E+00    2.858862E+01   -1.170737E+02   -1.618080E+02    0.000000E+00    0.000000E+00    0.000000E+00    2.523868E+02    8.915387E+01   -2.056163E+01    0.000000E+00    0.000000E+00    0.000000E+00
3.366500E+00    2.771592E+01   -1.301932E+02   -1.577308E+02    0.000000E+00    0.000000E+00    0.000000E+00    2.601706E+02    8.739113E+01   -2.683657E+01    0.000000E+00    0.000000E+00    0.000000E+00
3.367500E+00    2.660570E+01   -1.218016E+02   -1.569879E+02    0.000000E+00    0.000000E+00    0.000000E+00    2.521658E+02    8.490116E+01   -2.349096E+01    0.000000E+00    0.000000E+00    0.000000E+00
3.368500E+00    6.166598E-01   -1.228780E+02   -1.592798E+02    0.000000E+00    0.000000E+00    0.000000E+00    2.560705E+02    6.004167E+01   -4.610454E+01    0.000000E+00    0.000000E+00    0.000000E+00
3.369500E+00    8.280428E+01   -1.116234E+02   -1.600046E+02    0.000000E+00    0.000000E+00    0.000000E+00    2.459528E+02    1.362157E+02    3.213977E+01    0.000000E+00    0.000000E+00    0.000000E+00
3.370500E+00   -4.599315E+01   -1.294211E+02   -1.631081E+02    0.000000E+00    0.000000E+00    0.000000E+00    2.668588E+02    1.525767E+01   -8.802413E+01    0.000000E+00    0.000000E+00    0.000000E+00
3.371500E+00    6.324377E+01   -1.120282E+02   -1.559950E+02    0.000000E+00    0.000000E+00    0.000000E+00    2.430204E+02    1.153724E+02    1.536880E+01    0.000000E+00    0.000000E+00    0.000000E+00
3.372500E+00    3.965003E+01   -1.028080E+02   -1.513857E+02    0.000000E+00    0.000000E+00    0.000000E+00    2.317977E+02    8.920776E+01   -1.748461E-01    0.000000E+00    0.000000E+00    0.000000E+00
3.373500E+00    1.137645E+02   -9.315219E+01   -1.427772E+02    0.000000E+00    0.000000E+00    0.000000E+00    2.143751E+02    1.549418E+02    7.011647E+01    0.000000E+00    0.000000E+00    0.000000E+00
3.374500E+00    2.573619E+01   -1.118946E+02   -1.556968E+02    0.000000E+00    0.000000E+00    0.000000E+00    2.448034E+02    7.649588E+01   -1.477126E+01    0.000000E+00    0.000000E+00    0.000000E+00
3.375500E+00    8.836347E+01   -9.457529E+01   -1.335291E+02    0.000000E+00    0.000000E+00    0.000000E+00    2.076201E+02    1.265183E+02    4.779550E+01    0.000000E+00    0.000000E+00    0.000000E+00
3.376500E+00    7.856415E-01   -9.722685E+01   -1.534796E+02    0.000000E+00    0.000000E+00    0.000000E+00    2.326066E+02    4.977017E+01   -3.038253E+01    0.000000E+00    0.000000E+00    0.000000E+00
3.377500E+00   -5.324713E+00   -1.327515E+02   -1.585858E+02    0.000000E+00    0.000000E+00    0.000000E+00    2.661587E+02    4.616331E+01   -4.851343E+01    0.000000E+00    0.000000E+00    0.000000E+00
3.378500E+00   -5.931695E+00   -1.159294E+02   -1.405325E+02    0.000000E+00    0.000000E+00    0.000000E+00    2.355441E+02    3.811588E+01   -4.207459E+01    0.000000E+00    0.000000E+00    0.000000E+00
3.379500E+00    2.742049E+01   -1.152178E+02   -1.539203E+02    0.000000E+00    0.000000E+00    0.000000E+00    2.466853E+02    7.353979E+01   -1.153236E+01    0.000000E+00    0.000000E+00    0.000000E+00
3.380500E+00    5.879367E+01   -1.168800E+02   -1.764602E+02    0.000000E+00    0.000000E+00    0.000000E+00    2.695792E+02    1.072000E+02    1.846096E+01    0.000000E+00    0.000000E+00    0.000000E+00
3.381500E+00    4.132571E+01   -1.600121E+02   -1.968413E+02    0.000000E+00    0.000000E+00    0.000000E+00    3.261918E+02    9.842953E+01   -1.159620E+01    0.000000E+00    0.000000E+00    0.000000E+00
3.382500E+00    1.100731E+01   -1.206231E+02   -1.691991E+02    0.000000E+00    0.000000E+00    0.000000E+00    2.663901E+02    6.008819E+01   -2.592898E+01    0.000000E+00    0.000000E+00    0.000000E+00
3.383500E+00   -6.644266E+00   -9.355754E+01   -1.132954E+02    0.000000E+00    0.000000E+00    0.000000E+00    1.894467E+02    2.787319E+01   -3.473279E+01    0.000000E+00    0.000000E+00    0.000000E+00
3.384500E+00    3.455541E+01   -1.015797E+02   -1.442624E+02    0.000000E+00    0.000000E+00    0.000000E+00    2.259328E+02    7.292806E+01    2.608061E+00    0.000000E+00    0.000000E+00    0.000000E+00
3.385500E+00    4.575790E+01   -1.134915E+02   -1.572637E+02    0.000000E+00    0.000000E+00    0.000000E+00    2.489951E+02    8.631470E+01    9.828003E+00    0.000000E+00    0.000000E+00    0.000000E+00
3.386500E+00    3.891139E+01   -7.366582E+01   -1.134252E+02    0.000000E+00    0.000000E+00    0.000000E+00    1.722047E+02    6.844030E+01    1.467388E+01    0.000000E+00    0.000000E+00    0.000000E+00
3.387500E+00    8.601181E+01   -9.163110E+01   -1.374199E+02    0.000000E+00    0.000000E+00    0.000000E+00    2.111460E+02    1.159887E+02    5.491051E+01    0.000000E+00    0.000000E+00    0.000000E+00
3.388500E+00    8.902158E+01   -9.471807E+01   -1.391099E+02    0.000000E+00    0.000000E+00    0.000000E+00    2.155576E+02    1.182873E+02    5.742413E+01    0.000000E+00    0.000000E+00    0.000000E+00
3.389500E+00    2.918864E+01   -9.542609E+01   -1.295928E+02    0.000000E+00    0.000000E+00    0.000000E+00    2.079657E+02    6.012622E+01    2.293338E+00    0.000000E+00    0.000000E+00    0.000000E+00
3.390500E+00    1.718645E+01   -1.191675E+02   -1.598057E+02    0.000000E+00    0.000000E+00    0.000000E+00    2.574778E+02    5.700085E+01   -1.555587E+01    0.000000E+00    0.000000E+00    0.000000E+00
3.391500E+00    5.420674E+01   -1.042402E+02   -1.492259E+02    0.000000E+00    0.000000E+00    0.000000E+00    2.342838E+02    8.756766E+01    2.361109E+01    0.000000E+00    0.000000E+00    0.000000E+00
3.392500E+00    6.035587E+01   -1.188527E+02   -1.539754E+02    0.000000E+00    0.000000E+00    0.000000E+00    2.519590E+02    9.276500E+01    2.690881E+01    0.000000E+00    0.000000E+00    0.000000E+00
3.393500E+00   -1.054347E+00   -1.229774E+02   -1.641201E+02    0.000000E+00    0.000000E+00    0.000000E+00    2.657921E+02    3.894162E+01   -3.138529E+01    0.000000E+00    0.000000E+00    0.000000E+00
3.394500E+00   -2.820712E+01   -1.252501E+02   -1.497928E+02    0.000000E+00    0.000000E+00    0.000000E+00    2.547275E+02    9.011539E+00   -5.649887E+01    0.000000E+00    0.000000E+00    0.000000E+00
3.395500E+00    1.773228E+01   -1.074144E+02   -1.469665E+02    0.000000E+00    0.000000E+00    0.000000E+00    2.358847E+02    5.013604E+01   -8.875709E+00    0.000000E+00    0.000000E+00    0.000000E+00
3.396500E+00    7.044463E+01   -1.102734E+02   -1.527428E+02    0.000000E+00    0.000000E+00    0.000000E+00    2.432554E+02    9.966428E+01    4.053005E+01    0.000000E+00    0.000000E+00    0.000000E+00
3.397500E+00    8.481552E+01   -1.120762E+02   -1.614112E+02    0.000000E+00    0.000000E+00    0.000000E+00    2.537998E+02    1.133319E+02    5.483698E+01    0.000000E+00    0.000000E+00    0.000000E+00
3.398500E+00    3.150661E+00   -1.263432E+02   -1.578578E+02    0.000000E+00    0.000000E+00    0.000000E+00    2.634246E+02    3.692494E+01   -2.490101E+01    0.000000E+00    0.000000E+00    0.000000E+00
3.399500E+00    1.048709E+02   -1.004158E+02   -1.464856E+02    0.000000E+00    0.000000E+00    0.000000E+00    2.289338E+02    1.282045E+02    7.631025E+01    0.000000E+00    0.000000E+00    0.000000E+00
3.400500E+00   -3.961359E+00   -1.036724E+02   -1.406146E+02    0.000000E+00    0.000000E+00    0.000000E+00    2.275978E+02    2.387487E+01   -2.443410E+01    0.000000E+00    0.000000E+00    0.000000E+00
3.401500E+00   -8.695201E+00   -1.387671E+02   -1.627795E+02    0.000000E+00    0.000000E+00    0.000000E+00    2.798571E+02    2.528099E+01   -3.749750E+01    0.000000E+00    0.000000E+00    0.000000E+00
3.402500E+00   -2.710219E+01   -1.061517E+02   -1.343821E+02    0.000000E+00    0.000000E+00    0.000000E+00    2.243454E+02    6.723266E-01   -4.654969E+01    0.000000E+00    0.000000E+00    0.000000E+00
3.403500E+00    2.088993E+01   -1.004205E+02   -1.412746E+02    0.000000E+00    0.000000E+00    0.000000E+00    2.252517E+02    4.703032E+01   -5.231796E-01    0.000000E+00    0.000000E+00    0.000000E+00
3.404500E+00    1.121424E+02   -8.666315E+01   -1.387019E+02    0.000000E+00    0.000000E+00    0.000000E+00    2.101499E+02    1.291392E+02    8.955824E+01    0.000000E+00    0.000000E+00    0.000000E+00
3.405500E+00    1.592220E+01   -1.001984E+02   -1.166592E+02    0.000000E+00    0.000000E+00    0.000000E+00    2.014249E+02    3.645563E+01   -3.923635E+00    0.000000E+00    0.000000E+00    0.000000E+00
3.406500E+00   -1.632840E+01   -9.954013E+01   -1.191589E+02    0.000000E+00    0.000000E+00    0.000000E+00    2.038027E+02    7.052861E+00   -3.437682E+01    0.000000E+00    0.000000E+00    0.000000E+00
3.407500E+00   -2.077994E+01   -1.241658E+02   -1.642226E+02    0.000000E+00    0.000000E+00    0.000000E+00    2.693020E+02    8.792138E+00   -4.163577E+01    0.000000E+00    0.000000E+00    0.000000E+00
3.408500E+00   -7.293374E+00   -1.029392E+02   -1.177762E+02    0.000000E+00    0.000000E+00    0.000000E+00    2.052701E+02    1.410102E+01   -2.552665E+01    0.000000E+00    0.000000E+00    0.000000E+00
3.409500E+00   -5.887628E+00   -1.099955E+02   -1.409130E+02    0.000000E+00    0.000000E+00    0.000000E+00    2.342319E+02    1.816614E+01   -2.442808E+01    0.000000E+00    0.000000E+00    0.000000E+00
3.410500E+00   -3.878494E+00   -9.551313E+01   -1.204855E+02    0.000000E+00    0.000000E+00    0.000000E+00    2.014507E+02    1.691938E+01   -2.027050E+01    0.000000E+00    0.000000E+00    0.000000E+00
3.411500E+00    2.089996E+01   -1.136389E+02   -1.554889E+02    0.000000E+00    0.000000E+00    0.000000E+00    2.515983E+02    4.371728E+01    1.429335E+00    0.000000E+00    0.000000E+00    0.000000E+00
3.412500E+00    6.247131E+01   -1.288778E+02   -1.769310E+02    0.000000E+00    0.000000E+00    0.000000E+00    2.853808E+02    8.524704E+01    3.856759E+01    0.000000E+00    0.000000E+00    0.000000E+00
3.413500E+00    1.417139E+01   -1.282222E+02   -1.634207E+02    0.000000E+00    0.000000E+00    0.000000E+00    2.721583E+02    3.775217E+01   -6.375836E+00    0.000000E+00    0.000000E+00    0.000000E+00
3.414500E+00    5.057847E+01   -1.216918E+02   -1.677135E+02    0.000000E+00    0.000000E+00    0.000000E+00    2.703639E+02    7.171209E+01    2.944379E+01    0.000000E+00    0.000000E+00    0.000000E+00
3.415500E+00    5.057230E+01   -1.244894E+02   -1.606359E+02    0.000000E+00    0.000000E+00    0.000000E+00    2.662669E+02    6.907123E+01    3.025363E+01    0.000000E+00    0.000000E+00    0.000000E+00
3.416500E+00    5.439398E+01   -1.233832E+02   -1.735739E+02    0.000000E+00    0.000000E+00    0.000000E+00    2.779260E+02    7.404776E+01    3.451297E+01    0.000000E+00    0.000000E+00    0.000000E+00
3.417500E+00    7.269657E+01   -1.272947E+02   -1.477610E+02    0.000000E+00    0.000000E+00    0.000000E+00    2.563877E+02    8.603795E+01    5.239496E+01    0.000000E+00    0.000000E+00    0.000000E+00
3.418500E+00    4.560280E+01   -7.196762E+01   -1.337027E+02    0.000000E+00    0.000000E+00    0.000000E+00    1.946132E+02    5.836825E+01    3.471667E+01    0.000000E+00    0.000000E+00    0.000000E+00
3.419500E+00    4.748600E+01   -1.305515E+02   -1.460889E+02    0.000000E+00    0.000000E+00    0.000000E+00    2.580285E+02    6.068003E+01    2.929808E+01    0.000000E+00    0.000000E+00    0.000000E+00
3.420500E+00    5.802952E+01   -1.075337E+02   -1.459081E+02    0.000000E+00    0.000000E+00    0.000000E+00    2.378853E+02    6.984410E+01    4.281182E+01    0.000000E+00    0.000000E+00    0.000000E+00
3.421500E+00    6.288129E+01   -1.072678E+02   -1.624604E+02    0.000000E+00    0.000000E+00    0.000000E+00    2.536873E+02    7.483084E+01    4.839751E+01    0.000000E+00    0.000000E+00    0.000000E+00
3.422500E+00    4.734734E+01   -1.249369E+02   -1.405966E+02    0.000000E+00    0.000000E+00    0.000000E+00    2.482271E+02    5.760874E+01    3.199100E+01    0.000000E+00    0.000000E+00    0.000000E+00
3.423500E+00    2.615868E+01   -1.105680E+02   -1.632519E+02    0.000000E+00    0.000000E+00    0.000000E+00    2.580314E+02    3.883056E+01    1.428543E+01    0.000000E+00    0.000000E+00    0.000000E+00
3.424500E+00   -2.463834E+01   -1.036123E+02   -1.338482E+02    0.000000E+00    0.000000E+00    0.000000E+00    2.230876E+02   -1.050734E+01   -3.370124E+01    0.000000E+00    0.000000E+00    0.000000E+00
3.425500E+00   -3.459718E+01   -1.122533E+02   -1.386378E+02    0.000000E+00    0.000000E+00    0.000000E+00    2.354002E+02   -1.985234E+01   -4.363305E+01    0.000000E+00    0.000000E+00    0.000000E+00
3.426500E+00    2.039412E+01   -1.011722E+02   -1.381633E+02    0.000000E+00    0.000000E+00    0.000000E+00    2.250007E+02    3.042601E+01    1.033926E+01    0.000000E+00    0.000000E+00    0.000000E+00
3.427500E+00   -3.181945E+01   -9.571230E+01   -1.383411E+02    0.000000E+00    0.000000E+00    0.000000E+00    2.204313E+02   -1.652000E+01   -3.959425E+01    0.000000E+00    0.000000E+00    0.000000E+00
3.428500E+00   -5.828423E+00   -1.030090E+02   -1.101708E+02    0.000000E+00    0.000000E+00    0.000000E+00    1.989459E+02    4.439765E+00   -1.500383E+01    0.000000E+00    0.000000E+00    0.000000E+00
3.429500E+00    4.372667E+01   -6.288233E+01   -8.799924E+01    0.000000E+00    0.000000E+00    0.000000E+00    1.421209E+02    4.753889E+01    3.638762E+01    0.000000E+00    0.000000E+00    0.000000E+00
3.430500E+00    6.968243E+01   -1.194375E+02   -1.612737E+02    0.000000E+00    0.000000E+00    0.000000E+00    2.636411E+02    7.507243E+01    5.827353E+01    0.000000E+00    0.000000E+00    0.000000E+00
3.431500E+00    5.304792E+01   -9.584964E+01   -1.433838E+02    0.000000E+00    0.000000E+00    0.000000E+00    2.256303E+02    5.819296E+01    4.425360E+01    0.000000E+00    0.000000E+00    0.000000E+00
3.432500E+00    6.818109E+00   -1.171930E+02   -1.418634E+02    0.000000E+00    0.000000E+00    0.000000E+00    2.429046E+02    1.483026E+01   -1.167041E+00    0.000000E+00    0.000000E+00    0.000000E+00
3.433500E+00    1.972317E+01   -1.085269E+02   -1.457951E+02    0.000000E+00    0.000000E+00    0.000000E+00    2.397202E+02    2.592727E+01    1.254984E+01    0.000000E+00    0.000000E+00    0.000000E+00
3.434500E+00    5.794403E+01   -1.311571E+02   -1.814175E+02    0.000000E+00    0.000000E+00    0.000000E+00    2.943742E+02    6.142427E+01    4.929565E+01    0.000000E+00    0.000000E+00    0.000000E+00
3.435500E+00    1.265127E+01   -1.435027E+02   -1.808064E+02    0.000000E+00    0.000000E+00    0.000000E+00    3.047122E+02    2.018773E+01    4.985407E+00    0.000000E+00    0.000000E+00    0.000000E+00
3.436500E+00   -1.686423E+01   -1.358370E+02   -1.767964E+02    0.000000E+00    0.000000E+00    0.000000E+00    2.944882E+02   -9.383134E+00   -2.158164E+01    0.000000E+00    0.000000E+00    0.000000E+00
3.437500E+00    1.522695E+01   -1.299596E+02   -1.790046E+02    0.000000E+00    0.000000E+00    0.000000E+00    2.912954E+02    2.049101E+01    9.393706E+00    0.000000E+00    0.000000E+00    0.000000E+00
3.438500E+00   -5.190147E+01   -1.367359E+02   -1.553120E+02    0.000000E+00    0.000000E+00    0.000000E+00    2.740642E+02   -4.316642E+01   -5.458673E+01    0.000000E+00    0.000000E+00    0.000000E+00
3.439500E+00   -1.703109E+00   -1.242394E+02   -1.788990E+02    0.000000E+00    0.000000E+00    0.000000E+00    2.862376E+02    3.665335E+00   -5.859274E+00    0.000000E+00    0.000000E+00    0.000000E+00
3.440500E+00    2.785711E+01   -1.317580E+02   -1.538770E+02    0.000000E+00    0.000000E+00    0.000000E+00    2.680332E+02    2.899779E+01    2.369904E+01    0.000000E+00    0.000000E+00    0.000000E+00
3.441500E+00    1.798528E+01   -1.139740E+02   -1.616967E+02    0.000000E+00    0.000000E+00    0.000000E+00    2.603395E+02    1.909919E+01    1.533074E+01    0.000000E+00    0.000000E+00    0.000000E+00
3.442500E+00    3.490888E+01   -9.277478E+01   -1.078714E+02    0.000000E+00    0.000000E+00    0.000000E+00    1.884353E+02    3.342281E+01    3.230626E+01    0.000000E+00    0.000000E+00    0.000000E+00
3.443500E+00    5.436360E+01   -1.243929E+02   -1.655824E+02    0.000000E+00    0.000000E+00    0.000000E+00    2.733282E+02    5.077815E+01    5.153872E+01    0.000000E+00    0.000000E+00    0.000000E+00
3.444500E+00   -2.644622E+01   -1.174047E+02   -1.501609E+02    0.000000E+00    0.000000E+00    0.000000E+00    2.520037E+02   -2.502092E+01   -2.582014E+01    0.000000E+00    0.000000E+00    0.000000E+00
3.445500E+00    7.516976E+00   -1.154925E+02   -1.437836E+02    0.000000E+00    0.000000E+00    0.000000E+00    2.441805E+02    7.949723E+00    5.980402E+00    0.000000E+00    0.000000E+00    0.000000E+00
3.446500E+00    4.234682E+01   -1.055593E+02   -1.455073E+02    0.000000E+00    0.000000E+00    0.000000E+00    2.369514E+02    3.679532E+01    4.197521E+01    0.000000E+00    0.000000E+00    0.000000E+00
3.447500E+00   -1.081157E+00   -9.839979E+01   -1.212377E+02    0.000000E+00    0.000000E+00    0.000000E+00    2.068767E+02   -2.047925E+00   -3.800122E-01    0.000000E+00    0.000000E+00    0.000000E+00
3.448500E+00    2.968453E+01   -1.125572E+02   -1.535042E+02    0.000000E+00    0.000000E+00    0.000000E+00    2.511592E+02    2.488714E+01    2.992201E+01    0.000000E+00    0.000000E+00    0.000000E+00
3.449500E+00   -6.309860E-01   -1.128123E+02   -1.409545E+02    0.000000E+00    0.000000E+00    0.000000E+00    2.391164E+02   -4.034013E+00    1.750204E+00    0.000000E+00    0.000000E+00    0.000000E+00
3.450500E+00   -7.654213E+01   -1.107607E+02   -1.447036E+02    0.000000E+00    0.000000E+00    0.000000E+00    2.411942E+02   -7.380719E+01   -7.180898E+01    0.000000E+00    0.000000E+00    0.000000E+00
3.451500E+00   -5.776602E+00   -1.107538E+02   -1.379870E+02    0.000000E+00    0.000000E+00    0.000000E+00    2.344846E+02   -1.026628E+01   -2.579430E+00    0.000000E+00    0.000000E+00    0.000000E+00
3.452500E+00    3.397520E+01   -9.382378E+01   -1.343672E+02    0.000000E+00    0.000000E+00    0.000000E+00    2.158733E+02    2.738759E+01    3.514776E+01    0.000000E+00    0.000000E+00    0.000000E+00
3.453500E+00    1.860728E+01   -1.167856E+02   -1.412791E+02    0.000000E+00    0.000000E+00    0.000000E+00    2.430539E+02    1.124735E+01    2.238677E+01    0.000000E+00    0.000000E+00    0.000000E+00
3.454500E+00    4.578176E+01   -1.292071E+02   -1.761798E+02    0.000000E+00    0.000000E+00    0.000000E+00    2.885680E+02    3.517473E+01    4.900508E+01    0.000000E+00    0.000000E+00    0.000000E+00
3.455500E+00    4.125600E+01   -1.227844E+02   -1.674268E+02    0.000000E+00    0.000000E+00    0.000000E+00    2.742351E+02    2.978631E+01    4.548518E+01    0.000000E+00    0.000000E+00    0.000000E+00
3.456500E+00    8.741842E+00   -1.069253E+02   -1.414548E+02    0.000000E+00    0.000000E+00    0.000000E+00    2.346394E+02    8.565195E-01    1.354737E+01    0.000000E+00    0.000000E+00    0.000000E+00
3.457500E+00    3.270883E+01   -1.059702E+02   -1.283615E+02    0.000000E+00    0.000000E+00    0.000000E+00    2.209309E+02    2.271895E+01    3.736846E+01    0.000000E+00    0.000000E+00    0.000000E+00
3.458500E+00    4.503383E+01   -1.094857E+02   -1.513188E+02    0.000000E+00    0.000000E+00    0.000000E+00    2.469729E+02    3.089008E+01    5.058665E+01    0.000000E+00    0.000000E+00    0.000000E+00
3.459500E+00   -5.087497E+00   -1.327563E+02   -1.595538E+02    0.000000E+00    0.000000E+00    0.000000E+00    2.756901E+02   -1.665630E+01    4.128361E+00    0.000000E+00    0.000000E+00    0.000000E+00
3.460500E+00    5.700489E+01   -1.100954E+02   -1.444884E+02    0.000000E+00    0.000000E+00    0.000000E+00    2.409046E+02    4.209082E+01    6.284812E+01    0.000000E+00    0.000000E+00    0.000000E+00
3.461500E+00    1.503109E+01   -1.209226E+02   -1.592085E+02    0.000000E+00    0.000000E+00    0.000000E+00    2.647388E+02    1.029998E+00    2.418813E+01    0.000000E+00    0.000000E+00    0.000000E+00
3.462500E+00    5.292007E+01   -1.291911E+02   -1.660759E+02    0.000000E+00    0.000000E+00    0.000000E+00    2.793341E+02    3.385404E+01    6.221179E+01    0.000000E+00    0.000000E+00    0.000000E+00
3.463500E+00    1.959779E+00   -1.325727E+02   -1.512858E+02    0.000000E+00    0.000000E+00    0.000000E+00    2.673111E+02   -1.198217E+01    1.343940E+01    0.000000E+00    0.000000E+00    0.000000E+00
3.464500E+00   -2.239310E+00   -1.093654E+02   -1.658607E+02    0.000000E+00    0.000000E+00    0.000000E+00    2.615808E+02   -1.733439E+01    7.332979E+00    0.000000E+00    0.000000E+00    0.000000E+00
3.465500E+00    3.868866E+01   -1.318931E+02   -1.599517E+02    0.000000E+00    0.000000E+00    0.000000E+00    2.752093E+02    1.933389E+01    5.064188E+01    0.000000E+00    0.000000E+00    0.000000E+00
3.466500E+00    5.244504E+01   -1.423069E+02   -1.761839E+02    0.000000E+00    0.000000E+00    0.000000E+00    3.009997E+02    2.857765E+01    6.622506E+01    0.000000E+00    0.000000E+00    0.000000E+00
3.467500E+00    5.056928E+01   -1.066948E+02   -1.556484E+02    0.000000E+00    0.000000E+00    0.000000E+00    2.489634E+02    2.839006E+01    6.102509E+01    0.000000E+00    0.000000E+00    0.000000E+00
3.468500E+00    3.198664E+01   -1.471873E+02   -1.728006E+02    0.000000E+00    0.000000E+00    0.000000E+00    3.017789E+02    8.229399E+00    4.854217E+01    0.000000E+00    0.000000E+00    0.000000E+00
3.469500E+00    2.456401E+00   -1.108904E+02   -1.718863E+02    0.000000E+00    0.000000E+00    0.000000E+00    2.689245E+02   -2.162624E+01    1.705269E+01    0.000000E+00    0.000000E+00    0.000000E+00
3.470500E+00   -9.717713E+01   -1.082451E+02   -1.311906E+02    0.000000E+00    0.000000E+00    0.000000E+00    2.254687E+02   -1.052574E+02   -8.128006E+01    0.000000E+00    0.000000E+00    0.000000E+00
3.471500E+00    1.705042E+00   -1.404464E+02   -2.012572E+02    0.000000E+00    0.000000E+00    0.000000E+00    3.238457E+02   -2.744433E+01    2.113194E+01    0.000000E+00    0.000000E+00    0.000000E+00
3.472500E+00   -1.762319E+01   -1.189138E+02   -1.611051E+02    0.000000E+00    0.000000E+00    0.000000E+00    2.645610E+02   -4.030553E+01    2.522286E-01    0.000000E+00    0.000000E+00    0.000000E+00
3.473500E+00    8.873572E+00   -1.183787E+02   -1.645849E+02    0.000000E+00    0.000000E+00    0.000000E+00    2.680401E+02   -1.605713E+01    2.559498E+01    0.000000E+00    0.000000E+00    0.000000E+00
3.474500E+00   -5.058036E+01   -1.045332E+02   -1.311382E+02    0.000000E+00    0.000000E+00    0.000000E+00    2.220499E+02   -6.693399E+01   -3.322310E+01    0.000000E+00    0.000000E+00    0.000000E+00
3.475500E+00   -6.730106E+01   -1.078154E+02   -1.567628E+02    0.000000E+00    0.000000E+00    0.000000E+00    2.509181E+02   -8.787010E+01   -4.819164E+01    0.000000E+00    0.000000E+00    0.000000E+00
3.476500E+00   -4.905185E+01   -1.190112E+02   -1.642849E+02    0.000000E+00    0.000000E+00    0.000000E+00    2.679197E+02   -7.202567E+01   -2.868084E+01    0.000000E+00    0.000000E+00    0.000000E+00
3.477500E+00   -4.938056E+01   -1.189622E+02   -1.533884E+02    0.000000E+00    0.000000E+00    0.000000E+00    2.572374E+02   -7.184085E+01   -2.776442E+01    0.000000E+00    0.000000E+00    0.000000E+00
3.478500E+00   -2.413677E+01   -1.088895E+02   -1.511616E+02    0.000000E+00    0.000000E+00    0.000000E+00    2.461120E+02   -4.792496E+01   -5.353328E+00    0.000000E+00    0.000000E+00    0.000000E+00
3.479500E+00    1.281701E+01   -1.163526E+02   -1.511514E+02    0.000000E+00    0.000000E+00    0.000000E+00    2.527583E+02   -1.339598E+01    3.165752E+01    0.000000E+00    0.000000E+00    0.000000E+00
3.480500E+00    2.919469E-01   -1.087940E+02   -1.587817E+02    0.000000E+00    0.000000E+00    0.000000E+00    2.534802E+02   -2.902588E+01    2.002759E+01    0.000000E+00    0.000000E+00    0.000000E+00
3.481500E+00   -9.248496E+01   -1.060420E+02   -1.340101E+02    0.000000E+00    0.000000E+00    0.000000E+00    2.264405E+02   -1.094080E+02   -7.062977E+01    0.000000E+00    0.000000E+00    0.000000E+00
3.482500E+00   -2.395328E+01   -1.214109E+02   -1.743227E+02    0.000000E+00    0.000000E+00    0.000000E+00    2.804478E+02   -5.543853E+01   -4.945208E-01    0.000000E+00    0.000000E+00    0.000000E+00
3.483500E+00   -1.401153E+01   -1.195279E+02   -1.433849E+02    0.000000E+00    0.000000E+00    0.000000E+00    2.483697E+02   -4.171750E+01    9.824558E+00    0.000000E+00    0.000000E+00    0.000000E+00
3.484500E+00   -4.743622E+01   -9.498165E+01   -1.246588E+02    0.000000E+00    0.000000E+00    0.000000E+00    2.078434E+02   -6.949803E+01   -2.689032E+01    0.000000E+00    0.000000E+00    0.000000E+00
3.485500E+00    3.311622E+01   -1.165808E+02   -1.472522E+02    0.000000E+00    0.000000E+00    0.000000E+00    2.493412E+02    7.515601E-01    5.520925E+01    0.000000E+00    0.000000E+00    0.000000E+00
3.486500E+00   -5.099595E+01   -1.225230E+02   -1.605178E+02    0.000000E+00    0.000000E+00    0.000000E+00    2.673099E+02   -8.241769E+01   -2.276837E+01    0.000000E+00    0.000000E+00    0.000000E+00
3.487500E+00   -8.090881E+01   -1.084082E+02   -1.611955E+02    0.000000E+00    0.000000E+00    0.000000E+00    2.554849E+02   -1.095733E+02   -5.526389E+01    0.000000E+00    0.000000E+00    0.000000E+00
3.488500E+00    2.924563E-01   -1.249963E+02   -1.543770E+02    0.000000E+00    0.000000E+00    0.000000E+00    2.634113E+02   -3.346431E+01    2.744331E+01    0.000000E+00    0.000000E+00    0.000000E+00
3.489500E+00    1.634066E+01   -1.220967E+02   -1.567080E+02    0.000000E+00    0.000000E+00    0.000000E+00    2.631583E+02   -2.072259E+01    4.354026E+01    0.000000E+00    0.000000E+00    0.000000E+00
3.490500E+00   -1.202107E+01   -1.185527E+02   -1.571922E+02    0.000000E+00    0.000000E+00    0.000000E+00    2.605414E+02   -4.724378E+01    1.532430E+01    0.000000E+00    0.000000E+00    0.000000E+00
3.491500E+00   -5.295958E+01   -1.336207E+02   -1.660680E+02    0.000000E+00    0.000000E+00    0.000000E+00    2.825974E+02   -8.690117E+01   -2.082323E+01    0.000000E+00    0.000000E+00    0.000000E+00
3.492500E+00   -2.788188E+01   -9.426052E+01   -1.239944E+02    0.000000E+00    0.000000E+00    0.000000E+00    2.061690E+02   -5.655205E+01   -4.219986E+00    0.000000E+00    0.000000E+00    0.000000E+00
3.493500E+00   -1.816202E+01   -1.061779E+02   -1.287137E+02    0.000000E+00    0.000000E+00    0.000000E+00    2.216079E+02   -4.666443E+01    7.158959E+00    0.000000E+00    0.000000E+00    0.000000E+00
3.494500E+00   -3.038719E+00   -1.076197E+02   -1.543915E+02    0.000000E+00    0.000000E+00    0.000000E+00    2.480136E+02   -4.142630E+01    2.371522E+01    0.000000E+00    0.000000E+00    0.000000E+00
3.495500E+00   -8.536451E+01   -7.973171E+01   -1.073775E+02    0.000000E+00    0.000000E+00    0.000000E+00    1.765295E+02   -1.064633E+02   -6.214042E+01    0.000000E+00    0.000000E+00    0.000000E+00
3.496500E+00   -2.359923E+00   -1.274283E+02   -1.777551E+02    0.000000E+00    0.000000E+00    0.000000E+00    2.885106E+02   -4.631507E+01    2.891728E+01    0.000000E+00    0.000000E+00    0.000000E+00
3.497500E+00   -3.247123E+01   -1.047684E+02   -1.385632E+02    0.000000E+00    0.000000E+00    0.000000E+00    2.295009E+02   -6.493850E+01   -5.064631E+00    0.000000E+00    0.000000E+00    0.000000E+00
3.498500E+00   -2.613796E+01   -1.130091E+02   -1.525408E+02    0.000000E+00    0.000000E+00    0.000000E+00    2.506694E+02   -6.389095E+01    3.892847E+00    0.000000E+00    0.000000E+00    0.000000E+00
3.499500E+00   -5.270539E+01   -1.173421E+02   -1.552054E+02    0.000000E+00    0.000000E+00    0.000000E+00    2.569650E+02   -8.912516E+01   -2.047052E+01    0.000000E+00    0.000000E+00    0.000000E+00
3.500500E+00   -6.557073E+01   -1.112800E+02   -1.465212E+02    0.000000E+00    0.000000E+00    0.000000E+00    2.433348E+02   -9.916459E+01   -3.429666E+01    0.000000E+00    0.000000E+00    0.000000E+00
3.501500E+00   -2.163779E+00   -1.160137E+02   -1.566342E+02    0.000000E+00    0.000000E+00    0.000000E+00    2.575214E+02   -4.423311E+01    2.877090E+01    0.000000E+00    0.000000E+00    0.000000E+00
3.502500E+00    3.330598E+00   -1.199565E+02   -1.541377E+02    0.000000E+00    0.000000E+00    0.000000E+00    2.587892E+02   -3.800578E+01    3.505502E+01    0.000000E+00    0.000000E+00    0.000000E+00
3.503500E+00    8.732056E+00   -1.177976E+02   -1.547372E+02    0.000000E+00    0.000000E+00    0.000000E+00    2.572991E+02   -3.421719E+01    4.041231E+01    0.000000E+00    0.000000E+00    0.000000E+00
3.504500E+00   -3.291175E+01   -1.045429E+02   -1.431477E+02    0.000000E+00    0.000000E+00    0.000000E+00    2.338904E+02   -7.042057E+01   -2.843964E+00    0.000000E+00    0.000000E+00    0.000000E+00
3.505500E+00    1.620101E+01   -1.268962E+02   -1.592992E+02    0.000000E+00    0.000000E+00    0.000000E+00    2.698583E+02   -2.998275E+01    5.104838E+01    0.000000E+00    0.000000E+00    0.000000E+00
3.506500E+00   -2.657956E+01   -9.729609E+01   -1.324215E+02    0.000000E+00    0.000000E+00    0.000000E+00    2.169050E+02   -6.249472E+01    1.978344E+00    0.000000E+00    0.000000E+00    0.000000E+00
3.507500E+00   -3.099900E+01   -1.145368E+02   -1.462200E+02    0.000000E+00    0.000000E+00    0.000000E+00    2.456916E+02   -7.205760E+01    3.432501E+00    0.000000E+00    0.000000E+00    0.000000E+00
3.508500E+00   -2.307350E+01   -1.095120E+02   -1.426029E+02    0.000000E+00    0.000000E+00    0.000000E+00    2.379857E+02   -6.252963E+01    9.029864E+00    0.000000E+00    0.000000E+00    0.000000E+00
3.509500E+00    1.160712E+00   -1.217585E+02   -1.541869E+02    0.000000E+00    0.000000E+00    0.000000E+00    2.601507E+02   -4.483451E+01    3.697287E+01    0.000000E+00    0.000000E+00    0.000000E+00
3.510500E+00   -9.100259E+01   -1.060586E+02   -1.563769E+02    0.000000E+00    0.000000E+00    0.000000E+00    2.479119E+02   -1.332276E+02   -5.487358E+01    0.000000E+00    0.000000E+00    0.000000E+00
3.511500E+00   -1.063198E+01   -1.137604E+02   -1.303268E+02    0.000000E+00    0.000000E+00    0.000000E+00    2.295646E+02   -4.876272E+01    2.352971E+01    0.000000E+00    0.000000E+00    0.000000E+00
3.512500E+00   -4.702399E+01   -1.000010E+02   -1.520514E+02    0.000000E+00    0.000000E+00    0.000000E+00    2.380676E+02   -9.146945E+01   -1.389686E+01    0.000000E+00    0.000000E+00    0.000000E+00
3.513500E+00   -1.175495E+02   -1.076501E+02   -1.488482E+02    0.000000E+00    0.000000E+00    0.000000E+00    2.414210E+02   -1.570723E+02   -7.859716E+01    0.000000E+00    0.000000E+00    0.000000E+00
3.514500E+00    1.633696E+01   -1.224405E+02   -1.517181E+02    0.000000E+00    0.000000E+00    0.000000E+00    2.580665E+02   -3.056756E+01    5.255401E+01    0.000000E+00    0.000000E+00    0.000000E+00
3.515500E+00   -3.495218E+01   -1.266647E+02   -1.699237E+02    0.000000E+00    0.000000E+00    0.000000E+00    2.792165E+02   -8.686442E+01    6.960330E+00    0.000000E+00    0.000000E+00    0.000000E+00
3.516500E+00   -6.773757E+00   -1.308412E+02   -1.674758E+02    0.000000E+00    0.000000E+00    0.000000E+00    2.809884E+02   -5.935424E+01    3.478600E+01    0.000000E+00    0.000000E+00    0.000000E+00
3.517500E+00   -2.293616E+01   -1.348068E+02   -1.545892E+02    0.000000E+00    0.000000E+00    0.000000E+00    2.717165E+02   -7.127949E+01    2.138591E+01    0.000000E+00    0.000000E+00    0.000000E+00
3.518500E+00   -4.215822E+01   -8.735190E+01   -1.508673E+02    0.000000E+00    0.000000E+00    0.000000E+00    2.251897E+02   -8.944012E+01   -1.186386E+01    0.000000E+00    0.000000E+00    0.000000E+00
3.519500E+00    3.535702E+00   -1.285700E+02   -1.395063E+02    0.000000E+00    0.000000E+00    0.000000E+00    2.514030E+02   -4.206431E+01    4.526611E+01    0.000000E+00    0.000000E+00    0.000000E+00
3.520500E+00   -4.441271E+01   -9.690049E+01   -1.472854E+02    0.000000E+00    0.000000E+00    0.000000E+00    2.300000E+02   -9.144718E+01   -9.779193E+00    0.000000E+00    0.000000E+00    0.000000E+00
3.521500E+00    5.360376E+00   -1.219813E+02   -1.497611E+02    0.000000E+00    0.000000E+00    0.000000E+00    2.554696E+02   -4.508222E+01    4.574963E+01    0.000000E+00    0.000000E+00    0.000000E+00
3.522500E+00   -1.923029E+01   -9.676999E+01   -1.366535E+02    0.000000E+00    0.000000E+00    0.000000E+00    2.197620E+02   -6.492679E+01    1.477328E+01    0.000000E+00    0.000000E+00    0.000000E+00
3.523500E+00   -9.341498E+00   -1.063017E+02   -1.338562E+02    0.000000E+00    0.000000E+00    0.000000E+00    2.257926E+02   -5.454471E+01    2.732678E+01    0.000000E+00    0.000000E+00    0.000000E+00
3.524500E+00   -3.653660E+01   -9.373347E+01   -1.334617E+02    0.000000E+00    0.000000E+00    0.000000E+00    2.138593E+02   -8.183366E+01   -1.556795E+00    0.000000E+00    0.000000E+00    0.000000E+00
3.525500E+00   -5.873256E+01   -9.074311E+01   -1.161098E+02    0.000000E+00    0.000000E+00    0.000000E+00    1.942274E+02   -9.597393E+01   -2.417148E+01    0.000000E+00    0.000000E+00    0.000000E+00
3.526500E+00    2.270705E+01   -1.214276E+02   -1.573149E+02    0.000000E+00    0.000000E+00    0.000000E+00    2.622422E+02   -3.398756E+01    6.404342E+01    0.000000E+00    0.000000E+00    0.000000E+00
3.527500E+00   -1.433448E+02   -6.776224E+01   -9.442710E+01    0.000000E+00    0.000000E+00    0.000000E+00    1.522363E+02   -1.698403E+02   -1.103651E+02    0.000000E+00    0.000000E+00    0.000000E+00
3.528500E+00    2.471012E+01   -1.429242E+02   -1.807998E+02    0.000000E+00    0.000000E+00    0.000000E+00    3.043862E+02   -4.061092E+01    7.365375E+01    0.000000E+00    0.000000E+00    0.000000E+00
3.529500E+00   -3.188225E+01   -1.271413E+02   -1.526206E+02    0.000000E+00    0.000000E+00    0.000000E+00    2.625782E+02   -8.588387E+01    1.649467E+01    0.000000E+00    0.000000E+00    0.000000E+00
3.530500E+00    2.544437E+01   -1.026252E+02   -1.434963E+02    0.000000E+00    0.000000E+00    0.000000E+00    2.318653E+02   -2.938766E+01    6.171681E+01    0.000000E+00    0.000000E+00    0.000000E+00
3.531500E+00   -5.280556E+01   -1.266106E+02   -1.627872E+02    0.000000E+00    0.000000E+00    0.000000E+00    2.711100E+02   -1.110296E+02   -2.277302E+00    0.000000E+00    0.000000E+00    0.000000E+00
3.532500E+00   -1.769250E+01   -1.106991E+02   -1.380625E+02    0.000000E+00    0.000000E+00    0.000000E+00    2.336853E+02   -6.877312E+01    2.445052E+01    0.000000E+00    0.000000E+00    0.000000E+00
3.533500E+00   -3.753502E-01   -1.409297E+02   -1.787951E+02    0.000000E+00    0.000000E+00    0.000000E+00    2.995824E+02   -6.852263E+01    5.339134E+01    0.000000E+00    0.000000E+00    0.000000E+00
3.534500E+00   -2.622325E+01   -1.368774E+02   -1.696602E+02    0.000000E+00    0.000000E+00    0.000000E+00    2.875313E+02   -8.977433E+01    2.778291E+01    0.000000E+00    0.000000E+00    0.000000E+00
3.535500E+00   -2.438537E+00   -1.396910E+02   -1.669109E+02    0.000000E+00    0.000000E+00    0.000000E+00    2.872655E+02   -6.759060E+01    5.202376E+01    0.000000E+00    0.000000E+00    0.000000E+00
3.536500E+00    3.786764E+00   -1.132025E+02   -1.576633E+02    0.000000E+00    0.000000E+00    0.000000E+00    2.540374E+02   -5.891427E+01    4.807395E+01    0.000000E+00    0.000000E+00    0.000000E+00
3.537500E+00    2.547316E+00   -1.284756E+02   -1.397990E+02    0.000000E+00    0.000000E+00    0.000000E+00    2.507778E+02   -5.343735E+01    5.329684E+01    0.000000E+00    0.000000E+00    0.000000E+00
3.538500E+00   -7.815306E+00   -1.129925E+02   -1.533696E+02    0.000000E+00    0.000000E+00    0.000000E+00    2.494193E+02   -6.964134E+01    3.809363E+01    0.000000E+00    0.000000E+00    0.000000E+00
3.539500E+00   -1.816763E+01   -1.265722E+02   -1.766941E+02    0.000000E+00    0.000000E+00    0.000000E+00    2.838733E+02   -8.931083E+01    3.416590E+01    0.000000E+00    0.000000E+00    0.000000E+00
3.540500E+00   -5.105237E+01   -1.189035E+02   -1.446257E+02    0.000000E+00    0.000000E+00    0.000000E+00    2.460412E+02   -1.074361E+02    1.057338E+00    0.000000E+00    0.000000E+00    0.000000E+00
3.541500E+00   -2.662823E+01   -1.104779E+02   -1.524430E+02    0.000000E+00    0.000000E+00    0.000000E+00    2.456702E+02   -8.933755E+01    2.101896E+01    0.000000E+00    0.000000E+00    0.000000E+00
3.542500E+00   -5.540425E+01   -1.015994E+02   -1.352888E+02    0.000000E+00    0.000000E+00    0.000000E+00    2.213001E+02   -1.095996E+02   -9.233568E+00    0.000000E+00    0.000000E+00    0.000000E+00
3.543500E+00    6.542123E+00   -1.157926E+02   -1.515067E+02    0.000000E+00    0.000000E+00    0.000000E+00    2.500629E+02   -5.808374E+01    5.482355E+01    0.000000E+00    0.000000E+00    0.000000E+00
3.544500E+00   -1.305414E+00   -1.388977E+02   -1.779110E+02    0.000000E+00    0.000000E+00    0.000000E+00    2.954587E+02   -7.851456E+01    5.894697E+01    0.000000E+00    0.000000E+00    0.000000E+00
3.545500E+00   -1.130867E+01   -1.415820E+02   -1.694450E+02    0.000000E+00    0.000000E+00    0.000000E+00    2.901117E+02   -8.437343E+01    5.094873E+01    0.000000E+00    0.000000E+00    0.000000E+00
3.546500E+00   -5.288163E+00   -1.158766E+02   -1.577982E+02    0.000000E+00    0.000000E+00    0.000000E+00    2.552559E+02   -7.436857E+01    4.586098E+01    0.000000E+00    0.000000E+00    0.000000E+00
3.547500E+00   -3.150746E+01   -1.148590E+02   -1.343999E+02    0.000000E+00    0.000000E+00    0.000000E+00    2.319239E+02   -8.995558E+01    2.189322E+01    0.000000E+00    0.000000E+00    0.000000E+00
3.548500E+00   -9.035693E+01   -8.414159E+01   -1.436336E+02    0.000000E+00    0.000000E+00    0.000000E+00    2.120089E+02   -1.498927E+02   -4.621450E+01    0.000000E+00    0.000000E+00    0.000000E+00
3.549500E+00    1.483008E+00   -1.496380E+02   -1.868460E+02    0.000000E+00    0.000000E+00    0.000000E+00    3.130472E+02   -8.302418E+01    6.885157E+01    0.000000E+00    0.000000E+00    0.000000E+00
3.550500E+00   -8.881141E+01   -1.305946E+02   -1.680415E+02    0.000000E+00    0.000000E+00    0.000000E+00    2.769410E+02   -1.622804E+02   -2.083622E+01    0.000000E+00    0.000000E+00    0.000000E+00
3.551500E+00   -5.483717E+01   -1.004230E+02   -1.499395E+02    0.000000E+00    0.000000E+00    0.000000E+00    2.324197E+02   -1.211174E+02   -4.639347E+00    0.000000E+00    0.000000E+00    0.000000E+00
3.552500E+00   -1.827528E+01   -1.278070E+02   -1.702249E+02    0.000000E+00    0.000000E+00    0.000000E+00    2.769819E+02   -9.674174E+01    4.259106E+01    0.000000E+00    0.000000E+00    0.000000E+00
3.553500E+00   -2.707259E+00   -1.398911E+02   -1.556815E+02    0.000000E+00    0.000000E+00    0.000000E+00    2.742028E+02   -7.657029E+01    6.396405E+01    0.000000E+00    0.000000E+00    0.000000E+00
3.554500E+00   -1.104223E+01   -1.233458E+02   -1.644146E+02    0.000000E+00    0.000000E+00    0.000000E+00    2.668187E+02   -8.957385E+01    4.894838E+01    0.000000E+00    0.000000E+00    0.000000E+00
3.555500E+00   -2.117583E+01   -1.298811E+02   -1.532565E+02    0.000000E+00    0.000000E+00    0.000000E+00    2.624710E+02   -9.383093E+01    4.311064E+01    0.000000E+00    0.000000E+00    0.000000E+00
3.556500E+00   -9.567642E+01   -8.189507E+01   -1.306307E+02    0.000000E+00    0.000000E+00    0.000000E+00    1.959840E+02   -1.564254E+02   -4.630672E+01    0.000000E+00    0.000000E+00    0.000000E+00
3.557500E+00   -3.388097E+01   -9.439912E+01   -1.435261E+02    0.000000E+00    0.000000E+00    0.000000E+00    2.201463E+02   -1.027727E+02    1.491211E+01    0.000000E+00    0.000000E+00    0.000000E+00
3.558500E+00   -6.393640E+01   -9.457512E+01   -1.168650E+02    0.000000E+00    0.000000E+00    0.000000E+00    1.946313E+02   -1.199333E+02   -1.025692E+01    0.000000E+00    0.000000E+00    0.000000E+00
3.559500E+00   -1.029538E+02   -8.887666E+01   -1.487560E+02    0.000000E+00    0.000000E+00    0.000000E+00    2.185340E+02   -1.730710E+02   -4.870463E+01    0.000000E+00    0.000000E+00    0.000000E+00
3.560500E+00   -3.352273E+01   -9.648942E+01   -1.361118E+02    0.000000E+00    0.000000E+00    0.000000E+00    2.147256E+02   -1.008227E+02    1.781615E+01    0.000000E+00    0.000000E+00    0.000000E+00
3.561500E+00   -8.164190E+00   -1.080463E+02   -1.389102E+02    0.000000E+00    0.000000E+00    0.000000E+00    2.274848E+02   -7.821318E+01    4.753408E+01    0.000000E+00    0.000000E+00    0.000000E+00
3.562500E+00   -5.005432E+01   -1.214645E+02   -1.595515E+02    0.000000E+00    0.000000E+00    0.000000E+00    2.580192E+02   -1.308569E+02    1.807823E+01    0.000000E+00    0.000000E+00    0.000000E+00
3.563500E+00   -6.191631E+01   -1.170676E+02   -1.585320E+02    0.000000E+00    0.000000E+00    0.000000E+00    2.532083E+02   -1.411468E+02    4.635732E+00    0.000000E+00    0.000000E+00    0.000000E+00
3.564500E+00   -9.000239E+01   -9.148495E+01   -1.575084E+02    0.000000E+00    0.000000E+00    0.000000E+00    2.275796E+02   -1.688856E+02   -3.274517E+01    0.000000E+00    0.000000E+00    0.000000E+00
3.565500E+00   -4.581561E+01   -1.266705E+02   -1.598573E+02    0.000000E+00    0.000000E+00    0.000000E+00    2.626672E+02   -1.283812E+02    2.586161E+01    0.000000E+00    0.000000E+00    0.000000E+00
3.566500E+00   -8.024509E+01   -8.709595E+01   -1.389132E+02    0.000000E+00    0.000000E+00    0.000000E+00    2.065435E+02   -1.506182E+02   -2.540140E+01    0.000000E+00    0.000000E+00    0.000000E+00
3.567500E+00   -5.223135E+01   -1.196429E+02   -1.671577E+02    0.000000E+00    0.000000E+00    0.000000E+00    2.623865E+02   -1.392756E+02    1.727774E+01    0.000000E+00    0.000000E+00    0.000000E+00
3.568500E+00   -6.059686E+01   -1.101809E+02   -1.471481E+02    0.000000E+00    0.000000E+00    0.000000E+00    2.351958E+02   -1.375881E+02    5.588889E+00    0.000000E+00    0.000000E+00    0.000000E+00
3.569500E+00   -4.620440E+01   -1.162835E+02   -1.666559E+02    0.000000E+00    0.000000E+00    0.000000E+00    2.586766E+02   -1.341066E+02    2.161989E+01    0.000000E+00    0.000000E+00    0.000000E+00
3.570500E+00   -5.520960E+01   -1.226538E+02   -1.729668E+02    0.000000E+00    0.000000E+00    0.000000E+00    2.697132E+02   -1.472717E+02    1.827432E+01    0.000000E+00    0.000000E+00    0.000000E+00
3.571500E+00   -1.116261E+02   -1.075541E+02   -1.585515E+02    0.000000E+00    0.000000E+00    0.000000E+00    2.415847E+02   -1.940299E+02   -3.932927E+01    0.000000E+00    0.000000E+00    0.000000E+00
3.572500E+00   -1.104100E+02   -1.024943E+02   -1.729626E+02    0.000000E+00    0.000000E+00    0.000000E+00    2.496352E+02   -2.029268E+02   -4.011004E+01    0.000000E+00    0.000000E+00    0.000000E+00
3.573500E+00   -8.321056E+01   -1.144865E+02   -1.704392E+02    0.000000E+00    0.000000E+00    0.000000E+00    2.588214E+02   -1.746171E+02   -9.743156E+00    0.000000E+00    0.000000E+00    0.000000E+00
3.574500E+00   -2.477240E+01   -1.126429E+02   -1.353579E+02    0.000000E+00    0.000000E+00    0.000000E+00    2.261318E+02   -1.000693E+02    4.187600E+01    0.000000E+00    0.000000E+00    0.000000E+00
3.575500E+00   -2.912184E+01   -1.250205E+02   -1.734121E+02    0.000000E+00    0.000000E+00    0.000000E+00    2.714181E+02   -1.265015E+02    4.555691E+01    0.000000E+00    0.000000E+00    0.000000E+00
3.576500E+00   -8.321954E+01   -1.170882E+02   -1.610398E+02    0.000000E+00    0.000000E+00    0.000000E+00    2.519964E+02   -1.710193E+02   -6.201858E+00    0.000000E+00    0.000000E+00    0.000000E+00
3.577500E+00   -3.721225E+01   -9.586268E+01   -1.287572E+02    0.000000E+00    0.000000E+00    0.000000E+00    2.039097E+02   -1.099036E+02    2.238661E+01    0.000000E+00    0.000000E+00    0.000000E+00
3.578500E+00   -7.085728E+01   -7.863636E+01   -1.224656E+02    0.000000E+00    0.000000E+00    0.000000E+00    1.818382E+02   -1.383295E+02   -1.674913E+01    0.000000E+00    0.000000E+00    0.000000E+00
3.579500E+00   -4.856887E+01   -6.899495E+01   -1.087089E+02    0.000000E+00    0.000000E+00    0.000000E+00    1.607266E+02   -1.102574E+02   -2.145309E+00    0.000000E+00    0.000000E+00    0.000000E+00
3.580500E+00   -7.373101E+01   -8.084981E+01   -1.145131E+02    0.000000E+00    0.000000E+00    0.000000E+00    1.766263E+02   -1.373746E+02   -1.707736E+01    0.000000E+00    0.000000E+00    0.000000E+00
3.581500E+00   -6.603535E+01   -6.082272E+01   -9.956081E+01    0.000000E+00    0.000000E+00    0.000000E+00    1.442105E+02   -1.225509E+02   -2.158554E+01    0.000000E+00    0.000000E+00    0.000000E+00
3.582500E+00   -5.394009E+01   -5.577602E+01   -9.001323E+01    0.000000E+00    0.000000E+00    0.000000E+00    1.316411E+02   -1.050859E+02   -1.413149E+01    0.000000E+00    0.000000E+00    0.000000E+00
3.583500E+00   -5.112971E+01   -1.040727E+02   -1.415008E+02    0.000000E+00    0.000000E+00    0.000000E+00    2.216759E+02   -1.332476E+02    1.751538E+01    0.000000E+00    0.000000E+00    0.000000E+00
3.584500E+00   -8.895899E+01   -5.490064E+01   -1.100269E+02    0.000000E+00    0.000000E+00    0.000000E+00    1.470557E+02   -1.525703E+02   -4.330969E+01    0.000000E+00    0.000000E+00    0.000000E+00
3.585500E+00   -7.547503E+01   -8.477270E+01   -1.342993E+02    0.000000E+00    0.000000E+00    0.000000E+00    1.964644E+02   -1.531212E+02   -1.436449E+01    0.000000E+00    0.000000E+00    0.000000E+00
3.586500E+00   -4.579097E+01   -1.168665E+02   -1.542260E+02    0.000000E+00    0.000000E+00    0.000000E+00    2.442802E+02   -1.358998E+02    3.040024E+01    0.000000E+00    0.000000E+00    0.000000E+00
3.587500E+00   -6.484886E+01   -8.315839E+01   -1.178818E+02    0.000000E+00    0.000000E+00    0.000000E+00    1.807627E+02   -1.330484E+02   -5.867448E+00    0.000000E+00    0.000000E+00    0.000000E+00
3.588500E+00   -6.363186E+01   -1.101669E+02   -1.586047E+02    0.000000E+00    0.000000E+00    0.000000E+00    2.412460E+02   -1.578782E+02    1.233983E+01    0.000000E+00    0.000000E+00    0.000000E+00
3.589500E+00   -5.063942E+01   -1.287674E+02   -1.590535E+02    0.000000E+00    0.000000E+00    0.000000E+00    2.592604E+02   -1.444650E+02    3.455445E+01    0.000000E+00    0.000000E+00    0.000000E+00
3.590500E+00   -3.398811E+01   -1.347779E+02   -1.650541E+02    0.000000E+00    0.000000E+00    0.000000E+00    2.694720E+02   -1.342433E+02    5.406681E+01    0.000000E+00    0.000000E+00    0.000000E+00
3.591500E+00   -4.558478E+01   -1.459865E+02   -1.758318E+02    0.000000E+00    0.000000E+00    0.000000E+00    2.893248E+02   -1.516406E+02    5.088323E+01    0.000000E+00    0.000000E+00    0.000000E+00
3.592500E+00   -5.126522E+01   -1.231114E+02   -1.681904E+02    0.000000E+00    0.000000E+00    0.000000E+00    2.605401E+02   -1.534517E+02    3.272899E+01    0.000000E+00    0.000000E+00    0.000000E+00
3.593500E+00   -1.649159E+01   -1.332921E+02   -1.422487E+02    0.000000E+00    0.000000E+00    0.000000E+00    2.478890E+02   -1.041282E+02    6.909708E+01    0.000000E+00    0.000000E+00    0.000000E+00
3.594500E+00   -4.343212E+01   -1.354120E+02   -1.749595E+02    0.000000E+00    0.000000E+00    0.000000E+00    2.770521E+02   -1.515820E+02    4.852196E+01    0.000000E+00    0.000000E+00    0.000000E+00
3.595500E+00   -6.624664E+01   -8.814769E+01   -1.243351E+02    0.000000E+00    0.000000E+00    0.000000E+00    1.886683E+02   -1.422289E+02   -1.236792E-01    0.000000E+00    0.000000E+00    0.000000E+00
3.596500E+00   -1.094235E+02   -9.901022E+01   -1.802214E+02    0.000000E+00    0.000000E+00    0.000000E+00    2.455191E+02   -2.203324E+02   -2.870539E+01    0.000000E+00    0.000000E+00    0.000000E+00
3.597500E+00   -6.189576E+01   -8.264318E+01   -1.178266E+02    0.000000E+00    0.000000E+00    0.000000E+00    1.770897E+02   -1.356200E+02    1.323701E+00    0.000000E+00    0.000000E+00    0.000000E+00
3.598500E+00   -2.749522E+01   -8.369238E+01   -1.005162E+02    0.000000E+00    0.000000E+00    0.000000E+00    1.644481E+02   -9.059738E+01    3.012819E+01    0.000000E+00    0.000000E+00    0.000000E+00
3.599500E+00   -9.427157E+01   -6.110680E+01   -1.340208E+02    0.000000E+00    0.000000E+00    0.000000E+00    1.695893E+02   -1.782662E+02   -3.845311E+01    0.000000E+00    0.000000E+00    0.000000E+00
3.600500E+00   -1.013566E+02   -7.286124E+01   -1.458440E+02    0.000000E+00    0.000000E+00    0.000000E+00    1.902300E+02   -1.930417E+02   -3.653410E+01    0.000000E+00    0.000000E+00    0.000000E+00
3.601500E+00   -9.797647E+01   -7.234263E+01   -1.354751E+02    0.000000E+00    0.000000E+00    0.000000E+00    1.813123E+02   -1.828241E+02   -3.444484E+01    0.000000E+00    0.000000E+00    0.000000E+00
3.602500E+00   -5.591547E+01   -9.467222E+01   -1.390877E+02    0.000000E+00    0.000000E+00    0.000000E+00    2.058098E+02   -1.443661E+02    1.520788E+01    0.000000E+00    0.000000E+00    0.000000E+00
3.603500E+00   -1.017371E+02   -5.348881E+01   -1.200552E+02    0.000000E+00    0.000000E+00    0.000000E+00    1.496503E+02   -1.782647E+02   -4.797110E+01    0.000000E+00    0.000000E+00    0.000000E+00
3.604500E+00   -5.027153E+01   -1.047874E+02   -1.371845E+02    0.000000E+00    0.000000E+00    0.000000E+00    2.138677E+02   -1.374699E+02    2.644479E+01    0.000000E+00    0.000000E+00    0.000000E+00
3.605500E+00   -6.136788E+01   -1.102917E+02   -1.494953E+02    0.000000E+00    0.000000E+00    0.000000E+00    2.281709E+02   -1.583693E+02    2.290387E+01    0.000000E+00    0.000000E+00    0.000000E+00
3.606500E+00   -6.574262E+01   -1.048977E+02   -1.628340E+02    0.000000E+00    0.000000E+00    0.000000E+00    2.335986E+02   -1.723918E+02    1.625271E+01    0.000000E+00    0.000000E+00    0.000000E+00
3.607500E+00   -9.179700E+01   -8.458773E+01   -1.341168E+02    0.000000E+00    0.000000E+00    0.000000E+00    1.902299E+02   -1.779871E+02   -1.876039E+01    0.000000E+00    0.000000E+00    0.000000E+00
3.608500E+00   -1.113985E+02   -3.905002E+01   -1.287474E+02    0.000000E+00    0.000000E+00    0.000000E+00    1.422809E+02   -1.943298E+02   -6.495975E+01    0.000000E+00    0.000000E+00    0.000000E+00
3.609500E+00   -3.912500E+01   -1.175878E+02   -1.352623E+02    0.000000E+00    0.000000E+00    0.000000E+00    2.229607E+02   -1.277510E+02    4.661171E+01    0.000000E+00    0.000000E+00    0.000000E+00
3.610500E+00   -3.282695E+01   -1.448326E+02   -1.775803E+02    0.000000E+00    0.000000E+00    0.000000E+00    2.828802E+02   -1.516715E+02    7.154995E+01    0.000000E+00    0.000000E+00    0.000000E+00
3.611500E+00   -8.765949E+01   -1.056503E+02   -1.451440E+02    0.000000E+00    0.000000E+00    0.000000E+00    2.183334E+02   -1.827999E+02    1.007988E+00    0.000000E+00    0.000000E+00    0.000000E+00
3.612500E+00   -6.014781E+01   -8.549122E+01   -1.395321E+02    0.000000E+00    0.000000E+00    0.000000E+00    1.946911E+02   -1.532443E+02    9.591649E+00    0.000000E+00    0.000000E+00    0.000000E+00
3.613500E+00   -6.869212E+01   -8.271284E+01   -1.213931E+02    0.000000E+00    0.000000E+00    0.000000E+00    1.768370E+02   -1.494494E+02    1.104589E+00    0.000000E+00    0.000000E+00    0.000000E+00
3.614500E+00   -8.740738E+00   -1.416534E+02   -1.354695E+02    0.000000E+00    0.000000E+00    0.000000E+00    2.449460E+02   -1.010066E+02    9.007799E+01    0.000000E+00    0.000000E+00    0.000000E+00
3.615500E+00   -7.503178E+01   -8.811716E+01   -1.466522E+02    0.000000E+00    0.000000E+00    0.000000E+00    2.016922E+02   -1.737494E+02    1.132828E+00    0.000000E+00    0.000000E+00    0.000000E+00
3.616500E+00   -5.412349E+01   -1.079219E+02   -1.451000E+02    0.000000E+00    0.000000E+00    0.000000E+00    2.188590E+02   -1.533252E+02    3.206662E+01    0.000000E+00    0.000000E+00    0.000000E+00
3.617500E+00   -5.361925E+01   -1.084388E+02   -1.339734E+02    0.000000E+00    0.000000E+00    0.000000E+00    2.100394E+02   -1.453175E+02    3.317039E+01    0.000000E+00    0.000000E+00    0.000000E+00
3.618500E+00   -8.271125E+01   -7.570714E+01   -1.358311E+02    0.000000E+00    0.000000E+00    0.000000E+00    1.794708E+02   -1.759222E+02   -1.188505E+01    0.000000E+00    0.000000E+00    0.000000E+00
3.619500E+00   -1.208661E+02   -3.898094E+01   -1.256960E+02    0.000000E+00    0.000000E+00    0.000000E+00    1.354654E+02   -2.065629E+02   -6.719073E+01    0.000000E+00    0.000000E+00    0.000000E+00
3.620500E+00   -1.651789E+02   -1.374086E+01   -1.388501E+02    0.000000E+00    0.000000E+00    0.000000E+00    1.211959E+02   -2.586838E+02   -1.199507E+02    0.000000E+00    0.000000E+00    0.000000E+00
3.621500E+00   -6.562107E+01   -1.063978E+02   -1.447309E+02    0.000000E+00    0.000000E+00    0.000000E+00    2.160902E+02   -1.652353E+02    2.326989E+01    0.000000E+00    0.000000E+00    0.000000E+00
3.622500E+00   -5.907210E+01   -1.110834E+02   -1.492789E+02    0.000000E+00    0.000000E+00    0.000000E+00    2.236002E+02   -1.628647E+02    3.292864E+01    0.000000E+00    0.000000E+00    0.000000E+00
3.623500E+00   -5.730071E+01   -1.196773E+02   -1.551621E+02    0.000000E+00    0.000000E+00    0.000000E+00    2.362824E+02   -1.653860E+02    4.047590E+01    0.000000E+00    0.000000E+00    0.000000E+00
3.624500E+00   -6.997792E+01   -1.164213E+02   -1.475797E+02    0.000000E+00    0.000000E+00    0.000000E+00    2.267804E+02   -1.725695E+02    2.846663E+01    0.000000E+00    0.000000E+00    0.000000E+00
3.625500E+00   -6.516816E+01   -7.612551E+01   -1.369644E+02    0.000000E+00    0.000000E+00    0.000000E+00    1.797234E+02   -1.613718E+02    3.753008E+00    0.000000E+00    0.000000E+00    0.000000E+00
3.626500E+00   -8.217970E+01   -8.219140E+01   -1.301690E+02    0.000000E+00    0.000000E+00    0.000000E+00    1.787766E+02   -1.739372E+02   -3.666388E+00    0.000000E+00    0.000000E+00    0.000000E+00
3.627500E+00   -5.408461E+01   -8.810495E+01   -1.249604E+02    0.000000E+00    0.000000E+00    0.000000E+00    1.810787E+02   -1.424333E+02    2.176734E+01    0.000000E+00    0.000000E+00    0.000000E+00
3.628500E+00   -8.997791E+01   -7.842311E+01   -1.352374E+02    0.000000E+00    0.000000E+00    0.000000E+00    1.789117E+02   -1.850521E+02   -1.203401E+01    0.000000E+00    0.000000E+00    0.000000E+00
3.629500E+00   -8.114307E+01   -8.193505E+01   -1.519221E+02    0.000000E+00    0.000000E+00    0.000000E+00    1.951963E+02   -1.895280E+02   -2.390246E+00    0.000000E+00    0.000000E+00    0.000000E+00
3.630500E+00   -9.569050E+01   -7.561947E+01   -1.245156E+02    0.000000E+00    0.000000E+00    0.000000E+00    1.667708E+02   -1.839386E+02   -1.744466E+01    0.000000E+00    0.000000E+00    0.000000E+00
3.631500E+00   -6.122464E+01   -8.939470E+01   -1.433567E+02    0.000000E+00    0.000000E+00    0.000000E+00    1.960407E+02   -1.635760E+02    1.794715E+01    0.000000E+00    0.000000E+00    0.000000E+00
3.632500E+00   -7.432008E+01   -8.451909E+01   -1.476643E+02    0.000000E+00    0.000000E+00    0.000000E+00    1.923257E+02   -1.817212E+02    6.888191E+00    0.000000E+00    0.000000E+00    0.000000E+00
3.633500E+00   -1.150908E+02   -7.515136E+01   -1.451332E+02    0.000000E+00    0.000000E+00    0.000000E+00    1.816389E+02   -2.179333E+02   -3.207296E+01    0.000000E+00    0.000000E+00    0.000000E+00
3.634500E+00   -1.490033E+02   -3.871867E+01   -1.607231E+02    0.000000E+00    0.000000E+00    0.000000E+00    1.581318E+02   -2.635738E+02   -8.427229E+01    0.000000E+00    0.000000E+00    0.000000E+00
3.635500E+00   -6.826137E+01   -1.181894E+02   -1.669359E+02    0.000000E+00    0.000000E+00    0.000000E+00    2.404657E+02   -1.886186E+02    3.495017E+01    0.000000E+00    0.000000E+00    0.000000E+00
3.636500E+00   -7.269090E+01   -1.072239E+02   -1.396012E+02    0.000000E+00    0.000000E+00    0.000000E+00    2.079582E+02   -1.739994E+02    2.531235E+01    0.000000E+00    0.000000E+00    0.000000E+00
3.637500E+00   -2.751385E+01   -7.156022E+01   -8.613415E+01    0.000000E+00    0.000000E+00    0.000000E+00    1.344161E+02   -9.017838E+01    3.199521E+01    0.000000E+00    0.000000E+00    0.000000E+00
3.638500E+00   -9.653531E+01   -5.127070E+01   -1.323599E+02    0.000000E+00    0.000000E+00    0.000000E+00    1.472822E+02   -1.936422E+02   -3.305966E+01    0.000000E+00    0.000000E+00    0.000000E+00
3.639500E+00   -1.285385E+02   -1.824527E+01   -1.036177E+02    0.000000E+00    0.000000E+00    0.000000E+00    9.408911E+01   -2.023828E+02   -8.245075E+01    0.000000E+00    0.000000E+00    0.000000E+00
3.640500E+00   -4.419347E+01   -9.021442E+01   -1.245177E+02    0.000000E+00    0.000000E+00    0.000000E+00    1.802544E+02   -1.358717E+02    3.413620E+01    0.000000E+00    0.000000E+00    0.000000E+00
3.641500E+00   -8.001331E+01   -9.808126E+01   -1.643589E+02    0.000000E+00    0.000000E+00    0.000000E+00    2.164482E+02   -2.011603E+02    1.465628E+01    0.000000E+00    0.000000E+00    0.000000E+00
3.642500E+00   -8.721922E+01   -9.772871E+01   -1.503679E+02    0.000000E+00    0.000000E+00    0.000000E+00    2.055279E+02   -1.976669E+02    9.023347E+00    0.000000E+00    0.000000E+00    0.000000E+00
3.643500E+00   -8.414044E+01   -8.239761E+01   -1.206396E+02    0.000000E+00    0.000000E+00    0.000000E+00    1.677715E+02   -1.724826E+02    9.881787E-02    0.000000E+00    0.000000E+00    0.000000E+00
3.644500E+00   -9.454738E+01   -3.448038E+01   -1.194841E+02    0.000000E+00    0.000000E+00    0.000000E+00    1.205067E+02   -1.836177E+02   -4.297461E+01    0.000000E+00    0.000000E+00    0.000000E+00
3.645500E+00   -8.265692E+01   -5.395902E+01   -1.096492E+02    0.000000E+00    0.000000E+00    0.000000E+00    1.325358E+02   -1.632558E+02   -2.020987E+01    0.000000E+00    0.000000E+00    0.000000E+00
3.646500E+00   -7.212967E+01   -7.679226E+01   -1.347621E+02    0.000000E+00    0.000000E+00    0.000000E+00    1.733377E+02   -1.720498E+02    5.277689E+00    0.000000E+00    0.000000E+00    0.000000E+00
3.647500E+00   -1.398667E+02   -6.742884E+01   -1.746108E+02    0.000000E+00    0.000000E+00    0.000000E+00    1.916479E+02   -2.692635E+02   -5.011519E+01    0.000000E+00    0.000000E+00    0.000000E+00
3.648500E+00   -8.081579E+01   -1.007238E+02   -1.497094E+02    0.000000E+00    0.000000E+00    0.000000E+00    2.070775E+02   -1.921184E+02    1.713770E+01    0.000000E+00    0.000000E+00    0.000000E+00
3.649500E+00   -7.164267E+01   -7.282990E+01   -1.175584E+02    0.000000E+00    0.000000E+00    0.000000E+00    1.559329E+02   -1.586774E+02    3.210681E+00    0.000000E+00    0.000000E+00    0.000000E+00
3.650500E+00   -9.862937E+01   -4.686203E+01   -1.337331E+02    0.000000E+00    0.000000E+00    0.000000E+00    1.418004E+02   -1.989700E+02   -3.527175E+01    0.000000E+00    0.000000E+00    0.000000E+00
3.651500E+00   -1.136516E+02   -3.868178E+01   -1.290453E+02    0.000000E+00    0.000000E+00    0.000000E+00    1.304257E+02   -2.090881E+02   -5.316665E+01    0.000000E+00    0.000000E+00    0.000000E+00
3.652500E+00   -7.082785E+01   -8.010268E+01   -1.187903E+02    0.000000E+00    0.000000E+00    0.000000E+00    1.637363E+02   -1.591247E+02    9.519753E+00    0.000000E+00    0.000000E+00    0.000000E+00
3.653500E+00   -7.746907E+01   -1.070422E+02   -1.743773E+02    0.000000E+00    0.000000E+00    0.000000E+00    2.295228E+02   -2.089539E+02    2.631244E+01    0.000000E+00    0.000000E+00    0.000000E+00
3.654500E+00   -1.715147E+02   -7.044644E+01   -1.892005E+02    0.000000E+00    0.000000E+00    0.000000E+00    2.036036E+02   -3.118552E+02   -6.941186E+01    0.000000E+00    0.000000E+00    0.000000E+00
3.655500E+00   -8.490690E+01   -5.956511E+01   -1.480272E+02    0.000000E+00    0.000000E+00    0.000000E+00    1.653573E+02   -1.957591E+02   -1.664029E+01    0.000000E+00    0.000000E+00    0.000000E+00
3.656500E+00   -1.304412E+02   -1.109383E+02   -2.026982E+02    0.000000E+00    0.000000E+00    0.000000E+00    2.526948E+02   -2.821946E+02   -8.531527E+00    0.000000E+00    0.000000E+00    0.000000E+00
3.657500E+00   -2.629270E+01   -7.036312E+01   -6.660599E+01    0.000000E+00    0.000000E+00    0.000000E+00    1.161662E+02   -7.664243E+01    3.507776E+01    0.000000E+00    0.000000E+00    0.000000E+00
3.658500E+00   -9.059238E+01   -1.289522E+02   -1.894943E+02    0.000000E+00    0.000000E+00    0.000000E+00    2.609900E+02   -2.332347E+02    3.410323E+01    0.000000E+00    0.000000E+00    0.000000E+00
3.659500E+00   -9.626087E+01   -8.620939E+01   -1.571401E+02    0.000000E+00    0.000000E+00    0.000000E+00    1.966687E+02   -2.142436E+02   -2.976921E+00    0.000000E+00    0.000000E+00    0.000000E+00
3.660500E+00   -4.996744E+01   -1.079315E+02   -1.227862E+02    0.000000E+00    0.000000E+00    0.000000E+00    1.916678E+02   -1.433041E+02    4.792950E+01    0.000000E+00    0.000000E+00    0.000000E+00
3.661500E+00   -6.640294E+01   -6.029323E+01   -9.517422E+01    0.000000E+00    0.000000E+00    0.000000E+00    1.261998E+02   -1.380136E+02   -9.482386E-01    0.000000E+00    0.000000E+00    0.000000E+00
3.662500E+00   -5.559250E+01   -6.767591E+01   -9.575472E+01    0.000000E+00    0.000000E+00    0.000000E+00    1.337746E+02   -1.283280E+02    1.260246E+01    0.000000E+00    0.000000E+00    0.000000E+00
3.663500E+00   -7.089834E+01   -6.991405E+01   -1.301261E+02    0.000000E+00    0.000000E+00    0.000000E+00    1.604449E+02   -1.701125E+02    3.587894E+00    0.000000E+00    0.000000E+00    0.000000E+00
3.664500E+00   -7.101440E+01   -7.496461E+01   -1.114264E+02    0.000000E+00    0.000000E+00    0.000000E+00    1.517243E+02   -1.554570E+02    7.515538E+00    0.000000E+00    0.000000E+00    0.000000E+00
3.665500E+00   -8.139719E+01   -6.135777E+01   -1.231070E+02    0.000000E+00    0.000000E+00    0.000000E+00    1.463421E+02   -1.751962E+02   -9.985486E+00    0.000000E+00    0.000000E+00    0.000000E+00
3.666500E+00   -8.071643E+01    2.487869E+01   -5.381530E+01    0.000000E+00    0.000000E+00    0.000000E+00    1.374046E+01   -1.215299E+02   -7.663549E+01    0.000000E+00    0.000000E+00    0.000000E+00
3.667500E+00   -6.959262E+01   -5.727120E+01   -1.146072E+02    0.000000E+00    0.000000E+00    0.000000E+00    1.368017E+02   -1.567366E+02   -5.310900E+00    0.000000E+00    0.000000E+00    0.000000E+00
3.668500E+00   -6.765903E+01   -2.846457E+01   -6.773412E+01    0.000000E+00    0.000000E+00    0.000000E+00    7.559484E+01   -1.189812E+02   -2.589889E+01    0.000000E+00    0.000000E+00    0.000000E+00
3.669500E+00   -8.073327E+01   -5.873925E+01   -1.205647E+02    0.000000E+00    0.000000E+00    0.000000E+00    1.421781E+02   -1.723072E+02   -1.160147E+01    0.000000E+00    0.000000E+00    0.000000E+00
3.670500E+00   -8.573943E+01   -6.751118E+01   -1.308319E+02    0.000000E+00    0.000000E+00    0.000000E+00    1.577274E+02   -1.848634E+02   -8.386697E+00    0.000000E+00    0.000000E+00    0.000000E+00
3.671500E+00   -2.714126E+01   -1.738635E+01   -3.080258E+01    0.000000E+00    0.000000E+00    0.000000E+00    3.932178E+01   -5.098986E+01   -6.107201E+00    0.000000E+00    0.000000E+00    0.000000E+00
3.672500E+00   -9.718858E+01   -9.189346E+01   -1.569353E+02    0.000000E+00    0.000000E+00    0.000000E+00    1.997374E+02   -2.160418E+02    2.453919E+00    0.000000E+00    0.000000E+00    0.000000E+00
3.673500E+00   -5.646826E+01   -4.198510E+01   -9.719272E+01    0.000000E+00    0.000000E+00    0.000000E+00    1.101494E+02   -1.309177E+02   -7.746198E+00    0.000000E+00    0.000000E+00    0.000000E+00
3.674500E+00   -9.867245E+01   -8.637782E+01   -1.455401E+02    0.000000E+00    0.000000E+00    0.000000E+00    1.865047E+02   -2.086313E+02   -2.860223E+00    0.000000E+00    0.000000E+00    0.000000E+00
3.675500E+00   -1.186746E+02   -1.355108E+02   -2.065815E+02    0.000000E+00    0.000000E+00    0.000000E+00    2.758484E+02   -2.754436E+02    2.192124E+01    0.000000E+00    0.000000E+00    0.000000E+00
3.676500E+00   -1.097379E+02   -8.760170E+01   -1.800654E+02    0.000000E+00    0.000000E+00    0.000000E+00    2.117420E+02   -2.462756E+02   -9.511898E+00    0.000000E+00    0.000000E+00    0.000000E+00
3.677500E+00   -9.819994E+01   -9.700203E+01   -1.947527E+02    0.000000E+00    0.000000E+00    0.000000E+00    2.308359E+02   -2.467581E+02    6.252979E+00    0.000000E+00    0.000000E+00    0.000000E+00
3.678500E+00   -1.002957E+02   -8.268613E+01   -1.553937E+02    0.000000E+00    0.000000E+00    0.000000E+00    1.891065E+02   -2.173483E+02   -6.752949E+00    0.000000E+00    0.000000E+00    0.000000E+00
3.679500E+00   -1.384798E+02   -1.510330E+02   -2.497216E+02    0.000000E+00    0.000000E+00    0.000000E+00    3.212231E+02   -3.282171E+02    1.997307E+01    0.000000E+00    0.000000E+00    0.000000E+00
3.680500E+00   -1.581654E+02   -1.289411E+02   -2.522475E+02    0.000000E+00    0.000000E+00    0.000000E+00    3.023764E+02   -3.484187E+02   -1.176523E+01    0.000000E+00    0.000000E+00    0.000000E+00
3.681500E+00   -8.263853E+01   -6.629643E+01   -1.439259E+02    0.000000E+00    0.000000E+00    0.000000E+00    1.664772E+02   -1.922589E+02   -6.918453E+00    0.000000E+00    0.000000E+00    0.000000E+00
3.682500E+00   -1.162493E+02   -1.121479E+02   -1.857084E+02    0.000000E+00    0.000000E+00    0.000000E+00    2.385478E+02   -2.564811E+02    5.385781E+00    0.000000E+00    0.000000E+00    0.000000E+00
3.683500E+00   -1.037685E+01   -2.677110E+01   -8.054793E-01    0.000000E+00    0.000000E+00    0.000000E+00    2.629158E+01   -1.107199E+01    1.359387E+01    0.000000E+00    0.000000E+00    0.000000E+00
3.684500E+00   -8.480035E+01   -2.668826E+01   -1.041786E+02    0.000000E+00    0.000000E+00    0.000000E+00    1.002987E+02   -1.629031E+02   -3.977699E+01    0.000000E+00    0.000000E+00    0.000000E+00
3.685500E+00   -7.346735E+01   -1.099285E+02   -9.049542E+01    0.000000E+00    0.000000E+00    0.000000E+00    1.682371E+02   -1.412424E+02    3.417353E+01    0.000000E+00    0.000000E+00    0.000000E+00
3.686500E+00   -7.340640E+01   -3.285232E+01   -9.147227E+01    0.000000E+00    0.000000E+00    0.000000E+00    9.663529E+01   -1.419911E+02   -2.677899E+01    0.000000E+00    0.000000E+00    0.000000E+00
3.687500E+00   -6.529612E+01   -5.776662E+01   -9.584951E+01    0.000000E+00    0.000000E+00    0.000000E+00    1.227317E+02   -1.373856E+02   -1.342968E+00    0.000000E+00    0.000000E+00    0.000000E+00
3.688500E+00   -2.855584E+01   -5.321845E+01   -1.081842E+02    0.000000E+00    0.000000E+00    0.000000E+00    1.277327E+02   -1.117357E+02    2.096997E+01    0.000000E+00    0.000000E+00    0.000000E+00
3.689500E+00   -9.259011E+01   -8.758375E+01   -1.672568E+02    0.000000E+00    0.000000E+00    0.000000E+00    2.017099E+02   -2.190441E+02    2.675435E+00    0.000000E+00    0.000000E+00    0.000000E+00
3.690500E+00   -1.190586E+02   -7.134553E+01   -1.356594E+02    0.000000E+00    0.000000E+00    0.000000E+00    1.642005E+02   -2.200225E+02   -2.906343E+01    0.000000E+00    0.000000E+00    0.000000E+00
3.691500E+00   -7.368041E+01   -7.799176E+01   -1.310041E+02    0.000000E+00    0.000000E+00    0.000000E+00    1.669551E+02   -1.722917E+02    8.213942E+00    0.000000E+00    0.000000E+00    0.000000E+00
3.692500E+00   -9.605210E+01   -8.562516E+01   -1.634971E+02    0.000000E+00    0.000000E+00    0.000000E+00    1.976396E+02   -2.186796E+02   -1.886388E+00    0.000000E+00    0.000000E+00    0.000000E+00
3.693500E+00   -4.258334E+01   -4.593224E+01   -6.170197E+01    0.000000E+00    0.000000E+00    0.000000E+00    8.750650E+01   -8.948582E+01    5.587224E+00    0.000000E+00    0.000000E+00    0.000000E+00
3.694500E+00   -8.576638E+01   -4.463037E+01   -8.851257E+01    0.000000E+00    0.000000E+00    0.000000E+00    1.055539E+02   -1.513840E+02   -2.648471E+01    0.000000E+00    0.000000E+00    0.000000E+00
3.695500E+00   -8.210808E+01   -1.015009E+02   -1.642027E+02    0.000000E+00    0.000000E+00    0.000000E+00    2.138224E+02   -2.054656E+02    1.976774E+01    0.000000E+00    0.000000E+00    0.000000E+00
3.696500E+00   -8.277775E+01   -7.638414E+01   -1.243078E+02    0.000000E+00    0.000000E+00    0.000000E+00    1.610156E+02   -1.759280E+02    3.965649E-01    0.000000E+00    0.000000E+00    0.000000E+00
3.697500E+00   -6.060067E+01   -7.260369E+01   -1.283813E+02    0.000000E+00    0.000000E+00    0.000000E+00    1.610782E+02   -1.575560E+02    1.264603E+01    0.000000E+00    0.000000E+00    0.000000E+00
3.698500E+00   -9.475492E+01   -8.473200E+01   -1.464922E+02    0.000000E+00    0.000000E+00    0.000000E+00    1.847870E+02   -2.038586E+02   -2.069097E+00    0.000000E+00    0.000000E+00    0.000000E+00
3.699500E+00   -7.320617E+01   -7.488019E+01   -1.252236E+02    0.000000E+00    0.000000E+00    0.000000E+00    1.603600E+02   -1.668804E+02    5.458593E+00    0.000000E+00    0.000000E+00    0.000000E+00
3.700500E+00   -1.082262E+02   -1.197282E+02   -1.891100E+02    0.000000E+00    0.000000E+00    0.000000E+00    2.483880E+02   -2.488473E+02    1.493476E+01    0.000000E+00    0.000000E+00    0.000000E+00
3.701500E+00   -9.724971E+01   -9.461655E+01   -1.590310E+02    0.000000E+00    0.000000E+00    0.000000E+00    2.031006E+02   -2.150658E+02    3.347079E+00    0.000000E+00    0.000000E+00    0.000000E+00
3.702500E+00   -8.926456E+01   -5.678516E+01   -1.216955E+02    0.000000E+00    0.000000E+00    0.000000E+00    1.407823E+02   -1.797067E+02   -1.988917E+01    0.000000E+00    0.000000E+00    0.000000E+00
3.703500E+00   -1.479559E+02   -1.406866E+02   -2.111128E+02    0.000000E+00    0.000000E+00    0.000000E+00    2.835051E+02   -3.028071E+02    2.434419E+00    0.000000E+00    0.000000E+00    0.000000E+00
3.704500E+00   -1.070478E+02   -6.755885E+01   -1.455831E+02    0.000000E+00    0.000000E+00    0.000000E+00    1.683412E+02   -2.142142E+02   -2.465055E+01    0.000000E+00    0.000000E+00    0.000000E+00
3.705500E+00   -9.865919E+01   -1.085286E+02   -1.980935E+02    0.000000E+00    0.000000E+00    0.000000E+00    2.442846E+02   -2.453669E+02    1.264762E+01    0.000000E+00    0.000000E+00    0.000000E+00
3.706500E+00   -5.882513E+01   -8.787757E+01   -1.295780E+02    0.000000E+00    0.000000E+00    0.000000E+00    1.756943E+02   -1.548180E+02    2.512794E+01    0.000000E+00    0.000000E+00    0.000000E+00
3.707500E+00   -6.610284E+01   -1.260710E+01   -4.442257E+01    0.000000E+00    0.000000E+00    0.000000E+00    4.383425E+01   -9.781484E+01   -3.751612E+01    0.000000E+00    0.000000E+00    0.000000E+00
3.708500E+00   -8.605688E+01   -8.118529E+01   -1.486290E+02    0.000000E+00    0.000000E+00    0.000000E+00    1.830837E+02   -1.952397E+02    1.024195E-01    0.000000E+00    0.000000E+00    0.000000E+00
3.709500E+00   -9.037962E+01   -1.050619E+02   -1.557490E+02    0.000000E+00    0.000000E+00    0.000000E+00    2.109234E+02   -2.043749E+02    1.503062E+01    0.000000E+00    0.000000E+00    0.000000E+00
3.710500E+00   -6.134136E+01   -8.717207E+01   -1.414347E+02    0.000000E+00    0.000000E+00    0.000000E+00    1.841663E+02   -1.657315E+02    2.212282E+01    0.000000E+00    0.000000E+00    0.000000E+00
3.711500E+00   -5.322782E+01   -4.835445E+01   -8.946320E+01    0.000000E+00    0.000000E+00    0.000000E+00    1.101981E+02   -1.189664E+02   -1.525314E+00    0.000000E+00    0.000000E+00    0.000000E+00
3.712500E+00   -7.491263E+01   -3.882421E+01   -7.704850E+01    0.000000E+00    0.000000E+00    0.000000E+00    9.178569E+01   -1.306373E+02   -2.416816E+01    0.000000E+00    0.000000E+00    0.000000E+00
3.713500E+00    3.997230E+01   -1.274402E+02   -1.135354E+02    0.000000E+00    0.000000E+00    0.000000E+00    2.033426E+02   -4.609648E+01    1.242866E+02    0.000000E+00    0.000000E+00    0.000000E+00
3.714500E+00   -5.632050E+01   -4.971664E+00   -5.889571E+01    0.000000E+00    0.000000E+00    0.000000E+00    4.692342E+01   -1.007472E+02   -3.550513E+01    0.000000E+00    0.000000E+00    0.000000E+00
3.715500E+00   -9.837366E+01   -1.100831E+02   -1.780118E+02    0.000000E+00    0.000000E+00    0.000000E+00    2.320312E+02   -2.277232E+02    1.202085E+01    0.000000E+00    0.000000E+00    0.000000E+00
3.716500E+00   -2.168053E+01   -6.462280E+01   -7.490233E+01    0.000000E+00    0.000000E+00    0.000000E+00    1.154510E+02   -7.759204E+01    3.300733E+01    0.000000E+00    0.000000E+00    0.000000E+00
3.717500E+00   -8.926605E+01   -4.923987E+01   -8.980817E+01    0.000000E+00    0.000000E+00    0.000000E+00    1.105828E+02   -1.540773E+02   -2.669815E+01    0.000000E+00    0.000000E+00    0.000000E+00
3.718500E+00   -1.403864E+02   -1.664861E+02   -2.998695E+02    0.000000E+00    0.000000E+00    0.000000E+00    3.740396E+02   -3.589626E+02    2.378626E+01    0.000000E+00    0.000000E+00    0.000000E+00
3.719500E+00   -6.743273E+01   -3.168332E+01   -5.441559E+01    0.000000E+00    0.000000E+00    0.000000E+00    6.914625E+01   -1.063680E+02   -2.446056E+01    0.000000E+00    0.000000E+00    0.000000E+00
3.720500E+00   -9.943378E+01   -1.175648E+02   -1.794507E+02    0.000000E+00    0.000000E+00    0.000000E+00    2.409010E+02   -2.294936E+02    1.644559E+01    0.000000E+00    0.000000E+00    0.000000E+00
3.721500E+00   -5.254143E+01   -5.943459E+01   -9.276706E+01    0.000000E+00    0.000000E+00    0.000000E+00    1.237336E+02   -1.201164E+02    6.395882E+00    0.000000E+00    0.000000E+00    0.000000E+00
3.722500E+00   -1.323678E+01   -9.377491E+01   -1.187676E+02    0.000000E+00    0.000000E+00    0.000000E+00    1.760841E+02   -1.004796E+02    5.948340E+01    0.000000E+00    0.000000E+00    0.000000E+00
3.723500E+00   -8.921273E+01   -9.260462E+01   -1.421335E+02    0.000000E+00    0.000000E+00    0.000000E+00    1.897794E+02   -1.918685E+02    5.275465E+00    0.000000E+00    0.000000E+00    0.000000E+00
3.724500E+00   -2.655203E+01   -5.560775E+01   -9.931335E+01    0.000000E+00    0.000000E+00    0.000000E+00    1.257446E+02   -9.950138E+01    2.139555E+01    0.000000E+00    0.000000E+00    0.000000E+00
3.725500E+00   -1.316348E+02   -1.140008E+02   -1.990974E+02    0.000000E+00    0.000000E+00    0.000000E+00    2.515210E+02   -2.740478E+02   -1.000578E+01    0.000000E+00    0.000000E+00    0.000000E+00
3.726500E+00   -3.665839E+01   -1.104808E+02   -1.354856E+02    0.000000E+00    0.000000E+00    0.000000E+00    2.027229E+02   -1.349715E+02    5.542181E+01    0.000000E+00    0.000000E+00    0.000000E+00
3.727500E+00   -8.983522E+01   -5.909053E+01   -1.319042E+02    0.000000E+00    0.000000E+00    0.000000E+00    1.514848E+02   -1.846487E+02   -2.081196E+01    0.000000E+00    0.000000E+00    0.000000E+00
3.728500E+00   -7.130149E+01   -9.677148E+01   -1.455871E+02    0.000000E+00    0.000000E+00    0.000000E+00    1.968651E+02   -1.756793E+02    1.996939E+01    0.000000E+00    0.000000E+00    0.000000E+00
3.729500E+00   -8.599927E+01   -8.304453E+01   -1.203714E+02    0.000000E+00    0.000000E+00    0.000000E+00    1.654980E+02   -1.721147E+02   -4.788617E-01    0.000000E+00    0.000000E+00    0.000000E+00
3.730500E+00   -1.055200E+02   -7.882119E+01   -1.657244E+02    0.000000E+00    0.000000E+00    0.000000E+00    1.950740E+02   -2.235476E+02   -1.854922E+01    0.000000E+00    0.000000E+00    0.000000E+00
3.731500E+00   -8.147553E+01   -1.072057E+02   -1.895964E+02    0.000000E+00    0.000000E+00    0.000000E+00    2.395737E+02   -2.180285E+02    1.985905E+01    0.000000E+00    0.000000E+00    0.000000E+00
3.732500E+00   -7.413945E+01   -9.196741E+01   -1.436240E+02    0.000000E+00    0.000000E+00    0.000000E+00    1.912291E+02   -1.764494E+02    1.411185E+01    0.000000E+00    0.000000E+00    0.000000E+00
3.733500E+00   -7.805534E+01   -8.540777E+01   -1.361812E+02    0.000000E+00    0.000000E+00    0.000000E+00    1.795138E+02   -1.745860E+02    6.145461E+00    0.000000E+00    0.000000E+00    0.000000E+00
3.734500E+00   -7.053130E+01   -1.025787E+02   -1.558729E+02    0.000000E+00    0.000000E+00    0.000000E+00    2.107068E+02   -1.819746E+02    2.398233E+01    0.000000E+00    0.000000E+00    0.000000E+00
3.735500E+00   -1.070337E+02   -8.152565E+01   -1.669878E+02    0.000000E+00    0.000000E+00    0.000000E+00    1.987182E+02   -2.253262E+02   -1.774214E+01    0.000000E+00    0.000000E+00    0.000000E+00
3.736500E+00   -9.932426E+01   -6.269213E+01   -1.189961E+02    0.000000E+00    0.000000E+00    0.000000E+00    1.455630E+02   -1.824428E+02   -2.635255E+01    0.000000E+00    0.000000E+00    0.000000E+00
3.737500E+00   -1.293372E+02   -7.563340E+01   -1.517780E+02    0.000000E+00    0.000000E+00    0.000000E+00    1.819125E+02   -2.349763E+02   -3.893922E+01    0.000000E+00    0.000000E+00    0.000000E+00
3.738500E+00   -9.171887E+01   -5.837263E+01   -1.381928E+02    0.000000E+00    0.000000E+00    0.000000E+00    1.565466E+02   -1.888399E+02   -2.466315E+01    0.000000E+00    0.000000E+00    0.000000E+00
3.739500E+00   -1.054031E+02   -6.937269E+01   -1.070294E+02    0.000000E+00    0.000000E+00    0.000000E+00    1.433184E+02   -1.787341E+02   -2.644012E+01    0.000000E+00    0.000000E+00    0.000000E+00
3.740500E+00   -4.820308E+01   -1.071480E+02   -1.896807E+02    0.000000E+00    0.000000E+00    0.000000E+00    2.416406E+02   -1.840551E+02    4.213548E+01    0.000000E+00    0.000000E+00    0.000000E+00
3.741500E+00   -1.246026E+02   -7.600546E+01   -1.426952E+02    0.000000E+00    0.000000E+00    0.000000E+00    1.759306E+02   -2.221774E+02   -3.620775E+01    0.000000E+00    0.000000E+00    0.000000E+00
3.742500E+00   -6.049413E+01   -7.482831E+01   -1.001469E+02    0.000000E+00    0.000000E+00    0.000000E+00    1.446733E+02   -1.299082E+02    9.271502E+00    0.000000E+00    0.000000E+00    0.000000E+00
3.743500E+00   -8.404767E+01   -6.566785E+01   -1.311620E+02    0.000000E+00    0.000000E+00    0.000000E+00    1.589439E+02   -1.752350E+02   -1.445419E+01    0.000000E+00    0.000000E+00    0.000000E+00
3.744500E+00   -3.938244E+01   -1.168331E+02   -1.349908E+02    0.000000E+00    0.000000E+00    0.000000E+00    2.104476E+02   -1.340814E+02    5.474348E+01    0.000000E+00    0.000000E+00    0.000000E+00
3.745500E+00   -5.392738E+01   -7.488252E+01   -1.235117E+02    0.000000E+00    0.000000E+00    0.000000E+00    1.625449E+02   -1.408608E+02    1.423873E+01    0.000000E+00    0.000000E+00    0.000000E+00
3.746500E+00   -9.087265E+01   -8.367190E+01   -1.311621E+02    0.000000E+00    0.000000E+00    0.000000E+00    1.760991E+02   -1.809914E+02   -7.145776E+00    0.000000E+00    0.000000E+00    0.000000E+00
3.747500E+00   -8.337314E+01   -4.281107E+01   -8.937811E+01    0.000000E+00    0.000000E+00    0.000000E+00    1.069879E+02   -1.435990E+02   -3.151127E+01    0.000000E+00    0.000000E+00    0.000000E+00
3.748500E+00   -6.688340E+01   -5.204019E+01   -1.121982E+02    0.000000E+00    0.000000E+00    0.000000E+00    1.325337E+02   -1.444823E+02   -1.250038E+01    0.000000E+00    0.000000E+00    0.000000E+00
3.749500E+00   -5.870245E+01   -7.190223E+01   -1.371525E+02    0.000000E+00    0.000000E+00    0.000000E+00    1.705799E+02   -1.533716E+02    7.177977E+00    0.000000E+00    0.000000E+00    0.000000E+00
3.750500E+00   -6.341857E+01   -6.777010E+01   -8.014868E+01    0.000000E+00    0.000000E+00    0.000000E+00    1.230134E+02   -1.173840E+02    1.087545E+00    0.000000E+00    0.000000E+00    0.000000E+00
3.751500E+00   -4.874737E+01   -7.491614E+01   -1.184004E+02    0.000000E+00    0.000000E+00    0.000000E+00    1.596802E+02   -1.301760E+02    1.616983E+01    0.000000E+00    0.000000E+00    0.000000E+00
3.752500E+00   -9.790642E+01   -6.724596E+01   -1.214315E+02    0.000000E+00    0.000000E+00    0.000000E+00    1.542662E+02   -1.792605E+02   -2.575889E+01    0.000000E+00    0.000000E+00    0.000000E+00
3.753500E+00   -1.448527E+02   -8.542076E+01   -1.863488E+02    0.000000E+00    0.000000E+00    0.000000E+00    2.198466E+02   -2.692887E+02   -4.844722E+01    0.000000E+00    0.000000E+00    0.000000E+00
3.754500E+00   -1.051737E+02   -3.815676E+01   -1.165945E+02    0.000000E+00    0.000000E+00    0.000000E+00    1.241865E+02   -1.820360E+02   -5.283608E+01    0.000000E+00    0.000000E+00    0.000000E+00
3.755500E+00   -1.341578E+02   -9.834486E+01   -1.921410E+02    0.000000E+00    0.000000E+00    0.000000E+00    2.373539E+02   -2.617895E+02   -3.246005E+01    0.000000E+00    0.000000E+00    0.000000E+00
3.756500E+00   -1.186175E+02   -6.747777E+01   -1.487556E+02    0.000000E+00    0.000000E+00    0.000000E+00    1.760114E+02   -2.162091E+02   -4.287092E+01    0.000000E+00    0.000000E+00    0.000000E+00
3.757500E+00   -1.277204E+02   -6.557958E+01   -1.695534E+02    0.000000E+00    0.000000E+00    0.000000E+00    1.905168E+02   -2.388918E+02   -5.172985E+01    0.000000E+00    0.000000E+00    0.000000E+00
3.758500E+00   -8.793367E+01   -9.643531E+01   -1.599571E+02    0.000000E+00    0.000000E+00    0.000000E+00    2.124571E+02   -1.930648E+02   -7.891038E-01    0.000000E+00    0.000000E+00    0.000000E+00
3.759500E+00   -7.044639E+01   -1.024308E+02   -1.544740E+02    0.000000E+00    0.000000E+00    0.000000E+00    2.137006E+02   -1.726444E+02    1.663366E+01    0.000000E+00    0.000000E+00    0.000000E+00
3.760500E+00   -7.033358E+01   -1.175826E+02   -1.465929E+02    0.000000E+00    0.000000E+00    0.000000E+00    2.231132E+02   -1.653497E+02    2.583116E+01    0.000000E+00    0.000000E+00    0.000000E+00
3.761500E+00   -4.290599E+01   -1.054948E+02   -1.551653E+02    0.000000E+00    0.000000E+00    0.000000E+00    2.186962E+02   -1.463353E+02    3.906219E+01    0.000000E+00    0.000000E+00    0.000000E+00
3.762500E+00   -6.686734E+01   -1.033316E+02   -1.471947E+02    0.000000E+00    0.000000E+00    0.000000E+00    2.105599E+02   -1.625594E+02    1.832763E+01    0.000000E+00    0.000000E+00    0.000000E+00
3.763500E+00   -2.472655E+01   -1.307181E+02   -1.494500E+02    0.000000E+00    0.000000E+00    0.000000E+00    2.385665E+02   -1.237079E+02    6.882724E+01    0.000000E+00    0.000000E+00    0.000000E+00
3.764500E+00   -6.838182E+01   -7.459421E+01   -1.388006E+02    0.000000E+00    0.000000E+00    0.000000E+00    1.778053E+02   -1.580932E+02   -2.655934E+00    0.000000E+00    0.000000E+00    0.000000E+00
3.765500E+00   -3.305057E+01   -1.233491E+02   -1.418594E+02    0.000000E+00    0.000000E+00    0.000000E+00    2.255178E+02   -1.260719E+02    5.694865E+01    0.000000E+00    0.000000E+00    0.000000E+00
3.766500E+00   -8.103974E+01   -8.853536E+01   -1.576291E+02    0.000000E+00    0.000000E+00    0.000000E+00    2.054262E+02   -1.824164E+02   -3.459547E+00    0.000000E+00    0.000000E+00    0.000000E+00
3.767500E+00   -9.442237E+01   -7.466489E+01   -1.344626E+02    0.000000E+00    0.000000E+00    0.000000E+00    1.739628E+02   -1.791341E+02   -2.362144E+01    0.000000E+00    0.000000E+00    0.000000E+00
3.768500E+00   -1.076960E+02   -7.387663E+01   -1.252685E+02    0.000000E+00    0.000000E+00    0.000000E+00    1.665891E+02   -1.851044E+02   -3.523045E+01    0.000000E+00    0.000000E+00    0.000000E+00
3.769500E+00   -1.062560E+02   -4.724161E+01   -1.374064E+02    0.000000E+00    0.000000E+00    0.000000E+00    1.517253E+02   -1.916303E+02   -5.181125E+01    0.000000E+00    0.000000E+00    0.000000E+00
3.770500E+00   -1.017332E+02   -6.057971E+01   -1.048693E+02    0.000000E+00    0.000000E+00    0.000000E+00    1.382892E+02   -1.653240E+02   -3.976521E+01    0.000000E+00    0.000000E+00    0.000000E+00
3.771500E+00   -6.703911E+01   -7.175068E+01   -1.272166E+02    0.000000E+00    0.000000E+00    0.000000E+00    1.677455E+02   -1.465479E+02   -6.152359E+00    0.000000E+00    0.000000E+00    0.000000E+00
3.772500E+00   -7.979113E+01   -8.167711E+01   -1.370520E+02    0.000000E+00    0.000000E+00    0.000000E+00    1.845395E+02   -1.645910E+02   -9.917533E+00    0.000000E+00    0.000000E+00    0.000000E+00
3.773500E+00   -9.529181E+01   -8.424825E+01   -1.440658E+02    0.000000E+00    0.000000E+00    0.000000E+00    1.931080E+02   -1.826413E+02   -2.145337E+01    0.000000E+00    0.000000E+00    0.000000E+00
3.774500E+00   -9.248346E+01   -5.253197E+01   -1.306932E+02    0.000000E+00    0.000000E+00    0.000000E+00    1.531760E+02   -1.713809E+02   -3.993325E+01    0.000000E+00    0.000000E+00    0.000000E+00
3.775500E+00   -1.401462E+02   -9.741274E+01   -1.750061E+02    0.000000E+00    0.000000E+00    0.000000E+00    2.295630E+02   -2.437513E+02   -4.940374E+01    0.000000E+00    0.000000E+00    0.000000E+00
3.776500E+00   -4.147952E+01   -8.830698E+01   -1.315716E+02    0.000000E+00    0.000000E+00    0.000000E+00    1.887983E+02   -1.218423E+02    2.165769E+01    0.000000E+00    0.000000E+00    0.000000E+00
3.777500E+00   -8.578851E+01   -1.031321E+02   -1.560087E+02    0.000000E+00    0.000000E+00    0.000000E+00    2.217070E+02   -1.782519E+02   -4.177237E+00    0.000000E+00    0.000000E+00    0.000000E+00
3.778500E+00   -5.527041E+01   -9.587037E+01   -1.386906E+02    0.000000E+00    0.000000E+00    0.000000E+00    2.017650E+02   -1.382725E+02    1.504970E+01    0.000000E+00    0.000000E+00    0.000000E+00
3.779500E+00   -4.513746E+01   -9.672348E+01   -1.389818E+02    0.000000E+00    0.000000E+00    0.000000E+00    2.025880E+02   -1.288669E+02    2.362153E+01    0.000000E+00    0.000000E+00    0.000000E+00
3.780500E+00   -1.055550E+02   -8.386753E+01   -1.479944E+02    0.000000E+00    0.000000E+00    0.000000E+00    1.976355E+02   -1.912341E+02   -3.359238E+01    0.000000E+00    0.000000E+00    0.000000E+00
3.781500E+00   -7.404823E+01   -1.184921E+02   -1.758418E+02    0.000000E+00    0.000000E+00    0.000000E+00    2.538846E+02   -1.769234E+02    1.186118E+01    0.000000E+00    0.000000E+00    0.000000E+00
3.782500E+00   -1.209668E+02   -8.256840E+01   -1.845891E+02    0.000000E+00    0.000000E+00    0.000000E+00    2.272227E+02   -2.270287E+02   -4.789469E+01    0.000000E+00    0.000000E+00    0.000000E+00
3.783500E+00   -7.450827E+01   -1.169956E+02   -1.626895E+02    0.000000E+00    0.000000E+00    0.000000E+00    2.423116E+02   -1.672151E+02    9.177788E+00    0.000000E+00    0.000000E+00    0.000000E+00
3.784500E+00   -1.034630E+02   -7.394084E+01   -1.288938E+02    0.000000E+00    0.000000E+00    0.000000E+00    1.738577E+02   -1.754324E+02   -3.985306E+01    0.000000E+00    0.000000E+00    0.000000E+00
3.785500E+00   -1.206447E+02   -7.252567E+01   -1.572565E+02    0.000000E+00    0.000000E+00    0.000000E+00    1.969195E+02   -2.068290E+02   -5.664912E+01    0.000000E+00    0.000000E+00    0.000000E+00
3.786500E+00   -8.926147E+01   -1.460511E+02   -2.003055E+02    0.000000E+00    0.000000E+00    0.000000E+00    3.013464E+02   -2.018727E+02    1.223724E+01    0.000000E+00    0.000000E+00    0.000000E+00
3.787500E+00   -4.530247E+01   -7.102816E+01   -1.258483E+02    0.000000E+00    0.000000E+00    0.000000E+00    1.707100E+02   -1.173235E+02    4.539846E+00    0.000000E+00    0.000000E+00    0.000000E+00
3.788500E+00   -1.439084E+02   -8.959750E+01   -1.573903E+02    0.000000E+00    0.000000E+00    0.000000E+00    2.133402E+02   -2.264778E+02   -6.725869E+01    0.000000E+00    0.000000E+00    0.000000E+00
3.789500E+00   -9.512830E+01   -6.075541E+01   -1.383651E+02    0.000000E+00    0.000000E+00    0.000000E+00    1.729064E+02   -1.686833E+02   -4.533308E+01    0.000000E+00    0.000000E+00    0.000000E+00
3.790500E+00   -9.460567E+01   -7.791399E+01   -1.494019E+02    0.000000E+00    0.000000E+00    0.000000E+00    1.975083E+02   -1.741672E+02   -3.448525E+01    0.000000E+00    0.000000E+00    0.000000E+00
3.791500E+00   -4.001534E+01   -1.104730E+02   -1.349865E+02    0.000000E+00    0.000000E+00    0.000000E+00    2.162143E+02   -1.134709E+02    2.868327E+01    0.000000E+00    0.000000E+00    0.000000E+00
3.792500E+00   -1.637888E+02   -4.719516E+01   -1.460774E+02    0.000000E+00    0.000000E+00    0.000000E+00    1.668792E+02   -2.361367E+02   -1.113494E+02    0.000000E+00    0.000000E+00    0.000000E+00
3.793500E+00   -4.470722E+01   -8.586250E+01   -1.146644E+02    0.000000E+00    0.000000E+00    0.000000E+00    1.773603E+02   -1.053744E+02    8.962236E+00    0.000000E+00    0.000000E+00    0.000000E+00
3.794500E+00   -5.362989E+01   -1.005838E+02   -1.409286E+02    0.000000E+00    0.000000E+00    0.000000E+00    2.133865E+02   -1.274357E+02    9.598845E+00    0.000000E+00    0.000000E+00    0.000000E+00
3.795500E+00   -7.309136E+01   -6.919402E+01   -1.217112E+02    0.000000E+00    0.000000E+00    0.000000E+00    1.684023E+02   -1.353692E+02   -2.452867E+01    0.000000E+00    0.000000E+00    0.000000E+00
3.796500E+00   -7.550035E+01   -9.428904E+01   -1.466419E+02    0.000000E+00    0.000000E+00    0.000000E+00    2.139994E+02   -1.482901E+02   -1.492621E+01    0.000000E+00    0.000000E+00    0.000000E+00
3.797500E+00   -5.529179E+01   -1.193492E+02   -1.807454E+02    0.000000E+00    0.000000E+00    0.000000E+00    2.659587E+02   -1.482272E+02    1.626607E+01    0.000000E+00    0.000000E+00    0.000000E+00
3.798500E+00   -6.503521E+01   -8.822524E+01   -1.199473E+02    0.000000E+00    0.000000E+00    0.000000E+00    1.849395E+02   -1.246965E+02   -9.054118E+00    0.000000E+00    0.000000E+00    0.000000E+00
3.799500E+00   -6.916818E+01   -1.217543E+02   -1.844843E+02    0.000000E+00    0.000000E+00    0.000000E+00    2.724620E+02   -1.606777E+02    3.433622E+00    0.000000E+00    0.000000E+00    0.000000E+00
3.800500E+00   -6.407828E+01   -1.130991E+02   -1.690355E+02    0.000000E+00    0.000000E+00    0.000000E+00    2.519492E+02   -1.464952E+02    2.218183E+00    0.000000E+00    0.000000E+00    0.000000E+00
3.801500E+00   -1.205746E+02   -8.469951E+01   -1.463958E+02    0.000000E+00    0.000000E+00    0.000000E+00    2.058387E+02   -1.870879E+02   -6.165808E+01    0.000000E+00    0.000000E+00    0.000000E+00
3.802500E+00   -1.154737E+02   -1.304958E+02   -2.133316E+02    0.000000E+00    0.000000E+00    0.000000E+00    3.067570E+02   -2.153641E+02   -3.523765E+01    0.000000E+00    0.000000E+00    0.000000E+00
3.803500E+00   -5.788662E+01   -6.678529E+01   -1.141277E+02    0.000000E+00    0.000000E+00    0.000000E+00    1.627859E+02   -1.106981E+02   -1.808120E+01    0.000000E+00    0.000000E+00    0.000000E+00
3.804500E+00   -9.104808E+01   -1.234834E+02   -1.864916E+02    0.000000E+00    0.000000E+00    0.000000E+00    2.777940E+02   -1.766667E+02   -1.904121E+01    0.000000E+00    0.000000E+00    0.000000E+00
3.805500E+00   -1.257249E+02   -7.068556E+01   -1.601955E+02    0.000000E+00    0.000000E+00    0.000000E+00    2.077852E+02   -1.941485E+02   -7.759115E+01    0.000000E+00    0.000000E+00    0.000000E+00
3.806500E+00   -5.613211E+01   -1.384710E+02   -1.789544E+02    0.000000E+00    0.000000E+00    0.000000E+00    2.862680E+02   -1.372540E+02    1.590797E+01    0.000000E+00    0.000000E+00    0.000000E+00
3.807500E+00   -8.681540E+01   -8.505451E+01   -1.630219E+02    0.000000E+00    0.000000E+00    0.000000E+00    2.241127E+02   -1.580352E+02   -3.704070E+01    0.000000E+00    0.000000E+00    0.000000E+00
3.808500E+00   -8.492299E+01   -1.012919E+02   -1.473304E+02    0.000000E+00    0.000000E+00    0.000000E+00    2.247500E+02   -1.469379E+02   -2.894175E+01    0.000000E+00    0.000000E+00    0.000000E+00
3.809500E+00   -7.552863E+01   -1.032549E+02   -1.617492E+02    0.000000E+00    0.000000E+00    0.000000E+00    2.413751E+02   -1.432428E+02   -2.143487E+01    0.000000E+00    0.000000E+00    0.000000E+00
3.810500E+00   -1.568430E+02   -8.310811E+01   -1.766782E+02    0.000000E+00    0.000000E+00    0.000000E+00    2.357813E+02   -2.252496E+02   -1.037238E+02    0.000000E+00    0.000000E+00    0.000000E+00
3.811500E+00   -7.046823E+01   -1.235055E+02   -1.617016E+02    0.000000E+00    0.000000E+00    0.000000E+00    2.611776E+02   -1.350576E+02   -1.085705E+01    0.000000E+00    0.000000E+00    0.000000E+00
3.812500E+00   -5.869512E+01   -9.312900E+01   -1.694907E+02    0.000000E+00    0.000000E+00    0.000000E+00    2.398246E+02   -1.294828E+02   -1.198691E+01    0.000000E+00    0.000000E+00    0.000000E+00
3.813500E+00   -5.162711E+01   -1.186113E+02   -1.455642E+02    0.000000E+00    0.000000E+00    0.000000E+00    2.414211E+02   -1.099257E+02    3.206206E+00    0.000000E+00    0.000000E+00    0.000000E+00
3.814500E+00   -4.606076E+01   -1.013616E+02   -1.498675E+02    0.000000E+00    0.000000E+00    0.000000E+00    2.305752E+02   -1.062332E+02    3.133230E-01    0.000000E+00    0.000000E+00    0.000000E+00
3.815500E+00   -4.133577E+01   -1.278951E+02   -1.688987E+02    0.000000E+00    0.000000E+00    0.000000E+00    2.721737E+02   -1.087771E+02    1.540153E+01    0.000000E+00    0.000000E+00    0.000000E+00
3.816500E+00   -1.077088E+02   -8.947573E+01   -1.460078E+02    0.000000E+00    0.000000E+00    0.000000E+00    2.164818E+02   -1.596449E+02   -6.253281E+01    0.000000E+00    0.000000E+00    0.000000E+00
3.817500E+00   -1.195785E+02   -7.874378E+01   -1.737095E+02    0.000000E+00    0.000000E+00    0.000000E+00    2.338821E+02   -1.794915E+02   -7.983841E+01    0.000000E+00    0.000000E+00    0.000000E+00
3.818500E+00   -8.067995E+01   -1.033737E+02   -1.308288E+02    0.000000E+00    0.000000E+00    0.000000E+00    2.160549E+02   -1.253197E+02   -3.478009E+01    0.000000E+00    0.000000E+00    0.000000E+00
3.819500E+00   -2.860411E+01   -1.293655E+02   -1.760637E+02    0.000000E+00    0.000000E+00    0.000000E+00    2.822345E+02   -9.520985E+01    2.339763E+01    0.000000E+00    0.000000E+00    0.000000E+00
3.820500E+00   -8.255495E+01   -1.084006E+02   -1.730803E+02    0.000000E+00    0.000000E+00    0.000000E+00    2.613337E+02   -1.411632E+02   -3.637055E+01    0.000000E+00    0.000000E+00    0.000000E+00
3.821500E+00   -3.603778E+00   -1.163282E+02   -1.392738E+02    0.000000E+00    0.000000E+00    0.000000E+00    2.369559E+02   -5.536708E+01    3.966890E+01    0.000000E+00    0.000000E+00    0.000000E+00
3.822500E+00   -2.094221E+01   -1.153904E+02   -1.497785E+02    0.000000E+00    0.000000E+00    0.000000E+00    2.460760E+02   -7.452487E+01    2.266478E+01    0.000000E+00    0.000000E+00    0.000000E+00
3.823500E+00    2.358168E+01   -1.471159E+02   -1.706477E+02    0.000000E+00    0.000000E+00    0.000000E+00    2.959686E+02   -3.770823E+01    7.350388E+01    0.000000E+00    0.000000E+00    0.000000E+00
3.824500E+00   -6.930831E+01   -1.261336E+02   -1.795142E+02    0.000000E+00    0.000000E+00    0.000000E+00    2.846064E+02   -1.267074E+02   -2.107050E+01    0.000000E+00    0.000000E+00    0.000000E+00
3.825500E+00    1.141304E+01   -1.393165E+02   -1.744903E+02    0.000000E+00    0.000000E+00    0.000000E+00    2.927782E+02   -4.905598E+01    5.764122E+01    0.000000E+00    0.000000E+00    0.000000E+00
3.826500E+00   -1.903700E+01   -1.364831E+02   -1.811188E+02    0.000000E+00    0.000000E+00    0.000000E+00    2.965807E+02   -7.767377E+01    2.738800E+01    0.000000E+00    0.000000E+00    0.000000E+00
3.827500E+00   -4.487266E+01   -1.425227E+02   -1.862864E+02    0.000000E+00    0.000000E+00    0.000000E+00    3.068523E+02   -1.026803E+02    4.102766E+00    0.000000E+00    0.000000E+00    0.000000E+00
3.828500E+00   -5.965585E+01   -1.205177E+02   -1.864901E+02    0.000000E+00    0.000000E+00    0.000000E+00    2.886714E+02   -1.131663E+02   -1.919150E+01    0.000000E+00    0.000000E+00    0.000000E+00
3.829500E+00   -6.184882E+01   -1.254189E+02   -1.680326E+02    0.000000E+00    0.000000E+00    0.000000E+00    2.747149E+02   -1.094133E+02   -1.977906E+01    0.000000E+00    0.000000E+00    0.000000E+00
3.830500E+00   -1.659498E+02   -9.431602E+01   -1.929399E+02    0.000000E+00    0.000000E+00    0.000000E+00    2.711457E+02   -2.123800E+02   -1.296964E+02    0.000000E+00    0.000000E+00    0.000000E+00
3.831500E+00   -6.727363E+01   -1.310693E+02   -1.660216E+02    0.000000E+00    0.000000E+00    0.000000E+00    2.785453E+02   -1.102847E+02   -2.658457E+01    0.000000E+00    0.000000E+00    0.000000E+00
3.832500E+00   -8.688341E+01   -1.127271E+02   -1.912376E+02    0.000000E+00    0.000000E+00    0.000000E+00    2.871849E+02   -1.360946E+02   -5.062484E+01    0.000000E+00    0.000000E+00    0.000000E+00
3.833500E+00   -1.348646E+02   -1.236844E+02   -1.676813E+02    0.000000E+00    0.000000E+00    0.000000E+00    2.744193E+02   -1.697322E+02   -9.613858E+01    0.000000E+00    0.000000E+00    0.000000E+00
3.834500E+00   -3.117027E+01   -1.103352E+02   -1.709007E+02    0.000000E+00    0.000000E+00    0.000000E+00    2.669579E+02   -7.422218E+01   -1.343145E+00    0.000000E+00    0.000000E+00    0.000000E+00
3.835500E+00   -7.496937E+00   -1.250663E+02   -1.582400E+02    0.000000E+00    0.000000E+00    0.000000E+00    2.678464E+02   -4.712605E+01    2.461084E+01    0.000000E+00    0.000000E+00    0.000000E+00
3.836500E+00    4.556844E+01   -1.267961E+02   -1.476193E+02    0.000000E+00    0.000000E+00    0.000000E+00    2.594798E+02    4.885500E+00    7.606173E+01    0.000000E+00    0.000000E+00    0.000000E+00
3.837500E+00   -8.706338E+01   -1.115716E+02   -1.546511E+02    0.000000E+00    0.000000E+00    0.000000E+00    2.520916E+02   -1.186555E+02   -5.710075E+01    0.000000E+00    0.000000E+00    0.000000E+00
3.838500E+00   -3.574316E+01   -1.103658E+02   -1.519206E+02    0.000000E+00    0.000000E+00    0.000000E+00    2.492981E+02   -6.919572E+01   -9.655231E+00    0.000000E+00    0.000000E+00    0.000000E+00
3.839500E+00   -3.926388E+01   -1.169799E+02   -1.629203E+02    0.000000E+00    0.000000E+00    0.000000E+00    2.658971E+02   -7.408132E+01   -1.169045E+01    0.000000E+00    0.000000E+00    0.000000E+00
3.840500E+00   -6.244780E+01   -7.071116E+01   -1.025324E+02    0.000000E+00    0.000000E+00    0.000000E+00    1.651421E+02   -8.078229E+01   -4.551429E+01    0.000000E+00    0.000000E+00    0.000000E+00
3.841500E+00    4.054594E+01   -1.372606E+02   -1.777363E+02    0.000000E+00    0.000000E+00    0.000000E+00    2.995940E+02   -6.264782E-01    6.849021E+01    0.000000E+00    0.000000E+00    0.000000E+00
3.842500E+00   -5.558884E+01   -1.321130E+02   -1.699491E+02    0.000000E+00    0.000000E+00    0.000000E+00    2.875767E+02   -8.460419E+01   -2.808824E+01    0.000000E+00    0.000000E+00    0.000000E+00
3.843500E+00   -5.673713E+01   -9.435541E+01   -1.474512E+02    0.000000E+00    0.000000E+00    0.000000E+00    2.325558E+02   -7.915268E+01   -3.907014E+01    0.000000E+00    0.000000E+00    0.000000E+00
3.844500E+00   -2.532750E+01   -1.394044E+02   -1.912027E+02    0.000000E+00    0.000000E+00    0.000000E+00    3.162089E+02   -5.719962E+01   -3.737722E-01    0.000000E+00    0.000000E+00    0.000000E+00
3.845500E+00    8.014968E+00   -1.454000E+02   -1.666696E+02    0.000000E+00    0.000000E+00    0.000000E+00    2.966315E+02   -2.308988E+01    3.363871E+01    0.000000E+00    0.000000E+00    0.000000E+00
3.846500E+00   -6.787132E+01   -1.198930E+02   -1.902142E+02    0.000000E+00    0.000000E+00    0.000000E+00    2.984704E+02   -9.291749E+01   -4.811030E+01    0.000000E+00    0.000000E+00    0.000000E+00
3.847500E+00   -2.190159E+00   -1.067000E+02   -1.235012E+02    0.000000E+00    0.000000E+00    0.000000E+00    2.192250E+02   -2.312132E+01    1.522916E+01    0.000000E+00    0.000000E+00    0.000000E+00
3.848500E+00   -1.013297E+01   -1.182565E+02   -1.844423E+02    0.000000E+00    0.000000E+00    0.000000E+00    2.916246E+02   -3.687705E+01    7.331053E+00    0.000000E+00    0.000000E+00    0.000000E+00
3.849500E+00   -5.354857E+00   -1.424067E+02   -1.638994E+02    0.000000E+00    0.000000E+00    0.000000E+00    2.922793E+02   -2.729413E+01    1.454292E+01    0.000000E+00    0.000000E+00    0.000000E+00
3.850500E+00    4.638404E+00   -1.210243E+02   -1.847503E+02    0.000000E+00    0.000000E+00    0.000000E+00    2.951658E+02   -1.964268E+01    2.029307E+01    0.000000E+00    0.000000E+00    0.000000E+00
3.851500E+00    1.176668E+01   -1.385635E+02   -1.587593E+02    0.000000E+00    0.000000E+00    0.000000E+00    2.841135E+02   -8.224887E+00    2.820225E+01    0.000000E+00    0.000000E+00    0.000000E+00
3.852500E+00   -1.487797E+02   -1.602045E+02   -2.475609E+02    0.000000E+00    0.000000E+00    0.000000E+00    3.932163E+02   -1.653492E+02   -1.297974E+02    0.000000E+00    0.000000E+00    0.000000E+00
3.853500E+00    4.475625E+01   -1.040097E+02   -1.434118E+02    0.000000E+00    0.000000E+00    0.000000E+00    2.385272E+02    2.660488E+01    5.436179E+01    0.000000E+00    0.000000E+00    0.000000E+00
3.854500E+00   -1.149013E+02   -1.505727E+02   -2.041326E+02    0.000000E+00    0.000000E+00    0.000000E+00    3.409096E+02   -1.260542E+02   -9.954905E+01    0.000000E+00    0.000000E+00    0.000000E+00
3.855500E+00   -6.057512E+01   -1.244993E+02   -1.842825E+02    0.000000E+00    0.000000E+00    0.000000E+00    2.984138E+02   -7.082621E+01   -5.064468E+01    0.000000E+00    0.000000E+00    0.000000E+00
3.856500E+00   -2.000463E+01   -1.415998E+02   -1.813991E+02    0.000000E+00    0.000000E+00    0.000000E+00    3.110137E+02   -3.122078E+01   -1.020404E+01    0.000000E+00    0.000000E+00    0.000000E+00
3.857500E+00   -2.442621E+01   -1.274799E+02   -1.704340E+02    0.000000E+00    0.000000E+00    0.000000E+00    2.867728E+02   -3.394261E+01   -1.585307E+01    0.000000E+00    0.000000E+00    0.000000E+00
3.858500E+00   -3.838747E+01   -1.233410E+02   -1.760656E+02    0.000000E+00    0.000000E+00    0.000000E+00    2.894713E+02   -4.547228E+01   -3.167612E+01    0.000000E+00    0.000000E+00    0.000000E+00
3.859500E+00   -4.880072E+01   -1.442801E+02   -1.732264E+02    0.000000E+00    0.000000E+00    0.000000E+00    3.048944E+02   -5.272403E+01   -4.276008E+01    0.000000E+00    0.000000E+00    0.000000E+00
3.860500E+00   -1.795746E+01   -1.074893E+02   -1.545577E+02    0.000000E+00    0.000000E+00    0.000000E+00    2.535803E+02   -2.329212E+01   -1.389932E+01    0.000000E+00    0.000000E+00    0.000000E+00
3.861500E+00   -1.134699E+01   -1.038586E+02   -1.634010E+02    0.000000E+00    0.000000E+00    0.000000E+00    2.592408E+02   -1.512496E+01   -8.555697E+00    0.000000E+00    0.000000E+00    0.000000E+00
3.862500E+00   -6.319118E-01   -1.339239E+02   -1.488731E+02    0.000000E+00    0.000000E+00    0.000000E+00    2.712149E+02   -3.599681E+00    1.494666E+00    0.000000E+00    0.000000E+00    0.000000E+00
3.863500E+00   -2.254321E+01   -1.122815E+02   -1.706753E+02    0.000000E+00    0.000000E+00    0.000000E+00    2.747849E+02   -2.204335E+01   -2.207365E+01    0.000000E+00    0.000000E+00    0.000000E+00
3.864500E+00   -2.418373E+01   -1.409712E+02   -1.715708E+02    0.000000E+00    0.000000E+00    0.000000E+00    3.009395E+02   -2.153493E+01   -2.541736E+01    0.000000E+00    0.000000E+00    0.000000E+00
3.865500E+00    2.557359E+00   -1.268534E+02   -1.886666E+02    0.000000E+00    0.000000E+00    0.000000E+00    3.061032E+02    5.056198E+00    2.921471E-01    0.000000E+00    0.000000E+00    0.000000E+00
3.866500E+00   -3.520332E+01   -1.392800E+02   -1.769753E+02    0.000000E+00    0.000000E+00    0.000000E+00    3.048799E+02   -2.727616E+01   -3.929131E+01    0.000000E+00    0.000000E+00    0.000000E+00
3.867500E+00   -2.484449E+01   -1.419344E+02   -1.867773E+02    0.000000E+00    0.000000E+00    0.000000E+00    3.174683E+02   -1.598664E+01   -3.035333E+01    0.000000E+00    0.000000E+00    0.000000E+00
3.868500E+00   -1.889330E+01   -1.338927E+02   -1.958497E+02    0.000000E+00    0.000000E+00    0.000000E+00    3.192983E+02   -8.809503E+00   -2.502819E+01    0.000000E+00    0.000000E+00    0.000000E+00
3.869500E+00    5.968356E+01   -1.433395E+02   -1.868276E+02    0.000000E+00    0.000000E+00    0.000000E+00    3.177774E+02    6.304250E+01    5.290627E+01    0.000000E+00    0.000000E+00    0.000000E+00
3.870500E+00   -4.248595E+01   -1.210995E+02   -1.939411E+02    0.000000E+00    0.000000E+00    0.000000E+00    3.063470E+02   -2.502834E+01   -5.128095E+01    0.000000E+00    0.000000E+00    0.000000E+00
3.871500E+00    1.548816E+01   -1.483223E+02   -1.773290E+02    0.000000E+00    0.000000E+00    0.000000E+00    3.124818E+02    2.655860E+01    4.818596E+00    0.000000E+00    0.000000E+00    0.000000E+00
3.872500E+00   -1.007828E+01   -1.385553E+02   -1.907095E+02    0.000000E+00    0.000000E+00    0.000000E+00    3.181443E+02    7.532007E+00   -2.245250E+01    0.000000E+00    0.000000E+00    0.000000E+00
3.873500E+00   -4.939246E+00   -1.158708E+02   -1.657973E+02    0.000000E+00    0.000000E+00    0.000000E+00    2.723014E+02    1.021800E+01   -1.548220E+01    0.000000E+00    0.000000E+00    0.000000E+00
3.874500E+00    4.173791E+00   -1.272650E+02   -1.833595E+02    0.000000E+00    0.000000E+00    0.000000E+00    3.001763E+02    2.195180E+01   -8.733187E+00    0.000000E+00    0.000000E+00    0.000000E+00
3.875500E+00   -2.588336E+01   -1.357252E+02   -1.703849E+02    0.000000E+00    0.000000E+00    0.000000E+00    2.949387E+02   -3.631491E+00   -4.194906E+01    0.000000E+00    0.000000E+00    0.000000E+00
3.876500E+00    3.571116E+01   -1.068075E+02   -1.600590E+02    0.000000E+00    0.000000E+00    0.000000E+00    2.583810E+02    5.239549E+01    2.245265E+01    0.000000E+00    0.000000E+00    0.000000E+00
3.877500E+00    9.604945E+00   -1.414879E+02   -1.850359E+02    0.000000E+00    0.000000E+00    0.000000E+00    3.141702E+02    3.294970E+01   -9.372308E+00    0.000000E+00    0.000000E+00    0.000000E+00
3.878500E+00    1.670846E+00   -1.265671E+02   -1.859992E+02    0.000000E+00    0.000000E+00    0.000000E+00    3.021168E+02    2.800198E+01   -1.682699E+01    0.000000E+00    0.000000E+00    0.000000E+00
3.879500E+00    3.809923E+01   -1.363385E+02   -1.764360E+02    0.000000E+00    0.000000E+00    0.000000E+00    3.003301E+02    6.130823E+01    1.702097E+01    0.000000E+00    0.000000E+00    0.000000E+00
3.880500E+00    1.151551E+01   -1.269981E+02   -1.875310E+02    0.000000E+00    0.000000E+00    0.000000E+00    3.033710E+02    4.115195E+01   -9.217550E+00    0.000000E+00    0.000000E+00    0.000000E+00
3.881500E+00    3.836554E+01   -1.437070E+02   -1.844316E+02    0.000000E+00    0.000000E+00    0.000000E+00    3.143351E+02    6.492872E+01    1.401413E+01    0.000000E+00    0.000000E+00    0.000000E+00
3.882500E+00    4.422517E+01   -1.330948E+02   -1.968818E+02    0.000000E+00    0.000000E+00    0.000000E+00    3.178723E+02    7.694996E+01    1.908974E+01    0.000000E+00    0.000000E+00    0.000000E+00
3.883500E+00    6.137199E+01   -1.183320E+02   -1.644239E+02    0.000000E+00    0.000000E+00    0.000000E+00    2.712671E+02    8.626073E+01    3.917876E+01    0.000000E+00    0.000000E+00    0.000000E+00
3.884500E+00   -2.629029E+01   -1.095386E+02   -1.283276E+02    0.000000E+00    0.000000E+00    0.000000E+00    2.282192E+02    2.596647E+00   -4.935911E+01    0.000000E+00    0.000000E+00    0.000000E+00
3.885500E+00    6.137643E+01   -1.068950E+02   -1.752121E+02    0.000000E+00    0.000000E+00    0.000000E+00    2.712593E+02    9.313361E+01    3.797855E+01    0.000000E+00    0.000000E+00    0.000000E+00
3.886500E+00    8.491230E+01   -1.016368E+02   -1.533423E+02    0.000000E+00    0.000000E+00    0.000000E+00    2.441885E+02    1.118491E+02    6.170296E+01    0.000000E+00    0.000000E+00    0.000000E+00
3.887500E+00   -1.774045E+01   -1.198426E+02   -1.580475E+02    0.000000E+00    0.000000E+00    0.000000E+00    2.658621E+02    1.865118E+01   -4.414991E+01    0.000000E+00    0.000000E+00    0.000000E+00
3.888500E+00    6.259053E+01   -1.162576E+02   -1.687787E+02    0.000000E+00    0.000000E+00    0.000000E+00    2.724651E+02    9.481951E+01    3.491215E+01    0.000000E+00    0.000000E+00    0.000000E+00
3.889500E+00    2.408235E+01   -8.344288E+01   -1.457407E+02    0.000000E+00    0.000000E+00    0.000000E+00    2.203728E+02    5.642426E+01    3.841938E+00    0.000000E+00    0.000000E+00    0.000000E+00
3.890500E+00    2.335416E+01   -1.292474E+02   -1.423259E+02    0.000000E+00    0.000000E+00    0.000000E+00    2.572150E+02    5.617473E+01   -9.513057E+00    0.000000E+00    0.000000E+00    0.000000E+00
3.891500E+00    3.640407E+01   -9.435510E+01   -1.628514E+02    0.000000E+00    0.000000E+00    0.000000E+00    2.465011E+02    7.640802E+01    1.057616E+01    0.000000E+00    0.000000E+00    0.000000E+00
3.892500E+00    1.325933E+01   -1.089040E+02   -1.426258E+02    0.000000E+00    0.000000E+00    0.000000E+00    2.390663E+02    4.904259E+01   -1.580849E+01    0.000000E+00    0.000000E+00    0.000000E+00
3.893500E+00    2.831823E+01   -1.154024E+02   -1.636338E+02    0.000000E+00    0.000000E+00    0.000000E+00    2.651811E+02    7.106678E+01   -4.689001E+00    0.000000E+00    0.000000E+00    0.000000E+00
3.894500E+00    3.911003E+01   -1.194179E+02   -1.672373E+02    0.000000E+00    0.000000E+00    0.000000E+00    2.715763E+02    8.320645E+01    3.864344E+00    0.000000E+00    0.000000E+00    0.000000E+00
3.895500E+00    4.727323E+01   -1.199455E+02   -1.742819E+02    0.000000E+00    0.000000E+00    0.000000E+00    2.787717E+02    9.442067E+01    1.037445E+01    0.000000E+00    0.000000E+00    0.000000E+00
3.896500E+00    2.870532E+01   -1.264705E+02   -1.649229E+02    0.000000E+00    0.000000E+00    0.000000E+00    2.747306E+02    7.615528E+01   -1.092264E+01    0.000000E+00    0.000000E+00    0.000000E+00
3.897500E+00    4.960922E+01   -1.151224E+02   -1.709726E+02    0.000000E+00    0.000000E+00    0.000000E+00    2.704975E+02    9.703313E+01    1.251051E+01    0.000000E+00    0.000000E+00    0.000000E+00
3.898500E+00    3.140788E+01   -1.412499E+02   -1.895877E+02    0.000000E+00    0.000000E+00    0.000000E+00    3.115994E+02    8.754472E+01   -1.451012E+01    0.000000E+00    0.000000E+00    0.000000E+00
3.899500E+00    4.142469E+01   -1.388015E+02   -1.801964E+02    0.000000E+00    0.000000E+00    0.000000E+00    2.997268E+02    9.710136E+01   -6.506368E+00    0.000000E+00    0.000000E+00    0.000000E+00
3.900500E+00    6.759350E+01   -1.235599E+02   -1.789072E+02    0.000000E+00    0.000000E+00    0.000000E+00    2.839352E+02    1.219497E+02    2.282024E+01    0.000000E+00    0.000000E+00    0.000000E+00
3.901500E+00    5.855317E+01   -1.169512E+02   -1.899256E+02    0.000000E+00    0.000000E+00    0.000000E+00    2.885083E+02    1.193273E+02    1.509939E+01    0.000000E+00    0.000000E+00    0.000000E+00
3.902500E+00    4.137076E+01   -1.437509E+02   -1.725768E+02    0.000000E+00    0.000000E+00    0.000000E+00    2.950066E+02    9.932082E+01   -1.237017E+01    0.000000E+00    0.000000E+00    0.000000E+00
3.903500E+00   -2.105179E+01   -1.274329E+02   -1.799641E+02    0.000000E+00    0.000000E+00    0.000000E+00    2.883111E+02    4.487880E+01   -6.600598E+01    0.000000E+00    0.000000E+00    0.000000E+00
3.904500E+00    1.667697E+01   -1.242987E+02   -1.903079E+02    0.000000E+00    0.000000E+00    0.000000E+00    2.958148E+02    8.576920E+01   -3.107486E+01    0.000000E+00    0.000000E+00    0.000000E+00
3.905500E+00    6.930321E+01   -1.039470E+02   -1.665944E+02    0.000000E+00    0.000000E+00    0.000000E+00    2.524771E+02    1.255172E+02    2.618704E+01    0.000000E+00    0.000000E+00    0.000000E+00
3.906500E+00    1.009305E+02   -9.407090E+01   -1.631275E+02    0.000000E+00    0.000000E+00    0.000000E+00    2.389811E+02    1.564627E+02    5.847331E+01    0.000000E+00    0.000000E+00    0.000000E+00
3.907500E+00    5.693021E+01   -9.870187E+01   -1.523140E+02    0.000000E+00    0.000000E+00    0.000000E+00    2.329730E+02    1.138104E+02    1.347279E+01    0.000000E+00    0.000000E+00    0.000000E+00
3.908500E+00    3.372149E+01   -1.176958E+02   -1.618312E+02    0.000000E+00    0.000000E+00    0.000000E+00    2.588216E+02    9.539273E+01   -1.601060E+01    0.000000E+00    0.000000E+00    0.000000E+00
3.909500E+00    4.264536E+01   -1.164084E+02   -1.892061E+02    0.000000E+00    0.000000E+00    0.000000E+00    2.833895E+02    1.156007E+02   -8.003718E+00    0.000000E+00    0.000000E+00    0.000000E+00
3.910500E+00    1.196234E+02   -9.939153E+01   -1.688779E+02    0.000000E+00    0.000000E+00    0.000000E+00    2.466233E+02    1.798681E+02    6.917221E+01    0.000000E+00    0.000000E+00    0.000000E+00
3.911500E+00   -3.525338E+01   -1.474088E+02   -1.720859E+02    0.000000E+00    0.000000E+00    0.000000E+00    2.947339E+02    3.842525E+01   -9.383445E+01    0.000000E+00    0.000000E+00    0.000000E+00
3.912500E+00    3.104360E+01   -1.126884E+02   -1.690781E+02    0.000000E+00    0.000000E+00    0.000000E+00    2.592024E+02    1.007854E+02   -2.037146E+01    0.000000E+00    0.000000E+00    0.000000E+00
3.913500E+00    8.757840E+00   -1.435742E+02   -1.624228E+02    0.000000E+00    0.000000E+00    0.000000E+00    2.807538E+02    7.758846E+01   -5.474412E+01    0.000000E+00    0.000000E+00    0.000000E+00
3.914500E+00    4.647240E+01   -1.030344E+02   -1.698269E+02    0.000000E+00    0.000000E+00    0.000000E+00    2.501153E+02    1.193848E+02   -4.268300E+00    0.000000E+00    0.000000E+00    0.000000E+00
3.915500E+00    7.560781E+01   -9.095647E+01   -1.475945E+02    0.000000E+00    0.000000E+00    0.000000E+00    2.178119E+02    1.364721E+02    2.742770E+01    0.000000E+00    0.000000E+00    0.000000E+00
3.916500E+00    9.187904E+01   -8.560910E+01   -1.314753E+02    0.000000E+00    0.000000E+00    0.000000E+00    1.970408E+02    1.470136E+02    4.226577E+01    0.000000E+00    0.000000E+00    0.000000E+00
3.917500E+00   -2.127318E+01   -1.289119E+02   -1.520298E+02    0.000000E+00    0.000000E+00    0.000000E+00    2.570249E+02    4.956878E+01   -7.858848E+01    0.000000E+00    0.000000E+00    0.000000E+00
3.918500E+00    4.290546E+01   -1.091735E+02   -1.354337E+02    0.000000E+00    0.000000E+00    0.000000E+00    2.222052E+02    1.038173E+02   -1.432770E+01    0.000000E+00    0.000000E+00    0.000000E+00
3.919500E+00    1.459113E+01   -1.064260E+02   -1.366931E+02    0.000000E+00    0.000000E+00    0.000000E+00    2.214877E+02    7.783642E+01   -3.780259E+01    0.000000E+00    0.000000E+00    0.000000E+00
3.920500E+00   -6.959769E+01   -1.812928E+02   -1.837392E+02    0.000000E+00    0.000000E+00    0.000000E+00    3.318953E+02    2.398700E+01   -1.502390E+02    0.000000E+00    0.000000E+00    0.000000E+00
3.921500E+00    9.139258E+00   -1.182665E+02   -1.487546E+02    0.000000E+00    0.000000E+00    0.000000E+00    2.415237E+02    8.265554E+01   -5.136213E+01    0.000000E+00    0.000000E+00    0.000000E+00
3.922500E+00    2.532443E+01   -1.255341E+02   -1.507599E+02    0.000000E+00    0.000000E+00    0.000000E+00    2.487957E+02    9.994596E+01   -4.160139E+01    0.000000E+00    0.000000E+00    0.000000E+00
3.923500E+00   -8.566601E+00   -1.366744E+02   -1.525850E+02    0.000000E+00    0.000000E+00    0.000000E+00    2.602850E+02    7.147688E+01   -7.876368E+01    0.000000E+00    0.000000E+00    0.000000E+00
3.924500E+00    4.712826E+01   -1.163024E+02   -1.863047E+02    0.000000E+00    0.000000E+00    0.000000E+00    2.699525E+02    1.418702E+02   -2.068770E+01    0.000000E+00    0.000000E+00    0.000000E+00
3.925500E+00    5.459340E+01   -1.094987E+02   -1.291069E+02    0.000000E+00    0.000000E+00    0.000000E+00    2.125821E+02    1.203324E+02   -1.224588E+01    0.000000E+00    0.000000E+00    0.000000E+00
3.926500E+00    6.476287E+01   -1.073223E+02   -1.748542E+02    0.000000E+00    0.000000E+00    0.000000E+00    2.498831E+02    1.550494E+02   -2.879309E+00    0.000000E+00    0.000000E+00    0.000000E+00
3.927500E+00    4.601035E+01   -1.150509E+02   -1.770083E+02    0.000000E+00    0.000000E+00    0.000000E+00    2.584836E+02    1.400990E+02   -2.393621E+01    0.000000E+00    0.000000E+00    0.000000E+00
3.928500E+00    1.522449E+01   -1.465314E+02   -1.690314E+02    0.000000E+00    0.000000E+00    0.000000E+00    2.797019E+02    1.086205E+02   -6.932469E+01    0.000000E+00    0.000000E+00    0.000000E+00
3.929500E+00    4.478240E+01   -1.673376E+02   -2.288110E+02    0.000000E+00    0.000000E+00    0.000000E+00    3.490855E+02    1.705787E+02   -5.683832E+01    0.000000E+00    0.000000E+00    0.000000E+00
3.930500E+00    9.839386E+01   -7.165728E+01   -1.468764E+02    0.000000E+00    0.000000E+00    0.000000E+00    1.895396E+02    1.769458E+02    4.058142E+01    0.000000E+00    0.000000E+00    0.000000E+00
3.931500E+00    4.506626E+01   -1.366376E+02   -1.808405E+02    0.000000E+00    0.000000E+00    0.000000E+00    2.778768E+02    1.478574E+02   -4.211613E+01    0.000000E+00    0.000000E+00    0.000000E+00
3.932500E+00    4.332669E+01   -1.270937E+02   -1.643383E+02    0.000000E+00    0.000000E+00    0.000000E+00    2.541846E+02    1.381071E+02   -3.976989E+01    0.000000E+00    0.000000E+00    0.000000E+00
3.933500E+00    4.755749E+01   -9.988612E+01   -1.754338E+02    0.000000E+00    0.000000E+00    0.000000E+00    2.376491E+02    1.504926E+02   -2.140040E+01    0.000000E+00    0.000000E+00    0.000000E+00
3.934500E+00    5.066254E+01   -1.002923E+02   -1.265953E+02    0.000000E+00    0.000000E+00    0.000000E+00    1.968849E+02    1.233282E+02   -1.943344E+01    0.000000E+00    0.000000E+00    0.000000E+00
3.935500E+00    5.957849E+01   -5.120356E+01   -1.340572E+02    0.000000E+00    0.000000E+00    0.000000E+00    1.580567E+02    1.367702E+02    1.767136E+01    0.000000E+00    0.000000E+00    0.000000E+00
3.936500E+00    1.029752E+02   -1.132819E+02   -1.854262E+02    0.000000E+00    0.000000E+00    0.000000E+00    2.545642E+02    2.116059E+02    1.209245E+01    0.000000E+00    0.000000E+00    0.000000E+00
3.937500E+00    1.028753E+02   -9.908249E+01   -1.871675E+02    0.000000E+00    0.000000E+00    0.000000E+00    2.428892E+02    2.134371E+02    2.038500E+01    0.000000E+00    0.000000E+00    0.000000E+00
3.938500E+00    8.698788E+01   -6.400366E+01   -1.399978E+02    0.000000E+00    0.000000E+00    0.000000E+00    1.712183E+02    1.707000E+02    2.827863E+01    0.000000E+00    0.000000E+00    0.000000E+00
3.939500E+00    7.420082E+01   -1.233163E+02   -1.777826E+02    0.000000E+00    0.000000E+00    0.000000E+00    2.553556E+02    1.836733E+02   -2.127355E+01    0.000000E+00    0.000000E+00    0.000000E+00
3.940500E+00    9.933996E+01   -8.361035E+01   -1.801855E+02    0.000000E+00    0.000000E+00    0.000000E+00    2.190336E+02    2.116275E+02    2.239425E+01    0.000000E+00    0.000000E+00    0.000000E+00
3.941500E+00    7.325788E+01   -9.494620E+01   -1.530082E+02    0.000000E+00    0.000000E+00    0.000000E+00    2.079963E+02    1.692221E+02   -5.444243E+00    0.000000E+00    0.000000E+00    0.000000E+00
3.942500E+00    8.102367E+01   -1.220963E+02   -1.944440E+02    0.000000E+00    0.000000E+00    0.000000E+00    2.649369E+02    2.043828E+02   -1.845649E+01    0.000000E+00    0.000000E+00    0.000000E+00
3.943500E+00    8.443357E+01   -6.472557E+01   -1.416346E+02    0.000000E+00    0.000000E+00    0.000000E+00    1.699448E+02    1.744339E+02    2.107188E+01    0.000000E+00    0.000000E+00    0.000000E+00
3.944500E+00    1.021687E+02   -9.847680E+01   -1.789602E+02    0.000000E+00    0.000000E+00    0.000000E+00    2.293357E+02    2.153374E+02    1.189035E+01    0.000000E+00    0.000000E+00    0.000000E+00
3.945500E+00    1.329892E+02   -5.056179E+01   -1.714361E+02    0.000000E+00    0.000000E+00    0.000000E+00    1.766728E+02    2.437569E+02    6.485700E+01    0.000000E+00    0.000000E+00    0.000000E+00
3.946500E+00    3.773296E+01   -1.549884E+02   -1.710904E+02    0.000000E+00    0.000000E+00    0.000000E+00    2.733417E+02    1.541646E+02   -7.957489E+01    0.000000E+00    0.000000E+00    0.000000E+00
3.947500E+00    1.152647E+02   -3.851688E+01   -1.474888E+02    0.000000E+00    0.000000E+00    0.000000E+00    1.458574E+02    2.118792E+02    5.816893E+01    0.000000E+00    0.000000E+00    0.000000E+00
3.948500E+00    1.354611E+02   -4.410078E+01   -1.664281E+02    0.000000E+00    0.000000E+00    0.000000E+00    1.635178E+02    2.458122E+02    6.814878E+01    0.000000E+00    0.000000E+00    0.000000E+00
3.949500E+00    8.945794E+01   -9.356099E+01   -1.570832E+02    0.000000E+00    0.000000E+00    0.000000E+00    2.027327E+02    1.952409E+02   -8.479153E-01    0.000000E+00    0.000000E+00    0.000000E+00
3.950500E+00    4.745703E+01   -1.065989E+02   -1.705979E+02    0.000000E+00    0.000000E+00    0.000000E+00    2.255875E+02    1.658745E+02   -4.126055E+01    0.000000E+00    0.000000E+00    0.000000E+00
3.951500E+00    9.308045E+01   -6.158380E+01   -1.496490E+02    0.000000E+00    0.000000E+00    0.000000E+00    1.661464E+02    1.950393E+02    2.279486E+01    0.000000E+00    0.000000E+00    0.000000E+00
3.952500E+00    9.703814E+01   -7.900858E+01   -1.420519E+02    0.000000E+00    0.000000E+00    0.000000E+00    1.773905E+02    1.918820E+02    1.361315E+01    0.000000E+00    0.000000E+00    0.000000E+00
3.953500E+00    1.457760E+02    1.072583E+01   -1.403623E+02    0.000000E+00    0.000000E+00    0.000000E+00    9.013525E+01    2.404933E+02    1.119806E+02    0.000000E+00    0.000000E+00    0.000000E+00
3.954500E+00    7.785361E+01   -1.012647E+02   -1.547502E+02    0.000000E+00    0.000000E+00    0.000000E+00    2.058614E+02    1.851509E+02   -1.820953E+01    0.000000E+00    0.000000E+00    0.000000E+00
3.955500E+00    1.163265E+02   -4.007597E+01   -1.496404E+02    0.000000E+00    0.000000E+00    0.000000E+00    1.424473E+02    2.212519E+02    5.119075E+01    0.000000E+00    0.000000E+00    0.000000E+00
3.956500E+00    4.646068E+00   -1.838569E+02   -1.731178E+02    0.000000E+00    0.000000E+00    0.000000E+00    2.947404E+02    1.320483E+02   -1.335350E+02    0.000000E+00    0.000000E+00    0.000000E+00
3.957500E+00    6.649773E+00   -1.668881E+02   -1.694580E+02    0.000000E+00    0.000000E+00    0.000000E+00    2.744346E+02    1.342578E+02   -1.224238E+02    0.000000E+00    0.000000E+00    0.000000E+00
3.958500E+00    3.170704E+01   -1.413772E+02   -1.599854E+02    0.000000E+00    0.000000E+00    0.000000E+00    2.425802E+02    1.511112E+02   -8.646339E+01    0.000000E+00    0.000000E+00    0.000000E+00
3.959500E+00    8.593836E+01   -9.087573E+01   -1.482074E+02    0.000000E+00    0.000000E+00    0.000000E+00    1.862627E+02    1.945973E+02   -1.150976E+01    0.000000E+00    0.000000E+00    0.000000E+00
3.960500E+00    1.503339E+02   -1.720858E+00   -1.397686E+02    0.000000E+00    0.000000E+00    0.000000E+00    9.531998E+01    2.502411E+02    9.974615E+01    0.000000E+00    0.000000E+00    0.000000E+00
3.961500E+00    6.286635E+01   -9.889329E+01   -1.317766E+02    0.000000E+00    0.000000E+00    0.000000E+00    1.803653E+02    1.621714E+02   -3.555807E+01    0.000000E+00    0.000000E+00    0.000000E+00
3.962500E+00    1.382074E+02    2.220444E+01   -9.518357E+01    0.000000E+00    0.000000E+00    0.000000E+00    4.140750E+01    2.057635E+02    1.079572E+02    0.000000E+00    0.000000E+00    0.000000E+00
3.963500E+00    9.092291E+01   -1.010698E+02   -1.776768E+02    0.000000E+00    0.000000E+00    0.000000E+00    2.119178E+02    2.257261E+02   -2.003224E+01    0.000000E+00    0.000000E+00    0.000000E+00
3.964500E+00    8.183542E+01   -7.848445E+01   -1.471468E+02    0.000000E+00    0.000000E+00    0.000000E+00    1.703443E+02    1.930641E+02   -8.561244E+00    0.000000E+00    0.000000E+00    0.000000E+00
3.965500E+00    7.648479E+01   -1.003619E+02   -1.582696E+02    0.000000E+00    0.000000E+00    0.000000E+00    1.967374E+02    1.978780E+02   -3.077488E+01    0.000000E+00    0.000000E+00    0.000000E+00
3.966500E+00    9.572940E+01   -1.284703E+02   -1.930367E+02    0.000000E+00    0.000000E+00    0.000000E+00    2.448235E+02    2.434298E+02   -4.118692E+01    0.000000E+00    0.000000E+00    0.000000E+00
3.967500E+00    5.237081E+01   -5.001593E+01   -8.341098E+01    0.000000E+00    0.000000E+00    0.000000E+00    1.003807E+02    1.169664E+02   -7.443035E+00    0.000000E+00    0.000000E+00    0.000000E+00
3.968500E+00    1.254369E+02   -6.636520E+01   -1.894209E+02    0.000000E+00    0.000000E+00    0.000000E+00    1.807464E+02    2.733463E+02    2.398215E+01    0.000000E+00    0.000000E+00    0.000000E+00
3.969500E+00    1.321479E+02   -1.958620E+01   -1.312688E+02    0.000000E+00    0.000000E+00    0.000000E+00    9.873940E+01    2.335766E+02    6.506702E+01    0.000000E+00    0.000000E+00    0.000000E+00
3.970500E+00    9.203953E+01   -7.289848E+01   -1.405779E+02    0.000000E+00    0.000000E+00    0.000000E+00    1.551723E+02    2.024519E+02   -3.402953E+00    0.000000E+00    0.000000E+00    0.000000E+00
3.971500E+00    6.060504E+01   -4.285161E+01   -1.127840E+02    0.000000E+00    0.000000E+00    0.000000E+00    1.101871E+02    1.503070E+02    1.703120E+00    0.000000E+00    0.000000E+00    0.000000E+00
3.972500E+00    9.615792E+01   -8.109795E+01   -1.700479E+02    0.000000E+00    0.000000E+00    0.000000E+00    1.799791E+02    2.311580E+02   -8.859365E+00    0.000000E+00    0.000000E+00    0.000000E+00
3.973500E+00    9.790104E+01   -6.930420E+01   -1.567243E+02    0.000000E+00    0.000000E+00    0.000000E+00    1.597370E+02    2.227482E+02    1.165944E+00    0.000000E+00    0.000000E+00    0.000000E+00
3.974500E+00    1.171386E+02   -9.228461E+01   -1.911282E+02    0.000000E+00    0.000000E+00    0.000000E+00    2.008149E+02    2.704958E+02   -7.595436E+00    0.000000E+00    0.000000E+00    0.000000E+00
3.975500E+00    1.295135E+02   -5.648995E+01   -1.652886E+02    0.000000E+00    0.000000E+00    0.000000E+00    1.503138E+02    2.619141E+02    2.843917E+01    0.000000E+00    0.000000E+00    0.000000E+00
3.976500E+00    1.277276E+02   -4.389984E+01   -1.573440E+02    0.000000E+00    0.000000E+00    0.000000E+00    1.325528E+02    2.548858E+02    3.666385E+01    0.000000E+00    0.000000E+00    0.000000E+00
3.977500E+00    6.418659E+01   -1.191436E+02   -1.649607E+02    0.000000E+00    0.000000E+00    0.000000E+00    2.081819E+02    2.012878E+02   -6.452619E+01    0.000000E+00    0.000000E+00    0.000000E+00
3.978500E+00    1.255126E+02   -4.350492E+01   -1.532666E+02    0.000000E+00    0.000000E+00    0.000000E+00    1.278738E+02    2.508637E+02    3.335790E+01    0.000000E+00    0.000000E+00    0.000000E+00
3.979500E+00    1.212236E+02   -6.394816E+01   -1.727121E+02    0.000000E+00    0.000000E+00    0.000000E+00    1.574070E+02    2.639310E+02    1.295045E+01    0.000000E+00    0.000000E+00    0.000000E+00
3.980500E+00    1.346652E+02   -2.343842E+01   -1.451607E+02    0.000000E+00    0.000000E+00    0.000000E+00    1.025041E+02    2.537102E+02    5.456806E+01    0.000000E+00    0.000000E+00    0.000000E+00
3.981500E+00    1.038930E+02   -5.579073E+01   -1.602598E+02    0.000000E+00    0.000000E+00    0.000000E+00    1.423666E+02    2.372241E+02    9.939300E+00    0.000000E+00    0.000000E+00    0.000000E+00
3.982500E+00    3.624534E+01   -1.355248E+02   -1.201361E+02    0.000000E+00    0.000000E+00    0.000000E+00    1.960586E+02    1.376998E+02   -9.740399E+01    0.000000E+00    0.000000E+00    0.000000E+00
3.983500E+00    1.351502E+02   -3.583180E+00   -1.412234E+02    0.000000E+00    0.000000E+00    0.000000E+00    7.925063E+01    2.526380E+02    6.937414E+01    0.000000E+00    0.000000E+00    0.000000E+00
3.984500E+00    8.990845E+01   -8.721212E+01   -1.411108E+02    0.000000E+00    0.000000E+00    0.000000E+00    1.606813E+02    2.076277E+02   -2.661821E+01    0.000000E+00    0.000000E+00    0.000000E+00
3.985500E+00    9.445521E+01   -4.761258E+01   -1.400694E+02    0.000000E+00    0.000000E+00    0.000000E+00    1.199118E+02    2.137425E+02    7.952584E+00    0.000000E+00    0.000000E+00    0.000000E+00
3.986500E+00    9.225639E+01   -6.208146E+01   -1.383115E+02    0.000000E+00    0.000000E+00    0.000000E+00    1.311415E+02    2.107309E+02   -6.929725E+00    0.000000E+00    0.000000E+00    0.000000E+00
3.987500E+00    1.110293E+02   -3.056698E+01   -1.311897E+02    0.000000E+00    0.000000E+00    0.000000E+00    9.741883E+01    2.222964E+02    3.072055E+01    0.000000E+00    0.000000E+00    0.000000E+00
3.988500E+00    1.214434E+02   -2.560064E+00   -1.442290E+02    0.000000E+00    0.000000E+00    0.000000E+00    7.528082E+01    2.457349E+02    5.933841E+01    0.000000E+00    0.000000E+00    0.000000E+00
3.989500E+00    1.027536E+02   -4.436594E+01   -1.371869E+02    0.000000E+00    0.000000E+00    0.000000E+00    1.129728E+02    2.196364E+02    1.356867E+01    0.000000E+00    0.000000E+00    0.000000E+00
3.990500E+00    9.758705E+01   -4.412114E+01   -1.252349E+02    0.000000E+00    0.000000E+00    0.000000E+00    1.062997E+02    2.043871E+02    1.064896E+01    0.000000E+00    0.000000E+00    0.000000E+00
3.991500E+00    7.523040E+01   -2.531298E+01   -9.903417E+01    0.000000E+00    0.000000E+00    0.000000E+00    7.506933E+01    1.603022E+02    1.563818E+01    0.000000E+00    0.000000E+00    0.000000E+00
3.992500E+00    8.177421E+01   -4.748645E+01   -1.310868E+02    0.000000E+00    0.000000E+00    0.000000E+00    1.110843E+02    1.961767E+02   -1.725228E+00    0.000000E+00    0.000000E+00    0.000000E+00
3.993500E+00    7.642148E+01   -8.364753E+01   -1.222444E+02    0.000000E+00    0.000000E+00    0.000000E+00    1.407048E+02    1.824537E+02   -3.752514E+01    0.000000E+00    0.000000E+00    0.000000E+00
3.994500E+00    9.347892E+01   -9.490884E+01   -1.724408E+02    0.000000E+00    0.000000E+00    0.000000E+00    1.743991E+02    2.457854E+02   -4.100148E+01    0.000000E+00    0.000000E+00    0.000000E+00
3.995500E+00    6.841748E+01   -1.042224E+02   -1.412178E+02    0.000000E+00    0.000000E+00    0.000000E+00    1.673538E+02    1.939042E+02   -6.212844E+01    0.000000E+00    0.000000E+00    0.000000E+00
3.996500E+00    9.249377E+01   -8.218438E+01   -1.548954E+02    0.000000E+00    0.000000E+00    0.000000E+00    1.520543E+02    2.296236E+02   -3.122948E+01    0.000000E+00    0.000000E+00    0.000000E+00
3.997500E+00    1.018134E+02   -6.224041E+01   -1.492979E+02    0.000000E+00    0.000000E+00    0.000000E+00    1.278470E+02    2.349410E+02   -1.051957E+01    0.000000E+00    0.000000E+00    0.000000E+00
3.998500E+00    1.226495E+02   -1.170450E+02   -2.038641E+02    0.000000E+00    0.000000E+00    0.000000E+00    2.061591E+02    3.040456E+02   -5.077640E+01    0.000000E+00    0.000000E+00    0.000000E+00
3.999500E+00    1.022816E+02   -4.386479E+01   -1.301819E+02    0.000000E+00    0.000000E+00    0.000000E+00    1.001975E+02    2.186991E+02    5.149186E+00    0.000000E+00    0.000000E+00    0.000000E+00
