 LS-DYNA keyword deck by LS-PrePost                                      
                    ls-dyna mpp d R14 R14.1.1_16_fadfb4 date 05/14/2025
ICFD Drag Forces and Moments
time,            Fpx,Fpy,            Fpz,Fvx,            Fvy,Fvz,            Mpx,Mpy,            Mpz,Mvx,            Mvy,Mvz
5.000000E-04   -1.871024E-02    7.388452E-01   -5.283541E+01    0.000000E+00    0.000000E+00    0.000000E+00   -3.061953E-01   -5.186965E-02   -3.181666E-02    0.000000E+00    0.000000E+00    0.000000E+00
1.500000E-03   -2.695485E-01    4.761547E-01   -4.592059E+01    0.000000E+00    0.000000E+00    0.000000E+00   -2.070635E-01   -1.027823E-01    1.363674E-02    0.000000E+00    0.000000E+00    0.000000E+00
2.500000E-03   -2.369588E-01    2.140289E-01   -3.982020E+01    0.000000E+00    0.000000E+00    0.000000E+00   -1.209443E-01   -8.564709E-02    1.104670E-02    0.000000E+00    0.000000E+00    0.000000E+00
3.500000E-03   -1.926700E-01    3.254948E-01   -3.832099E+01    0.000000E+00    0.000000E+00    0.000000E+00   -1.685538E-01   -6.073252E-02    1.202928E-02    0.000000E+00    0.000000E+00    0.000000E+00
4.500000E-03   -1.432092E-01    2.585725E-01   -3.743056E+01    0.000000E+00    0.000000E+00    0.000000E+00   -1.417422E-01   -4.075229E-02    1.240257E-02    0.000000E+00    0.000000E+00    0.000000E+00
5.500000E-03   -8.864300E-02    1.263467E-01   -3.654912E+01    0.000000E+00    0.000000E+00    0.000000E+00   -8.907794E-02   -2.144127E-02    1.076084E-02    0.000000E+00    0.000000E+00    0.000000E+00
6.500000E-03   -1.497424E-02    2.075903E-02   -4.302913E+00    0.000000E+00    0.000000E+00    0.000000E+00   -1.367838E-02    3.257157E-03    5.404793E-03    0.000000E+00    0.000000E+00    0.000000E+00
7.500000E-03    2.368964E-02    7.650584E-02    8.872588E+00    0.000000E+00    0.000000E+00    0.000000E+00   -1.889717E-02    2.990017E-03   -4.628979E-03    0.000000E+00    0.000000E+00    0.000000E+00
8.500000E-03    5.544477E-02    9.996452E-02   -2.530688E+00    0.000000E+00    0.000000E+00    0.000000E+00   -3.493430E-02    1.269617E-02   -3.030355E-03    0.000000E+00    0.000000E+00    0.000000E+00
9.500000E-03    2.092479E-02    6.530109E-02   -6.574154E+00    0.000000E+00    0.000000E+00    0.000000E+00   -2.351417E-02    7.934731E-03    7.473962E-04    0.000000E+00    0.000000E+00    0.000000E+00
1.050000E-02   -4.399743E-02    9.769071E-02   -3.476781E+00    0.000000E+00    0.000000E+00    0.000000E+00   -3.373855E-02   -1.353149E-02    1.428919E-04    0.000000E+00    0.000000E+00    0.000000E+00
1.150000E-02   -2.872364E-02    1.132130E-01   -2.607231E+00    0.000000E+00    0.000000E+00    0.000000E+00   -3.971000E-02   -9.689483E-03   -4.683976E-04    0.000000E+00    0.000000E+00    0.000000E+00
1.250000E-02    3.119528E-02    8.375229E-02   -3.611097E+00    0.000000E+00    0.000000E+00    0.000000E+00   -2.995470E-02    1.180027E-02    9.674021E-04    0.000000E+00    0.000000E+00    0.000000E+00
1.350000E-02    2.504691E-02    8.413487E-02   -4.295611E+00    0.000000E+00    0.000000E+00    0.000000E+00   -2.953398E-02    8.079974E-03   -3.439258E-04    0.000000E+00    0.000000E+00    0.000000E+00
1.450000E-02   -6.941217E-03    1.118830E-01   -4.613176E+00    0.000000E+00    0.000000E+00    0.000000E+00   -3.919242E-02   -3.122852E-03   -9.553874E-04    0.000000E+00    0.000000E+00    0.000000E+00
1.550000E-02   -1.992955E-02    1.143365E-01   -4.799867E+00    0.000000E+00    0.000000E+00    0.000000E+00   -4.100277E-02   -8.530612E-03    2.777680E-05    0.000000E+00    0.000000E+00    0.000000E+00
1.650000E-02   -1.832835E-02    9.633251E-02   -5.043133E+00    0.000000E+00    0.000000E+00    0.000000E+00   -3.409283E-02   -1.048283E-02   -8.626865E-04    0.000000E+00    0.000000E+00    0.000000E+00
1.750000E-02   -2.640381E-03    8.555523E-02   -5.410091E+00    0.000000E+00    0.000000E+00    0.000000E+00   -2.811124E-02   -3.326472E-03   -5.512238E-04    0.000000E+00    0.000000E+00    0.000000E+00
1.850000E-02   -2.682460E-03    9.684655E-02   -5.819652E+00    0.000000E+00    0.000000E+00    0.000000E+00   -3.235412E-02   -2.374471E-03   -1.995129E-04    0.000000E+00    0.000000E+00    0.000000E+00
1.950000E-02   -3.111079E-03    9.117885E-02   -6.170357E+00    0.000000E+00    0.000000E+00    0.000000E+00   -2.967241E-02   -2.457572E-03   -1.351432E-03    0.000000E+00    0.000000E+00    0.000000E+00
2.050000E-02   -3.149789E-03    8.738978E-02   -6.512607E+00    0.000000E+00    0.000000E+00    0.000000E+00   -2.786895E-02   -2.387624E-03   -1.574568E-03    0.000000E+00    0.000000E+00    0.000000E+00
2.150000E-02   -9.515518E-04    8.304656E-02   -6.856670E+00    0.000000E+00    0.000000E+00    0.000000E+00   -2.545469E-02   -1.797021E-03   -1.573661E-03    0.000000E+00    0.000000E+00    0.000000E+00
2.250000E-02   -3.801477E-03    8.152301E-02   -7.192027E+00    0.000000E+00    0.000000E+00    0.000000E+00   -2.534874E-02   -3.354105E-03   -1.348727E-03    0.000000E+00    0.000000E+00    0.000000E+00
2.350000E-02   -1.791477E-03    7.796967E-02   -7.529133E+00    0.000000E+00    0.000000E+00    0.000000E+00   -2.348570E-02   -2.444369E-03   -1.469648E-03    0.000000E+00    0.000000E+00    0.000000E+00
2.450000E-02   -2.574166E-05    7.254089E-02   -7.863155E+00    0.000000E+00    0.000000E+00    0.000000E+00   -2.087628E-02   -1.457770E-03   -1.605424E-03    0.000000E+00    0.000000E+00    0.000000E+00
2.550000E-02    2.117719E-03    6.519003E-02   -8.177120E+00    0.000000E+00    0.000000E+00    0.000000E+00   -1.753478E-02   -2.581857E-04   -1.754174E-03    0.000000E+00    0.000000E+00    0.000000E+00
2.650000E-02    5.235612E-03    5.611917E-02   -8.467141E+00    0.000000E+00    0.000000E+00    0.000000E+00   -1.357241E-02    1.272094E-03   -1.893206E-03    0.000000E+00    0.000000E+00    0.000000E+00
2.750000E-02    8.825316E-03    4.581031E-02   -8.738075E+00    0.000000E+00    0.000000E+00    0.000000E+00   -9.124882E-03    3.108955E-03   -2.011372E-03    0.000000E+00    0.000000E+00    0.000000E+00
2.850000E-02    1.312794E-02    3.372871E-02   -8.993586E+00    0.000000E+00    0.000000E+00    0.000000E+00   -4.238813E-03    5.088130E-03   -2.069108E-03    0.000000E+00    0.000000E+00    0.000000E+00
2.950000E-02    1.717938E-02    2.351477E-02   -9.234463E+00    0.000000E+00    0.000000E+00    0.000000E+00    1.032207E-03    7.013187E-03   -2.188420E-03    0.000000E+00    0.000000E+00    0.000000E+00
3.050000E-02    2.114355E-02    1.100581E-02   -9.462072E+00    0.000000E+00    0.000000E+00    0.000000E+00    6.616728E-03    8.751790E-03   -2.239722E-03    0.000000E+00    0.000000E+00    0.000000E+00
3.150000E-02    2.382893E-02   -2.469422E-03   -9.675861E+00    0.000000E+00    0.000000E+00    0.000000E+00    1.235347E-02    1.028483E-02   -2.291939E-03    0.000000E+00    0.000000E+00    0.000000E+00
3.250000E-02    2.728438E-02   -1.581443E-02   -9.876478E+00    0.000000E+00    0.000000E+00    0.000000E+00    1.801904E-02    1.162304E-02   -2.334024E-03    0.000000E+00    0.000000E+00    0.000000E+00
3.350000E-02    2.939189E-02   -2.835450E-02   -1.006439E+01    0.000000E+00    0.000000E+00    0.000000E+00    2.338202E-02    1.265741E-02   -2.343624E-03    0.000000E+00    0.000000E+00    0.000000E+00
3.450000E-02    3.065913E-02   -4.018224E-02   -1.024001E+01    0.000000E+00    0.000000E+00    0.000000E+00    2.827320E-02    1.332488E-02   -2.336255E-03    0.000000E+00    0.000000E+00    0.000000E+00
3.550000E-02    2.997794E-02   -4.941959E-02   -1.040425E+01    0.000000E+00    0.000000E+00    0.000000E+00    3.230450E-02    1.352412E-02   -2.352066E-03    0.000000E+00    0.000000E+00    0.000000E+00
3.650000E-02    2.919009E-02   -5.993142E-02   -1.055532E+01    0.000000E+00    0.000000E+00    0.000000E+00    3.640279E-02    1.344213E-02   -2.307144E-03    0.000000E+00    0.000000E+00    0.000000E+00
3.750000E-02    2.746733E-02   -6.875416E-02   -1.069326E+01    0.000000E+00    0.000000E+00    0.000000E+00    3.967732E-02    1.298163E-02   -2.262340E-03    0.000000E+00    0.000000E+00    0.000000E+00
3.850000E-02    2.573889E-02   -7.682390E-02   -1.081601E+01    0.000000E+00    0.000000E+00    0.000000E+00    4.233477E-02    1.225729E-02   -2.153392E-03    0.000000E+00    0.000000E+00    0.000000E+00
3.950000E-02    2.305545E-02   -8.371236E-02   -1.092258E+01    0.000000E+00    0.000000E+00    0.000000E+00    4.442565E-02    1.138458E-02   -2.065721E-03    0.000000E+00    0.000000E+00    0.000000E+00
4.050000E-02    2.015597E-02   -8.911719E-02   -1.101356E+01    0.000000E+00    0.000000E+00    0.000000E+00    4.604985E-02    1.049176E-02   -1.976131E-03    0.000000E+00    0.000000E+00    0.000000E+00
4.150000E-02    1.764474E-02   -9.383698E-02   -1.109053E+01    0.000000E+00    0.000000E+00    0.000000E+00    4.722493E-02    9.667953E-03   -1.860536E-03    0.000000E+00    0.000000E+00    0.000000E+00
4.250000E-02    1.531890E-02   -9.733033E-02   -1.115523E+01    0.000000E+00    0.000000E+00    0.000000E+00    4.793993E-02    8.912824E-03   -1.722147E-03    0.000000E+00    0.000000E+00    0.000000E+00
4.350000E-02    1.317362E-02   -9.979372E-02   -1.120976E+01    0.000000E+00    0.000000E+00    0.000000E+00    4.825122E-02    8.195483E-03   -1.568702E-03    0.000000E+00    0.000000E+00    0.000000E+00
4.450000E-02    1.090650E-02   -1.027873E-01   -1.125541E+01    0.000000E+00    0.000000E+00    0.000000E+00    4.821716E-02    7.447003E-03   -1.454096E-03    0.000000E+00    0.000000E+00    0.000000E+00
4.550000E-02    7.427806E-03   -1.027456E-01   -1.129496E+01    0.000000E+00    0.000000E+00    0.000000E+00    4.788134E-02    6.568589E-03   -1.324327E-03    0.000000E+00    0.000000E+00    0.000000E+00
4.650000E-02    4.506513E-03   -1.035258E-01   -1.132655E+01    0.000000E+00    0.000000E+00    0.000000E+00    4.741831E-02    5.801398E-03   -1.164421E-03    0.000000E+00    0.000000E+00    0.000000E+00
4.750000E-02    3.450816E-03   -1.029785E-01   -1.135048E+01    0.000000E+00    0.000000E+00    0.000000E+00    4.676485E-02    5.108656E-03   -1.057244E-03    0.000000E+00    0.000000E+00    0.000000E+00
4.850000E-02    2.105655E-03   -1.015713E-01   -1.136945E+01    0.000000E+00    0.000000E+00    0.000000E+00    4.598374E-02    4.570394E-03   -9.364248E-04    0.000000E+00    0.000000E+00    0.000000E+00
4.950000E-02    2.510654E-03   -1.001944E-01   -1.138647E+01    0.000000E+00    0.000000E+00    0.000000E+00    4.506375E-02    4.063989E-03   -7.762471E-04    0.000000E+00    0.000000E+00    0.000000E+00
5.050000E-02    2.332542E-03   -9.836099E-02   -1.139964E+01    0.000000E+00    0.000000E+00    0.000000E+00    4.400960E-02    3.637493E-03   -6.805323E-04    0.000000E+00    0.000000E+00    0.000000E+00
5.150000E-02    1.020583E-03   -9.565341E-02   -1.140854E+01    0.000000E+00    0.000000E+00    0.000000E+00    4.282165E-02    3.230820E-03   -5.450715E-04    0.000000E+00    0.000000E+00    0.000000E+00
5.250000E-02    1.268004E-03   -9.182515E-02   -1.141727E+01    0.000000E+00    0.000000E+00    0.000000E+00    4.141846E-02    2.928288E-03   -4.711484E-04    0.000000E+00    0.000000E+00    0.000000E+00
5.350000E-02    9.055281E-04   -8.924169E-02   -1.142566E+01    0.000000E+00    0.000000E+00    0.000000E+00    4.054873E-02    2.846304E-03   -3.387334E-04    0.000000E+00    0.000000E+00    0.000000E+00
5.450000E-02    1.973439E-03   -8.474600E-02   -1.143315E+01    0.000000E+00    0.000000E+00    0.000000E+00    3.914174E-02    2.882958E-03   -3.095068E-04    0.000000E+00    0.000000E+00    0.000000E+00
5.550000E-02    8.242861E-04   -8.146107E-02   -1.144300E+01    0.000000E+00    0.000000E+00    0.000000E+00    3.817836E-02    2.746127E-03   -1.830826E-04    0.000000E+00    0.000000E+00    0.000000E+00
5.650000E-02    2.850966E-03   -7.777670E-02   -1.145421E+01    0.000000E+00    0.000000E+00    0.000000E+00    3.670278E-02    2.847832E-03   -8.904770E-05    0.000000E+00    0.000000E+00    0.000000E+00
5.750000E-02    3.284832E-03   -7.464356E-02   -1.146658E+01    0.000000E+00    0.000000E+00    0.000000E+00    3.588762E-02    3.003612E-03   -2.624812E-05    0.000000E+00    0.000000E+00    0.000000E+00
5.850000E-02    5.956212E-03   -6.973803E-02   -1.148364E+01    0.000000E+00    0.000000E+00    0.000000E+00    3.492089E-02    3.218792E-03    5.664372E-06    0.000000E+00    0.000000E+00    0.000000E+00
5.950000E-02    7.216175E-03   -6.490915E-02   -1.149955E+01    0.000000E+00    0.000000E+00    0.000000E+00    3.354698E-02    3.519837E-03   -4.294867E-05    0.000000E+00    0.000000E+00    0.000000E+00
6.050000E-02    7.929791E-03   -6.187726E-02   -1.151142E+01    0.000000E+00    0.000000E+00    0.000000E+00    3.288778E-02    3.662016E-03    2.727000E-05    0.000000E+00    0.000000E+00    0.000000E+00
6.150000E-02    8.835088E-03   -5.831948E-02   -1.152880E+01    0.000000E+00    0.000000E+00    0.000000E+00    3.208874E-02    3.895995E-03    3.155271E-05    0.000000E+00    0.000000E+00    0.000000E+00
6.250000E-02    8.741770E-03   -5.564057E-02   -1.154803E+01    0.000000E+00    0.000000E+00    0.000000E+00    3.129381E-02    4.172549E-03    7.449012E-05    0.000000E+00    0.000000E+00    0.000000E+00
6.350000E-02    9.819183E-03   -5.365413E-02   -1.156478E+01    0.000000E+00    0.000000E+00    0.000000E+00    3.053353E-02    4.410951E-03    1.682711E-04    0.000000E+00    0.000000E+00    0.000000E+00
6.450000E-02    1.069458E-02   -5.047602E-02   -1.157963E+01    0.000000E+00    0.000000E+00    0.000000E+00    2.974717E-02    4.594164E-03    2.100486E-04    0.000000E+00    0.000000E+00    0.000000E+00
6.550000E-02    7.055741E-03   -4.916556E-02   -1.159487E+01    0.000000E+00    0.000000E+00    0.000000E+00    2.902190E-02    4.701761E-03    1.991029E-04    0.000000E+00    0.000000E+00    0.000000E+00
6.650000E-02    6.067951E-03   -4.536923E-02   -1.160984E+01    0.000000E+00    0.000000E+00    0.000000E+00    2.838542E-02    4.819731E-03    1.803992E-04    0.000000E+00    0.000000E+00    0.000000E+00
6.750000E-02    6.881655E-03   -4.284198E-02   -1.162464E+01    0.000000E+00    0.000000E+00    0.000000E+00    2.789646E-02    4.903989E-03    2.927816E-04    0.000000E+00    0.000000E+00    0.000000E+00
6.850000E-02    6.994260E-03   -4.008907E-02   -1.163912E+01    0.000000E+00    0.000000E+00    0.000000E+00    2.746198E-02    5.173694E-03    4.182014E-04    0.000000E+00    0.000000E+00    0.000000E+00
6.950000E-02    8.709656E-03   -3.757386E-02   -1.165347E+01    0.000000E+00    0.000000E+00    0.000000E+00    2.708372E-02    5.399873E-03    4.313221E-04    0.000000E+00    0.000000E+00    0.000000E+00
7.050000E-02    9.475099E-03   -3.599652E-02   -1.166760E+01    0.000000E+00    0.000000E+00    0.000000E+00    2.676938E-02    5.642030E-03    4.735115E-04    0.000000E+00    0.000000E+00    0.000000E+00
7.150000E-02    1.019699E-02   -3.337337E-02   -1.168147E+01    0.000000E+00    0.000000E+00    0.000000E+00    2.645641E-02    5.812912E-03    4.613096E-04    0.000000E+00    0.000000E+00    0.000000E+00
7.250000E-02    1.094741E-02   -3.151588E-02   -1.169513E+01    0.000000E+00    0.000000E+00    0.000000E+00    2.621923E-02    6.038097E-03    4.740103E-04    0.000000E+00    0.000000E+00    0.000000E+00
7.350000E-02    1.138594E-02   -2.980999E-02   -1.170840E+01    0.000000E+00    0.000000E+00    0.000000E+00    2.603320E-02    6.259278E-03    5.310385E-04    0.000000E+00    0.000000E+00    0.000000E+00
7.450000E-02    1.206807E-02   -2.903076E-02   -1.172122E+01    0.000000E+00    0.000000E+00    0.000000E+00    2.602255E-02    6.614542E-03    6.970857E-04    0.000000E+00    0.000000E+00    0.000000E+00
7.550000E-02    1.250038E-02   -2.824071E-02   -1.173372E+01    0.000000E+00    0.000000E+00    0.000000E+00    2.594387E-02    6.837997E-03    7.314485E-04    0.000000E+00    0.000000E+00    0.000000E+00
7.650000E-02    1.301022E-02   -2.743034E-02   -1.174596E+01    0.000000E+00    0.000000E+00    0.000000E+00    2.592155E-02    7.060316E-03    7.648420E-04    0.000000E+00    0.000000E+00    0.000000E+00
7.750000E-02    1.309604E-02   -2.700117E-02   -1.175790E+01    0.000000E+00    0.000000E+00    0.000000E+00    2.586987E-02    7.130309E-03    7.127192E-04    0.000000E+00    0.000000E+00    0.000000E+00
7.850000E-02    1.363264E-02   -2.731379E-02   -1.176963E+01    0.000000E+00    0.000000E+00    0.000000E+00    2.596131E-02    7.350872E-03    7.321267E-04    0.000000E+00    0.000000E+00    0.000000E+00
7.950000E-02    1.400695E-02   -2.752527E-02   -1.178123E+01    0.000000E+00    0.000000E+00    0.000000E+00    2.610457E-02    7.569572E-03    7.580323E-04    0.000000E+00    0.000000E+00    0.000000E+00
8.050000E-02    1.437705E-02   -2.794978E-02   -1.179266E+01    0.000000E+00    0.000000E+00    0.000000E+00    2.628442E-02    7.779089E-03    7.819950E-04    0.000000E+00    0.000000E+00    0.000000E+00
8.150000E-02    1.493850E-02   -2.870384E-02   -1.180393E+01    0.000000E+00    0.000000E+00    0.000000E+00    2.654917E-02    8.117388E-03    7.376413E-04    0.000000E+00    0.000000E+00    0.000000E+00
8.250000E-02    1.532903E-02   -2.933042E-02   -1.181511E+01    0.000000E+00    0.000000E+00    0.000000E+00    2.668344E-02    8.314729E-03    7.610963E-04    0.000000E+00    0.000000E+00    0.000000E+00
8.350000E-02    1.584706E-02   -3.028289E-02   -1.182622E+01    0.000000E+00    0.000000E+00    0.000000E+00    2.694016E-02    8.496479E-03    7.816969E-04    0.000000E+00    0.000000E+00    0.000000E+00
8.450000E-02    1.618269E-02   -3.120421E-02   -1.183720E+01    0.000000E+00    0.000000E+00    0.000000E+00    2.709425E-02    8.646668E-03    7.486879E-04    0.000000E+00    0.000000E+00    0.000000E+00
8.550000E-02    1.689045E-02   -3.209388E-02   -1.184797E+01    0.000000E+00    0.000000E+00    0.000000E+00    2.737481E-02    8.825657E-03    7.807237E-04    0.000000E+00    0.000000E+00    0.000000E+00
8.650000E-02    1.728338E-02   -3.356529E-02   -1.185874E+01    0.000000E+00    0.000000E+00    0.000000E+00    2.768201E-02    8.995685E-03    8.032385E-04    0.000000E+00    0.000000E+00    0.000000E+00
8.750000E-02    1.764759E-02   -3.490943E-02   -1.186941E+01    0.000000E+00    0.000000E+00    0.000000E+00    2.789507E-02    9.116192E-03    7.801968E-04    0.000000E+00    0.000000E+00    0.000000E+00
8.850000E-02    1.819021E-02   -3.661353E-02   -1.188004E+01    0.000000E+00    0.000000E+00    0.000000E+00    2.833752E-02    9.310285E-03    8.810041E-04    0.000000E+00    0.000000E+00    0.000000E+00
8.950000E-02    1.853841E-02   -3.835600E-02   -1.189056E+01    0.000000E+00    0.000000E+00    0.000000E+00    2.868171E-02    9.428312E-03    9.061438E-04    0.000000E+00    0.000000E+00    0.000000E+00
9.050000E-02    1.831802E-02   -4.012306E-02   -1.190104E+01    0.000000E+00    0.000000E+00    0.000000E+00    2.903091E-02    9.531667E-03    9.348746E-04    0.000000E+00    0.000000E+00    0.000000E+00
9.150000E-02    1.843583E-02   -4.171401E-02   -1.191149E+01    0.000000E+00    0.000000E+00    0.000000E+00    2.935722E-02    9.621647E-03    9.644913E-04    0.000000E+00    0.000000E+00    0.000000E+00
9.250000E-02    1.888773E-02   -4.361656E-02   -1.192193E+01    0.000000E+00    0.000000E+00    0.000000E+00    2.976916E-02    9.764243E-03    1.066335E-03    0.000000E+00    0.000000E+00    0.000000E+00
9.350000E-02    1.922071E-02   -4.522249E-02   -1.193234E+01    0.000000E+00    0.000000E+00    0.000000E+00    3.006712E-02    9.834037E-03    1.093104E-03    0.000000E+00    0.000000E+00    0.000000E+00
9.450000E-02    1.939283E-02   -4.698202E-02   -1.194275E+01    0.000000E+00    0.000000E+00    0.000000E+00    3.036946E-02    9.887739E-03    1.129197E-03    0.000000E+00    0.000000E+00    0.000000E+00
9.550000E-02    1.951773E-02   -4.889673E-02   -1.195306E+01    0.000000E+00    0.000000E+00    0.000000E+00    3.066615E-02    9.928433E-03    1.158610E-03    0.000000E+00    0.000000E+00    0.000000E+00
9.650000E-02    1.971823E-02   -5.071672E-02   -1.196333E+01    0.000000E+00    0.000000E+00    0.000000E+00    3.095208E-02    9.968794E-03    1.181470E-03    0.000000E+00    0.000000E+00    0.000000E+00
9.750000E-02    1.985702E-02   -5.260262E-02   -1.197359E+01    0.000000E+00    0.000000E+00    0.000000E+00    3.123579E-02    1.001372E-02    1.211258E-03    0.000000E+00    0.000000E+00    0.000000E+00
9.850000E-02    1.996915E-02   -5.419406E-02   -1.198387E+01    0.000000E+00    0.000000E+00    0.000000E+00    3.141056E-02    1.008698E-02    1.302937E-03    0.000000E+00    0.000000E+00    0.000000E+00
9.950000E-02    2.017404E-02   -5.607704E-02   -1.199410E+01    0.000000E+00    0.000000E+00    0.000000E+00    3.169598E-02    1.013418E-02    1.334885E-03    0.000000E+00    0.000000E+00    0.000000E+00
1.005000E-01    2.015668E-02   -5.809269E-02   -1.200428E+01    0.000000E+00    0.000000E+00    0.000000E+00    3.208049E-02    1.012295E-02    1.319165E-03    0.000000E+00    0.000000E+00    0.000000E+00
1.015000E-01    2.034657E-02   -5.990555E-02   -1.201444E+01    0.000000E+00    0.000000E+00    0.000000E+00    3.236278E-02    1.018029E-02    1.356789E-03    0.000000E+00    0.000000E+00    0.000000E+00
1.025000E-01    2.055675E-02   -6.166862E-02   -1.202459E+01    0.000000E+00    0.000000E+00    0.000000E+00    3.264320E-02    1.024629E-02    1.394361E-03    0.000000E+00    0.000000E+00    0.000000E+00
1.035000E-01    2.089250E-02   -6.350839E-02   -1.203470E+01    0.000000E+00    0.000000E+00    0.000000E+00    3.292223E-02    1.031855E-02    1.435219E-03    0.000000E+00    0.000000E+00    0.000000E+00
1.045000E-01    2.118717E-02   -6.526443E-02   -1.204475E+01    0.000000E+00    0.000000E+00    0.000000E+00    3.320149E-02    1.039404E-02    1.475807E-03    0.000000E+00    0.000000E+00    0.000000E+00
1.055000E-01    2.132207E-02   -6.718346E-02   -1.205476E+01    0.000000E+00    0.000000E+00    0.000000E+00    3.348199E-02    1.047270E-02    1.515091E-03    0.000000E+00    0.000000E+00    0.000000E+00
1.065000E-01    2.176879E-02   -6.902296E-02   -1.206472E+01    0.000000E+00    0.000000E+00    0.000000E+00    3.386321E-02    1.072815E-02    1.465705E-03    0.000000E+00    0.000000E+00    0.000000E+00
1.075000E-01    2.182877E-02   -7.053995E-02   -1.207466E+01    0.000000E+00    0.000000E+00    0.000000E+00    3.413480E-02    1.081498E-02    1.505261E-03    0.000000E+00    0.000000E+00    0.000000E+00
1.085000E-01    2.212475E-02   -7.223899E-02   -1.208455E+01    0.000000E+00    0.000000E+00    0.000000E+00    3.440238E-02    1.090928E-02    1.544573E-03    0.000000E+00    0.000000E+00    0.000000E+00
1.095000E-01    2.223819E-02   -7.396307E-02   -1.209450E+01    0.000000E+00    0.000000E+00    0.000000E+00    3.461070E-02    1.096633E-02    1.607875E-03    0.000000E+00    0.000000E+00    0.000000E+00
1.105000E-01    2.234252E-02   -7.501877E-02   -1.210441E+01    0.000000E+00    0.000000E+00    0.000000E+00    3.486987E-02    1.105527E-02    1.646380E-03    0.000000E+00    0.000000E+00    0.000000E+00
1.115000E-01    2.247277E-02   -7.664273E-02   -1.211415E+01    0.000000E+00    0.000000E+00    0.000000E+00    3.512924E-02    1.114628E-02    1.666296E-03    0.000000E+00    0.000000E+00    0.000000E+00
1.125000E-01    2.202299E-02   -7.800689E-02   -1.212383E+01    0.000000E+00    0.000000E+00    0.000000E+00    3.531887E-02    1.099406E-02    1.803739E-03    0.000000E+00    0.000000E+00    0.000000E+00
1.135000E-01    2.281366E-02   -7.917110E-02   -1.213348E+01    0.000000E+00    0.000000E+00    0.000000E+00    3.543922E-02    1.113296E-02    1.914856E-03    0.000000E+00    0.000000E+00    0.000000E+00
1.145000E-01    2.296270E-02   -8.071969E-02   -1.214308E+01    0.000000E+00    0.000000E+00    0.000000E+00    3.567892E-02    1.124704E-02    1.947231E-03    0.000000E+00    0.000000E+00    0.000000E+00
1.155000E-01    2.361820E-02   -8.202890E-02   -1.215265E+01    0.000000E+00    0.000000E+00    0.000000E+00    3.591533E-02    1.136987E-02    1.976628E-03    0.000000E+00    0.000000E+00    0.000000E+00
1.165000E-01    2.376537E-02   -8.324536E-02   -1.216211E+01    0.000000E+00    0.000000E+00    0.000000E+00    3.614111E-02    1.149735E-02    2.018733E-03    0.000000E+00    0.000000E+00    0.000000E+00
1.175000E-01    2.409684E-02   -8.453816E-02   -1.217150E+01    0.000000E+00    0.000000E+00    0.000000E+00    3.644299E-02    1.157719E-02    2.009093E-03    0.000000E+00    0.000000E+00    0.000000E+00
1.185000E-01    2.401491E-02   -8.487336E-02   -1.218083E+01    0.000000E+00    0.000000E+00    0.000000E+00    3.634758E-02    1.157728E-02    2.062890E-03    0.000000E+00    0.000000E+00    0.000000E+00
1.195000E-01    2.431365E-02   -8.601944E-02   -1.219016E+01    0.000000E+00    0.000000E+00    0.000000E+00    3.654706E-02    1.172209E-02    2.086550E-03    0.000000E+00    0.000000E+00    0.000000E+00
1.205000E-01    2.472382E-02   -8.719873E-02   -1.219936E+01    0.000000E+00    0.000000E+00    0.000000E+00    3.672557E-02    1.186771E-02    2.124218E-03    0.000000E+00    0.000000E+00    0.000000E+00
1.215000E-01    2.524013E-02   -8.850079E-02   -1.220856E+01    0.000000E+00    0.000000E+00    0.000000E+00    3.688697E-02    1.201587E-02    2.140224E-03    0.000000E+00    0.000000E+00    0.000000E+00
1.225000E-01    2.565518E-02   -8.960241E-02   -1.221767E+01    0.000000E+00    0.000000E+00    0.000000E+00    3.704054E-02    1.216324E-02    2.171284E-03    0.000000E+00    0.000000E+00    0.000000E+00
1.235000E-01    2.619645E-02   -9.033505E-02   -1.222669E+01    0.000000E+00    0.000000E+00    0.000000E+00    3.718716E-02    1.231326E-02    2.198884E-03    0.000000E+00    0.000000E+00    0.000000E+00
1.245000E-01    2.681752E-02   -9.120236E-02   -1.223566E+01    0.000000E+00    0.000000E+00    0.000000E+00    3.733083E-02    1.246229E-02    2.238125E-03    0.000000E+00    0.000000E+00    0.000000E+00
1.255000E-01    2.716297E-02   -9.230052E-02   -1.224453E+01    0.000000E+00    0.000000E+00    0.000000E+00    3.767735E-02    1.255892E-02    2.372285E-03    0.000000E+00    0.000000E+00    0.000000E+00
1.265000E-01    2.763379E-02   -9.288956E-02   -1.225335E+01    0.000000E+00    0.000000E+00    0.000000E+00    3.780153E-02    1.271058E-02    2.403420E-03    0.000000E+00    0.000000E+00    0.000000E+00
1.275000E-01    2.773530E-02   -9.362402E-02   -1.226207E+01    0.000000E+00    0.000000E+00    0.000000E+00    3.799272E-02    1.273597E-02    2.509925E-03    0.000000E+00    0.000000E+00    0.000000E+00
1.285000E-01    2.847936E-02   -9.361507E-02   -1.227075E+01    0.000000E+00    0.000000E+00    0.000000E+00    3.789312E-02    1.301362E-02    2.437833E-03    0.000000E+00    0.000000E+00    0.000000E+00
1.295000E-01    2.902414E-02   -9.406836E-02   -1.227937E+01    0.000000E+00    0.000000E+00    0.000000E+00    3.804994E-02    1.319243E-02    2.429973E-03    0.000000E+00    0.000000E+00    0.000000E+00
1.305000E-01    2.927902E-02   -9.411100E-02   -1.228793E+01    0.000000E+00    0.000000E+00    0.000000E+00    3.803502E-02    1.322495E-02    2.396346E-03    0.000000E+00    0.000000E+00    0.000000E+00
1.315000E-01    2.992898E-02   -9.410190E-02   -1.229635E+01    0.000000E+00    0.000000E+00    0.000000E+00    3.811582E-02    1.353356E-02    2.500760E-03    0.000000E+00    0.000000E+00    0.000000E+00
1.325000E-01    3.045143E-02   -9.408164E-02   -1.230474E+01    0.000000E+00    0.000000E+00    0.000000E+00    3.813716E-02    1.368746E-02    2.534952E-03    0.000000E+00    0.000000E+00    0.000000E+00
1.335000E-01    3.082651E-02   -9.391958E-02   -1.231302E+01    0.000000E+00    0.000000E+00    0.000000E+00    3.813270E-02    1.383198E-02    2.571992E-03    0.000000E+00    0.000000E+00    0.000000E+00
1.345000E-01    3.133828E-02   -9.351025E-02   -1.232109E+01    0.000000E+00    0.000000E+00    0.000000E+00    3.810397E-02    1.396771E-02    2.598568E-03    0.000000E+00    0.000000E+00    0.000000E+00
1.355000E-01    3.162085E-02   -9.304670E-02   -1.232910E+01    0.000000E+00    0.000000E+00    0.000000E+00    3.804802E-02    1.410073E-02    2.632558E-03    0.000000E+00    0.000000E+00    0.000000E+00
1.365000E-01    3.199596E-02   -9.286155E-02   -1.233688E+01    0.000000E+00    0.000000E+00    0.000000E+00    3.815507E-02    1.418183E-02    2.755685E-03    0.000000E+00    0.000000E+00    0.000000E+00
1.375000E-01    3.231973E-02   -9.203457E-02   -1.234464E+01    0.000000E+00    0.000000E+00    0.000000E+00    3.805151E-02    1.430486E-02    2.786635E-03    0.000000E+00    0.000000E+00    0.000000E+00
1.385000E-01    3.262633E-02   -9.131679E-02   -1.235225E+01    0.000000E+00    0.000000E+00    0.000000E+00    3.792866E-02    1.442724E-02    2.815522E-03    0.000000E+00    0.000000E+00    0.000000E+00
1.395000E-01    3.288288E-02   -9.091429E-02   -1.235960E+01    0.000000E+00    0.000000E+00    0.000000E+00    3.779271E-02    1.454524E-02    2.831744E-03    0.000000E+00    0.000000E+00    0.000000E+00
1.405000E-01    3.361666E-02   -9.085315E-02   -1.236681E+01    0.000000E+00    0.000000E+00    0.000000E+00    3.763464E-02    1.466495E-02    2.877811E-03    0.000000E+00    0.000000E+00    0.000000E+00
1.415000E-01    3.395680E-02   -8.938380E-02   -1.237367E+01    0.000000E+00    0.000000E+00    0.000000E+00    3.726959E-02    1.488468E-02    2.822043E-03    0.000000E+00    0.000000E+00    0.000000E+00
1.425000E-01    3.450239E-02   -8.884940E-02   -1.238065E+01    0.000000E+00    0.000000E+00    0.000000E+00    3.706600E-02    1.499373E-02    2.829931E-03    0.000000E+00    0.000000E+00    0.000000E+00
1.435000E-01    3.520328E-02   -8.803806E-02   -1.238739E+01    0.000000E+00    0.000000E+00    0.000000E+00    3.696909E-02    1.516792E-02    2.931300E-03    0.000000E+00    0.000000E+00    0.000000E+00
1.445000E-01    3.590158E-02   -8.688814E-02   -1.239405E+01    0.000000E+00    0.000000E+00    0.000000E+00    3.674228E-02    1.527457E-02    2.973949E-03    0.000000E+00    0.000000E+00    0.000000E+00
1.455000E-01    3.657089E-02   -8.631249E-02   -1.240063E+01    0.000000E+00    0.000000E+00    0.000000E+00    3.650794E-02    1.537656E-02    2.980529E-03    0.000000E+00    0.000000E+00    0.000000E+00
1.465000E-01    3.739340E-02   -8.562959E-02   -1.240708E+01    0.000000E+00    0.000000E+00    0.000000E+00    3.647394E-02    1.552899E-02    2.916742E-03    0.000000E+00    0.000000E+00    0.000000E+00
1.475000E-01    3.758552E-02   -8.420064E-02   -1.241339E+01    0.000000E+00    0.000000E+00    0.000000E+00    3.620946E-02    1.562084E-02    2.936386E-03    0.000000E+00    0.000000E+00    0.000000E+00
1.485000E-01    3.823886E-02   -8.318373E-02   -1.241954E+01    0.000000E+00    0.000000E+00    0.000000E+00    3.593214E-02    1.570705E-02    2.957447E-03    0.000000E+00    0.000000E+00    0.000000E+00
1.495000E-01    3.864282E-02   -8.180250E-02   -1.242557E+01    0.000000E+00    0.000000E+00    0.000000E+00    3.563782E-02    1.579045E-02    2.979750E-03    0.000000E+00    0.000000E+00    0.000000E+00
1.505000E-01    3.917732E-02   -8.060435E-02   -1.243149E+01    0.000000E+00    0.000000E+00    0.000000E+00    3.533326E-02    1.587099E-02    3.008092E-03    0.000000E+00    0.000000E+00    0.000000E+00
1.515000E-01    3.956319E-02   -7.933125E-02   -1.243728E+01    0.000000E+00    0.000000E+00    0.000000E+00    3.501740E-02    1.594786E-02    3.034943E-03    0.000000E+00    0.000000E+00    0.000000E+00
1.525000E-01    3.999082E-02   -7.787993E-02   -1.244284E+01    0.000000E+00    0.000000E+00    0.000000E+00    3.469285E-02    1.602310E-02    3.061629E-03    0.000000E+00    0.000000E+00    0.000000E+00
1.535000E-01    4.061252E-02   -7.650713E-02   -1.244829E+01    0.000000E+00    0.000000E+00    0.000000E+00    3.436632E-02    1.609954E-02    3.075924E-03    0.000000E+00    0.000000E+00    0.000000E+00
1.545000E-01    4.096206E-02   -7.531994E-02   -1.245368E+01    0.000000E+00    0.000000E+00    0.000000E+00    3.403403E-02    1.617240E-02    3.102813E-03    0.000000E+00    0.000000E+00    0.000000E+00
1.555000E-01    4.132548E-02   -7.391659E-02   -1.245895E+01    0.000000E+00    0.000000E+00    0.000000E+00    3.368939E-02    1.624489E-02    3.127377E-03    0.000000E+00    0.000000E+00    0.000000E+00
1.565000E-01    4.173757E-02   -7.265105E-02   -1.246413E+01    0.000000E+00    0.000000E+00    0.000000E+00    3.333760E-02    1.631900E-02    3.154693E-03    0.000000E+00    0.000000E+00    0.000000E+00
1.575000E-01    4.210473E-02   -7.138067E-02   -1.246920E+01    0.000000E+00    0.000000E+00    0.000000E+00    3.298734E-02    1.639012E-02    3.182135E-03    0.000000E+00    0.000000E+00    0.000000E+00
1.585000E-01    4.248828E-02   -7.018980E-02   -1.247418E+01    0.000000E+00    0.000000E+00    0.000000E+00    3.264367E-02    1.645493E-02    3.208337E-03    0.000000E+00    0.000000E+00    0.000000E+00
1.595000E-01    4.290892E-02   -6.901154E-02   -1.247906E+01    0.000000E+00    0.000000E+00    0.000000E+00    3.230309E-02    1.651387E-02    3.232082E-03    0.000000E+00    0.000000E+00    0.000000E+00
1.605000E-01    4.325714E-02   -6.789381E-02   -1.248386E+01    0.000000E+00    0.000000E+00    0.000000E+00    3.196408E-02    1.657015E-02    3.258332E-03    0.000000E+00    0.000000E+00    0.000000E+00
1.615000E-01    4.359812E-02   -6.676652E-02   -1.248858E+01    0.000000E+00    0.000000E+00    0.000000E+00    3.162896E-02    1.662287E-02    3.284080E-03    0.000000E+00    0.000000E+00    0.000000E+00
1.625000E-01    4.392386E-02   -6.566740E-02   -1.249322E+01    0.000000E+00    0.000000E+00    0.000000E+00    3.129852E-02    1.666953E-02    3.310066E-03    0.000000E+00    0.000000E+00    0.000000E+00
1.635000E-01    4.422639E-02   -6.460100E-02   -1.249780E+01    0.000000E+00    0.000000E+00    0.000000E+00    3.097362E-02    1.670889E-02    3.336623E-03    0.000000E+00    0.000000E+00    0.000000E+00
1.645000E-01    4.450809E-02   -6.357775E-02   -1.250229E+01    0.000000E+00    0.000000E+00    0.000000E+00    3.065704E-02    1.673943E-02    3.363756E-03    0.000000E+00    0.000000E+00    0.000000E+00
1.655000E-01    4.476518E-02   -6.255181E-02   -1.250672E+01    0.000000E+00    0.000000E+00    0.000000E+00    3.033682E-02    1.675533E-02    3.392170E-03    0.000000E+00    0.000000E+00    0.000000E+00
1.665000E-01    4.500477E-02   -6.152360E-02   -1.251108E+01    0.000000E+00    0.000000E+00    0.000000E+00    3.000837E-02    1.676566E-02    3.418550E-03    0.000000E+00    0.000000E+00    0.000000E+00
1.675000E-01    4.513123E-02   -6.034099E-02   -1.251537E+01    0.000000E+00    0.000000E+00    0.000000E+00    2.967501E-02    1.678785E-02    3.451286E-03    0.000000E+00    0.000000E+00    0.000000E+00
1.685000E-01    4.539325E-02   -5.933593E-02   -1.251962E+01    0.000000E+00    0.000000E+00    0.000000E+00    2.934520E-02    1.681508E-02    3.474873E-03    0.000000E+00    0.000000E+00    0.000000E+00
1.695000E-01    4.561018E-02   -5.835284E-02   -1.252382E+01    0.000000E+00    0.000000E+00    0.000000E+00    2.902708E-02    1.683494E-02    3.498880E-03    0.000000E+00    0.000000E+00    0.000000E+00
1.705000E-01    4.582823E-02   -5.741421E-02   -1.252796E+01    0.000000E+00    0.000000E+00    0.000000E+00    2.872308E-02    1.684826E-02    3.524689E-03    0.000000E+00    0.000000E+00    0.000000E+00
1.715000E-01    4.603247E-02   -5.649249E-02   -1.253206E+01    0.000000E+00    0.000000E+00    0.000000E+00    2.842782E-02    1.685644E-02    3.550991E-03    0.000000E+00    0.000000E+00    0.000000E+00
1.725000E-01    4.623630E-02   -5.557866E-02   -1.253611E+01    0.000000E+00    0.000000E+00    0.000000E+00    2.813433E-02    1.686198E-02    3.578023E-03    0.000000E+00    0.000000E+00    0.000000E+00
1.735000E-01    4.643398E-02   -5.467011E-02   -1.254012E+01    0.000000E+00    0.000000E+00    0.000000E+00    2.784171E-02    1.686780E-02    3.605153E-03    0.000000E+00    0.000000E+00    0.000000E+00
1.745000E-01    4.701599E-02   -5.378104E-02   -1.254405E+01    0.000000E+00    0.000000E+00    0.000000E+00    2.751388E-02    1.700218E-02    3.568241E-03    0.000000E+00    0.000000E+00    0.000000E+00
1.755000E-01    4.718286E-02   -5.283277E-02   -1.254797E+01    0.000000E+00    0.000000E+00    0.000000E+00    2.720574E-02    1.700055E-02    3.597591E-03    0.000000E+00    0.000000E+00    0.000000E+00
1.765000E-01    4.741116E-02   -5.194230E-02   -1.255184E+01    0.000000E+00    0.000000E+00    0.000000E+00    2.690236E-02    1.699361E-02    3.626039E-03    0.000000E+00    0.000000E+00    0.000000E+00
1.775000E-01    4.756669E-02   -5.105750E-02   -1.255565E+01    0.000000E+00    0.000000E+00    0.000000E+00    2.660881E-02    1.697909E-02    3.656933E-03    0.000000E+00    0.000000E+00    0.000000E+00
1.785000E-01    4.774394E-02   -5.019384E-02   -1.255942E+01    0.000000E+00    0.000000E+00    0.000000E+00    2.632978E-02    1.696255E-02    3.688117E-03    0.000000E+00    0.000000E+00    0.000000E+00
1.795000E-01    4.788591E-02   -4.938389E-02   -1.256314E+01    0.000000E+00    0.000000E+00    0.000000E+00    2.606588E-02    1.694616E-02    3.718109E-03    0.000000E+00    0.000000E+00    0.000000E+00
1.805000E-01    4.802583E-02   -4.860242E-02   -1.256683E+01    0.000000E+00    0.000000E+00    0.000000E+00    2.581241E-02    1.692947E-02    3.748361E-03    0.000000E+00    0.000000E+00    0.000000E+00
1.815000E-01    4.816635E-02   -4.782654E-02   -1.257046E+01    0.000000E+00    0.000000E+00    0.000000E+00    2.556563E-02    1.691259E-02    3.779300E-03    0.000000E+00    0.000000E+00    0.000000E+00
1.825000E-01    4.830279E-02   -4.706283E-02   -1.257405E+01    0.000000E+00    0.000000E+00    0.000000E+00    2.532470E-02    1.689486E-02    3.810325E-03    0.000000E+00    0.000000E+00    0.000000E+00
1.835000E-01    4.845198E-02   -4.633280E-02   -1.257760E+01    0.000000E+00    0.000000E+00    0.000000E+00    2.509160E-02    1.687585E-02    3.843005E-03    0.000000E+00    0.000000E+00    0.000000E+00
1.845000E-01    4.857133E-02   -4.561497E-02   -1.258110E+01    0.000000E+00    0.000000E+00    0.000000E+00    2.487004E-02    1.685511E-02    3.874786E-03    0.000000E+00    0.000000E+00    0.000000E+00
1.855000E-01    4.869583E-02   -4.491959E-02   -1.258456E+01    0.000000E+00    0.000000E+00    0.000000E+00    2.465986E-02    1.683515E-02    3.906618E-03    0.000000E+00    0.000000E+00    0.000000E+00
1.865000E-01    4.882896E-02   -4.423612E-02   -1.258799E+01    0.000000E+00    0.000000E+00    0.000000E+00    2.446000E-02    1.681501E-02    3.939082E-03    0.000000E+00    0.000000E+00    0.000000E+00
1.875000E-01    4.895867E-02   -4.358120E-02   -1.259136E+01    0.000000E+00    0.000000E+00    0.000000E+00    2.426607E-02    1.679746E-02    3.970512E-03    0.000000E+00    0.000000E+00    0.000000E+00
1.885000E-01    4.910140E-02   -4.294351E-02   -1.259469E+01    0.000000E+00    0.000000E+00    0.000000E+00    2.407868E-02    1.678569E-02    4.001538E-03    0.000000E+00    0.000000E+00    0.000000E+00
1.895000E-01    4.925065E-02   -4.232963E-02   -1.259798E+01    0.000000E+00    0.000000E+00    0.000000E+00    2.390105E-02    1.677699E-02    4.032054E-03    0.000000E+00    0.000000E+00    0.000000E+00
1.905000E-01    4.939968E-02   -4.174020E-02   -1.260122E+01    0.000000E+00    0.000000E+00    0.000000E+00    2.373240E-02    1.677085E-02    4.062206E-03    0.000000E+00    0.000000E+00    0.000000E+00
1.915000E-01    4.955256E-02   -4.117423E-02   -1.260442E+01    0.000000E+00    0.000000E+00    0.000000E+00    2.357319E-02    1.676871E-02    4.091923E-03    0.000000E+00    0.000000E+00    0.000000E+00
1.925000E-01    4.970934E-02   -4.063135E-02   -1.260756E+01    0.000000E+00    0.000000E+00    0.000000E+00    2.342329E-02    1.676991E-02    4.121036E-03    0.000000E+00    0.000000E+00    0.000000E+00
1.935000E-01    4.986505E-02   -4.011191E-02   -1.261067E+01    0.000000E+00    0.000000E+00    0.000000E+00    2.328214E-02    1.677360E-02    4.149497E-03    0.000000E+00    0.000000E+00    0.000000E+00
1.945000E-01    5.002972E-02   -3.961608E-02   -1.261373E+01    0.000000E+00    0.000000E+00    0.000000E+00    2.315011E-02    1.678060E-02    4.177350E-03    0.000000E+00    0.000000E+00    0.000000E+00
1.955000E-01    5.020260E-02   -3.915632E-02   -1.261675E+01    0.000000E+00    0.000000E+00    0.000000E+00    2.302778E-02    1.679099E-02    4.205007E-03    0.000000E+00    0.000000E+00    0.000000E+00
1.965000E-01    5.027589E-02   -3.826301E-02   -1.261972E+01    0.000000E+00    0.000000E+00    0.000000E+00    2.269557E-02    1.675496E-02    4.133936E-03    0.000000E+00    0.000000E+00    0.000000E+00
1.975000E-01    5.046165E-02   -3.781944E-02   -1.262265E+01    0.000000E+00    0.000000E+00    0.000000E+00    2.258460E-02    1.677471E-02    4.160285E-03    0.000000E+00    0.000000E+00    0.000000E+00
1.985000E-01    5.065266E-02   -3.739483E-02   -1.262555E+01    0.000000E+00    0.000000E+00    0.000000E+00    2.247851E-02    1.679875E-02    4.186031E-03    0.000000E+00    0.000000E+00    0.000000E+00
1.995000E-01    5.084494E-02   -3.698973E-02   -1.262841E+01    0.000000E+00    0.000000E+00    0.000000E+00    2.237779E-02    1.682576E-02    4.210990E-03    0.000000E+00    0.000000E+00    0.000000E+00
2.005000E-01    5.104073E-02   -3.659645E-02   -1.263123E+01    0.000000E+00    0.000000E+00    0.000000E+00    2.228017E-02    1.685582E-02    4.235400E-03    0.000000E+00    0.000000E+00    0.000000E+00
2.015000E-01    5.123003E-02   -3.622644E-02   -1.263401E+01    0.000000E+00    0.000000E+00    0.000000E+00    2.219090E-02    1.688416E-02    4.259409E-03    0.000000E+00    0.000000E+00    0.000000E+00
2.025000E-01    5.142401E-02   -3.586236E-02   -1.263675E+01    0.000000E+00    0.000000E+00    0.000000E+00    2.210232E-02    1.691438E-02    4.284309E-03    0.000000E+00    0.000000E+00    0.000000E+00
2.035000E-01    5.161555E-02   -3.551598E-02   -1.263945E+01    0.000000E+00    0.000000E+00    0.000000E+00    2.201726E-02    1.694621E-02    4.308316E-03    0.000000E+00    0.000000E+00    0.000000E+00
2.045000E-01    5.181365E-02   -3.517412E-02   -1.264212E+01    0.000000E+00    0.000000E+00    0.000000E+00    2.193431E-02    1.697993E-02    4.332436E-03    0.000000E+00    0.000000E+00    0.000000E+00
2.055000E-01    5.199297E-02   -3.485950E-02   -1.264475E+01    0.000000E+00    0.000000E+00    0.000000E+00    2.186480E-02    1.700357E-02    4.356520E-03    0.000000E+00    0.000000E+00    0.000000E+00
2.065000E-01    5.219764E-02   -3.449833E-02   -1.264735E+01    0.000000E+00    0.000000E+00    0.000000E+00    2.177869E-02    1.704020E-02    4.380146E-03    0.000000E+00    0.000000E+00    0.000000E+00
2.075000E-01    5.233563E-02   -3.423829E-02   -1.264990E+01    0.000000E+00    0.000000E+00    0.000000E+00    2.172500E-02    1.705470E-02    4.404309E-03    0.000000E+00    0.000000E+00    0.000000E+00
2.085000E-01    5.250045E-02   -3.397949E-02   -1.265243E+01    0.000000E+00    0.000000E+00    0.000000E+00    2.166889E-02    1.708259E-02    4.427745E-03    0.000000E+00    0.000000E+00    0.000000E+00
2.095000E-01    5.272089E-02   -3.368526E-02   -1.265496E+01    0.000000E+00    0.000000E+00    0.000000E+00    2.159658E-02    1.712978E-02    4.451966E-03    0.000000E+00    0.000000E+00    0.000000E+00
2.105000E-01    5.281079E-02   -3.355782E-02   -1.265742E+01    0.000000E+00    0.000000E+00    0.000000E+00    2.159312E-02    1.712162E-02    4.477140E-03    0.000000E+00    0.000000E+00    0.000000E+00
2.115000E-01    5.297478E-02   -3.336481E-02   -1.265985E+01    0.000000E+00    0.000000E+00    0.000000E+00    2.157223E-02    1.713399E-02    4.504343E-03    0.000000E+00    0.000000E+00    0.000000E+00
2.125000E-01    5.311274E-02   -3.319379E-02   -1.266224E+01    0.000000E+00    0.000000E+00    0.000000E+00    2.155341E-02    1.714603E-02    4.529299E-03    0.000000E+00    0.000000E+00    0.000000E+00
2.135000E-01    5.332697E-02   -3.295459E-02   -1.266462E+01    0.000000E+00    0.000000E+00    0.000000E+00    2.150137E-02    1.718814E-02    4.553792E-03    0.000000E+00    0.000000E+00    0.000000E+00
2.145000E-01    5.342355E-02   -3.276449E-02   -1.266696E+01    0.000000E+00    0.000000E+00    0.000000E+00    2.148289E-02    1.719620E-02    4.577191E-03    0.000000E+00    0.000000E+00    0.000000E+00
2.155000E-01    5.351371E-02   -3.263485E-02   -1.266926E+01    0.000000E+00    0.000000E+00    0.000000E+00    2.148053E-02    1.718908E-02    4.602078E-03    0.000000E+00    0.000000E+00    0.000000E+00
2.165000E-01    5.377125E-02   -3.254141E-02   -1.267154E+01    0.000000E+00    0.000000E+00    0.000000E+00    2.149259E-02    1.726314E-02    4.595371E-03    0.000000E+00    0.000000E+00    0.000000E+00
2.175000E-01    5.390904E-02   -3.238156E-02   -1.267380E+01    0.000000E+00    0.000000E+00    0.000000E+00    2.147408E-02    1.727289E-02    4.620473E-03    0.000000E+00    0.000000E+00    0.000000E+00
2.185000E-01    5.403709E-02   -3.225374E-02   -1.267603E+01    0.000000E+00    0.000000E+00    0.000000E+00    2.146591E-02    1.727820E-02    4.645022E-03    0.000000E+00    0.000000E+00    0.000000E+00
2.195000E-01    5.419004E-02   -3.212394E-02   -1.267824E+01    0.000000E+00    0.000000E+00    0.000000E+00    2.145457E-02    1.729075E-02    4.668782E-03    0.000000E+00    0.000000E+00    0.000000E+00
2.205000E-01    5.440568E-02   -3.194315E-02   -1.268044E+01    0.000000E+00    0.000000E+00    0.000000E+00    2.142380E-02    1.732766E-02    4.692592E-03    0.000000E+00    0.000000E+00    0.000000E+00
2.215000E-01    5.463689E-02   -3.173795E-02   -1.268264E+01    0.000000E+00    0.000000E+00    0.000000E+00    2.138390E-02    1.736853E-02    4.718009E-03    0.000000E+00    0.000000E+00    0.000000E+00
2.225000E-01    5.469769E-02   -3.168923E-02   -1.268478E+01    0.000000E+00    0.000000E+00    0.000000E+00    2.140688E-02    1.733747E-02    4.745213E-03    0.000000E+00    0.000000E+00    0.000000E+00
2.235000E-01    5.473760E-02   -3.165437E-02   -1.268687E+01    0.000000E+00    0.000000E+00    0.000000E+00    2.143369E-02    1.730142E-02    4.773392E-03    0.000000E+00    0.000000E+00    0.000000E+00
2.245000E-01    5.493089E-02   -3.147973E-02   -1.268898E+01    0.000000E+00    0.000000E+00    0.000000E+00    2.140147E-02    1.733289E-02    4.800582E-03    0.000000E+00    0.000000E+00    0.000000E+00
2.255000E-01    5.516517E-02   -3.126712E-02   -1.269108E+01    0.000000E+00    0.000000E+00    0.000000E+00    2.135566E-02    1.738572E-02    4.825754E-03    0.000000E+00    0.000000E+00    0.000000E+00
2.265000E-01    5.534051E-02   -3.114889E-02   -1.269313E+01    0.000000E+00    0.000000E+00    0.000000E+00    2.134170E-02    1.741787E-02    4.848439E-03    0.000000E+00    0.000000E+00    0.000000E+00
2.275000E-01    5.553227E-02   -3.104776E-02   -1.269515E+01    0.000000E+00    0.000000E+00    0.000000E+00    2.134154E-02    1.744877E-02    4.871459E-03    0.000000E+00    0.000000E+00    0.000000E+00
2.285000E-01    5.575093E-02   -3.094705E-02   -1.269717E+01    0.000000E+00    0.000000E+00    0.000000E+00    2.133532E-02    1.749026E-02    4.894188E-03    0.000000E+00    0.000000E+00    0.000000E+00
2.295000E-01    5.599063E-02   -3.082816E-02   -1.269916E+01    0.000000E+00    0.000000E+00    0.000000E+00    2.132495E-02    1.754134E-02    4.917157E-03    0.000000E+00    0.000000E+00    0.000000E+00
2.305000E-01    5.622640E-02   -3.071766E-02   -1.270113E+01    0.000000E+00    0.000000E+00    0.000000E+00    2.131397E-02    1.759673E-02    4.942611E-03    0.000000E+00    0.000000E+00    0.000000E+00
2.315000E-01    5.645860E-02   -3.060199E-02   -1.270309E+01    0.000000E+00    0.000000E+00    0.000000E+00    2.129800E-02    1.765674E-02    4.969002E-03    0.000000E+00    0.000000E+00    0.000000E+00
2.325000E-01    5.672637E-02   -3.047237E-02   -1.270503E+01    0.000000E+00    0.000000E+00    0.000000E+00    2.127689E-02    1.772544E-02    4.993868E-03    0.000000E+00    0.000000E+00    0.000000E+00
2.335000E-01    5.701573E-02   -3.033334E-02   -1.270694E+01    0.000000E+00    0.000000E+00    0.000000E+00    2.125201E-02    1.780033E-02    5.017487E-03    0.000000E+00    0.000000E+00    0.000000E+00
2.345000E-01    5.729107E-02   -3.019869E-02   -1.270885E+01    0.000000E+00    0.000000E+00    0.000000E+00    2.122236E-02    1.787591E-02    5.042198E-03    0.000000E+00    0.000000E+00    0.000000E+00
2.355000E-01    5.757843E-02   -3.004770E-02   -1.271073E+01    0.000000E+00    0.000000E+00    0.000000E+00    2.119067E-02    1.795350E-02    5.066433E-03    0.000000E+00    0.000000E+00    0.000000E+00
2.365000E-01    5.787826E-02   -2.989665E-02   -1.271260E+01    0.000000E+00    0.000000E+00    0.000000E+00    2.115757E-02    1.803722E-02    5.090363E-03    0.000000E+00    0.000000E+00    0.000000E+00
2.375000E-01    5.819444E-02   -2.973888E-02   -1.271445E+01    0.000000E+00    0.000000E+00    0.000000E+00    2.112377E-02    1.812407E-02    5.113872E-03    0.000000E+00    0.000000E+00    0.000000E+00
2.385000E-01    5.852337E-02   -2.958476E-02   -1.271629E+01    0.000000E+00    0.000000E+00    0.000000E+00    2.108945E-02    1.821086E-02    5.137346E-03    0.000000E+00    0.000000E+00    0.000000E+00
2.395000E-01    5.887725E-02   -2.944571E-02   -1.271812E+01    0.000000E+00    0.000000E+00    0.000000E+00    2.105919E-02    1.830056E-02    5.161314E-03    0.000000E+00    0.000000E+00    0.000000E+00
2.405000E-01    5.921789E-02   -2.930944E-02   -1.271993E+01    0.000000E+00    0.000000E+00    0.000000E+00    2.103309E-02    1.839147E-02    5.184160E-03    0.000000E+00    0.000000E+00    0.000000E+00
2.415000E-01    5.956050E-02   -2.916550E-02   -1.272172E+01    0.000000E+00    0.000000E+00    0.000000E+00    2.100580E-02    1.848173E-02    5.207335E-03    0.000000E+00    0.000000E+00    0.000000E+00
2.425000E-01    5.990206E-02   -2.901298E-02   -1.272350E+01    0.000000E+00    0.000000E+00    0.000000E+00    2.097683E-02    1.856955E-02    5.230690E-03    0.000000E+00    0.000000E+00    0.000000E+00
2.435000E-01    6.023627E-02   -2.885761E-02   -1.272527E+01    0.000000E+00    0.000000E+00    0.000000E+00    2.094520E-02    1.865187E-02    5.253532E-03    0.000000E+00    0.000000E+00    0.000000E+00
2.445000E-01    6.055582E-02   -2.868255E-02   -1.272702E+01    0.000000E+00    0.000000E+00    0.000000E+00    2.090848E-02    1.872440E-02    5.276239E-03    0.000000E+00    0.000000E+00    0.000000E+00
2.455000E-01    6.087573E-02   -2.847891E-02   -1.272875E+01    0.000000E+00    0.000000E+00    0.000000E+00    2.086119E-02    1.878791E-02    5.298645E-03    0.000000E+00    0.000000E+00    0.000000E+00
2.465000E-01    6.119810E-02   -2.828701E-02   -1.273048E+01    0.000000E+00    0.000000E+00    0.000000E+00    2.082284E-02    1.885559E-02    5.318855E-03    0.000000E+00    0.000000E+00    0.000000E+00
2.475000E-01    6.152260E-02   -2.815262E-02   -1.273219E+01    0.000000E+00    0.000000E+00    0.000000E+00    2.081710E-02    1.892984E-02    5.340036E-03    0.000000E+00    0.000000E+00    0.000000E+00
2.485000E-01    6.183423E-02   -2.803473E-02   -1.273389E+01    0.000000E+00    0.000000E+00    0.000000E+00    2.082031E-02    1.898788E-02    5.364098E-03    0.000000E+00    0.000000E+00    0.000000E+00
2.495000E-01    6.212114E-02   -2.785439E-02   -1.273558E+01    0.000000E+00    0.000000E+00    0.000000E+00    2.080134E-02    1.902773E-02    5.386103E-03    0.000000E+00    0.000000E+00    0.000000E+00
2.505000E-01    6.241430E-02   -2.764535E-02   -1.273727E+01    0.000000E+00    0.000000E+00    0.000000E+00    2.077131E-02    1.906823E-02    5.405796E-03    0.000000E+00    0.000000E+00    0.000000E+00
2.515000E-01    6.271502E-02   -2.745906E-02   -1.273894E+01    0.000000E+00    0.000000E+00    0.000000E+00    2.075146E-02    1.911028E-02    5.426024E-03    0.000000E+00    0.000000E+00    0.000000E+00
2.525000E-01    6.297988E-02   -2.723821E-02   -1.274060E+01    0.000000E+00    0.000000E+00    0.000000E+00    2.073085E-02    1.914676E-02    5.445424E-03    0.000000E+00    0.000000E+00    0.000000E+00
2.535000E-01    6.327110E-02   -2.701117E-02   -1.274226E+01    0.000000E+00    0.000000E+00    0.000000E+00    2.070014E-02    1.918436E-02    5.465700E-03    0.000000E+00    0.000000E+00    0.000000E+00
2.545000E-01    6.358168E-02   -2.678472E-02   -1.274392E+01    0.000000E+00    0.000000E+00    0.000000E+00    2.066884E-02    1.922959E-02    5.484742E-03    0.000000E+00    0.000000E+00    0.000000E+00
2.555000E-01    6.391907E-02   -2.655900E-02   -1.274557E+01    0.000000E+00    0.000000E+00    0.000000E+00    2.064302E-02    1.927849E-02    5.501775E-03    0.000000E+00    0.000000E+00    0.000000E+00
2.565000E-01    6.425347E-02   -2.633937E-02   -1.274720E+01    0.000000E+00    0.000000E+00    0.000000E+00    2.062146E-02    1.932461E-02    5.519238E-03    0.000000E+00    0.000000E+00    0.000000E+00
2.575000E-01    6.458593E-02   -2.612680E-02   -1.274883E+01    0.000000E+00    0.000000E+00    0.000000E+00    2.060256E-02    1.936824E-02    5.537253E-03    0.000000E+00    0.000000E+00    0.000000E+00
2.585000E-01    6.493194E-02   -2.592799E-02   -1.275046E+01    0.000000E+00    0.000000E+00    0.000000E+00    2.058554E-02    1.941124E-02    5.556063E-03    0.000000E+00    0.000000E+00    0.000000E+00
2.595000E-01    6.528315E-02   -2.572271E-02   -1.275209E+01    0.000000E+00    0.000000E+00    0.000000E+00    2.057156E-02    1.945011E-02    5.574639E-03    0.000000E+00    0.000000E+00    0.000000E+00
2.605000E-01    6.563867E-02   -2.551650E-02   -1.275371E+01    0.000000E+00    0.000000E+00    0.000000E+00    2.056118E-02    1.948942E-02    5.593670E-03    0.000000E+00    0.000000E+00    0.000000E+00
2.615000E-01    6.600711E-02   -2.531898E-02   -1.275532E+01    0.000000E+00    0.000000E+00    0.000000E+00    2.055212E-02    1.953395E-02    5.611437E-03    0.000000E+00    0.000000E+00    0.000000E+00
2.625000E-01    6.636589E-02   -2.510844E-02   -1.275693E+01    0.000000E+00    0.000000E+00    0.000000E+00    2.054252E-02    1.957990E-02    5.631740E-03    0.000000E+00    0.000000E+00    0.000000E+00
2.635000E-01    6.674652E-02   -2.489198E-02   -1.275854E+01    0.000000E+00    0.000000E+00    0.000000E+00    2.053330E-02    1.962535E-02    5.651962E-03    0.000000E+00    0.000000E+00    0.000000E+00
2.645000E-01    6.711680E-02   -2.467399E-02   -1.276015E+01    0.000000E+00    0.000000E+00    0.000000E+00    2.052418E-02    1.966910E-02    5.672135E-03    0.000000E+00    0.000000E+00    0.000000E+00
2.655000E-01    6.748107E-02   -2.443801E-02   -1.276175E+01    0.000000E+00    0.000000E+00    0.000000E+00    2.051288E-02    1.971279E-02    5.691632E-03    0.000000E+00    0.000000E+00    0.000000E+00
2.665000E-01    6.785470E-02   -2.418888E-02   -1.276335E+01    0.000000E+00    0.000000E+00    0.000000E+00    2.049759E-02    1.975703E-02    5.710266E-03    0.000000E+00    0.000000E+00    0.000000E+00
2.675000E-01    6.824077E-02   -2.393447E-02   -1.276495E+01    0.000000E+00    0.000000E+00    0.000000E+00    2.048192E-02    1.980273E-02    5.728410E-03    0.000000E+00    0.000000E+00    0.000000E+00
2.685000E-01    6.862446E-02   -2.368982E-02   -1.276653E+01    0.000000E+00    0.000000E+00    0.000000E+00    2.046804E-02    1.984821E-02    5.746202E-03    0.000000E+00    0.000000E+00    0.000000E+00
2.695000E-01    6.899830E-02   -2.345595E-02   -1.276811E+01    0.000000E+00    0.000000E+00    0.000000E+00    2.046047E-02    1.988607E-02    5.762470E-03    0.000000E+00    0.000000E+00    0.000000E+00
2.705000E-01    6.937171E-02   -2.323421E-02   -1.276971E+01    0.000000E+00    0.000000E+00    0.000000E+00    2.046845E-02    1.991447E-02    5.776698E-03    0.000000E+00    0.000000E+00    0.000000E+00
2.715000E-01    6.976343E-02   -2.300437E-02   -1.277131E+01    0.000000E+00    0.000000E+00    0.000000E+00    2.047624E-02    1.994987E-02    5.792885E-03    0.000000E+00    0.000000E+00    0.000000E+00
2.725000E-01    7.017161E-02   -2.277517E-02   -1.277289E+01    0.000000E+00    0.000000E+00    0.000000E+00    2.047753E-02    1.999532E-02    5.811784E-03    0.000000E+00    0.000000E+00    0.000000E+00
2.735000E-01    7.055023E-02   -2.256482E-02   -1.277446E+01    0.000000E+00    0.000000E+00    0.000000E+00    2.048968E-02    2.002506E-02    5.827765E-03    0.000000E+00    0.000000E+00    0.000000E+00
2.745000E-01    7.090309E-02   -2.238494E-02   -1.277605E+01    0.000000E+00    0.000000E+00    0.000000E+00    2.050784E-02    2.004105E-02    5.841523E-03    0.000000E+00    0.000000E+00    0.000000E+00
2.755000E-01    7.127439E-02   -2.221960E-02   -1.277763E+01    0.000000E+00    0.000000E+00    0.000000E+00    2.052746E-02    2.005880E-02    5.854890E-03    0.000000E+00    0.000000E+00    0.000000E+00
2.765000E-01    7.167324E-02   -2.206309E-02   -1.277921E+01    0.000000E+00    0.000000E+00    0.000000E+00    2.055333E-02    2.008061E-02    5.869762E-03    0.000000E+00    0.000000E+00    0.000000E+00
2.775000E-01    7.204766E-02   -2.189625E-02   -1.278080E+01    0.000000E+00    0.000000E+00    0.000000E+00    2.058319E-02    2.009856E-02    5.882885E-03    0.000000E+00    0.000000E+00    0.000000E+00
2.785000E-01    7.253605E-02   -2.177922E-02   -1.278240E+01    0.000000E+00    0.000000E+00    0.000000E+00    2.062374E-02    2.011053E-02    5.891532E-03    0.000000E+00    0.000000E+00    0.000000E+00
2.795000E-01    7.289122E-02   -2.165194E-02   -1.278398E+01    0.000000E+00    0.000000E+00    0.000000E+00    2.066848E-02    2.011830E-02    5.905380E-03    0.000000E+00    0.000000E+00    0.000000E+00
2.805000E-01    7.322919E-02   -2.153622E-02   -1.278556E+01    0.000000E+00    0.000000E+00    0.000000E+00    2.071510E-02    2.012078E-02    5.919039E-03    0.000000E+00    0.000000E+00    0.000000E+00
2.815000E-01    7.357258E-02   -2.141273E-02   -1.278715E+01    0.000000E+00    0.000000E+00    0.000000E+00    2.076603E-02    2.011729E-02    5.932312E-03    0.000000E+00    0.000000E+00    0.000000E+00
2.825000E-01    7.391610E-02   -2.130238E-02   -1.278874E+01    0.000000E+00    0.000000E+00    0.000000E+00    2.082294E-02    2.011014E-02    5.945465E-03    0.000000E+00    0.000000E+00    0.000000E+00
2.835000E-01    7.426231E-02   -2.120062E-02   -1.279034E+01    0.000000E+00    0.000000E+00    0.000000E+00    2.089030E-02    2.009730E-02    5.957969E-03    0.000000E+00    0.000000E+00    0.000000E+00
2.845000E-01    7.458734E-02   -2.109582E-02   -1.279193E+01    0.000000E+00    0.000000E+00    0.000000E+00    2.096306E-02    2.007799E-02    5.970376E-03    0.000000E+00    0.000000E+00    0.000000E+00
2.855000E-01    7.494738E-02   -2.099914E-02   -1.279354E+01    0.000000E+00    0.000000E+00    0.000000E+00    2.103505E-02    2.006622E-02    5.981727E-03    0.000000E+00    0.000000E+00    0.000000E+00
2.865000E-01    7.530803E-02   -2.093570E-02   -1.279514E+01    0.000000E+00    0.000000E+00    0.000000E+00    2.111048E-02    2.005427E-02    5.992361E-03    0.000000E+00    0.000000E+00    0.000000E+00
2.875000E-01    7.565171E-02   -2.086300E-02   -1.279673E+01    0.000000E+00    0.000000E+00    0.000000E+00    2.118885E-02    2.003872E-02    6.002968E-03    0.000000E+00    0.000000E+00    0.000000E+00
2.885000E-01    7.598028E-02   -2.081219E-02   -1.279832E+01    0.000000E+00    0.000000E+00    0.000000E+00    2.127327E-02    2.001978E-02    6.012993E-03    0.000000E+00    0.000000E+00    0.000000E+00
2.895000E-01    7.631025E-02   -2.076201E-02   -1.279992E+01    0.000000E+00    0.000000E+00    0.000000E+00    2.136281E-02    1.999345E-02    6.023551E-03    0.000000E+00    0.000000E+00    0.000000E+00
2.905000E-01    7.660351E-02   -2.071553E-02   -1.280151E+01    0.000000E+00    0.000000E+00    0.000000E+00    2.145563E-02    1.996155E-02    6.031015E-03    0.000000E+00    0.000000E+00    0.000000E+00
2.915000E-01    7.690022E-02   -2.069035E-02   -1.280311E+01    0.000000E+00    0.000000E+00    0.000000E+00    2.154976E-02    1.992901E-02    6.041183E-03    0.000000E+00    0.000000E+00    0.000000E+00
2.925000E-01    7.720112E-02   -2.069092E-02   -1.280470E+01    0.000000E+00    0.000000E+00    0.000000E+00    2.164762E-02    1.989534E-02    6.050881E-03    0.000000E+00    0.000000E+00    0.000000E+00
2.935000E-01    7.749109E-02   -2.070878E-02   -1.280630E+01    0.000000E+00    0.000000E+00    0.000000E+00    2.175214E-02    1.985931E-02    6.060060E-03    0.000000E+00    0.000000E+00    0.000000E+00
2.945000E-01    7.777454E-02   -2.072235E-02   -1.280791E+01    0.000000E+00    0.000000E+00    0.000000E+00    2.186454E-02    1.982310E-02    6.069928E-03    0.000000E+00    0.000000E+00    0.000000E+00
2.955000E-01    7.805352E-02   -2.074912E-02   -1.280951E+01    0.000000E+00    0.000000E+00    0.000000E+00    2.198102E-02    1.978534E-02    6.080789E-03    0.000000E+00    0.000000E+00    0.000000E+00
2.965000E-01    7.831681E-02   -2.080334E-02   -1.281113E+01    0.000000E+00    0.000000E+00    0.000000E+00    2.209608E-02    1.974075E-02    6.090947E-03    0.000000E+00    0.000000E+00    0.000000E+00
2.975000E-01    7.856637E-02   -2.088030E-02   -1.281274E+01    0.000000E+00    0.000000E+00    0.000000E+00    2.221468E-02    1.969139E-02    6.100569E-03    0.000000E+00    0.000000E+00    0.000000E+00
2.985000E-01    7.881281E-02   -2.097146E-02   -1.281435E+01    0.000000E+00    0.000000E+00    0.000000E+00    2.234230E-02    1.964396E-02    6.111016E-03    0.000000E+00    0.000000E+00    0.000000E+00
2.995000E-01    7.906310E-02   -2.107785E-02   -1.281597E+01    0.000000E+00    0.000000E+00    0.000000E+00    2.247671E-02    1.959629E-02    6.122345E-03    0.000000E+00    0.000000E+00    0.000000E+00
3.005000E-01    7.929859E-02   -2.119311E-02   -1.281759E+01    0.000000E+00    0.000000E+00    0.000000E+00    2.261276E-02    1.954399E-02    6.133324E-03    0.000000E+00    0.000000E+00    0.000000E+00
3.015000E-01    7.951973E-02   -2.131610E-02   -1.281920E+01    0.000000E+00    0.000000E+00    0.000000E+00    2.274976E-02    1.948750E-02    6.144054E-03    0.000000E+00    0.000000E+00    0.000000E+00
3.025000E-01    7.973311E-02   -2.144920E-02   -1.282082E+01    0.000000E+00    0.000000E+00    0.000000E+00    2.288840E-02    1.942864E-02    6.155031E-03    0.000000E+00    0.000000E+00    0.000000E+00
3.035000E-01    7.993410E-02   -2.159458E-02   -1.282244E+01    0.000000E+00    0.000000E+00    0.000000E+00    2.302768E-02    1.936851E-02    6.166008E-03    0.000000E+00    0.000000E+00    0.000000E+00
3.045000E-01    8.011835E-02   -2.173304E-02   -1.282406E+01    0.000000E+00    0.000000E+00    0.000000E+00    2.316552E-02    1.930472E-02    6.177281E-03    0.000000E+00    0.000000E+00    0.000000E+00
3.055000E-01    8.028554E-02   -2.188351E-02   -1.282568E+01    0.000000E+00    0.000000E+00    0.000000E+00    2.330496E-02    1.923576E-02    6.188472E-03    0.000000E+00    0.000000E+00    0.000000E+00
3.065000E-01    8.044812E-02   -2.204646E-02   -1.282731E+01    0.000000E+00    0.000000E+00    0.000000E+00    2.344697E-02    1.916476E-02    6.199956E-03    0.000000E+00    0.000000E+00    0.000000E+00
3.075000E-01    8.059603E-02   -2.223376E-02   -1.282894E+01    0.000000E+00    0.000000E+00    0.000000E+00    2.359344E-02    1.909286E-02    6.212432E-03    0.000000E+00    0.000000E+00    0.000000E+00
3.085000E-01    8.073720E-02   -2.243419E-02   -1.283054E+01    0.000000E+00    0.000000E+00    0.000000E+00    2.374460E-02    1.902007E-02    6.226620E-03    0.000000E+00    0.000000E+00    0.000000E+00
3.095000E-01    8.088680E-02   -2.265704E-02   -1.283208E+01    0.000000E+00    0.000000E+00    0.000000E+00    2.389190E-02    1.895336E-02    6.242989E-03    0.000000E+00    0.000000E+00    0.000000E+00
3.105000E-01    8.103175E-02   -2.288379E-02   -1.283383E+01    0.000000E+00    0.000000E+00    0.000000E+00    2.403917E-02    1.888281E-02    6.260429E-03    0.000000E+00    0.000000E+00    0.000000E+00
3.115000E-01    8.110703E-02   -2.318914E-02   -1.283559E+01    0.000000E+00    0.000000E+00    0.000000E+00    2.421566E-02    1.878602E-02    6.273064E-03    0.000000E+00    0.000000E+00    0.000000E+00
3.125000E-01    8.119637E-02   -2.349092E-02   -1.283718E+01    0.000000E+00    0.000000E+00    0.000000E+00    2.438854E-02    1.869755E-02    6.284749E-03    0.000000E+00    0.000000E+00    0.000000E+00
3.135000E-01    8.130692E-02   -2.376985E-02   -1.283881E+01    0.000000E+00    0.000000E+00    0.000000E+00    2.455071E-02    1.862116E-02    6.299245E-03    0.000000E+00    0.000000E+00    0.000000E+00
3.145000E-01    8.140828E-02   -2.405582E-02   -1.284051E+01    0.000000E+00    0.000000E+00    0.000000E+00    2.471429E-02    1.854126E-02    6.315014E-03    0.000000E+00    0.000000E+00    0.000000E+00
3.155000E-01    8.151072E-02   -2.434938E-02   -1.284221E+01    0.000000E+00    0.000000E+00    0.000000E+00    2.487666E-02    1.845784E-02    6.331794E-03    0.000000E+00    0.000000E+00    0.000000E+00
3.165000E-01    8.162162E-02   -2.464211E-02   -1.284388E+01    0.000000E+00    0.000000E+00    0.000000E+00    2.503493E-02    1.837672E-02    6.349182E-03    0.000000E+00    0.000000E+00    0.000000E+00
3.175000E-01    8.172016E-02   -2.494526E-02   -1.284556E+01    0.000000E+00    0.000000E+00    0.000000E+00    2.519403E-02    1.829655E-02    6.366223E-03    0.000000E+00    0.000000E+00    0.000000E+00
3.185000E-01    8.179515E-02   -2.526380E-02   -1.284725E+01    0.000000E+00    0.000000E+00    0.000000E+00    2.535587E-02    1.821205E-02    6.382807E-03    0.000000E+00    0.000000E+00    0.000000E+00
3.195000E-01    8.184916E-02   -2.559683E-02   -1.284895E+01    0.000000E+00    0.000000E+00    0.000000E+00    2.551986E-02    1.812141E-02    6.398866E-03    0.000000E+00    0.000000E+00    0.000000E+00
3.205000E-01    8.187961E-02   -2.594170E-02   -1.285064E+01    0.000000E+00    0.000000E+00    0.000000E+00    2.568712E-02    1.802483E-02    6.414248E-03    0.000000E+00    0.000000E+00    0.000000E+00
3.215000E-01    8.188855E-02   -2.630512E-02   -1.285233E+01    0.000000E+00    0.000000E+00    0.000000E+00    2.585761E-02    1.792126E-02    6.428205E-03    0.000000E+00    0.000000E+00    0.000000E+00
3.225000E-01    8.187358E-02   -2.668238E-02   -1.285403E+01    0.000000E+00    0.000000E+00    0.000000E+00    2.603031E-02    1.781024E-02    6.440988E-03    0.000000E+00    0.000000E+00    0.000000E+00
3.235000E-01    8.186327E-02   -2.708345E-02   -1.285573E+01    0.000000E+00    0.000000E+00    0.000000E+00    2.620532E-02    1.769518E-02    6.451746E-03    0.000000E+00    0.000000E+00    0.000000E+00
3.245000E-01    8.182504E-02   -2.748400E-02   -1.285744E+01    0.000000E+00    0.000000E+00    0.000000E+00    2.638187E-02    1.757684E-02    6.463190E-03    0.000000E+00    0.000000E+00    0.000000E+00
3.255000E-01    8.189676E-02   -2.793659E-02   -1.285915E+01    0.000000E+00    0.000000E+00    0.000000E+00    2.656272E-02    1.745335E-02    6.469605E-03    0.000000E+00    0.000000E+00    0.000000E+00
3.265000E-01    8.184914E-02   -2.835598E-02   -1.286087E+01    0.000000E+00    0.000000E+00    0.000000E+00    2.674183E-02    1.733065E-02    6.480938E-03    0.000000E+00    0.000000E+00    0.000000E+00
3.275000E-01    8.163451E-02   -2.869743E-02   -1.286260E+01    0.000000E+00    0.000000E+00    0.000000E+00    2.692213E-02    1.720171E-02    6.496947E-03    0.000000E+00    0.000000E+00    0.000000E+00
3.285000E-01    8.151807E-02   -2.915393E-02   -1.286431E+01    0.000000E+00    0.000000E+00    0.000000E+00    2.710883E-02    1.705807E-02    6.503659E-03    0.000000E+00    0.000000E+00    0.000000E+00
3.295000E-01    8.139991E-02   -2.961859E-02   -1.286603E+01    0.000000E+00    0.000000E+00    0.000000E+00    2.729631E-02    1.690993E-02    6.508811E-03    0.000000E+00    0.000000E+00    0.000000E+00
3.305000E-01    8.130511E-02   -3.010476E-02   -1.286776E+01    0.000000E+00    0.000000E+00    0.000000E+00    2.748235E-02    1.676434E-02    6.518190E-03    0.000000E+00    0.000000E+00    0.000000E+00
3.315000E-01    8.120503E-02   -3.061701E-02   -1.286950E+01    0.000000E+00    0.000000E+00    0.000000E+00    2.767134E-02    1.661987E-02    6.526453E-03    0.000000E+00    0.000000E+00    0.000000E+00
3.325000E-01    8.099511E-02   -3.107485E-02   -1.287125E+01    0.000000E+00    0.000000E+00    0.000000E+00    2.786517E-02    1.647841E-02    6.537306E-03    0.000000E+00    0.000000E+00    0.000000E+00
3.335000E-01    8.087228E-02   -3.157752E-02   -1.287299E+01    0.000000E+00    0.000000E+00    0.000000E+00    2.806159E-02    1.633879E-02    6.545763E-03    0.000000E+00    0.000000E+00    0.000000E+00
3.345000E-01    8.072508E-02   -3.210428E-02   -1.287475E+01    0.000000E+00    0.000000E+00    0.000000E+00    2.825389E-02    1.619662E-02    6.554018E-03    0.000000E+00    0.000000E+00    0.000000E+00
3.355000E-01    8.056499E-02   -3.264360E-02   -1.287650E+01    0.000000E+00    0.000000E+00    0.000000E+00    2.844134E-02    1.605117E-02    6.561775E-03    0.000000E+00    0.000000E+00    0.000000E+00
3.365000E-01    8.036300E-02   -3.319267E-02   -1.287825E+01    0.000000E+00    0.000000E+00    0.000000E+00    2.862937E-02    1.589286E-02    6.565787E-03    0.000000E+00    0.000000E+00    0.000000E+00
3.375000E-01    8.009657E-02   -3.375736E-02   -1.288000E+01    0.000000E+00    0.000000E+00    0.000000E+00    2.882111E-02    1.571810E-02    6.569208E-03    0.000000E+00    0.000000E+00    0.000000E+00
3.385000E-01    7.984266E-02   -3.433886E-02   -1.288176E+01    0.000000E+00    0.000000E+00    0.000000E+00    2.901483E-02    1.554039E-02    6.571470E-03    0.000000E+00    0.000000E+00    0.000000E+00
3.395000E-01    7.957961E-02   -3.493204E-02   -1.288351E+01    0.000000E+00    0.000000E+00    0.000000E+00    2.920959E-02    1.536040E-02    6.574746E-03    0.000000E+00    0.000000E+00    0.000000E+00
3.405000E-01    7.929910E-02   -3.553193E-02   -1.288527E+01    0.000000E+00    0.000000E+00    0.000000E+00    2.940359E-02    1.517552E-02    6.578405E-03    0.000000E+00    0.000000E+00    0.000000E+00
3.415000E-01    7.899963E-02   -3.614598E-02   -1.288702E+01    0.000000E+00    0.000000E+00    0.000000E+00    2.959423E-02    1.498559E-02    6.580689E-03    0.000000E+00    0.000000E+00    0.000000E+00
3.425000E-01    7.867942E-02   -3.674927E-02   -1.288877E+01    0.000000E+00    0.000000E+00    0.000000E+00    2.978155E-02    1.479195E-02    6.583356E-03    0.000000E+00    0.000000E+00    0.000000E+00
3.435000E-01    7.834552E-02   -3.735816E-02   -1.289052E+01    0.000000E+00    0.000000E+00    0.000000E+00    2.996668E-02    1.459601E-02    6.586168E-03    0.000000E+00    0.000000E+00    0.000000E+00
3.445000E-01    7.799709E-02   -3.797326E-02   -1.289227E+01    0.000000E+00    0.000000E+00    0.000000E+00    3.014967E-02    1.439860E-02    6.588778E-03    0.000000E+00    0.000000E+00    0.000000E+00
3.455000E-01    7.762502E-02   -3.860173E-02   -1.289402E+01    0.000000E+00    0.000000E+00    0.000000E+00    3.033330E-02    1.419489E-02    6.591019E-03    0.000000E+00    0.000000E+00    0.000000E+00
3.465000E-01    7.723410E-02   -3.924094E-02   -1.289577E+01    0.000000E+00    0.000000E+00    0.000000E+00    3.051716E-02    1.398550E-02    6.593352E-03    0.000000E+00    0.000000E+00    0.000000E+00
3.475000E-01    7.682923E-02   -3.988376E-02   -1.289751E+01    0.000000E+00    0.000000E+00    0.000000E+00    3.069944E-02    1.377298E-02    6.595835E-03    0.000000E+00    0.000000E+00    0.000000E+00
3.485000E-01    7.640641E-02   -4.053299E-02   -1.289926E+01    0.000000E+00    0.000000E+00    0.000000E+00    3.088106E-02    1.355658E-02    6.598000E-03    0.000000E+00    0.000000E+00    0.000000E+00
3.495000E-01    7.595851E-02   -4.118343E-02   -1.290100E+01    0.000000E+00    0.000000E+00    0.000000E+00    3.106139E-02    1.333604E-02    6.599722E-03    0.000000E+00    0.000000E+00    0.000000E+00
3.505000E-01    7.549801E-02   -4.184624E-02   -1.290274E+01    0.000000E+00    0.000000E+00    0.000000E+00    3.124143E-02    1.311121E-02    6.601898E-03    0.000000E+00    0.000000E+00    0.000000E+00
3.515000E-01    7.501667E-02   -4.251820E-02   -1.290447E+01    0.000000E+00    0.000000E+00    0.000000E+00    3.142157E-02    1.288104E-02    6.603711E-03    0.000000E+00    0.000000E+00    0.000000E+00
3.525000E-01    7.451559E-02   -4.319628E-02   -1.290621E+01    0.000000E+00    0.000000E+00    0.000000E+00    3.160112E-02    1.264635E-02    6.605252E-03    0.000000E+00    0.000000E+00    0.000000E+00
3.535000E-01    7.399700E-02   -4.388164E-02   -1.290793E+01    0.000000E+00    0.000000E+00    0.000000E+00    3.177986E-02    1.240770E-02    6.606459E-03    0.000000E+00    0.000000E+00    0.000000E+00
3.545000E-01    7.345608E-02   -4.456419E-02   -1.290966E+01    0.000000E+00    0.000000E+00    0.000000E+00    3.195634E-02    1.216416E-02    6.607627E-03    0.000000E+00    0.000000E+00    0.000000E+00
3.555000E-01    7.290320E-02   -4.525433E-02   -1.291138E+01    0.000000E+00    0.000000E+00    0.000000E+00    3.213129E-02    1.191815E-02    6.608127E-03    0.000000E+00    0.000000E+00    0.000000E+00
3.565000E-01    7.233703E-02   -4.594995E-02   -1.291309E+01    0.000000E+00    0.000000E+00    0.000000E+00    3.230552E-02    1.167030E-02    6.608375E-03    0.000000E+00    0.000000E+00    0.000000E+00
3.575000E-01    7.175687E-02   -4.665124E-02   -1.291481E+01    0.000000E+00    0.000000E+00    0.000000E+00    3.247915E-02    1.142005E-02    6.608440E-03    0.000000E+00    0.000000E+00    0.000000E+00
3.585000E-01    7.116159E-02   -4.735638E-02   -1.291651E+01    0.000000E+00    0.000000E+00    0.000000E+00    3.265165E-02    1.116701E-02    6.608150E-03    0.000000E+00    0.000000E+00    0.000000E+00
3.595000E-01    7.055376E-02   -4.806277E-02   -1.291821E+01    0.000000E+00    0.000000E+00    0.000000E+00    3.282222E-02    1.091257E-02    6.607500E-03    0.000000E+00    0.000000E+00    0.000000E+00
3.605000E-01    6.995935E-02   -4.876742E-02   -1.291991E+01    0.000000E+00    0.000000E+00    0.000000E+00    3.298869E-02    1.065871E-02    6.608469E-03    0.000000E+00    0.000000E+00    0.000000E+00
3.615000E-01    6.932761E-02   -4.946660E-02   -1.292160E+01    0.000000E+00    0.000000E+00    0.000000E+00    3.315441E-02    1.040379E-02    6.608068E-03    0.000000E+00    0.000000E+00    0.000000E+00
3.625000E-01    6.867930E-02   -5.016593E-02   -1.292329E+01    0.000000E+00    0.000000E+00    0.000000E+00    3.331895E-02    1.014713E-02    6.607220E-03    0.000000E+00    0.000000E+00    0.000000E+00
3.635000E-01    6.801507E-02   -5.085795E-02   -1.292498E+01    0.000000E+00    0.000000E+00    0.000000E+00    3.347887E-02    9.887373E-03    6.605875E-03    0.000000E+00    0.000000E+00    0.000000E+00
3.645000E-01    6.733881E-02   -5.154667E-02   -1.292666E+01    0.000000E+00    0.000000E+00    0.000000E+00    3.363510E-02    9.627827E-03    6.603872E-03    0.000000E+00    0.000000E+00    0.000000E+00
3.655000E-01    6.665223E-02   -5.223399E-02   -1.292833E+01    0.000000E+00    0.000000E+00    0.000000E+00    3.378878E-02    9.371096E-03    6.601129E-03    0.000000E+00    0.000000E+00    0.000000E+00
3.665000E-01    6.595248E-02   -5.291824E-02   -1.293000E+01    0.000000E+00    0.000000E+00    0.000000E+00    3.393961E-02    9.113550E-03    6.597700E-03    0.000000E+00    0.000000E+00    0.000000E+00
3.675000E-01    6.523715E-02   -5.359611E-02   -1.293167E+01    0.000000E+00    0.000000E+00    0.000000E+00    3.408725E-02    8.853373E-03    6.594026E-03    0.000000E+00    0.000000E+00    0.000000E+00
3.685000E-01    6.450303E-02   -5.427499E-02   -1.293332E+01    0.000000E+00    0.000000E+00    0.000000E+00    3.423155E-02    8.591661E-03    6.589462E-03    0.000000E+00    0.000000E+00    0.000000E+00
3.695000E-01    6.376392E-02   -5.493968E-02   -1.293498E+01    0.000000E+00    0.000000E+00    0.000000E+00    3.437202E-02    8.331121E-03    6.584876E-03    0.000000E+00    0.000000E+00    0.000000E+00
3.705000E-01    6.300496E-02   -5.559513E-02   -1.293662E+01    0.000000E+00    0.000000E+00    0.000000E+00    3.450814E-02    8.071028E-03    6.579077E-03    0.000000E+00    0.000000E+00    0.000000E+00
3.715000E-01    6.223799E-02   -5.624335E-02   -1.293826E+01    0.000000E+00    0.000000E+00    0.000000E+00    3.464058E-02    7.810566E-03    6.572974E-03    0.000000E+00    0.000000E+00    0.000000E+00
3.725000E-01    6.146052E-02   -5.688447E-02   -1.293989E+01    0.000000E+00    0.000000E+00    0.000000E+00    3.476887E-02    7.550645E-03    6.566989E-03    0.000000E+00    0.000000E+00    0.000000E+00
3.735000E-01    6.067977E-02   -5.751858E-02   -1.294152E+01    0.000000E+00    0.000000E+00    0.000000E+00    3.489486E-02    7.294143E-03    6.560242E-03    0.000000E+00    0.000000E+00    0.000000E+00
3.745000E-01    5.988121E-02   -5.814505E-02   -1.294313E+01    0.000000E+00    0.000000E+00    0.000000E+00    3.501752E-02    7.036493E-03    6.552659E-03    0.000000E+00    0.000000E+00    0.000000E+00
3.755000E-01    5.907704E-02   -5.876200E-02   -1.294474E+01    0.000000E+00    0.000000E+00    0.000000E+00    3.513490E-02    6.779186E-03    6.544086E-03    0.000000E+00    0.000000E+00    0.000000E+00
3.765000E-01    5.856928E-02   -5.943259E-02   -1.294637E+01    0.000000E+00    0.000000E+00    0.000000E+00    3.525202E-02    6.527695E-03    6.525719E-03    0.000000E+00    0.000000E+00    0.000000E+00
3.775000E-01    5.774658E-02   -6.003812E-02   -1.294796E+01    0.000000E+00    0.000000E+00    0.000000E+00    3.536645E-02    6.279148E-03    6.516232E-03    0.000000E+00    0.000000E+00    0.000000E+00
3.785000E-01    5.691113E-02   -6.062241E-02   -1.294955E+01    0.000000E+00    0.000000E+00    0.000000E+00    3.547330E-02    6.032417E-03    6.506176E-03    0.000000E+00    0.000000E+00    0.000000E+00
3.795000E-01    5.607066E-02   -6.119569E-02   -1.295112E+01    0.000000E+00    0.000000E+00    0.000000E+00    3.557557E-02    5.790117E-03    6.495016E-03    0.000000E+00    0.000000E+00    0.000000E+00
3.805000E-01    5.521355E-02   -6.177896E-02   -1.295269E+01    0.000000E+00    0.000000E+00    0.000000E+00    3.567596E-02    5.553707E-03    6.483971E-03    0.000000E+00    0.000000E+00    0.000000E+00
3.815000E-01    5.436295E-02   -6.233934E-02   -1.295424E+01    0.000000E+00    0.000000E+00    0.000000E+00    3.577252E-02    5.321123E-03    6.471068E-03    0.000000E+00    0.000000E+00    0.000000E+00
3.825000E-01    5.350488E-02   -6.288509E-02   -1.295579E+01    0.000000E+00    0.000000E+00    0.000000E+00    3.586425E-02    5.092510E-03    6.457321E-03    0.000000E+00    0.000000E+00    0.000000E+00
3.835000E-01    5.263224E-02   -6.341368E-02   -1.295732E+01    0.000000E+00    0.000000E+00    0.000000E+00    3.595049E-02    4.864639E-03    6.442522E-03    0.000000E+00    0.000000E+00    0.000000E+00
3.845000E-01    5.174019E-02   -6.393209E-02   -1.295884E+01    0.000000E+00    0.000000E+00    0.000000E+00    3.603188E-02    4.627652E-03    6.427299E-03    0.000000E+00    0.000000E+00    0.000000E+00
3.855000E-01    5.085446E-02   -6.443947E-02   -1.296035E+01    0.000000E+00    0.000000E+00    0.000000E+00    3.610971E-02    4.397713E-03    6.411669E-03    0.000000E+00    0.000000E+00    0.000000E+00
3.865000E-01    4.998786E-02   -6.493298E-02   -1.296185E+01    0.000000E+00    0.000000E+00    0.000000E+00    3.618443E-02    4.183801E-03    6.395489E-03    0.000000E+00    0.000000E+00    0.000000E+00
3.875000E-01    4.911190E-02   -6.541273E-02   -1.296335E+01    0.000000E+00    0.000000E+00    0.000000E+00    3.625438E-02    3.980008E-03    6.378617E-03    0.000000E+00    0.000000E+00    0.000000E+00
3.885000E-01    4.823175E-02   -6.587274E-02   -1.296483E+01    0.000000E+00    0.000000E+00    0.000000E+00    3.631827E-02    3.780579E-03    6.361760E-03    0.000000E+00    0.000000E+00    0.000000E+00
3.895000E-01    4.735744E-02   -6.631551E-02   -1.296630E+01    0.000000E+00    0.000000E+00    0.000000E+00    3.637727E-02    3.586807E-03    6.345380E-03    0.000000E+00    0.000000E+00    0.000000E+00
3.905000E-01    4.649177E-02   -6.674284E-02   -1.296776E+01    0.000000E+00    0.000000E+00    0.000000E+00    3.643037E-02    3.403804E-03    6.329513E-03    0.000000E+00    0.000000E+00    0.000000E+00
3.915000E-01    4.562874E-02   -6.715518E-02   -1.296921E+01    0.000000E+00    0.000000E+00    0.000000E+00    3.647774E-02    3.230271E-03    6.313447E-03    0.000000E+00    0.000000E+00    0.000000E+00
3.925000E-01    4.476366E-02   -6.755621E-02   -1.297064E+01    0.000000E+00    0.000000E+00    0.000000E+00    3.652120E-02    3.062853E-03    6.296955E-03    0.000000E+00    0.000000E+00    0.000000E+00
3.935000E-01    4.389638E-02   -6.794784E-02   -1.297207E+01    0.000000E+00    0.000000E+00    0.000000E+00    3.656075E-02    2.901627E-03    6.280371E-03    0.000000E+00    0.000000E+00    0.000000E+00
3.945000E-01    4.304838E-02   -6.831442E-02   -1.297349E+01    0.000000E+00    0.000000E+00    0.000000E+00    3.659700E-02    2.745443E-03    6.265464E-03    0.000000E+00    0.000000E+00    0.000000E+00
3.955000E-01    4.217776E-02   -6.868586E-02   -1.297490E+01    0.000000E+00    0.000000E+00    0.000000E+00    3.663345E-02    2.590391E-03    6.248832E-03    0.000000E+00    0.000000E+00    0.000000E+00
3.965000E-01    4.131175E-02   -6.904114E-02   -1.297630E+01    0.000000E+00    0.000000E+00    0.000000E+00    3.666760E-02    2.439901E-03    6.232437E-03    0.000000E+00    0.000000E+00    0.000000E+00
3.975000E-01    4.045604E-02   -6.938154E-02   -1.297768E+01    0.000000E+00    0.000000E+00    0.000000E+00    3.669846E-02    2.299374E-03    6.216186E-03    0.000000E+00    0.000000E+00    0.000000E+00
3.985000E-01    3.962343E-02   -6.971456E-02   -1.297906E+01    0.000000E+00    0.000000E+00    0.000000E+00    3.672823E-02    2.169728E-03    6.199333E-03    0.000000E+00    0.000000E+00    0.000000E+00
3.995000E-01    3.881986E-02   -7.004417E-02   -1.298042E+01    0.000000E+00    0.000000E+00    0.000000E+00    3.675844E-02    2.054943E-03    6.181122E-03    0.000000E+00    0.000000E+00    0.000000E+00
4.005000E-01    3.799988E-02   -7.034010E-02   -1.298177E+01    0.000000E+00    0.000000E+00    0.000000E+00    3.678139E-02    1.935780E-03    6.167165E-03    0.000000E+00    0.000000E+00    0.000000E+00
4.015000E-01    3.719945E-02   -7.060820E-02   -1.298311E+01    0.000000E+00    0.000000E+00    0.000000E+00    3.679624E-02    1.827321E-03    6.155079E-03    0.000000E+00    0.000000E+00    0.000000E+00
4.025000E-01    3.643715E-02   -7.086747E-02   -1.298444E+01    0.000000E+00    0.000000E+00    0.000000E+00    3.680819E-02    1.736372E-03    6.140398E-03    0.000000E+00    0.000000E+00    0.000000E+00
4.035000E-01    3.567998E-02   -7.109746E-02   -1.298577E+01    0.000000E+00    0.000000E+00    0.000000E+00    3.681800E-02    1.633215E-03    6.121720E-03    0.000000E+00    0.000000E+00    0.000000E+00
4.045000E-01    3.490386E-02   -7.132659E-02   -1.298707E+01    0.000000E+00    0.000000E+00    0.000000E+00    3.682456E-02    1.530831E-03    6.105239E-03    0.000000E+00    0.000000E+00    0.000000E+00
4.055000E-01    3.417320E-02   -7.153842E-02   -1.298837E+01    0.000000E+00    0.000000E+00    0.000000E+00    3.682325E-02    1.448969E-03    6.089215E-03    0.000000E+00    0.000000E+00    0.000000E+00
4.065000E-01    3.347403E-02   -7.173988E-02   -1.298967E+01    0.000000E+00    0.000000E+00    0.000000E+00    3.681520E-02    1.381397E-03    6.073304E-03    0.000000E+00    0.000000E+00    0.000000E+00
4.075000E-01    3.279728E-02   -7.193009E-02   -1.299095E+01    0.000000E+00    0.000000E+00    0.000000E+00    3.680529E-02    1.322581E-03    6.057397E-03    0.000000E+00    0.000000E+00    0.000000E+00
4.085000E-01    3.215082E-02   -7.210585E-02   -1.299222E+01    0.000000E+00    0.000000E+00    0.000000E+00    3.679380E-02    1.275693E-03    6.041627E-03    0.000000E+00    0.000000E+00    0.000000E+00
4.095000E-01    3.153572E-02   -7.226250E-02   -1.299349E+01    0.000000E+00    0.000000E+00    0.000000E+00    3.677794E-02    1.241294E-03    6.026165E-03    0.000000E+00    0.000000E+00    0.000000E+00
4.105000E-01    3.094887E-02   -7.239838E-02   -1.299474E+01    0.000000E+00    0.000000E+00    0.000000E+00    3.675709E-02    1.217945E-03    6.010978E-03    0.000000E+00    0.000000E+00    0.000000E+00
4.115000E-01    3.038921E-02   -7.251468E-02   -1.299599E+01    0.000000E+00    0.000000E+00    0.000000E+00    3.673225E-02    1.204733E-03    5.995817E-03    0.000000E+00    0.000000E+00    0.000000E+00
4.125000E-01    2.985545E-02   -7.260997E-02   -1.299722E+01    0.000000E+00    0.000000E+00    0.000000E+00    3.670281E-02    1.200771E-03    5.980562E-03    0.000000E+00    0.000000E+00    0.000000E+00
4.135000E-01    2.934809E-02   -7.268294E-02   -1.299844E+01    0.000000E+00    0.000000E+00    0.000000E+00    3.666851E-02    1.205792E-03    5.965362E-03    0.000000E+00    0.000000E+00    0.000000E+00
4.145000E-01    2.886811E-02   -7.273971E-02   -1.299966E+01    0.000000E+00    0.000000E+00    0.000000E+00    3.663133E-02    1.222341E-03    5.950082E-03    0.000000E+00    0.000000E+00    0.000000E+00
4.155000E-01    2.841096E-02   -7.277864E-02   -1.300086E+01    0.000000E+00    0.000000E+00    0.000000E+00    3.659139E-02    1.249633E-03    5.934807E-03    0.000000E+00    0.000000E+00    0.000000E+00
4.165000E-01    2.797609E-02   -7.279561E-02   -1.300206E+01    0.000000E+00    0.000000E+00    0.000000E+00    3.654736E-02    1.283339E-03    5.919639E-03    0.000000E+00    0.000000E+00    0.000000E+00
4.175000E-01    2.756609E-02   -7.278449E-02   -1.300324E+01    0.000000E+00    0.000000E+00    0.000000E+00    3.649598E-02    1.322016E-03    5.905201E-03    0.000000E+00    0.000000E+00    0.000000E+00
4.185000E-01    2.717486E-02   -7.275735E-02   -1.300442E+01    0.000000E+00    0.000000E+00    0.000000E+00    3.644041E-02    1.366893E-03    5.891197E-03    0.000000E+00    0.000000E+00    0.000000E+00
4.195000E-01    2.681742E-02   -7.272084E-02   -1.300558E+01    0.000000E+00    0.000000E+00    0.000000E+00    3.638653E-02    1.420855E-03    5.876727E-03    0.000000E+00    0.000000E+00    0.000000E+00
4.205000E-01    2.648574E-02   -7.267223E-02   -1.300673E+01    0.000000E+00    0.000000E+00    0.000000E+00    3.633242E-02    1.482389E-03    5.861789E-03    0.000000E+00    0.000000E+00    0.000000E+00
4.215000E-01    2.617783E-02   -7.260610E-02   -1.300787E+01    0.000000E+00    0.000000E+00    0.000000E+00    3.627554E-02    1.550339E-03    5.846699E-03    0.000000E+00    0.000000E+00    0.000000E+00
4.225000E-01    2.589962E-02   -7.252710E-02   -1.300900E+01    0.000000E+00    0.000000E+00    0.000000E+00    3.621714E-02    1.625090E-03    5.831358E-03    0.000000E+00    0.000000E+00    0.000000E+00
4.235000E-01    2.564505E-02   -7.243851E-02   -1.301012E+01    0.000000E+00    0.000000E+00    0.000000E+00    3.615985E-02    1.708363E-03    5.814922E-03    0.000000E+00    0.000000E+00    0.000000E+00
4.245000E-01    2.539308E-02   -7.236586E-02   -1.301123E+01    0.000000E+00    0.000000E+00    0.000000E+00    3.610540E-02    1.800405E-03    5.795365E-03    0.000000E+00    0.000000E+00    0.000000E+00
4.255000E-01    2.519571E-02   -7.225475E-02   -1.301233E+01    0.000000E+00    0.000000E+00    0.000000E+00    3.604739E-02    1.901411E-03    5.778601E-03    0.000000E+00    0.000000E+00    0.000000E+00
4.265000E-01    2.502683E-02   -7.212222E-02   -1.301342E+01    0.000000E+00    0.000000E+00    0.000000E+00    3.598457E-02    2.011305E-03    5.762993E-03    0.000000E+00    0.000000E+00    0.000000E+00
4.275000E-01    2.488645E-02   -7.197745E-02   -1.301449E+01    0.000000E+00    0.000000E+00    0.000000E+00    3.592004E-02    2.129743E-03    5.747572E-03    0.000000E+00    0.000000E+00    0.000000E+00
4.285000E-01    2.477324E-02   -7.183718E-02   -1.301556E+01    0.000000E+00    0.000000E+00    0.000000E+00    3.586049E-02    2.256174E-03    5.730479E-03    0.000000E+00    0.000000E+00    0.000000E+00
4.295000E-01    2.468573E-02   -7.169385E-02   -1.301662E+01    0.000000E+00    0.000000E+00    0.000000E+00    3.580297E-02    2.390446E-03    5.712498E-03    0.000000E+00    0.000000E+00    0.000000E+00
4.305000E-01    2.462361E-02   -7.153766E-02   -1.301766E+01    0.000000E+00    0.000000E+00    0.000000E+00    3.574369E-02    2.532828E-03    5.694691E-03    0.000000E+00    0.000000E+00    0.000000E+00
4.315000E-01    2.458758E-02   -7.137223E-02   -1.301869E+01    0.000000E+00    0.000000E+00    0.000000E+00    3.568391E-02    2.683487E-03    5.676679E-03    0.000000E+00    0.000000E+00    0.000000E+00
4.325000E-01    2.457820E-02   -7.120937E-02   -1.301972E+01    0.000000E+00    0.000000E+00    0.000000E+00    3.562835E-02    2.842425E-03    5.657077E-03    0.000000E+00    0.000000E+00    0.000000E+00
4.335000E-01    2.459333E-02   -7.105067E-02   -1.302073E+01    0.000000E+00    0.000000E+00    0.000000E+00    3.557724E-02    3.008952E-03    5.635684E-03    0.000000E+00    0.000000E+00    0.000000E+00
4.345000E-01    2.463413E-02   -7.088871E-02   -1.302173E+01    0.000000E+00    0.000000E+00    0.000000E+00    3.552672E-02    3.183300E-03    5.613881E-03    0.000000E+00    0.000000E+00    0.000000E+00
4.355000E-01    2.469861E-02   -7.071894E-02   -1.302272E+01    0.000000E+00    0.000000E+00    0.000000E+00    3.547710E-02    3.365306E-03    5.591937E-03    0.000000E+00    0.000000E+00    0.000000E+00
4.365000E-01    2.462759E-02   -7.045182E-02   -1.302371E+01    0.000000E+00    0.000000E+00    0.000000E+00    3.538194E-02    3.476412E-03    5.608998E-03    0.000000E+00    0.000000E+00    0.000000E+00
4.375000E-01    2.473078E-02   -7.027493E-02   -1.302467E+01    0.000000E+00    0.000000E+00    0.000000E+00    3.533485E-02    3.670807E-03    5.586764E-03    0.000000E+00    0.000000E+00    0.000000E+00
4.385000E-01    2.483910E-02   -7.012808E-02   -1.302563E+01    0.000000E+00    0.000000E+00    0.000000E+00    3.530305E-02    3.859606E-03    5.562973E-03    0.000000E+00    0.000000E+00    0.000000E+00
4.395000E-01    2.495459E-02   -6.997964E-02   -1.302658E+01    0.000000E+00    0.000000E+00    0.000000E+00    3.528479E-02    4.042785E-03    5.539652E-03    0.000000E+00    0.000000E+00    0.000000E+00
4.405000E-01    2.510569E-02   -6.981579E-02   -1.302752E+01    0.000000E+00    0.000000E+00    0.000000E+00    3.526421E-02    4.236822E-03    5.515892E-03    0.000000E+00    0.000000E+00    0.000000E+00
4.415000E-01    2.528826E-02   -6.964488E-02   -1.302845E+01    0.000000E+00    0.000000E+00    0.000000E+00    3.524311E-02    4.441180E-03    5.491578E-03    0.000000E+00    0.000000E+00    0.000000E+00
4.425000E-01    2.548629E-02   -6.947548E-02   -1.302937E+01    0.000000E+00    0.000000E+00    0.000000E+00    3.522685E-02    4.650666E-03    5.466780E-03    0.000000E+00    0.000000E+00    0.000000E+00
4.435000E-01    2.570881E-02   -6.930614E-02   -1.303029E+01    0.000000E+00    0.000000E+00    0.000000E+00    3.521414E-02    4.865898E-03    5.441853E-03    0.000000E+00    0.000000E+00    0.000000E+00
4.445000E-01    2.595170E-02   -6.913107E-02   -1.303119E+01    0.000000E+00    0.000000E+00    0.000000E+00    3.520209E-02    5.087417E-03    5.416785E-03    0.000000E+00    0.000000E+00    0.000000E+00
4.455000E-01    2.621364E-02   -6.893186E-02   -1.303209E+01    0.000000E+00    0.000000E+00    0.000000E+00    3.518116E-02    5.313884E-03    5.391403E-03    0.000000E+00    0.000000E+00    0.000000E+00
4.465000E-01    2.649616E-02   -6.872493E-02   -1.303298E+01    0.000000E+00    0.000000E+00    0.000000E+00    3.515736E-02    5.544697E-03    5.366676E-03    0.000000E+00    0.000000E+00    0.000000E+00
4.475000E-01    2.678658E-02   -6.854035E-02   -1.303386E+01    0.000000E+00    0.000000E+00    0.000000E+00    3.514099E-02    5.778925E-03    5.340995E-03    0.000000E+00    0.000000E+00    0.000000E+00
4.485000E-01    2.708199E-02   -6.831962E-02   -1.303474E+01    0.000000E+00    0.000000E+00    0.000000E+00    3.512878E-02    6.016006E-03    5.317627E-03    0.000000E+00    0.000000E+00    0.000000E+00
4.495000E-01    2.739480E-02   -6.814369E-02   -1.303560E+01    0.000000E+00    0.000000E+00    0.000000E+00    3.512069E-02    6.254715E-03    5.291118E-03    0.000000E+00    0.000000E+00    0.000000E+00
4.505000E-01    2.772383E-02   -6.796898E-02   -1.303646E+01    0.000000E+00    0.000000E+00    0.000000E+00    3.511419E-02    6.497374E-03    5.264815E-03    0.000000E+00    0.000000E+00    0.000000E+00
4.515000E-01    2.806905E-02   -6.779957E-02   -1.303730E+01    0.000000E+00    0.000000E+00    0.000000E+00    3.510985E-02    6.744331E-03    5.239065E-03    0.000000E+00    0.000000E+00    0.000000E+00
4.525000E-01    2.842485E-02   -6.763922E-02   -1.303815E+01    0.000000E+00    0.000000E+00    0.000000E+00    3.510947E-02    6.993526E-03    5.213750E-03    0.000000E+00    0.000000E+00    0.000000E+00
4.535000E-01    2.879051E-02   -6.748682E-02   -1.303898E+01    0.000000E+00    0.000000E+00    0.000000E+00    3.511378E-02    7.244265E-03    5.188778E-03    0.000000E+00    0.000000E+00    0.000000E+00
4.545000E-01    2.919374E-02   -6.733545E-02   -1.303982E+01    0.000000E+00    0.000000E+00    0.000000E+00    3.512203E-02    7.496870E-03    5.165852E-03    0.000000E+00    0.000000E+00    0.000000E+00
4.555000E-01    2.957686E-02   -6.719531E-02   -1.304064E+01    0.000000E+00    0.000000E+00    0.000000E+00    3.513460E-02    7.748968E-03    5.141254E-03    0.000000E+00    0.000000E+00    0.000000E+00
4.565000E-01    2.996840E-02   -6.706110E-02   -1.304145E+01    0.000000E+00    0.000000E+00    0.000000E+00    3.515166E-02    8.002018E-03    5.116957E-03    0.000000E+00    0.000000E+00    0.000000E+00
4.575000E-01    3.037092E-02   -6.693343E-02   -1.304226E+01    0.000000E+00    0.000000E+00    0.000000E+00    3.517237E-02    8.256431E-03    5.092756E-03    0.000000E+00    0.000000E+00    0.000000E+00
4.585000E-01    3.078327E-02   -6.681340E-02   -1.304306E+01    0.000000E+00    0.000000E+00    0.000000E+00    3.519726E-02    8.511288E-03    5.068623E-03    0.000000E+00    0.000000E+00    0.000000E+00
4.595000E-01    3.119903E-02   -6.670017E-02   -1.304385E+01    0.000000E+00    0.000000E+00    0.000000E+00    3.522667E-02    8.765503E-03    5.044620E-03    0.000000E+00    0.000000E+00    0.000000E+00
4.605000E-01    3.165337E-02   -6.659868E-02   -1.304464E+01    0.000000E+00    0.000000E+00    0.000000E+00    3.525995E-02    9.020110E-03    5.018799E-03    0.000000E+00    0.000000E+00    0.000000E+00
4.615000E-01    3.208438E-02   -6.650175E-02   -1.304542E+01    0.000000E+00    0.000000E+00    0.000000E+00    3.529829E-02    9.273521E-03    4.995391E-03    0.000000E+00    0.000000E+00    0.000000E+00
4.625000E-01    3.246391E-02   -6.640586E-02   -1.304620E+01    0.000000E+00    0.000000E+00    0.000000E+00    3.534382E-02    9.522644E-03    4.968383E-03    0.000000E+00    0.000000E+00    0.000000E+00
4.635000E-01    3.290856E-02   -6.632589E-02   -1.304696E+01    0.000000E+00    0.000000E+00    0.000000E+00    3.539474E-02    9.771368E-03    4.945109E-03    0.000000E+00    0.000000E+00    0.000000E+00
4.645000E-01    3.336259E-02   -6.625308E-02   -1.304772E+01    0.000000E+00    0.000000E+00    0.000000E+00    3.545001E-02    1.001996E-02    4.922010E-03    0.000000E+00    0.000000E+00    0.000000E+00
4.655000E-01    3.380904E-02   -6.620627E-02   -1.304847E+01    0.000000E+00    0.000000E+00    0.000000E+00    3.552088E-02    1.025762E-02    4.899303E-03    0.000000E+00    0.000000E+00    0.000000E+00
4.665000E-01    3.426234E-02   -6.616945E-02   -1.304922E+01    0.000000E+00    0.000000E+00    0.000000E+00    3.559822E-02    1.049335E-02    4.876758E-03    0.000000E+00    0.000000E+00    0.000000E+00
4.675000E-01    3.474020E-02   -6.612729E-02   -1.304996E+01    0.000000E+00    0.000000E+00    0.000000E+00    3.567176E-02    1.073753E-02    4.854298E-03    0.000000E+00    0.000000E+00    0.000000E+00
4.685000E-01    3.525244E-02   -6.612127E-02   -1.305070E+01    0.000000E+00    0.000000E+00    0.000000E+00    3.574860E-02    1.098449E-02    4.829892E-03    0.000000E+00    0.000000E+00    0.000000E+00
4.695000E-01    3.574858E-02   -6.610355E-02   -1.305143E+01    0.000000E+00    0.000000E+00    0.000000E+00    3.583065E-02    1.122896E-02    4.807998E-03    0.000000E+00    0.000000E+00    0.000000E+00
4.705000E-01    3.625666E-02   -6.608996E-02   -1.305215E+01    0.000000E+00    0.000000E+00    0.000000E+00    3.591629E-02    1.147407E-02    4.786528E-03    0.000000E+00    0.000000E+00    0.000000E+00
4.715000E-01    3.677542E-02   -6.608442E-02   -1.305287E+01    0.000000E+00    0.000000E+00    0.000000E+00    3.600482E-02    1.172009E-02    4.765319E-03    0.000000E+00    0.000000E+00    0.000000E+00
4.725000E-01    3.730821E-02   -6.608779E-02   -1.305358E+01    0.000000E+00    0.000000E+00    0.000000E+00    3.609705E-02    1.196566E-02    4.744487E-03    0.000000E+00    0.000000E+00    0.000000E+00
4.735000E-01    3.784179E-02   -6.610418E-02   -1.305428E+01    0.000000E+00    0.000000E+00    0.000000E+00    3.619385E-02    1.221104E-02    4.723717E-03    0.000000E+00    0.000000E+00    0.000000E+00
4.745000E-01    3.837579E-02   -6.613172E-02   -1.305498E+01    0.000000E+00    0.000000E+00    0.000000E+00    3.629489E-02    1.245642E-02    4.703072E-03    0.000000E+00    0.000000E+00    0.000000E+00
4.755000E-01    3.891304E-02   -6.616960E-02   -1.305567E+01    0.000000E+00    0.000000E+00    0.000000E+00    3.639956E-02    1.270000E-02    4.682491E-03    0.000000E+00    0.000000E+00    0.000000E+00
4.765000E-01    3.945984E-02   -6.621497E-02   -1.305636E+01    0.000000E+00    0.000000E+00    0.000000E+00    3.650488E-02    1.294407E-02    4.662355E-03    0.000000E+00    0.000000E+00    0.000000E+00
4.775000E-01    4.001525E-02   -6.626961E-02   -1.305703E+01    0.000000E+00    0.000000E+00    0.000000E+00    3.661180E-02    1.318923E-02    4.642390E-03    0.000000E+00    0.000000E+00    0.000000E+00
4.785000E-01    4.057463E-02   -6.634002E-02   -1.305771E+01    0.000000E+00    0.000000E+00    0.000000E+00    3.672407E-02    1.343201E-02    4.622608E-03    0.000000E+00    0.000000E+00    0.000000E+00
4.795000E-01    4.113700E-02   -6.642735E-02   -1.305837E+01    0.000000E+00    0.000000E+00    0.000000E+00    3.684242E-02    1.367126E-02    4.603139E-03    0.000000E+00    0.000000E+00    0.000000E+00
4.805000E-01    4.174772E-02   -6.655842E-02   -1.305904E+01    0.000000E+00    0.000000E+00    0.000000E+00    3.696606E-02    1.391047E-02    4.587100E-03    0.000000E+00    0.000000E+00    0.000000E+00
4.815000E-01    4.232628E-02   -6.666957E-02   -1.305969E+01    0.000000E+00    0.000000E+00    0.000000E+00    3.709115E-02    1.414909E-02    4.567680E-03    0.000000E+00    0.000000E+00    0.000000E+00
4.825000E-01    4.294735E-02   -6.680450E-02   -1.306034E+01    0.000000E+00    0.000000E+00    0.000000E+00    3.722484E-02    1.440495E-02    4.539684E-03    0.000000E+00    0.000000E+00    0.000000E+00
4.835000E-01    4.349695E-02   -6.691777E-02   -1.306098E+01    0.000000E+00    0.000000E+00    0.000000E+00    3.735703E-02    1.463830E-02    4.523007E-03    0.000000E+00    0.000000E+00    0.000000E+00
4.845000E-01    4.408724E-02   -6.707459E-02   -1.306161E+01    0.000000E+00    0.000000E+00    0.000000E+00    3.749539E-02    1.487070E-02    4.503734E-03    0.000000E+00    0.000000E+00    0.000000E+00
4.855000E-01    4.468189E-02   -6.724750E-02   -1.306224E+01    0.000000E+00    0.000000E+00    0.000000E+00    3.763851E-02    1.510161E-02    4.484191E-03    0.000000E+00    0.000000E+00    0.000000E+00
4.865000E-01    4.527962E-02   -6.743396E-02   -1.306286E+01    0.000000E+00    0.000000E+00    0.000000E+00    3.778530E-02    1.533086E-02    4.464544E-03    0.000000E+00    0.000000E+00    0.000000E+00
4.875000E-01    4.587938E-02   -6.763554E-02   -1.306347E+01    0.000000E+00    0.000000E+00    0.000000E+00    3.793629E-02    1.555788E-02    4.444888E-03    0.000000E+00    0.000000E+00    0.000000E+00
4.885000E-01    4.648116E-02   -6.785132E-02   -1.306408E+01    0.000000E+00    0.000000E+00    0.000000E+00    3.809101E-02    1.578302E-02    4.425285E-03    0.000000E+00    0.000000E+00    0.000000E+00
4.895000E-01    4.708256E-02   -6.808214E-02   -1.306468E+01    0.000000E+00    0.000000E+00    0.000000E+00    3.824885E-02    1.600668E-02    4.405880E-03    0.000000E+00    0.000000E+00    0.000000E+00
4.905000E-01    4.768064E-02   -6.833204E-02   -1.306528E+01    0.000000E+00    0.000000E+00    0.000000E+00    3.841207E-02    1.622796E-02    4.386602E-03    0.000000E+00    0.000000E+00    0.000000E+00
4.915000E-01    4.827533E-02   -6.859705E-02   -1.306587E+01    0.000000E+00    0.000000E+00    0.000000E+00    3.857989E-02    1.644589E-02    4.367073E-03    0.000000E+00    0.000000E+00    0.000000E+00
4.925000E-01    4.886695E-02   -6.887484E-02   -1.306646E+01    0.000000E+00    0.000000E+00    0.000000E+00    3.875056E-02    1.666043E-02    4.347207E-03    0.000000E+00    0.000000E+00    0.000000E+00
4.935000E-01    4.945644E-02   -6.916427E-02   -1.306704E+01    0.000000E+00    0.000000E+00    0.000000E+00    3.892449E-02    1.687205E-02    4.326683E-03    0.000000E+00    0.000000E+00    0.000000E+00
4.945000E-01    5.004863E-02   -6.944127E-02   -1.306762E+01    0.000000E+00    0.000000E+00    0.000000E+00    3.909781E-02    1.708173E-02    4.305551E-03    0.000000E+00    0.000000E+00    0.000000E+00
4.955000E-01    5.063268E-02   -6.977489E-02   -1.306819E+01    0.000000E+00    0.000000E+00    0.000000E+00    3.927445E-02    1.728987E-02    4.283917E-03    0.000000E+00    0.000000E+00    0.000000E+00
4.965000E-01    5.122011E-02   -7.009669E-02   -1.306876E+01    0.000000E+00    0.000000E+00    0.000000E+00    3.945541E-02    1.749629E-02    4.263430E-03    0.000000E+00    0.000000E+00    0.000000E+00
4.975000E-01    5.183947E-02   -7.039503E-02   -1.306932E+01    0.000000E+00    0.000000E+00    0.000000E+00    3.963922E-02    1.770130E-02    4.239931E-03    0.000000E+00    0.000000E+00    0.000000E+00
4.985000E-01    5.242499E-02   -7.073878E-02   -1.306988E+01    0.000000E+00    0.000000E+00    0.000000E+00    3.982619E-02    1.790494E-02    4.219600E-03    0.000000E+00    0.000000E+00    0.000000E+00
4.995000E-01    5.301233E-02   -7.108306E-02   -1.307043E+01    0.000000E+00    0.000000E+00    0.000000E+00    4.001150E-02    1.810842E-02    4.200408E-03    0.000000E+00    0.000000E+00    0.000000E+00
5.005000E-01    5.360001E-02   -7.142587E-02   -1.307097E+01    0.000000E+00    0.000000E+00    0.000000E+00    4.019441E-02    1.831004E-02    4.182266E-03    0.000000E+00    0.000000E+00    0.000000E+00
5.015000E-01    5.416953E-02   -7.179757E-02   -1.307151E+01    0.000000E+00    0.000000E+00    0.000000E+00    4.038454E-02    1.850653E-02    4.163427E-03    0.000000E+00    0.000000E+00    0.000000E+00
5.025000E-01    5.472959E-02   -7.218550E-02   -1.307205E+01    0.000000E+00    0.000000E+00    0.000000E+00    4.057994E-02    1.869937E-02    4.143836E-03    0.000000E+00    0.000000E+00    0.000000E+00
5.035000E-01    5.528509E-02   -7.258302E-02   -1.307258E+01    0.000000E+00    0.000000E+00    0.000000E+00    4.077645E-02    1.889030E-02    4.124063E-03    0.000000E+00    0.000000E+00    0.000000E+00
5.045000E-01    5.583725E-02   -7.298928E-02   -1.307310E+01    0.000000E+00    0.000000E+00    0.000000E+00    4.097281E-02    1.908011E-02    4.103585E-03    0.000000E+00    0.000000E+00    0.000000E+00
5.055000E-01    5.638610E-02   -7.341116E-02   -1.307362E+01    0.000000E+00    0.000000E+00    0.000000E+00    4.117077E-02    1.927003E-02    4.083396E-03    0.000000E+00    0.000000E+00    0.000000E+00
5.065000E-01    5.693714E-02   -7.383654E-02   -1.307414E+01    0.000000E+00    0.000000E+00    0.000000E+00    4.137058E-02    1.946038E-02    4.063738E-03    0.000000E+00    0.000000E+00    0.000000E+00
5.075000E-01    5.748660E-02   -7.427276E-02   -1.307465E+01    0.000000E+00    0.000000E+00    0.000000E+00    4.157284E-02    1.965042E-02    4.044076E-03    0.000000E+00    0.000000E+00    0.000000E+00
5.085000E-01    5.803007E-02   -7.472080E-02   -1.307515E+01    0.000000E+00    0.000000E+00    0.000000E+00    4.177722E-02    1.983930E-02    4.023830E-03    0.000000E+00    0.000000E+00    0.000000E+00
5.095000E-01    5.856865E-02   -7.518551E-02   -1.307566E+01    0.000000E+00    0.000000E+00    0.000000E+00    4.198330E-02    2.002878E-02    4.002687E-03    0.000000E+00    0.000000E+00    0.000000E+00
5.105000E-01    5.909551E-02   -7.566169E-02   -1.307616E+01    0.000000E+00    0.000000E+00    0.000000E+00    4.218872E-02    2.021872E-02    3.981209E-03    0.000000E+00    0.000000E+00    0.000000E+00
5.115000E-01    5.961504E-02   -7.615412E-02   -1.307666E+01    0.000000E+00    0.000000E+00    0.000000E+00    4.239819E-02    2.040618E-02    3.958650E-03    0.000000E+00    0.000000E+00    0.000000E+00
5.125000E-01    6.022819E-02   -7.706053E-02   -1.307716E+01    0.000000E+00    0.000000E+00    0.000000E+00    4.281109E-02    2.064029E-02    4.026032E-03    0.000000E+00    0.000000E+00    0.000000E+00
5.135000E-01    6.073340E-02   -7.757445E-02   -1.307765E+01    0.000000E+00    0.000000E+00    0.000000E+00    4.302593E-02    2.082466E-02    4.002277E-03    0.000000E+00    0.000000E+00    0.000000E+00
5.145000E-01    6.123499E-02   -7.809153E-02   -1.307814E+01    0.000000E+00    0.000000E+00    0.000000E+00    4.324076E-02    2.100958E-02    3.978410E-03    0.000000E+00    0.000000E+00    0.000000E+00
5.155000E-01    6.173340E-02   -7.860500E-02   -1.307862E+01    0.000000E+00    0.000000E+00    0.000000E+00    4.345299E-02    2.119493E-02    3.955368E-03    0.000000E+00    0.000000E+00    0.000000E+00
5.165000E-01    6.217923E-02   -7.905800E-02   -1.307911E+01    0.000000E+00    0.000000E+00    0.000000E+00    4.365627E-02    2.137877E-02    3.934015E-03    0.000000E+00    0.000000E+00    0.000000E+00
5.175000E-01    6.268134E-02   -7.956553E-02   -1.307959E+01    0.000000E+00    0.000000E+00    0.000000E+00    4.385706E-02    2.156161E-02    3.914626E-03    0.000000E+00    0.000000E+00    0.000000E+00
5.185000E-01    6.314523E-02   -8.007599E-02   -1.308006E+01    0.000000E+00    0.000000E+00    0.000000E+00    4.405952E-02    2.173952E-02    3.892073E-03    0.000000E+00    0.000000E+00    0.000000E+00
5.195000E-01    6.359207E-02   -8.060106E-02   -1.308052E+01    0.000000E+00    0.000000E+00    0.000000E+00    4.426566E-02    2.191286E-02    3.867740E-03    0.000000E+00    0.000000E+00    0.000000E+00
5.205000E-01    6.402638E-02   -8.113623E-02   -1.308098E+01    0.000000E+00    0.000000E+00    0.000000E+00    4.447392E-02    2.208306E-02    3.841922E-03    0.000000E+00    0.000000E+00    0.000000E+00
5.215000E-01    6.443640E-02   -8.168888E-02   -1.308144E+01    0.000000E+00    0.000000E+00    0.000000E+00    4.468337E-02    2.225097E-02    3.814056E-03    0.000000E+00    0.000000E+00    0.000000E+00
5.225000E-01    6.485523E-02   -8.223393E-02   -1.308189E+01    0.000000E+00    0.000000E+00    0.000000E+00    4.489238E-02    2.241824E-02    3.786752E-03    0.000000E+00    0.000000E+00    0.000000E+00
5.235000E-01    6.526632E-02   -8.278194E-02   -1.308234E+01    0.000000E+00    0.000000E+00    0.000000E+00    4.510096E-02    2.258393E-02    3.759156E-03    0.000000E+00    0.000000E+00    0.000000E+00
5.245000E-01    6.566891E-02   -8.333243E-02   -1.308278E+01    0.000000E+00    0.000000E+00    0.000000E+00    4.530919E-02    2.274740E-02    3.731587E-03    0.000000E+00    0.000000E+00    0.000000E+00
5.255000E-01    6.606336E-02   -8.388423E-02   -1.308322E+01    0.000000E+00    0.000000E+00    0.000000E+00    4.551660E-02    2.290931E-02    3.704038E-03    0.000000E+00    0.000000E+00    0.000000E+00
5.265000E-01    6.644730E-02   -8.443713E-02   -1.308366E+01    0.000000E+00    0.000000E+00    0.000000E+00    4.572273E-02    2.306921E-02    3.676556E-03    0.000000E+00    0.000000E+00    0.000000E+00
5.275000E-01    6.681145E-02   -8.496750E-02   -1.308409E+01    0.000000E+00    0.000000E+00    0.000000E+00    4.592751E-02    2.322534E-02    3.650016E-03    0.000000E+00    0.000000E+00    0.000000E+00
5.285000E-01    6.712699E-02   -8.553207E-02   -1.308452E+01    0.000000E+00    0.000000E+00    0.000000E+00    4.613255E-02    2.337645E-02    3.625458E-03    0.000000E+00    0.000000E+00    0.000000E+00
5.295000E-01    6.747319E-02   -8.609260E-02   -1.308494E+01    0.000000E+00    0.000000E+00    0.000000E+00    4.633726E-02    2.352597E-02    3.598337E-03    0.000000E+00    0.000000E+00    0.000000E+00
5.305000E-01    6.780953E-02   -8.665763E-02   -1.308536E+01    0.000000E+00    0.000000E+00    0.000000E+00    4.654163E-02    2.367285E-02    3.571365E-03    0.000000E+00    0.000000E+00    0.000000E+00
5.315000E-01    6.812423E-02   -8.722836E-02   -1.308578E+01    0.000000E+00    0.000000E+00    0.000000E+00    4.674542E-02    2.381727E-02    3.545016E-03    0.000000E+00    0.000000E+00    0.000000E+00
5.325000E-01    6.843553E-02   -8.780098E-02   -1.308619E+01    0.000000E+00    0.000000E+00    0.000000E+00    4.695028E-02    2.395754E-02    3.518588E-03    0.000000E+00    0.000000E+00    0.000000E+00
5.335000E-01    6.875098E-02   -8.838299E-02   -1.308660E+01    0.000000E+00    0.000000E+00    0.000000E+00    4.715608E-02    2.409365E-02    3.491915E-03    0.000000E+00    0.000000E+00    0.000000E+00
5.345000E-01    6.903854E-02   -8.895787E-02   -1.308701E+01    0.000000E+00    0.000000E+00    0.000000E+00    4.735991E-02    2.422681E-02    3.466130E-03    0.000000E+00    0.000000E+00    0.000000E+00
5.355000E-01    6.932559E-02   -8.952153E-02   -1.308741E+01    0.000000E+00    0.000000E+00    0.000000E+00    4.756149E-02    2.435833E-02    3.440506E-03    0.000000E+00    0.000000E+00    0.000000E+00
5.365000E-01    6.960350E-02   -9.009629E-02   -1.308781E+01    0.000000E+00    0.000000E+00    0.000000E+00    4.776164E-02    2.448794E-02    3.415671E-03    0.000000E+00    0.000000E+00    0.000000E+00
5.375000E-01    6.987495E-02   -9.066900E-02   -1.308820E+01    0.000000E+00    0.000000E+00    0.000000E+00    4.795908E-02    2.461591E-02    3.391388E-03    0.000000E+00    0.000000E+00    0.000000E+00
5.385000E-01    7.014350E-02   -9.123879E-02   -1.308859E+01    0.000000E+00    0.000000E+00    0.000000E+00    4.815418E-02    2.474241E-02    3.367419E-03    0.000000E+00    0.000000E+00    0.000000E+00
5.395000E-01    7.044199E-02   -9.182168E-02   -1.308898E+01    0.000000E+00    0.000000E+00    0.000000E+00    4.834738E-02    2.486880E-02    3.342828E-03    0.000000E+00    0.000000E+00    0.000000E+00
5.405000E-01    7.070221E-02   -9.238622E-02   -1.308937E+01    0.000000E+00    0.000000E+00    0.000000E+00    4.853722E-02    2.499269E-02    3.319766E-03    0.000000E+00    0.000000E+00    0.000000E+00
5.415000E-01    7.096188E-02   -9.294750E-02   -1.308975E+01    0.000000E+00    0.000000E+00    0.000000E+00    4.872454E-02    2.511584E-02    3.297178E-03    0.000000E+00    0.000000E+00    0.000000E+00
5.425000E-01    7.122099E-02   -9.350802E-02   -1.309012E+01    0.000000E+00    0.000000E+00    0.000000E+00    4.891031E-02    2.523889E-02    3.274758E-03    0.000000E+00    0.000000E+00    0.000000E+00
5.435000E-01    7.148160E-02   -9.406528E-02   -1.309049E+01    0.000000E+00    0.000000E+00    0.000000E+00    4.909379E-02    2.536256E-02    3.252265E-03    0.000000E+00    0.000000E+00    0.000000E+00
5.445000E-01    7.174228E-02   -9.461719E-02   -1.309086E+01    0.000000E+00    0.000000E+00    0.000000E+00    4.927437E-02    2.548622E-02    3.229886E-03    0.000000E+00    0.000000E+00    0.000000E+00
5.455000E-01    7.200162E-02   -9.516044E-02   -1.309123E+01    0.000000E+00    0.000000E+00    0.000000E+00    4.945124E-02    2.560930E-02    3.208003E-03    0.000000E+00    0.000000E+00    0.000000E+00
5.465000E-01    7.225903E-02   -9.569179E-02   -1.309159E+01    0.000000E+00    0.000000E+00    0.000000E+00    4.962220E-02    2.573156E-02    3.187090E-03    0.000000E+00    0.000000E+00    0.000000E+00
5.475000E-01    7.241448E-02   -9.621642E-02   -1.309197E+01    0.000000E+00    0.000000E+00    0.000000E+00    4.978678E-02    2.584909E-02    3.167438E-03    0.000000E+00    0.000000E+00    0.000000E+00
5.485000E-01    7.266914E-02   -9.673713E-02   -1.309233E+01    0.000000E+00    0.000000E+00    0.000000E+00    4.995101E-02    2.597006E-02    3.146490E-03    0.000000E+00    0.000000E+00    0.000000E+00
5.495000E-01    7.292490E-02   -9.726047E-02   -1.309268E+01    0.000000E+00    0.000000E+00    0.000000E+00    5.011579E-02    2.609133E-02    3.124639E-03    0.000000E+00    0.000000E+00    0.000000E+00
5.505000E-01    7.317753E-02   -9.778327E-02   -1.309304E+01    0.000000E+00    0.000000E+00    0.000000E+00    5.027776E-02    2.621230E-02    3.102665E-03    0.000000E+00    0.000000E+00    0.000000E+00
5.515000E-01    7.343166E-02   -9.829082E-02   -1.309339E+01    0.000000E+00    0.000000E+00    0.000000E+00    5.043556E-02    2.633360E-02    3.081009E-03    0.000000E+00    0.000000E+00    0.000000E+00
5.525000E-01    7.368578E-02   -9.878831E-02   -1.309373E+01    0.000000E+00    0.000000E+00    0.000000E+00    5.058940E-02    2.645472E-02    3.059546E-03    0.000000E+00    0.000000E+00    0.000000E+00
5.535000E-01    7.396135E-02   -9.929416E-02   -1.309408E+01    0.000000E+00    0.000000E+00    0.000000E+00    5.073951E-02    2.657524E-02    3.040490E-03    0.000000E+00    0.000000E+00    0.000000E+00
5.545000E-01    7.420807E-02   -9.977046E-02   -1.309443E+01    0.000000E+00    0.000000E+00    0.000000E+00    5.088469E-02    2.669398E-02    3.020384E-03    0.000000E+00    0.000000E+00    0.000000E+00
5.555000E-01    7.447262E-02   -1.002401E-01   -1.309477E+01    0.000000E+00    0.000000E+00    0.000000E+00    5.102576E-02    2.681174E-02    2.999361E-03    0.000000E+00    0.000000E+00    0.000000E+00
5.565000E-01    7.471514E-02   -1.006956E-01   -1.309511E+01    0.000000E+00    0.000000E+00    0.000000E+00    5.116274E-02    2.692661E-02    2.980138E-03    0.000000E+00    0.000000E+00    0.000000E+00
5.575000E-01    7.494830E-02   -1.011549E-01   -1.309545E+01    0.000000E+00    0.000000E+00    0.000000E+00    5.129943E-02    2.704140E-02    2.959745E-03    0.000000E+00    0.000000E+00    0.000000E+00
5.585000E-01    7.518521E-02   -1.016144E-01   -1.309578E+01    0.000000E+00    0.000000E+00    0.000000E+00    5.143579E-02    2.715784E-02    2.938473E-03    0.000000E+00    0.000000E+00    0.000000E+00
5.595000E-01    7.542289E-02   -1.020643E-01   -1.309612E+01    0.000000E+00    0.000000E+00    0.000000E+00    5.156861E-02    2.727528E-02    2.916914E-03    0.000000E+00    0.000000E+00    0.000000E+00
5.605000E-01    7.566081E-02   -1.025040E-01   -1.309645E+01    0.000000E+00    0.000000E+00    0.000000E+00    5.169692E-02    2.739339E-02    2.895352E-03    0.000000E+00    0.000000E+00    0.000000E+00
5.615000E-01    7.589794E-02   -1.029360E-01   -1.309678E+01    0.000000E+00    0.000000E+00    0.000000E+00    5.182204E-02    2.751240E-02    2.873469E-03    0.000000E+00    0.000000E+00    0.000000E+00
5.625000E-01    7.613493E-02   -1.033625E-01   -1.309711E+01    0.000000E+00    0.000000E+00    0.000000E+00    5.194437E-02    2.763427E-02    2.851057E-03    0.000000E+00    0.000000E+00    0.000000E+00
5.635000E-01    7.636921E-02   -1.037837E-01   -1.309743E+01    0.000000E+00    0.000000E+00    0.000000E+00    5.206390E-02    2.775668E-02    2.828345E-03    0.000000E+00    0.000000E+00    0.000000E+00
5.645000E-01    7.660247E-02   -1.041986E-01   -1.309776E+01    0.000000E+00    0.000000E+00    0.000000E+00    5.218008E-02    2.787950E-02    2.805618E-03    0.000000E+00    0.000000E+00    0.000000E+00
5.655000E-01    7.683412E-02   -1.046106E-01   -1.309809E+01    0.000000E+00    0.000000E+00    0.000000E+00    5.229383E-02    2.800314E-02    2.782532E-03    0.000000E+00    0.000000E+00    0.000000E+00
5.665000E-01    7.705902E-02   -1.050235E-01   -1.309842E+01    0.000000E+00    0.000000E+00    0.000000E+00    5.240786E-02    2.812517E-02    2.758026E-03    0.000000E+00    0.000000E+00    0.000000E+00
5.675000E-01    7.727655E-02   -1.054375E-01   -1.309874E+01    0.000000E+00    0.000000E+00    0.000000E+00    5.252202E-02    2.824528E-02    2.731688E-03    0.000000E+00    0.000000E+00    0.000000E+00
5.685000E-01    7.748394E-02   -1.058504E-01   -1.309907E+01    0.000000E+00    0.000000E+00    0.000000E+00    5.263581E-02    2.836224E-02    2.703468E-03    0.000000E+00    0.000000E+00    0.000000E+00
5.695000E-01    7.767947E-02   -1.062608E-01   -1.309939E+01    0.000000E+00    0.000000E+00    0.000000E+00    5.274944E-02    2.847563E-02    2.673245E-03    0.000000E+00    0.000000E+00    0.000000E+00
5.705000E-01    7.786834E-02   -1.066670E-01   -1.309971E+01    0.000000E+00    0.000000E+00    0.000000E+00    5.286153E-02    2.858663E-02    2.641554E-03    0.000000E+00    0.000000E+00    0.000000E+00
5.715000E-01    7.805070E-02   -1.070648E-01   -1.310003E+01    0.000000E+00    0.000000E+00    0.000000E+00    5.297031E-02    2.869678E-02    2.609088E-03    0.000000E+00    0.000000E+00    0.000000E+00
5.725000E-01    7.823008E-02   -1.074515E-01   -1.310035E+01    0.000000E+00    0.000000E+00    0.000000E+00    5.307569E-02    2.880681E-02    2.576163E-03    0.000000E+00    0.000000E+00    0.000000E+00
5.735000E-01    7.840764E-02   -1.078352E-01   -1.310067E+01    0.000000E+00    0.000000E+00    0.000000E+00    5.317900E-02    2.891651E-02    2.542423E-03    0.000000E+00    0.000000E+00    0.000000E+00
5.745000E-01    7.858863E-02   -1.082052E-01   -1.310098E+01    0.000000E+00    0.000000E+00    0.000000E+00    5.327681E-02    2.902868E-02    2.509414E-03    0.000000E+00    0.000000E+00    0.000000E+00
5.755000E-01    7.877576E-02   -1.085632E-01   -1.310130E+01    0.000000E+00    0.000000E+00    0.000000E+00    5.336966E-02    2.914425E-02    2.477199E-03    0.000000E+00    0.000000E+00    0.000000E+00
5.765000E-01    7.896913E-02   -1.089122E-01   -1.310161E+01    0.000000E+00    0.000000E+00    0.000000E+00    5.345818E-02    2.926368E-02    2.445620E-03    0.000000E+00    0.000000E+00    0.000000E+00
5.775000E-01    7.917493E-02   -1.092439E-01   -1.310192E+01    0.000000E+00    0.000000E+00    0.000000E+00    5.353941E-02    2.938932E-02    2.415951E-03    0.000000E+00    0.000000E+00    0.000000E+00
5.785000E-01    7.939873E-02   -1.095802E-01   -1.310223E+01    0.000000E+00    0.000000E+00    0.000000E+00    5.361526E-02    2.952101E-02    2.388417E-03    0.000000E+00    0.000000E+00    0.000000E+00
5.795000E-01    7.959968E-02   -1.098953E-01   -1.310254E+01    0.000000E+00    0.000000E+00    0.000000E+00    5.369121E-02    2.965301E-02    2.359314E-03    0.000000E+00    0.000000E+00    0.000000E+00
5.805000E-01    7.981701E-02   -1.102152E-01   -1.310285E+01    0.000000E+00    0.000000E+00    0.000000E+00    5.376653E-02    2.978518E-02    2.329590E-03    0.000000E+00    0.000000E+00    0.000000E+00
5.815000E-01    8.003185E-02   -1.105243E-01   -1.310315E+01    0.000000E+00    0.000000E+00    0.000000E+00    5.383815E-02    2.991691E-02    2.299177E-03    0.000000E+00    0.000000E+00    0.000000E+00
5.825000E-01    8.024646E-02   -1.108222E-01   -1.310346E+01    0.000000E+00    0.000000E+00    0.000000E+00    5.390553E-02    3.004881E-02    2.268475E-03    0.000000E+00    0.000000E+00    0.000000E+00
5.835000E-01    8.046430E-02   -1.111089E-01   -1.310377E+01    0.000000E+00    0.000000E+00    0.000000E+00    5.396846E-02    3.018212E-02    2.237816E-03    0.000000E+00    0.000000E+00    0.000000E+00
5.845000E-01    8.068704E-02   -1.113882E-01   -1.310407E+01    0.000000E+00    0.000000E+00    0.000000E+00    5.402818E-02    3.031728E-02    2.207090E-03    0.000000E+00    0.000000E+00    0.000000E+00
5.855000E-01    8.091277E-02   -1.116620E-01   -1.310437E+01    0.000000E+00    0.000000E+00    0.000000E+00    5.408587E-02    3.045391E-02    2.175904E-03    0.000000E+00    0.000000E+00    0.000000E+00
5.865000E-01    8.113875E-02   -1.119289E-01   -1.310467E+01    0.000000E+00    0.000000E+00    0.000000E+00    5.414070E-02    3.059057E-02    2.144567E-03    0.000000E+00    0.000000E+00    0.000000E+00
5.875000E-01    8.136440E-02   -1.121847E-01   -1.310497E+01    0.000000E+00    0.000000E+00    0.000000E+00    5.419108E-02    3.072678E-02    2.113477E-03    0.000000E+00    0.000000E+00    0.000000E+00
5.885000E-01    8.159304E-02   -1.124328E-01   -1.310527E+01    0.000000E+00    0.000000E+00    0.000000E+00    5.423760E-02    3.086370E-02    2.082366E-03    0.000000E+00    0.000000E+00    0.000000E+00
5.895000E-01    8.182731E-02   -1.126762E-01   -1.310556E+01    0.000000E+00    0.000000E+00    0.000000E+00    5.428135E-02    3.100228E-02    2.050747E-03    0.000000E+00    0.000000E+00    0.000000E+00
5.905000E-01    8.206388E-02   -1.129126E-01   -1.310586E+01    0.000000E+00    0.000000E+00    0.000000E+00    5.432150E-02    3.114176E-02    2.018519E-03    0.000000E+00    0.000000E+00    0.000000E+00
5.915000E-01    8.230218E-02   -1.131411E-01   -1.310615E+01    0.000000E+00    0.000000E+00    0.000000E+00    5.435767E-02    3.128152E-02    1.986121E-03    0.000000E+00    0.000000E+00    0.000000E+00
5.925000E-01    8.254261E-02   -1.133633E-01   -1.310644E+01    0.000000E+00    0.000000E+00    0.000000E+00    5.439035E-02    3.142195E-02    1.953564E-03    0.000000E+00    0.000000E+00    0.000000E+00
5.935000E-01    8.278487E-02   -1.135795E-01   -1.310674E+01    0.000000E+00    0.000000E+00    0.000000E+00    5.442044E-02    3.156259E-02    1.920572E-03    0.000000E+00    0.000000E+00    0.000000E+00
5.945000E-01    8.302844E-02   -1.137897E-01   -1.310703E+01    0.000000E+00    0.000000E+00    0.000000E+00    5.444768E-02    3.170330E-02    1.887135E-03    0.000000E+00    0.000000E+00    0.000000E+00
5.955000E-01    8.327690E-02   -1.139934E-01   -1.310732E+01    0.000000E+00    0.000000E+00    0.000000E+00    5.447186E-02    3.184467E-02    1.853204E-03    0.000000E+00    0.000000E+00    0.000000E+00
5.965000E-01    8.351680E-02   -1.142616E-01   -1.310762E+01    0.000000E+00    0.000000E+00    0.000000E+00    5.449419E-02    3.198724E-02    1.815119E-03    0.000000E+00    0.000000E+00    0.000000E+00
5.975000E-01    8.377308E-02   -1.144477E-01   -1.310791E+01    0.000000E+00    0.000000E+00    0.000000E+00    5.451010E-02    3.213120E-02    1.781564E-03    0.000000E+00    0.000000E+00    0.000000E+00
5.985000E-01    8.403490E-02   -1.146257E-01   -1.310819E+01    0.000000E+00    0.000000E+00    0.000000E+00    5.452187E-02    3.227677E-02    1.747997E-03    0.000000E+00    0.000000E+00    0.000000E+00
5.995000E-01    8.430496E-02   -1.147948E-01   -1.310848E+01    0.000000E+00    0.000000E+00    0.000000E+00    5.453050E-02    3.242317E-02    1.714212E-03    0.000000E+00    0.000000E+00    0.000000E+00
6.005000E-01    8.457301E-02   -1.149605E-01   -1.310877E+01    0.000000E+00    0.000000E+00    0.000000E+00    5.453592E-02    3.257006E-02    1.680598E-03    0.000000E+00    0.000000E+00    0.000000E+00
6.015000E-01    8.484474E-02   -1.151198E-01   -1.310905E+01    0.000000E+00    0.000000E+00    0.000000E+00    5.453814E-02    3.271768E-02    1.647041E-03    0.000000E+00    0.000000E+00    0.000000E+00
6.025000E-01    8.505460E-02   -1.152243E-01   -1.310935E+01    0.000000E+00    0.000000E+00    0.000000E+00    5.453646E-02    3.286478E-02    1.618094E-03    0.000000E+00    0.000000E+00    0.000000E+00
6.035000E-01    8.508334E-02   -1.154373E-01   -1.310963E+01    0.000000E+00    0.000000E+00    0.000000E+00    5.456420E-02    3.288974E-02    1.641849E-03    0.000000E+00    0.000000E+00    0.000000E+00
6.045000E-01    8.536675E-02   -1.155713E-01   -1.310992E+01    0.000000E+00    0.000000E+00    0.000000E+00    5.455593E-02    3.303932E-02    1.608739E-03    0.000000E+00    0.000000E+00    0.000000E+00
6.055000E-01    8.565849E-02   -1.156886E-01   -1.311020E+01    0.000000E+00    0.000000E+00    0.000000E+00    5.454043E-02    3.319084E-02    1.576903E-03    0.000000E+00    0.000000E+00    0.000000E+00
6.065000E-01    8.595428E-02   -1.157998E-01   -1.311048E+01    0.000000E+00    0.000000E+00    0.000000E+00    5.452194E-02    3.334302E-02    1.545226E-03    0.000000E+00    0.000000E+00    0.000000E+00
6.075000E-01    8.625471E-02   -1.159081E-01   -1.311075E+01    0.000000E+00    0.000000E+00    0.000000E+00    5.450350E-02    3.349529E-02    1.513059E-03    0.000000E+00    0.000000E+00    0.000000E+00
6.085000E-01    8.655762E-02   -1.160170E-01   -1.311103E+01    0.000000E+00    0.000000E+00    0.000000E+00    5.448395E-02    3.364837E-02    1.480693E-03    0.000000E+00    0.000000E+00    0.000000E+00
6.095000E-01    8.686656E-02   -1.161183E-01   -1.311131E+01    0.000000E+00    0.000000E+00    0.000000E+00    5.446130E-02    3.380250E-02    1.448724E-03    0.000000E+00    0.000000E+00    0.000000E+00
6.105000E-01    8.718248E-02   -1.162122E-01   -1.311158E+01    0.000000E+00    0.000000E+00    0.000000E+00    5.443473E-02    3.395764E-02    1.417137E-03    0.000000E+00    0.000000E+00    0.000000E+00
6.115000E-01    8.750319E-02   -1.162923E-01   -1.311185E+01    0.000000E+00    0.000000E+00    0.000000E+00    5.440393E-02    3.411382E-02    1.385949E-03    0.000000E+00    0.000000E+00    0.000000E+00
6.125000E-01    8.782795E-02   -1.163622E-01   -1.311213E+01    0.000000E+00    0.000000E+00    0.000000E+00    5.436961E-02    3.427080E-02    1.354966E-03    0.000000E+00    0.000000E+00    0.000000E+00
6.135000E-01    8.813040E-02   -1.163259E-01   -1.311241E+01    0.000000E+00    0.000000E+00    0.000000E+00    5.433024E-02    3.442712E-02    1.318260E-03    0.000000E+00    0.000000E+00    0.000000E+00
6.145000E-01    8.846607E-02   -1.163779E-01   -1.311268E+01    0.000000E+00    0.000000E+00    0.000000E+00    5.428908E-02    3.458586E-02    1.288033E-03    0.000000E+00    0.000000E+00    0.000000E+00
6.155000E-01    8.880743E-02   -1.164207E-01   -1.311295E+01    0.000000E+00    0.000000E+00    0.000000E+00    5.424439E-02    3.474583E-02    1.258091E-03    0.000000E+00    0.000000E+00    0.000000E+00
6.165000E-01    8.922060E-02   -1.164061E-01   -1.311323E+01    0.000000E+00    0.000000E+00    0.000000E+00    5.419485E-02    3.490837E-02    1.223636E-03    0.000000E+00    0.000000E+00    0.000000E+00
6.175000E-01    8.957552E-02   -1.164339E-01   -1.311349E+01    0.000000E+00    0.000000E+00    0.000000E+00    5.414372E-02    3.507128E-02    1.194135E-03    0.000000E+00    0.000000E+00    0.000000E+00
6.185000E-01    8.993694E-02   -1.164497E-01   -1.311376E+01    0.000000E+00    0.000000E+00    0.000000E+00    5.408910E-02    3.523532E-02    1.165065E-03    0.000000E+00    0.000000E+00    0.000000E+00
6.195000E-01    9.030351E-02   -1.164562E-01   -1.311402E+01    0.000000E+00    0.000000E+00    0.000000E+00    5.403099E-02    3.540042E-02    1.136233E-03    0.000000E+00    0.000000E+00    0.000000E+00
6.205000E-01    9.067710E-02   -1.164528E-01   -1.311428E+01    0.000000E+00    0.000000E+00    0.000000E+00    5.396958E-02    3.556700E-02    1.107647E-03    0.000000E+00    0.000000E+00    0.000000E+00
6.215000E-01    9.105680E-02   -1.164398E-01   -1.311454E+01    0.000000E+00    0.000000E+00    0.000000E+00    5.390487E-02    3.573475E-02    1.079246E-03    0.000000E+00    0.000000E+00    0.000000E+00
6.225000E-01    9.144212E-02   -1.164177E-01   -1.311480E+01    0.000000E+00    0.000000E+00    0.000000E+00    5.383687E-02    3.590351E-02    1.051094E-03    0.000000E+00    0.000000E+00    0.000000E+00
6.235000E-01    9.183086E-02   -1.163864E-01   -1.311506E+01    0.000000E+00    0.000000E+00    0.000000E+00    5.376590E-02    3.607324E-02    1.023102E-03    0.000000E+00    0.000000E+00    0.000000E+00
6.245000E-01    9.222988E-02   -1.163463E-01   -1.311531E+01    0.000000E+00    0.000000E+00    0.000000E+00    5.369173E-02    3.624447E-02    9.953152E-04    0.000000E+00    0.000000E+00    0.000000E+00
6.255000E-01    9.259456E-02   -1.163457E-01   -1.311557E+01    0.000000E+00    0.000000E+00    0.000000E+00    5.361480E-02    3.641636E-02    9.711360E-04    0.000000E+00    0.000000E+00    0.000000E+00
6.265000E-01    9.300171E-02   -1.162846E-01   -1.311583E+01    0.000000E+00    0.000000E+00    0.000000E+00    5.353340E-02    3.659076E-02    9.436648E-04    0.000000E+00    0.000000E+00    0.000000E+00
6.275000E-01    9.341228E-02   -1.162127E-01   -1.311608E+01    0.000000E+00    0.000000E+00    0.000000E+00    5.344829E-02    3.676567E-02    9.161079E-04    0.000000E+00    0.000000E+00    0.000000E+00
6.285000E-01    9.382587E-02   -1.161359E-01   -1.311633E+01    0.000000E+00    0.000000E+00    0.000000E+00    5.335990E-02    3.694098E-02    8.886487E-04    0.000000E+00    0.000000E+00    0.000000E+00
6.295000E-01    9.424210E-02   -1.160410E-01   -1.311658E+01    0.000000E+00    0.000000E+00    0.000000E+00    5.326868E-02    3.711615E-02    8.610620E-04    0.000000E+00    0.000000E+00    0.000000E+00
6.305000E-01    9.472389E-02   -1.159337E-01   -1.311684E+01    0.000000E+00    0.000000E+00    0.000000E+00    5.317537E-02    3.729244E-02    8.372824E-04    0.000000E+00    0.000000E+00    0.000000E+00
6.315000E-01    9.514393E-02   -1.158280E-01   -1.311709E+01    0.000000E+00    0.000000E+00    0.000000E+00    5.307987E-02    3.746639E-02    8.097624E-04    0.000000E+00    0.000000E+00    0.000000E+00
6.325000E-01    9.556563E-02   -1.157147E-01   -1.311733E+01    0.000000E+00    0.000000E+00    0.000000E+00    5.298232E-02    3.763972E-02    7.821623E-04    0.000000E+00    0.000000E+00    0.000000E+00
6.335000E-01    9.598822E-02   -1.155941E-01   -1.311758E+01    0.000000E+00    0.000000E+00    0.000000E+00    5.288281E-02    3.781230E-02    7.544621E-04    0.000000E+00    0.000000E+00    0.000000E+00
6.345000E-01    9.641180E-02   -1.154666E-01   -1.311783E+01    0.000000E+00    0.000000E+00    0.000000E+00    5.278161E-02    3.798391E-02    7.265778E-04    0.000000E+00    0.000000E+00    0.000000E+00
6.355000E-01    9.683343E-02   -1.153329E-01   -1.311807E+01    0.000000E+00    0.000000E+00    0.000000E+00    5.267890E-02    3.815389E-02    6.985813E-04    0.000000E+00    0.000000E+00    0.000000E+00
6.365000E-01    9.725440E-02   -1.151919E-01   -1.311831E+01    0.000000E+00    0.000000E+00    0.000000E+00    5.257480E-02    3.832254E-02    6.705254E-04    0.000000E+00    0.000000E+00    0.000000E+00
6.375000E-01    9.767374E-02   -1.150461E-01   -1.311856E+01    0.000000E+00    0.000000E+00    0.000000E+00    5.246980E-02    3.848961E-02    6.423425E-04    0.000000E+00    0.000000E+00    0.000000E+00
6.385000E-01    9.809326E-02   -1.148947E-01   -1.311880E+01    0.000000E+00    0.000000E+00    0.000000E+00    5.236380E-02    3.865548E-02    6.140793E-04    0.000000E+00    0.000000E+00    0.000000E+00
6.395000E-01    9.851142E-02   -1.147387E-01   -1.311904E+01    0.000000E+00    0.000000E+00    0.000000E+00    5.225745E-02    3.882004E-02    5.858253E-04    0.000000E+00    0.000000E+00    0.000000E+00
6.405000E-01    9.892981E-02   -1.145764E-01   -1.311928E+01    0.000000E+00    0.000000E+00    0.000000E+00    5.214998E-02    3.898396E-02    5.575747E-04    0.000000E+00    0.000000E+00    0.000000E+00
6.415000E-01    9.934816E-02   -1.144014E-01   -1.311952E+01    0.000000E+00    0.000000E+00    0.000000E+00    5.204031E-02    3.914692E-02    5.292833E-04    0.000000E+00    0.000000E+00    0.000000E+00
6.425000E-01    9.976269E-02   -1.142287E-01   -1.311975E+01    0.000000E+00    0.000000E+00    0.000000E+00    5.193008E-02    3.930836E-02    5.010132E-04    0.000000E+00    0.000000E+00    0.000000E+00
6.435000E-01    1.001751E-01   -1.140532E-01   -1.311999E+01    0.000000E+00    0.000000E+00    0.000000E+00    5.181974E-02    3.946861E-02    4.726727E-04    0.000000E+00    0.000000E+00    0.000000E+00
6.445000E-01    1.005867E-01   -1.138744E-01   -1.312023E+01    0.000000E+00    0.000000E+00    0.000000E+00    5.170943E-02    3.962792E-02    4.445172E-04    0.000000E+00    0.000000E+00    0.000000E+00
6.455000E-01    1.009936E-01   -1.136918E-01   -1.312046E+01    0.000000E+00    0.000000E+00    0.000000E+00    5.159826E-02    3.978666E-02    4.168626E-04    0.000000E+00    0.000000E+00    0.000000E+00
6.465000E-01    1.014080E-01   -1.135340E-01   -1.312070E+01    0.000000E+00    0.000000E+00    0.000000E+00    5.148707E-02    3.994406E-02    3.914455E-04    0.000000E+00    0.000000E+00    0.000000E+00
6.475000E-01    1.018144E-01   -1.133399E-01   -1.312094E+01    0.000000E+00    0.000000E+00    0.000000E+00    5.137456E-02    4.010008E-02    3.642114E-04    0.000000E+00    0.000000E+00    0.000000E+00
6.485000E-01    1.022187E-01   -1.131437E-01   -1.312117E+01    0.000000E+00    0.000000E+00    0.000000E+00    5.126126E-02    4.025509E-02    3.371211E-04    0.000000E+00    0.000000E+00    0.000000E+00
6.495000E-01    1.026213E-01   -1.129401E-01   -1.312140E+01    0.000000E+00    0.000000E+00    0.000000E+00    5.114746E-02    4.040875E-02    3.105349E-04    0.000000E+00    0.000000E+00    0.000000E+00
6.505000E-01    1.030217E-01   -1.127323E-01   -1.312163E+01    0.000000E+00    0.000000E+00    0.000000E+00    5.103331E-02    4.056113E-02    2.842830E-04    0.000000E+00    0.000000E+00    0.000000E+00
6.515000E-01    1.034216E-01   -1.125193E-01   -1.312186E+01    0.000000E+00    0.000000E+00    0.000000E+00    5.091841E-02    4.071279E-02    2.583106E-04    0.000000E+00    0.000000E+00    0.000000E+00
6.525000E-01    1.038181E-01   -1.123034E-01   -1.312210E+01    0.000000E+00    0.000000E+00    0.000000E+00    5.080331E-02    4.086285E-02    2.327345E-04    0.000000E+00    0.000000E+00    0.000000E+00
6.535000E-01    1.042128E-01   -1.120820E-01   -1.312233E+01    0.000000E+00    0.000000E+00    0.000000E+00    5.068795E-02    4.101136E-02    2.075568E-04    0.000000E+00    0.000000E+00    0.000000E+00
6.545000E-01    1.046063E-01   -1.118560E-01   -1.312255E+01    0.000000E+00    0.000000E+00    0.000000E+00    5.057226E-02    4.115867E-02    1.827426E-04    0.000000E+00    0.000000E+00    0.000000E+00
6.555000E-01    1.049977E-01   -1.116269E-01   -1.312278E+01    0.000000E+00    0.000000E+00    0.000000E+00    5.045647E-02    4.130468E-02    1.582122E-04    0.000000E+00    0.000000E+00    0.000000E+00
6.565000E-01    1.053288E-01   -1.113983E-01   -1.312302E+01    0.000000E+00    0.000000E+00    0.000000E+00    5.033945E-02    4.144653E-02    1.374657E-04    0.000000E+00    0.000000E+00    0.000000E+00
6.575000E-01    1.057137E-01   -1.111554E-01   -1.312325E+01    0.000000E+00    0.000000E+00    0.000000E+00    5.022121E-02    4.158695E-02    1.137883E-04    0.000000E+00    0.000000E+00    0.000000E+00
6.585000E-01    1.060997E-01   -1.109081E-01   -1.312347E+01    0.000000E+00    0.000000E+00    0.000000E+00    5.010232E-02    4.172732E-02    9.057894E-05    0.000000E+00    0.000000E+00    0.000000E+00
6.595000E-01    1.064847E-01   -1.106567E-01   -1.312370E+01    0.000000E+00    0.000000E+00    0.000000E+00    4.998339E-02    4.186734E-02    6.782868E-05    0.000000E+00    0.000000E+00    0.000000E+00
6.605000E-01    1.068287E-01   -1.104313E-01   -1.312393E+01    0.000000E+00    0.000000E+00    0.000000E+00    4.986523E-02    4.200545E-02    4.273701E-05    0.000000E+00    0.000000E+00    0.000000E+00
6.615000E-01    1.071979E-01   -1.100979E-01   -1.312417E+01    0.000000E+00    0.000000E+00    0.000000E+00    4.974452E-02    4.214296E-02    2.532901E-05    0.000000E+00    0.000000E+00    0.000000E+00
6.625000E-01    1.075753E-01   -1.098377E-01   -1.312439E+01    0.000000E+00    0.000000E+00    0.000000E+00    4.962583E-02    4.227888E-02    3.707265E-06    0.000000E+00    0.000000E+00    0.000000E+00
6.635000E-01    1.079496E-01   -1.095746E-01   -1.312462E+01    0.000000E+00    0.000000E+00    0.000000E+00    4.950765E-02    4.241323E-02   -1.757488E-05    0.000000E+00    0.000000E+00    0.000000E+00
6.645000E-01    1.083605E-01   -1.092781E-01   -1.312486E+01    0.000000E+00    0.000000E+00    0.000000E+00    4.938897E-02    4.254662E-02   -4.118520E-05    0.000000E+00    0.000000E+00    0.000000E+00
6.655000E-01    1.087290E-01   -1.090100E-01   -1.312508E+01    0.000000E+00    0.000000E+00    0.000000E+00    4.927161E-02    4.267793E-02   -6.186859E-05    0.000000E+00    0.000000E+00    0.000000E+00
6.665000E-01    1.090949E-01   -1.087389E-01   -1.312531E+01    0.000000E+00    0.000000E+00    0.000000E+00    4.915459E-02    4.280810E-02   -8.218977E-05    0.000000E+00    0.000000E+00    0.000000E+00
6.675000E-01    1.094580E-01   -1.084662E-01   -1.312553E+01    0.000000E+00    0.000000E+00    0.000000E+00    4.903852E-02    4.293666E-02   -1.022216E-04    0.000000E+00    0.000000E+00    0.000000E+00
6.685000E-01    1.098180E-01   -1.081916E-01   -1.312576E+01    0.000000E+00    0.000000E+00    0.000000E+00    4.892303E-02    4.306388E-02   -1.219409E-04    0.000000E+00    0.000000E+00    0.000000E+00
6.695000E-01    1.101756E-01   -1.079140E-01   -1.312598E+01    0.000000E+00    0.000000E+00    0.000000E+00    4.880798E-02    4.318989E-02   -1.413959E-04    0.000000E+00    0.000000E+00    0.000000E+00
6.705000E-01    1.105514E-01   -1.076077E-01   -1.312621E+01    0.000000E+00    0.000000E+00    0.000000E+00    4.869297E-02    4.331541E-02   -1.585562E-04    0.000000E+00    0.000000E+00    0.000000E+00
6.715000E-01    1.108601E-01   -1.072957E-01   -1.312645E+01    0.000000E+00    0.000000E+00    0.000000E+00    4.857846E-02    4.343803E-02   -1.746732E-04    0.000000E+00    0.000000E+00    0.000000E+00
6.725000E-01    1.112077E-01   -1.070156E-01   -1.312667E+01    0.000000E+00    0.000000E+00    0.000000E+00    4.846603E-02    4.355972E-02   -1.934235E-04    0.000000E+00    0.000000E+00    0.000000E+00
6.735000E-01    1.115967E-01   -1.067903E-01   -1.312691E+01    0.000000E+00    0.000000E+00    0.000000E+00    4.835503E-02    4.368233E-02   -2.158707E-04    0.000000E+00    0.000000E+00    0.000000E+00
6.745000E-01    1.119410E-01   -1.065056E-01   -1.312713E+01    0.000000E+00    0.000000E+00    0.000000E+00    4.824323E-02    4.380326E-02   -2.337015E-04    0.000000E+00    0.000000E+00    0.000000E+00
6.755000E-01    1.122228E-01   -1.062115E-01   -1.312736E+01    0.000000E+00    0.000000E+00    0.000000E+00    4.813213E-02    4.392214E-02   -2.548382E-04    0.000000E+00    0.000000E+00    0.000000E+00
6.765000E-01    1.125639E-01   -1.059279E-01   -1.312759E+01    0.000000E+00    0.000000E+00    0.000000E+00    4.802262E-02    4.404030E-02   -2.723917E-04    0.000000E+00    0.000000E+00    0.000000E+00
6.775000E-01    1.128951E-01   -1.056464E-01   -1.312782E+01    0.000000E+00    0.000000E+00    0.000000E+00    4.791501E-02    4.415653E-02   -2.902762E-04    0.000000E+00    0.000000E+00    0.000000E+00
6.785000E-01    1.132294E-01   -1.053611E-01   -1.312804E+01    0.000000E+00    0.000000E+00    0.000000E+00    4.780845E-02    4.427168E-02   -3.083602E-04    0.000000E+00    0.000000E+00    0.000000E+00
6.795000E-01    1.135608E-01   -1.050828E-01   -1.312827E+01    0.000000E+00    0.000000E+00    0.000000E+00    4.770292E-02    4.438571E-02   -3.260023E-04    0.000000E+00    0.000000E+00    0.000000E+00
6.805000E-01    1.138817E-01   -1.048015E-01   -1.312849E+01    0.000000E+00    0.000000E+00    0.000000E+00    4.759849E-02    4.449813E-02   -3.438409E-04    0.000000E+00    0.000000E+00    0.000000E+00
6.815000E-01    1.141981E-01   -1.045214E-01   -1.312872E+01    0.000000E+00    0.000000E+00    0.000000E+00    4.749542E-02    4.460900E-02   -3.617305E-04    0.000000E+00    0.000000E+00    0.000000E+00
6.825000E-01    1.145100E-01   -1.042407E-01   -1.312895E+01    0.000000E+00    0.000000E+00    0.000000E+00    4.739356E-02    4.471843E-02   -3.796962E-04    0.000000E+00    0.000000E+00    0.000000E+00
6.835000E-01    1.148177E-01   -1.039628E-01   -1.312917E+01    0.000000E+00    0.000000E+00    0.000000E+00    4.729316E-02    4.482619E-02   -3.978173E-04    0.000000E+00    0.000000E+00    0.000000E+00
6.845000E-01    1.151208E-01   -1.036867E-01   -1.312940E+01    0.000000E+00    0.000000E+00    0.000000E+00    4.719395E-02    4.493260E-02   -4.160971E-04    0.000000E+00    0.000000E+00    0.000000E+00
6.855000E-01    1.154130E-01   -1.034579E-01   -1.312963E+01    0.000000E+00    0.000000E+00    0.000000E+00    4.709716E-02    4.503770E-02   -4.369719E-04    0.000000E+00    0.000000E+00    0.000000E+00
6.865000E-01    1.157063E-01   -1.031857E-01   -1.312986E+01    0.000000E+00    0.000000E+00    0.000000E+00    4.700100E-02    4.514101E-02   -4.555249E-04    0.000000E+00    0.000000E+00    0.000000E+00
6.875000E-01    1.159960E-01   -1.029168E-01   -1.313008E+01    0.000000E+00    0.000000E+00    0.000000E+00    4.690617E-02    4.524300E-02   -4.741500E-04    0.000000E+00    0.000000E+00    0.000000E+00
6.885000E-01    1.162803E-01   -1.026490E-01   -1.313031E+01    0.000000E+00    0.000000E+00    0.000000E+00    4.681285E-02    4.534361E-02   -4.930324E-04    0.000000E+00    0.000000E+00    0.000000E+00
6.895000E-01    1.165585E-01   -1.023848E-01   -1.313054E+01    0.000000E+00    0.000000E+00    0.000000E+00    4.672142E-02    4.544247E-02   -5.123013E-04    0.000000E+00    0.000000E+00    0.000000E+00
6.905000E-01    1.168289E-01   -1.021243E-01   -1.313077E+01    0.000000E+00    0.000000E+00    0.000000E+00    4.663187E-02    4.553843E-02   -5.324928E-04    0.000000E+00    0.000000E+00    0.000000E+00
6.915000E-01    1.170772E-01   -1.018652E-01   -1.313100E+01    0.000000E+00    0.000000E+00    0.000000E+00    4.654313E-02    4.562642E-02   -5.562306E-04    0.000000E+00    0.000000E+00    0.000000E+00
6.925000E-01    1.173552E-01   -1.015596E-01   -1.313125E+01    0.000000E+00    0.000000E+00    0.000000E+00    4.645597E-02    4.570428E-02   -5.822410E-04    0.000000E+00    0.000000E+00    0.000000E+00
6.935000E-01    1.175786E-01   -1.013099E-01   -1.313148E+01    0.000000E+00    0.000000E+00    0.000000E+00    4.637171E-02    4.577991E-02   -6.066628E-04    0.000000E+00    0.000000E+00    0.000000E+00
6.945000E-01    1.178215E-01   -1.010540E-01   -1.313171E+01    0.000000E+00    0.000000E+00    0.000000E+00    4.628614E-02    4.586553E-02   -6.276623E-04    0.000000E+00    0.000000E+00    0.000000E+00
6.955000E-01    1.181171E-01   -1.008290E-01   -1.313194E+01    0.000000E+00    0.000000E+00    0.000000E+00    4.620142E-02    4.595710E-02   -6.444609E-04    0.000000E+00    0.000000E+00    0.000000E+00
6.965000E-01    1.183619E-01   -1.005801E-01   -1.313217E+01    0.000000E+00    0.000000E+00    0.000000E+00    4.611866E-02    4.604481E-02   -6.649734E-04    0.000000E+00    0.000000E+00    0.000000E+00
6.975000E-01    1.185977E-01   -1.003387E-01   -1.313241E+01    0.000000E+00    0.000000E+00    0.000000E+00    4.603909E-02    4.612925E-02   -6.860048E-04    0.000000E+00    0.000000E+00    0.000000E+00
6.985000E-01    1.187881E-01   -1.001076E-01   -1.313264E+01    0.000000E+00    0.000000E+00    0.000000E+00    4.596088E-02    4.621233E-02   -7.046622E-04    0.000000E+00    0.000000E+00    0.000000E+00
6.995000E-01    1.187192E-01   -9.982005E-02   -1.313285E+01    0.000000E+00    0.000000E+00    0.000000E+00    4.588403E-02    4.629537E-02   -7.165620E-04    0.000000E+00    0.000000E+00    0.000000E+00
7.005000E-01    1.189471E-01   -9.958483E-02   -1.313308E+01    0.000000E+00    0.000000E+00    0.000000E+00    4.580744E-02    4.637878E-02   -7.372798E-04    0.000000E+00    0.000000E+00    0.000000E+00
7.015000E-01    1.191704E-01   -9.935305E-02   -1.313331E+01    0.000000E+00    0.000000E+00    0.000000E+00    4.573266E-02    4.646100E-02   -7.579306E-04    0.000000E+00    0.000000E+00    0.000000E+00
7.025000E-01    1.194106E-01   -9.912846E-02   -1.313355E+01    0.000000E+00    0.000000E+00    0.000000E+00    4.565988E-02    4.654247E-02   -7.796899E-04    0.000000E+00    0.000000E+00    0.000000E+00
7.035000E-01    1.196278E-01   -9.890282E-02   -1.313378E+01    0.000000E+00    0.000000E+00    0.000000E+00    4.558835E-02    4.662344E-02   -8.000502E-04    0.000000E+00    0.000000E+00    0.000000E+00
7.045000E-01    1.198437E-01   -9.868008E-02   -1.313401E+01    0.000000E+00    0.000000E+00    0.000000E+00    4.551798E-02    4.670464E-02   -8.202980E-04    0.000000E+00    0.000000E+00    0.000000E+00
7.055000E-01    1.200573E-01   -9.846096E-02   -1.313424E+01    0.000000E+00    0.000000E+00    0.000000E+00    4.544908E-02    4.678571E-02   -8.403705E-04    0.000000E+00    0.000000E+00    0.000000E+00
7.065000E-01    1.202635E-01   -9.818920E-02   -1.313448E+01    0.000000E+00    0.000000E+00    0.000000E+00    4.538018E-02    4.686733E-02   -8.571766E-04    0.000000E+00    0.000000E+00    0.000000E+00
7.075000E-01    1.204742E-01   -9.797659E-02   -1.313471E+01    0.000000E+00    0.000000E+00    0.000000E+00    4.531386E-02    4.694856E-02   -8.767689E-04    0.000000E+00    0.000000E+00    0.000000E+00
7.085000E-01    1.206825E-01   -9.776815E-02   -1.313494E+01    0.000000E+00    0.000000E+00    0.000000E+00    4.524914E-02    4.702950E-02   -8.962390E-04    0.000000E+00    0.000000E+00    0.000000E+00
7.095000E-01    1.208900E-01   -9.756327E-02   -1.313517E+01    0.000000E+00    0.000000E+00    0.000000E+00    4.518580E-02    4.711055E-02   -9.154733E-04    0.000000E+00    0.000000E+00    0.000000E+00
7.105000E-01    1.210969E-01   -9.735964E-02   -1.313541E+01    0.000000E+00    0.000000E+00    0.000000E+00    4.512368E-02    4.719210E-02   -9.342431E-04    0.000000E+00    0.000000E+00    0.000000E+00
7.115000E-01    1.213047E-01   -9.716049E-02   -1.313564E+01    0.000000E+00    0.000000E+00    0.000000E+00    4.506262E-02    4.727440E-02   -9.526460E-04    0.000000E+00    0.000000E+00    0.000000E+00
7.125000E-01    1.215122E-01   -9.696453E-02   -1.313587E+01    0.000000E+00    0.000000E+00    0.000000E+00    4.500279E-02    4.735718E-02   -9.707752E-04    0.000000E+00    0.000000E+00    0.000000E+00
7.135000E-01    1.217182E-01   -9.677164E-02   -1.313610E+01    0.000000E+00    0.000000E+00    0.000000E+00    4.494400E-02    4.743985E-02   -9.887258E-04    0.000000E+00    0.000000E+00    0.000000E+00
7.145000E-01    1.219227E-01   -9.658008E-02   -1.313634E+01    0.000000E+00    0.000000E+00    0.000000E+00    4.488514E-02    4.752198E-02   -1.006450E-03    0.000000E+00    0.000000E+00    0.000000E+00
7.155000E-01    1.221288E-01   -9.639280E-02   -1.313657E+01    0.000000E+00    0.000000E+00    0.000000E+00    4.482763E-02    4.760538E-02   -1.024042E-03    0.000000E+00    0.000000E+00    0.000000E+00
7.165000E-01    1.223347E-01   -9.621158E-02   -1.313680E+01    0.000000E+00    0.000000E+00    0.000000E+00    4.477254E-02    4.768960E-02   -1.041548E-03    0.000000E+00    0.000000E+00    0.000000E+00
7.175000E-01    1.225383E-01   -9.603493E-02   -1.313703E+01    0.000000E+00    0.000000E+00    0.000000E+00    4.471907E-02    4.777341E-02   -1.058988E-03    0.000000E+00    0.000000E+00    0.000000E+00
7.185000E-01    1.227387E-01   -9.586387E-02   -1.313727E+01    0.000000E+00    0.000000E+00    0.000000E+00    4.466728E-02    4.785634E-02   -1.076711E-03    0.000000E+00    0.000000E+00    0.000000E+00
7.195000E-01    1.229391E-01   -9.569474E-02   -1.313750E+01    0.000000E+00    0.000000E+00    0.000000E+00    4.461652E-02    4.793999E-02   -1.094282E-03    0.000000E+00    0.000000E+00    0.000000E+00
7.205000E-01    1.231416E-01   -9.552634E-02   -1.313773E+01    0.000000E+00    0.000000E+00    0.000000E+00    4.456619E-02    4.802502E-02   -1.111446E-03    0.000000E+00    0.000000E+00    0.000000E+00
7.215000E-01    1.233442E-01   -9.535996E-02   -1.313796E+01    0.000000E+00    0.000000E+00    0.000000E+00    4.451640E-02    4.811081E-02   -1.128345E-03    0.000000E+00    0.000000E+00    0.000000E+00
7.225000E-01    1.235445E-01   -9.519616E-02   -1.313820E+01    0.000000E+00    0.000000E+00    0.000000E+00    4.446777E-02    4.819677E-02   -1.145320E-03    0.000000E+00    0.000000E+00    0.000000E+00
7.235000E-01    1.237438E-01   -9.503521E-02   -1.313843E+01    0.000000E+00    0.000000E+00    0.000000E+00    4.442016E-02    4.828295E-02   -1.162492E-03    0.000000E+00    0.000000E+00    0.000000E+00
7.245000E-01    1.239417E-01   -9.487670E-02   -1.313866E+01    0.000000E+00    0.000000E+00    0.000000E+00    4.437366E-02    4.836949E-02   -1.179725E-03    0.000000E+00    0.000000E+00    0.000000E+00
7.255000E-01    1.241402E-01   -9.472146E-02   -1.313889E+01    0.000000E+00    0.000000E+00    0.000000E+00    4.432835E-02    4.845689E-02   -1.196988E-03    0.000000E+00    0.000000E+00    0.000000E+00
7.265000E-01    1.243101E-01   -9.459126E-02   -1.313913E+01    0.000000E+00    0.000000E+00    0.000000E+00    4.428458E-02    4.854552E-02   -1.216274E-03    0.000000E+00    0.000000E+00    0.000000E+00
7.275000E-01    1.245149E-01   -9.443854E-02   -1.313937E+01    0.000000E+00    0.000000E+00    0.000000E+00    4.424081E-02    4.863654E-02   -1.233362E-03    0.000000E+00    0.000000E+00    0.000000E+00
7.285000E-01    1.247187E-01   -9.428861E-02   -1.313960E+01    0.000000E+00    0.000000E+00    0.000000E+00    4.419826E-02    4.872903E-02   -1.250661E-03    0.000000E+00    0.000000E+00    0.000000E+00
7.295000E-01    1.249175E-01   -9.414442E-02   -1.313983E+01    0.000000E+00    0.000000E+00    0.000000E+00    4.415788E-02    4.882094E-02   -1.268736E-03    0.000000E+00    0.000000E+00    0.000000E+00
7.305000E-01    1.251151E-01   -9.400366E-02   -1.314007E+01    0.000000E+00    0.000000E+00    0.000000E+00    4.411907E-02    4.891280E-02   -1.287210E-03    0.000000E+00    0.000000E+00    0.000000E+00
7.315000E-01    1.253161E-01   -9.386434E-02   -1.314030E+01    0.000000E+00    0.000000E+00    0.000000E+00    4.408124E-02    4.900648E-02   -1.305696E-03    0.000000E+00    0.000000E+00    0.000000E+00
7.325000E-01    1.255191E-01   -9.372747E-02   -1.314053E+01    0.000000E+00    0.000000E+00    0.000000E+00    4.404466E-02    4.910208E-02   -1.324193E-03    0.000000E+00    0.000000E+00    0.000000E+00
7.335000E-01    1.257197E-01   -9.359429E-02   -1.314077E+01    0.000000E+00    0.000000E+00    0.000000E+00    4.400973E-02    4.919758E-02   -1.342855E-03    0.000000E+00    0.000000E+00    0.000000E+00
7.345000E-01    1.259226E-01   -9.348693E-02   -1.314100E+01    0.000000E+00    0.000000E+00    0.000000E+00    4.397689E-02    4.929252E-02   -1.360680E-03    0.000000E+00    0.000000E+00    0.000000E+00
7.355000E-01    1.261206E-01   -9.335933E-02   -1.314123E+01    0.000000E+00    0.000000E+00    0.000000E+00    4.394490E-02    4.938751E-02   -1.380129E-03    0.000000E+00    0.000000E+00    0.000000E+00
7.365000E-01    1.263180E-01   -9.323358E-02   -1.314147E+01    0.000000E+00    0.000000E+00    0.000000E+00    4.391399E-02    4.948267E-02   -1.399828E-03    0.000000E+00    0.000000E+00    0.000000E+00
7.375000E-01    1.265144E-01   -9.311174E-02   -1.314170E+01    0.000000E+00    0.000000E+00    0.000000E+00    4.388491E-02    4.957769E-02   -1.419737E-03    0.000000E+00    0.000000E+00    0.000000E+00
7.385000E-01    1.267099E-01   -9.299291E-02   -1.314193E+01    0.000000E+00    0.000000E+00    0.000000E+00    4.385743E-02    4.967257E-02   -1.439680E-03    0.000000E+00    0.000000E+00    0.000000E+00
7.395000E-01    1.269250E-01   -9.285037E-02   -1.314216E+01    0.000000E+00    0.000000E+00    0.000000E+00    4.383053E-02    4.976809E-02   -1.457854E-03    0.000000E+00    0.000000E+00    0.000000E+00
7.405000E-01    1.271200E-01   -9.273467E-02   -1.314239E+01    0.000000E+00    0.000000E+00    0.000000E+00    4.380482E-02    4.986319E-02   -1.477815E-03    0.000000E+00    0.000000E+00    0.000000E+00
7.415000E-01    1.273149E-01   -9.262145E-02   -1.314262E+01    0.000000E+00    0.000000E+00    0.000000E+00    4.378034E-02    4.995831E-02   -1.497811E-03    0.000000E+00    0.000000E+00    0.000000E+00
7.425000E-01    1.275092E-01   -9.251117E-02   -1.314285E+01    0.000000E+00    0.000000E+00    0.000000E+00    4.375738E-02    5.005324E-02   -1.517759E-03    0.000000E+00    0.000000E+00    0.000000E+00
7.435000E-01    1.277033E-01   -9.240516E-02   -1.314308E+01    0.000000E+00    0.000000E+00    0.000000E+00    4.373580E-02    5.014785E-02   -1.537727E-03    0.000000E+00    0.000000E+00    0.000000E+00
7.445000E-01    1.278961E-01   -9.229973E-02   -1.314330E+01    0.000000E+00    0.000000E+00    0.000000E+00    4.371513E-02    5.024225E-02   -1.557783E-03    0.000000E+00    0.000000E+00    0.000000E+00
7.455000E-01    1.280889E-01   -9.219618E-02   -1.314353E+01    0.000000E+00    0.000000E+00    0.000000E+00    4.369526E-02    5.033671E-02   -1.577806E-03    0.000000E+00    0.000000E+00    0.000000E+00
7.465000E-01    1.282784E-01   -9.209602E-02   -1.314376E+01    0.000000E+00    0.000000E+00    0.000000E+00    4.367624E-02    5.043133E-02   -1.597777E-03    0.000000E+00    0.000000E+00    0.000000E+00
7.475000E-01    1.284992E-01   -9.203107E-02   -1.314399E+01    0.000000E+00    0.000000E+00    0.000000E+00    4.365857E-02    5.052705E-02   -1.619858E-03    0.000000E+00    0.000000E+00    0.000000E+00
7.485000E-01    1.286932E-01   -9.193359E-02   -1.314422E+01    0.000000E+00    0.000000E+00    0.000000E+00    4.364157E-02    5.062218E-02   -1.639424E-03    0.000000E+00    0.000000E+00    0.000000E+00
7.495000E-01    1.288861E-01   -9.183769E-02   -1.314445E+01    0.000000E+00    0.000000E+00    0.000000E+00    4.362549E-02    5.071749E-02   -1.658889E-03    0.000000E+00    0.000000E+00    0.000000E+00
7.505000E-01    1.290810E-01   -9.174356E-02   -1.314468E+01    0.000000E+00    0.000000E+00    0.000000E+00    4.361010E-02    5.081323E-02   -1.678168E-03    0.000000E+00    0.000000E+00    0.000000E+00
7.515000E-01    1.292776E-01   -9.165087E-02   -1.314491E+01    0.000000E+00    0.000000E+00    0.000000E+00    4.359540E-02    5.090988E-02   -1.697317E-03    0.000000E+00    0.000000E+00    0.000000E+00
7.525000E-01    1.294369E-01   -9.155586E-02   -1.314514E+01    0.000000E+00    0.000000E+00    0.000000E+00    4.358163E-02    5.100692E-02   -1.718547E-03    0.000000E+00    0.000000E+00    0.000000E+00
7.535000E-01    1.296369E-01   -9.146615E-02   -1.314537E+01    0.000000E+00    0.000000E+00    0.000000E+00    4.356829E-02    5.110538E-02   -1.737266E-03    0.000000E+00    0.000000E+00    0.000000E+00
7.545000E-01    1.298391E-01   -9.137720E-02   -1.314560E+01    0.000000E+00    0.000000E+00    0.000000E+00    4.355555E-02    5.120470E-02   -1.755722E-03    0.000000E+00    0.000000E+00    0.000000E+00
7.555000E-01    1.300464E-01   -9.129072E-02   -1.314583E+01    0.000000E+00    0.000000E+00    0.000000E+00    4.354359E-02    5.130578E-02   -1.773999E-03    0.000000E+00    0.000000E+00    0.000000E+00
7.565000E-01    1.302589E-01   -9.120564E-02   -1.314606E+01    0.000000E+00    0.000000E+00    0.000000E+00    4.353234E-02    5.140889E-02   -1.792147E-03    0.000000E+00    0.000000E+00    0.000000E+00
7.575000E-01    1.304765E-01   -9.112200E-02   -1.314629E+01    0.000000E+00    0.000000E+00    0.000000E+00    4.352193E-02    5.151402E-02   -1.810176E-03    0.000000E+00    0.000000E+00    0.000000E+00
7.585000E-01    1.306981E-01   -9.103844E-02   -1.314652E+01    0.000000E+00    0.000000E+00    0.000000E+00    4.351236E-02    5.162113E-02   -1.828153E-03    0.000000E+00    0.000000E+00    0.000000E+00
7.595000E-01    1.309257E-01   -9.095717E-02   -1.314675E+01    0.000000E+00    0.000000E+00    0.000000E+00    4.350340E-02    5.173019E-02   -1.845783E-03    0.000000E+00    0.000000E+00    0.000000E+00
7.605000E-01    1.311913E-01   -9.090191E-02   -1.314698E+01    0.000000E+00    0.000000E+00    0.000000E+00    4.349592E-02    5.184145E-02   -1.860874E-03    0.000000E+00    0.000000E+00    0.000000E+00
7.615000E-01    1.313749E-01   -9.075272E-02   -1.314723E+01    0.000000E+00    0.000000E+00    0.000000E+00    4.348810E-02    5.195269E-02   -1.882596E-03    0.000000E+00    0.000000E+00    0.000000E+00
7.625000E-01    1.316176E-01   -9.067377E-02   -1.314746E+01    0.000000E+00    0.000000E+00    0.000000E+00    4.348137E-02    5.206692E-02   -1.899209E-03    0.000000E+00    0.000000E+00    0.000000E+00
7.635000E-01    1.318657E-01   -9.059491E-02   -1.314769E+01    0.000000E+00    0.000000E+00    0.000000E+00    4.347508E-02    5.218303E-02   -1.915521E-03    0.000000E+00    0.000000E+00    0.000000E+00
7.645000E-01    1.321201E-01   -9.051609E-02   -1.314792E+01    0.000000E+00    0.000000E+00    0.000000E+00    4.346944E-02    5.230111E-02   -1.931529E-03    0.000000E+00    0.000000E+00    0.000000E+00
7.655000E-01    1.323796E-01   -9.043710E-02   -1.314815E+01    0.000000E+00    0.000000E+00    0.000000E+00    4.346468E-02    5.242102E-02   -1.947422E-03    0.000000E+00    0.000000E+00    0.000000E+00
7.665000E-01    1.326717E-01   -9.036480E-02   -1.314838E+01    0.000000E+00    0.000000E+00    0.000000E+00    4.346069E-02    5.254331E-02   -1.964396E-03    0.000000E+00    0.000000E+00    0.000000E+00
7.675000E-01    1.329437E-01   -9.028811E-02   -1.314861E+01    0.000000E+00    0.000000E+00    0.000000E+00    4.345746E-02    5.266700E-02   -1.979742E-03    0.000000E+00    0.000000E+00    0.000000E+00
7.685000E-01    1.332209E-01   -9.021129E-02   -1.314884E+01    0.000000E+00    0.000000E+00    0.000000E+00    4.345503E-02    5.279253E-02   -1.994787E-03    0.000000E+00    0.000000E+00    0.000000E+00
7.695000E-01    1.335053E-01   -9.013626E-02   -1.314907E+01    0.000000E+00    0.000000E+00    0.000000E+00    4.345339E-02    5.291991E-02   -2.009672E-03    0.000000E+00    0.000000E+00    0.000000E+00
7.705000E-01    1.337947E-01   -9.006018E-02   -1.314930E+01    0.000000E+00    0.000000E+00    0.000000E+00    4.345219E-02    5.304913E-02   -2.024327E-03    0.000000E+00    0.000000E+00    0.000000E+00
7.715000E-01    1.340916E-01   -8.998433E-02   -1.314953E+01    0.000000E+00    0.000000E+00    0.000000E+00    4.345147E-02    5.318009E-02   -2.038712E-03    0.000000E+00    0.000000E+00    0.000000E+00
7.725000E-01    1.343940E-01   -8.990886E-02   -1.314976E+01    0.000000E+00    0.000000E+00    0.000000E+00    4.345141E-02    5.331257E-02   -2.052919E-03    0.000000E+00    0.000000E+00    0.000000E+00
7.735000E-01    1.347018E-01   -8.983369E-02   -1.314999E+01    0.000000E+00    0.000000E+00    0.000000E+00    4.345201E-02    5.344648E-02   -2.066974E-03    0.000000E+00    0.000000E+00    0.000000E+00
7.745000E-01    1.350150E-01   -8.975854E-02   -1.315022E+01    0.000000E+00    0.000000E+00    0.000000E+00    4.345318E-02    5.358169E-02   -2.080882E-03    0.000000E+00    0.000000E+00    0.000000E+00
7.755000E-01    1.353321E-01   -8.968516E-02   -1.315045E+01    0.000000E+00    0.000000E+00    0.000000E+00    4.345495E-02    5.371806E-02   -2.094599E-03    0.000000E+00    0.000000E+00    0.000000E+00
7.765000E-01    1.356550E-01   -8.961060E-02   -1.315068E+01    0.000000E+00    0.000000E+00    0.000000E+00    4.345730E-02    5.385550E-02   -2.108257E-03    0.000000E+00    0.000000E+00    0.000000E+00
7.775000E-01    1.359820E-01   -8.953665E-02   -1.315090E+01    0.000000E+00    0.000000E+00    0.000000E+00    4.346030E-02    5.399374E-02   -2.121824E-03    0.000000E+00    0.000000E+00    0.000000E+00
7.785000E-01    1.363129E-01   -8.946350E-02   -1.315113E+01    0.000000E+00    0.000000E+00    0.000000E+00    4.346406E-02    5.413264E-02   -2.135307E-03    0.000000E+00    0.000000E+00    0.000000E+00
7.795000E-01    1.366476E-01   -8.939085E-02   -1.315135E+01    0.000000E+00    0.000000E+00    0.000000E+00    4.346849E-02    5.427224E-02   -2.148692E-03    0.000000E+00    0.000000E+00    0.000000E+00
7.805000E-01    1.369861E-01   -8.931857E-02   -1.315158E+01    0.000000E+00    0.000000E+00    0.000000E+00    4.347354E-02    5.441246E-02   -2.162005E-03    0.000000E+00    0.000000E+00    0.000000E+00
7.815000E-01    1.373279E-01   -8.924680E-02   -1.315180E+01    0.000000E+00    0.000000E+00    0.000000E+00    4.347927E-02    5.455312E-02   -2.175298E-03    0.000000E+00    0.000000E+00    0.000000E+00
7.825000E-01    1.376726E-01   -8.917607E-02   -1.315203E+01    0.000000E+00    0.000000E+00    0.000000E+00    4.348581E-02    5.469391E-02   -2.188639E-03    0.000000E+00    0.000000E+00    0.000000E+00
7.835000E-01    1.380200E-01   -8.910608E-02   -1.315225E+01    0.000000E+00    0.000000E+00    0.000000E+00    4.349321E-02    5.483477E-02   -2.202081E-03    0.000000E+00    0.000000E+00    0.000000E+00
7.845000E-01    1.383703E-01   -8.903758E-02   -1.315247E+01    0.000000E+00    0.000000E+00    0.000000E+00    4.350151E-02    5.497584E-02   -2.215641E-03    0.000000E+00    0.000000E+00    0.000000E+00
7.855000E-01    1.387237E-01   -8.897011E-02   -1.315270E+01    0.000000E+00    0.000000E+00    0.000000E+00    4.351068E-02    5.511702E-02   -2.229220E-03    0.000000E+00    0.000000E+00    0.000000E+00
7.865000E-01    1.390782E-01   -8.890602E-02   -1.315292E+01    0.000000E+00    0.000000E+00    0.000000E+00    4.352075E-02    5.525817E-02   -2.242680E-03    0.000000E+00    0.000000E+00    0.000000E+00
7.875000E-01    1.394368E-01   -8.884117E-02   -1.315314E+01    0.000000E+00    0.000000E+00    0.000000E+00    4.353169E-02    5.539932E-02   -2.256171E-03    0.000000E+00    0.000000E+00    0.000000E+00
7.885000E-01    1.398075E-01   -8.877358E-02   -1.315336E+01    0.000000E+00    0.000000E+00    0.000000E+00    4.354357E-02    5.554056E-02   -2.269912E-03    0.000000E+00    0.000000E+00    0.000000E+00
7.895000E-01    1.401710E-01   -8.871314E-02   -1.315358E+01    0.000000E+00    0.000000E+00    0.000000E+00    4.355662E-02    5.568153E-02   -2.283441E-03    0.000000E+00    0.000000E+00    0.000000E+00
7.905000E-01    1.404884E-01   -8.871861E-02   -1.315381E+01    0.000000E+00    0.000000E+00    0.000000E+00    4.357131E-02    5.582115E-02   -2.292730E-03    0.000000E+00    0.000000E+00    0.000000E+00
7.915000E-01    1.408586E-01   -8.866004E-02   -1.315403E+01    0.000000E+00    0.000000E+00    0.000000E+00    4.358664E-02    5.596161E-02   -2.306569E-03    0.000000E+00    0.000000E+00    0.000000E+00
7.925000E-01    1.412290E-01   -8.860808E-02   -1.315425E+01    0.000000E+00    0.000000E+00    0.000000E+00    4.360335E-02    5.610168E-02   -2.320432E-03    0.000000E+00    0.000000E+00    0.000000E+00
7.935000E-01    1.414952E-01   -8.814454E-02   -1.315448E+01    0.000000E+00    0.000000E+00    0.000000E+00    4.341775E-02    5.619128E-02   -2.237553E-03    0.000000E+00    0.000000E+00    0.000000E+00
7.945000E-01    1.418707E-01   -8.809760E-02   -1.315470E+01    0.000000E+00    0.000000E+00    0.000000E+00    4.343708E-02    5.633047E-02   -2.251697E-03    0.000000E+00    0.000000E+00    0.000000E+00
7.955000E-01    1.422488E-01   -8.805372E-02   -1.315492E+01    0.000000E+00    0.000000E+00    0.000000E+00    4.345774E-02    5.646927E-02   -2.266109E-03    0.000000E+00    0.000000E+00    0.000000E+00
7.965000E-01    1.426295E-01   -8.801398E-02   -1.315513E+01    0.000000E+00    0.000000E+00    0.000000E+00    4.347997E-02    5.660762E-02   -2.280859E-03    0.000000E+00    0.000000E+00    0.000000E+00
7.975000E-01    1.430124E-01   -8.797893E-02   -1.315535E+01    0.000000E+00    0.000000E+00    0.000000E+00    4.350397E-02    5.674532E-02   -2.296016E-03    0.000000E+00    0.000000E+00    0.000000E+00
7.985000E-01    1.433970E-01   -8.794878E-02   -1.315557E+01    0.000000E+00    0.000000E+00    0.000000E+00    4.352981E-02    5.688218E-02   -2.311605E-03    0.000000E+00    0.000000E+00    0.000000E+00
7.995000E-01    1.437849E-01   -8.792158E-02   -1.315579E+01    0.000000E+00    0.000000E+00    0.000000E+00    4.355677E-02    5.701875E-02   -2.327217E-03    0.000000E+00    0.000000E+00    0.000000E+00
8.005000E-01    1.441718E-01   -8.789431E-02   -1.315601E+01    0.000000E+00    0.000000E+00    0.000000E+00    4.358465E-02    5.715516E-02   -2.342684E-03    0.000000E+00    0.000000E+00    0.000000E+00
8.015000E-01    1.445611E-01   -8.789469E-02   -1.315623E+01    0.000000E+00    0.000000E+00    0.000000E+00    4.361436E-02    5.729103E-02   -2.359041E-03    0.000000E+00    0.000000E+00    0.000000E+00
8.025000E-01    1.449583E-01   -8.788043E-02   -1.315645E+01    0.000000E+00    0.000000E+00    0.000000E+00    4.364558E-02    5.742617E-02   -2.375355E-03    0.000000E+00    0.000000E+00    0.000000E+00
8.035000E-01    1.453460E-01   -8.789370E-02   -1.315667E+01    0.000000E+00    0.000000E+00    0.000000E+00    4.367880E-02    5.756028E-02   -2.391571E-03    0.000000E+00    0.000000E+00    0.000000E+00
8.045000E-01    1.457476E-01   -8.788804E-02   -1.315689E+01    0.000000E+00    0.000000E+00    0.000000E+00    4.371311E-02    5.769376E-02   -2.408561E-03    0.000000E+00    0.000000E+00    0.000000E+00
8.055000E-01    1.461509E-01   -8.788649E-02   -1.315711E+01    0.000000E+00    0.000000E+00    0.000000E+00    4.374876E-02    5.782614E-02   -2.425765E-03    0.000000E+00    0.000000E+00    0.000000E+00
8.065000E-01    1.465562E-01   -8.788961E-02   -1.315733E+01    0.000000E+00    0.000000E+00    0.000000E+00    4.378593E-02    5.795748E-02   -2.443109E-03    0.000000E+00    0.000000E+00    0.000000E+00
8.075000E-01    1.469638E-01   -8.789797E-02   -1.315755E+01    0.000000E+00    0.000000E+00    0.000000E+00    4.382482E-02    5.808816E-02   -2.460489E-03    0.000000E+00    0.000000E+00    0.000000E+00
8.085000E-01    1.473743E-01   -8.791094E-02   -1.315777E+01    0.000000E+00    0.000000E+00    0.000000E+00    4.386521E-02    5.821837E-02   -2.477421E-03    0.000000E+00    0.000000E+00    0.000000E+00
8.095000E-01    1.477903E-01   -8.792646E-02   -1.315799E+01    0.000000E+00    0.000000E+00    0.000000E+00    4.390635E-02    5.834908E-02   -2.494052E-03    0.000000E+00    0.000000E+00    0.000000E+00
8.105000E-01    1.482132E-01   -8.794157E-02   -1.315821E+01    0.000000E+00    0.000000E+00    0.000000E+00    4.394804E-02    5.848065E-02   -2.511061E-03    0.000000E+00    0.000000E+00    0.000000E+00
8.115000E-01    1.486279E-01   -8.794103E-02   -1.315843E+01    0.000000E+00    0.000000E+00    0.000000E+00    4.399029E-02    5.861231E-02   -2.528805E-03    0.000000E+00    0.000000E+00    0.000000E+00
8.125000E-01    1.490577E-01   -8.796549E-02   -1.315865E+01    0.000000E+00    0.000000E+00    0.000000E+00    4.403374E-02    5.874382E-02   -2.546011E-03    0.000000E+00    0.000000E+00    0.000000E+00
8.135000E-01    1.494889E-01   -8.799218E-02   -1.315887E+01    0.000000E+00    0.000000E+00    0.000000E+00    4.407788E-02    5.887460E-02   -2.563022E-03    0.000000E+00    0.000000E+00    0.000000E+00
8.145000E-01    1.499245E-01   -8.802129E-02   -1.315909E+01    0.000000E+00    0.000000E+00    0.000000E+00    4.412257E-02    5.900485E-02   -2.579867E-03    0.000000E+00    0.000000E+00    0.000000E+00
8.155000E-01    1.503616E-01   -8.805212E-02   -1.315931E+01    0.000000E+00    0.000000E+00    0.000000E+00    4.416783E-02    5.913512E-02   -2.596525E-03    0.000000E+00    0.000000E+00    0.000000E+00
8.165000E-01    1.508024E-01   -8.808399E-02   -1.315953E+01    0.000000E+00    0.000000E+00    0.000000E+00    4.421348E-02    5.926587E-02   -2.613048E-03    0.000000E+00    0.000000E+00    0.000000E+00
8.175000E-01    1.512470E-01   -8.811842E-02   -1.315975E+01    0.000000E+00    0.000000E+00    0.000000E+00    4.425973E-02    5.939653E-02   -2.629498E-03    0.000000E+00    0.000000E+00    0.000000E+00
8.185000E-01    1.516943E-01   -8.815428E-02   -1.315997E+01    0.000000E+00    0.000000E+00    0.000000E+00    4.430642E-02    5.952696E-02   -2.645807E-03    0.000000E+00    0.000000E+00    0.000000E+00
8.195000E-01    1.521431E-01   -8.818945E-02   -1.316018E+01    0.000000E+00    0.000000E+00    0.000000E+00    4.435317E-02    5.965738E-02   -2.661910E-03    0.000000E+00    0.000000E+00    0.000000E+00
8.205000E-01    1.525957E-01   -8.822635E-02   -1.316040E+01    0.000000E+00    0.000000E+00    0.000000E+00    4.440014E-02    5.978775E-02   -2.677929E-03    0.000000E+00    0.000000E+00    0.000000E+00
8.215000E-01    1.530512E-01   -8.826365E-02   -1.316062E+01    0.000000E+00    0.000000E+00    0.000000E+00    4.444728E-02    5.991826E-02   -2.693799E-03    0.000000E+00    0.000000E+00    0.000000E+00
8.225000E-01    1.535084E-01   -8.830125E-02   -1.316083E+01    0.000000E+00    0.000000E+00    0.000000E+00    4.449456E-02    6.004852E-02   -2.709466E-03    0.000000E+00    0.000000E+00    0.000000E+00
8.235000E-01    1.539664E-01   -8.833926E-02   -1.316105E+01    0.000000E+00    0.000000E+00    0.000000E+00    4.454204E-02    6.017830E-02   -2.724919E-03    0.000000E+00    0.000000E+00    0.000000E+00
8.245000E-01    1.544262E-01   -8.837739E-02   -1.316126E+01    0.000000E+00    0.000000E+00    0.000000E+00    4.458961E-02    6.030792E-02   -2.740191E-03    0.000000E+00    0.000000E+00    0.000000E+00
8.255000E-01    1.548870E-01   -8.841575E-02   -1.316148E+01    0.000000E+00    0.000000E+00    0.000000E+00    4.463730E-02    6.043722E-02   -2.755250E-03    0.000000E+00    0.000000E+00    0.000000E+00
8.265000E-01    1.553492E-01   -8.845352E-02   -1.316169E+01    0.000000E+00    0.000000E+00    0.000000E+00    4.468471E-02    6.056627E-02   -2.770047E-03    0.000000E+00    0.000000E+00    0.000000E+00
8.275000E-01    1.558113E-01   -8.849194E-02   -1.316190E+01    0.000000E+00    0.000000E+00    0.000000E+00    4.473245E-02    6.069470E-02   -2.784722E-03    0.000000E+00    0.000000E+00    0.000000E+00
8.285000E-01    1.563354E-01   -8.848332E-02   -1.316213E+01    0.000000E+00    0.000000E+00    0.000000E+00    4.477956E-02    6.082277E-02   -2.803570E-03    0.000000E+00    0.000000E+00    0.000000E+00
8.295000E-01    1.568341E-01   -8.847045E-02   -1.316235E+01    0.000000E+00    0.000000E+00    0.000000E+00    4.482806E-02    6.095014E-02   -2.816692E-03    0.000000E+00    0.000000E+00    0.000000E+00
8.305000E-01    1.572937E-01   -8.851012E-02   -1.316256E+01    0.000000E+00    0.000000E+00    0.000000E+00    4.487649E-02    6.107621E-02   -2.830840E-03    0.000000E+00    0.000000E+00    0.000000E+00
8.315000E-01    1.576760E-01   -8.855970E-02   -1.316278E+01    0.000000E+00    0.000000E+00    0.000000E+00    4.492444E-02    6.120065E-02   -2.840580E-03    0.000000E+00    0.000000E+00    0.000000E+00
8.325000E-01    1.581341E-01   -8.859743E-02   -1.316299E+01    0.000000E+00    0.000000E+00    0.000000E+00    4.497307E-02    6.132504E-02   -2.854492E-03    0.000000E+00    0.000000E+00    0.000000E+00
8.335000E-01    1.585898E-01   -8.863778E-02   -1.316320E+01    0.000000E+00    0.000000E+00    0.000000E+00    4.502204E-02    6.144837E-02   -2.868212E-03    0.000000E+00    0.000000E+00    0.000000E+00
8.345000E-01    1.590433E-01   -8.867857E-02   -1.316341E+01    0.000000E+00    0.000000E+00    0.000000E+00    4.507133E-02    6.157064E-02   -2.881883E-03    0.000000E+00    0.000000E+00    0.000000E+00
8.355000E-01    1.594950E-01   -8.871990E-02   -1.316361E+01    0.000000E+00    0.000000E+00    0.000000E+00    4.512095E-02    6.169193E-02   -2.895594E-03    0.000000E+00    0.000000E+00    0.000000E+00
8.365000E-01    1.599439E-01   -8.876193E-02   -1.316381E+01    0.000000E+00    0.000000E+00    0.000000E+00    4.517093E-02    6.181205E-02   -2.909330E-03    0.000000E+00    0.000000E+00    0.000000E+00
8.375000E-01    1.603979E-01   -8.880168E-02   -1.316402E+01    0.000000E+00    0.000000E+00    0.000000E+00    4.522153E-02    6.193094E-02   -2.922856E-03    0.000000E+00    0.000000E+00    0.000000E+00
8.385000E-01    1.608410E-01   -8.884505E-02   -1.316422E+01    0.000000E+00    0.000000E+00    0.000000E+00    4.527236E-02    6.204861E-02   -2.936653E-03    0.000000E+00    0.000000E+00    0.000000E+00
8.395000E-01    1.612778E-01   -8.888850E-02   -1.316442E+01    0.000000E+00    0.000000E+00    0.000000E+00    4.532317E-02    6.216502E-02   -2.950326E-03    0.000000E+00    0.000000E+00    0.000000E+00
8.405000E-01    1.617172E-01   -8.893011E-02   -1.316462E+01    0.000000E+00    0.000000E+00    0.000000E+00    4.537398E-02    6.228047E-02   -2.964227E-03    0.000000E+00    0.000000E+00    0.000000E+00
8.415000E-01    1.621518E-01   -8.897352E-02   -1.316482E+01    0.000000E+00    0.000000E+00    0.000000E+00    4.542525E-02    6.239463E-02   -2.978036E-03    0.000000E+00    0.000000E+00    0.000000E+00
8.425000E-01    1.625847E-01   -8.901696E-02   -1.316502E+01    0.000000E+00    0.000000E+00    0.000000E+00    4.547672E-02    6.250802E-02   -2.991796E-03    0.000000E+00    0.000000E+00    0.000000E+00
8.435000E-01    1.630139E-01   -8.905731E-02   -1.316522E+01    0.000000E+00    0.000000E+00    0.000000E+00    4.552819E-02    6.262058E-02   -3.005598E-03    0.000000E+00    0.000000E+00    0.000000E+00
8.445000E-01    1.634409E-01   -8.910062E-02   -1.316542E+01    0.000000E+00    0.000000E+00    0.000000E+00    4.557966E-02    6.273244E-02   -3.019227E-03    0.000000E+00    0.000000E+00    0.000000E+00
8.455000E-01    1.638680E-01   -8.914271E-02   -1.316561E+01    0.000000E+00    0.000000E+00    0.000000E+00    4.563117E-02    6.284349E-02   -3.032793E-03    0.000000E+00    0.000000E+00    0.000000E+00
8.465000E-01    1.642817E-01   -8.910442E-02   -1.316582E+01    0.000000E+00    0.000000E+00    0.000000E+00    4.568188E-02    6.295405E-02   -3.041885E-03    0.000000E+00    0.000000E+00    0.000000E+00
8.475000E-01    1.646548E-01   -8.910947E-02   -1.316602E+01    0.000000E+00    0.000000E+00    0.000000E+00    4.573317E-02    6.306310E-02   -3.052070E-03    0.000000E+00    0.000000E+00    0.000000E+00
8.485000E-01    1.650745E-01   -8.915212E-02   -1.316621E+01    0.000000E+00    0.000000E+00    0.000000E+00    4.578560E-02    6.317167E-02   -3.065690E-03    0.000000E+00    0.000000E+00    0.000000E+00
8.495000E-01    1.654921E-01   -8.919502E-02   -1.316640E+01    0.000000E+00    0.000000E+00    0.000000E+00    4.583801E-02    6.327968E-02   -3.079229E-03    0.000000E+00    0.000000E+00    0.000000E+00
8.505000E-01    1.659092E-01   -8.923772E-02   -1.316659E+01    0.000000E+00    0.000000E+00    0.000000E+00    4.589067E-02    6.338683E-02   -3.092849E-03    0.000000E+00    0.000000E+00    0.000000E+00
8.515000E-01    1.663247E-01   -8.928039E-02   -1.316678E+01    0.000000E+00    0.000000E+00    0.000000E+00    4.594356E-02    6.349341E-02   -3.106453E-03    0.000000E+00    0.000000E+00    0.000000E+00
8.525000E-01    1.667381E-01   -8.932313E-02   -1.316697E+01    0.000000E+00    0.000000E+00    0.000000E+00    4.599671E-02    6.359923E-02   -3.120106E-03    0.000000E+00    0.000000E+00    0.000000E+00
8.535000E-01    1.671588E-01   -8.931343E-02   -1.316716E+01    0.000000E+00    0.000000E+00    0.000000E+00    4.604913E-02    6.370412E-02   -3.136559E-03    0.000000E+00    0.000000E+00    0.000000E+00
8.545000E-01    1.675675E-01   -8.935410E-02   -1.316735E+01    0.000000E+00    0.000000E+00    0.000000E+00    4.610249E-02    6.380831E-02   -3.150152E-03    0.000000E+00    0.000000E+00    0.000000E+00
8.555000E-01    1.679738E-01   -8.939749E-02   -1.316754E+01    0.000000E+00    0.000000E+00    0.000000E+00    4.615614E-02    6.391143E-02   -3.163834E-03    0.000000E+00    0.000000E+00    0.000000E+00
8.565000E-01    1.683500E-01   -8.947589E-02   -1.316773E+01    0.000000E+00    0.000000E+00    0.000000E+00    4.620989E-02    6.401317E-02   -3.175288E-03    0.000000E+00    0.000000E+00    0.000000E+00
8.575000E-01    1.687497E-01   -8.951952E-02   -1.316791E+01    0.000000E+00    0.000000E+00    0.000000E+00    4.626334E-02    6.411434E-02   -3.188862E-03    0.000000E+00    0.000000E+00    0.000000E+00
8.585000E-01    1.691478E-01   -8.956536E-02   -1.316809E+01    0.000000E+00    0.000000E+00    0.000000E+00    4.631765E-02    6.421444E-02   -3.202590E-03    0.000000E+00    0.000000E+00    0.000000E+00
8.595000E-01    1.695416E-01   -8.961544E-02   -1.316827E+01    0.000000E+00    0.000000E+00    0.000000E+00    4.637361E-02    6.431294E-02   -3.216341E-03    0.000000E+00    0.000000E+00    0.000000E+00
8.605000E-01    1.699321E-01   -8.966959E-02   -1.316845E+01    0.000000E+00    0.000000E+00    0.000000E+00    4.643071E-02    6.441044E-02   -3.229900E-03    0.000000E+00    0.000000E+00    0.000000E+00
8.615000E-01    1.701839E-01   -8.970645E-02   -1.316864E+01    0.000000E+00    0.000000E+00    0.000000E+00    4.648835E-02    6.450607E-02   -3.244666E-03    0.000000E+00    0.000000E+00    0.000000E+00
8.625000E-01    1.705740E-01   -8.977095E-02   -1.316883E+01    0.000000E+00    0.000000E+00    0.000000E+00    4.654580E-02    6.460189E-02   -3.261995E-03    0.000000E+00    0.000000E+00    0.000000E+00
8.635000E-01    1.709562E-01   -8.982539E-02   -1.316900E+01    0.000000E+00    0.000000E+00    0.000000E+00    4.660333E-02    6.469587E-02   -3.275825E-03    0.000000E+00    0.000000E+00    0.000000E+00
8.645000E-01    1.713362E-01   -8.988069E-02   -1.316918E+01    0.000000E+00    0.000000E+00    0.000000E+00    4.666106E-02    6.478900E-02   -3.289934E-03    0.000000E+00    0.000000E+00    0.000000E+00
8.655000E-01    1.717140E-01   -8.993765E-02   -1.316935E+01    0.000000E+00    0.000000E+00    0.000000E+00    4.671923E-02    6.488138E-02   -3.304308E-03    0.000000E+00    0.000000E+00    0.000000E+00
8.665000E-01    1.720901E-01   -8.999639E-02   -1.316952E+01    0.000000E+00    0.000000E+00    0.000000E+00    4.677781E-02    6.497314E-02   -3.318949E-03    0.000000E+00    0.000000E+00    0.000000E+00
8.675000E-01    1.724948E-01   -9.001886E-02   -1.316970E+01    0.000000E+00    0.000000E+00    0.000000E+00    4.683674E-02    6.506456E-02   -3.331222E-03    0.000000E+00    0.000000E+00    0.000000E+00
8.685000E-01    1.728655E-01   -9.008256E-02   -1.316987E+01    0.000000E+00    0.000000E+00    0.000000E+00    4.689647E-02    6.515440E-02   -3.346300E-03    0.000000E+00    0.000000E+00    0.000000E+00
8.695000E-01    1.732337E-01   -9.014827E-02   -1.317003E+01    0.000000E+00    0.000000E+00    0.000000E+00    4.695668E-02    6.524324E-02   -3.361471E-03    0.000000E+00    0.000000E+00    0.000000E+00
8.705000E-01    1.735632E-01   -9.022533E-02   -1.317020E+01    0.000000E+00    0.000000E+00    0.000000E+00    4.701724E-02    6.533078E-02   -3.375904E-03    0.000000E+00    0.000000E+00    0.000000E+00
8.715000E-01    1.739271E-01   -9.029464E-02   -1.317037E+01    0.000000E+00    0.000000E+00    0.000000E+00    4.707820E-02    6.541773E-02   -3.391218E-03    0.000000E+00    0.000000E+00    0.000000E+00
8.725000E-01    1.742891E-01   -9.036596E-02   -1.317053E+01    0.000000E+00    0.000000E+00    0.000000E+00    4.713958E-02    6.550392E-02   -3.406613E-03    0.000000E+00    0.000000E+00    0.000000E+00
8.735000E-01    1.746493E-01   -9.043909E-02   -1.317070E+01    0.000000E+00    0.000000E+00    0.000000E+00    4.720130E-02    6.558934E-02   -3.422066E-03    0.000000E+00    0.000000E+00    0.000000E+00
8.745000E-01    1.750128E-01   -9.054628E-02   -1.317086E+01    0.000000E+00    0.000000E+00    0.000000E+00    4.726353E-02    6.567405E-02   -3.435747E-03    0.000000E+00    0.000000E+00    0.000000E+00
8.755000E-01    1.753694E-01   -9.062160E-02   -1.317102E+01    0.000000E+00    0.000000E+00    0.000000E+00    4.732551E-02    6.575800E-02   -3.451252E-03    0.000000E+00    0.000000E+00    0.000000E+00
8.765000E-01    1.757219E-01   -9.070015E-02   -1.317118E+01    0.000000E+00    0.000000E+00    0.000000E+00    4.738772E-02    6.584126E-02   -3.466850E-03    0.000000E+00    0.000000E+00    0.000000E+00
8.775000E-01    1.760752E-01   -9.077735E-02   -1.317134E+01    0.000000E+00    0.000000E+00    0.000000E+00    4.745002E-02    6.592390E-02   -3.482356E-03    0.000000E+00    0.000000E+00    0.000000E+00
8.785000E-01    1.764264E-01   -9.085595E-02   -1.317150E+01    0.000000E+00    0.000000E+00    0.000000E+00    4.751212E-02    6.600587E-02   -3.497745E-03    0.000000E+00    0.000000E+00    0.000000E+00
8.795000E-01    1.767745E-01   -9.093611E-02   -1.317165E+01    0.000000E+00    0.000000E+00    0.000000E+00    4.757439E-02    6.608680E-02   -3.513062E-03    0.000000E+00    0.000000E+00    0.000000E+00
8.805000E-01    1.771189E-01   -9.101982E-02   -1.317181E+01    0.000000E+00    0.000000E+00    0.000000E+00    4.763782E-02    6.616617E-02   -3.528649E-03    0.000000E+00    0.000000E+00    0.000000E+00
8.815000E-01    1.775498E-01   -9.117159E-02   -1.317196E+01    0.000000E+00    0.000000E+00    0.000000E+00    4.770297E-02    6.624357E-02   -3.547579E-03    0.000000E+00    0.000000E+00    0.000000E+00
8.825000E-01    1.778865E-01   -9.125456E-02   -1.317211E+01    0.000000E+00    0.000000E+00    0.000000E+00    4.776585E-02    6.631971E-02   -3.563337E-03    0.000000E+00    0.000000E+00    0.000000E+00
8.835000E-01    1.782670E-01   -9.134020E-02   -1.317227E+01    0.000000E+00    0.000000E+00    0.000000E+00    4.782671E-02    6.639545E-02   -3.581185E-03    0.000000E+00    0.000000E+00    0.000000E+00
8.845000E-01    1.785995E-01   -9.141923E-02   -1.317242E+01    0.000000E+00    0.000000E+00    0.000000E+00    4.788721E-02    6.646981E-02   -3.596333E-03    0.000000E+00    0.000000E+00    0.000000E+00
8.855000E-01    1.789309E-01   -9.150033E-02   -1.317257E+01    0.000000E+00    0.000000E+00    0.000000E+00    4.794802E-02    6.654383E-02   -3.611508E-03    0.000000E+00    0.000000E+00    0.000000E+00
8.865000E-01    1.792615E-01   -9.158119E-02   -1.317271E+01    0.000000E+00    0.000000E+00    0.000000E+00    4.800897E-02    6.661720E-02   -3.626539E-03    0.000000E+00    0.000000E+00    0.000000E+00
8.875000E-01    1.795876E-01   -9.166459E-02   -1.317286E+01    0.000000E+00    0.000000E+00    0.000000E+00    4.806993E-02    6.668935E-02   -3.641521E-03    0.000000E+00    0.000000E+00    0.000000E+00
8.885000E-01    1.799082E-01   -9.174918E-02   -1.317301E+01    0.000000E+00    0.000000E+00    0.000000E+00    4.813090E-02    6.676018E-02   -3.656415E-03    0.000000E+00    0.000000E+00    0.000000E+00
8.895000E-01    1.802281E-01   -9.183312E-02   -1.317315E+01    0.000000E+00    0.000000E+00    0.000000E+00    4.819142E-02    6.683002E-02   -3.671170E-03    0.000000E+00    0.000000E+00    0.000000E+00
8.905000E-01    1.805455E-01   -9.191690E-02   -1.317329E+01    0.000000E+00    0.000000E+00    0.000000E+00    4.825159E-02    6.689897E-02   -3.685876E-03    0.000000E+00    0.000000E+00    0.000000E+00
8.915000E-01    1.808606E-01   -9.200026E-02   -1.317343E+01    0.000000E+00    0.000000E+00    0.000000E+00    4.831156E-02    6.696695E-02   -3.700516E-03    0.000000E+00    0.000000E+00    0.000000E+00
8.925000E-01    1.811725E-01   -9.208410E-02   -1.317357E+01    0.000000E+00    0.000000E+00    0.000000E+00    4.837124E-02    6.703389E-02   -3.715270E-03    0.000000E+00    0.000000E+00    0.000000E+00
8.935000E-01    1.814819E-01   -9.217122E-02   -1.317371E+01    0.000000E+00    0.000000E+00    0.000000E+00    4.843042E-02    6.710011E-02   -3.730151E-03    0.000000E+00    0.000000E+00    0.000000E+00
8.945000E-01    1.817559E-01   -9.222397E-02   -1.317385E+01    0.000000E+00    0.000000E+00    0.000000E+00    4.848856E-02    6.716543E-02   -3.742784E-03    0.000000E+00    0.000000E+00    0.000000E+00
8.955000E-01    1.820609E-01   -9.230684E-02   -1.317399E+01    0.000000E+00    0.000000E+00    0.000000E+00    4.854670E-02    6.723023E-02   -3.757460E-03    0.000000E+00    0.000000E+00    0.000000E+00
8.965000E-01    1.823634E-01   -9.239061E-02   -1.317411E+01    0.000000E+00    0.000000E+00    0.000000E+00    4.860485E-02    6.729426E-02   -3.772280E-03    0.000000E+00    0.000000E+00    0.000000E+00
8.975000E-01    1.826292E-01   -9.248736E-02   -1.317424E+01    0.000000E+00    0.000000E+00    0.000000E+00    4.866322E-02    6.735719E-02   -3.788056E-03    0.000000E+00    0.000000E+00    0.000000E+00
8.985000E-01    1.829321E-01   -9.257845E-02   -1.317437E+01    0.000000E+00    0.000000E+00    0.000000E+00    4.872139E-02    6.741991E-02   -3.803301E-03    0.000000E+00    0.000000E+00    0.000000E+00
8.995000E-01    1.832746E-01   -9.265695E-02   -1.317450E+01    0.000000E+00    0.000000E+00    0.000000E+00    4.877931E-02    6.748253E-02   -3.816286E-03    0.000000E+00    0.000000E+00    0.000000E+00
9.005000E-01   -4.961006E-01    2.348869E+00    2.604077E+01    0.000000E+00    0.000000E+00    0.000000E+00   -8.052369E-01   -4.904790E-01    7.419410E-01    0.000000E+00    0.000000E+00    0.000000E+00
9.015000E-01    2.950002E-01    2.843111E+00    6.615509E+01    0.000000E+00    0.000000E+00    0.000000E+00   -1.040859E+00    3.135335E-03    1.896861E+00    0.000000E+00    0.000000E+00    0.000000E+00
9.025000E-01    7.701339E+00   -9.775596E-01    4.760315E+01    0.000000E+00    0.000000E+00    0.000000E+00    1.025732E-01    2.610069E+00    3.522483E+00    0.000000E+00    0.000000E+00    0.000000E+00
9.035000E-01    1.171176E+00   -1.913635E+00    4.572924E+01    0.000000E+00    0.000000E+00    0.000000E+00    1.136545E+00    6.453701E-01    2.871112E+00    0.000000E+00    0.000000E+00    0.000000E+00
9.045000E-01   -2.228289E+00   -2.599397E+00   -4.423323E+00    0.000000E+00    0.000000E+00    0.000000E+00    9.366640E-02   -1.377575E+00    3.811782E+00    0.000000E+00    0.000000E+00    0.000000E+00
9.055000E-01   -1.341992E+01   -9.943738E+00    5.017940E+01    0.000000E+00    0.000000E+00    0.000000E+00    3.697952E+00   -3.387355E+00    4.447875E+00    0.000000E+00    0.000000E+00    0.000000E+00
9.065000E-01   -4.372667E+00   -1.490741E+00    2.221155E+01    0.000000E+00    0.000000E+00    0.000000E+00    2.440058E-01   -1.603449E+00    4.376180E+00    0.000000E+00    0.000000E+00    0.000000E+00
9.075000E-01   -7.001535E+00    1.205855E-01    1.359934E+01    0.000000E+00    0.000000E+00    0.000000E+00    2.758255E-02   -2.280771E+00    2.232357E+00    0.000000E+00    0.000000E+00    0.000000E+00
9.085000E-01   -6.381318E-02   -4.893524E+00   -8.608610E+00    0.000000E+00    0.000000E+00    0.000000E+00    1.419019E+00   -1.857300E-03    1.469334E+00    0.000000E+00    0.000000E+00    0.000000E+00
9.095000E-01    1.250994E+00    4.476162E-01   -4.686904E+00    0.000000E+00    0.000000E+00    0.000000E+00   -4.175231E-02    4.502218E-01    1.162152E+00    0.000000E+00    0.000000E+00    0.000000E+00
9.105000E-01    5.497632E-01    1.516276E+00    3.536540E+00    0.000000E+00    0.000000E+00    0.000000E+00   -7.979908E-01    1.840424E-01    8.149970E-01    0.000000E+00    0.000000E+00    0.000000E+00
9.115000E-01    1.270051E+00    2.206795E+00   -1.952706E+01    0.000000E+00    0.000000E+00    0.000000E+00   -9.889532E-01    6.218600E-01    4.480361E-01    0.000000E+00    0.000000E+00    0.000000E+00
9.125000E-01   -3.086855E+00   -2.121661E+00    3.727930E+00    0.000000E+00    0.000000E+00    0.000000E+00    6.813914E-01   -1.013142E+00    1.157857E-01    0.000000E+00    0.000000E+00    0.000000E+00
9.135000E-01    3.200357E-01    1.692582E+00   -1.558235E+01    0.000000E+00    0.000000E+00    0.000000E+00   -5.666856E-01    1.858074E-01    6.604910E-01    0.000000E+00    0.000000E+00    0.000000E+00
9.145000E-01   -2.300865E+00   -3.728720E+00   -6.900979E-01    0.000000E+00    0.000000E+00    0.000000E+00    1.337753E+00   -9.642821E-01   -6.401281E-01    0.000000E+00    0.000000E+00    0.000000E+00
9.155000E-01    6.378381E-01    2.424647E+00   -1.949975E+01    0.000000E+00    0.000000E+00    0.000000E+00   -1.239679E+00    4.182076E-01    1.432321E-01    0.000000E+00    0.000000E+00    0.000000E+00
9.165000E-01   -9.693312E-01    6.595237E-01   -1.677254E+01    0.000000E+00    0.000000E+00    0.000000E+00   -5.616141E-01    3.161949E-02   -6.966665E-01    0.000000E+00    0.000000E+00    0.000000E+00
9.175000E-01   -2.549978E+00    8.967834E-01   -1.099001E+01    0.000000E+00    0.000000E+00    0.000000E+00   -7.262723E-01   -6.993822E-01   -1.008174E+00    0.000000E+00    0.000000E+00    0.000000E+00
9.185000E-01   -3.849235E+00    1.055243E+00   -1.983528E+00    0.000000E+00    0.000000E+00    0.000000E+00   -6.976491E-01   -1.676716E+00   -3.988983E-01    0.000000E+00    0.000000E+00    0.000000E+00
9.195000E-01    3.250435E-02    1.012312E+00   -7.965671E+00    0.000000E+00    0.000000E+00    0.000000E+00   -7.907422E-01    2.383102E-01   -5.797837E-01    0.000000E+00    0.000000E+00    0.000000E+00
9.205000E-01   -6.004167E+00    2.788048E+00   -2.494161E+01    0.000000E+00    0.000000E+00    0.000000E+00   -1.627019E+00   -2.300326E+00   -1.147012E+00    0.000000E+00    0.000000E+00    0.000000E+00
9.215000E-01   -1.507515E+00   -2.590656E+00   -2.122367E+01    0.000000E+00    0.000000E+00    0.000000E+00    1.071004E+00   -6.474652E-01    1.044946E-01    0.000000E+00    0.000000E+00    0.000000E+00
9.225000E-01   -1.630649E+00    1.635353E+00   -4.261541E+00    0.000000E+00    0.000000E+00    0.000000E+00   -8.858366E-01   -5.431686E-01    3.538397E-01    0.000000E+00    0.000000E+00    0.000000E+00
9.235000E-01   -1.250329E+00    1.509625E+00   -1.881043E+01    0.000000E+00    0.000000E+00    0.000000E+00   -1.183494E+00   -2.030694E-01   -9.224073E-02    0.000000E+00    0.000000E+00    0.000000E+00
9.245000E-01   -1.934979E+00    3.128283E+00   -1.930368E+01    0.000000E+00    0.000000E+00    0.000000E+00   -2.327794E+00   -5.985700E-01   -4.235682E-01    0.000000E+00    0.000000E+00    0.000000E+00
9.255000E-01   -2.525119E+00    4.815353E+00   -2.799730E+01    0.000000E+00    0.000000E+00    0.000000E+00   -2.971037E+00   -1.072707E+00   -3.119601E-01    0.000000E+00    0.000000E+00    0.000000E+00
9.265000E-01   -2.129701E+00    6.809315E-01   -2.833417E+01    0.000000E+00    0.000000E+00    0.000000E+00   -8.610164E-01   -7.177910E-01   -6.674175E-01    0.000000E+00    0.000000E+00    0.000000E+00
9.275000E-01    1.459247E+00   -1.676145E+00   -2.920594E+01    0.000000E+00    0.000000E+00    0.000000E+00    4.004543E-01    1.059681E+00   -5.352026E-01    0.000000E+00    0.000000E+00    0.000000E+00
9.285000E-01    2.544922E+00   -1.425712E+00   -4.265509E+01    0.000000E+00    0.000000E+00    0.000000E+00    1.829855E-01    1.671339E+00   -1.827501E+00    0.000000E+00    0.000000E+00    0.000000E+00
9.295000E-01   -5.795177E+00    1.051951E+00   -4.233374E+01    0.000000E+00    0.000000E+00    0.000000E+00   -4.489411E-01   -3.374946E+00   -2.339957E+00    0.000000E+00    0.000000E+00    0.000000E+00
9.305000E-01    1.271614E+00   -8.006409E-01   -2.527641E+01    0.000000E+00    0.000000E+00    0.000000E+00    3.224853E-01    4.911342E-01   -2.511311E-02    0.000000E+00    0.000000E+00    0.000000E+00
9.315000E-01    1.790043E+00    4.827718E-01   -4.202374E+01    0.000000E+00    0.000000E+00    0.000000E+00   -8.005422E-01    7.474346E-01    3.736380E-02    0.000000E+00    0.000000E+00    0.000000E+00
9.325000E-01    8.529870E-01    4.154234E+00   -2.845452E+01    0.000000E+00    0.000000E+00    0.000000E+00   -3.250510E+00    6.909963E-01   -1.527750E+00    0.000000E+00    0.000000E+00    0.000000E+00
9.335000E-01    2.755469E+00    1.553184E+00   -5.755409E+01    0.000000E+00    0.000000E+00    0.000000E+00   -1.723115E+00    2.319563E+00   -1.727901E+00    0.000000E+00    0.000000E+00    0.000000E+00
9.345000E-01   -8.032754E-02    3.705662E+00   -3.627346E+01    0.000000E+00    0.000000E+00    0.000000E+00   -3.299518E+00    1.279986E-04   -3.156782E+00    0.000000E+00    0.000000E+00    0.000000E+00
9.355000E-01    3.111176E-01    5.143291E+00   -3.474474E+01    0.000000E+00    0.000000E+00    0.000000E+00   -3.905438E+00    2.837673E-01   -7.196332E-01    0.000000E+00    0.000000E+00    0.000000E+00
9.365000E-01    2.023166E+00    3.176665E+00   -4.019646E+01    0.000000E+00    0.000000E+00    0.000000E+00   -2.471624E+00    1.500160E+00   -5.764955E-01    0.000000E+00    0.000000E+00    0.000000E+00
9.375000E-01    2.081811E-01    2.959426E+00   -5.085885E+01    0.000000E+00    0.000000E+00    0.000000E+00   -2.393409E+00    1.062796E-01   -1.676842E+00    0.000000E+00    0.000000E+00    0.000000E+00
9.385000E-01    4.629848E+00   -6.909774E-01   -3.139428E+01    0.000000E+00    0.000000E+00    0.000000E+00    2.441043E-01    2.626249E+00   -3.503844E+00    0.000000E+00    0.000000E+00    0.000000E+00
9.395000E-01    4.733332E+00    6.924288E+00   -5.386040E+01    0.000000E+00    0.000000E+00    0.000000E+00   -4.680766E+00    3.335723E+00   -2.092899E+00    0.000000E+00    0.000000E+00    0.000000E+00
9.405000E-01    9.192356E-01    4.155985E+00   -3.354509E+01    0.000000E+00    0.000000E+00    0.000000E+00   -2.900146E+00    1.065515E+00   -1.682161E+00    0.000000E+00    0.000000E+00    0.000000E+00
9.415000E-01   -1.777614E+00   -7.064713E+00   -2.452548E+01    0.000000E+00    0.000000E+00    0.000000E+00    5.167390E+00   -1.283265E+00    4.615420E-01    0.000000E+00    0.000000E+00    0.000000E+00
9.425000E-01    9.670335E+00   -1.588285E+00   -1.168164E+01    0.000000E+00    0.000000E+00    0.000000E+00    1.965934E+00    6.078950E+00   -4.053502E-01    0.000000E+00    0.000000E+00    0.000000E+00
9.435000E-01   -2.093340E-02   -9.932878E+00    3.703164E+01    0.000000E+00    0.000000E+00    0.000000E+00    7.331258E+00    6.351072E-01   -8.202431E-01    0.000000E+00    0.000000E+00    0.000000E+00
9.445000E-01    2.976733E+00   -7.678266E-01   -7.791134E+00    0.000000E+00    0.000000E+00    0.000000E+00    6.833043E-01    2.146353E+00    2.476009E-01    0.000000E+00    0.000000E+00    0.000000E+00
9.455000E-01    6.135131E+00    1.916013E+00   -7.080371E+01    0.000000E+00    0.000000E+00    0.000000E+00   -7.146564E-01    4.723153E+00    6.352300E-01    0.000000E+00    0.000000E+00    0.000000E+00
9.465000E-01    6.533856E+00    3.423745E+00   -6.696366E+01    0.000000E+00    0.000000E+00    0.000000E+00   -1.929009E+00    4.588342E+00    1.110361E+00    0.000000E+00    0.000000E+00    0.000000E+00
9.475000E-01   -3.138384E-01    4.661509E+00   -1.077087E+02    0.000000E+00    0.000000E+00    0.000000E+00   -1.652936E+00   -1.588185E-01    1.222507E+00    0.000000E+00    0.000000E+00    0.000000E+00
9.485000E-01    3.353039E+01   -9.729793E-01   -3.530310E+02    0.000000E+00    0.000000E+00    0.000000E+00    4.608720E+00    2.252261E+01    4.324544E+00    0.000000E+00    0.000000E+00    0.000000E+00
9.495000E-01    4.619848E+00   -6.141787E+01   -3.804405E+02    0.000000E+00    0.000000E+00    0.000000E+00    4.428171E+01    3.212066E+00    4.434564E+00    0.000000E+00    0.000000E+00    0.000000E+00
9.505000E-01   -8.311974E+00    3.300748E+01   -2.619792E+02    0.000000E+00    0.000000E+00    0.000000E+00   -2.024868E+01   -8.319923E+00    4.640250E-01    0.000000E+00    0.000000E+00    0.000000E+00
9.515000E-01   -4.770683E+00    2.165093E+01   -1.740530E+02    0.000000E+00    0.000000E+00    0.000000E+00   -1.650716E+01   -5.105026E+00    8.532645E-01    0.000000E+00    0.000000E+00    0.000000E+00
9.525000E-01    1.550813E+01   -3.011156E+01    1.404974E+01    0.000000E+00    0.000000E+00    0.000000E+00    2.054589E+01    9.594769E+00    6.120311E-03    0.000000E+00    0.000000E+00    0.000000E+00
9.535000E-01   -7.638567E-01    9.321622E+00   -3.212835E+01    0.000000E+00    0.000000E+00    0.000000E+00   -7.110060E+00   -5.218846E-01   -1.865303E+00    0.000000E+00    0.000000E+00    0.000000E+00
9.545000E-01    1.192800E+01    3.947022E+01   -2.335084E+01    0.000000E+00    0.000000E+00    0.000000E+00   -2.895680E+01    7.638694E+00   -2.387912E+00    0.000000E+00    0.000000E+00    0.000000E+00
9.555000E-01   -3.850048E+01   -7.971872E+00   -1.226771E+02    0.000000E+00    0.000000E+00    0.000000E+00    2.257858E+00   -2.424968E+01   -1.168417E+00    0.000000E+00    0.000000E+00    0.000000E+00
9.565000E-01   -2.055243E+01   -4.113488E+01   -1.165555E+02    0.000000E+00    0.000000E+00    0.000000E+00    2.333947E+01   -1.423028E+01   -1.918575E+00    0.000000E+00    0.000000E+00    0.000000E+00
9.575000E-01    1.566937E+00    2.533489E+00   -7.878407E+01    0.000000E+00    0.000000E+00    0.000000E+00   -4.825014E+00    1.766941E+00   -1.022388E+00    0.000000E+00    0.000000E+00    0.000000E+00
9.585000E-01    1.104753E+01   -2.543553E+01   -1.242333E+02    0.000000E+00    0.000000E+00    0.000000E+00    1.601468E+01    7.845023E+00    1.463441E+00    0.000000E+00    0.000000E+00    0.000000E+00
9.595000E-01   -6.891169E+01   -3.679814E+01   -1.935783E+02    0.000000E+00    0.000000E+00    0.000000E+00    2.476623E+01   -4.732185E+01    1.739773E+00    0.000000E+00    0.000000E+00    0.000000E+00
9.605000E-01   -3.409044E+00   -5.384995E+01   -2.896145E+02    0.000000E+00    0.000000E+00    0.000000E+00    3.508523E+01   -1.335647E-01    3.784786E-01    0.000000E+00    0.000000E+00    0.000000E+00
9.615000E-01   -8.317529E+01    6.370045E+01   -3.606547E+02    0.000000E+00    0.000000E+00    0.000000E+00   -4.093434E+01   -5.638761E+01   -9.975833E-01    0.000000E+00    0.000000E+00    0.000000E+00
9.625000E-01   -7.543702E+01   -2.487410E+01   -3.119231E+02    0.000000E+00    0.000000E+00    0.000000E+00    2.146457E+01   -5.373476E+01   -6.151032E-02    0.000000E+00    0.000000E+00    0.000000E+00
9.635000E-01    9.377735E+01    1.937519E+01   -4.256152E+02    0.000000E+00    0.000000E+00    0.000000E+00   -1.371726E+01    5.736403E+01   -9.687044E-01    0.000000E+00    0.000000E+00    0.000000E+00
9.645000E-01    4.822267E+01   -7.345040E+01   -4.707477E+02    0.000000E+00    0.000000E+00    0.000000E+00    4.686487E+01    2.916559E+01    4.501414E-02    0.000000E+00    0.000000E+00    0.000000E+00
9.655000E-01   -1.865625E+01    2.693688E+01   -5.549418E+02    0.000000E+00    0.000000E+00    0.000000E+00   -1.644887E+01   -9.051832E+00    1.183243E+00    0.000000E+00    0.000000E+00    0.000000E+00
9.665000E-01   -2.864788E+01   -5.367101E+01   -4.902853E+02    0.000000E+00    0.000000E+00    0.000000E+00    3.443656E+01   -1.437406E+01    2.836032E+00    0.000000E+00    0.000000E+00    0.000000E+00
9.675000E-01    4.892886E+01    7.451902E+01   -4.586637E+02    0.000000E+00    0.000000E+00    0.000000E+00   -4.530868E+01    2.937833E+01    2.888472E+00    0.000000E+00    0.000000E+00    0.000000E+00
9.685000E-01    6.069210E+01    1.078503E+02   -4.300878E+02    0.000000E+00    0.000000E+00    0.000000E+00   -6.082142E+01    3.256324E+01    2.191009E+00    0.000000E+00    0.000000E+00    0.000000E+00
9.695000E-01    3.316636E+01    4.412236E+00   -3.546492E+02    0.000000E+00    0.000000E+00    0.000000E+00   -4.067149E+00    1.831754E+01   -7.240471E-01    0.000000E+00    0.000000E+00    0.000000E+00
9.705000E-01    4.348373E+01    5.008881E+01   -3.076072E+02    0.000000E+00    0.000000E+00    0.000000E+00   -2.796936E+01    2.374607E+01    1.986526E+00    0.000000E+00    0.000000E+00    0.000000E+00
9.715000E-01   -6.865889E+00   -6.272747E+00   -4.416082E+02    0.000000E+00    0.000000E+00    0.000000E+00    3.124531E+00   -4.520643E+00    4.007356E+00    0.000000E+00    0.000000E+00    0.000000E+00
9.725000E-01    2.635886E+01    1.988529E+01   -3.254170E+02    0.000000E+00    0.000000E+00    0.000000E+00   -1.131916E+01    1.395377E+01   -2.694507E-01    0.000000E+00    0.000000E+00    0.000000E+00
9.735000E-01   -1.527560E+01   -1.433835E+01   -2.565128E+02    0.000000E+00    0.000000E+00    0.000000E+00    8.827873E+00   -9.179439E+00   -8.294334E-01    0.000000E+00    0.000000E+00    0.000000E+00
9.745000E-01    6.801993E+00   -3.788790E+00   -2.360930E+02    0.000000E+00    0.000000E+00    0.000000E+00    2.567524E+00    3.334145E+00    3.511751E-01    0.000000E+00    0.000000E+00    0.000000E+00
9.755000E-01    1.827644E+01   -3.147001E+00   -3.083145E+02    0.000000E+00    0.000000E+00    0.000000E+00    1.944140E+00    8.931555E+00    4.675233E-01    0.000000E+00    0.000000E+00    0.000000E+00
9.765000E-01   -2.094487E+01   -2.061978E+01   -2.911518E+02    0.000000E+00    0.000000E+00    0.000000E+00    9.998145E+00   -1.096302E+01   -5.045921E-01    0.000000E+00    0.000000E+00    0.000000E+00
9.775000E-01   -3.071820E+01   -2.440857E+01   -2.439260E+02    0.000000E+00    0.000000E+00    0.000000E+00    1.291735E+01   -1.715178E+01    4.877177E-01    0.000000E+00    0.000000E+00    0.000000E+00
9.785000E-01   -2.169492E+01   -3.689924E+01   -1.906690E+02    0.000000E+00    0.000000E+00    0.000000E+00    1.877543E+01   -1.173526E+01    7.906890E-01    0.000000E+00    0.000000E+00    0.000000E+00
9.795000E-01   -2.818633E+01    2.117225E+01   -1.840781E+02    0.000000E+00    0.000000E+00    0.000000E+00   -1.116383E+01   -1.531999E+01    9.977435E-01    0.000000E+00    0.000000E+00    0.000000E+00
9.805000E-01   -1.466838E+01   -3.574076E+01   -2.231601E+02    0.000000E+00    0.000000E+00    0.000000E+00    1.815059E+01   -9.287355E+00    4.121575E-01    0.000000E+00    0.000000E+00    0.000000E+00
9.815000E-01   -3.148646E+00    1.179968E+01   -1.729162E+02    0.000000E+00    0.000000E+00    0.000000E+00   -6.209336E+00   -2.932781E+00   -2.925853E-01    0.000000E+00    0.000000E+00    0.000000E+00
9.825000E-01   -2.348990E+01    1.210307E+00   -1.993474E+02    0.000000E+00    0.000000E+00    0.000000E+00   -6.112624E-01   -1.352872E+01    1.600292E-02    0.000000E+00    0.000000E+00    0.000000E+00
9.835000E-01    2.337685E+00   -9.660940E+00   -1.252184E+02    0.000000E+00    0.000000E+00    0.000000E+00    5.066207E+00    3.515056E-01    4.869576E-01    0.000000E+00    0.000000E+00    0.000000E+00
9.845000E-01    4.474707E+00    1.662516E+00   -1.744804E+02    0.000000E+00    0.000000E+00    0.000000E+00   -7.900474E-01    1.436834E+00    6.940438E-01    0.000000E+00    0.000000E+00    0.000000E+00
9.855000E-01   -1.159088E+01    4.092413E+00   -1.656602E+02    0.000000E+00    0.000000E+00    0.000000E+00   -1.701826E+00   -7.363366E+00    2.821264E-01    0.000000E+00    0.000000E+00    0.000000E+00
9.865000E-01   -1.012115E+01   -7.954223E+00   -2.391704E+02    0.000000E+00    0.000000E+00    0.000000E+00    5.104720E+00   -7.295457E+00    3.729709E-01    0.000000E+00    0.000000E+00    0.000000E+00
9.875000E-01   -2.545203E+00   -1.763700E+00   -2.153806E+02    0.000000E+00    0.000000E+00    0.000000E+00    1.864798E+00   -2.535035E+00    7.153193E-01    0.000000E+00    0.000000E+00    0.000000E+00
9.885000E-01   -2.720093E-01    4.008130E+00   -1.798974E+02    0.000000E+00    0.000000E+00    0.000000E+00   -1.916682E+00   -3.165918E-01    2.400653E-01    0.000000E+00    0.000000E+00    0.000000E+00
9.895000E-01    1.994320E+01   -8.899492E+00   -2.453566E+02    0.000000E+00    0.000000E+00    0.000000E+00    6.106394E+00    1.089996E+01    1.866118E+00    0.000000E+00    0.000000E+00    0.000000E+00
9.905000E-01    1.108134E+01   -2.840613E+01   -3.232073E+02    0.000000E+00    0.000000E+00    0.000000E+00    1.702157E+01    6.587479E+00    1.444822E+00    0.000000E+00    0.000000E+00    0.000000E+00
9.915000E-01    1.338431E+01    1.250106E+01   -3.994504E+02    0.000000E+00    0.000000E+00    0.000000E+00   -6.605745E+00    7.257252E+00    7.969446E-01    0.000000E+00    0.000000E+00    0.000000E+00
9.925000E-01   -1.390366E+01    1.938759E+01   -4.121362E+02    0.000000E+00    0.000000E+00    0.000000E+00   -9.801109E+00   -1.248531E+01    1.881816E-01    0.000000E+00    0.000000E+00    0.000000E+00
9.935000E-01    9.489975E+00    9.343565E+00   -3.396857E+02    0.000000E+00    0.000000E+00    0.000000E+00   -4.445586E+00    2.170520E+00    5.564980E-01    0.000000E+00    0.000000E+00    0.000000E+00
9.945000E-01   -3.514602E+01   -8.515352E+00   -4.142086E+02    0.000000E+00    0.000000E+00    0.000000E+00    8.607939E+00   -2.891680E+01    6.475155E-01    0.000000E+00    0.000000E+00    0.000000E+00
9.955000E-01    1.448403E+01   -1.261427E+00   -5.082468E+02    0.000000E+00    0.000000E+00    0.000000E+00    4.178085E+00    4.647372E+00    1.198485E+00    0.000000E+00    0.000000E+00    0.000000E+00
9.965000E-01    1.480806E+01   -2.055657E+01   -4.155971E+02    0.000000E+00    0.000000E+00    0.000000E+00    1.635926E+01    3.380535E+00    1.083509E+00    0.000000E+00    0.000000E+00    0.000000E+00
9.975000E-01    3.860058E+01    3.398701E+01   -4.983988E+02    0.000000E+00    0.000000E+00    0.000000E+00   -1.758484E+01    1.822074E+01   -9.070069E-01    0.000000E+00    0.000000E+00    0.000000E+00
9.985000E-01    1.647470E+01    6.798312E+01   -4.190583E+02    0.000000E+00    0.000000E+00    0.000000E+00   -3.976422E+01    3.652527E+00   -6.169755E-02    0.000000E+00    0.000000E+00    0.000000E+00
9.995000E-01    2.607973E+01    2.060325E+01   -4.159071E+02    0.000000E+00    0.000000E+00    0.000000E+00   -1.007139E+01    9.053214E+00    9.851762E-01    0.000000E+00    0.000000E+00    0.000000E+00
1.000500E+00    3.064181E+01    1.734863E+01   -3.623463E+02    0.000000E+00    0.000000E+00    0.000000E+00   -9.238560E+00    1.311256E+01    5.487026E-01    0.000000E+00    0.000000E+00    0.000000E+00
1.001500E+00    5.497453E+00    3.021245E+01   -3.312982E+02    0.000000E+00    0.000000E+00    0.000000E+00   -1.722634E+01   -2.258305E+00   -2.890615E-02    0.000000E+00    0.000000E+00    0.000000E+00
1.002500E+00    9.257762E+00    6.441169E+00   -2.730081E+02    0.000000E+00    0.000000E+00    0.000000E+00   -2.483171E+00    1.198424E+00    5.575956E-01    0.000000E+00    0.000000E+00    0.000000E+00
1.003500E+00    1.168413E+01    2.297694E+00   -2.612424E+02    0.000000E+00    0.000000E+00    0.000000E+00   -2.085445E-01    2.610773E+00    6.843160E-01    0.000000E+00    0.000000E+00    0.000000E+00
1.004500E+00    3.012828E+00    1.241861E+01   -2.788359E+02    0.000000E+00    0.000000E+00    0.000000E+00   -6.301860E+00   -3.089988E+00    2.943690E-01    0.000000E+00    0.000000E+00    0.000000E+00
1.005500E+00   -1.311776E+01   -2.426465E+01   -2.436464E+02    0.000000E+00    0.000000E+00    0.000000E+00    1.991387E+01   -1.401649E+01    7.477137E-01    0.000000E+00    0.000000E+00    0.000000E+00
1.006500E+00   -7.411793E+00   -1.796834E+01   -2.976022E+02    0.000000E+00    0.000000E+00    0.000000E+00    1.514831E+01   -1.099351E+01    9.833697E-01    0.000000E+00    0.000000E+00    0.000000E+00
1.007500E+00   -2.326875E+01   -1.475618E+01   -2.415691E+02    0.000000E+00    0.000000E+00    0.000000E+00    1.306551E+01   -2.011730E+01    8.127498E-01    0.000000E+00    0.000000E+00    0.000000E+00
1.008500E+00   -2.554688E+01   -1.016200E+01   -2.243777E+02    0.000000E+00    0.000000E+00    0.000000E+00    9.722982E+00   -2.122326E+01    6.450252E-01    0.000000E+00    0.000000E+00    0.000000E+00
1.009500E+00   -3.247158E+00   -1.504560E+01   -1.572954E+02    0.000000E+00    0.000000E+00    0.000000E+00    1.216472E+01   -4.177704E+00    8.242328E-01    0.000000E+00    0.000000E+00    0.000000E+00
1.010500E+00   -6.456958E+00   -1.205330E+01   -1.520425E+02    0.000000E+00    0.000000E+00    0.000000E+00    9.999300E+00   -6.933508E+00    6.160335E-01    0.000000E+00    0.000000E+00    0.000000E+00
1.011500E+00   -9.507549E+00    3.021047E+00   -2.157694E+02    0.000000E+00    0.000000E+00    0.000000E+00   -9.136033E-01   -9.873813E+00    3.433434E-01    0.000000E+00    0.000000E+00    0.000000E+00
1.012500E+00   -4.023746E+00   -1.872753E+00   -1.536402E+02    0.000000E+00    0.000000E+00    0.000000E+00    2.170735E+00   -5.109421E+00    4.374948E-01    0.000000E+00    0.000000E+00    0.000000E+00
1.013500E+00   -2.394479E+00    3.533003E+00   -2.791652E+02    0.000000E+00    0.000000E+00    0.000000E+00   -4.008868E-01   -6.688731E+00    2.743847E-01    0.000000E+00    0.000000E+00    0.000000E+00
1.014500E+00   -7.082661E+00   -3.742777E+00   -1.406637E+02    0.000000E+00    0.000000E+00    0.000000E+00    2.962638E+00   -6.984460E+00    3.073586E-01    0.000000E+00    0.000000E+00    0.000000E+00
1.015500E+00   -3.640753E+00   -2.292065E+00   -2.439775E+02    0.000000E+00    0.000000E+00    0.000000E+00    2.716079E+00   -6.491631E+00    3.126835E-01    0.000000E+00    0.000000E+00    0.000000E+00
1.016500E+00   -2.660449E+00    2.800091E+00   -2.363537E+02    0.000000E+00    0.000000E+00    0.000000E+00   -7.373795E-01   -5.884684E+00    2.486209E-01    0.000000E+00    0.000000E+00    0.000000E+00
1.017500E+00   -2.121745E+00   -2.163008E+00   -2.511835E+02    0.000000E+00    0.000000E+00    0.000000E+00    2.863641E+00   -5.989541E+00    3.240940E-01    0.000000E+00    0.000000E+00    0.000000E+00
1.018500E+00   -4.296473E+00   -2.961223E+00   -2.482412E+02    0.000000E+00    0.000000E+00    0.000000E+00    3.358395E+00   -7.489403E+00    2.477931E-01    0.000000E+00    0.000000E+00    0.000000E+00
1.019500E+00   -4.898617E+00   -6.709800E+00   -1.704391E+02    0.000000E+00    0.000000E+00    0.000000E+00    5.411665E+00   -7.026691E+00    2.853936E-01    0.000000E+00    0.000000E+00    0.000000E+00
1.020500E+00    2.502917E+00    3.027298E+00   -2.453453E+02    0.000000E+00    0.000000E+00    0.000000E+00    9.630676E-02   -3.088695E+00    6.704958E-02    0.000000E+00    0.000000E+00    0.000000E+00
1.021500E+00   -5.402427E+00    3.672696E+00   -2.415357E+02    0.000000E+00    0.000000E+00    0.000000E+00   -1.350447E-02   -8.858824E+00   -5.933855E-02    0.000000E+00    0.000000E+00    0.000000E+00
1.022500E+00    4.141123E+00    1.858670E+00   -2.560494E+02    0.000000E+00    0.000000E+00    0.000000E+00    1.177598E+00   -2.792215E+00    1.118522E-01    0.000000E+00    0.000000E+00    0.000000E+00
1.023500E+00    2.020126E+00    1.130253E+01   -1.657199E+02    0.000000E+00    0.000000E+00    0.000000E+00   -5.773791E+00   -3.057674E+00   -5.739819E-02    0.000000E+00    0.000000E+00    0.000000E+00
1.024500E+00   -4.670678E+00    2.407565E-01   -2.740479E+02    0.000000E+00    0.000000E+00    0.000000E+00    2.396579E+00   -9.979879E+00    2.683477E-01    0.000000E+00    0.000000E+00    0.000000E+00
1.025500E+00    2.211268E+00    1.241677E+01   -2.104846E+02    0.000000E+00    0.000000E+00    0.000000E+00   -5.885001E+00   -4.439778E+00    8.323613E-02    0.000000E+00    0.000000E+00    0.000000E+00
1.026500E+00    2.411603E+00    4.494131E+00   -2.550221E+02    0.000000E+00    0.000000E+00    0.000000E+00    2.878155E-01   -6.513041E+00    2.969195E-01    0.000000E+00    0.000000E+00    0.000000E+00
1.027500E+00   -6.439173E+00   -1.059821E+01   -2.207331E+02    0.000000E+00    0.000000E+00    0.000000E+00    1.001054E+01   -1.168852E+01    5.882217E-01    0.000000E+00    0.000000E+00    0.000000E+00
1.028500E+00    3.337363E+00    3.884747E+00   -2.098313E+02    0.000000E+00    0.000000E+00    0.000000E+00    1.309669E+00   -5.198249E+00    2.740671E-01    0.000000E+00    0.000000E+00    0.000000E+00
1.029500E+00   -3.026978E+00   -3.165156E+00   -2.051107E+02    0.000000E+00    0.000000E+00    0.000000E+00    5.758137E+00   -9.537535E+00    5.315363E-01    0.000000E+00    0.000000E+00    0.000000E+00
1.030500E+00   -1.825743E+01   -1.524649E+01   -2.712965E+02    0.000000E+00    0.000000E+00    0.000000E+00    1.538083E+01   -2.272372E+01    7.727297E-01    0.000000E+00    0.000000E+00    0.000000E+00
1.031500E+00    5.469502E+00    1.676298E-01   -2.223455E+02    0.000000E+00    0.000000E+00    0.000000E+00    4.428041E+00   -4.733293E+00    5.702914E-01    0.000000E+00    0.000000E+00    0.000000E+00
1.032500E+00    2.226745E+01   -7.416285E+00   -2.117584E+02    0.000000E+00    0.000000E+00    0.000000E+00    9.127153E+00    6.086963E+00    1.182692E+00    0.000000E+00    0.000000E+00    0.000000E+00
1.033500E+00    5.011886E-01    3.855633E+00   -2.790300E+02    0.000000E+00    0.000000E+00    0.000000E+00    4.162744E+00   -1.078024E+01    3.843445E-01    0.000000E+00    0.000000E+00    0.000000E+00
1.034500E+00   -2.407603E+00    3.509303E-01   -2.418202E+02    0.000000E+00    0.000000E+00    0.000000E+00    5.587779E+00   -1.157047E+01    5.908839E-01    0.000000E+00    0.000000E+00    0.000000E+00
1.035500E+00    1.269140E+01   -5.226034E+00   -2.201859E+02    0.000000E+00    0.000000E+00    0.000000E+00    8.513338E+00   -2.021110E+00    1.144697E+00    0.000000E+00    0.000000E+00    0.000000E+00
1.036500E+00    2.396174E+00   -3.317639E+00   -1.823046E+02    0.000000E+00    0.000000E+00    0.000000E+00    6.321489E+00   -6.786453E+00    7.307755E-01    0.000000E+00    0.000000E+00    0.000000E+00
1.037500E+00    1.546801E+01    1.292329E+01   -2.464299E+02    0.000000E+00    0.000000E+00    0.000000E+00   -2.405458E+00   -1.718015E+00    1.047396E-01    0.000000E+00    0.000000E+00    0.000000E+00
1.038500E+00    9.382737E+00    1.082242E+01   -2.039533E+02    0.000000E+00    0.000000E+00    0.000000E+00   -1.780860E+00   -5.026979E+00    2.236400E-02    0.000000E+00    0.000000E+00    0.000000E+00
1.039500E+00    1.785650E+01    1.131718E+01   -1.871996E+02    0.000000E+00    0.000000E+00    0.000000E+00   -2.959726E+00    1.115537E+00    1.171166E-01    0.000000E+00    0.000000E+00    0.000000E+00
1.040500E+00    5.667551E+00    5.371866E+00   -2.401916E+02    0.000000E+00    0.000000E+00    0.000000E+00    2.657950E+00   -1.085412E+01    1.185382E-01    0.000000E+00    0.000000E+00    0.000000E+00
1.041500E+00    1.048269E+01    1.627982E+01   -2.434466E+02    0.000000E+00    0.000000E+00    0.000000E+00   -3.688596E+00   -8.466882E+00   -4.564799E-01    0.000000E+00    0.000000E+00    0.000000E+00
1.042500E+00   -5.287032E-02    3.802967E+00   -2.066314E+02    0.000000E+00    0.000000E+00    0.000000E+00    3.713922E+00   -1.392610E+01   -5.223295E-03    0.000000E+00    0.000000E+00    0.000000E+00
1.043500E+00    2.217900E+01    6.459418E+00   -2.677327E+02    0.000000E+00    0.000000E+00    0.000000E+00    3.794467E+00   -3.279187E+00    4.170723E-01    0.000000E+00    0.000000E+00    0.000000E+00
1.044500E+00    2.374150E+01    9.129869E+00   -2.068240E+02    0.000000E+00    0.000000E+00    0.000000E+00    1.196857E+00    4.939692E-01    2.816417E-01    0.000000E+00    0.000000E+00    0.000000E+00
1.045500E+00    1.533724E+01    4.242238E+00   -2.370479E+02    0.000000E+00    0.000000E+00    0.000000E+00    5.835586E+00   -7.412878E+00    2.189189E-01    0.000000E+00    0.000000E+00    0.000000E+00
1.046500E+00    4.542564E+00    1.484863E+01   -2.646417E+02    0.000000E+00    0.000000E+00    0.000000E+00    6.477576E-01   -1.697139E+01   -1.001550E+00    0.000000E+00    0.000000E+00    0.000000E+00
1.047500E+00   -4.352694E+00    1.177819E+01   -2.693815E+02    0.000000E+00    0.000000E+00    0.000000E+00    3.711462E+00   -2.516902E+01   -1.150552E+00    0.000000E+00    0.000000E+00    0.000000E+00
1.048500E+00    2.936984E+01    6.732475E+00   -2.624839E+02    0.000000E+00    0.000000E+00    0.000000E+00    5.512308E+00   -3.569089E+00    8.136485E-01    0.000000E+00    0.000000E+00    0.000000E+00
1.049500E+00   -1.427114E+01    7.111176E+00   -2.510591E+02    0.000000E+00    0.000000E+00    0.000000E+00    5.975394E+00   -3.183875E+01   -8.288239E-01    0.000000E+00    0.000000E+00    0.000000E+00
1.050500E+00    1.674572E+01    1.440036E+01   -2.546017E+02    0.000000E+00    0.000000E+00    0.000000E+00    1.482250E+00   -1.299613E+01   -1.082553E-01    0.000000E+00    0.000000E+00    0.000000E+00
1.051500E+00   -1.926302E+01   -2.082939E+01   -2.504757E+02    0.000000E+00    0.000000E+00    0.000000E+00    2.412957E+01   -3.766088E+01    1.659616E+00    0.000000E+00    0.000000E+00    0.000000E+00
1.052500E+00   -3.163885E+00   -1.111482E+01   -2.644080E+02    0.000000E+00    0.000000E+00    0.000000E+00    1.881354E+01   -2.844101E+01    1.429162E+00    0.000000E+00    0.000000E+00    0.000000E+00
1.053500E+00   -1.271050E+00    7.530362E-01   -2.350493E+02    0.000000E+00    0.000000E+00    0.000000E+00    1.158270E+01   -2.600052E+01    2.694508E-01    0.000000E+00    0.000000E+00    0.000000E+00
1.054500E+00   -7.796264E+00   -2.505063E+00   -2.476130E+02    0.000000E+00    0.000000E+00    0.000000E+00    1.430479E+01   -3.089012E+01    2.905757E-01    0.000000E+00    0.000000E+00    0.000000E+00
1.055500E+00    2.325161E+01    6.799144E+00   -2.386588E+02    0.000000E+00    0.000000E+00    0.000000E+00    8.831043E+00   -1.206775E+01    8.747461E-01    0.000000E+00    0.000000E+00    0.000000E+00
1.056500E+00   -3.065009E+01   -2.767037E+01   -2.367006E+02    0.000000E+00    0.000000E+00    0.000000E+00    3.108914E+01   -4.787356E+01    1.994814E+00    0.000000E+00    0.000000E+00    0.000000E+00
1.057500E+00   -1.734655E+00   -3.632308E+00   -2.598806E+02    0.000000E+00    0.000000E+00    0.000000E+00    1.712006E+01   -3.132957E+01    7.977012E-01    0.000000E+00    0.000000E+00    0.000000E+00
1.058500E+00   -3.155843E+01   -1.777735E+01   -2.293974E+02    0.000000E+00    0.000000E+00    0.000000E+00    2.538240E+01   -4.888169E+01    8.327100E-01    0.000000E+00    0.000000E+00    0.000000E+00
1.059500E+00    8.057076E+00    5.558876E+00   -2.390715E+02    0.000000E+00    0.000000E+00    0.000000E+00    1.075651E+01   -2.428226E+01    2.023824E-01    0.000000E+00    0.000000E+00    0.000000E+00
1.060500E+00    6.290993E+00   -2.194090E+00   -2.476461E+02    0.000000E+00    0.000000E+00    0.000000E+00    1.614386E+01   -2.747532E+01    1.042807E+00    0.000000E+00    0.000000E+00    0.000000E+00
1.061500E+00   -4.036597E+00    1.290743E+00   -2.523970E+02    0.000000E+00    0.000000E+00    0.000000E+00    1.532252E+01   -3.706478E+01   -1.856886E-01    0.000000E+00    0.000000E+00    0.000000E+00
1.062500E+00   -1.602787E+01    8.587770E+00   -2.623599E+02    0.000000E+00    0.000000E+00    0.000000E+00    1.149803E+01   -4.621645E+01   -2.221391E+00    0.000000E+00    0.000000E+00    0.000000E+00
1.063500E+00   -2.145194E+01   -1.147548E+01   -2.445852E+02    0.000000E+00    0.000000E+00    0.000000E+00    2.336833E+01   -4.968554E+01    1.551754E-01    0.000000E+00    0.000000E+00    0.000000E+00
1.064500E+00   -2.453864E+01   -1.326400E+01   -2.442170E+02    0.000000E+00    0.000000E+00    0.000000E+00    2.478710E+01   -5.295345E+01    3.753494E-01    0.000000E+00    0.000000E+00    0.000000E+00
1.065500E+00   -5.253415E+01   -2.421683E+01   -2.466978E+02    0.000000E+00    0.000000E+00    0.000000E+00    3.299768E+01   -7.314649E+01    1.268358E-01    0.000000E+00    0.000000E+00    0.000000E+00
1.066500E+00   -1.760749E+00   -1.110665E+00   -2.727671E+02    0.000000E+00    0.000000E+00    0.000000E+00    2.023861E+01   -4.372639E+01    5.288049E-02    0.000000E+00    0.000000E+00    0.000000E+00
1.067500E+00   -2.312236E+01   -6.892330E+00   -2.780777E+02    0.000000E+00    0.000000E+00    0.000000E+00    2.602416E+01   -6.087119E+01   -7.065586E-01    0.000000E+00    0.000000E+00    0.000000E+00
1.068500E+00   -5.004751E+01   -3.953243E+01   -2.480179E+02    0.000000E+00    0.000000E+00    0.000000E+00    4.530148E+01   -7.556775E+01    2.736622E+00    0.000000E+00    0.000000E+00    0.000000E+00
1.069500E+00   -3.458797E+01   -3.133057E+00   -3.016224E+02    0.000000E+00    0.000000E+00    0.000000E+00    2.705791E+01   -7.442330E+01   -2.387808E+00    0.000000E+00    0.000000E+00    0.000000E+00
1.070500E+00   -2.662746E+01   -6.816019E+00   -2.765200E+02    0.000000E+00    0.000000E+00    0.000000E+00    2.831116E+01   -6.721576E+01   -1.191655E+00    0.000000E+00    0.000000E+00    0.000000E+00
1.071500E+00   -2.293059E+01   -1.486541E+01   -2.595350E+02    0.000000E+00    0.000000E+00    0.000000E+00    3.241359E+01   -6.423040E+01    8.804439E-01    0.000000E+00    0.000000E+00    0.000000E+00
1.072500E+00   -1.035776E+01   -2.597240E+00   -2.513525E+02    0.000000E+00    0.000000E+00    0.000000E+00    2.393271E+01   -5.489216E+01   -1.270615E-01    0.000000E+00    0.000000E+00    0.000000E+00
1.073500E+00   -1.040772E+01   -1.868888E+01   -2.695889E+02    0.000000E+00    0.000000E+00    0.000000E+00    3.699834E+01   -6.149577E+01    3.236568E+00    0.000000E+00    0.000000E+00    0.000000E+00
1.074500E+00   -6.204450E+00    4.101957E+00   -2.669225E+02    0.000000E+00    0.000000E+00    0.000000E+00    2.280139E+01   -5.859405E+01   -1.108764E+00    0.000000E+00    0.000000E+00    0.000000E+00
1.075500E+00   -3.938795E+01   -2.074277E+01   -2.875958E+02    0.000000E+00    0.000000E+00    0.000000E+00    4.239768E+01   -8.750194E+01    8.616200E-01    0.000000E+00    0.000000E+00    0.000000E+00
1.076500E+00   -2.505104E+01   -1.200127E+01   -2.539489E+02    0.000000E+00    0.000000E+00    0.000000E+00    3.406931E+01   -7.265129E+01    3.935449E-01    0.000000E+00    0.000000E+00    0.000000E+00
1.077500E+00   -5.199449E+01   -2.444855E+01   -2.412048E+02    0.000000E+00    0.000000E+00    0.000000E+00    4.223758E+01   -8.982073E+01    3.366613E-01    0.000000E+00    0.000000E+00    0.000000E+00
1.078500E+00   -3.036827E+01   -1.188786E+01   -2.639376E+02    0.000000E+00    0.000000E+00    0.000000E+00    3.710911E+01   -8.184594E+01   -3.192531E-01    0.000000E+00    0.000000E+00    0.000000E+00
1.079500E+00   -3.882287E+01   -1.712970E+01   -2.824309E+02    0.000000E+00    0.000000E+00    0.000000E+00    4.378122E+01   -9.474462E+01    1.236996E-02    0.000000E+00    0.000000E+00    0.000000E+00
1.080500E+00   -2.535796E+01   -2.406036E+01   -2.086958E+02    0.000000E+00    0.000000E+00    0.000000E+00    4.024606E+01   -6.944405E+01    3.385615E+00    0.000000E+00    0.000000E+00    0.000000E+00
1.081500E+00   -6.755884E+01   -2.504790E+01   -2.326518E+02    0.000000E+00    0.000000E+00    0.000000E+00    4.489855E+01   -1.043253E+02   -1.383457E+00    0.000000E+00    0.000000E+00    0.000000E+00
1.082500E+00   -2.331098E+01   -2.179936E+00   -2.816647E+02    0.000000E+00    0.000000E+00    0.000000E+00    3.635500E+01   -8.852455E+01   -2.117498E+00    0.000000E+00    0.000000E+00    0.000000E+00
1.083500E+00   -5.352888E+01   -2.877632E+01   -2.543135E+02    0.000000E+00    0.000000E+00    0.000000E+00    5.178982E+01   -1.056957E+02    1.218244E+00    0.000000E+00    0.000000E+00    0.000000E+00
1.084500E+00   -3.485531E+01   -6.651372E+00   -2.861841E+02    0.000000E+00    0.000000E+00    0.000000E+00    4.138404E+01   -1.018990E+02   -2.651091E+00    0.000000E+00    0.000000E+00    0.000000E+00
1.085500E+00   -3.306911E+01   -1.121165E+01   -2.925285E+02    0.000000E+00    0.000000E+00    0.000000E+00    4.658550E+01   -1.060242E+02   -1.238888E+00    0.000000E+00    0.000000E+00    0.000000E+00
1.086500E+00   -3.409251E+01   -1.639044E+01   -2.955419E+02    0.000000E+00    0.000000E+00    0.000000E+00    5.094361E+01   -1.098438E+02    1.175807E-01    0.000000E+00    0.000000E+00    0.000000E+00
1.087500E+00   -3.556165E+01   -1.874605E+01   -2.820512E+02    0.000000E+00    0.000000E+00    0.000000E+00    5.189046E+01   -1.098215E+02    5.731469E-01    0.000000E+00    0.000000E+00    0.000000E+00
1.088500E+00   -6.287109E+01   -3.220304E+01   -2.532765E+02    0.000000E+00    0.000000E+00    0.000000E+00    5.744282E+01   -1.206327E+02    9.004020E-01    0.000000E+00    0.000000E+00    0.000000E+00
1.089500E+00   -3.856816E+01   -1.722520E+01   -2.976969E+02    0.000000E+00    0.000000E+00    0.000000E+00    5.544785E+01   -1.208715E+02   -2.334726E-01    0.000000E+00    0.000000E+00    0.000000E+00
1.090500E+00   -8.772835E+01   -3.419488E+01   -2.437890E+02    0.000000E+00    0.000000E+00    0.000000E+00    6.079328E+01   -1.397435E+02   -2.294020E+00    0.000000E+00    0.000000E+00    0.000000E+00
1.091500E+00   -5.105452E+01   -1.842959E+01   -2.894411E+02    0.000000E+00    0.000000E+00    0.000000E+00    5.739324E+01   -1.305598E+02   -1.871675E+00    0.000000E+00    0.000000E+00    0.000000E+00
1.092500E+00   -6.629459E+01   -3.600299E+01   -2.631925E+02    0.000000E+00    0.000000E+00    0.000000E+00    6.628251E+01   -1.355624E+02    1.755929E+00    0.000000E+00    0.000000E+00    0.000000E+00
1.093500E+00   -6.809954E+01   -2.557591E+01   -2.697494E+02    0.000000E+00    0.000000E+00    0.000000E+00    6.141084E+01   -1.408426E+02   -2.144459E+00    0.000000E+00    0.000000E+00    0.000000E+00
1.094500E+00   -4.308395E+01   -2.205282E+01   -3.137558E+02    0.000000E+00    0.000000E+00    0.000000E+00    6.716057E+01   -1.421911E+02    8.417501E-01    0.000000E+00    0.000000E+00    0.000000E+00
1.095500E+00   -8.940948E+01   -4.177989E+01   -2.827465E+02    0.000000E+00    0.000000E+00    0.000000E+00    7.648561E+01   -1.649678E+02    3.015617E-01    0.000000E+00    0.000000E+00    0.000000E+00
1.096500E+00   -4.509502E+01   -2.645042E+01   -3.186171E+02    0.000000E+00    0.000000E+00    0.000000E+00    7.322136E+01   -1.506441E+02    2.444820E+00    0.000000E+00    0.000000E+00    0.000000E+00
1.097500E+00   -4.668091E+01   -2.021130E+01   -2.872945E+02    0.000000E+00    0.000000E+00    0.000000E+00    6.511440E+01   -1.423097E+02   -2.853483E-01    0.000000E+00    0.000000E+00    0.000000E+00
1.098500E+00   -6.278592E+01   -2.985421E+01   -2.905257E+02    0.000000E+00    0.000000E+00    0.000000E+00    7.362291E+01   -1.578994E+02    5.026611E-01    0.000000E+00    0.000000E+00    0.000000E+00
1.099500E+00   -6.111457E+01   -3.370293E+01   -2.951472E+02    0.000000E+00    0.000000E+00    0.000000E+00    7.769082E+01   -1.604282E+02    2.322320E+00    0.000000E+00    0.000000E+00    0.000000E+00
1.100500E+00   -7.471067E+01   -3.336842E+01   -2.893906E+02    0.000000E+00    0.000000E+00    0.000000E+00    7.747463E+01   -1.692187E+02   -3.220465E-01    0.000000E+00    0.000000E+00    0.000000E+00
1.101500E+00   -6.473773E+01   -2.919921E+01   -2.870992E+02    0.000000E+00    0.000000E+00    0.000000E+00    7.561475E+01   -1.646118E+02   -1.006736E-01    0.000000E+00    0.000000E+00    0.000000E+00
1.102500E+00   -7.376587E+01   -3.535770E+01   -2.896298E+02    0.000000E+00    0.000000E+00    0.000000E+00    8.094948E+01   -1.736601E+02    8.514553E-01    0.000000E+00    0.000000E+00    0.000000E+00
1.103500E+00   -7.510778E+01   -3.301145E+01   -2.903730E+02    0.000000E+00    0.000000E+00    0.000000E+00    8.118810E+01   -1.781969E+02   -4.006635E-01    0.000000E+00    0.000000E+00    0.000000E+00
1.104500E+00   -7.623837E+01   -3.102265E+01   -2.973486E+02    0.000000E+00    0.000000E+00    0.000000E+00    8.244932E+01   -1.844225E+02   -1.619329E+00    0.000000E+00    0.000000E+00    0.000000E+00
1.105500E+00   -7.191942E+01   -3.144163E+01   -2.949077E+02    0.000000E+00    0.000000E+00    0.000000E+00    8.357920E+01   -1.836237E+02   -8.174851E-01    0.000000E+00    0.000000E+00    0.000000E+00
1.106500E+00   -8.021927E+01   -3.696183E+01   -2.973917E+02    0.000000E+00    0.000000E+00    0.000000E+00    8.872410E+01   -1.926358E+02   -2.102333E-01    0.000000E+00    0.000000E+00    0.000000E+00
1.107500E+00   -7.692014E+01   -3.705146E+01   -2.960343E+02    0.000000E+00    0.000000E+00    0.000000E+00    8.979931E+01   -1.927230E+02    4.469489E-01    0.000000E+00    0.000000E+00    0.000000E+00
1.108500E+00   -8.642325E+01   -4.036577E+01   -3.000960E+02    0.000000E+00    0.000000E+00    0.000000E+00    9.409754E+01   -2.035266E+02   -9.362509E-02    0.000000E+00    0.000000E+00    0.000000E+00
1.109500E+00   -8.973829E+01   -4.422898E+01   -2.974661E+02    0.000000E+00    0.000000E+00    0.000000E+00    9.728432E+01   -2.071750E+02    9.927775E-01    0.000000E+00    0.000000E+00    0.000000E+00
1.110500E+00   -8.779217E+01   -4.151933E+01   -2.986299E+02    0.000000E+00    0.000000E+00    0.000000E+00    9.711344E+01   -2.093707E+02    1.402333E-01    0.000000E+00    0.000000E+00    0.000000E+00
1.111500E+00   -8.652123E+01   -3.757815E+01   -2.947818E+02    0.000000E+00    0.000000E+00    0.000000E+00    9.490324E+01   -2.093180E+02   -1.465560E+00    0.000000E+00    0.000000E+00    0.000000E+00
1.112500E+00   -8.312969E+01   -3.885009E+01   -3.030734E+02    0.000000E+00    0.000000E+00    0.000000E+00    9.905849E+01   -2.142643E+02    1.716540E-01    0.000000E+00    0.000000E+00    0.000000E+00
1.113500E+00   -9.766553E+01   -4.726093E+01   -3.048311E+02    0.000000E+00    0.000000E+00    0.000000E+00    1.064232E+02   -2.277433E+02    1.222098E+00    0.000000E+00    0.000000E+00    0.000000E+00
1.114500E+00   -1.058807E+02   -4.902374E+01   -3.028489E+02    0.000000E+00    0.000000E+00    0.000000E+00    1.086824E+02   -2.352126E+02    2.613153E-01    0.000000E+00    0.000000E+00    0.000000E+00
1.115500E+00   -8.103763E+01   -4.429953E+01   -2.910494E+02    0.000000E+00    0.000000E+00    0.000000E+00    1.034696E+02   -2.143410E+02    3.945790E+00    0.000000E+00    0.000000E+00    0.000000E+00
1.116500E+00   -7.335427E+01   -3.065013E+01   -3.000240E+02    0.000000E+00    0.000000E+00    0.000000E+00    9.797847E+01   -2.167052E+02   -1.604095E+00    0.000000E+00    0.000000E+00    0.000000E+00
1.117500E+00   -9.973017E+01   -5.160493E+01   -2.911790E+02    0.000000E+00    0.000000E+00    0.000000E+00    1.114210E+02   -2.335480E+02    3.274840E+00    0.000000E+00    0.000000E+00    0.000000E+00
1.118500E+00   -1.037089E+02   -4.274032E+01   -2.824229E+02    0.000000E+00    0.000000E+00    0.000000E+00    1.041075E+02   -2.333301E+02   -2.786501E+00    0.000000E+00    0.000000E+00    0.000000E+00
1.119500E+00   -1.095301E+02   -5.289923E+01   -2.929454E+02    0.000000E+00    0.000000E+00    0.000000E+00    1.152211E+02   -2.462793E+02    1.468192E+00    0.000000E+00    0.000000E+00    0.000000E+00
1.120500E+00   -9.684485E+01   -4.215400E+01   -2.812173E+02    0.000000E+00    0.000000E+00    0.000000E+00    1.060161E+02   -2.332050E+02   -1.388538E+00    0.000000E+00    0.000000E+00    0.000000E+00
1.121500E+00   -1.007127E+02   -5.033108E+01   -2.793389E+02    0.000000E+00    0.000000E+00    0.000000E+00    1.124589E+02   -2.379165E+02    2.429383E+00    0.000000E+00    0.000000E+00    0.000000E+00
1.122500E+00   -1.132388E+02   -5.041260E+01   -2.749782E+02    0.000000E+00    0.000000E+00    0.000000E+00    1.126584E+02   -2.466618E+02   -1.044378E+00    0.000000E+00    0.000000E+00    0.000000E+00
1.123500E+00   -1.037435E+02   -4.478359E+01   -2.919696E+02    0.000000E+00    0.000000E+00    0.000000E+00    1.144614E+02   -2.528612E+02   -1.786861E+00    0.000000E+00    0.000000E+00    0.000000E+00
1.124500E+00   -1.126745E+02   -5.054293E+01   -2.677916E+02    0.000000E+00    0.000000E+00    0.000000E+00    1.130958E+02   -2.476220E+02   -8.247070E-01    0.000000E+00    0.000000E+00    0.000000E+00
1.125500E+00   -1.107466E+02   -4.659857E+01   -2.836660E+02    0.000000E+00    0.000000E+00    0.000000E+00    1.157422E+02   -2.580119E+02   -2.770623E+00    0.000000E+00    0.000000E+00    0.000000E+00
1.126500E+00   -1.047439E+02   -5.098816E+01   -2.751541E+02    0.000000E+00    0.000000E+00    0.000000E+00    1.178217E+02   -2.517154E+02    1.589014E+00    0.000000E+00    0.000000E+00    0.000000E+00
1.127500E+00   -1.197838E+02   -5.550819E+01   -2.940441E+02    0.000000E+00    0.000000E+00    0.000000E+00    1.276636E+02   -2.765475E+02    4.948854E-02    0.000000E+00    0.000000E+00    0.000000E+00
1.128500E+00   -1.197725E+02   -5.872948E+01   -2.785946E+02    0.000000E+00    0.000000E+00    0.000000E+00    1.270979E+02   -2.704769E+02    2.042073E+00    0.000000E+00    0.000000E+00    0.000000E+00
1.129500E+00   -1.279455E+02   -5.677727E+01   -2.886966E+02    0.000000E+00    0.000000E+00    0.000000E+00    1.294975E+02   -2.842406E+02   -1.746671E+00    0.000000E+00    0.000000E+00    0.000000E+00
1.130500E+00   -1.485427E+02   -6.823725E+01   -2.870373E+02    0.000000E+00    0.000000E+00    0.000000E+00    1.388575E+02   -3.017979E+02   -3.331687E-01    0.000000E+00    0.000000E+00    0.000000E+00
1.131500E+00   -1.208884E+02   -5.216340E+01   -2.906209E+02    0.000000E+00    0.000000E+00    0.000000E+00    1.292421E+02   -2.865031E+02   -2.541723E+00    0.000000E+00    0.000000E+00    0.000000E+00
1.132500E+00   -1.409175E+02   -6.452250E+01   -2.809477E+02    0.000000E+00    0.000000E+00    0.000000E+00    1.367692E+02   -2.980627E+02   -2.170091E-01    0.000000E+00    0.000000E+00    0.000000E+00
1.133500E+00   -1.259274E+02   -5.811331E+01   -3.005551E+02    0.000000E+00    0.000000E+00    0.000000E+00    1.391855E+02   -3.022685E+02    1.579751E-01    0.000000E+00    0.000000E+00    0.000000E+00
1.134500E+00   -1.283179E+02   -6.044037E+01   -2.876342E+02    0.000000E+00    0.000000E+00    0.000000E+00    1.381653E+02   -2.982214E+02    1.082315E+00    0.000000E+00    0.000000E+00    0.000000E+00
1.135500E+00   -1.247793E+02   -5.881722E+01   -2.624088E+02    0.000000E+00    0.000000E+00    0.000000E+00    1.297188E+02   -2.796090E+02    1.117870E+00    0.000000E+00    0.000000E+00    0.000000E+00
1.136500E+00   -1.145000E+02   -5.598791E+01   -2.881412E+02    0.000000E+00    0.000000E+00    0.000000E+00    1.373878E+02   -2.931897E+02    2.469440E+00    0.000000E+00    0.000000E+00    0.000000E+00
1.137500E+00   -1.474412E+02   -6.983914E+01   -3.030710E+02    0.000000E+00    0.000000E+00    0.000000E+00    1.543497E+02   -3.319549E+02    1.528409E+00    0.000000E+00    0.000000E+00    0.000000E+00
1.138500E+00   -1.384688E+02   -6.011407E+01   -2.998382E+02    0.000000E+00    0.000000E+00    0.000000E+00    1.467324E+02   -3.244617E+02   -2.455628E+00    0.000000E+00    0.000000E+00    0.000000E+00
1.139500E+00   -1.291333E+02   -6.189285E+01   -2.614835E+02    0.000000E+00    0.000000E+00    0.000000E+00    1.367275E+02   -2.930995E+02    1.862558E+00    0.000000E+00    0.000000E+00    0.000000E+00
1.140500E+00   -1.452588E+02   -7.001872E+01   -2.994089E+02    0.000000E+00    0.000000E+00    0.000000E+00    1.563625E+02   -3.341859E+02    2.446466E+00    0.000000E+00    0.000000E+00    0.000000E+00
1.141500E+00   -1.407909E+02   -6.310020E+01   -2.497022E+02    0.000000E+00    0.000000E+00    0.000000E+00    1.361387E+02   -2.989089E+02   -1.147939E+00    0.000000E+00    0.000000E+00    0.000000E+00
1.142500E+00   -1.389333E+02   -6.296188E+01   -2.033234E+02    0.000000E+00    0.000000E+00    0.000000E+00    1.203290E+02   -2.630565E+02   -6.100614E-01    0.000000E+00    0.000000E+00    0.000000E+00
1.143500E+00   -1.732493E+02   -7.791535E+01   -2.789954E+02    0.000000E+00    0.000000E+00    0.000000E+00    1.596253E+02   -3.498781E+02   -1.255501E+00    0.000000E+00    0.000000E+00    0.000000E+00
1.144500E+00   -1.476952E+02   -6.798152E+01   -2.518229E+02    0.000000E+00    0.000000E+00    0.000000E+00    1.428320E+02   -3.104309E+02   -6.676052E-02    0.000000E+00    0.000000E+00    0.000000E+00
1.145500E+00   -1.375170E+02   -6.359487E+01   -2.434995E+02    0.000000E+00    0.000000E+00    0.000000E+00    1.372195E+02   -2.977847E+02    7.521429E-02    0.000000E+00    0.000000E+00    0.000000E+00
1.146500E+00   -1.441021E+02   -6.495841E+01   -2.584314E+02    0.000000E+00    0.000000E+00    0.000000E+00    1.450304E+02   -3.175820E+02   -1.186281E+00    0.000000E+00    0.000000E+00    0.000000E+00
1.147500E+00   -1.249809E+02   -5.791298E+01   -2.245506E+02    0.000000E+00    0.000000E+00    0.000000E+00    1.279711E+02   -2.773126E+02    1.425823E-01    0.000000E+00    0.000000E+00    0.000000E+00
1.148500E+00   -1.763248E+02   -7.870903E+01   -2.681889E+02    0.000000E+00    0.000000E+00    0.000000E+00    1.613765E+02   -3.550201E+02   -2.081073E+00    0.000000E+00    0.000000E+00    0.000000E+00
1.149500E+00   -1.331080E+02   -6.373474E+01   -2.116013E+02    0.000000E+00    0.000000E+00    0.000000E+00    1.295351E+02   -2.771414E+02    1.776642E+00    0.000000E+00    0.000000E+00    0.000000E+00
1.150500E+00   -1.416989E+02   -6.357495E+01   -2.120284E+02    0.000000E+00    0.000000E+00    0.000000E+00    1.300763E+02   -2.855285E+02   -1.359879E+00    0.000000E+00    0.000000E+00    0.000000E+00
1.151500E+00   -1.129816E+02   -5.063595E+01   -2.123522E+02    0.000000E+00    0.000000E+00    0.000000E+00    1.205973E+02   -2.646560E+02   -1.043667E+00    0.000000E+00    0.000000E+00    0.000000E+00
1.152500E+00   -1.306427E+02   -6.113718E+01   -2.049495E+02    0.000000E+00    0.000000E+00    0.000000E+00    1.271391E+02   -2.750566E+02    8.799437E-01    0.000000E+00    0.000000E+00    0.000000E+00
1.153500E+00   -1.201436E+02   -5.741094E+01   -2.104904E+02    0.000000E+00    0.000000E+00    0.000000E+00    1.266033E+02   -2.713577E+02    1.807625E+00    0.000000E+00    0.000000E+00    0.000000E+00
1.154500E+00   -1.150654E+02   -5.202736E+01   -2.032936E+02    0.000000E+00    0.000000E+00    0.000000E+00    1.205714E+02   -2.635133E+02   -7.530870E-01    0.000000E+00    0.000000E+00    0.000000E+00
1.155500E+00   -1.121137E+02   -5.175117E+01   -1.952090E+02    0.000000E+00    0.000000E+00    0.000000E+00    1.177592E+02   -2.555811E+02    1.196043E-01    0.000000E+00    0.000000E+00    0.000000E+00
1.156500E+00   -1.054232E+02   -4.975698E+01   -2.031454E+02    0.000000E+00    0.000000E+00    0.000000E+00    1.195123E+02   -2.571582E+02    1.015514E+00    0.000000E+00    0.000000E+00    0.000000E+00
1.157500E+00   -1.286755E+02   -5.741604E+01   -2.321966E+02    0.000000E+00    0.000000E+00    0.000000E+00    1.379579E+02   -3.034074E+02   -1.517302E+00    0.000000E+00    0.000000E+00    0.000000E+00
1.158500E+00   -1.276813E+02   -6.030090E+01   -2.155815E+02    0.000000E+00    0.000000E+00    0.000000E+00    1.348348E+02   -2.899914E+02    1.283148E+00    0.000000E+00    0.000000E+00    0.000000E+00
1.159500E+00   -1.282403E+02   -5.906428E+01   -2.179469E+02    0.000000E+00    0.000000E+00    0.000000E+00    1.350258E+02   -2.933618E+02    4.314628E-02    0.000000E+00    0.000000E+00    0.000000E+00
1.160500E+00   -1.483368E+02   -6.234532E+01   -1.991952E+02    0.000000E+00    0.000000E+00    0.000000E+00    1.313172E+02   -2.963324E+02   -5.051212E+00    0.000000E+00    0.000000E+00    0.000000E+00
1.161500E+00   -1.412922E+02   -7.087159E+01   -1.850845E+02    0.000000E+00    0.000000E+00    0.000000E+00    1.337983E+02   -2.797069E+02    4.988016E+00    0.000000E+00    0.000000E+00    0.000000E+00
1.162500E+00   -1.355983E+02   -6.239240E+01   -2.145673E+02    0.000000E+00    0.000000E+00    0.000000E+00    1.387476E+02   -3.012244E+02    7.001809E-03    0.000000E+00    0.000000E+00    0.000000E+00
1.163500E+00   -1.362195E+02   -5.577436E+01   -2.151211E+02    0.000000E+00    0.000000E+00    0.000000E+00    1.340300E+02   -3.041663E+02   -5.960278E+00    0.000000E+00    0.000000E+00    0.000000E+00
1.164500E+00   -1.086600E+02   -5.380432E+01   -2.088331E+02    0.000000E+00    0.000000E+00    0.000000E+00    1.297505E+02   -2.748649E+02    3.338060E+00    0.000000E+00    0.000000E+00    0.000000E+00
1.165500E+00   -1.030916E+02   -4.675320E+01   -2.258985E+02    0.000000E+00    0.000000E+00    0.000000E+00    1.308602E+02   -2.857198E+02   -5.611493E-01    0.000000E+00    0.000000E+00    0.000000E+00
1.166500E+00   -1.052406E+02   -4.459358E+01   -2.372957E+02    0.000000E+00    0.000000E+00    0.000000E+00    1.344176E+02   -2.994322E+02   -3.430675E+00    0.000000E+00    0.000000E+00    0.000000E+00
1.167500E+00   -1.133345E+02   -5.393980E+01   -2.070485E+02    0.000000E+00    0.000000E+00    0.000000E+00    1.312544E+02   -2.819428E+02    1.489294E+00    0.000000E+00    0.000000E+00    0.000000E+00
1.168500E+00   -1.300827E+02   -5.561863E+01   -1.795355E+02    0.000000E+00    0.000000E+00    0.000000E+00    1.221118E+02   -2.736199E+02   -3.865417E+00    0.000000E+00    0.000000E+00    0.000000E+00
1.169500E+00   -1.277257E+02   -6.346830E+01   -2.251771E+02    0.000000E+00    0.000000E+00    0.000000E+00    1.479385E+02   -3.124343E+02    4.061547E+00    0.000000E+00    0.000000E+00    0.000000E+00
1.170500E+00   -1.228536E+02   -5.708394E+01   -1.967595E+02    0.000000E+00    0.000000E+00    0.000000E+00    1.317688E+02   -2.853254E+02    4.442223E-01    0.000000E+00    0.000000E+00    0.000000E+00
1.171500E+00   -1.268307E+02   -4.774760E+01   -1.615791E+02    0.000000E+00    0.000000E+00    0.000000E+00    1.093388E+02   -2.579813E+02   -9.529157E+00    0.000000E+00    0.000000E+00    0.000000E+00
1.172500E+00   -1.345119E+02   -7.088755E+01   -2.124499E+02    0.000000E+00    0.000000E+00    0.000000E+00    1.512452E+02   -3.113687E+02    8.086371E+00    0.000000E+00    0.000000E+00    0.000000E+00
1.173500E+00   -1.481646E+02   -6.737176E+01   -1.935697E+02    0.000000E+00    0.000000E+00    0.000000E+00    1.410742E+02   -3.081636E+02   -6.578008E-01    0.000000E+00    0.000000E+00    0.000000E+00
1.174500E+00   -1.299888E+02   -6.176243E+01   -1.945855E+02    0.000000E+00    0.000000E+00    0.000000E+00    1.367652E+02   -2.932928E+02    1.886792E+00    0.000000E+00    0.000000E+00    0.000000E+00
1.175500E+00   -8.129784E+01   -3.176832E+01   -2.301153E+02    0.000000E+00    0.000000E+00    0.000000E+00    1.246562E+02   -2.818270E+02   -4.988947E+00    0.000000E+00    0.000000E+00    0.000000E+00
1.176500E+00   -1.193235E+02   -5.398532E+01   -2.021662E+02    0.000000E+00    0.000000E+00    0.000000E+00    1.336537E+02   -2.924951E+02   -6.962914E-01    0.000000E+00    0.000000E+00    0.000000E+00
1.177500E+00   -1.040365E+02   -5.821377E+01   -1.994700E+02    0.000000E+00    0.000000E+00    0.000000E+00    1.369698E+02   -2.772559E+02    9.687591E+00    0.000000E+00    0.000000E+00    0.000000E+00
1.178500E+00   -9.949575E+01   -3.750529E+01   -2.391323E+02    0.000000E+00    0.000000E+00    0.000000E+00    1.350258E+02   -3.097408E+02   -7.512928E+00    0.000000E+00    0.000000E+00    0.000000E+00
1.179500E+00   -1.161537E+02   -5.122407E+01   -2.083726E+02    0.000000E+00    0.000000E+00    0.000000E+00    1.354816E+02   -2.987415E+02   -1.905066E+00    0.000000E+00    0.000000E+00    0.000000E+00
1.180500E+00   -1.051485E+02   -5.034779E+01   -1.887831E+02    0.000000E+00    0.000000E+00    0.000000E+00    1.266195E+02   -2.713684E+02    1.990664E+00    0.000000E+00    0.000000E+00    0.000000E+00
1.181500E+00   -9.803386E+01   -4.832150E+01   -2.043264E+02    0.000000E+00    0.000000E+00    0.000000E+00    1.318126E+02   -2.802139E+02    3.097306E+00    0.000000E+00    0.000000E+00    0.000000E+00
1.182500E+00   -1.206419E+02   -5.852070E+01   -1.810739E+02    0.000000E+00    0.000000E+00    0.000000E+00    1.322388E+02   -2.814850E+02    2.904337E+00    0.000000E+00    0.000000E+00    0.000000E+00
1.183500E+00   -1.338274E+02   -4.453459E+01   -1.969970E+02    0.000000E+00    0.000000E+00    0.000000E+00    1.263075E+02   -3.088539E+02   -1.581551E+01    0.000000E+00    0.000000E+00    0.000000E+00
1.184500E+00   -9.883450E+01   -5.411056E+01   -1.852186E+02    0.000000E+00    0.000000E+00    0.000000E+00    1.306826E+02   -2.669130E+02    8.243978E+00    0.000000E+00    0.000000E+00    0.000000E+00
1.185500E+00   -1.378181E+02   -6.873831E+01   -1.782639E+02    0.000000E+00    0.000000E+00    0.000000E+00    1.420621E+02   -2.981093E+02    5.164133E+00    0.000000E+00    0.000000E+00    0.000000E+00
1.186500E+00   -9.131783E+01   -3.628698E+01   -1.927775E+02    0.000000E+00    0.000000E+00    0.000000E+00    1.179569E+02   -2.678550E+02   -5.382513E+00    0.000000E+00    0.000000E+00    0.000000E+00
1.187500E+00   -1.291871E+02   -5.828553E+01   -1.870514E+02    0.000000E+00    0.000000E+00    0.000000E+00    1.365053E+02   -2.991265E+02   -1.020321E+00    0.000000E+00    0.000000E+00    0.000000E+00
1.188500E+00   -9.634706E+01   -4.387115E+01   -1.605651E+02    0.000000E+00    0.000000E+00    0.000000E+00    1.119552E+02   -2.446117E+02   -4.001739E-01    0.000000E+00    0.000000E+00    0.000000E+00
1.189500E+00   -1.633373E+02   -7.568754E+01   -1.609921E+02    0.000000E+00    0.000000E+00    0.000000E+00    1.421516E+02   -3.082374E+02    5.738256E-01    0.000000E+00    0.000000E+00    0.000000E+00
1.190500E+00   -8.565557E+01   -4.982235E+01   -1.817688E+02    0.000000E+00    0.000000E+00    0.000000E+00    1.272409E+02   -2.554825E+02    9.992289E+00    0.000000E+00    0.000000E+00    0.000000E+00
1.191500E+00   -1.515221E+02   -5.787005E+01   -1.632369E+02    0.000000E+00    0.000000E+00    0.000000E+00    1.273471E+02   -3.010910E+02   -1.141351E+01    0.000000E+00    0.000000E+00    0.000000E+00
1.192500E+00   -1.061327E+02   -5.046150E+01   -1.399494E+02    0.000000E+00    0.000000E+00    0.000000E+00    1.098796E+02   -2.354942E+02    1.560973E+00    0.000000E+00    0.000000E+00    0.000000E+00
1.193500E+00   -1.332816E+02   -7.414532E+01   -1.833921E+02    0.000000E+00    0.000000E+00    0.000000E+00    1.520189E+02   -3.041050E+02    1.243858E+01    0.000000E+00    0.000000E+00    0.000000E+00
1.194500E+00   -1.273470E+02   -4.830477E+01   -1.586355E+02    0.000000E+00    0.000000E+00    0.000000E+00    1.167217E+02   -2.750142E+02   -9.953885E+00    0.000000E+00    0.000000E+00    0.000000E+00
1.195500E+00   -1.217540E+02   -5.407198E+01   -1.395021E+02    0.000000E+00    0.000000E+00    0.000000E+00    1.137977E+02   -2.512824E+02   -1.810310E+00    0.000000E+00    0.000000E+00    0.000000E+00
1.196500E+00   -1.017000E+02   -5.091188E+01   -1.852723E+02    0.000000E+00    0.000000E+00    0.000000E+00    1.312161E+02   -2.769453E+02    4.137391E+00    0.000000E+00    0.000000E+00    0.000000E+00
1.197500E+00   -7.712055E+01   -3.719600E+01   -1.518957E+02    0.000000E+00    0.000000E+00    0.000000E+00    1.036949E+02   -2.218909E+02    1.733881E+00    0.000000E+00    0.000000E+00    0.000000E+00
1.198500E+00   -1.281561E+02   -5.971845E+01   -1.803820E+02    0.000000E+00    0.000000E+00    0.000000E+00    1.387086E+02   -2.998034E+02    8.712695E-01    0.000000E+00    0.000000E+00    0.000000E+00
1.199500E+00   -1.417149E+02   -6.174894E+01   -1.663402E+02    0.000000E+00    0.000000E+00    0.000000E+00    1.342942E+02   -2.991686E+02   -3.244548E+00    0.000000E+00    0.000000E+00    0.000000E+00
1.200500E+00   -9.532126E+01   -4.707224E+01   -1.692189E+02    0.000000E+00    0.000000E+00    0.000000E+00    1.218130E+02   -2.580155E+02    3.256166E+00    0.000000E+00    0.000000E+00    0.000000E+00
1.201500E+00   -1.046262E+02   -3.794922E+01   -1.789883E+02    0.000000E+00    0.000000E+00    0.000000E+00    1.175060E+02   -2.770046E+02   -9.837138E+00    0.000000E+00    0.000000E+00    0.000000E+00
1.202500E+00   -8.836899E+01   -4.561876E+01   -1.256138E+02    0.000000E+00    0.000000E+00    0.000000E+00    1.015028E+02   -2.102015E+02    5.079010E+00    0.000000E+00    0.000000E+00    0.000000E+00
1.203500E+00   -1.058063E+02   -5.531194E+01   -1.593763E+02    0.000000E+00    0.000000E+00    0.000000E+00    1.261508E+02   -2.602435E+02    6.748618E+00    0.000000E+00    0.000000E+00    0.000000E+00
1.204500E+00   -1.226711E+02   -4.002136E+01   -1.496639E+02    0.000000E+00    0.000000E+00    0.000000E+00    1.074179E+02   -2.682543E+02   -1.615396E+01    0.000000E+00    0.000000E+00    0.000000E+00
1.205500E+00   -9.233962E+01   -4.561339E+01   -1.650669E+02    0.000000E+00    0.000000E+00    0.000000E+00    1.196745E+02   -2.538412E+02    3.242568E+00    0.000000E+00    0.000000E+00    0.000000E+00
1.206500E+00   -9.353091E+01   -5.154822E+01   -1.825022E+02    0.000000E+00    0.000000E+00    0.000000E+00    1.337279E+02   -2.727628E+02    8.646913E+00    0.000000E+00    0.000000E+00    0.000000E+00
1.207500E+00   -1.024235E+02   -3.956023E+01   -1.710989E+02    0.000000E+00    0.000000E+00    0.000000E+00    1.173925E+02   -2.712616E+02   -7.454109E+00    0.000000E+00    0.000000E+00    0.000000E+00
1.208500E+00   -1.128847E+02   -5.486364E+01   -1.987575E+02    0.000000E+00    0.000000E+00    0.000000E+00    1.452179E+02   -3.094285E+02    3.026261E+00    0.000000E+00    0.000000E+00    0.000000E+00
1.209500E+00   -1.164988E+02   -5.038055E+01   -1.658645E+02    0.000000E+00    0.000000E+00    0.000000E+00    1.260136E+02   -2.810001E+02   -3.099336E+00    0.000000E+00    0.000000E+00    0.000000E+00
1.210500E+00   -9.400802E+01   -3.934325E+01   -1.888908E+02    0.000000E+00    0.000000E+00    0.000000E+00    1.257222E+02   -2.818314E+02   -3.839749E+00    0.000000E+00    0.000000E+00    0.000000E+00
1.211500E+00   -8.031482E+01   -4.239746E+01   -1.925717E+02    0.000000E+00    0.000000E+00    0.000000E+00    1.308592E+02   -2.730031E+02    5.550048E+00    0.000000E+00    0.000000E+00    0.000000E+00
1.212500E+00   -1.230447E+02   -4.717082E+01   -1.854177E+02    0.000000E+00    0.000000E+00    0.000000E+00    1.328597E+02   -3.093948E+02   -9.432714E+00    0.000000E+00    0.000000E+00    0.000000E+00
1.213500E+00   -9.887965E+01   -5.537802E+01   -2.112935E+02    0.000000E+00    0.000000E+00    0.000000E+00    1.528579E+02   -3.112110E+02    9.951148E+00    0.000000E+00    0.000000E+00    0.000000E+00
1.214500E+00   -1.368067E+02   -5.102192E+01   -2.236673E+02    0.000000E+00    0.000000E+00    0.000000E+00    1.551094E+02   -3.634302E+02   -1.205181E+01    0.000000E+00    0.000000E+00    0.000000E+00
1.215500E+00   -1.112051E+02   -5.184276E+01   -1.505645E+02    0.000000E+00    0.000000E+00    0.000000E+00    1.221811E+02   -2.644789E+02    7.129716E-01    0.000000E+00    0.000000E+00    0.000000E+00
1.216500E+00   -8.098855E+01   -5.434402E+01   -2.034606E+02    0.000000E+00    0.000000E+00    0.000000E+00    1.495266E+02   -2.879668E+02    1.740164E+01    0.000000E+00    0.000000E+00    0.000000E+00
1.217500E+00   -1.112236E+02   -2.653798E+01   -1.630173E+02    0.000000E+00    0.000000E+00    0.000000E+00    1.030451E+02   -2.780610E+02   -2.505403E+01    0.000000E+00    0.000000E+00    0.000000E+00
1.218500E+00   -1.098927E+02   -7.194309E+01   -2.077726E+02    0.000000E+00    0.000000E+00    0.000000E+00    1.699834E+02   -3.228719E+02    2.187119E+01    0.000000E+00    0.000000E+00    0.000000E+00
1.219500E+00   -9.075328E+01   -3.041354E+01   -1.894829E+02    0.000000E+00    0.000000E+00    0.000000E+00    1.197360E+02   -2.856368E+02   -1.138002E+01    0.000000E+00    0.000000E+00    0.000000E+00
1.220500E+00   -1.262318E+02   -5.737176E+01   -1.535084E+02    0.000000E+00    0.000000E+00    0.000000E+00    1.307372E+02   -2.859317E+02   -6.339555E-01    0.000000E+00    0.000000E+00    0.000000E+00
1.221500E+00   -1.167918E+02   -5.978241E+01   -1.569436E+02    0.000000E+00    0.000000E+00    0.000000E+00    1.352496E+02   -2.808968E+02    6.484413E+00    0.000000E+00    0.000000E+00    0.000000E+00
1.222500E+00   -1.047691E+02   -4.274347E+01   -1.553702E+02    0.000000E+00    0.000000E+00    0.000000E+00    1.173141E+02   -2.674147E+02   -5.491352E+00    0.000000E+00    0.000000E+00    0.000000E+00
1.223500E+00   -8.316326E+01   -4.286498E+01   -1.833263E+02    0.000000E+00    0.000000E+00    0.000000E+00    1.308921E+02   -2.746319E+02    4.868367E+00    0.000000E+00    0.000000E+00    0.000000E+00
1.224500E+00   -1.248749E+02   -5.495624E+01   -1.808544E+02    0.000000E+00    0.000000E+00    0.000000E+00    1.422471E+02   -3.154500E+02   -2.299469E+00    0.000000E+00    0.000000E+00    0.000000E+00
1.225500E+00   -1.299316E+02   -5.563803E+01   -2.208195E+02    0.000000E+00    0.000000E+00    0.000000E+00    1.625710E+02   -3.633053E+02   -4.248590E+00    0.000000E+00    0.000000E+00    0.000000E+00
1.226500E+00   -1.117030E+02   -6.681279E+01   -1.886773E+02    0.000000E+00    0.000000E+00    0.000000E+00    1.587739E+02   -3.111070E+02    1.633407E+01    0.000000E+00    0.000000E+00    0.000000E+00
1.227500E+00   -1.093547E+02   -4.084994E+01   -1.731201E+02    0.000000E+00    0.000000E+00    0.000000E+00    1.250472E+02   -2.932849E+02   -9.539024E+00    0.000000E+00    0.000000E+00    0.000000E+00
1.228500E+00   -1.130835E+02   -4.560677E+01   -1.646376E+02    0.000000E+00    0.000000E+00    0.000000E+00    1.263237E+02   -2.894513E+02   -6.487928E+00    0.000000E+00    0.000000E+00    0.000000E+00
1.229500E+00   -1.149565E+02   -6.446378E+01   -1.940505E+02    0.000000E+00    0.000000E+00    0.000000E+00    1.600503E+02   -3.224894E+02    1.247669E+01    0.000000E+00    0.000000E+00    0.000000E+00
1.230500E+00   -1.021252E+02   -4.256824E+01   -1.978767E+02    0.000000E+00    0.000000E+00    0.000000E+00    1.394362E+02   -3.136847E+02   -4.332679E+00    0.000000E+00    0.000000E+00    0.000000E+00
1.231500E+00   -1.238324E+02   -6.189877E+01   -1.799018E+02    0.000000E+00    0.000000E+00    0.000000E+00    1.512771E+02   -3.181666E+02    5.402581E+00    0.000000E+00    0.000000E+00    0.000000E+00
1.232500E+00   -7.986292E+01   -2.382342E+01   -1.798332E+02    0.000000E+00    0.000000E+00    0.000000E+00    1.117466E+02   -2.731452E+02   -1.331936E+01    0.000000E+00    0.000000E+00    0.000000E+00
1.233500E+00   -1.012115E+02   -5.487412E+01   -1.467084E+02    0.000000E+00    0.000000E+00    0.000000E+00    1.285633E+02   -2.612660E+02    9.115391E+00    0.000000E+00    0.000000E+00    0.000000E+00
1.234500E+00   -9.517345E+01   -4.558180E+01   -1.579073E+02    0.000000E+00    0.000000E+00    0.000000E+00    1.246021E+02   -2.676382E+02    2.299576E+00    0.000000E+00    0.000000E+00    0.000000E+00
1.235500E+00   -8.940260E+01   -3.738412E+01   -1.627229E+02    0.000000E+00    0.000000E+00    0.000000E+00    1.186527E+02   -2.672207E+02   -3.681858E+00    0.000000E+00    0.000000E+00    0.000000E+00
1.236500E+00   -1.131081E+02   -6.056973E+01   -1.619612E+02    0.000000E+00    0.000000E+00    0.000000E+00    1.429398E+02   -2.919458E+02    9.364159E+00    0.000000E+00    0.000000E+00    0.000000E+00
1.237500E+00   -1.080191E+02   -4.031692E+01   -1.985258E+02    0.000000E+00    0.000000E+00    0.000000E+00    1.396587E+02   -3.261033E+02   -9.723071E+00    0.000000E+00    0.000000E+00    0.000000E+00
1.238500E+00   -1.235907E+02   -5.005757E+01   -1.606675E+02    0.000000E+00    0.000000E+00    0.000000E+00    1.318419E+02   -3.032619E+02   -6.983065E+00    0.000000E+00    0.000000E+00    0.000000E+00
1.239500E+00   -8.663168E+01   -5.921440E+01   -1.859987E+02    0.000000E+00    0.000000E+00    0.000000E+00    1.539085E+02   -2.910179E+02    2.094498E+01    0.000000E+00    0.000000E+00    0.000000E+00
1.240500E+00   -1.168971E+02   -4.675077E+01   -1.763805E+02    0.000000E+00    0.000000E+00    0.000000E+00    1.366273E+02   -3.142242E+02   -7.225995E+00    0.000000E+00    0.000000E+00    0.000000E+00
1.241500E+00   -1.165344E+02   -5.598521E+01   -1.496353E+02    0.000000E+00    0.000000E+00    0.000000E+00    1.336494E+02   -2.856037E+02    2.782042E+00    0.000000E+00    0.000000E+00    0.000000E+00
1.242500E+00   -1.093067E+02   -4.426655E+01   -1.664632E+02    0.000000E+00    0.000000E+00    0.000000E+00    1.293330E+02   -2.962750E+02   -6.105626E+00    0.000000E+00    0.000000E+00    0.000000E+00
1.243500E+00   -1.126314E+02   -6.127747E+01   -1.642395E+02    0.000000E+00    0.000000E+00    0.000000E+00    1.470867E+02   -2.986041E+02    1.052553E+01    0.000000E+00    0.000000E+00    0.000000E+00
1.244500E+00   -1.306799E+02   -6.362217E+01   -1.525906E+02    0.000000E+00    0.000000E+00    0.000000E+00    1.439839E+02   -3.058998E+02    4.339333E+00    0.000000E+00    0.000000E+00    0.000000E+00
1.245500E+00   -1.184137E+02   -4.575213E+01   -1.759050E+02    0.000000E+00    0.000000E+00    0.000000E+00    1.365102E+02   -3.180787E+02   -9.100552E+00    0.000000E+00    0.000000E+00    0.000000E+00
1.246500E+00   -1.386728E+02   -6.241942E+01   -2.035145E+02    0.000000E+00    0.000000E+00    0.000000E+00    1.681643E+02   -3.703131E+02   -9.270085E-01    0.000000E+00    0.000000E+00    0.000000E+00
1.247500E+00   -1.177812E+02   -5.912802E+01   -1.391962E+02    0.000000E+00    0.000000E+00    0.000000E+00    1.333673E+02   -2.795687E+02    5.913699E+00    0.000000E+00    0.000000E+00    0.000000E+00
1.248500E+00   -1.114762E+02   -4.242838E+01   -1.452963E+02    0.000000E+00    0.000000E+00    0.000000E+00    1.181924E+02   -2.788643E+02   -9.227990E+00    0.000000E+00    0.000000E+00    0.000000E+00
1.249500E+00   -9.349728E+01   -6.423441E+01   -1.773433E+02    0.000000E+00    0.000000E+00    0.000000E+00    1.580994E+02   -2.951091E+02    2.370396E+01    0.000000E+00    0.000000E+00    0.000000E+00
1.250500E+00   -1.064122E+02   -5.032137E+01   -1.500127E+02    0.000000E+00    0.000000E+00    0.000000E+00    1.296892E+02   -2.797673E+02    1.974204E+00    0.000000E+00    0.000000E+00    0.000000E+00
1.251500E+00   -1.207316E+02   -3.315332E+01   -1.182472E+02    0.000000E+00    0.000000E+00    0.000000E+00    9.584537E+01   -2.619744E+02   -2.404393E+01    0.000000E+00    0.000000E+00    0.000000E+00
1.252500E+00   -1.163919E+02   -6.557051E+01   -1.325166E+02    0.000000E+00    0.000000E+00    0.000000E+00    1.375637E+02   -2.720317E+02    1.393210E+01    0.000000E+00    0.000000E+00    0.000000E+00
1.253500E+00   -9.416529E+01   -4.748538E+01   -1.714062E+02    0.000000E+00    0.000000E+00    0.000000E+00    1.379645E+02   -2.918097E+02    5.171468E+00    0.000000E+00    0.000000E+00    0.000000E+00
1.254500E+00   -1.026478E+02   -4.739179E+01   -1.415735E+02    0.000000E+00    0.000000E+00    0.000000E+00    1.229782E+02   -2.682524E+02    7.374848E-01    0.000000E+00    0.000000E+00    0.000000E+00
1.255500E+00   -1.266048E+02   -4.874371E+01   -1.276983E+02    0.000000E+00    0.000000E+00    0.000000E+00    1.178165E+02   -2.802347E+02   -9.765967E+00    0.000000E+00    0.000000E+00    0.000000E+00
1.256500E+00   -9.985209E+01   -5.490113E+01   -1.708061E+02    0.000000E+00    0.000000E+00    0.000000E+00    1.461122E+02   -2.983194E+02    1.053901E+01    0.000000E+00    0.000000E+00    0.000000E+00
1.257500E+00   -1.145932E+02   -5.393985E+01   -1.099116E+02    0.000000E+00    0.000000E+00    0.000000E+00    1.146324E+02   -2.476973E+02    2.170962E+00    0.000000E+00    0.000000E+00    0.000000E+00
1.258500E+00   -9.702579E+01   -4.061159E+01   -1.505250E+02    0.000000E+00    0.000000E+00    0.000000E+00    1.205820E+02   -2.736496E+02   -3.896991E+00    0.000000E+00    0.000000E+00    0.000000E+00
1.259500E+00   -1.154889E+02   -5.872075E+01   -1.206341E+02    0.000000E+00    0.000000E+00    0.000000E+00    1.255930E+02   -2.616447E+02    7.088707E+00    0.000000E+00    0.000000E+00    0.000000E+00
1.260500E+00   -1.010214E+02   -3.761129E+01   -1.281096E+02    0.000000E+00    0.000000E+00    0.000000E+00    1.062960E+02   -2.538960E+02   -9.173595E+00    0.000000E+00    0.000000E+00    0.000000E+00
1.261500E+00   -1.216652E+02   -4.918356E+01   -1.298021E+02    0.000000E+00    0.000000E+00    0.000000E+00    1.199032E+02   -2.790806E+02   -6.594714E+00    0.000000E+00    0.000000E+00    0.000000E+00
1.262500E+00   -1.257127E+02   -6.925715E+01   -1.771294E+02    0.000000E+00    0.000000E+00    0.000000E+00    1.657837E+02   -3.358783E+02    1.375364E+01    0.000000E+00    0.000000E+00    0.000000E+00
1.263500E+00   -1.397374E+02   -6.338067E+01   -1.432979E+02    0.000000E+00    0.000000E+00    0.000000E+00    1.426280E+02   -3.146016E+02    9.142857E-02    0.000000E+00    0.000000E+00    0.000000E+00
1.264500E+00   -1.105993E+02   -4.936462E+01   -1.156719E+02    0.000000E+00    0.000000E+00    0.000000E+00    1.133078E+02   -2.517900E+02   -8.478671E-01    0.000000E+00    0.000000E+00    0.000000E+00
1.265500E+00   -1.099389E+02   -3.813927E+01   -1.133929E+02    0.000000E+00    0.000000E+00    0.000000E+00    9.953506E+01   -2.485700E+02   -1.301608E+01    0.000000E+00    0.000000E+00    0.000000E+00
1.266500E+00   -1.151099E+02   -6.141857E+01   -1.403867E+02    0.000000E+00    0.000000E+00    0.000000E+00    1.389692E+02   -2.844304E+02    1.054868E+01    0.000000E+00    0.000000E+00    0.000000E+00
1.267500E+00   -9.549179E+01   -4.068883E+01   -9.601694E+01    0.000000E+00    0.000000E+00    0.000000E+00    9.361658E+01   -2.132035E+02   -2.660957E+00    0.000000E+00    0.000000E+00    0.000000E+00
1.268500E+00   -1.158728E+02   -5.476255E+01   -1.192261E+02    0.000000E+00    0.000000E+00    0.000000E+00    1.211300E+02   -2.620046E+02    2.702981E+00    0.000000E+00    0.000000E+00    0.000000E+00
1.269500E+00   -1.174248E+02   -4.748835E+01   -1.181857E+02    0.000000E+00    0.000000E+00    0.000000E+00    1.125430E+02   -2.626855E+02   -6.228124E+00    0.000000E+00    0.000000E+00    0.000000E+00
1.270500E+00   -8.721574E+01   -4.427135E+01   -1.293298E+02    0.000000E+00    0.000000E+00    0.000000E+00    1.147254E+02   -2.414235E+02    5.373301E+00    0.000000E+00    0.000000E+00    0.000000E+00
1.271500E+00   -1.120595E+02   -5.629423E+01   -1.324191E+02    0.000000E+00    0.000000E+00    0.000000E+00    1.295251E+02   -2.728015E+02    6.585023E+00    0.000000E+00    0.000000E+00    0.000000E+00
1.272500E+00   -1.163275E+02   -5.605852E+01   -1.296272E+02    0.000000E+00    0.000000E+00    0.000000E+00    1.279432E+02   -2.748130E+02    4.118346E+00    0.000000E+00    0.000000E+00    0.000000E+00
1.273500E+00   -8.652121E+01   -5.790424E+01   -1.412361E+02    0.000000E+00    0.000000E+00    0.000000E+00    1.361639E+02   -2.543602E+02    2.113296E+01    0.000000E+00    0.000000E+00    0.000000E+00
1.274500E+00   -1.357354E+02   -3.872758E+01   -1.060005E+02    0.000000E+00    0.000000E+00    0.000000E+00    9.631362E+01   -2.700150E+02   -2.486236E+01    0.000000E+00    0.000000E+00    0.000000E+00
1.275500E+00   -9.030157E+01   -4.018134E+01   -1.027174E+02    0.000000E+00    0.000000E+00    0.000000E+00    9.688723E+01   -2.159902E+02   -5.944696E-01    0.000000E+00    0.000000E+00    0.000000E+00
1.276500E+00   -8.480742E+01   -4.011153E+01   -7.789034E+01    0.000000E+00    0.000000E+00    0.000000E+00    8.348853E+01   -1.812995E+02    2.497136E+00    0.000000E+00    0.000000E+00    0.000000E+00
1.277500E+00   -9.056057E+01   -3.462912E+01   -9.804256E+01    0.000000E+00    0.000000E+00    0.000000E+00    8.816096E+01   -2.113592E+02   -6.710141E+00    0.000000E+00    0.000000E+00    0.000000E+00
1.278500E+00   -1.118089E+02   -3.793893E+01   -1.118241E+02    0.000000E+00    0.000000E+00    0.000000E+00    9.847375E+01   -2.498311E+02   -1.370842E+01    0.000000E+00    0.000000E+00    0.000000E+00
1.279500E+00   -8.684375E+01   -4.487420E+01   -8.486803E+01    0.000000E+00    0.000000E+00    0.000000E+00    9.291788E+01   -1.921058E+02    6.624766E+00    0.000000E+00    0.000000E+00    0.000000E+00
1.280500E+00   -1.069639E+02   -6.095734E+01   -1.189596E+02    0.000000E+00    0.000000E+00    0.000000E+00    1.279727E+02   -2.524348E+02    1.453565E+01    0.000000E+00    0.000000E+00    0.000000E+00
1.281500E+00   -1.293887E+02   -4.566280E+01   -1.178085E+02    0.000000E+00    0.000000E+00    0.000000E+00    1.102927E+02   -2.762976E+02   -1.396882E+01    0.000000E+00    0.000000E+00    0.000000E+00
1.282500E+00   -9.415210E+01   -7.813117E+01   -9.205208E+01    0.000000E+00    0.000000E+00    0.000000E+00    1.336472E+02   -2.082636E+02    4.040544E+01    0.000000E+00    0.000000E+00    0.000000E+00
1.283500E+00   -1.158213E+02   -3.582897E+01   -8.789286E+01    0.000000E+00    0.000000E+00    0.000000E+00    8.421310E+01   -2.269957E+02   -1.814478E+01    0.000000E+00    0.000000E+00    0.000000E+00
1.284500E+00   -1.233206E+02   -8.492473E+01   -1.103337E+02    0.000000E+00    0.000000E+00    0.000000E+00    1.499861E+02   -2.607983E+02    3.345108E+01    0.000000E+00    0.000000E+00    0.000000E+00
1.285500E+00   -1.329391E+02   -5.151675E+01   -1.211822E+02    0.000000E+00    0.000000E+00    0.000000E+00    1.180245E+02   -2.834695E+02   -8.732304E+00    0.000000E+00    0.000000E+00    0.000000E+00
1.286500E+00   -1.200730E+02   -7.555707E+01   -9.480237E+01    0.000000E+00    0.000000E+00    0.000000E+00    1.313944E+02   -2.392852E+02    2.462149E+01    0.000000E+00    0.000000E+00    0.000000E+00
1.287500E+00   -1.084338E+02   -3.987177E+01   -7.534243E+01    0.000000E+00    0.000000E+00    0.000000E+00    8.200300E+01   -2.043951E+02   -9.546950E+00    0.000000E+00    0.000000E+00    0.000000E+00
1.288500E+00   -7.800131E+01   -4.910429E+01   -8.609841E+01    0.000000E+00    0.000000E+00    0.000000E+00    9.693276E+01   -1.823814E+02    1.635645E+01    0.000000E+00    0.000000E+00    0.000000E+00
1.289500E+00   -1.063799E+02   -5.343308E+01   -1.056427E+02    0.000000E+00    0.000000E+00    0.000000E+00    1.116876E+02   -2.354837E+02    6.859523E+00    0.000000E+00    0.000000E+00    0.000000E+00
1.290500E+00   -1.008313E+02   -2.737734E+01   -1.108492E+02    0.000000E+00    0.000000E+00    0.000000E+00    8.470542E+01   -2.346132E+02   -1.917742E+01    0.000000E+00    0.000000E+00    0.000000E+00
1.291500E+00   -9.824894E+01   -5.948921E+01   -1.040790E+02    0.000000E+00    0.000000E+00    0.000000E+00    1.172189E+02   -2.244092E+02    1.775816E+01    0.000000E+00    0.000000E+00    0.000000E+00
1.292500E+00   -8.385877E+01   -2.780214E+01   -9.050365E+01    0.000000E+00    0.000000E+00    0.000000E+00    7.505473E+01   -1.930397E+02   -1.025592E+01    0.000000E+00    0.000000E+00    0.000000E+00
1.293500E+00   -7.301001E+01   -3.895583E+01   -8.161863E+01    0.000000E+00    0.000000E+00    0.000000E+00    8.308732E+01   -1.709077E+02    7.416290E+00    0.000000E+00    0.000000E+00    0.000000E+00
1.294500E+00   -1.146238E+02   -3.791060E+01   -1.000448E+02    0.000000E+00    0.000000E+00    0.000000E+00    9.083782E+01   -2.372196E+02   -1.414357E+01    0.000000E+00    0.000000E+00    0.000000E+00
1.295500E+00   -1.206588E+02   -6.737082E+01   -1.284805E+02    0.000000E+00    0.000000E+00    0.000000E+00    1.374123E+02   -2.758257E+02    1.574833E+01    0.000000E+00    0.000000E+00    0.000000E+00
1.296500E+00   -9.525428E+01   -3.933785E+01   -8.543586E+01    0.000000E+00    0.000000E+00    0.000000E+00    8.504589E+01   -1.992836E+02   -2.893129E+00    0.000000E+00    0.000000E+00    0.000000E+00
1.297500E+00   -9.082021E+01   -2.645908E+01   -8.816361E+01    0.000000E+00    0.000000E+00    0.000000E+00    7.205497E+01   -1.974663E+02   -1.495415E+01    0.000000E+00    0.000000E+00    0.000000E+00
1.298500E+00   -4.347858E+01   -3.714607E+01   -7.477062E+01    0.000000E+00    0.000000E+00    0.000000E+00    7.695281E+01   -1.301058E+02    2.014179E+01    0.000000E+00    0.000000E+00    0.000000E+00
1.299500E+00   -9.141077E+01   -3.003892E+01   -8.236387E+01    0.000000E+00    0.000000E+00    0.000000E+00    7.322792E+01   -1.916129E+02   -1.125660E+01    0.000000E+00    0.000000E+00    0.000000E+00
1.300500E+00   -9.015335E+01   -3.933440E+01   -1.008363E+02    0.000000E+00    0.000000E+00    0.000000E+00    9.173684E+01   -2.097564E+02   -1.587992E-01    0.000000E+00    0.000000E+00    0.000000E+00
1.301500E+00   -9.324766E+01   -3.981220E+01   -1.073079E+02    0.000000E+00    0.000000E+00    0.000000E+00    9.527767E+01   -2.200980E+02   -1.027728E+00    0.000000E+00    0.000000E+00    0.000000E+00
1.302500E+00   -7.956520E+01   -3.530763E+01   -7.457875E+01    0.000000E+00    0.000000E+00    0.000000E+00    7.479447E+01   -1.694732E+02    5.661462E-01    0.000000E+00    0.000000E+00    0.000000E+00
1.303500E+00   -6.870248E+01   -3.824655E+01   -7.168469E+01    0.000000E+00    0.000000E+00    0.000000E+00    7.641160E+01   -1.538960E+02    9.002018E+00    0.000000E+00    0.000000E+00    0.000000E+00
1.304500E+00   -1.020113E+02   -3.460087E+01   -7.190618E+01    0.000000E+00    0.000000E+00    0.000000E+00    7.253142E+01   -1.906756E+02   -1.098410E+01    0.000000E+00    0.000000E+00    0.000000E+00
1.305500E+00   -9.392430E+01   -4.563444E+01   -9.118939E+01    0.000000E+00    0.000000E+00    0.000000E+00    9.324810E+01   -2.021359E+02    5.233015E+00    0.000000E+00    0.000000E+00    0.000000E+00
1.306500E+00   -9.519895E+01   -4.196778E+01   -1.072365E+02    0.000000E+00    0.000000E+00    0.000000E+00    9.699352E+01   -2.214740E+02    6.548231E-01    0.000000E+00    0.000000E+00    0.000000E+00
1.307500E+00   -9.806407E+01   -4.936286E+01   -8.229745E+01    0.000000E+00    0.000000E+00    0.000000E+00    9.279291E+01   -1.964595E+02    7.357775E+00    0.000000E+00    0.000000E+00    0.000000E+00
1.308500E+00   -9.972357E+01   -3.383684E+01   -1.071062E+02    0.000000E+00    0.000000E+00    0.000000E+00    8.741345E+01   -2.248673E+02   -1.030597E+01    0.000000E+00    0.000000E+00    0.000000E+00
1.309500E+00   -1.152891E+02   -5.596044E+01   -1.028598E+02    0.000000E+00    0.000000E+00    0.000000E+00    1.093170E+02   -2.370881E+02    6.529862E+00    0.000000E+00    0.000000E+00    0.000000E+00
1.310500E+00   -1.004108E+02   -5.080194E+01   -1.139213E+02    0.000000E+00    0.000000E+00    0.000000E+00    1.085033E+02   -2.322743E+02    8.065200E+00    0.000000E+00    0.000000E+00    0.000000E+00
1.311500E+00   -1.368173E+02   -6.644487E+01   -9.931859E+01    0.000000E+00    0.000000E+00    0.000000E+00    1.186491E+02   -2.556854E+02    7.863470E+00    0.000000E+00    0.000000E+00    0.000000E+00
1.312500E+00   -1.172037E+02   -5.234439E+01   -1.075118E+02    0.000000E+00    0.000000E+00    0.000000E+00    1.067231E+02   -2.426824E+02    1.918452E+00    0.000000E+00    0.000000E+00    0.000000E+00
1.313500E+00   -1.277008E+02   -6.689268E+01   -1.114295E+02    0.000000E+00    0.000000E+00    0.000000E+00    1.243173E+02   -2.583252E+02    1.283177E+01    0.000000E+00    0.000000E+00    0.000000E+00
1.314500E+00   -9.503818E+01   -3.101372E+01   -9.847257E+01    0.000000E+00    0.000000E+00    0.000000E+00    7.848812E+01   -2.076790E+02   -1.042493E+01    0.000000E+00    0.000000E+00    0.000000E+00
1.315500E+00   -1.200058E+02   -5.083479E+01   -1.078378E+02    0.000000E+00    0.000000E+00    0.000000E+00    1.045544E+02   -2.451379E+02   -7.108828E-01    0.000000E+00    0.000000E+00    0.000000E+00
1.316500E+00   -8.600871E+01   -5.291446E+01   -8.271845E+01    0.000000E+00    0.000000E+00    0.000000E+00    9.447702E+01   -1.805287E+02    1.742678E+01    0.000000E+00    0.000000E+00    0.000000E+00
1.317500E+00   -1.006872E+02   -4.243224E+01   -1.240774E+02    0.000000E+00    0.000000E+00    0.000000E+00    1.018748E+02   -2.402376E+02   -4.593781E-01    0.000000E+00    0.000000E+00    0.000000E+00
1.318500E+00   -8.734086E+01   -2.152101E+01   -7.805663E+01    0.000000E+00    0.000000E+00    0.000000E+00    5.824917E+01   -1.763103E+02   -1.669685E+01    0.000000E+00    0.000000E+00    0.000000E+00
1.319500E+00   -5.889717E+01   -2.626997E+01   -8.336353E+01    0.000000E+00    0.000000E+00    0.000000E+00    6.486590E+01   -1.504646E+02    1.611016E+00    0.000000E+00    0.000000E+00    0.000000E+00
1.320500E+00   -4.833463E+01   -2.250524E+01   -6.259000E+01    0.000000E+00    0.000000E+00    0.000000E+00    5.173320E+01   -1.175095E+02    2.355273E+00    0.000000E+00    0.000000E+00    0.000000E+00
1.321500E+00   -6.342938E+01   -2.580717E+01   -9.287630E+01    0.000000E+00    0.000000E+00    0.000000E+00    6.851649E+01   -1.648892E+02   -9.152128E-01    0.000000E+00    0.000000E+00    0.000000E+00
1.322500E+00   -6.079773E+01   -1.707258E+01   -7.334000E+01    0.000000E+00    0.000000E+00    0.000000E+00    5.087833E+01   -1.421693E+02   -9.089187E+00    0.000000E+00    0.000000E+00    0.000000E+00
1.323500E+00   -7.692120E+01   -2.092885E+01   -1.152799E+02    0.000000E+00    0.000000E+00    0.000000E+00    7.317983E+01   -2.030734E+02   -1.198548E+01    0.000000E+00    0.000000E+00    0.000000E+00
1.324500E+00   -9.718349E+01   -4.567197E+01   -7.517905E+01    0.000000E+00    0.000000E+00    0.000000E+00    8.143752E+01   -1.814347E+02    5.033213E+00    0.000000E+00    0.000000E+00    0.000000E+00
1.325500E+00   -8.412318E+01   -2.825538E+01   -1.218193E+02    0.000000E+00    0.000000E+00    0.000000E+00    8.351072E+01   -2.169695E+02   -7.322216E+00    0.000000E+00    0.000000E+00    0.000000E+00
1.326500E+00   -9.354518E+01   -3.950822E+01   -1.018210E+02    0.000000E+00    0.000000E+00    0.000000E+00    8.662553E+01   -2.057978E+02    3.180919E-01    0.000000E+00    0.000000E+00    0.000000E+00
1.327500E+00   -9.612393E+01   -4.688342E+01   -7.886994E+01    0.000000E+00    0.000000E+00    0.000000E+00    8.405169E+01   -1.840190E+02    6.992672E+00    0.000000E+00    0.000000E+00    0.000000E+00
1.328500E+00   -1.085074E+02   -4.015380E+01   -1.009195E+02    0.000000E+00    0.000000E+00    0.000000E+00    8.601892E+01   -2.190864E+02   -5.276805E+00    0.000000E+00    0.000000E+00    0.000000E+00
1.329500E+00   -1.092119E+02   -4.884978E+01   -1.287321E+02    0.000000E+00    0.000000E+00    0.000000E+00    1.067691E+02   -2.481604E+02    3.678439E+00    0.000000E+00    0.000000E+00    0.000000E+00
1.330500E+00   -1.068069E+02   -5.152054E+01   -1.044996E+02    0.000000E+00    0.000000E+00    0.000000E+00    9.904637E+01   -2.201933E+02    7.451500E+00    0.000000E+00    0.000000E+00    0.000000E+00
1.331500E+00   -8.756389E+01   -3.363695E+01   -9.167946E+01    0.000000E+00    0.000000E+00    0.000000E+00    7.413366E+01   -1.857875E+02   -2.587945E+00    0.000000E+00    0.000000E+00    0.000000E+00
1.332500E+00   -8.549164E+01   -3.620880E+01   -1.012844E+02    0.000000E+00    0.000000E+00    0.000000E+00    8.096874E+01   -1.934851E+02    8.587137E-01    0.000000E+00    0.000000E+00    0.000000E+00
1.333500E+00   -9.292314E+01   -3.784112E+01   -9.888296E+01    0.000000E+00    0.000000E+00    0.000000E+00    8.110971E+01   -1.977967E+02   -4.550887E-01    0.000000E+00    0.000000E+00    0.000000E+00
1.334500E+00   -1.153594E+02   -3.934861E+01   -1.509048E+02    0.000000E+00    0.000000E+00    0.000000E+00    1.044457E+02   -2.743016E+02   -8.266493E+00    0.000000E+00    0.000000E+00    0.000000E+00
1.335500E+00   -1.196537E+02   -6.049411E+01   -1.321679E+02    0.000000E+00    0.000000E+00    0.000000E+00    1.181808E+02   -2.590735E+02    1.166918E+01    0.000000E+00    0.000000E+00    0.000000E+00
1.336500E+00   -1.396131E+02   -6.893467E+01   -1.314555E+02    0.000000E+00    0.000000E+00    0.000000E+00    1.262234E+02   -2.783013E+02    1.202822E+01    0.000000E+00    0.000000E+00    0.000000E+00
1.337500E+00   -1.412946E+02   -5.002216E+01   -1.380208E+02    0.000000E+00    0.000000E+00    0.000000E+00    1.086867E+02   -2.855301E+02   -7.718261E+00    0.000000E+00    0.000000E+00    0.000000E+00
1.338500E+00   -9.054274E+01   -4.238632E+01   -9.550510E+01    0.000000E+00    0.000000E+00    0.000000E+00    8.265212E+01   -1.894531E+02    5.754762E+00    0.000000E+00    0.000000E+00    0.000000E+00
1.339500E+00   -1.102076E+02   -5.322408E+01   -1.284363E+02    0.000000E+00    0.000000E+00    0.000000E+00    1.068812E+02   -2.424072E+02    8.754606E+00    0.000000E+00    0.000000E+00    0.000000E+00
1.340500E+00   -6.698881E+01   -2.471234E+01   -6.559380E+01    0.000000E+00    0.000000E+00    0.000000E+00    5.143684E+01   -1.337374E+02   -2.206037E+00    0.000000E+00    0.000000E+00    0.000000E+00
1.341500E+00   -5.528372E+01   -2.068937E+01   -7.655520E+01    0.000000E+00    0.000000E+00    0.000000E+00    5.133371E+01   -1.320925E+02   -1.379568E+00    0.000000E+00    0.000000E+00    0.000000E+00
1.342500E+00   -5.893249E+01   -2.545457E+01   -8.020648E+01    0.000000E+00    0.000000E+00    0.000000E+00    5.791898E+01   -1.398456E+02    1.846671E+00    0.000000E+00    0.000000E+00    0.000000E+00
1.343500E+00   -1.140866E+02   -3.407756E+01   -1.147210E+02    0.000000E+00    0.000000E+00    0.000000E+00    8.059233E+01   -2.305639E+02   -1.151725E+01    0.000000E+00    0.000000E+00    0.000000E+00
1.344500E+00   -9.001968E+01   -4.411520E+01   -8.702931E+01    0.000000E+00    0.000000E+00    0.000000E+00    7.919685E+01   -1.775787E+02    8.158317E+00    0.000000E+00    0.000000E+00    0.000000E+00
1.345500E+00   -7.878796E+01   -3.620995E+01   -1.004010E+02    0.000000E+00    0.000000E+00    0.000000E+00    7.545716E+01   -1.781668E+02    5.123947E+00    0.000000E+00    0.000000E+00    0.000000E+00
1.346500E+00   -8.069294E+01   -3.044944E+01   -9.343110E+01    0.000000E+00    0.000000E+00    0.000000E+00    6.684876E+01   -1.730961E+02   -1.295666E+00    0.000000E+00    0.000000E+00    0.000000E+00
1.347500E+00   -9.608335E+01   -3.365072E+01   -1.365671E+02    0.000000E+00    0.000000E+00    0.000000E+00    8.653951E+01   -2.305411E+02   -4.120327E+00    0.000000E+00    0.000000E+00    0.000000E+00
1.348500E+00   -1.135706E+02   -3.750063E+01   -1.326860E+02    0.000000E+00    0.000000E+00    0.000000E+00    8.849060E+01   -2.435292E+02   -6.869722E+00    0.000000E+00    0.000000E+00    0.000000E+00
1.349500E+00   -1.380270E+02   -6.686797E+01   -1.330603E+02    0.000000E+00    0.000000E+00    0.000000E+00    1.181079E+02   -2.682922E+02    1.246679E+01    0.000000E+00    0.000000E+00    0.000000E+00
1.350500E+00   -9.534718E+01   -4.211398E+01   -1.176097E+02    0.000000E+00    0.000000E+00    0.000000E+00    8.615530E+01   -2.089579E+02    5.079271E+00    0.000000E+00    0.000000E+00    0.000000E+00
1.351500E+00   -1.308219E+02   -5.444407E+01   -1.254125E+02    0.000000E+00    0.000000E+00    0.000000E+00    1.018677E+02   -2.523167E+02    3.371161E+00    0.000000E+00    0.000000E+00    0.000000E+00
1.352500E+00   -1.194680E+02   -5.182713E+01   -9.658279E+01    0.000000E+00    0.000000E+00    0.000000E+00    8.762616E+01   -2.117981E+02    5.403607E+00    0.000000E+00    0.000000E+00    0.000000E+00
1.353500E+00   -8.356098E+01   -2.769882E+01   -1.041313E+02    0.000000E+00    0.000000E+00    0.000000E+00    6.554678E+01   -1.821447E+02   -4.084899E+00    0.000000E+00    0.000000E+00    0.000000E+00
1.354500E+00   -8.366291E+01   -3.392426E+01   -9.061816E+01    0.000000E+00    0.000000E+00    0.000000E+00    6.703135E+01   -1.698411E+02    1.793061E+00    0.000000E+00    0.000000E+00    0.000000E+00
1.355500E+00   -9.075651E+01   -4.801208E+01   -1.165104E+02    0.000000E+00    0.000000E+00    0.000000E+00    8.902393E+01   -1.995375E+02    1.306852E+01    0.000000E+00    0.000000E+00    0.000000E+00
1.356500E+00   -8.187703E+01   -2.411566E+01   -9.723998E+01    0.000000E+00    0.000000E+00    0.000000E+00    5.851037E+01   -1.723321E+02   -6.524098E+00    0.000000E+00    0.000000E+00    0.000000E+00
1.357500E+00   -6.031471E+01   -1.694475E+01   -7.982759E+01    0.000000E+00    0.000000E+00    0.000000E+00    4.457325E+01   -1.335451E+02   -5.357616E+00    0.000000E+00    0.000000E+00    0.000000E+00
1.358500E+00   -1.190054E+02   -4.726981E+01   -1.449977E+02    0.000000E+00    0.000000E+00    0.000000E+00    9.790373E+01   -2.531993E+02    2.241001E+00    0.000000E+00    0.000000E+00    0.000000E+00
1.359500E+00   -1.151831E+02   -5.050958E+01   -1.056117E+02    0.000000E+00    0.000000E+00    0.000000E+00    8.650458E+01   -2.114400E+02    6.891742E+00    0.000000E+00    0.000000E+00    0.000000E+00
1.360500E+00   -1.121286E+02   -4.908199E+01   -1.272486E+02    0.000000E+00    0.000000E+00    0.000000E+00    9.210862E+01   -2.278677E+02    6.843120E+00    0.000000E+00    0.000000E+00    0.000000E+00
1.361500E+00   -1.103951E+02   -5.097536E+01   -1.124953E+02    0.000000E+00    0.000000E+00    0.000000E+00    8.851141E+01   -2.118850E+02    9.240996E+00    0.000000E+00    0.000000E+00    0.000000E+00
1.362500E+00   -1.030203E+02   -3.613514E+01   -1.012297E+02    0.000000E+00    0.000000E+00    0.000000E+00    6.969622E+01   -1.933915E+02   -1.786215E+00    0.000000E+00    0.000000E+00    0.000000E+00
1.363500E+00   -1.119484E+02   -4.494138E+01   -1.160523E+02    0.000000E+00    0.000000E+00    0.000000E+00    8.250811E+01   -2.144373E+02    3.616738E+00    0.000000E+00    0.000000E+00    0.000000E+00
1.364500E+00   -1.135756E+02   -4.992545E+01   -1.372482E+02    0.000000E+00    0.000000E+00    0.000000E+00    9.380394E+01   -2.350920E+02    7.949171E+00    0.000000E+00    0.000000E+00    0.000000E+00
1.365500E+00   -9.621198E+01   -3.377886E+01   -1.124247E+02    0.000000E+00    0.000000E+00    0.000000E+00    6.909284E+01   -1.942508E+02   -7.686735E-01    0.000000E+00    0.000000E+00    0.000000E+00
1.366500E+00   -8.090292E+01   -3.326406E+01   -1.037504E+02    0.000000E+00    0.000000E+00    0.000000E+00    6.498734E+01   -1.703894E+02    4.007482E+00    0.000000E+00    0.000000E+00    0.000000E+00
1.367500E+00   -9.557407E+01   -3.431066E+01   -1.131276E+02    0.000000E+00    0.000000E+00    0.000000E+00    6.935103E+01   -1.934131E+02    1.547552E-01    0.000000E+00    0.000000E+00    0.000000E+00
1.368500E+00   -8.489621E+01   -2.865039E+01   -1.155107E+02    0.000000E+00    0.000000E+00    0.000000E+00    6.298909E+01   -1.826966E+02   -9.457926E-01    0.000000E+00    0.000000E+00    0.000000E+00
1.369500E+00   -1.034608E+02   -3.299253E+01   -1.377393E+02    0.000000E+00    0.000000E+00    0.000000E+00    7.460375E+01   -2.210504E+02   -3.055675E+00    0.000000E+00    0.000000E+00    0.000000E+00
1.370500E+00   -9.621547E+01   -4.129727E+01   -1.264674E+02    0.000000E+00    0.000000E+00    0.000000E+00    7.806388E+01   -2.029784E+02    6.936742E+00    0.000000E+00    0.000000E+00    0.000000E+00
1.371500E+00   -1.049218E+02   -3.637581E+01   -1.250414E+02    0.000000E+00    0.000000E+00    0.000000E+00    7.224090E+01   -2.089260E+02    1.565954E-01    0.000000E+00    0.000000E+00    0.000000E+00
1.372500E+00   -9.419099E+01   -2.508866E+01   -1.331007E+02    0.000000E+00    0.000000E+00    0.000000E+00    6.370304E+01   -2.050862E+02   -6.388779E+00    0.000000E+00    0.000000E+00    0.000000E+00
1.373500E+00   -9.136434E+01   -3.427297E+01   -1.306508E+02    0.000000E+00    0.000000E+00    0.000000E+00    7.063782E+01   -1.992864E+02    2.875403E+00    0.000000E+00    0.000000E+00    0.000000E+00
1.374500E+00   -1.071722E+02   -3.936723E+01   -1.279773E+02    0.000000E+00    0.000000E+00    0.000000E+00    7.402870E+01   -2.108178E+02    2.886599E+00    0.000000E+00    0.000000E+00    0.000000E+00
1.375500E+00   -9.612527E+01   -3.839926E+01   -1.279537E+02    0.000000E+00    0.000000E+00    0.000000E+00    7.238348E+01   -1.995681E+02    5.537108E+00    0.000000E+00    0.000000E+00    0.000000E+00
1.376500E+00   -9.937095E+01   -3.307397E+01   -1.222621E+02    0.000000E+00    0.000000E+00    0.000000E+00    6.532052E+01   -1.968916E+02    1.691891E-01    0.000000E+00    0.000000E+00    0.000000E+00
1.377500E+00   -1.029360E+02   -3.656721E+01   -1.228136E+02    0.000000E+00    0.000000E+00    0.000000E+00    6.817794E+01   -1.999223E+02    2.420938E+00    0.000000E+00    0.000000E+00    0.000000E+00
1.378500E+00   -1.163081E+02   -4.262553E+01   -1.606540E+02    0.000000E+00    0.000000E+00    0.000000E+00    8.356419E+01   -2.431101E+02    4.068431E+00    0.000000E+00    0.000000E+00    0.000000E+00
1.379500E+00   -7.083412E+01   -2.563550E+01   -1.018326E+02    0.000000E+00    0.000000E+00    0.000000E+00    5.031149E+01   -1.499548E+02    2.786355E+00    0.000000E+00    0.000000E+00    0.000000E+00
1.380500E+00   -1.222394E+02   -4.050486E+01   -1.522773E+02    0.000000E+00    0.000000E+00    0.000000E+00    7.876169E+01   -2.408793E+02    9.309705E-01    0.000000E+00    0.000000E+00    0.000000E+00
1.381500E+00   -1.094207E+02   -4.582976E+01   -1.317376E+02    0.000000E+00    0.000000E+00    0.000000E+00    7.594500E+01   -2.091394E+02    9.691890E+00    0.000000E+00    0.000000E+00    0.000000E+00
1.382500E+00   -1.187128E+02   -4.413895E+01   -1.584226E+02    0.000000E+00    0.000000E+00    0.000000E+00    8.116129E+01   -2.394064E+02    5.846964E+00    0.000000E+00    0.000000E+00    0.000000E+00
1.383500E+00   -1.186169E+02   -3.761846E+01   -1.503612E+02    0.000000E+00    0.000000E+00    0.000000E+00    7.175036E+01   -2.305958E+02    1.114913E+00    0.000000E+00    0.000000E+00    0.000000E+00
1.384500E+00   -9.993472E+01   -3.952334E+01   -1.475606E+02    0.000000E+00    0.000000E+00    0.000000E+00    7.193577E+01   -2.105693E+02    7.671483E+00    0.000000E+00    0.000000E+00    0.000000E+00
1.385500E+00   -1.131139E+02   -4.634564E+01   -1.423781E+02    0.000000E+00    0.000000E+00    0.000000E+00    7.613802E+01   -2.173683E+02    1.026199E+01    0.000000E+00    0.000000E+00    0.000000E+00
1.386500E+00   -1.086120E+02   -3.418217E+01   -1.442748E+02    0.000000E+00    0.000000E+00    0.000000E+00    6.437642E+01   -2.129740E+02    1.907582E+00    0.000000E+00    0.000000E+00    0.000000E+00
1.387500E+00   -9.786438E+01   -2.694949E+01   -1.468050E+02    0.000000E+00    0.000000E+00    0.000000E+00    5.791895E+01   -2.044111E+02   -1.155163E+00    0.000000E+00    0.000000E+00    0.000000E+00
1.388500E+00   -1.023157E+02   -3.716177E+01   -1.379347E+02    0.000000E+00    0.000000E+00    0.000000E+00    6.396867E+01   -2.002872E+02    6.475572E+00    0.000000E+00    0.000000E+00    0.000000E+00
1.389500E+00   -9.875237E+01   -2.763366E+01   -1.516101E+02    0.000000E+00    0.000000E+00    0.000000E+00    5.794450E+01   -2.069461E+02   -4.276989E-02    0.000000E+00    0.000000E+00    0.000000E+00
1.390500E+00   -9.088626E+01   -2.451203E+01   -1.283522E+02    0.000000E+00    0.000000E+00    0.000000E+00    4.908564E+01   -1.803770E+02   -4.206077E-01    0.000000E+00    0.000000E+00    0.000000E+00
1.391500E+00   -1.020384E+02   -3.562804E+01   -1.553873E+02    0.000000E+00    0.000000E+00    0.000000E+00    6.366260E+01   -2.103797E+02    6.340516E+00    0.000000E+00    0.000000E+00    0.000000E+00
1.392500E+00   -9.387171E+01   -2.776072E+01   -1.523129E+02    0.000000E+00    0.000000E+00    0.000000E+00    5.507347E+01   -1.995710E+02    2.351339E+00    0.000000E+00    0.000000E+00    0.000000E+00
1.393500E+00   -1.102834E+02   -3.362645E+01   -1.582668E+02    0.000000E+00    0.000000E+00    0.000000E+00    6.059447E+01   -2.170780E+02    3.822268E+00    0.000000E+00    0.000000E+00    0.000000E+00
1.394500E+00   -1.038334E+02   -3.189109E+01   -1.537049E+02    0.000000E+00    0.000000E+00    0.000000E+00    5.687531E+01   -2.063952E+02    4.311207E+00    0.000000E+00    0.000000E+00    0.000000E+00
1.395500E+00   -9.881303E+01   -2.463529E+01   -1.594741E+02    0.000000E+00    0.000000E+00    0.000000E+00    5.077539E+01   -2.054470E+02    2.368172E-01    0.000000E+00    0.000000E+00    0.000000E+00
1.396500E+00   -1.056614E+02   -3.326848E+01   -1.709941E+02    0.000000E+00    0.000000E+00    0.000000E+00    5.917208E+01   -2.186578E+02    5.885054E+00    0.000000E+00    0.000000E+00    0.000000E+00
1.397500E+00   -1.202139E+02   -3.786418E+01   -1.539804E+02    0.000000E+00    0.000000E+00    0.000000E+00    5.926202E+01   -2.172184E+02    7.058391E+00    0.000000E+00    0.000000E+00    0.000000E+00
1.398500E+00   -1.063861E+02   -2.483051E+01   -1.720390E+02    0.000000E+00    0.000000E+00    0.000000E+00    5.025425E+01   -2.174379E+02    1.692224E-01    0.000000E+00    0.000000E+00    0.000000E+00
1.399500E+00   -1.197780E+02   -4.118526E+01   -1.787936E+02    0.000000E+00    0.000000E+00    0.000000E+00    6.404026E+01   -2.324876E+02    1.058304E+01    0.000000E+00    0.000000E+00    0.000000E+00
