 LS-DYNA keyword deck by LS-PrePost                                      
                    ls-dyna mpp d R14 R14.1.1_16_fadfb4 date 05/14/2025
ICFD Drag Forces and Moments
time,            Fpx,Fpy,            Fpz,Fvx,            Fvy,Fvz,            Mpx,Mpy,            Mpz,Mvx,            Mvy,Mvz
5.000000E-04   -1.871024E-02    7.388452E-01   -5.283541E+01    0.000000E+00    0.000000E+00    0.000000E+00   -3.061953E-01   -5.186965E-02   -3.181666E-02    0.000000E+00    0.000000E+00    0.000000E+00
1.500000E-03   -2.695485E-01    4.761547E-01   -4.592059E+01    0.000000E+00    0.000000E+00    0.000000E+00   -2.070635E-01   -1.027823E-01    1.363674E-02    0.000000E+00    0.000000E+00    0.000000E+00
2.500000E-03   -2.369588E-01    2.140289E-01   -3.982020E+01    0.000000E+00    0.000000E+00    0.000000E+00   -1.209443E-01   -8.564709E-02    1.104670E-02    0.000000E+00    0.000000E+00    0.000000E+00
3.500000E-03   -1.926700E-01    3.254948E-01   -3.832099E+01    0.000000E+00    0.000000E+00    0.000000E+00   -1.685538E-01   -6.073252E-02    1.202928E-02    0.000000E+00    0.000000E+00    0.000000E+00
4.500000E-03   -1.432092E-01    2.585725E-01   -3.743056E+01    0.000000E+00    0.000000E+00    0.000000E+00   -1.417422E-01   -4.075229E-02    1.240257E-02    0.000000E+00    0.000000E+00    0.000000E+00
5.500000E-03   -8.864300E-02    1.263467E-01   -3.654912E+01    0.000000E+00    0.000000E+00    0.000000E+00   -8.907794E-02   -2.144127E-02    1.076084E-02    0.000000E+00    0.000000E+00    0.000000E+00
6.500000E-03   -1.497424E-02    2.075903E-02   -4.302913E+00    0.000000E+00    0.000000E+00    0.000000E+00   -1.367838E-02    3.257157E-03    5.404793E-03    0.000000E+00    0.000000E+00    0.000000E+00
7.500000E-03    2.368964E-02    7.650584E-02    8.872588E+00    0.000000E+00    0.000000E+00    0.000000E+00   -1.889717E-02    2.990017E-03   -4.628979E-03    0.000000E+00    0.000000E+00    0.000000E+00
8.500000E-03    5.544477E-02    9.996452E-02   -2.530688E+00    0.000000E+00    0.000000E+00    0.000000E+00   -3.493430E-02    1.269617E-02   -3.030355E-03    0.000000E+00    0.000000E+00    0.000000E+00
9.500000E-03    2.092479E-02    6.530109E-02   -6.574154E+00    0.000000E+00    0.000000E+00    0.000000E+00   -2.351417E-02    7.934731E-03    7.473962E-04    0.000000E+00    0.000000E+00    0.000000E+00
1.050000E-02   -4.399743E-02    9.769071E-02   -3.476781E+00    0.000000E+00    0.000000E+00    0.000000E+00   -3.373855E-02   -1.353149E-02    1.428919E-04    0.000000E+00    0.000000E+00    0.000000E+00
1.150000E-02   -2.872364E-02    1.132130E-01   -2.607231E+00    0.000000E+00    0.000000E+00    0.000000E+00   -3.971000E-02   -9.689483E-03   -4.683976E-04    0.000000E+00    0.000000E+00    0.000000E+00
1.250000E-02    3.119528E-02    8.375229E-02   -3.611097E+00    0.000000E+00    0.000000E+00    0.000000E+00   -2.995470E-02    1.180027E-02    9.674021E-04    0.000000E+00    0.000000E+00    0.000000E+00
1.350000E-02    2.504691E-02    8.413487E-02   -4.295611E+00    0.000000E+00    0.000000E+00    0.000000E+00   -2.953398E-02    8.079974E-03   -3.439258E-04    0.000000E+00    0.000000E+00    0.000000E+00
1.450000E-02   -6.941217E-03    1.118830E-01   -4.613176E+00    0.000000E+00    0.000000E+00    0.000000E+00   -3.919242E-02   -3.122852E-03   -9.553874E-04    0.000000E+00    0.000000E+00    0.000000E+00
1.550000E-02   -1.992955E-02    1.143365E-01   -4.799867E+00    0.000000E+00    0.000000E+00    0.000000E+00   -4.100277E-02   -8.530612E-03    2.777680E-05    0.000000E+00    0.000000E+00    0.000000E+00
1.650000E-02   -1.832835E-02    9.633251E-02   -5.043133E+00    0.000000E+00    0.000000E+00    0.000000E+00   -3.409283E-02   -1.048283E-02   -8.626865E-04    0.000000E+00    0.000000E+00    0.000000E+00
1.750000E-02   -2.640381E-03    8.555523E-02   -5.410091E+00    0.000000E+00    0.000000E+00    0.000000E+00   -2.811124E-02   -3.326472E-03   -5.512238E-04    0.000000E+00    0.000000E+00    0.000000E+00
1.850000E-02   -2.682460E-03    9.684655E-02   -5.819652E+00    0.000000E+00    0.000000E+00    0.000000E+00   -3.235412E-02   -2.374471E-03   -1.995129E-04    0.000000E+00    0.000000E+00    0.000000E+00
1.950000E-02   -3.111079E-03    9.117885E-02   -6.170357E+00    0.000000E+00    0.000000E+00    0.000000E+00   -2.967241E-02   -2.457572E-03   -1.351432E-03    0.000000E+00    0.000000E+00    0.000000E+00
2.050000E-02   -3.149789E-03    8.738978E-02   -6.512607E+00    0.000000E+00    0.000000E+00    0.000000E+00   -2.786895E-02   -2.387624E-03   -1.574568E-03    0.000000E+00    0.000000E+00    0.000000E+00
2.150000E-02   -9.515518E-04    8.304656E-02   -6.856670E+00    0.000000E+00    0.000000E+00    0.000000E+00   -2.545469E-02   -1.797021E-03   -1.573661E-03    0.000000E+00    0.000000E+00    0.000000E+00
2.250000E-02   -3.801477E-03    8.152301E-02   -7.192027E+00    0.000000E+00    0.000000E+00    0.000000E+00   -2.534874E-02   -3.354105E-03   -1.348727E-03    0.000000E+00    0.000000E+00    0.000000E+00
2.350000E-02   -1.791477E-03    7.796967E-02   -7.529133E+00    0.000000E+00    0.000000E+00    0.000000E+00   -2.348570E-02   -2.444369E-03   -1.469648E-03    0.000000E+00    0.000000E+00    0.000000E+00
2.450000E-02   -2.574166E-05    7.254089E-02   -7.863155E+00    0.000000E+00    0.000000E+00    0.000000E+00   -2.087628E-02   -1.457770E-03   -1.605424E-03    0.000000E+00    0.000000E+00    0.000000E+00
2.550000E-02    2.117719E-03    6.519003E-02   -8.177120E+00    0.000000E+00    0.000000E+00    0.000000E+00   -1.753478E-02   -2.581857E-04   -1.754174E-03    0.000000E+00    0.000000E+00    0.000000E+00
2.650000E-02    5.235612E-03    5.611917E-02   -8.467141E+00    0.000000E+00    0.000000E+00    0.000000E+00   -1.357241E-02    1.272094E-03   -1.893206E-03    0.000000E+00    0.000000E+00    0.000000E+00
2.750000E-02    8.825316E-03    4.581031E-02   -8.738075E+00    0.000000E+00    0.000000E+00    0.000000E+00   -9.124882E-03    3.108955E-03   -2.011372E-03    0.000000E+00    0.000000E+00    0.000000E+00
2.850000E-02    1.312794E-02    3.372871E-02   -8.993586E+00    0.000000E+00    0.000000E+00    0.000000E+00   -4.238813E-03    5.088130E-03   -2.069108E-03    0.000000E+00    0.000000E+00    0.000000E+00
2.950000E-02    1.717938E-02    2.351477E-02   -9.234463E+00    0.000000E+00    0.000000E+00    0.000000E+00    1.032207E-03    7.013187E-03   -2.188420E-03    0.000000E+00    0.000000E+00    0.000000E+00
3.050000E-02    2.114355E-02    1.100581E-02   -9.462072E+00    0.000000E+00    0.000000E+00    0.000000E+00    6.616728E-03    8.751790E-03   -2.239722E-03    0.000000E+00    0.000000E+00    0.000000E+00
3.150000E-02    2.382893E-02   -2.469422E-03   -9.675861E+00    0.000000E+00    0.000000E+00    0.000000E+00    1.235347E-02    1.028483E-02   -2.291939E-03    0.000000E+00    0.000000E+00    0.000000E+00
3.250000E-02    2.728438E-02   -1.581443E-02   -9.876478E+00    0.000000E+00    0.000000E+00    0.000000E+00    1.801904E-02    1.162304E-02   -2.334024E-03    0.000000E+00    0.000000E+00    0.000000E+00
3.350000E-02    2.939189E-02   -2.835450E-02   -1.006439E+01    0.000000E+00    0.000000E+00    0.000000E+00    2.338202E-02    1.265741E-02   -2.343624E-03    0.000000E+00    0.000000E+00    0.000000E+00
3.450000E-02    3.065913E-02   -4.018224E-02   -1.024001E+01    0.000000E+00    0.000000E+00    0.000000E+00    2.827320E-02    1.332488E-02   -2.336255E-03    0.000000E+00    0.000000E+00    0.000000E+00
3.550000E-02    2.997794E-02   -4.941959E-02   -1.040425E+01    0.000000E+00    0.000000E+00    0.000000E+00    3.230450E-02    1.352412E-02   -2.352066E-03    0.000000E+00    0.000000E+00    0.000000E+00
3.650000E-02    2.919009E-02   -5.993142E-02   -1.055532E+01    0.000000E+00    0.000000E+00    0.000000E+00    3.640279E-02    1.344213E-02   -2.307144E-03    0.000000E+00    0.000000E+00    0.000000E+00
3.750000E-02    2.746733E-02   -6.875416E-02   -1.069326E+01    0.000000E+00    0.000000E+00    0.000000E+00    3.967732E-02    1.298163E-02   -2.262340E-03    0.000000E+00    0.000000E+00    0.000000E+00
3.850000E-02    2.573889E-02   -7.682390E-02   -1.081601E+01    0.000000E+00    0.000000E+00    0.000000E+00    4.233477E-02    1.225729E-02   -2.153392E-03    0.000000E+00    0.000000E+00    0.000000E+00
3.950000E-02    2.305545E-02   -8.371236E-02   -1.092258E+01    0.000000E+00    0.000000E+00    0.000000E+00    4.442565E-02    1.138458E-02   -2.065721E-03    0.000000E+00    0.000000E+00    0.000000E+00
4.050000E-02    2.015597E-02   -8.911719E-02   -1.101356E+01    0.000000E+00    0.000000E+00    0.000000E+00    4.604985E-02    1.049176E-02   -1.976131E-03    0.000000E+00    0.000000E+00    0.000000E+00
4.150000E-02    1.764474E-02   -9.383698E-02   -1.109053E+01    0.000000E+00    0.000000E+00    0.000000E+00    4.722493E-02    9.667953E-03   -1.860536E-03    0.000000E+00    0.000000E+00    0.000000E+00
4.250000E-02    1.531890E-02   -9.733033E-02   -1.115523E+01    0.000000E+00    0.000000E+00    0.000000E+00    4.793993E-02    8.912824E-03   -1.722147E-03    0.000000E+00    0.000000E+00    0.000000E+00
4.350000E-02    1.317362E-02   -9.979372E-02   -1.120976E+01    0.000000E+00    0.000000E+00    0.000000E+00    4.825122E-02    8.195483E-03   -1.568702E-03    0.000000E+00    0.000000E+00    0.000000E+00
4.450000E-02    1.090650E-02   -1.027873E-01   -1.125541E+01    0.000000E+00    0.000000E+00    0.000000E+00    4.821716E-02    7.447003E-03   -1.454096E-03    0.000000E+00    0.000000E+00    0.000000E+00
4.550000E-02    7.427806E-03   -1.027456E-01   -1.129496E+01    0.000000E+00    0.000000E+00    0.000000E+00    4.788134E-02    6.568589E-03   -1.324327E-03    0.000000E+00    0.000000E+00    0.000000E+00
4.650000E-02    4.506513E-03   -1.035258E-01   -1.132655E+01    0.000000E+00    0.000000E+00    0.000000E+00    4.741831E-02    5.801398E-03   -1.164421E-03    0.000000E+00    0.000000E+00    0.000000E+00
4.750000E-02    3.450816E-03   -1.029785E-01   -1.135048E+01    0.000000E+00    0.000000E+00    0.000000E+00    4.676485E-02    5.108656E-03   -1.057244E-03    0.000000E+00    0.000000E+00    0.000000E+00
4.850000E-02    2.105655E-03   -1.015713E-01   -1.136945E+01    0.000000E+00    0.000000E+00    0.000000E+00    4.598374E-02    4.570394E-03   -9.364248E-04    0.000000E+00    0.000000E+00    0.000000E+00
4.950000E-02    2.510654E-03   -1.001944E-01   -1.138647E+01    0.000000E+00    0.000000E+00    0.000000E+00    4.506375E-02    4.063989E-03   -7.762471E-04    0.000000E+00    0.000000E+00    0.000000E+00
5.050000E-02    2.332542E-03   -9.836099E-02   -1.139964E+01    0.000000E+00    0.000000E+00    0.000000E+00    4.400960E-02    3.637493E-03   -6.805323E-04    0.000000E+00    0.000000E+00    0.000000E+00
5.150000E-02    1.020583E-03   -9.565341E-02   -1.140854E+01    0.000000E+00    0.000000E+00    0.000000E+00    4.282165E-02    3.230820E-03   -5.450715E-04    0.000000E+00    0.000000E+00    0.000000E+00
5.250000E-02    1.268004E-03   -9.182515E-02   -1.141727E+01    0.000000E+00    0.000000E+00    0.000000E+00    4.141846E-02    2.928288E-03   -4.711484E-04    0.000000E+00    0.000000E+00    0.000000E+00
5.350000E-02    9.055281E-04   -8.924169E-02   -1.142566E+01    0.000000E+00    0.000000E+00    0.000000E+00    4.054873E-02    2.846304E-03   -3.387334E-04    0.000000E+00    0.000000E+00    0.000000E+00
5.450000E-02    1.973439E-03   -8.474600E-02   -1.143315E+01    0.000000E+00    0.000000E+00    0.000000E+00    3.914174E-02    2.882958E-03   -3.095068E-04    0.000000E+00    0.000000E+00    0.000000E+00
5.550000E-02    8.242861E-04   -8.146107E-02   -1.144300E+01    0.000000E+00    0.000000E+00    0.000000E+00    3.817836E-02    2.746127E-03   -1.830826E-04    0.000000E+00    0.000000E+00    0.000000E+00
5.650000E-02    2.850966E-03   -7.777670E-02   -1.145421E+01    0.000000E+00    0.000000E+00    0.000000E+00    3.670278E-02    2.847832E-03   -8.904770E-05    0.000000E+00    0.000000E+00    0.000000E+00
5.750000E-02    3.284832E-03   -7.464356E-02   -1.146658E+01    0.000000E+00    0.000000E+00    0.000000E+00    3.588762E-02    3.003612E-03   -2.624812E-05    0.000000E+00    0.000000E+00    0.000000E+00
5.850000E-02    5.956212E-03   -6.973803E-02   -1.148364E+01    0.000000E+00    0.000000E+00    0.000000E+00    3.492089E-02    3.218792E-03    5.664372E-06    0.000000E+00    0.000000E+00    0.000000E+00
5.950000E-02    7.216175E-03   -6.490915E-02   -1.149955E+01    0.000000E+00    0.000000E+00    0.000000E+00    3.354698E-02    3.519837E-03   -4.294867E-05    0.000000E+00    0.000000E+00    0.000000E+00
6.050000E-02    7.929791E-03   -6.187726E-02   -1.151142E+01    0.000000E+00    0.000000E+00    0.000000E+00    3.288778E-02    3.662016E-03    2.727000E-05    0.000000E+00    0.000000E+00    0.000000E+00
6.150000E-02    8.835088E-03   -5.831948E-02   -1.152880E+01    0.000000E+00    0.000000E+00    0.000000E+00    3.208874E-02    3.895995E-03    3.155271E-05    0.000000E+00    0.000000E+00    0.000000E+00
6.250000E-02    8.741770E-03   -5.564057E-02   -1.154803E+01    0.000000E+00    0.000000E+00    0.000000E+00    3.129381E-02    4.172549E-03    7.449012E-05    0.000000E+00    0.000000E+00    0.000000E+00
6.350000E-02    9.819183E-03   -5.365413E-02   -1.156478E+01    0.000000E+00    0.000000E+00    0.000000E+00    3.053353E-02    4.410951E-03    1.682711E-04    0.000000E+00    0.000000E+00    0.000000E+00
6.450000E-02    1.069458E-02   -5.047602E-02   -1.157963E+01    0.000000E+00    0.000000E+00    0.000000E+00    2.974717E-02    4.594164E-03    2.100486E-04    0.000000E+00    0.000000E+00    0.000000E+00
6.550000E-02    7.055741E-03   -4.916556E-02   -1.159487E+01    0.000000E+00    0.000000E+00    0.000000E+00    2.902190E-02    4.701761E-03    1.991029E-04    0.000000E+00    0.000000E+00    0.000000E+00
6.650000E-02    6.067951E-03   -4.536923E-02   -1.160984E+01    0.000000E+00    0.000000E+00    0.000000E+00    2.838542E-02    4.819731E-03    1.803992E-04    0.000000E+00    0.000000E+00    0.000000E+00
6.750000E-02    6.881655E-03   -4.284198E-02   -1.162464E+01    0.000000E+00    0.000000E+00    0.000000E+00    2.789646E-02    4.903989E-03    2.927816E-04    0.000000E+00    0.000000E+00    0.000000E+00
6.850000E-02    6.994260E-03   -4.008907E-02   -1.163912E+01    0.000000E+00    0.000000E+00    0.000000E+00    2.746198E-02    5.173694E-03    4.182014E-04    0.000000E+00    0.000000E+00    0.000000E+00
6.950000E-02    8.709656E-03   -3.757386E-02   -1.165347E+01    0.000000E+00    0.000000E+00    0.000000E+00    2.708372E-02    5.399873E-03    4.313221E-04    0.000000E+00    0.000000E+00    0.000000E+00
7.050000E-02    9.475099E-03   -3.599652E-02   -1.166760E+01    0.000000E+00    0.000000E+00    0.000000E+00    2.676938E-02    5.642030E-03    4.735115E-04    0.000000E+00    0.000000E+00    0.000000E+00
7.150000E-02    1.019699E-02   -3.337337E-02   -1.168147E+01    0.000000E+00    0.000000E+00    0.000000E+00    2.645641E-02    5.812912E-03    4.613096E-04    0.000000E+00    0.000000E+00    0.000000E+00
7.250000E-02    1.094741E-02   -3.151588E-02   -1.169513E+01    0.000000E+00    0.000000E+00    0.000000E+00    2.621923E-02    6.038097E-03    4.740103E-04    0.000000E+00    0.000000E+00    0.000000E+00
7.350000E-02    1.138594E-02   -2.980999E-02   -1.170840E+01    0.000000E+00    0.000000E+00    0.000000E+00    2.603320E-02    6.259278E-03    5.310385E-04    0.000000E+00    0.000000E+00    0.000000E+00
7.450000E-02    1.206807E-02   -2.903076E-02   -1.172122E+01    0.000000E+00    0.000000E+00    0.000000E+00    2.602255E-02    6.614542E-03    6.970857E-04    0.000000E+00    0.000000E+00    0.000000E+00
7.550000E-02    1.250038E-02   -2.824071E-02   -1.173372E+01    0.000000E+00    0.000000E+00    0.000000E+00    2.594387E-02    6.837997E-03    7.314485E-04    0.000000E+00    0.000000E+00    0.000000E+00
7.650000E-02    1.301022E-02   -2.743034E-02   -1.174596E+01    0.000000E+00    0.000000E+00    0.000000E+00    2.592155E-02    7.060316E-03    7.648420E-04    0.000000E+00    0.000000E+00    0.000000E+00
7.750000E-02    1.309604E-02   -2.700117E-02   -1.175790E+01    0.000000E+00    0.000000E+00    0.000000E+00    2.586987E-02    7.130309E-03    7.127192E-04    0.000000E+00    0.000000E+00    0.000000E+00
7.850000E-02    1.363264E-02   -2.731379E-02   -1.176963E+01    0.000000E+00    0.000000E+00    0.000000E+00    2.596131E-02    7.350872E-03    7.321267E-04    0.000000E+00    0.000000E+00    0.000000E+00
7.950000E-02    1.400695E-02   -2.752527E-02   -1.178123E+01    0.000000E+00    0.000000E+00    0.000000E+00    2.610457E-02    7.569572E-03    7.580323E-04    0.000000E+00    0.000000E+00    0.000000E+00
8.050000E-02    1.437705E-02   -2.794978E-02   -1.179266E+01    0.000000E+00    0.000000E+00    0.000000E+00    2.628442E-02    7.779089E-03    7.819950E-04    0.000000E+00    0.000000E+00    0.000000E+00
8.150000E-02    1.493850E-02   -2.870384E-02   -1.180393E+01    0.000000E+00    0.000000E+00    0.000000E+00    2.654917E-02    8.117388E-03    7.376413E-04    0.000000E+00    0.000000E+00    0.000000E+00
8.250000E-02    1.532903E-02   -2.933042E-02   -1.181511E+01    0.000000E+00    0.000000E+00    0.000000E+00    2.668344E-02    8.314729E-03    7.610963E-04    0.000000E+00    0.000000E+00    0.000000E+00
8.350000E-02    1.584706E-02   -3.028289E-02   -1.182622E+01    0.000000E+00    0.000000E+00    0.000000E+00    2.694016E-02    8.496479E-03    7.816969E-04    0.000000E+00    0.000000E+00    0.000000E+00
8.450000E-02    1.618269E-02   -3.120421E-02   -1.183720E+01    0.000000E+00    0.000000E+00    0.000000E+00    2.709425E-02    8.646668E-03    7.486879E-04    0.000000E+00    0.000000E+00    0.000000E+00
8.550000E-02    1.689045E-02   -3.209388E-02   -1.184797E+01    0.000000E+00    0.000000E+00    0.000000E+00    2.737481E-02    8.825657E-03    7.807237E-04    0.000000E+00    0.000000E+00    0.000000E+00
8.650000E-02    1.728338E-02   -3.356529E-02   -1.185874E+01    0.000000E+00    0.000000E+00    0.000000E+00    2.768201E-02    8.995685E-03    8.032385E-04    0.000000E+00    0.000000E+00    0.000000E+00
8.750000E-02    1.764759E-02   -3.490943E-02   -1.186941E+01    0.000000E+00    0.000000E+00    0.000000E+00    2.789507E-02    9.116192E-03    7.801968E-04    0.000000E+00    0.000000E+00    0.000000E+00
8.850000E-02    1.819021E-02   -3.661353E-02   -1.188004E+01    0.000000E+00    0.000000E+00    0.000000E+00    2.833752E-02    9.310285E-03    8.810041E-04    0.000000E+00    0.000000E+00    0.000000E+00
8.950000E-02    1.853841E-02   -3.835600E-02   -1.189056E+01    0.000000E+00    0.000000E+00    0.000000E+00    2.868171E-02    9.428312E-03    9.061438E-04    0.000000E+00    0.000000E+00    0.000000E+00
9.050000E-02    1.831802E-02   -4.012306E-02   -1.190104E+01    0.000000E+00    0.000000E+00    0.000000E+00    2.903091E-02    9.531667E-03    9.348746E-04    0.000000E+00    0.000000E+00    0.000000E+00
9.150000E-02    1.843583E-02   -4.171401E-02   -1.191149E+01    0.000000E+00    0.000000E+00    0.000000E+00    2.935722E-02    9.621647E-03    9.644913E-04    0.000000E+00    0.000000E+00    0.000000E+00
9.250000E-02    1.888773E-02   -4.361656E-02   -1.192193E+01    0.000000E+00    0.000000E+00    0.000000E+00    2.976916E-02    9.764243E-03    1.066335E-03    0.000000E+00    0.000000E+00    0.000000E+00
9.350000E-02    1.922071E-02   -4.522249E-02   -1.193234E+01    0.000000E+00    0.000000E+00    0.000000E+00    3.006712E-02    9.834037E-03    1.093104E-03    0.000000E+00    0.000000E+00    0.000000E+00
9.450000E-02    1.939283E-02   -4.698202E-02   -1.194275E+01    0.000000E+00    0.000000E+00    0.000000E+00    3.036946E-02    9.887739E-03    1.129197E-03    0.000000E+00    0.000000E+00    0.000000E+00
9.550000E-02    1.951773E-02   -4.889673E-02   -1.195306E+01    0.000000E+00    0.000000E+00    0.000000E+00    3.066615E-02    9.928433E-03    1.158610E-03    0.000000E+00    0.000000E+00    0.000000E+00
9.650000E-02    1.971823E-02   -5.071672E-02   -1.196333E+01    0.000000E+00    0.000000E+00    0.000000E+00    3.095208E-02    9.968794E-03    1.181470E-03    0.000000E+00    0.000000E+00    0.000000E+00
9.750000E-02    1.985702E-02   -5.260262E-02   -1.197359E+01    0.000000E+00    0.000000E+00    0.000000E+00    3.123579E-02    1.001372E-02    1.211258E-03    0.000000E+00    0.000000E+00    0.000000E+00
9.850000E-02    1.996915E-02   -5.419406E-02   -1.198387E+01    0.000000E+00    0.000000E+00    0.000000E+00    3.141056E-02    1.008698E-02    1.302937E-03    0.000000E+00    0.000000E+00    0.000000E+00
9.950000E-02    2.017404E-02   -5.607704E-02   -1.199410E+01    0.000000E+00    0.000000E+00    0.000000E+00    3.169598E-02    1.013418E-02    1.334885E-03    0.000000E+00    0.000000E+00    0.000000E+00
1.005000E-01    2.015668E-02   -5.809269E-02   -1.200428E+01    0.000000E+00    0.000000E+00    0.000000E+00    3.208049E-02    1.012295E-02    1.319165E-03    0.000000E+00    0.000000E+00    0.000000E+00
1.015000E-01    2.034657E-02   -5.990555E-02   -1.201444E+01    0.000000E+00    0.000000E+00    0.000000E+00    3.236278E-02    1.018029E-02    1.356789E-03    0.000000E+00    0.000000E+00    0.000000E+00
1.025000E-01    2.055675E-02   -6.166862E-02   -1.202459E+01    0.000000E+00    0.000000E+00    0.000000E+00    3.264320E-02    1.024629E-02    1.394361E-03    0.000000E+00    0.000000E+00    0.000000E+00
1.035000E-01    2.089250E-02   -6.350839E-02   -1.203470E+01    0.000000E+00    0.000000E+00    0.000000E+00    3.292223E-02    1.031855E-02    1.435219E-03    0.000000E+00    0.000000E+00    0.000000E+00
1.045000E-01    2.118717E-02   -6.526443E-02   -1.204475E+01    0.000000E+00    0.000000E+00    0.000000E+00    3.320149E-02    1.039404E-02    1.475807E-03    0.000000E+00    0.000000E+00    0.000000E+00
1.055000E-01    2.132207E-02   -6.718346E-02   -1.205476E+01    0.000000E+00    0.000000E+00    0.000000E+00    3.348199E-02    1.047270E-02    1.515091E-03    0.000000E+00    0.000000E+00    0.000000E+00
1.065000E-01    2.176879E-02   -6.902296E-02   -1.206472E+01    0.000000E+00    0.000000E+00    0.000000E+00    3.386321E-02    1.072815E-02    1.465705E-03    0.000000E+00    0.000000E+00    0.000000E+00
1.075000E-01    2.182877E-02   -7.053995E-02   -1.207466E+01    0.000000E+00    0.000000E+00    0.000000E+00    3.413480E-02    1.081498E-02    1.505261E-03    0.000000E+00    0.000000E+00    0.000000E+00
1.085000E-01    2.212475E-02   -7.223899E-02   -1.208455E+01    0.000000E+00    0.000000E+00    0.000000E+00    3.440238E-02    1.090928E-02    1.544573E-03    0.000000E+00    0.000000E+00    0.000000E+00
1.095000E-01    2.223819E-02   -7.396307E-02   -1.209450E+01    0.000000E+00    0.000000E+00    0.000000E+00    3.461070E-02    1.096633E-02    1.607875E-03    0.000000E+00    0.000000E+00    0.000000E+00
1.105000E-01    2.234252E-02   -7.501877E-02   -1.210441E+01    0.000000E+00    0.000000E+00    0.000000E+00    3.486987E-02    1.105527E-02    1.646380E-03    0.000000E+00    0.000000E+00    0.000000E+00
1.115000E-01    2.247277E-02   -7.664273E-02   -1.211415E+01    0.000000E+00    0.000000E+00    0.000000E+00    3.512924E-02    1.114628E-02    1.666296E-03    0.000000E+00    0.000000E+00    0.000000E+00
1.125000E-01    2.202299E-02   -7.800689E-02   -1.212383E+01    0.000000E+00    0.000000E+00    0.000000E+00    3.531887E-02    1.099406E-02    1.803739E-03    0.000000E+00    0.000000E+00    0.000000E+00
1.135000E-01    2.281366E-02   -7.917110E-02   -1.213348E+01    0.000000E+00    0.000000E+00    0.000000E+00    3.543922E-02    1.113296E-02    1.914856E-03    0.000000E+00    0.000000E+00    0.000000E+00
1.145000E-01    2.296270E-02   -8.071969E-02   -1.214308E+01    0.000000E+00    0.000000E+00    0.000000E+00    3.567892E-02    1.124704E-02    1.947231E-03    0.000000E+00    0.000000E+00    0.000000E+00
1.155000E-01    2.361820E-02   -8.202890E-02   -1.215265E+01    0.000000E+00    0.000000E+00    0.000000E+00    3.591533E-02    1.136987E-02    1.976628E-03    0.000000E+00    0.000000E+00    0.000000E+00
1.165000E-01    2.376537E-02   -8.324536E-02   -1.216211E+01    0.000000E+00    0.000000E+00    0.000000E+00    3.614111E-02    1.149735E-02    2.018733E-03    0.000000E+00    0.000000E+00    0.000000E+00
1.175000E-01    2.409684E-02   -8.453816E-02   -1.217150E+01    0.000000E+00    0.000000E+00    0.000000E+00    3.644299E-02    1.157719E-02    2.009093E-03    0.000000E+00    0.000000E+00    0.000000E+00
1.185000E-01    2.401491E-02   -8.487336E-02   -1.218083E+01    0.000000E+00    0.000000E+00    0.000000E+00    3.634758E-02    1.157728E-02    2.062890E-03    0.000000E+00    0.000000E+00    0.000000E+00
1.195000E-01    2.431365E-02   -8.601944E-02   -1.219016E+01    0.000000E+00    0.000000E+00    0.000000E+00    3.654706E-02    1.172209E-02    2.086550E-03    0.000000E+00    0.000000E+00    0.000000E+00
1.205000E-01    2.472382E-02   -8.719873E-02   -1.219936E+01    0.000000E+00    0.000000E+00    0.000000E+00    3.672557E-02    1.186771E-02    2.124218E-03    0.000000E+00    0.000000E+00    0.000000E+00
1.215000E-01    2.524013E-02   -8.850079E-02   -1.220856E+01    0.000000E+00    0.000000E+00    0.000000E+00    3.688697E-02    1.201587E-02    2.140224E-03    0.000000E+00    0.000000E+00    0.000000E+00
1.225000E-01    2.565518E-02   -8.960241E-02   -1.221767E+01    0.000000E+00    0.000000E+00    0.000000E+00    3.704054E-02    1.216324E-02    2.171284E-03    0.000000E+00    0.000000E+00    0.000000E+00
1.235000E-01    2.619645E-02   -9.033505E-02   -1.222669E+01    0.000000E+00    0.000000E+00    0.000000E+00    3.718716E-02    1.231326E-02    2.198884E-03    0.000000E+00    0.000000E+00    0.000000E+00
1.245000E-01    2.681752E-02   -9.120236E-02   -1.223566E+01    0.000000E+00    0.000000E+00    0.000000E+00    3.733083E-02    1.246229E-02    2.238125E-03    0.000000E+00    0.000000E+00    0.000000E+00
1.255000E-01    2.716297E-02   -9.230052E-02   -1.224453E+01    0.000000E+00    0.000000E+00    0.000000E+00    3.767735E-02    1.255892E-02    2.372285E-03    0.000000E+00    0.000000E+00    0.000000E+00
1.265000E-01    2.763379E-02   -9.288956E-02   -1.225335E+01    0.000000E+00    0.000000E+00    0.000000E+00    3.780153E-02    1.271058E-02    2.403420E-03    0.000000E+00    0.000000E+00    0.000000E+00
1.275000E-01    2.773530E-02   -9.362402E-02   -1.226207E+01    0.000000E+00    0.000000E+00    0.000000E+00    3.799272E-02    1.273597E-02    2.509925E-03    0.000000E+00    0.000000E+00    0.000000E+00
1.285000E-01    2.847936E-02   -9.361507E-02   -1.227075E+01    0.000000E+00    0.000000E+00    0.000000E+00    3.789312E-02    1.301362E-02    2.437833E-03    0.000000E+00    0.000000E+00    0.000000E+00
1.295000E-01    2.902414E-02   -9.406836E-02   -1.227937E+01    0.000000E+00    0.000000E+00    0.000000E+00    3.804994E-02    1.319243E-02    2.429973E-03    0.000000E+00    0.000000E+00    0.000000E+00
1.305000E-01    2.927902E-02   -9.411100E-02   -1.228793E+01    0.000000E+00    0.000000E+00    0.000000E+00    3.803502E-02    1.322495E-02    2.396346E-03    0.000000E+00    0.000000E+00    0.000000E+00
1.315000E-01    2.992898E-02   -9.410190E-02   -1.229635E+01    0.000000E+00    0.000000E+00    0.000000E+00    3.811582E-02    1.353356E-02    2.500760E-03    0.000000E+00    0.000000E+00    0.000000E+00
1.325000E-01    3.045143E-02   -9.408164E-02   -1.230474E+01    0.000000E+00    0.000000E+00    0.000000E+00    3.813716E-02    1.368746E-02    2.534952E-03    0.000000E+00    0.000000E+00    0.000000E+00
1.335000E-01    3.082651E-02   -9.391958E-02   -1.231302E+01    0.000000E+00    0.000000E+00    0.000000E+00    3.813270E-02    1.383198E-02    2.571992E-03    0.000000E+00    0.000000E+00    0.000000E+00
1.345000E-01    3.133828E-02   -9.351025E-02   -1.232109E+01    0.000000E+00    0.000000E+00    0.000000E+00    3.810397E-02    1.396771E-02    2.598568E-03    0.000000E+00    0.000000E+00    0.000000E+00
1.355000E-01    3.162085E-02   -9.304670E-02   -1.232910E+01    0.000000E+00    0.000000E+00    0.000000E+00    3.804802E-02    1.410073E-02    2.632558E-03    0.000000E+00    0.000000E+00    0.000000E+00
1.365000E-01    3.199596E-02   -9.286155E-02   -1.233688E+01    0.000000E+00    0.000000E+00    0.000000E+00    3.815507E-02    1.418183E-02    2.755685E-03    0.000000E+00    0.000000E+00    0.000000E+00
1.375000E-01    3.231973E-02   -9.203457E-02   -1.234464E+01    0.000000E+00    0.000000E+00    0.000000E+00    3.805151E-02    1.430486E-02    2.786635E-03    0.000000E+00    0.000000E+00    0.000000E+00
1.385000E-01    3.262633E-02   -9.131679E-02   -1.235225E+01    0.000000E+00    0.000000E+00    0.000000E+00    3.792866E-02    1.442724E-02    2.815522E-03    0.000000E+00    0.000000E+00    0.000000E+00
1.395000E-01    3.288288E-02   -9.091429E-02   -1.235960E+01    0.000000E+00    0.000000E+00    0.000000E+00    3.779271E-02    1.454524E-02    2.831744E-03    0.000000E+00    0.000000E+00    0.000000E+00
1.405000E-01    3.361666E-02   -9.085315E-02   -1.236681E+01    0.000000E+00    0.000000E+00    0.000000E+00    3.763464E-02    1.466495E-02    2.877811E-03    0.000000E+00    0.000000E+00    0.000000E+00
1.415000E-01    3.395680E-02   -8.938380E-02   -1.237367E+01    0.000000E+00    0.000000E+00    0.000000E+00    3.726959E-02    1.488468E-02    2.822043E-03    0.000000E+00    0.000000E+00    0.000000E+00
1.425000E-01    3.450239E-02   -8.884940E-02   -1.238065E+01    0.000000E+00    0.000000E+00    0.000000E+00    3.706600E-02    1.499373E-02    2.829931E-03    0.000000E+00    0.000000E+00    0.000000E+00
1.435000E-01    3.520328E-02   -8.803806E-02   -1.238739E+01    0.000000E+00    0.000000E+00    0.000000E+00    3.696909E-02    1.516792E-02    2.931300E-03    0.000000E+00    0.000000E+00    0.000000E+00
1.445000E-01    3.590158E-02   -8.688814E-02   -1.239405E+01    0.000000E+00    0.000000E+00    0.000000E+00    3.674228E-02    1.527457E-02    2.973949E-03    0.000000E+00    0.000000E+00    0.000000E+00
1.455000E-01    3.657089E-02   -8.631249E-02   -1.240063E+01    0.000000E+00    0.000000E+00    0.000000E+00    3.650794E-02    1.537656E-02    2.980529E-03    0.000000E+00    0.000000E+00    0.000000E+00
1.465000E-01    3.739340E-02   -8.562959E-02   -1.240708E+01    0.000000E+00    0.000000E+00    0.000000E+00    3.647394E-02    1.552899E-02    2.916742E-03    0.000000E+00    0.000000E+00    0.000000E+00
1.475000E-01    3.758552E-02   -8.420064E-02   -1.241339E+01    0.000000E+00    0.000000E+00    0.000000E+00    3.620946E-02    1.562084E-02    2.936386E-03    0.000000E+00    0.000000E+00    0.000000E+00
1.485000E-01    3.823886E-02   -8.318373E-02   -1.241954E+01    0.000000E+00    0.000000E+00    0.000000E+00    3.593214E-02    1.570705E-02    2.957447E-03    0.000000E+00    0.000000E+00    0.000000E+00
1.495000E-01    3.864282E-02   -8.180250E-02   -1.242557E+01    0.000000E+00    0.000000E+00    0.000000E+00    3.563782E-02    1.579045E-02    2.979750E-03    0.000000E+00    0.000000E+00    0.000000E+00
1.505000E-01    3.917732E-02   -8.060435E-02   -1.243149E+01    0.000000E+00    0.000000E+00    0.000000E+00    3.533326E-02    1.587099E-02    3.008092E-03    0.000000E+00    0.000000E+00    0.000000E+00
1.515000E-01    3.956319E-02   -7.933125E-02   -1.243728E+01    0.000000E+00    0.000000E+00    0.000000E+00    3.501740E-02    1.594786E-02    3.034943E-03    0.000000E+00    0.000000E+00    0.000000E+00
1.525000E-01    3.999082E-02   -7.787993E-02   -1.244284E+01    0.000000E+00    0.000000E+00    0.000000E+00    3.469285E-02    1.602310E-02    3.061629E-03    0.000000E+00    0.000000E+00    0.000000E+00
1.535000E-01    4.061252E-02   -7.650713E-02   -1.244829E+01    0.000000E+00    0.000000E+00    0.000000E+00    3.436632E-02    1.609954E-02    3.075924E-03    0.000000E+00    0.000000E+00    0.000000E+00
1.545000E-01    4.096206E-02   -7.531994E-02   -1.245368E+01    0.000000E+00    0.000000E+00    0.000000E+00    3.403403E-02    1.617240E-02    3.102813E-03    0.000000E+00    0.000000E+00    0.000000E+00
1.555000E-01    4.132548E-02   -7.391659E-02   -1.245895E+01    0.000000E+00    0.000000E+00    0.000000E+00    3.368939E-02    1.624489E-02    3.127377E-03    0.000000E+00    0.000000E+00    0.000000E+00
1.565000E-01    4.173757E-02   -7.265105E-02   -1.246413E+01    0.000000E+00    0.000000E+00    0.000000E+00    3.333760E-02    1.631900E-02    3.154693E-03    0.000000E+00    0.000000E+00    0.000000E+00
1.575000E-01    4.210473E-02   -7.138067E-02   -1.246920E+01    0.000000E+00    0.000000E+00    0.000000E+00    3.298734E-02    1.639012E-02    3.182135E-03    0.000000E+00    0.000000E+00    0.000000E+00
1.585000E-01    4.248828E-02   -7.018980E-02   -1.247418E+01    0.000000E+00    0.000000E+00    0.000000E+00    3.264367E-02    1.645493E-02    3.208337E-03    0.000000E+00    0.000000E+00    0.000000E+00
1.595000E-01    4.290892E-02   -6.901154E-02   -1.247906E+01    0.000000E+00    0.000000E+00    0.000000E+00    3.230309E-02    1.651387E-02    3.232082E-03    0.000000E+00    0.000000E+00    0.000000E+00
1.605000E-01    4.325714E-02   -6.789381E-02   -1.248386E+01    0.000000E+00    0.000000E+00    0.000000E+00    3.196408E-02    1.657015E-02    3.258332E-03    0.000000E+00    0.000000E+00    0.000000E+00
1.615000E-01    4.359812E-02   -6.676652E-02   -1.248858E+01    0.000000E+00    0.000000E+00    0.000000E+00    3.162896E-02    1.662287E-02    3.284080E-03    0.000000E+00    0.000000E+00    0.000000E+00
1.625000E-01    4.392386E-02   -6.566740E-02   -1.249322E+01    0.000000E+00    0.000000E+00    0.000000E+00    3.129852E-02    1.666953E-02    3.310066E-03    0.000000E+00    0.000000E+00    0.000000E+00
1.635000E-01    4.422639E-02   -6.460100E-02   -1.249780E+01    0.000000E+00    0.000000E+00    0.000000E+00    3.097362E-02    1.670889E-02    3.336623E-03    0.000000E+00    0.000000E+00    0.000000E+00
1.645000E-01    4.450809E-02   -6.357775E-02   -1.250229E+01    0.000000E+00    0.000000E+00    0.000000E+00    3.065704E-02    1.673943E-02    3.363756E-03    0.000000E+00    0.000000E+00    0.000000E+00
1.655000E-01    4.476518E-02   -6.255181E-02   -1.250672E+01    0.000000E+00    0.000000E+00    0.000000E+00    3.033682E-02    1.675533E-02    3.392170E-03    0.000000E+00    0.000000E+00    0.000000E+00
1.665000E-01    4.500477E-02   -6.152360E-02   -1.251108E+01    0.000000E+00    0.000000E+00    0.000000E+00    3.000837E-02    1.676566E-02    3.418550E-03    0.000000E+00    0.000000E+00    0.000000E+00
1.675000E-01    4.513123E-02   -6.034099E-02   -1.251537E+01    0.000000E+00    0.000000E+00    0.000000E+00    2.967501E-02    1.678785E-02    3.451286E-03    0.000000E+00    0.000000E+00    0.000000E+00
1.685000E-01    4.539325E-02   -5.933593E-02   -1.251962E+01    0.000000E+00    0.000000E+00    0.000000E+00    2.934520E-02    1.681508E-02    3.474873E-03    0.000000E+00    0.000000E+00    0.000000E+00
1.695000E-01    4.561018E-02   -5.835284E-02   -1.252382E+01    0.000000E+00    0.000000E+00    0.000000E+00    2.902708E-02    1.683494E-02    3.498880E-03    0.000000E+00    0.000000E+00    0.000000E+00
1.705000E-01    4.582823E-02   -5.741421E-02   -1.252796E+01    0.000000E+00    0.000000E+00    0.000000E+00    2.872308E-02    1.684826E-02    3.524689E-03    0.000000E+00    0.000000E+00    0.000000E+00
1.715000E-01    4.603247E-02   -5.649249E-02   -1.253206E+01    0.000000E+00    0.000000E+00    0.000000E+00    2.842782E-02    1.685644E-02    3.550991E-03    0.000000E+00    0.000000E+00    0.000000E+00
1.725000E-01    4.623630E-02   -5.557866E-02   -1.253611E+01    0.000000E+00    0.000000E+00    0.000000E+00    2.813433E-02    1.686198E-02    3.578023E-03    0.000000E+00    0.000000E+00    0.000000E+00
1.735000E-01    4.643398E-02   -5.467011E-02   -1.254012E+01    0.000000E+00    0.000000E+00    0.000000E+00    2.784171E-02    1.686780E-02    3.605153E-03    0.000000E+00    0.000000E+00    0.000000E+00
1.745000E-01    4.701599E-02   -5.378104E-02   -1.254405E+01    0.000000E+00    0.000000E+00    0.000000E+00    2.751388E-02    1.700218E-02    3.568241E-03    0.000000E+00    0.000000E+00    0.000000E+00
1.755000E-01    4.718286E-02   -5.283277E-02   -1.254797E+01    0.000000E+00    0.000000E+00    0.000000E+00    2.720574E-02    1.700055E-02    3.597591E-03    0.000000E+00    0.000000E+00    0.000000E+00
1.765000E-01    4.741116E-02   -5.194230E-02   -1.255184E+01    0.000000E+00    0.000000E+00    0.000000E+00    2.690236E-02    1.699361E-02    3.626039E-03    0.000000E+00    0.000000E+00    0.000000E+00
1.775000E-01    4.756669E-02   -5.105750E-02   -1.255565E+01    0.000000E+00    0.000000E+00    0.000000E+00    2.660881E-02    1.697909E-02    3.656933E-03    0.000000E+00    0.000000E+00    0.000000E+00
1.785000E-01    4.774394E-02   -5.019384E-02   -1.255942E+01    0.000000E+00    0.000000E+00    0.000000E+00    2.632978E-02    1.696255E-02    3.688117E-03    0.000000E+00    0.000000E+00    0.000000E+00
1.795000E-01    4.788591E-02   -4.938389E-02   -1.256314E+01    0.000000E+00    0.000000E+00    0.000000E+00    2.606588E-02    1.694616E-02    3.718109E-03    0.000000E+00    0.000000E+00    0.000000E+00
1.805000E-01    4.802583E-02   -4.860242E-02   -1.256683E+01    0.000000E+00    0.000000E+00    0.000000E+00    2.581241E-02    1.692947E-02    3.748361E-03    0.000000E+00    0.000000E+00    0.000000E+00
1.815000E-01    4.816635E-02   -4.782654E-02   -1.257046E+01    0.000000E+00    0.000000E+00    0.000000E+00    2.556563E-02    1.691259E-02    3.779300E-03    0.000000E+00    0.000000E+00    0.000000E+00
1.825000E-01    4.830279E-02   -4.706283E-02   -1.257405E+01    0.000000E+00    0.000000E+00    0.000000E+00    2.532470E-02    1.689486E-02    3.810325E-03    0.000000E+00    0.000000E+00    0.000000E+00
1.835000E-01    4.845198E-02   -4.633280E-02   -1.257760E+01    0.000000E+00    0.000000E+00    0.000000E+00    2.509160E-02    1.687585E-02    3.843005E-03    0.000000E+00    0.000000E+00    0.000000E+00
1.845000E-01    4.857133E-02   -4.561497E-02   -1.258110E+01    0.000000E+00    0.000000E+00    0.000000E+00    2.487004E-02    1.685511E-02    3.874786E-03    0.000000E+00    0.000000E+00    0.000000E+00
1.855000E-01    4.869583E-02   -4.491959E-02   -1.258456E+01    0.000000E+00    0.000000E+00    0.000000E+00    2.465986E-02    1.683515E-02    3.906618E-03    0.000000E+00    0.000000E+00    0.000000E+00
1.865000E-01    4.882896E-02   -4.423612E-02   -1.258799E+01    0.000000E+00    0.000000E+00    0.000000E+00    2.446000E-02    1.681501E-02    3.939082E-03    0.000000E+00    0.000000E+00    0.000000E+00
1.875000E-01    4.895867E-02   -4.358120E-02   -1.259136E+01    0.000000E+00    0.000000E+00    0.000000E+00    2.426607E-02    1.679746E-02    3.970512E-03    0.000000E+00    0.000000E+00    0.000000E+00
1.885000E-01    4.910140E-02   -4.294351E-02   -1.259469E+01    0.000000E+00    0.000000E+00    0.000000E+00    2.407868E-02    1.678569E-02    4.001538E-03    0.000000E+00    0.000000E+00    0.000000E+00
1.895000E-01    4.925065E-02   -4.232963E-02   -1.259798E+01    0.000000E+00    0.000000E+00    0.000000E+00    2.390105E-02    1.677699E-02    4.032054E-03    0.000000E+00    0.000000E+00    0.000000E+00
1.905000E-01    4.939968E-02   -4.174020E-02   -1.260122E+01    0.000000E+00    0.000000E+00    0.000000E+00    2.373240E-02    1.677085E-02    4.062206E-03    0.000000E+00    0.000000E+00    0.000000E+00
1.915000E-01    4.955256E-02   -4.117423E-02   -1.260442E+01    0.000000E+00    0.000000E+00    0.000000E+00    2.357319E-02    1.676871E-02    4.091923E-03    0.000000E+00    0.000000E+00    0.000000E+00
1.925000E-01    4.970934E-02   -4.063135E-02   -1.260756E+01    0.000000E+00    0.000000E+00    0.000000E+00    2.342329E-02    1.676991E-02    4.121036E-03    0.000000E+00    0.000000E+00    0.000000E+00
1.935000E-01    4.986505E-02   -4.011191E-02   -1.261067E+01    0.000000E+00    0.000000E+00    0.000000E+00    2.328214E-02    1.677360E-02    4.149497E-03    0.000000E+00    0.000000E+00    0.000000E+00
1.945000E-01    5.002972E-02   -3.961608E-02   -1.261373E+01    0.000000E+00    0.000000E+00    0.000000E+00    2.315011E-02    1.678060E-02    4.177350E-03    0.000000E+00    0.000000E+00    0.000000E+00
1.955000E-01    5.020260E-02   -3.915632E-02   -1.261675E+01    0.000000E+00    0.000000E+00    0.000000E+00    2.302778E-02    1.679099E-02    4.205007E-03    0.000000E+00    0.000000E+00    0.000000E+00
1.965000E-01    5.027589E-02   -3.826301E-02   -1.261972E+01    0.000000E+00    0.000000E+00    0.000000E+00    2.269557E-02    1.675496E-02    4.133936E-03    0.000000E+00    0.000000E+00    0.000000E+00
1.975000E-01    5.046165E-02   -3.781944E-02   -1.262265E+01    0.000000E+00    0.000000E+00    0.000000E+00    2.258460E-02    1.677471E-02    4.160285E-03    0.000000E+00    0.000000E+00    0.000000E+00
1.985000E-01    5.065266E-02   -3.739483E-02   -1.262555E+01    0.000000E+00    0.000000E+00    0.000000E+00    2.247851E-02    1.679875E-02    4.186031E-03    0.000000E+00    0.000000E+00    0.000000E+00
1.995000E-01    5.084494E-02   -3.698973E-02   -1.262841E+01    0.000000E+00    0.000000E+00    0.000000E+00    2.237779E-02    1.682576E-02    4.210990E-03    0.000000E+00    0.000000E+00    0.000000E+00
2.005000E-01    5.104073E-02   -3.659645E-02   -1.263123E+01    0.000000E+00    0.000000E+00    0.000000E+00    2.228017E-02    1.685582E-02    4.235400E-03    0.000000E+00    0.000000E+00    0.000000E+00
2.015000E-01    5.123003E-02   -3.622644E-02   -1.263401E+01    0.000000E+00    0.000000E+00    0.000000E+00    2.219090E-02    1.688416E-02    4.259409E-03    0.000000E+00    0.000000E+00    0.000000E+00
2.025000E-01    5.142401E-02   -3.586236E-02   -1.263675E+01    0.000000E+00    0.000000E+00    0.000000E+00    2.210232E-02    1.691438E-02    4.284309E-03    0.000000E+00    0.000000E+00    0.000000E+00
2.035000E-01    5.161555E-02   -3.551598E-02   -1.263945E+01    0.000000E+00    0.000000E+00    0.000000E+00    2.201726E-02    1.694621E-02    4.308316E-03    0.000000E+00    0.000000E+00    0.000000E+00
2.045000E-01    5.181365E-02   -3.517412E-02   -1.264212E+01    0.000000E+00    0.000000E+00    0.000000E+00    2.193431E-02    1.697993E-02    4.332436E-03    0.000000E+00    0.000000E+00    0.000000E+00
2.055000E-01    5.199297E-02   -3.485950E-02   -1.264475E+01    0.000000E+00    0.000000E+00    0.000000E+00    2.186480E-02    1.700357E-02    4.356520E-03    0.000000E+00    0.000000E+00    0.000000E+00
2.065000E-01    5.219764E-02   -3.449833E-02   -1.264735E+01    0.000000E+00    0.000000E+00    0.000000E+00    2.177869E-02    1.704020E-02    4.380146E-03    0.000000E+00    0.000000E+00    0.000000E+00
2.075000E-01    5.233563E-02   -3.423829E-02   -1.264990E+01    0.000000E+00    0.000000E+00    0.000000E+00    2.172500E-02    1.705470E-02    4.404309E-03    0.000000E+00    0.000000E+00    0.000000E+00
2.085000E-01    5.250045E-02   -3.397949E-02   -1.265243E+01    0.000000E+00    0.000000E+00    0.000000E+00    2.166889E-02    1.708259E-02    4.427745E-03    0.000000E+00    0.000000E+00    0.000000E+00
2.095000E-01    5.272089E-02   -3.368526E-02   -1.265496E+01    0.000000E+00    0.000000E+00    0.000000E+00    2.159658E-02    1.712978E-02    4.451966E-03    0.000000E+00    0.000000E+00    0.000000E+00
2.105000E-01    5.281079E-02   -3.355782E-02   -1.265742E+01    0.000000E+00    0.000000E+00    0.000000E+00    2.159312E-02    1.712162E-02    4.477140E-03    0.000000E+00    0.000000E+00    0.000000E+00
2.115000E-01    5.297478E-02   -3.336481E-02   -1.265985E+01    0.000000E+00    0.000000E+00    0.000000E+00    2.157223E-02    1.713399E-02    4.504343E-03    0.000000E+00    0.000000E+00    0.000000E+00
2.125000E-01    5.311274E-02   -3.319379E-02   -1.266224E+01    0.000000E+00    0.000000E+00    0.000000E+00    2.155341E-02    1.714603E-02    4.529299E-03    0.000000E+00    0.000000E+00    0.000000E+00
2.135000E-01    5.332697E-02   -3.295459E-02   -1.266462E+01    0.000000E+00    0.000000E+00    0.000000E+00    2.150137E-02    1.718814E-02    4.553792E-03    0.000000E+00    0.000000E+00    0.000000E+00
2.145000E-01    5.342355E-02   -3.276449E-02   -1.266696E+01    0.000000E+00    0.000000E+00    0.000000E+00    2.148289E-02    1.719620E-02    4.577191E-03    0.000000E+00    0.000000E+00    0.000000E+00
2.155000E-01    5.351371E-02   -3.263485E-02   -1.266926E+01    0.000000E+00    0.000000E+00    0.000000E+00    2.148053E-02    1.718908E-02    4.602078E-03    0.000000E+00    0.000000E+00    0.000000E+00
2.165000E-01    5.377125E-02   -3.254141E-02   -1.267154E+01    0.000000E+00    0.000000E+00    0.000000E+00    2.149259E-02    1.726314E-02    4.595371E-03    0.000000E+00    0.000000E+00    0.000000E+00
2.175000E-01    5.390904E-02   -3.238156E-02   -1.267380E+01    0.000000E+00    0.000000E+00    0.000000E+00    2.147408E-02    1.727289E-02    4.620473E-03    0.000000E+00    0.000000E+00    0.000000E+00
2.185000E-01    5.403709E-02   -3.225374E-02   -1.267603E+01    0.000000E+00    0.000000E+00    0.000000E+00    2.146591E-02    1.727820E-02    4.645022E-03    0.000000E+00    0.000000E+00    0.000000E+00
2.195000E-01    5.419004E-02   -3.212394E-02   -1.267824E+01    0.000000E+00    0.000000E+00    0.000000E+00    2.145457E-02    1.729075E-02    4.668782E-03    0.000000E+00    0.000000E+00    0.000000E+00
2.205000E-01    5.440568E-02   -3.194315E-02   -1.268044E+01    0.000000E+00    0.000000E+00    0.000000E+00    2.142380E-02    1.732766E-02    4.692592E-03    0.000000E+00    0.000000E+00    0.000000E+00
2.215000E-01    5.463689E-02   -3.173795E-02   -1.268264E+01    0.000000E+00    0.000000E+00    0.000000E+00    2.138390E-02    1.736853E-02    4.718009E-03    0.000000E+00    0.000000E+00    0.000000E+00
2.225000E-01    5.469769E-02   -3.168923E-02   -1.268478E+01    0.000000E+00    0.000000E+00    0.000000E+00    2.140688E-02    1.733747E-02    4.745213E-03    0.000000E+00    0.000000E+00    0.000000E+00
2.235000E-01    5.473760E-02   -3.165437E-02   -1.268687E+01    0.000000E+00    0.000000E+00    0.000000E+00    2.143369E-02    1.730142E-02    4.773392E-03    0.000000E+00    0.000000E+00    0.000000E+00
2.245000E-01    5.493089E-02   -3.147973E-02   -1.268898E+01    0.000000E+00    0.000000E+00    0.000000E+00    2.140147E-02    1.733289E-02    4.800582E-03    0.000000E+00    0.000000E+00    0.000000E+00
2.255000E-01    5.516517E-02   -3.126712E-02   -1.269108E+01    0.000000E+00    0.000000E+00    0.000000E+00    2.135566E-02    1.738572E-02    4.825754E-03    0.000000E+00    0.000000E+00    0.000000E+00
2.265000E-01    5.534051E-02   -3.114889E-02   -1.269313E+01    0.000000E+00    0.000000E+00    0.000000E+00    2.134170E-02    1.741787E-02    4.848439E-03    0.000000E+00    0.000000E+00    0.000000E+00
2.275000E-01    5.553227E-02   -3.104776E-02   -1.269515E+01    0.000000E+00    0.000000E+00    0.000000E+00    2.134154E-02    1.744877E-02    4.871459E-03    0.000000E+00    0.000000E+00    0.000000E+00
2.285000E-01    5.575093E-02   -3.094705E-02   -1.269717E+01    0.000000E+00    0.000000E+00    0.000000E+00    2.133532E-02    1.749026E-02    4.894188E-03    0.000000E+00    0.000000E+00    0.000000E+00
2.295000E-01    5.599063E-02   -3.082816E-02   -1.269916E+01    0.000000E+00    0.000000E+00    0.000000E+00    2.132495E-02    1.754134E-02    4.917157E-03    0.000000E+00    0.000000E+00    0.000000E+00
2.305000E-01    5.622640E-02   -3.071766E-02   -1.270113E+01    0.000000E+00    0.000000E+00    0.000000E+00    2.131397E-02    1.759673E-02    4.942611E-03    0.000000E+00    0.000000E+00    0.000000E+00
2.315000E-01    5.645860E-02   -3.060199E-02   -1.270309E+01    0.000000E+00    0.000000E+00    0.000000E+00    2.129800E-02    1.765674E-02    4.969002E-03    0.000000E+00    0.000000E+00    0.000000E+00
2.325000E-01    5.672637E-02   -3.047237E-02   -1.270503E+01    0.000000E+00    0.000000E+00    0.000000E+00    2.127689E-02    1.772544E-02    4.993868E-03    0.000000E+00    0.000000E+00    0.000000E+00
2.335000E-01    5.701573E-02   -3.033334E-02   -1.270694E+01    0.000000E+00    0.000000E+00    0.000000E+00    2.125201E-02    1.780033E-02    5.017487E-03    0.000000E+00    0.000000E+00    0.000000E+00
2.345000E-01    5.729107E-02   -3.019869E-02   -1.270885E+01    0.000000E+00    0.000000E+00    0.000000E+00    2.122236E-02    1.787591E-02    5.042198E-03    0.000000E+00    0.000000E+00    0.000000E+00
2.355000E-01    5.757843E-02   -3.004770E-02   -1.271073E+01    0.000000E+00    0.000000E+00    0.000000E+00    2.119067E-02    1.795350E-02    5.066433E-03    0.000000E+00    0.000000E+00    0.000000E+00
2.365000E-01    5.787826E-02   -2.989665E-02   -1.271260E+01    0.000000E+00    0.000000E+00    0.000000E+00    2.115757E-02    1.803722E-02    5.090363E-03    0.000000E+00    0.000000E+00    0.000000E+00
2.375000E-01    5.819444E-02   -2.973888E-02   -1.271445E+01    0.000000E+00    0.000000E+00    0.000000E+00    2.112377E-02    1.812407E-02    5.113872E-03    0.000000E+00    0.000000E+00    0.000000E+00
2.385000E-01    5.852337E-02   -2.958476E-02   -1.271629E+01    0.000000E+00    0.000000E+00    0.000000E+00    2.108945E-02    1.821086E-02    5.137346E-03    0.000000E+00    0.000000E+00    0.000000E+00
2.395000E-01    5.887725E-02   -2.944571E-02   -1.271812E+01    0.000000E+00    0.000000E+00    0.000000E+00    2.105919E-02    1.830056E-02    5.161314E-03    0.000000E+00    0.000000E+00    0.000000E+00
2.405000E-01    5.921789E-02   -2.930944E-02   -1.271993E+01    0.000000E+00    0.000000E+00    0.000000E+00    2.103309E-02    1.839147E-02    5.184160E-03    0.000000E+00    0.000000E+00    0.000000E+00
2.415000E-01    5.956050E-02   -2.916550E-02   -1.272172E+01    0.000000E+00    0.000000E+00    0.000000E+00    2.100580E-02    1.848173E-02    5.207335E-03    0.000000E+00    0.000000E+00    0.000000E+00
2.425000E-01    5.990206E-02   -2.901298E-02   -1.272350E+01    0.000000E+00    0.000000E+00    0.000000E+00    2.097683E-02    1.856955E-02    5.230690E-03    0.000000E+00    0.000000E+00    0.000000E+00
2.435000E-01    6.023627E-02   -2.885761E-02   -1.272527E+01    0.000000E+00    0.000000E+00    0.000000E+00    2.094520E-02    1.865187E-02    5.253532E-03    0.000000E+00    0.000000E+00    0.000000E+00
2.445000E-01    6.055582E-02   -2.868255E-02   -1.272702E+01    0.000000E+00    0.000000E+00    0.000000E+00    2.090848E-02    1.872440E-02    5.276239E-03    0.000000E+00    0.000000E+00    0.000000E+00
2.455000E-01    6.087573E-02   -2.847891E-02   -1.272875E+01    0.000000E+00    0.000000E+00    0.000000E+00    2.086119E-02    1.878791E-02    5.298645E-03    0.000000E+00    0.000000E+00    0.000000E+00
2.465000E-01    6.119810E-02   -2.828701E-02   -1.273048E+01    0.000000E+00    0.000000E+00    0.000000E+00    2.082284E-02    1.885559E-02    5.318855E-03    0.000000E+00    0.000000E+00    0.000000E+00
2.475000E-01    6.152260E-02   -2.815262E-02   -1.273219E+01    0.000000E+00    0.000000E+00    0.000000E+00    2.081710E-02    1.892984E-02    5.340036E-03    0.000000E+00    0.000000E+00    0.000000E+00
2.485000E-01    6.183423E-02   -2.803473E-02   -1.273389E+01    0.000000E+00    0.000000E+00    0.000000E+00    2.082031E-02    1.898788E-02    5.364098E-03    0.000000E+00    0.000000E+00    0.000000E+00
2.495000E-01    6.212114E-02   -2.785439E-02   -1.273558E+01    0.000000E+00    0.000000E+00    0.000000E+00    2.080134E-02    1.902773E-02    5.386103E-03    0.000000E+00    0.000000E+00    0.000000E+00
2.505000E-01    6.241430E-02   -2.764535E-02   -1.273727E+01    0.000000E+00    0.000000E+00    0.000000E+00    2.077131E-02    1.906823E-02    5.405796E-03    0.000000E+00    0.000000E+00    0.000000E+00
2.515000E-01    6.271502E-02   -2.745906E-02   -1.273894E+01    0.000000E+00    0.000000E+00    0.000000E+00    2.075146E-02    1.911028E-02    5.426024E-03    0.000000E+00    0.000000E+00    0.000000E+00
2.525000E-01    6.297988E-02   -2.723821E-02   -1.274060E+01    0.000000E+00    0.000000E+00    0.000000E+00    2.073085E-02    1.914676E-02    5.445424E-03    0.000000E+00    0.000000E+00    0.000000E+00
2.535000E-01    6.327110E-02   -2.701117E-02   -1.274226E+01    0.000000E+00    0.000000E+00    0.000000E+00    2.070014E-02    1.918436E-02    5.465700E-03    0.000000E+00    0.000000E+00    0.000000E+00
2.545000E-01    6.358168E-02   -2.678472E-02   -1.274392E+01    0.000000E+00    0.000000E+00    0.000000E+00    2.066884E-02    1.922959E-02    5.484742E-03    0.000000E+00    0.000000E+00    0.000000E+00
2.555000E-01    6.391907E-02   -2.655900E-02   -1.274557E+01    0.000000E+00    0.000000E+00    0.000000E+00    2.064302E-02    1.927849E-02    5.501775E-03    0.000000E+00    0.000000E+00    0.000000E+00
2.565000E-01    6.425347E-02   -2.633937E-02   -1.274720E+01    0.000000E+00    0.000000E+00    0.000000E+00    2.062146E-02    1.932461E-02    5.519238E-03    0.000000E+00    0.000000E+00    0.000000E+00
2.575000E-01    6.458593E-02   -2.612680E-02   -1.274883E+01    0.000000E+00    0.000000E+00    0.000000E+00    2.060256E-02    1.936824E-02    5.537253E-03    0.000000E+00    0.000000E+00    0.000000E+00
2.585000E-01    6.493194E-02   -2.592799E-02   -1.275046E+01    0.000000E+00    0.000000E+00    0.000000E+00    2.058554E-02    1.941124E-02    5.556063E-03    0.000000E+00    0.000000E+00    0.000000E+00
2.595000E-01    6.528315E-02   -2.572271E-02   -1.275209E+01    0.000000E+00    0.000000E+00    0.000000E+00    2.057156E-02    1.945011E-02    5.574639E-03    0.000000E+00    0.000000E+00    0.000000E+00
2.605000E-01    6.563867E-02   -2.551650E-02   -1.275371E+01    0.000000E+00    0.000000E+00    0.000000E+00    2.056118E-02    1.948942E-02    5.593670E-03    0.000000E+00    0.000000E+00    0.000000E+00
2.615000E-01    6.600711E-02   -2.531898E-02   -1.275532E+01    0.000000E+00    0.000000E+00    0.000000E+00    2.055212E-02    1.953395E-02    5.611437E-03    0.000000E+00    0.000000E+00    0.000000E+00
2.625000E-01    6.636589E-02   -2.510844E-02   -1.275693E+01    0.000000E+00    0.000000E+00    0.000000E+00    2.054252E-02    1.957990E-02    5.631740E-03    0.000000E+00    0.000000E+00    0.000000E+00
2.635000E-01    6.674652E-02   -2.489198E-02   -1.275854E+01    0.000000E+00    0.000000E+00    0.000000E+00    2.053330E-02    1.962535E-02    5.651962E-03    0.000000E+00    0.000000E+00    0.000000E+00
2.645000E-01    6.711680E-02   -2.467399E-02   -1.276015E+01    0.000000E+00    0.000000E+00    0.000000E+00    2.052418E-02    1.966910E-02    5.672135E-03    0.000000E+00    0.000000E+00    0.000000E+00
2.655000E-01    6.748107E-02   -2.443801E-02   -1.276175E+01    0.000000E+00    0.000000E+00    0.000000E+00    2.051288E-02    1.971279E-02    5.691632E-03    0.000000E+00    0.000000E+00    0.000000E+00
2.665000E-01    6.785470E-02   -2.418888E-02   -1.276335E+01    0.000000E+00    0.000000E+00    0.000000E+00    2.049759E-02    1.975703E-02    5.710266E-03    0.000000E+00    0.000000E+00    0.000000E+00
2.675000E-01    6.824077E-02   -2.393447E-02   -1.276495E+01    0.000000E+00    0.000000E+00    0.000000E+00    2.048192E-02    1.980273E-02    5.728410E-03    0.000000E+00    0.000000E+00    0.000000E+00
2.685000E-01    6.862446E-02   -2.368982E-02   -1.276653E+01    0.000000E+00    0.000000E+00    0.000000E+00    2.046804E-02    1.984821E-02    5.746202E-03    0.000000E+00    0.000000E+00    0.000000E+00
2.695000E-01    6.899830E-02   -2.345595E-02   -1.276811E+01    0.000000E+00    0.000000E+00    0.000000E+00    2.046047E-02    1.988607E-02    5.762470E-03    0.000000E+00    0.000000E+00    0.000000E+00
2.705000E-01    6.937171E-02   -2.323421E-02   -1.276971E+01    0.000000E+00    0.000000E+00    0.000000E+00    2.046845E-02    1.991447E-02    5.776698E-03    0.000000E+00    0.000000E+00    0.000000E+00
2.715000E-01    6.976343E-02   -2.300437E-02   -1.277131E+01    0.000000E+00    0.000000E+00    0.000000E+00    2.047624E-02    1.994987E-02    5.792885E-03    0.000000E+00    0.000000E+00    0.000000E+00
2.725000E-01    7.017161E-02   -2.277517E-02   -1.277289E+01    0.000000E+00    0.000000E+00    0.000000E+00    2.047753E-02    1.999532E-02    5.811784E-03    0.000000E+00    0.000000E+00    0.000000E+00
2.735000E-01    7.055023E-02   -2.256482E-02   -1.277446E+01    0.000000E+00    0.000000E+00    0.000000E+00    2.048968E-02    2.002506E-02    5.827765E-03    0.000000E+00    0.000000E+00    0.000000E+00
2.745000E-01    7.090309E-02   -2.238494E-02   -1.277605E+01    0.000000E+00    0.000000E+00    0.000000E+00    2.050784E-02    2.004105E-02    5.841523E-03    0.000000E+00    0.000000E+00    0.000000E+00
2.755000E-01    7.127439E-02   -2.221960E-02   -1.277763E+01    0.000000E+00    0.000000E+00    0.000000E+00    2.052746E-02    2.005880E-02    5.854890E-03    0.000000E+00    0.000000E+00    0.000000E+00
2.765000E-01    7.167324E-02   -2.206309E-02   -1.277921E+01    0.000000E+00    0.000000E+00    0.000000E+00    2.055333E-02    2.008061E-02    5.869762E-03    0.000000E+00    0.000000E+00    0.000000E+00
2.775000E-01    7.204766E-02   -2.189625E-02   -1.278080E+01    0.000000E+00    0.000000E+00    0.000000E+00    2.058319E-02    2.009856E-02    5.882885E-03    0.000000E+00    0.000000E+00    0.000000E+00
2.785000E-01    7.253605E-02   -2.177922E-02   -1.278240E+01    0.000000E+00    0.000000E+00    0.000000E+00    2.062374E-02    2.011053E-02    5.891532E-03    0.000000E+00    0.000000E+00    0.000000E+00
2.795000E-01    7.289122E-02   -2.165194E-02   -1.278398E+01    0.000000E+00    0.000000E+00    0.000000E+00    2.066848E-02    2.011830E-02    5.905380E-03    0.000000E+00    0.000000E+00    0.000000E+00
2.805000E-01    7.322919E-02   -2.153622E-02   -1.278556E+01    0.000000E+00    0.000000E+00    0.000000E+00    2.071510E-02    2.012078E-02    5.919039E-03    0.000000E+00    0.000000E+00    0.000000E+00
2.815000E-01    7.357258E-02   -2.141273E-02   -1.278715E+01    0.000000E+00    0.000000E+00    0.000000E+00    2.076603E-02    2.011729E-02    5.932312E-03    0.000000E+00    0.000000E+00    0.000000E+00
2.825000E-01    7.391610E-02   -2.130238E-02   -1.278874E+01    0.000000E+00    0.000000E+00    0.000000E+00    2.082294E-02    2.011014E-02    5.945465E-03    0.000000E+00    0.000000E+00    0.000000E+00
2.835000E-01    7.426231E-02   -2.120062E-02   -1.279034E+01    0.000000E+00    0.000000E+00    0.000000E+00    2.089030E-02    2.009730E-02    5.957969E-03    0.000000E+00    0.000000E+00    0.000000E+00
2.845000E-01    7.458734E-02   -2.109582E-02   -1.279193E+01    0.000000E+00    0.000000E+00    0.000000E+00    2.096306E-02    2.007799E-02    5.970376E-03    0.000000E+00    0.000000E+00    0.000000E+00
2.855000E-01    7.494738E-02   -2.099914E-02   -1.279354E+01    0.000000E+00    0.000000E+00    0.000000E+00    2.103505E-02    2.006622E-02    5.981727E-03    0.000000E+00    0.000000E+00    0.000000E+00
2.865000E-01    7.530803E-02   -2.093570E-02   -1.279514E+01    0.000000E+00    0.000000E+00    0.000000E+00    2.111048E-02    2.005427E-02    5.992361E-03    0.000000E+00    0.000000E+00    0.000000E+00
2.875000E-01    7.565171E-02   -2.086300E-02   -1.279673E+01    0.000000E+00    0.000000E+00    0.000000E+00    2.118885E-02    2.003872E-02    6.002968E-03    0.000000E+00    0.000000E+00    0.000000E+00
2.885000E-01    7.598028E-02   -2.081219E-02   -1.279832E+01    0.000000E+00    0.000000E+00    0.000000E+00    2.127327E-02    2.001978E-02    6.012993E-03    0.000000E+00    0.000000E+00    0.000000E+00
2.895000E-01    7.631025E-02   -2.076201E-02   -1.279992E+01    0.000000E+00    0.000000E+00    0.000000E+00    2.136281E-02    1.999345E-02    6.023551E-03    0.000000E+00    0.000000E+00    0.000000E+00
2.905000E-01    7.660351E-02   -2.071553E-02   -1.280151E+01    0.000000E+00    0.000000E+00    0.000000E+00    2.145563E-02    1.996155E-02    6.031015E-03    0.000000E+00    0.000000E+00    0.000000E+00
2.915000E-01    7.690022E-02   -2.069035E-02   -1.280311E+01    0.000000E+00    0.000000E+00    0.000000E+00    2.154976E-02    1.992901E-02    6.041183E-03    0.000000E+00    0.000000E+00    0.000000E+00
2.925000E-01    7.720112E-02   -2.069092E-02   -1.280470E+01    0.000000E+00    0.000000E+00    0.000000E+00    2.164762E-02    1.989534E-02    6.050881E-03    0.000000E+00    0.000000E+00    0.000000E+00
2.935000E-01    7.749109E-02   -2.070878E-02   -1.280630E+01    0.000000E+00    0.000000E+00    0.000000E+00    2.175214E-02    1.985931E-02    6.060060E-03    0.000000E+00    0.000000E+00    0.000000E+00
2.945000E-01    7.777454E-02   -2.072235E-02   -1.280791E+01    0.000000E+00    0.000000E+00    0.000000E+00    2.186454E-02    1.982310E-02    6.069928E-03    0.000000E+00    0.000000E+00    0.000000E+00
2.955000E-01    7.805352E-02   -2.074912E-02   -1.280951E+01    0.000000E+00    0.000000E+00    0.000000E+00    2.198102E-02    1.978534E-02    6.080789E-03    0.000000E+00    0.000000E+00    0.000000E+00
2.965000E-01    7.831681E-02   -2.080334E-02   -1.281113E+01    0.000000E+00    0.000000E+00    0.000000E+00    2.209608E-02    1.974075E-02    6.090947E-03    0.000000E+00    0.000000E+00    0.000000E+00
2.975000E-01    7.856637E-02   -2.088030E-02   -1.281274E+01    0.000000E+00    0.000000E+00    0.000000E+00    2.221468E-02    1.969139E-02    6.100569E-03    0.000000E+00    0.000000E+00    0.000000E+00
2.985000E-01    7.881281E-02   -2.097146E-02   -1.281435E+01    0.000000E+00    0.000000E+00    0.000000E+00    2.234230E-02    1.964396E-02    6.111016E-03    0.000000E+00    0.000000E+00    0.000000E+00
2.995000E-01    7.906310E-02   -2.107785E-02   -1.281597E+01    0.000000E+00    0.000000E+00    0.000000E+00    2.247671E-02    1.959629E-02    6.122345E-03    0.000000E+00    0.000000E+00    0.000000E+00
3.005000E-01    7.929859E-02   -2.119311E-02   -1.281759E+01    0.000000E+00    0.000000E+00    0.000000E+00    2.261276E-02    1.954399E-02    6.133324E-03    0.000000E+00    0.000000E+00    0.000000E+00
3.015000E-01    7.951973E-02   -2.131610E-02   -1.281920E+01    0.000000E+00    0.000000E+00    0.000000E+00    2.274976E-02    1.948750E-02    6.144054E-03    0.000000E+00    0.000000E+00    0.000000E+00
3.025000E-01    7.973311E-02   -2.144920E-02   -1.282082E+01    0.000000E+00    0.000000E+00    0.000000E+00    2.288840E-02    1.942864E-02    6.155031E-03    0.000000E+00    0.000000E+00    0.000000E+00
3.035000E-01    7.993410E-02   -2.159458E-02   -1.282244E+01    0.000000E+00    0.000000E+00    0.000000E+00    2.302768E-02    1.936851E-02    6.166008E-03    0.000000E+00    0.000000E+00    0.000000E+00
3.045000E-01    8.011835E-02   -2.173304E-02   -1.282406E+01    0.000000E+00    0.000000E+00    0.000000E+00    2.316552E-02    1.930472E-02    6.177281E-03    0.000000E+00    0.000000E+00    0.000000E+00
3.055000E-01    8.028554E-02   -2.188351E-02   -1.282568E+01    0.000000E+00    0.000000E+00    0.000000E+00    2.330496E-02    1.923576E-02    6.188472E-03    0.000000E+00    0.000000E+00    0.000000E+00
3.065000E-01    8.044812E-02   -2.204646E-02   -1.282731E+01    0.000000E+00    0.000000E+00    0.000000E+00    2.344697E-02    1.916476E-02    6.199956E-03    0.000000E+00    0.000000E+00    0.000000E+00
3.075000E-01    8.059603E-02   -2.223376E-02   -1.282894E+01    0.000000E+00    0.000000E+00    0.000000E+00    2.359344E-02    1.909286E-02    6.212432E-03    0.000000E+00    0.000000E+00    0.000000E+00
3.085000E-01    8.073720E-02   -2.243419E-02   -1.283054E+01    0.000000E+00    0.000000E+00    0.000000E+00    2.374460E-02    1.902007E-02    6.226620E-03    0.000000E+00    0.000000E+00    0.000000E+00
3.095000E-01    8.088680E-02   -2.265704E-02   -1.283208E+01    0.000000E+00    0.000000E+00    0.000000E+00    2.389190E-02    1.895336E-02    6.242989E-03    0.000000E+00    0.000000E+00    0.000000E+00
3.105000E-01    8.103175E-02   -2.288379E-02   -1.283383E+01    0.000000E+00    0.000000E+00    0.000000E+00    2.403917E-02    1.888281E-02    6.260429E-03    0.000000E+00    0.000000E+00    0.000000E+00
3.115000E-01    8.110703E-02   -2.318914E-02   -1.283559E+01    0.000000E+00    0.000000E+00    0.000000E+00    2.421566E-02    1.878602E-02    6.273064E-03    0.000000E+00    0.000000E+00    0.000000E+00
3.125000E-01    8.119637E-02   -2.349092E-02   -1.283718E+01    0.000000E+00    0.000000E+00    0.000000E+00    2.438854E-02    1.869755E-02    6.284749E-03    0.000000E+00    0.000000E+00    0.000000E+00
3.135000E-01    8.130692E-02   -2.376985E-02   -1.283881E+01    0.000000E+00    0.000000E+00    0.000000E+00    2.455071E-02    1.862116E-02    6.299245E-03    0.000000E+00    0.000000E+00    0.000000E+00
3.145000E-01    8.140828E-02   -2.405582E-02   -1.284051E+01    0.000000E+00    0.000000E+00    0.000000E+00    2.471429E-02    1.854126E-02    6.315014E-03    0.000000E+00    0.000000E+00    0.000000E+00
3.155000E-01    8.151072E-02   -2.434938E-02   -1.284221E+01    0.000000E+00    0.000000E+00    0.000000E+00    2.487666E-02    1.845784E-02    6.331794E-03    0.000000E+00    0.000000E+00    0.000000E+00
3.165000E-01    8.162162E-02   -2.464211E-02   -1.284388E+01    0.000000E+00    0.000000E+00    0.000000E+00    2.503493E-02    1.837672E-02    6.349182E-03    0.000000E+00    0.000000E+00    0.000000E+00
3.175000E-01    8.172016E-02   -2.494526E-02   -1.284556E+01    0.000000E+00    0.000000E+00    0.000000E+00    2.519403E-02    1.829655E-02    6.366223E-03    0.000000E+00    0.000000E+00    0.000000E+00
3.185000E-01    8.179515E-02   -2.526380E-02   -1.284725E+01    0.000000E+00    0.000000E+00    0.000000E+00    2.535587E-02    1.821205E-02    6.382807E-03    0.000000E+00    0.000000E+00    0.000000E+00
3.195000E-01    8.184916E-02   -2.559683E-02   -1.284895E+01    0.000000E+00    0.000000E+00    0.000000E+00    2.551986E-02    1.812141E-02    6.398866E-03    0.000000E+00    0.000000E+00    0.000000E+00
3.205000E-01    8.187961E-02   -2.594170E-02   -1.285064E+01    0.000000E+00    0.000000E+00    0.000000E+00    2.568712E-02    1.802483E-02    6.414248E-03    0.000000E+00    0.000000E+00    0.000000E+00
3.215000E-01    8.188855E-02   -2.630512E-02   -1.285233E+01    0.000000E+00    0.000000E+00    0.000000E+00    2.585761E-02    1.792126E-02    6.428205E-03    0.000000E+00    0.000000E+00    0.000000E+00
3.225000E-01    8.187358E-02   -2.668238E-02   -1.285403E+01    0.000000E+00    0.000000E+00    0.000000E+00    2.603031E-02    1.781024E-02    6.440988E-03    0.000000E+00    0.000000E+00    0.000000E+00
3.235000E-01    8.186327E-02   -2.708345E-02   -1.285573E+01    0.000000E+00    0.000000E+00    0.000000E+00    2.620532E-02    1.769518E-02    6.451746E-03    0.000000E+00    0.000000E+00    0.000000E+00
3.245000E-01    8.182504E-02   -2.748400E-02   -1.285744E+01    0.000000E+00    0.000000E+00    0.000000E+00    2.638187E-02    1.757684E-02    6.463190E-03    0.000000E+00    0.000000E+00    0.000000E+00
3.255000E-01    8.189676E-02   -2.793659E-02   -1.285915E+01    0.000000E+00    0.000000E+00    0.000000E+00    2.656272E-02    1.745335E-02    6.469605E-03    0.000000E+00    0.000000E+00    0.000000E+00
3.265000E-01    8.184914E-02   -2.835598E-02   -1.286087E+01    0.000000E+00    0.000000E+00    0.000000E+00    2.674183E-02    1.733065E-02    6.480938E-03    0.000000E+00    0.000000E+00    0.000000E+00
3.275000E-01    8.163451E-02   -2.869743E-02   -1.286260E+01    0.000000E+00    0.000000E+00    0.000000E+00    2.692213E-02    1.720171E-02    6.496947E-03    0.000000E+00    0.000000E+00    0.000000E+00
3.285000E-01    8.151807E-02   -2.915393E-02   -1.286431E+01    0.000000E+00    0.000000E+00    0.000000E+00    2.710883E-02    1.705807E-02    6.503659E-03    0.000000E+00    0.000000E+00    0.000000E+00
3.295000E-01    8.139991E-02   -2.961859E-02   -1.286603E+01    0.000000E+00    0.000000E+00    0.000000E+00    2.729631E-02    1.690993E-02    6.508811E-03    0.000000E+00    0.000000E+00    0.000000E+00
3.305000E-01    8.130511E-02   -3.010476E-02   -1.286776E+01    0.000000E+00    0.000000E+00    0.000000E+00    2.748235E-02    1.676434E-02    6.518190E-03    0.000000E+00    0.000000E+00    0.000000E+00
3.315000E-01    8.120503E-02   -3.061701E-02   -1.286950E+01    0.000000E+00    0.000000E+00    0.000000E+00    2.767134E-02    1.661987E-02    6.526453E-03    0.000000E+00    0.000000E+00    0.000000E+00
3.325000E-01    8.099511E-02   -3.107485E-02   -1.287125E+01    0.000000E+00    0.000000E+00    0.000000E+00    2.786517E-02    1.647841E-02    6.537306E-03    0.000000E+00    0.000000E+00    0.000000E+00
3.335000E-01    8.087228E-02   -3.157752E-02   -1.287299E+01    0.000000E+00    0.000000E+00    0.000000E+00    2.806159E-02    1.633879E-02    6.545763E-03    0.000000E+00    0.000000E+00    0.000000E+00
3.345000E-01    8.072508E-02   -3.210428E-02   -1.287475E+01    0.000000E+00    0.000000E+00    0.000000E+00    2.825389E-02    1.619662E-02    6.554018E-03    0.000000E+00    0.000000E+00    0.000000E+00
3.355000E-01    8.056499E-02   -3.264360E-02   -1.287650E+01    0.000000E+00    0.000000E+00    0.000000E+00    2.844134E-02    1.605117E-02    6.561775E-03    0.000000E+00    0.000000E+00    0.000000E+00
3.365000E-01    8.036300E-02   -3.319267E-02   -1.287825E+01    0.000000E+00    0.000000E+00    0.000000E+00    2.862937E-02    1.589286E-02    6.565787E-03    0.000000E+00    0.000000E+00    0.000000E+00
3.375000E-01    8.009657E-02   -3.375736E-02   -1.288000E+01    0.000000E+00    0.000000E+00    0.000000E+00    2.882111E-02    1.571810E-02    6.569208E-03    0.000000E+00    0.000000E+00    0.000000E+00
3.385000E-01    7.984266E-02   -3.433886E-02   -1.288176E+01    0.000000E+00    0.000000E+00    0.000000E+00    2.901483E-02    1.554039E-02    6.571470E-03    0.000000E+00    0.000000E+00    0.000000E+00
3.395000E-01    7.957961E-02   -3.493204E-02   -1.288351E+01    0.000000E+00    0.000000E+00    0.000000E+00    2.920959E-02    1.536040E-02    6.574746E-03    0.000000E+00    0.000000E+00    0.000000E+00
3.405000E-01    7.929910E-02   -3.553193E-02   -1.288527E+01    0.000000E+00    0.000000E+00    0.000000E+00    2.940359E-02    1.517552E-02    6.578405E-03    0.000000E+00    0.000000E+00    0.000000E+00
3.415000E-01    7.899963E-02   -3.614598E-02   -1.288702E+01    0.000000E+00    0.000000E+00    0.000000E+00    2.959423E-02    1.498559E-02    6.580689E-03    0.000000E+00    0.000000E+00    0.000000E+00
3.425000E-01    7.867942E-02   -3.674927E-02   -1.288877E+01    0.000000E+00    0.000000E+00    0.000000E+00    2.978155E-02    1.479195E-02    6.583356E-03    0.000000E+00    0.000000E+00    0.000000E+00
3.435000E-01    7.834552E-02   -3.735816E-02   -1.289052E+01    0.000000E+00    0.000000E+00    0.000000E+00    2.996668E-02    1.459601E-02    6.586168E-03    0.000000E+00    0.000000E+00    0.000000E+00
3.445000E-01    7.799709E-02   -3.797326E-02   -1.289227E+01    0.000000E+00    0.000000E+00    0.000000E+00    3.014967E-02    1.439860E-02    6.588778E-03    0.000000E+00    0.000000E+00    0.000000E+00
3.455000E-01    7.762502E-02   -3.860173E-02   -1.289402E+01    0.000000E+00    0.000000E+00    0.000000E+00    3.033330E-02    1.419489E-02    6.591019E-03    0.000000E+00    0.000000E+00    0.000000E+00
3.465000E-01    7.723410E-02   -3.924094E-02   -1.289577E+01    0.000000E+00    0.000000E+00    0.000000E+00    3.051716E-02    1.398550E-02    6.593352E-03    0.000000E+00    0.000000E+00    0.000000E+00
3.475000E-01    7.682923E-02   -3.988376E-02   -1.289751E+01    0.000000E+00    0.000000E+00    0.000000E+00    3.069944E-02    1.377298E-02    6.595835E-03    0.000000E+00    0.000000E+00    0.000000E+00
3.485000E-01    7.640641E-02   -4.053299E-02   -1.289926E+01    0.000000E+00    0.000000E+00    0.000000E+00    3.088106E-02    1.355658E-02    6.598000E-03    0.000000E+00    0.000000E+00    0.000000E+00
3.495000E-01    7.595851E-02   -4.118343E-02   -1.290100E+01    0.000000E+00    0.000000E+00    0.000000E+00    3.106139E-02    1.333604E-02    6.599722E-03    0.000000E+00    0.000000E+00    0.000000E+00
3.505000E-01    7.549801E-02   -4.184624E-02   -1.290274E+01    0.000000E+00    0.000000E+00    0.000000E+00    3.124143E-02    1.311121E-02    6.601898E-03    0.000000E+00    0.000000E+00    0.000000E+00
3.515000E-01    7.501667E-02   -4.251820E-02   -1.290447E+01    0.000000E+00    0.000000E+00    0.000000E+00    3.142157E-02    1.288104E-02    6.603711E-03    0.000000E+00    0.000000E+00    0.000000E+00
3.525000E-01    7.451559E-02   -4.319628E-02   -1.290621E+01    0.000000E+00    0.000000E+00    0.000000E+00    3.160112E-02    1.264635E-02    6.605252E-03    0.000000E+00    0.000000E+00    0.000000E+00
3.535000E-01    7.399700E-02   -4.388164E-02   -1.290793E+01    0.000000E+00    0.000000E+00    0.000000E+00    3.177986E-02    1.240770E-02    6.606459E-03    0.000000E+00    0.000000E+00    0.000000E+00
3.545000E-01    7.345608E-02   -4.456419E-02   -1.290966E+01    0.000000E+00    0.000000E+00    0.000000E+00    3.195634E-02    1.216416E-02    6.607627E-03    0.000000E+00    0.000000E+00    0.000000E+00
3.555000E-01    7.290320E-02   -4.525433E-02   -1.291138E+01    0.000000E+00    0.000000E+00    0.000000E+00    3.213129E-02    1.191815E-02    6.608127E-03    0.000000E+00    0.000000E+00    0.000000E+00
3.565000E-01    7.233703E-02   -4.594995E-02   -1.291309E+01    0.000000E+00    0.000000E+00    0.000000E+00    3.230552E-02    1.167030E-02    6.608375E-03    0.000000E+00    0.000000E+00    0.000000E+00
3.575000E-01    7.175687E-02   -4.665124E-02   -1.291481E+01    0.000000E+00    0.000000E+00    0.000000E+00    3.247915E-02    1.142005E-02    6.608440E-03    0.000000E+00    0.000000E+00    0.000000E+00
3.585000E-01    7.116159E-02   -4.735638E-02   -1.291651E+01    0.000000E+00    0.000000E+00    0.000000E+00    3.265165E-02    1.116701E-02    6.608150E-03    0.000000E+00    0.000000E+00    0.000000E+00
3.595000E-01    7.055376E-02   -4.806277E-02   -1.291821E+01    0.000000E+00    0.000000E+00    0.000000E+00    3.282222E-02    1.091257E-02    6.607500E-03    0.000000E+00    0.000000E+00    0.000000E+00
3.605000E-01    6.995935E-02   -4.876742E-02   -1.291991E+01    0.000000E+00    0.000000E+00    0.000000E+00    3.298869E-02    1.065871E-02    6.608469E-03    0.000000E+00    0.000000E+00    0.000000E+00
3.615000E-01    6.932761E-02   -4.946660E-02   -1.292160E+01    0.000000E+00    0.000000E+00    0.000000E+00    3.315441E-02    1.040379E-02    6.608068E-03    0.000000E+00    0.000000E+00    0.000000E+00
3.625000E-01    6.867930E-02   -5.016593E-02   -1.292329E+01    0.000000E+00    0.000000E+00    0.000000E+00    3.331895E-02    1.014713E-02    6.607220E-03    0.000000E+00    0.000000E+00    0.000000E+00
3.635000E-01    6.801507E-02   -5.085795E-02   -1.292498E+01    0.000000E+00    0.000000E+00    0.000000E+00    3.347887E-02    9.887373E-03    6.605875E-03    0.000000E+00    0.000000E+00    0.000000E+00
3.645000E-01    6.733881E-02   -5.154667E-02   -1.292666E+01    0.000000E+00    0.000000E+00    0.000000E+00    3.363510E-02    9.627827E-03    6.603872E-03    0.000000E+00    0.000000E+00    0.000000E+00
3.655000E-01    6.665223E-02   -5.223399E-02   -1.292833E+01    0.000000E+00    0.000000E+00    0.000000E+00    3.378878E-02    9.371096E-03    6.601129E-03    0.000000E+00    0.000000E+00    0.000000E+00
3.665000E-01    6.595248E-02   -5.291824E-02   -1.293000E+01    0.000000E+00    0.000000E+00    0.000000E+00    3.393961E-02    9.113550E-03    6.597700E-03    0.000000E+00    0.000000E+00    0.000000E+00
3.675000E-01    6.523715E-02   -5.359611E-02   -1.293167E+01    0.000000E+00    0.000000E+00    0.000000E+00    3.408725E-02    8.853373E-03    6.594026E-03    0.000000E+00    0.000000E+00    0.000000E+00
3.685000E-01    6.450303E-02   -5.427499E-02   -1.293332E+01    0.000000E+00    0.000000E+00    0.000000E+00    3.423155E-02    8.591661E-03    6.589462E-03    0.000000E+00    0.000000E+00    0.000000E+00
3.695000E-01    6.376392E-02   -5.493968E-02   -1.293498E+01    0.000000E+00    0.000000E+00    0.000000E+00    3.437202E-02    8.331121E-03    6.584876E-03    0.000000E+00    0.000000E+00    0.000000E+00
3.705000E-01    6.300496E-02   -5.559513E-02   -1.293662E+01    0.000000E+00    0.000000E+00    0.000000E+00    3.450814E-02    8.071028E-03    6.579077E-03    0.000000E+00    0.000000E+00    0.000000E+00
3.715000E-01    6.223799E-02   -5.624335E-02   -1.293826E+01    0.000000E+00    0.000000E+00    0.000000E+00    3.464058E-02    7.810566E-03    6.572974E-03    0.000000E+00    0.000000E+00    0.000000E+00
3.725000E-01    6.146052E-02   -5.688447E-02   -1.293989E+01    0.000000E+00    0.000000E+00    0.000000E+00    3.476887E-02    7.550645E-03    6.566989E-03    0.000000E+00    0.000000E+00    0.000000E+00
3.735000E-01    6.067977E-02   -5.751858E-02   -1.294152E+01    0.000000E+00    0.000000E+00    0.000000E+00    3.489486E-02    7.294143E-03    6.560242E-03    0.000000E+00    0.000000E+00    0.000000E+00
3.745000E-01    5.988121E-02   -5.814505E-02   -1.294313E+01    0.000000E+00    0.000000E+00    0.000000E+00    3.501752E-02    7.036493E-03    6.552659E-03    0.000000E+00    0.000000E+00    0.000000E+00
3.755000E-01    5.907704E-02   -5.876200E-02   -1.294474E+01    0.000000E+00    0.000000E+00    0.000000E+00    3.513490E-02    6.779186E-03    6.544086E-03    0.000000E+00    0.000000E+00    0.000000E+00
3.765000E-01    5.856928E-02   -5.943259E-02   -1.294637E+01    0.000000E+00    0.000000E+00    0.000000E+00    3.525202E-02    6.527695E-03    6.525719E-03    0.000000E+00    0.000000E+00    0.000000E+00
3.775000E-01    5.774658E-02   -6.003812E-02   -1.294796E+01    0.000000E+00    0.000000E+00    0.000000E+00    3.536645E-02    6.279148E-03    6.516232E-03    0.000000E+00    0.000000E+00    0.000000E+00
3.785000E-01    5.691113E-02   -6.062241E-02   -1.294955E+01    0.000000E+00    0.000000E+00    0.000000E+00    3.547330E-02    6.032417E-03    6.506176E-03    0.000000E+00    0.000000E+00    0.000000E+00
3.795000E-01    5.607066E-02   -6.119569E-02   -1.295112E+01    0.000000E+00    0.000000E+00    0.000000E+00    3.557557E-02    5.790117E-03    6.495016E-03    0.000000E+00    0.000000E+00    0.000000E+00
3.805000E-01    5.521355E-02   -6.177896E-02   -1.295269E+01    0.000000E+00    0.000000E+00    0.000000E+00    3.567596E-02    5.553707E-03    6.483971E-03    0.000000E+00    0.000000E+00    0.000000E+00
3.815000E-01    5.436295E-02   -6.233934E-02   -1.295424E+01    0.000000E+00    0.000000E+00    0.000000E+00    3.577252E-02    5.321123E-03    6.471068E-03    0.000000E+00    0.000000E+00    0.000000E+00
3.825000E-01    5.350488E-02   -6.288509E-02   -1.295579E+01    0.000000E+00    0.000000E+00    0.000000E+00    3.586425E-02    5.092510E-03    6.457321E-03    0.000000E+00    0.000000E+00    0.000000E+00
3.835000E-01    5.263224E-02   -6.341368E-02   -1.295732E+01    0.000000E+00    0.000000E+00    0.000000E+00    3.595049E-02    4.864639E-03    6.442522E-03    0.000000E+00    0.000000E+00    0.000000E+00
3.845000E-01    5.174019E-02   -6.393209E-02   -1.295884E+01    0.000000E+00    0.000000E+00    0.000000E+00    3.603188E-02    4.627652E-03    6.427299E-03    0.000000E+00    0.000000E+00    0.000000E+00
3.855000E-01    5.085446E-02   -6.443947E-02   -1.296035E+01    0.000000E+00    0.000000E+00    0.000000E+00    3.610971E-02    4.397713E-03    6.411669E-03    0.000000E+00    0.000000E+00    0.000000E+00
3.865000E-01    4.998786E-02   -6.493298E-02   -1.296185E+01    0.000000E+00    0.000000E+00    0.000000E+00    3.618443E-02    4.183801E-03    6.395489E-03    0.000000E+00    0.000000E+00    0.000000E+00
3.875000E-01    4.911190E-02   -6.541273E-02   -1.296335E+01    0.000000E+00    0.000000E+00    0.000000E+00    3.625438E-02    3.980008E-03    6.378617E-03    0.000000E+00    0.000000E+00    0.000000E+00
3.885000E-01    4.823175E-02   -6.587274E-02   -1.296483E+01    0.000000E+00    0.000000E+00    0.000000E+00    3.631827E-02    3.780579E-03    6.361760E-03    0.000000E+00    0.000000E+00    0.000000E+00
3.895000E-01    4.735744E-02   -6.631551E-02   -1.296630E+01    0.000000E+00    0.000000E+00    0.000000E+00    3.637727E-02    3.586807E-03    6.345380E-03    0.000000E+00    0.000000E+00    0.000000E+00
3.905000E-01    4.649177E-02   -6.674284E-02   -1.296776E+01    0.000000E+00    0.000000E+00    0.000000E+00    3.643037E-02    3.403804E-03    6.329513E-03    0.000000E+00    0.000000E+00    0.000000E+00
3.915000E-01    4.562874E-02   -6.715518E-02   -1.296921E+01    0.000000E+00    0.000000E+00    0.000000E+00    3.647774E-02    3.230271E-03    6.313447E-03    0.000000E+00    0.000000E+00    0.000000E+00
3.925000E-01    4.476366E-02   -6.755621E-02   -1.297064E+01    0.000000E+00    0.000000E+00    0.000000E+00    3.652120E-02    3.062853E-03    6.296955E-03    0.000000E+00    0.000000E+00    0.000000E+00
3.935000E-01    4.389638E-02   -6.794784E-02   -1.297207E+01    0.000000E+00    0.000000E+00    0.000000E+00    3.656075E-02    2.901627E-03    6.280371E-03    0.000000E+00    0.000000E+00    0.000000E+00
3.945000E-01    4.304838E-02   -6.831442E-02   -1.297349E+01    0.000000E+00    0.000000E+00    0.000000E+00    3.659700E-02    2.745443E-03    6.265464E-03    0.000000E+00    0.000000E+00    0.000000E+00
3.955000E-01    4.217776E-02   -6.868586E-02   -1.297490E+01    0.000000E+00    0.000000E+00    0.000000E+00    3.663345E-02    2.590391E-03    6.248832E-03    0.000000E+00    0.000000E+00    0.000000E+00
3.965000E-01    4.131175E-02   -6.904114E-02   -1.297630E+01    0.000000E+00    0.000000E+00    0.000000E+00    3.666760E-02    2.439901E-03    6.232437E-03    0.000000E+00    0.000000E+00    0.000000E+00
3.975000E-01    4.045604E-02   -6.938154E-02   -1.297768E+01    0.000000E+00    0.000000E+00    0.000000E+00    3.669846E-02    2.299374E-03    6.216186E-03    0.000000E+00    0.000000E+00    0.000000E+00
3.985000E-01    3.962343E-02   -6.971456E-02   -1.297906E+01    0.000000E+00    0.000000E+00    0.000000E+00    3.672823E-02    2.169728E-03    6.199333E-03    0.000000E+00    0.000000E+00    0.000000E+00
3.995000E-01    3.881986E-02   -7.004417E-02   -1.298042E+01    0.000000E+00    0.000000E+00    0.000000E+00    3.675844E-02    2.054943E-03    6.181122E-03    0.000000E+00    0.000000E+00    0.000000E+00
4.005000E-01    3.799988E-02   -7.034010E-02   -1.298177E+01    0.000000E+00    0.000000E+00    0.000000E+00    3.678139E-02    1.935780E-03    6.167165E-03    0.000000E+00    0.000000E+00    0.000000E+00
4.015000E-01    3.719945E-02   -7.060820E-02   -1.298311E+01    0.000000E+00    0.000000E+00    0.000000E+00    3.679624E-02    1.827321E-03    6.155079E-03    0.000000E+00    0.000000E+00    0.000000E+00
4.025000E-01    3.643715E-02   -7.086747E-02   -1.298444E+01    0.000000E+00    0.000000E+00    0.000000E+00    3.680819E-02    1.736372E-03    6.140398E-03    0.000000E+00    0.000000E+00    0.000000E+00
4.035000E-01    3.567998E-02   -7.109746E-02   -1.298577E+01    0.000000E+00    0.000000E+00    0.000000E+00    3.681800E-02    1.633215E-03    6.121720E-03    0.000000E+00    0.000000E+00    0.000000E+00
4.045000E-01    3.490386E-02   -7.132659E-02   -1.298707E+01    0.000000E+00    0.000000E+00    0.000000E+00    3.682456E-02    1.530831E-03    6.105239E-03    0.000000E+00    0.000000E+00    0.000000E+00
4.055000E-01    3.417320E-02   -7.153842E-02   -1.298837E+01    0.000000E+00    0.000000E+00    0.000000E+00    3.682325E-02    1.448969E-03    6.089215E-03    0.000000E+00    0.000000E+00    0.000000E+00
4.065000E-01    3.347403E-02   -7.173988E-02   -1.298967E+01    0.000000E+00    0.000000E+00    0.000000E+00    3.681520E-02    1.381397E-03    6.073304E-03    0.000000E+00    0.000000E+00    0.000000E+00
4.075000E-01    3.279728E-02   -7.193009E-02   -1.299095E+01    0.000000E+00    0.000000E+00    0.000000E+00    3.680529E-02    1.322581E-03    6.057397E-03    0.000000E+00    0.000000E+00    0.000000E+00
4.085000E-01    3.215082E-02   -7.210585E-02   -1.299222E+01    0.000000E+00    0.000000E+00    0.000000E+00    3.679380E-02    1.275693E-03    6.041627E-03    0.000000E+00    0.000000E+00    0.000000E+00
4.095000E-01    3.153572E-02   -7.226250E-02   -1.299349E+01    0.000000E+00    0.000000E+00    0.000000E+00    3.677794E-02    1.241294E-03    6.026165E-03    0.000000E+00    0.000000E+00    0.000000E+00
4.105000E-01    3.094887E-02   -7.239838E-02   -1.299474E+01    0.000000E+00    0.000000E+00    0.000000E+00    3.675709E-02    1.217945E-03    6.010978E-03    0.000000E+00    0.000000E+00    0.000000E+00
4.115000E-01    3.038921E-02   -7.251468E-02   -1.299599E+01    0.000000E+00    0.000000E+00    0.000000E+00    3.673225E-02    1.204733E-03    5.995817E-03    0.000000E+00    0.000000E+00    0.000000E+00
4.125000E-01    2.985545E-02   -7.260997E-02   -1.299722E+01    0.000000E+00    0.000000E+00    0.000000E+00    3.670281E-02    1.200771E-03    5.980562E-03    0.000000E+00    0.000000E+00    0.000000E+00
4.135000E-01    2.934809E-02   -7.268294E-02   -1.299844E+01    0.000000E+00    0.000000E+00    0.000000E+00    3.666851E-02    1.205792E-03    5.965362E-03    0.000000E+00    0.000000E+00    0.000000E+00
4.145000E-01    2.886811E-02   -7.273971E-02   -1.299966E+01    0.000000E+00    0.000000E+00    0.000000E+00    3.663133E-02    1.222341E-03    5.950082E-03    0.000000E+00    0.000000E+00    0.000000E+00
4.155000E-01    2.841096E-02   -7.277864E-02   -1.300086E+01    0.000000E+00    0.000000E+00    0.000000E+00    3.659139E-02    1.249633E-03    5.934807E-03    0.000000E+00    0.000000E+00    0.000000E+00
4.165000E-01    2.797609E-02   -7.279561E-02   -1.300206E+01    0.000000E+00    0.000000E+00    0.000000E+00    3.654736E-02    1.283339E-03    5.919639E-03    0.000000E+00    0.000000E+00    0.000000E+00
4.175000E-01    2.756609E-02   -7.278449E-02   -1.300324E+01    0.000000E+00    0.000000E+00    0.000000E+00    3.649598E-02    1.322016E-03    5.905201E-03    0.000000E+00    0.000000E+00    0.000000E+00
4.185000E-01    2.717486E-02   -7.275735E-02   -1.300442E+01    0.000000E+00    0.000000E+00    0.000000E+00    3.644041E-02    1.366893E-03    5.891197E-03    0.000000E+00    0.000000E+00    0.000000E+00
4.195000E-01    2.681742E-02   -7.272084E-02   -1.300558E+01    0.000000E+00    0.000000E+00    0.000000E+00    3.638653E-02    1.420855E-03    5.876727E-03    0.000000E+00    0.000000E+00    0.000000E+00
4.205000E-01    2.648574E-02   -7.267223E-02   -1.300673E+01    0.000000E+00    0.000000E+00    0.000000E+00    3.633242E-02    1.482389E-03    5.861789E-03    0.000000E+00    0.000000E+00    0.000000E+00
4.215000E-01    2.617783E-02   -7.260610E-02   -1.300787E+01    0.000000E+00    0.000000E+00    0.000000E+00    3.627554E-02    1.550339E-03    5.846699E-03    0.000000E+00    0.000000E+00    0.000000E+00
4.225000E-01    2.589962E-02   -7.252710E-02   -1.300900E+01    0.000000E+00    0.000000E+00    0.000000E+00    3.621714E-02    1.625090E-03    5.831358E-03    0.000000E+00    0.000000E+00    0.000000E+00
4.235000E-01    2.564505E-02   -7.243851E-02   -1.301012E+01    0.000000E+00    0.000000E+00    0.000000E+00    3.615985E-02    1.708363E-03    5.814922E-03    0.000000E+00    0.000000E+00    0.000000E+00
4.245000E-01    2.539308E-02   -7.236586E-02   -1.301123E+01    0.000000E+00    0.000000E+00    0.000000E+00    3.610540E-02    1.800405E-03    5.795365E-03    0.000000E+00    0.000000E+00    0.000000E+00
4.255000E-01    2.519571E-02   -7.225475E-02   -1.301233E+01    0.000000E+00    0.000000E+00    0.000000E+00    3.604739E-02    1.901411E-03    5.778601E-03    0.000000E+00    0.000000E+00    0.000000E+00
4.265000E-01    2.502683E-02   -7.212222E-02   -1.301342E+01    0.000000E+00    0.000000E+00    0.000000E+00    3.598457E-02    2.011305E-03    5.762993E-03    0.000000E+00    0.000000E+00    0.000000E+00
4.275000E-01    2.488645E-02   -7.197745E-02   -1.301449E+01    0.000000E+00    0.000000E+00    0.000000E+00    3.592004E-02    2.129743E-03    5.747572E-03    0.000000E+00    0.000000E+00    0.000000E+00
4.285000E-01    2.477324E-02   -7.183718E-02   -1.301556E+01    0.000000E+00    0.000000E+00    0.000000E+00    3.586049E-02    2.256174E-03    5.730479E-03    0.000000E+00    0.000000E+00    0.000000E+00
4.295000E-01    2.468573E-02   -7.169385E-02   -1.301662E+01    0.000000E+00    0.000000E+00    0.000000E+00    3.580297E-02    2.390446E-03    5.712498E-03    0.000000E+00    0.000000E+00    0.000000E+00
4.305000E-01    2.462361E-02   -7.153766E-02   -1.301766E+01    0.000000E+00    0.000000E+00    0.000000E+00    3.574369E-02    2.532828E-03    5.694691E-03    0.000000E+00    0.000000E+00    0.000000E+00
4.315000E-01    2.458758E-02   -7.137223E-02   -1.301869E+01    0.000000E+00    0.000000E+00    0.000000E+00    3.568391E-02    2.683487E-03    5.676679E-03    0.000000E+00    0.000000E+00    0.000000E+00
4.325000E-01    2.457820E-02   -7.120937E-02   -1.301972E+01    0.000000E+00    0.000000E+00    0.000000E+00    3.562835E-02    2.842425E-03    5.657077E-03    0.000000E+00    0.000000E+00    0.000000E+00
4.335000E-01    2.459333E-02   -7.105067E-02   -1.302073E+01    0.000000E+00    0.000000E+00    0.000000E+00    3.557724E-02    3.008952E-03    5.635684E-03    0.000000E+00    0.000000E+00    0.000000E+00
4.345000E-01    2.463413E-02   -7.088871E-02   -1.302173E+01    0.000000E+00    0.000000E+00    0.000000E+00    3.552672E-02    3.183300E-03    5.613881E-03    0.000000E+00    0.000000E+00    0.000000E+00
4.355000E-01    2.469861E-02   -7.071894E-02   -1.302272E+01    0.000000E+00    0.000000E+00    0.000000E+00    3.547710E-02    3.365306E-03    5.591937E-03    0.000000E+00    0.000000E+00    0.000000E+00
4.365000E-01    2.462759E-02   -7.045182E-02   -1.302371E+01    0.000000E+00    0.000000E+00    0.000000E+00    3.538194E-02    3.476412E-03    5.608998E-03    0.000000E+00    0.000000E+00    0.000000E+00
4.375000E-01    2.473078E-02   -7.027493E-02   -1.302467E+01    0.000000E+00    0.000000E+00    0.000000E+00    3.533485E-02    3.670807E-03    5.586764E-03    0.000000E+00    0.000000E+00    0.000000E+00
4.385000E-01    2.483910E-02   -7.012808E-02   -1.302563E+01    0.000000E+00    0.000000E+00    0.000000E+00    3.530305E-02    3.859606E-03    5.562973E-03    0.000000E+00    0.000000E+00    0.000000E+00
4.395000E-01    2.495459E-02   -6.997964E-02   -1.302658E+01    0.000000E+00    0.000000E+00    0.000000E+00    3.528479E-02    4.042785E-03    5.539652E-03    0.000000E+00    0.000000E+00    0.000000E+00
4.405000E-01    2.510569E-02   -6.981579E-02   -1.302752E+01    0.000000E+00    0.000000E+00    0.000000E+00    3.526421E-02    4.236822E-03    5.515892E-03    0.000000E+00    0.000000E+00    0.000000E+00
4.415000E-01    2.528826E-02   -6.964488E-02   -1.302845E+01    0.000000E+00    0.000000E+00    0.000000E+00    3.524311E-02    4.441180E-03    5.491578E-03    0.000000E+00    0.000000E+00    0.000000E+00
4.425000E-01    2.548629E-02   -6.947548E-02   -1.302937E+01    0.000000E+00    0.000000E+00    0.000000E+00    3.522685E-02    4.650666E-03    5.466780E-03    0.000000E+00    0.000000E+00    0.000000E+00
4.435000E-01    2.570881E-02   -6.930614E-02   -1.303029E+01    0.000000E+00    0.000000E+00    0.000000E+00    3.521414E-02    4.865898E-03    5.441853E-03    0.000000E+00    0.000000E+00    0.000000E+00
4.445000E-01    2.595170E-02   -6.913107E-02   -1.303119E+01    0.000000E+00    0.000000E+00    0.000000E+00    3.520209E-02    5.087417E-03    5.416785E-03    0.000000E+00    0.000000E+00    0.000000E+00
4.455000E-01    2.621364E-02   -6.893186E-02   -1.303209E+01    0.000000E+00    0.000000E+00    0.000000E+00    3.518116E-02    5.313884E-03    5.391403E-03    0.000000E+00    0.000000E+00    0.000000E+00
4.465000E-01    2.649616E-02   -6.872493E-02   -1.303298E+01    0.000000E+00    0.000000E+00    0.000000E+00    3.515736E-02    5.544697E-03    5.366676E-03    0.000000E+00    0.000000E+00    0.000000E+00
4.475000E-01    2.678658E-02   -6.854035E-02   -1.303386E+01    0.000000E+00    0.000000E+00    0.000000E+00    3.514099E-02    5.778925E-03    5.340995E-03    0.000000E+00    0.000000E+00    0.000000E+00
4.485000E-01    2.708199E-02   -6.831962E-02   -1.303474E+01    0.000000E+00    0.000000E+00    0.000000E+00    3.512878E-02    6.016006E-03    5.317627E-03    0.000000E+00    0.000000E+00    0.000000E+00
4.495000E-01    2.739480E-02   -6.814369E-02   -1.303560E+01    0.000000E+00    0.000000E+00    0.000000E+00    3.512069E-02    6.254715E-03    5.291118E-03    0.000000E+00    0.000000E+00    0.000000E+00
4.505000E-01    2.772383E-02   -6.796898E-02   -1.303646E+01    0.000000E+00    0.000000E+00    0.000000E+00    3.511419E-02    6.497374E-03    5.264815E-03    0.000000E+00    0.000000E+00    0.000000E+00
4.515000E-01    2.806905E-02   -6.779957E-02   -1.303730E+01    0.000000E+00    0.000000E+00    0.000000E+00    3.510985E-02    6.744331E-03    5.239065E-03    0.000000E+00    0.000000E+00    0.000000E+00
4.525000E-01    2.842485E-02   -6.763922E-02   -1.303815E+01    0.000000E+00    0.000000E+00    0.000000E+00    3.510947E-02    6.993526E-03    5.213750E-03    0.000000E+00    0.000000E+00    0.000000E+00
4.535000E-01    2.879051E-02   -6.748682E-02   -1.303898E+01    0.000000E+00    0.000000E+00    0.000000E+00    3.511378E-02    7.244265E-03    5.188778E-03    0.000000E+00    0.000000E+00    0.000000E+00
4.545000E-01    2.919374E-02   -6.733545E-02   -1.303982E+01    0.000000E+00    0.000000E+00    0.000000E+00    3.512203E-02    7.496870E-03    5.165852E-03    0.000000E+00    0.000000E+00    0.000000E+00
4.555000E-01    2.957686E-02   -6.719531E-02   -1.304064E+01    0.000000E+00    0.000000E+00    0.000000E+00    3.513460E-02    7.748968E-03    5.141254E-03    0.000000E+00    0.000000E+00    0.000000E+00
4.565000E-01    2.996840E-02   -6.706110E-02   -1.304145E+01    0.000000E+00    0.000000E+00    0.000000E+00    3.515166E-02    8.002018E-03    5.116957E-03    0.000000E+00    0.000000E+00    0.000000E+00
4.575000E-01    3.037092E-02   -6.693343E-02   -1.304226E+01    0.000000E+00    0.000000E+00    0.000000E+00    3.517237E-02    8.256431E-03    5.092756E-03    0.000000E+00    0.000000E+00    0.000000E+00
4.585000E-01    3.078327E-02   -6.681340E-02   -1.304306E+01    0.000000E+00    0.000000E+00    0.000000E+00    3.519726E-02    8.511288E-03    5.068623E-03    0.000000E+00    0.000000E+00    0.000000E+00
4.595000E-01    3.119903E-02   -6.670017E-02   -1.304385E+01    0.000000E+00    0.000000E+00    0.000000E+00    3.522667E-02    8.765503E-03    5.044620E-03    0.000000E+00    0.000000E+00    0.000000E+00
4.605000E-01    3.165337E-02   -6.659868E-02   -1.304464E+01    0.000000E+00    0.000000E+00    0.000000E+00    3.525995E-02    9.020110E-03    5.018799E-03    0.000000E+00    0.000000E+00    0.000000E+00
4.615000E-01    3.208438E-02   -6.650175E-02   -1.304542E+01    0.000000E+00    0.000000E+00    0.000000E+00    3.529829E-02    9.273521E-03    4.995391E-03    0.000000E+00    0.000000E+00    0.000000E+00
4.625000E-01    3.246391E-02   -6.640586E-02   -1.304620E+01    0.000000E+00    0.000000E+00    0.000000E+00    3.534382E-02    9.522644E-03    4.968383E-03    0.000000E+00    0.000000E+00    0.000000E+00
4.635000E-01    3.290856E-02   -6.632589E-02   -1.304696E+01    0.000000E+00    0.000000E+00    0.000000E+00    3.539474E-02    9.771368E-03    4.945109E-03    0.000000E+00    0.000000E+00    0.000000E+00
4.645000E-01    3.336259E-02   -6.625308E-02   -1.304772E+01    0.000000E+00    0.000000E+00    0.000000E+00    3.545001E-02    1.001996E-02    4.922010E-03    0.000000E+00    0.000000E+00    0.000000E+00
4.655000E-01    3.380904E-02   -6.620627E-02   -1.304847E+01    0.000000E+00    0.000000E+00    0.000000E+00    3.552088E-02    1.025762E-02    4.899303E-03    0.000000E+00    0.000000E+00    0.000000E+00
4.665000E-01    3.426234E-02   -6.616945E-02   -1.304922E+01    0.000000E+00    0.000000E+00    0.000000E+00    3.559822E-02    1.049335E-02    4.876758E-03    0.000000E+00    0.000000E+00    0.000000E+00
4.675000E-01    3.474020E-02   -6.612729E-02   -1.304996E+01    0.000000E+00    0.000000E+00    0.000000E+00    3.567176E-02    1.073753E-02    4.854298E-03    0.000000E+00    0.000000E+00    0.000000E+00
4.685000E-01    3.525244E-02   -6.612127E-02   -1.305070E+01    0.000000E+00    0.000000E+00    0.000000E+00    3.574860E-02    1.098449E-02    4.829892E-03    0.000000E+00    0.000000E+00    0.000000E+00
4.695000E-01    3.574858E-02   -6.610355E-02   -1.305143E+01    0.000000E+00    0.000000E+00    0.000000E+00    3.583065E-02    1.122896E-02    4.807998E-03    0.000000E+00    0.000000E+00    0.000000E+00
4.705000E-01    3.625666E-02   -6.608996E-02   -1.305215E+01    0.000000E+00    0.000000E+00    0.000000E+00    3.591629E-02    1.147407E-02    4.786528E-03    0.000000E+00    0.000000E+00    0.000000E+00
4.715000E-01    3.677542E-02   -6.608442E-02   -1.305287E+01    0.000000E+00    0.000000E+00    0.000000E+00    3.600482E-02    1.172009E-02    4.765319E-03    0.000000E+00    0.000000E+00    0.000000E+00
4.725000E-01    3.730821E-02   -6.608779E-02   -1.305358E+01    0.000000E+00    0.000000E+00    0.000000E+00    3.609705E-02    1.196566E-02    4.744487E-03    0.000000E+00    0.000000E+00    0.000000E+00
4.735000E-01    3.784179E-02   -6.610418E-02   -1.305428E+01    0.000000E+00    0.000000E+00    0.000000E+00    3.619385E-02    1.221104E-02    4.723717E-03    0.000000E+00    0.000000E+00    0.000000E+00
4.745000E-01    3.837579E-02   -6.613172E-02   -1.305498E+01    0.000000E+00    0.000000E+00    0.000000E+00    3.629489E-02    1.245642E-02    4.703072E-03    0.000000E+00    0.000000E+00    0.000000E+00
4.755000E-01    3.891304E-02   -6.616960E-02   -1.305567E+01    0.000000E+00    0.000000E+00    0.000000E+00    3.639956E-02    1.270000E-02    4.682491E-03    0.000000E+00    0.000000E+00    0.000000E+00
4.765000E-01    3.945984E-02   -6.621497E-02   -1.305636E+01    0.000000E+00    0.000000E+00    0.000000E+00    3.650488E-02    1.294407E-02    4.662355E-03    0.000000E+00    0.000000E+00    0.000000E+00
4.775000E-01    4.001525E-02   -6.626961E-02   -1.305703E+01    0.000000E+00    0.000000E+00    0.000000E+00    3.661180E-02    1.318923E-02    4.642390E-03    0.000000E+00    0.000000E+00    0.000000E+00
4.785000E-01    4.057463E-02   -6.634002E-02   -1.305771E+01    0.000000E+00    0.000000E+00    0.000000E+00    3.672407E-02    1.343201E-02    4.622608E-03    0.000000E+00    0.000000E+00    0.000000E+00
4.795000E-01    4.113700E-02   -6.642735E-02   -1.305837E+01    0.000000E+00    0.000000E+00    0.000000E+00    3.684242E-02    1.367126E-02    4.603139E-03    0.000000E+00    0.000000E+00    0.000000E+00
4.805000E-01    4.174772E-02   -6.655842E-02   -1.305904E+01    0.000000E+00    0.000000E+00    0.000000E+00    3.696606E-02    1.391047E-02    4.587100E-03    0.000000E+00    0.000000E+00    0.000000E+00
4.815000E-01    4.232628E-02   -6.666957E-02   -1.305969E+01    0.000000E+00    0.000000E+00    0.000000E+00    3.709115E-02    1.414909E-02    4.567680E-03    0.000000E+00    0.000000E+00    0.000000E+00
4.825000E-01    4.294735E-02   -6.680450E-02   -1.306034E+01    0.000000E+00    0.000000E+00    0.000000E+00    3.722484E-02    1.440495E-02    4.539684E-03    0.000000E+00    0.000000E+00    0.000000E+00
4.835000E-01    4.349695E-02   -6.691777E-02   -1.306098E+01    0.000000E+00    0.000000E+00    0.000000E+00    3.735703E-02    1.463830E-02    4.523007E-03    0.000000E+00    0.000000E+00    0.000000E+00
4.845000E-01    4.408724E-02   -6.707459E-02   -1.306161E+01    0.000000E+00    0.000000E+00    0.000000E+00    3.749539E-02    1.487070E-02    4.503734E-03    0.000000E+00    0.000000E+00    0.000000E+00
4.855000E-01    4.468189E-02   -6.724750E-02   -1.306224E+01    0.000000E+00    0.000000E+00    0.000000E+00    3.763851E-02    1.510161E-02    4.484191E-03    0.000000E+00    0.000000E+00    0.000000E+00
4.865000E-01    4.527962E-02   -6.743396E-02   -1.306286E+01    0.000000E+00    0.000000E+00    0.000000E+00    3.778530E-02    1.533086E-02    4.464544E-03    0.000000E+00    0.000000E+00    0.000000E+00
4.875000E-01    4.587938E-02   -6.763554E-02   -1.306347E+01    0.000000E+00    0.000000E+00    0.000000E+00    3.793629E-02    1.555788E-02    4.444888E-03    0.000000E+00    0.000000E+00    0.000000E+00
4.885000E-01    4.648116E-02   -6.785132E-02   -1.306408E+01    0.000000E+00    0.000000E+00    0.000000E+00    3.809101E-02    1.578302E-02    4.425285E-03    0.000000E+00    0.000000E+00    0.000000E+00
4.895000E-01    4.708256E-02   -6.808214E-02   -1.306468E+01    0.000000E+00    0.000000E+00    0.000000E+00    3.824885E-02    1.600668E-02    4.405880E-03    0.000000E+00    0.000000E+00    0.000000E+00
4.905000E-01    4.768064E-02   -6.833204E-02   -1.306528E+01    0.000000E+00    0.000000E+00    0.000000E+00    3.841207E-02    1.622796E-02    4.386602E-03    0.000000E+00    0.000000E+00    0.000000E+00
4.915000E-01    4.827533E-02   -6.859705E-02   -1.306587E+01    0.000000E+00    0.000000E+00    0.000000E+00    3.857989E-02    1.644589E-02    4.367073E-03    0.000000E+00    0.000000E+00    0.000000E+00
4.925000E-01    4.886695E-02   -6.887484E-02   -1.306646E+01    0.000000E+00    0.000000E+00    0.000000E+00    3.875056E-02    1.666043E-02    4.347207E-03    0.000000E+00    0.000000E+00    0.000000E+00
4.935000E-01    4.945644E-02   -6.916427E-02   -1.306704E+01    0.000000E+00    0.000000E+00    0.000000E+00    3.892449E-02    1.687205E-02    4.326683E-03    0.000000E+00    0.000000E+00    0.000000E+00
4.945000E-01    5.004863E-02   -6.944127E-02   -1.306762E+01    0.000000E+00    0.000000E+00    0.000000E+00    3.909781E-02    1.708173E-02    4.305551E-03    0.000000E+00    0.000000E+00    0.000000E+00
4.955000E-01    5.063268E-02   -6.977489E-02   -1.306819E+01    0.000000E+00    0.000000E+00    0.000000E+00    3.927445E-02    1.728987E-02    4.283917E-03    0.000000E+00    0.000000E+00    0.000000E+00
4.965000E-01    5.122011E-02   -7.009669E-02   -1.306876E+01    0.000000E+00    0.000000E+00    0.000000E+00    3.945541E-02    1.749629E-02    4.263430E-03    0.000000E+00    0.000000E+00    0.000000E+00
4.975000E-01    5.183947E-02   -7.039503E-02   -1.306932E+01    0.000000E+00    0.000000E+00    0.000000E+00    3.963922E-02    1.770130E-02    4.239931E-03    0.000000E+00    0.000000E+00    0.000000E+00
4.985000E-01    5.242499E-02   -7.073878E-02   -1.306988E+01    0.000000E+00    0.000000E+00    0.000000E+00    3.982619E-02    1.790494E-02    4.219600E-03    0.000000E+00    0.000000E+00    0.000000E+00
4.995000E-01    5.301233E-02   -7.108306E-02   -1.307043E+01    0.000000E+00    0.000000E+00    0.000000E+00    4.001150E-02    1.810842E-02    4.200408E-03    0.000000E+00    0.000000E+00    0.000000E+00
5.005000E-01    5.360001E-02   -7.142587E-02   -1.307097E+01    0.000000E+00    0.000000E+00    0.000000E+00    4.019441E-02    1.831004E-02    4.182266E-03    0.000000E+00    0.000000E+00    0.000000E+00
5.015000E-01    5.416953E-02   -7.179757E-02   -1.307151E+01    0.000000E+00    0.000000E+00    0.000000E+00    4.038454E-02    1.850653E-02    4.163427E-03    0.000000E+00    0.000000E+00    0.000000E+00
5.025000E-01    5.472959E-02   -7.218550E-02   -1.307205E+01    0.000000E+00    0.000000E+00    0.000000E+00    4.057994E-02    1.869937E-02    4.143836E-03    0.000000E+00    0.000000E+00    0.000000E+00
5.035000E-01    5.528509E-02   -7.258302E-02   -1.307258E+01    0.000000E+00    0.000000E+00    0.000000E+00    4.077645E-02    1.889030E-02    4.124063E-03    0.000000E+00    0.000000E+00    0.000000E+00
5.045000E-01    5.583725E-02   -7.298928E-02   -1.307310E+01    0.000000E+00    0.000000E+00    0.000000E+00    4.097281E-02    1.908011E-02    4.103585E-03    0.000000E+00    0.000000E+00    0.000000E+00
5.055000E-01    5.638610E-02   -7.341116E-02   -1.307362E+01    0.000000E+00    0.000000E+00    0.000000E+00    4.117077E-02    1.927003E-02    4.083396E-03    0.000000E+00    0.000000E+00    0.000000E+00
5.065000E-01    5.693714E-02   -7.383654E-02   -1.307414E+01    0.000000E+00    0.000000E+00    0.000000E+00    4.137058E-02    1.946038E-02    4.063738E-03    0.000000E+00    0.000000E+00    0.000000E+00
5.075000E-01    5.748660E-02   -7.427276E-02   -1.307465E+01    0.000000E+00    0.000000E+00    0.000000E+00    4.157284E-02    1.965042E-02    4.044076E-03    0.000000E+00    0.000000E+00    0.000000E+00
5.085000E-01    5.803007E-02   -7.472080E-02   -1.307515E+01    0.000000E+00    0.000000E+00    0.000000E+00    4.177722E-02    1.983930E-02    4.023830E-03    0.000000E+00    0.000000E+00    0.000000E+00
5.095000E-01    5.856865E-02   -7.518551E-02   -1.307566E+01    0.000000E+00    0.000000E+00    0.000000E+00    4.198330E-02    2.002878E-02    4.002687E-03    0.000000E+00    0.000000E+00    0.000000E+00
5.105000E-01    5.909551E-02   -7.566169E-02   -1.307616E+01    0.000000E+00    0.000000E+00    0.000000E+00    4.218872E-02    2.021872E-02    3.981209E-03    0.000000E+00    0.000000E+00    0.000000E+00
5.115000E-01    5.961504E-02   -7.615412E-02   -1.307666E+01    0.000000E+00    0.000000E+00    0.000000E+00    4.239819E-02    2.040618E-02    3.958650E-03    0.000000E+00    0.000000E+00    0.000000E+00
5.125000E-01    6.022819E-02   -7.706053E-02   -1.307716E+01    0.000000E+00    0.000000E+00    0.000000E+00    4.281109E-02    2.064029E-02    4.026032E-03    0.000000E+00    0.000000E+00    0.000000E+00
5.135000E-01    6.073340E-02   -7.757445E-02   -1.307765E+01    0.000000E+00    0.000000E+00    0.000000E+00    4.302593E-02    2.082466E-02    4.002277E-03    0.000000E+00    0.000000E+00    0.000000E+00
5.145000E-01    6.123499E-02   -7.809153E-02   -1.307814E+01    0.000000E+00    0.000000E+00    0.000000E+00    4.324076E-02    2.100958E-02    3.978410E-03    0.000000E+00    0.000000E+00    0.000000E+00
5.155000E-01    6.173340E-02   -7.860500E-02   -1.307862E+01    0.000000E+00    0.000000E+00    0.000000E+00    4.345299E-02    2.119493E-02    3.955368E-03    0.000000E+00    0.000000E+00    0.000000E+00
5.165000E-01    6.217923E-02   -7.905800E-02   -1.307911E+01    0.000000E+00    0.000000E+00    0.000000E+00    4.365627E-02    2.137877E-02    3.934015E-03    0.000000E+00    0.000000E+00    0.000000E+00
5.175000E-01    6.268134E-02   -7.956553E-02   -1.307959E+01    0.000000E+00    0.000000E+00    0.000000E+00    4.385706E-02    2.156161E-02    3.914626E-03    0.000000E+00    0.000000E+00    0.000000E+00
5.185000E-01    6.314523E-02   -8.007599E-02   -1.308006E+01    0.000000E+00    0.000000E+00    0.000000E+00    4.405952E-02    2.173952E-02    3.892073E-03    0.000000E+00    0.000000E+00    0.000000E+00
5.195000E-01    6.359207E-02   -8.060106E-02   -1.308052E+01    0.000000E+00    0.000000E+00    0.000000E+00    4.426566E-02    2.191286E-02    3.867740E-03    0.000000E+00    0.000000E+00    0.000000E+00
5.205000E-01    6.402638E-02   -8.113623E-02   -1.308098E+01    0.000000E+00    0.000000E+00    0.000000E+00    4.447392E-02    2.208306E-02    3.841922E-03    0.000000E+00    0.000000E+00    0.000000E+00
5.215000E-01    6.443640E-02   -8.168888E-02   -1.308144E+01    0.000000E+00    0.000000E+00    0.000000E+00    4.468337E-02    2.225097E-02    3.814056E-03    0.000000E+00    0.000000E+00    0.000000E+00
5.225000E-01    6.485523E-02   -8.223393E-02   -1.308189E+01    0.000000E+00    0.000000E+00    0.000000E+00    4.489238E-02    2.241824E-02    3.786752E-03    0.000000E+00    0.000000E+00    0.000000E+00
5.235000E-01    6.526632E-02   -8.278194E-02   -1.308234E+01    0.000000E+00    0.000000E+00    0.000000E+00    4.510096E-02    2.258393E-02    3.759156E-03    0.000000E+00    0.000000E+00    0.000000E+00
5.245000E-01    6.566891E-02   -8.333243E-02   -1.308278E+01    0.000000E+00    0.000000E+00    0.000000E+00    4.530919E-02    2.274740E-02    3.731587E-03    0.000000E+00    0.000000E+00    0.000000E+00
5.255000E-01    6.606336E-02   -8.388423E-02   -1.308322E+01    0.000000E+00    0.000000E+00    0.000000E+00    4.551660E-02    2.290931E-02    3.704038E-03    0.000000E+00    0.000000E+00    0.000000E+00
5.265000E-01    6.644730E-02   -8.443713E-02   -1.308366E+01    0.000000E+00    0.000000E+00    0.000000E+00    4.572273E-02    2.306921E-02    3.676556E-03    0.000000E+00    0.000000E+00    0.000000E+00
5.275000E-01    6.681145E-02   -8.496750E-02   -1.308409E+01    0.000000E+00    0.000000E+00    0.000000E+00    4.592751E-02    2.322534E-02    3.650016E-03    0.000000E+00    0.000000E+00    0.000000E+00
5.285000E-01    6.712699E-02   -8.553207E-02   -1.308452E+01    0.000000E+00    0.000000E+00    0.000000E+00    4.613255E-02    2.337645E-02    3.625458E-03    0.000000E+00    0.000000E+00    0.000000E+00
5.295000E-01    6.747319E-02   -8.609260E-02   -1.308494E+01    0.000000E+00    0.000000E+00    0.000000E+00    4.633726E-02    2.352597E-02    3.598337E-03    0.000000E+00    0.000000E+00    0.000000E+00
5.305000E-01    6.780953E-02   -8.665763E-02   -1.308536E+01    0.000000E+00    0.000000E+00    0.000000E+00    4.654163E-02    2.367285E-02    3.571365E-03    0.000000E+00    0.000000E+00    0.000000E+00
5.315000E-01    6.812423E-02   -8.722836E-02   -1.308578E+01    0.000000E+00    0.000000E+00    0.000000E+00    4.674542E-02    2.381727E-02    3.545016E-03    0.000000E+00    0.000000E+00    0.000000E+00
5.325000E-01    6.843553E-02   -8.780098E-02   -1.308619E+01    0.000000E+00    0.000000E+00    0.000000E+00    4.695028E-02    2.395754E-02    3.518588E-03    0.000000E+00    0.000000E+00    0.000000E+00
5.335000E-01    6.875098E-02   -8.838299E-02   -1.308660E+01    0.000000E+00    0.000000E+00    0.000000E+00    4.715608E-02    2.409365E-02    3.491915E-03    0.000000E+00    0.000000E+00    0.000000E+00
5.345000E-01    6.903854E-02   -8.895787E-02   -1.308701E+01    0.000000E+00    0.000000E+00    0.000000E+00    4.735991E-02    2.422681E-02    3.466130E-03    0.000000E+00    0.000000E+00    0.000000E+00
5.355000E-01    6.932559E-02   -8.952153E-02   -1.308741E+01    0.000000E+00    0.000000E+00    0.000000E+00    4.756149E-02    2.435833E-02    3.440506E-03    0.000000E+00    0.000000E+00    0.000000E+00
5.365000E-01    6.960350E-02   -9.009629E-02   -1.308781E+01    0.000000E+00    0.000000E+00    0.000000E+00    4.776164E-02    2.448794E-02    3.415671E-03    0.000000E+00    0.000000E+00    0.000000E+00
5.375000E-01    6.987495E-02   -9.066900E-02   -1.308820E+01    0.000000E+00    0.000000E+00    0.000000E+00    4.795908E-02    2.461591E-02    3.391388E-03    0.000000E+00    0.000000E+00    0.000000E+00
5.385000E-01    7.014350E-02   -9.123879E-02   -1.308859E+01    0.000000E+00    0.000000E+00    0.000000E+00    4.815418E-02    2.474241E-02    3.367419E-03    0.000000E+00    0.000000E+00    0.000000E+00
5.395000E-01    7.044199E-02   -9.182168E-02   -1.308898E+01    0.000000E+00    0.000000E+00    0.000000E+00    4.834738E-02    2.486880E-02    3.342828E-03    0.000000E+00    0.000000E+00    0.000000E+00
5.405000E-01    7.070221E-02   -9.238622E-02   -1.308937E+01    0.000000E+00    0.000000E+00    0.000000E+00    4.853722E-02    2.499269E-02    3.319766E-03    0.000000E+00    0.000000E+00    0.000000E+00
5.415000E-01    7.096188E-02   -9.294750E-02   -1.308975E+01    0.000000E+00    0.000000E+00    0.000000E+00    4.872454E-02    2.511584E-02    3.297178E-03    0.000000E+00    0.000000E+00    0.000000E+00
5.425000E-01    7.122099E-02   -9.350802E-02   -1.309012E+01    0.000000E+00    0.000000E+00    0.000000E+00    4.891031E-02    2.523889E-02    3.274758E-03    0.000000E+00    0.000000E+00    0.000000E+00
5.435000E-01    7.148160E-02   -9.406528E-02   -1.309049E+01    0.000000E+00    0.000000E+00    0.000000E+00    4.909379E-02    2.536256E-02    3.252265E-03    0.000000E+00    0.000000E+00    0.000000E+00
5.445000E-01    7.174228E-02   -9.461719E-02   -1.309086E+01    0.000000E+00    0.000000E+00    0.000000E+00    4.927437E-02    2.548622E-02    3.229886E-03    0.000000E+00    0.000000E+00    0.000000E+00
5.455000E-01    7.200162E-02   -9.516044E-02   -1.309123E+01    0.000000E+00    0.000000E+00    0.000000E+00    4.945124E-02    2.560930E-02    3.208003E-03    0.000000E+00    0.000000E+00    0.000000E+00
5.465000E-01    7.225903E-02   -9.569179E-02   -1.309159E+01    0.000000E+00    0.000000E+00    0.000000E+00    4.962220E-02    2.573156E-02    3.187090E-03    0.000000E+00    0.000000E+00    0.000000E+00
5.475000E-01    7.241448E-02   -9.621642E-02   -1.309197E+01    0.000000E+00    0.000000E+00    0.000000E+00    4.978678E-02    2.584909E-02    3.167438E-03    0.000000E+00    0.000000E+00    0.000000E+00
5.485000E-01    7.266914E-02   -9.673713E-02   -1.309233E+01    0.000000E+00    0.000000E+00    0.000000E+00    4.995101E-02    2.597006E-02    3.146490E-03    0.000000E+00    0.000000E+00    0.000000E+00
5.495000E-01    7.292490E-02   -9.726047E-02   -1.309268E+01    0.000000E+00    0.000000E+00    0.000000E+00    5.011579E-02    2.609133E-02    3.124639E-03    0.000000E+00    0.000000E+00    0.000000E+00
5.505000E-01    7.317753E-02   -9.778327E-02   -1.309304E+01    0.000000E+00    0.000000E+00    0.000000E+00    5.027776E-02    2.621230E-02    3.102665E-03    0.000000E+00    0.000000E+00    0.000000E+00
5.515000E-01    7.343166E-02   -9.829082E-02   -1.309339E+01    0.000000E+00    0.000000E+00    0.000000E+00    5.043556E-02    2.633360E-02    3.081009E-03    0.000000E+00    0.000000E+00    0.000000E+00
5.525000E-01    7.368578E-02   -9.878831E-02   -1.309373E+01    0.000000E+00    0.000000E+00    0.000000E+00    5.058940E-02    2.645472E-02    3.059546E-03    0.000000E+00    0.000000E+00    0.000000E+00
5.535000E-01    7.396135E-02   -9.929416E-02   -1.309408E+01    0.000000E+00    0.000000E+00    0.000000E+00    5.073951E-02    2.657524E-02    3.040490E-03    0.000000E+00    0.000000E+00    0.000000E+00
5.545000E-01    7.420807E-02   -9.977046E-02   -1.309443E+01    0.000000E+00    0.000000E+00    0.000000E+00    5.088469E-02    2.669398E-02    3.020384E-03    0.000000E+00    0.000000E+00    0.000000E+00
5.555000E-01    7.447262E-02   -1.002401E-01   -1.309477E+01    0.000000E+00    0.000000E+00    0.000000E+00    5.102576E-02    2.681174E-02    2.999361E-03    0.000000E+00    0.000000E+00    0.000000E+00
5.565000E-01    7.471514E-02   -1.006956E-01   -1.309511E+01    0.000000E+00    0.000000E+00    0.000000E+00    5.116274E-02    2.692661E-02    2.980138E-03    0.000000E+00    0.000000E+00    0.000000E+00
5.575000E-01    7.494830E-02   -1.011549E-01   -1.309545E+01    0.000000E+00    0.000000E+00    0.000000E+00    5.129943E-02    2.704140E-02    2.959745E-03    0.000000E+00    0.000000E+00    0.000000E+00
5.585000E-01    7.518521E-02   -1.016144E-01   -1.309578E+01    0.000000E+00    0.000000E+00    0.000000E+00    5.143579E-02    2.715784E-02    2.938473E-03    0.000000E+00    0.000000E+00    0.000000E+00
5.595000E-01    7.542289E-02   -1.020643E-01   -1.309612E+01    0.000000E+00    0.000000E+00    0.000000E+00    5.156861E-02    2.727528E-02    2.916914E-03    0.000000E+00    0.000000E+00    0.000000E+00
5.605000E-01    7.566081E-02   -1.025040E-01   -1.309645E+01    0.000000E+00    0.000000E+00    0.000000E+00    5.169692E-02    2.739339E-02    2.895352E-03    0.000000E+00    0.000000E+00    0.000000E+00
5.615000E-01    7.589794E-02   -1.029360E-01   -1.309678E+01    0.000000E+00    0.000000E+00    0.000000E+00    5.182204E-02    2.751240E-02    2.873469E-03    0.000000E+00    0.000000E+00    0.000000E+00
5.625000E-01    7.613493E-02   -1.033625E-01   -1.309711E+01    0.000000E+00    0.000000E+00    0.000000E+00    5.194437E-02    2.763427E-02    2.851057E-03    0.000000E+00    0.000000E+00    0.000000E+00
5.635000E-01    7.636921E-02   -1.037837E-01   -1.309743E+01    0.000000E+00    0.000000E+00    0.000000E+00    5.206390E-02    2.775668E-02    2.828345E-03    0.000000E+00    0.000000E+00    0.000000E+00
5.645000E-01    7.660247E-02   -1.041986E-01   -1.309776E+01    0.000000E+00    0.000000E+00    0.000000E+00    5.218008E-02    2.787950E-02    2.805618E-03    0.000000E+00    0.000000E+00    0.000000E+00
5.655000E-01    7.683412E-02   -1.046106E-01   -1.309809E+01    0.000000E+00    0.000000E+00    0.000000E+00    5.229383E-02    2.800314E-02    2.782532E-03    0.000000E+00    0.000000E+00    0.000000E+00
5.665000E-01    7.705902E-02   -1.050235E-01   -1.309842E+01    0.000000E+00    0.000000E+00    0.000000E+00    5.240786E-02    2.812517E-02    2.758026E-03    0.000000E+00    0.000000E+00    0.000000E+00
5.675000E-01    7.727655E-02   -1.054375E-01   -1.309874E+01    0.000000E+00    0.000000E+00    0.000000E+00    5.252202E-02    2.824528E-02    2.731688E-03    0.000000E+00    0.000000E+00    0.000000E+00
5.685000E-01    7.748394E-02   -1.058504E-01   -1.309907E+01    0.000000E+00    0.000000E+00    0.000000E+00    5.263581E-02    2.836224E-02    2.703468E-03    0.000000E+00    0.000000E+00    0.000000E+00
5.695000E-01    7.767947E-02   -1.062608E-01   -1.309939E+01    0.000000E+00    0.000000E+00    0.000000E+00    5.274944E-02    2.847563E-02    2.673245E-03    0.000000E+00    0.000000E+00    0.000000E+00
5.705000E-01    7.786834E-02   -1.066670E-01   -1.309971E+01    0.000000E+00    0.000000E+00    0.000000E+00    5.286153E-02    2.858663E-02    2.641554E-03    0.000000E+00    0.000000E+00    0.000000E+00
5.715000E-01    7.805070E-02   -1.070648E-01   -1.310003E+01    0.000000E+00    0.000000E+00    0.000000E+00    5.297031E-02    2.869678E-02    2.609088E-03    0.000000E+00    0.000000E+00    0.000000E+00
5.725000E-01    7.823008E-02   -1.074515E-01   -1.310035E+01    0.000000E+00    0.000000E+00    0.000000E+00    5.307569E-02    2.880681E-02    2.576163E-03    0.000000E+00    0.000000E+00    0.000000E+00
5.735000E-01    7.840764E-02   -1.078352E-01   -1.310067E+01    0.000000E+00    0.000000E+00    0.000000E+00    5.317900E-02    2.891651E-02    2.542423E-03    0.000000E+00    0.000000E+00    0.000000E+00
5.745000E-01    7.858863E-02   -1.082052E-01   -1.310098E+01    0.000000E+00    0.000000E+00    0.000000E+00    5.327681E-02    2.902868E-02    2.509414E-03    0.000000E+00    0.000000E+00    0.000000E+00
5.755000E-01    7.877576E-02   -1.085632E-01   -1.310130E+01    0.000000E+00    0.000000E+00    0.000000E+00    5.336966E-02    2.914425E-02    2.477199E-03    0.000000E+00    0.000000E+00    0.000000E+00
5.765000E-01    7.896913E-02   -1.089122E-01   -1.310161E+01    0.000000E+00    0.000000E+00    0.000000E+00    5.345818E-02    2.926368E-02    2.445620E-03    0.000000E+00    0.000000E+00    0.000000E+00
5.775000E-01    7.917493E-02   -1.092439E-01   -1.310192E+01    0.000000E+00    0.000000E+00    0.000000E+00    5.353941E-02    2.938932E-02    2.415951E-03    0.000000E+00    0.000000E+00    0.000000E+00
5.785000E-01    7.939873E-02   -1.095802E-01   -1.310223E+01    0.000000E+00    0.000000E+00    0.000000E+00    5.361526E-02    2.952101E-02    2.388417E-03    0.000000E+00    0.000000E+00    0.000000E+00
5.795000E-01    7.959968E-02   -1.098953E-01   -1.310254E+01    0.000000E+00    0.000000E+00    0.000000E+00    5.369121E-02    2.965301E-02    2.359314E-03    0.000000E+00    0.000000E+00    0.000000E+00
5.805000E-01    7.981701E-02   -1.102152E-01   -1.310285E+01    0.000000E+00    0.000000E+00    0.000000E+00    5.376653E-02    2.978518E-02    2.329590E-03    0.000000E+00    0.000000E+00    0.000000E+00
5.815000E-01    8.003185E-02   -1.105243E-01   -1.310315E+01    0.000000E+00    0.000000E+00    0.000000E+00    5.383815E-02    2.991691E-02    2.299177E-03    0.000000E+00    0.000000E+00    0.000000E+00
5.825000E-01    8.024646E-02   -1.108222E-01   -1.310346E+01    0.000000E+00    0.000000E+00    0.000000E+00    5.390553E-02    3.004881E-02    2.268475E-03    0.000000E+00    0.000000E+00    0.000000E+00
5.835000E-01    8.046430E-02   -1.111089E-01   -1.310377E+01    0.000000E+00    0.000000E+00    0.000000E+00    5.396846E-02    3.018212E-02    2.237816E-03    0.000000E+00    0.000000E+00    0.000000E+00
5.845000E-01    8.068704E-02   -1.113882E-01   -1.310407E+01    0.000000E+00    0.000000E+00    0.000000E+00    5.402818E-02    3.031728E-02    2.207090E-03    0.000000E+00    0.000000E+00    0.000000E+00
5.855000E-01    8.091277E-02   -1.116620E-01   -1.310437E+01    0.000000E+00    0.000000E+00    0.000000E+00    5.408587E-02    3.045391E-02    2.175904E-03    0.000000E+00    0.000000E+00    0.000000E+00
5.865000E-01    8.113875E-02   -1.119289E-01   -1.310467E+01    0.000000E+00    0.000000E+00    0.000000E+00    5.414070E-02    3.059057E-02    2.144567E-03    0.000000E+00    0.000000E+00    0.000000E+00
5.875000E-01    8.136440E-02   -1.121847E-01   -1.310497E+01    0.000000E+00    0.000000E+00    0.000000E+00    5.419108E-02    3.072678E-02    2.113477E-03    0.000000E+00    0.000000E+00    0.000000E+00
5.885000E-01    8.159304E-02   -1.124328E-01   -1.310527E+01    0.000000E+00    0.000000E+00    0.000000E+00    5.423760E-02    3.086370E-02    2.082366E-03    0.000000E+00    0.000000E+00    0.000000E+00
5.895000E-01    8.182731E-02   -1.126762E-01   -1.310556E+01    0.000000E+00    0.000000E+00    0.000000E+00    5.428135E-02    3.100228E-02    2.050747E-03    0.000000E+00    0.000000E+00    0.000000E+00
5.905000E-01    8.206388E-02   -1.129126E-01   -1.310586E+01    0.000000E+00    0.000000E+00    0.000000E+00    5.432150E-02    3.114176E-02    2.018519E-03    0.000000E+00    0.000000E+00    0.000000E+00
5.915000E-01    8.230218E-02   -1.131411E-01   -1.310615E+01    0.000000E+00    0.000000E+00    0.000000E+00    5.435767E-02    3.128152E-02    1.986121E-03    0.000000E+00    0.000000E+00    0.000000E+00
5.925000E-01    8.254261E-02   -1.133633E-01   -1.310644E+01    0.000000E+00    0.000000E+00    0.000000E+00    5.439035E-02    3.142195E-02    1.953564E-03    0.000000E+00    0.000000E+00    0.000000E+00
5.935000E-01    8.278487E-02   -1.135795E-01   -1.310674E+01    0.000000E+00    0.000000E+00    0.000000E+00    5.442044E-02    3.156259E-02    1.920572E-03    0.000000E+00    0.000000E+00    0.000000E+00
5.945000E-01    8.302844E-02   -1.137897E-01   -1.310703E+01    0.000000E+00    0.000000E+00    0.000000E+00    5.444768E-02    3.170330E-02    1.887135E-03    0.000000E+00    0.000000E+00    0.000000E+00
5.955000E-01    8.327690E-02   -1.139934E-01   -1.310732E+01    0.000000E+00    0.000000E+00    0.000000E+00    5.447186E-02    3.184467E-02    1.853204E-03    0.000000E+00    0.000000E+00    0.000000E+00
5.965000E-01    8.351680E-02   -1.142616E-01   -1.310762E+01    0.000000E+00    0.000000E+00    0.000000E+00    5.449419E-02    3.198724E-02    1.815119E-03    0.000000E+00    0.000000E+00    0.000000E+00
5.975000E-01    8.377308E-02   -1.144477E-01   -1.310791E+01    0.000000E+00    0.000000E+00    0.000000E+00    5.451010E-02    3.213120E-02    1.781564E-03    0.000000E+00    0.000000E+00    0.000000E+00
5.985000E-01    8.403490E-02   -1.146257E-01   -1.310819E+01    0.000000E+00    0.000000E+00    0.000000E+00    5.452187E-02    3.227677E-02    1.747997E-03    0.000000E+00    0.000000E+00    0.000000E+00
5.995000E-01    8.430496E-02   -1.147948E-01   -1.310848E+01    0.000000E+00    0.000000E+00    0.000000E+00    5.453050E-02    3.242317E-02    1.714212E-03    0.000000E+00    0.000000E+00    0.000000E+00
6.005000E-01    8.457301E-02   -1.149605E-01   -1.310877E+01    0.000000E+00    0.000000E+00    0.000000E+00    5.453592E-02    3.257006E-02    1.680598E-03    0.000000E+00    0.000000E+00    0.000000E+00
6.015000E-01    8.484474E-02   -1.151198E-01   -1.310905E+01    0.000000E+00    0.000000E+00    0.000000E+00    5.453814E-02    3.271768E-02    1.647041E-03    0.000000E+00    0.000000E+00    0.000000E+00
6.025000E-01    8.505460E-02   -1.152243E-01   -1.310935E+01    0.000000E+00    0.000000E+00    0.000000E+00    5.453646E-02    3.286478E-02    1.618094E-03    0.000000E+00    0.000000E+00    0.000000E+00
6.035000E-01    8.508334E-02   -1.154373E-01   -1.310963E+01    0.000000E+00    0.000000E+00    0.000000E+00    5.456420E-02    3.288974E-02    1.641849E-03    0.000000E+00    0.000000E+00    0.000000E+00
6.045000E-01    8.536675E-02   -1.155713E-01   -1.310992E+01    0.000000E+00    0.000000E+00    0.000000E+00    5.455593E-02    3.303932E-02    1.608739E-03    0.000000E+00    0.000000E+00    0.000000E+00
6.055000E-01    8.565849E-02   -1.156886E-01   -1.311020E+01    0.000000E+00    0.000000E+00    0.000000E+00    5.454043E-02    3.319084E-02    1.576903E-03    0.000000E+00    0.000000E+00    0.000000E+00
6.065000E-01    8.595428E-02   -1.157998E-01   -1.311048E+01    0.000000E+00    0.000000E+00    0.000000E+00    5.452194E-02    3.334302E-02    1.545226E-03    0.000000E+00    0.000000E+00    0.000000E+00
6.075000E-01    8.625471E-02   -1.159081E-01   -1.311075E+01    0.000000E+00    0.000000E+00    0.000000E+00    5.450350E-02    3.349529E-02    1.513059E-03    0.000000E+00    0.000000E+00    0.000000E+00
6.085000E-01    8.655762E-02   -1.160170E-01   -1.311103E+01    0.000000E+00    0.000000E+00    0.000000E+00    5.448395E-02    3.364837E-02    1.480693E-03    0.000000E+00    0.000000E+00    0.000000E+00
6.095000E-01    8.686656E-02   -1.161183E-01   -1.311131E+01    0.000000E+00    0.000000E+00    0.000000E+00    5.446130E-02    3.380250E-02    1.448724E-03    0.000000E+00    0.000000E+00    0.000000E+00
6.105000E-01    8.718248E-02   -1.162122E-01   -1.311158E+01    0.000000E+00    0.000000E+00    0.000000E+00    5.443473E-02    3.395764E-02    1.417137E-03    0.000000E+00    0.000000E+00    0.000000E+00
6.115000E-01    8.750319E-02   -1.162923E-01   -1.311185E+01    0.000000E+00    0.000000E+00    0.000000E+00    5.440393E-02    3.411382E-02    1.385949E-03    0.000000E+00    0.000000E+00    0.000000E+00
6.125000E-01    8.782795E-02   -1.163622E-01   -1.311213E+01    0.000000E+00    0.000000E+00    0.000000E+00    5.436961E-02    3.427080E-02    1.354966E-03    0.000000E+00    0.000000E+00    0.000000E+00
6.135000E-01    8.813040E-02   -1.163259E-01   -1.311241E+01    0.000000E+00    0.000000E+00    0.000000E+00    5.433024E-02    3.442712E-02    1.318260E-03    0.000000E+00    0.000000E+00    0.000000E+00
6.145000E-01    8.846607E-02   -1.163779E-01   -1.311268E+01    0.000000E+00    0.000000E+00    0.000000E+00    5.428908E-02    3.458586E-02    1.288033E-03    0.000000E+00    0.000000E+00    0.000000E+00
6.155000E-01    8.880743E-02   -1.164207E-01   -1.311295E+01    0.000000E+00    0.000000E+00    0.000000E+00    5.424439E-02    3.474583E-02    1.258091E-03    0.000000E+00    0.000000E+00    0.000000E+00
6.165000E-01    8.922060E-02   -1.164061E-01   -1.311323E+01    0.000000E+00    0.000000E+00    0.000000E+00    5.419485E-02    3.490837E-02    1.223636E-03    0.000000E+00    0.000000E+00    0.000000E+00
6.175000E-01    8.957552E-02   -1.164339E-01   -1.311349E+01    0.000000E+00    0.000000E+00    0.000000E+00    5.414372E-02    3.507128E-02    1.194135E-03    0.000000E+00    0.000000E+00    0.000000E+00
6.185000E-01    8.993694E-02   -1.164497E-01   -1.311376E+01    0.000000E+00    0.000000E+00    0.000000E+00    5.408910E-02    3.523532E-02    1.165065E-03    0.000000E+00    0.000000E+00    0.000000E+00
6.195000E-01    9.030351E-02   -1.164562E-01   -1.311402E+01    0.000000E+00    0.000000E+00    0.000000E+00    5.403099E-02    3.540042E-02    1.136233E-03    0.000000E+00    0.000000E+00    0.000000E+00
6.205000E-01    9.067710E-02   -1.164528E-01   -1.311428E+01    0.000000E+00    0.000000E+00    0.000000E+00    5.396958E-02    3.556700E-02    1.107647E-03    0.000000E+00    0.000000E+00    0.000000E+00
6.215000E-01    9.105680E-02   -1.164398E-01   -1.311454E+01    0.000000E+00    0.000000E+00    0.000000E+00    5.390487E-02    3.573475E-02    1.079246E-03    0.000000E+00    0.000000E+00    0.000000E+00
6.225000E-01    9.144212E-02   -1.164177E-01   -1.311480E+01    0.000000E+00    0.000000E+00    0.000000E+00    5.383687E-02    3.590351E-02    1.051094E-03    0.000000E+00    0.000000E+00    0.000000E+00
6.235000E-01    9.183086E-02   -1.163864E-01   -1.311506E+01    0.000000E+00    0.000000E+00    0.000000E+00    5.376590E-02    3.607324E-02    1.023102E-03    0.000000E+00    0.000000E+00    0.000000E+00
6.245000E-01    9.222988E-02   -1.163463E-01   -1.311531E+01    0.000000E+00    0.000000E+00    0.000000E+00    5.369173E-02    3.624447E-02    9.953152E-04    0.000000E+00    0.000000E+00    0.000000E+00
6.255000E-01    9.259456E-02   -1.163457E-01   -1.311557E+01    0.000000E+00    0.000000E+00    0.000000E+00    5.361480E-02    3.641636E-02    9.711360E-04    0.000000E+00    0.000000E+00    0.000000E+00
6.265000E-01    9.300171E-02   -1.162846E-01   -1.311583E+01    0.000000E+00    0.000000E+00    0.000000E+00    5.353340E-02    3.659076E-02    9.436648E-04    0.000000E+00    0.000000E+00    0.000000E+00
6.275000E-01    9.341228E-02   -1.162127E-01   -1.311608E+01    0.000000E+00    0.000000E+00    0.000000E+00    5.344829E-02    3.676567E-02    9.161079E-04    0.000000E+00    0.000000E+00    0.000000E+00
6.285000E-01    9.382587E-02   -1.161359E-01   -1.311633E+01    0.000000E+00    0.000000E+00    0.000000E+00    5.335990E-02    3.694098E-02    8.886487E-04    0.000000E+00    0.000000E+00    0.000000E+00
6.295000E-01    9.424210E-02   -1.160410E-01   -1.311658E+01    0.000000E+00    0.000000E+00    0.000000E+00    5.326868E-02    3.711615E-02    8.610620E-04    0.000000E+00    0.000000E+00    0.000000E+00
6.305000E-01    9.472389E-02   -1.159337E-01   -1.311684E+01    0.000000E+00    0.000000E+00    0.000000E+00    5.317537E-02    3.729244E-02    8.372824E-04    0.000000E+00    0.000000E+00    0.000000E+00
6.315000E-01    9.514393E-02   -1.158280E-01   -1.311709E+01    0.000000E+00    0.000000E+00    0.000000E+00    5.307987E-02    3.746639E-02    8.097624E-04    0.000000E+00    0.000000E+00    0.000000E+00
6.325000E-01    9.556563E-02   -1.157147E-01   -1.311733E+01    0.000000E+00    0.000000E+00    0.000000E+00    5.298232E-02    3.763972E-02    7.821623E-04    0.000000E+00    0.000000E+00    0.000000E+00
6.335000E-01    9.598822E-02   -1.155941E-01   -1.311758E+01    0.000000E+00    0.000000E+00    0.000000E+00    5.288281E-02    3.781230E-02    7.544621E-04    0.000000E+00    0.000000E+00    0.000000E+00
6.345000E-01    9.641180E-02   -1.154666E-01   -1.311783E+01    0.000000E+00    0.000000E+00    0.000000E+00    5.278161E-02    3.798391E-02    7.265778E-04    0.000000E+00    0.000000E+00    0.000000E+00
6.355000E-01    9.683343E-02   -1.153329E-01   -1.311807E+01    0.000000E+00    0.000000E+00    0.000000E+00    5.267890E-02    3.815389E-02    6.985813E-04    0.000000E+00    0.000000E+00    0.000000E+00
6.365000E-01    9.725440E-02   -1.151919E-01   -1.311831E+01    0.000000E+00    0.000000E+00    0.000000E+00    5.257480E-02    3.832254E-02    6.705254E-04    0.000000E+00    0.000000E+00    0.000000E+00
6.375000E-01    9.767374E-02   -1.150461E-01   -1.311856E+01    0.000000E+00    0.000000E+00    0.000000E+00    5.246980E-02    3.848961E-02    6.423425E-04    0.000000E+00    0.000000E+00    0.000000E+00
6.385000E-01    9.809326E-02   -1.148947E-01   -1.311880E+01    0.000000E+00    0.000000E+00    0.000000E+00    5.236380E-02    3.865548E-02    6.140793E-04    0.000000E+00    0.000000E+00    0.000000E+00
6.395000E-01    9.851142E-02   -1.147387E-01   -1.311904E+01    0.000000E+00    0.000000E+00    0.000000E+00    5.225745E-02    3.882004E-02    5.858253E-04    0.000000E+00    0.000000E+00    0.000000E+00
6.405000E-01    9.892981E-02   -1.145764E-01   -1.311928E+01    0.000000E+00    0.000000E+00    0.000000E+00    5.214998E-02    3.898396E-02    5.575747E-04    0.000000E+00    0.000000E+00    0.000000E+00
6.415000E-01    9.934816E-02   -1.144014E-01   -1.311952E+01    0.000000E+00    0.000000E+00    0.000000E+00    5.204031E-02    3.914692E-02    5.292833E-04    0.000000E+00    0.000000E+00    0.000000E+00
6.425000E-01    9.976269E-02   -1.142287E-01   -1.311975E+01    0.000000E+00    0.000000E+00    0.000000E+00    5.193008E-02    3.930836E-02    5.010132E-04    0.000000E+00    0.000000E+00    0.000000E+00
6.435000E-01    1.001751E-01   -1.140532E-01   -1.311999E+01    0.000000E+00    0.000000E+00    0.000000E+00    5.181974E-02    3.946861E-02    4.726727E-04    0.000000E+00    0.000000E+00    0.000000E+00
6.445000E-01    1.005867E-01   -1.138744E-01   -1.312023E+01    0.000000E+00    0.000000E+00    0.000000E+00    5.170943E-02    3.962792E-02    4.445172E-04    0.000000E+00    0.000000E+00    0.000000E+00
6.455000E-01    1.009936E-01   -1.136918E-01   -1.312046E+01    0.000000E+00    0.000000E+00    0.000000E+00    5.159826E-02    3.978666E-02    4.168626E-04    0.000000E+00    0.000000E+00    0.000000E+00
6.465000E-01    1.014080E-01   -1.135340E-01   -1.312070E+01    0.000000E+00    0.000000E+00    0.000000E+00    5.148707E-02    3.994406E-02    3.914455E-04    0.000000E+00    0.000000E+00    0.000000E+00
6.475000E-01    1.018144E-01   -1.133399E-01   -1.312094E+01    0.000000E+00    0.000000E+00    0.000000E+00    5.137456E-02    4.010008E-02    3.642114E-04    0.000000E+00    0.000000E+00    0.000000E+00
6.485000E-01    1.022187E-01   -1.131437E-01   -1.312117E+01    0.000000E+00    0.000000E+00    0.000000E+00    5.126126E-02    4.025509E-02    3.371211E-04    0.000000E+00    0.000000E+00    0.000000E+00
6.495000E-01    1.026213E-01   -1.129401E-01   -1.312140E+01    0.000000E+00    0.000000E+00    0.000000E+00    5.114746E-02    4.040875E-02    3.105349E-04    0.000000E+00    0.000000E+00    0.000000E+00
6.505000E-01    1.030217E-01   -1.127323E-01   -1.312163E+01    0.000000E+00    0.000000E+00    0.000000E+00    5.103331E-02    4.056113E-02    2.842830E-04    0.000000E+00    0.000000E+00    0.000000E+00
6.515000E-01    1.034216E-01   -1.125193E-01   -1.312186E+01    0.000000E+00    0.000000E+00    0.000000E+00    5.091841E-02    4.071279E-02    2.583106E-04    0.000000E+00    0.000000E+00    0.000000E+00
6.525000E-01    1.038181E-01   -1.123034E-01   -1.312210E+01    0.000000E+00    0.000000E+00    0.000000E+00    5.080331E-02    4.086285E-02    2.327345E-04    0.000000E+00    0.000000E+00    0.000000E+00
6.535000E-01    1.042128E-01   -1.120820E-01   -1.312233E+01    0.000000E+00    0.000000E+00    0.000000E+00    5.068795E-02    4.101136E-02    2.075568E-04    0.000000E+00    0.000000E+00    0.000000E+00
6.545000E-01    1.046063E-01   -1.118560E-01   -1.312255E+01    0.000000E+00    0.000000E+00    0.000000E+00    5.057226E-02    4.115867E-02    1.827426E-04    0.000000E+00    0.000000E+00    0.000000E+00
6.555000E-01    1.049977E-01   -1.116269E-01   -1.312278E+01    0.000000E+00    0.000000E+00    0.000000E+00    5.045647E-02    4.130468E-02    1.582122E-04    0.000000E+00    0.000000E+00    0.000000E+00
6.565000E-01    1.053288E-01   -1.113983E-01   -1.312302E+01    0.000000E+00    0.000000E+00    0.000000E+00    5.033945E-02    4.144653E-02    1.374657E-04    0.000000E+00    0.000000E+00    0.000000E+00
6.575000E-01    1.057137E-01   -1.111554E-01   -1.312325E+01    0.000000E+00    0.000000E+00    0.000000E+00    5.022121E-02    4.158695E-02    1.137883E-04    0.000000E+00    0.000000E+00    0.000000E+00
6.585000E-01    1.060997E-01   -1.109081E-01   -1.312347E+01    0.000000E+00    0.000000E+00    0.000000E+00    5.010232E-02    4.172732E-02    9.057894E-05    0.000000E+00    0.000000E+00    0.000000E+00
6.595000E-01    1.064847E-01   -1.106567E-01   -1.312370E+01    0.000000E+00    0.000000E+00    0.000000E+00    4.998339E-02    4.186734E-02    6.782868E-05    0.000000E+00    0.000000E+00    0.000000E+00
6.605000E-01    1.068287E-01   -1.104313E-01   -1.312393E+01    0.000000E+00    0.000000E+00    0.000000E+00    4.986523E-02    4.200545E-02    4.273701E-05    0.000000E+00    0.000000E+00    0.000000E+00
6.615000E-01    1.071979E-01   -1.100979E-01   -1.312417E+01    0.000000E+00    0.000000E+00    0.000000E+00    4.974452E-02    4.214296E-02    2.532901E-05    0.000000E+00    0.000000E+00    0.000000E+00
6.625000E-01    1.075753E-01   -1.098377E-01   -1.312439E+01    0.000000E+00    0.000000E+00    0.000000E+00    4.962583E-02    4.227888E-02    3.707265E-06    0.000000E+00    0.000000E+00    0.000000E+00
6.635000E-01    1.079496E-01   -1.095746E-01   -1.312462E+01    0.000000E+00    0.000000E+00    0.000000E+00    4.950765E-02    4.241323E-02   -1.757488E-05    0.000000E+00    0.000000E+00    0.000000E+00
6.645000E-01    1.083605E-01   -1.092781E-01   -1.312486E+01    0.000000E+00    0.000000E+00    0.000000E+00    4.938897E-02    4.254662E-02   -4.118520E-05    0.000000E+00    0.000000E+00    0.000000E+00
6.655000E-01    1.087290E-01   -1.090100E-01   -1.312508E+01    0.000000E+00    0.000000E+00    0.000000E+00    4.927161E-02    4.267793E-02   -6.186859E-05    0.000000E+00    0.000000E+00    0.000000E+00
6.665000E-01    1.090949E-01   -1.087389E-01   -1.312531E+01    0.000000E+00    0.000000E+00    0.000000E+00    4.915459E-02    4.280810E-02   -8.218977E-05    0.000000E+00    0.000000E+00    0.000000E+00
6.675000E-01    1.094580E-01   -1.084662E-01   -1.312553E+01    0.000000E+00    0.000000E+00    0.000000E+00    4.903852E-02    4.293666E-02   -1.022216E-04    0.000000E+00    0.000000E+00    0.000000E+00
6.685000E-01    1.098180E-01   -1.081916E-01   -1.312576E+01    0.000000E+00    0.000000E+00    0.000000E+00    4.892303E-02    4.306388E-02   -1.219409E-04    0.000000E+00    0.000000E+00    0.000000E+00
6.695000E-01    1.101756E-01   -1.079140E-01   -1.312598E+01    0.000000E+00    0.000000E+00    0.000000E+00    4.880798E-02    4.318989E-02   -1.413959E-04    0.000000E+00    0.000000E+00    0.000000E+00
6.705000E-01    1.105514E-01   -1.076077E-01   -1.312621E+01    0.000000E+00    0.000000E+00    0.000000E+00    4.869297E-02    4.331541E-02   -1.585562E-04    0.000000E+00    0.000000E+00    0.000000E+00
6.715000E-01    1.108601E-01   -1.072957E-01   -1.312645E+01    0.000000E+00    0.000000E+00    0.000000E+00    4.857846E-02    4.343803E-02   -1.746732E-04    0.000000E+00    0.000000E+00    0.000000E+00
6.725000E-01    1.112077E-01   -1.070156E-01   -1.312667E+01    0.000000E+00    0.000000E+00    0.000000E+00    4.846603E-02    4.355972E-02   -1.934235E-04    0.000000E+00    0.000000E+00    0.000000E+00
6.735000E-01    1.115967E-01   -1.067903E-01   -1.312691E+01    0.000000E+00    0.000000E+00    0.000000E+00    4.835503E-02    4.368233E-02   -2.158707E-04    0.000000E+00    0.000000E+00    0.000000E+00
6.745000E-01    1.119410E-01   -1.065056E-01   -1.312713E+01    0.000000E+00    0.000000E+00    0.000000E+00    4.824323E-02    4.380326E-02   -2.337015E-04    0.000000E+00    0.000000E+00    0.000000E+00
6.755000E-01    1.122228E-01   -1.062115E-01   -1.312736E+01    0.000000E+00    0.000000E+00    0.000000E+00    4.813213E-02    4.392214E-02   -2.548382E-04    0.000000E+00    0.000000E+00    0.000000E+00
6.765000E-01    1.125639E-01   -1.059279E-01   -1.312759E+01    0.000000E+00    0.000000E+00    0.000000E+00    4.802262E-02    4.404030E-02   -2.723917E-04    0.000000E+00    0.000000E+00    0.000000E+00
6.775000E-01    1.128951E-01   -1.056464E-01   -1.312782E+01    0.000000E+00    0.000000E+00    0.000000E+00    4.791501E-02    4.415653E-02   -2.902762E-04    0.000000E+00    0.000000E+00    0.000000E+00
6.785000E-01    1.132294E-01   -1.053611E-01   -1.312804E+01    0.000000E+00    0.000000E+00    0.000000E+00    4.780845E-02    4.427168E-02   -3.083602E-04    0.000000E+00    0.000000E+00    0.000000E+00
6.795000E-01    1.135608E-01   -1.050828E-01   -1.312827E+01    0.000000E+00    0.000000E+00    0.000000E+00    4.770292E-02    4.438571E-02   -3.260023E-04    0.000000E+00    0.000000E+00    0.000000E+00
6.805000E-01    1.138817E-01   -1.048015E-01   -1.312849E+01    0.000000E+00    0.000000E+00    0.000000E+00    4.759849E-02    4.449813E-02   -3.438409E-04    0.000000E+00    0.000000E+00    0.000000E+00
6.815000E-01    1.141981E-01   -1.045214E-01   -1.312872E+01    0.000000E+00    0.000000E+00    0.000000E+00    4.749542E-02    4.460900E-02   -3.617305E-04    0.000000E+00    0.000000E+00    0.000000E+00
6.825000E-01    1.145100E-01   -1.042407E-01   -1.312895E+01    0.000000E+00    0.000000E+00    0.000000E+00    4.739356E-02    4.471843E-02   -3.796962E-04    0.000000E+00    0.000000E+00    0.000000E+00
6.835000E-01    1.148177E-01   -1.039628E-01   -1.312917E+01    0.000000E+00    0.000000E+00    0.000000E+00    4.729316E-02    4.482619E-02   -3.978173E-04    0.000000E+00    0.000000E+00    0.000000E+00
6.845000E-01    1.151208E-01   -1.036867E-01   -1.312940E+01    0.000000E+00    0.000000E+00    0.000000E+00    4.719395E-02    4.493260E-02   -4.160971E-04    0.000000E+00    0.000000E+00    0.000000E+00
6.855000E-01    1.154130E-01   -1.034579E-01   -1.312963E+01    0.000000E+00    0.000000E+00    0.000000E+00    4.709716E-02    4.503770E-02   -4.369719E-04    0.000000E+00    0.000000E+00    0.000000E+00
6.865000E-01    1.157063E-01   -1.031857E-01   -1.312986E+01    0.000000E+00    0.000000E+00    0.000000E+00    4.700100E-02    4.514101E-02   -4.555249E-04    0.000000E+00    0.000000E+00    0.000000E+00
6.875000E-01    1.159960E-01   -1.029168E-01   -1.313008E+01    0.000000E+00    0.000000E+00    0.000000E+00    4.690617E-02    4.524300E-02   -4.741500E-04    0.000000E+00    0.000000E+00    0.000000E+00
6.885000E-01    1.162803E-01   -1.026490E-01   -1.313031E+01    0.000000E+00    0.000000E+00    0.000000E+00    4.681285E-02    4.534361E-02   -4.930324E-04    0.000000E+00    0.000000E+00    0.000000E+00
6.895000E-01    1.165585E-01   -1.023848E-01   -1.313054E+01    0.000000E+00    0.000000E+00    0.000000E+00    4.672142E-02    4.544247E-02   -5.123013E-04    0.000000E+00    0.000000E+00    0.000000E+00
6.905000E-01    1.168289E-01   -1.021243E-01   -1.313077E+01    0.000000E+00    0.000000E+00    0.000000E+00    4.663187E-02    4.553843E-02   -5.324928E-04    0.000000E+00    0.000000E+00    0.000000E+00
6.915000E-01    1.170772E-01   -1.018652E-01   -1.313100E+01    0.000000E+00    0.000000E+00    0.000000E+00    4.654313E-02    4.562642E-02   -5.562306E-04    0.000000E+00    0.000000E+00    0.000000E+00
6.925000E-01    1.173552E-01   -1.015596E-01   -1.313125E+01    0.000000E+00    0.000000E+00    0.000000E+00    4.645597E-02    4.570428E-02   -5.822410E-04    0.000000E+00    0.000000E+00    0.000000E+00
6.935000E-01    1.175786E-01   -1.013099E-01   -1.313148E+01    0.000000E+00    0.000000E+00    0.000000E+00    4.637171E-02    4.577991E-02   -6.066628E-04    0.000000E+00    0.000000E+00    0.000000E+00
6.945000E-01    1.178215E-01   -1.010540E-01   -1.313171E+01    0.000000E+00    0.000000E+00    0.000000E+00    4.628614E-02    4.586553E-02   -6.276623E-04    0.000000E+00    0.000000E+00    0.000000E+00
6.955000E-01    1.181171E-01   -1.008290E-01   -1.313194E+01    0.000000E+00    0.000000E+00    0.000000E+00    4.620142E-02    4.595710E-02   -6.444609E-04    0.000000E+00    0.000000E+00    0.000000E+00
6.965000E-01    1.183619E-01   -1.005801E-01   -1.313217E+01    0.000000E+00    0.000000E+00    0.000000E+00    4.611866E-02    4.604481E-02   -6.649734E-04    0.000000E+00    0.000000E+00    0.000000E+00
6.975000E-01    1.185977E-01   -1.003387E-01   -1.313241E+01    0.000000E+00    0.000000E+00    0.000000E+00    4.603909E-02    4.612925E-02   -6.860048E-04    0.000000E+00    0.000000E+00    0.000000E+00
6.985000E-01    1.187881E-01   -1.001076E-01   -1.313264E+01    0.000000E+00    0.000000E+00    0.000000E+00    4.596088E-02    4.621233E-02   -7.046622E-04    0.000000E+00    0.000000E+00    0.000000E+00
6.995000E-01    1.187192E-01   -9.982005E-02   -1.313285E+01    0.000000E+00    0.000000E+00    0.000000E+00    4.588403E-02    4.629537E-02   -7.165620E-04    0.000000E+00    0.000000E+00    0.000000E+00
7.005000E-01   -2.080964E+00    5.942730E-01    2.702744E+01    0.000000E+00    0.000000E+00    0.000000E+00   -2.545828E-01   -8.841725E-01    7.594334E-01    0.000000E+00    0.000000E+00    0.000000E+00
7.015000E-01   -1.016378E+00    1.451284E+00    8.789212E+01    0.000000E+00    0.000000E+00    0.000000E+00   -3.845581E-01   -3.815570E-01    2.017768E+00    0.000000E+00    0.000000E+00    0.000000E+00
7.025000E-01    3.358335E-01   -2.853876E+00    5.162535E+01    0.000000E+00    0.000000E+00    0.000000E+00    6.580579E-01   -4.218608E-02    2.310845E+00    0.000000E+00    0.000000E+00    0.000000E+00
7.035000E-01    2.143418E+00    8.951868E+00    5.889996E+01    0.000000E+00    0.000000E+00    0.000000E+00   -2.978074E+00    3.366788E-01    5.429102E-01    0.000000E+00    0.000000E+00    0.000000E+00
7.045000E-01    3.284757E+00    2.994188E+00   -2.019783E+01    0.000000E+00    0.000000E+00    0.000000E+00   -8.484786E-01    6.603701E-01   -2.068378E-01    0.000000E+00    0.000000E+00    0.000000E+00
7.055000E-01    3.657006E+00    1.450453E+00    6.238887E+01    0.000000E+00    0.000000E+00    0.000000E+00   -5.038522E-01    2.411278E+00    2.994541E+00    0.000000E+00    0.000000E+00    0.000000E+00
7.065000E-01    7.310310E+00   -1.018987E+01    4.858254E+00    0.000000E+00    0.000000E+00    0.000000E+00    3.846175E+00    3.251285E+00    1.766724E+00    0.000000E+00    0.000000E+00    0.000000E+00
7.075000E-01    5.026793E+00    3.721249E+00   -1.111595E+01    0.000000E+00    0.000000E+00    0.000000E+00   -8.969648E-01    2.627655E+00    5.222918E-01    0.000000E+00    0.000000E+00    0.000000E+00
7.085000E-01    4.068885E+00   -4.701221E+00   -9.185447E+00    0.000000E+00    0.000000E+00    0.000000E+00    1.719185E+00    1.328904E+00    3.087730E-01    0.000000E+00    0.000000E+00    0.000000E+00
7.095000E-01    5.729324E-01   -1.201347E+00    5.529002E+00    0.000000E+00    0.000000E+00    0.000000E+00   -8.858767E-02    4.466831E-01    2.022181E-01    0.000000E+00    0.000000E+00    0.000000E+00
7.105000E-01    2.050249E+00   -2.980767E-01   -1.297341E+01    0.000000E+00    0.000000E+00    0.000000E+00    4.955002E-01    9.197640E-01   -1.204982E-01    0.000000E+00    0.000000E+00    0.000000E+00
7.115000E-01    2.987790E+00   -2.196918E+00   -6.152602E+00    0.000000E+00    0.000000E+00    0.000000E+00    7.859509E-01    6.391907E-01   -1.861910E-01    0.000000E+00    0.000000E+00    0.000000E+00
7.125000E-01    2.301165E+00   -7.587936E-01   -5.489065E+00    0.000000E+00    0.000000E+00    0.000000E+00    1.413110E-01    4.079444E-01    1.921508E-01    0.000000E+00    0.000000E+00    0.000000E+00
7.135000E-01   -4.639630E-02   -3.325573E+00   -1.945960E+01    0.000000E+00    0.000000E+00    0.000000E+00    1.266744E+00   -4.900344E-01    7.250700E-03    0.000000E+00    0.000000E+00    0.000000E+00
7.145000E-01    1.751520E+00   -9.043852E-01   -9.734388E+00    0.000000E+00    0.000000E+00    0.000000E+00    5.780809E-01    5.684666E-01   -4.098448E-02    0.000000E+00    0.000000E+00    0.000000E+00
7.155000E-01    3.404406E+00   -2.939244E+00   -9.399973E+00    0.000000E+00    0.000000E+00    0.000000E+00    1.419866E+00    1.374343E+00    1.632980E-01    0.000000E+00    0.000000E+00    0.000000E+00
7.165000E-01   -3.595948E-01   -9.119906E-01   -6.771814E+00    0.000000E+00    0.000000E+00    0.000000E+00    4.434906E-01   -7.378555E-01    2.269432E-01    0.000000E+00    0.000000E+00    0.000000E+00
7.175000E-01    1.236807E+00   -2.508932E+00   -1.291224E+01    0.000000E+00    0.000000E+00    0.000000E+00    1.432566E+00    2.498437E-01    5.474983E-02    0.000000E+00    0.000000E+00    0.000000E+00
7.185000E-01    1.638199E+00    1.165335E+00   -1.399473E+01    0.000000E+00    0.000000E+00    0.000000E+00    1.192958E-01    8.758306E-01    2.386143E-01    0.000000E+00    0.000000E+00    0.000000E+00
7.195000E-01    1.894496E+00   -1.232964E+00   -2.104691E+01    0.000000E+00    0.000000E+00    0.000000E+00    7.839950E-01    1.105700E+00    1.965921E-01    0.000000E+00    0.000000E+00    0.000000E+00
7.205000E-01    2.554854E+00    8.398173E-01   -1.698150E+01    0.000000E+00    0.000000E+00    0.000000E+00   -1.924295E-01    1.311331E+00    1.403620E-01    0.000000E+00    0.000000E+00    0.000000E+00
7.215000E-01    3.529826E+00   -1.365197E+00   -1.822061E+01    0.000000E+00    0.000000E+00    0.000000E+00    8.897551E-01    1.556410E+00   -2.098741E-03    0.000000E+00    0.000000E+00    0.000000E+00
7.225000E-01    2.512507E+00   -1.102584E+00   -2.557793E+01    0.000000E+00    0.000000E+00    0.000000E+00    1.002745E+00    1.523793E+00    2.486592E-02    0.000000E+00    0.000000E+00    0.000000E+00
7.235000E-01    2.315769E+00   -1.800069E+00   -2.990520E+01    0.000000E+00    0.000000E+00    0.000000E+00    1.146553E+00    1.461100E+00    8.995454E-03    0.000000E+00    0.000000E+00    0.000000E+00
7.245000E-01    6.318536E+00   -2.437826E+00   -3.707445E+01    0.000000E+00    0.000000E+00    0.000000E+00    1.672632E+00    3.677822E+00   -2.316439E-02    0.000000E+00    0.000000E+00    0.000000E+00
7.255000E-01    4.744389E+00   -3.492794E+00   -3.009414E+01    0.000000E+00    0.000000E+00    0.000000E+00    2.412751E+00    3.093817E+00   -1.118709E-01    0.000000E+00    0.000000E+00    0.000000E+00
7.265000E-01    2.642782E+00   -2.768312E+00   -3.374309E+01    0.000000E+00    0.000000E+00    0.000000E+00    2.077553E+00    2.006672E+00   -9.440605E-02    0.000000E+00    0.000000E+00    0.000000E+00
7.275000E-01    2.108727E+00   -3.029101E+00   -4.510561E+01    0.000000E+00    0.000000E+00    0.000000E+00    2.457064E+00    1.328245E+00   -1.059107E-02    0.000000E+00    0.000000E+00    0.000000E+00
7.285000E-01    4.308037E-01   -4.686858E+00   -5.264856E+01    0.000000E+00    0.000000E+00    0.000000E+00    3.232058E+00    8.149892E-02   -1.802527E-01    0.000000E+00    0.000000E+00    0.000000E+00
7.295000E-01    4.626033E-01    2.952762E-01   -3.142694E+01    0.000000E+00    0.000000E+00    0.000000E+00   -1.154226E-01    9.640209E-02   -9.434399E-03    0.000000E+00    0.000000E+00    0.000000E+00
7.305000E-01   -1.113567E+00   -1.201269E+00   -1.149773E+01    0.000000E+00    0.000000E+00    0.000000E+00    3.705453E-01   -5.343365E-01   -3.326417E-01    0.000000E+00    0.000000E+00    0.000000E+00
7.315000E-01    3.518690E+00   -2.719282E+00   -3.097885E+01    0.000000E+00    0.000000E+00    0.000000E+00    1.611227E+00    2.431304E+00   -1.776717E-01    0.000000E+00    0.000000E+00    0.000000E+00
7.325000E-01   -1.671939E+00   -1.061122E+00   -1.713987E+01    0.000000E+00    0.000000E+00    0.000000E+00    4.936468E-01   -4.822418E-01   -1.350557E-01    0.000000E+00    0.000000E+00    0.000000E+00
7.335000E-01    4.332431E-01   -1.396380E+00   -4.850740E+01    0.000000E+00    0.000000E+00    0.000000E+00    1.037508E+00    1.584606E+00   -6.191783E-01    0.000000E+00    0.000000E+00    0.000000E+00
7.345000E-01    4.809557E+00   -2.312240E+00   -4.137236E+01    0.000000E+00    0.000000E+00    0.000000E+00    1.988951E+00    3.756687E+00    1.161732E-01    0.000000E+00    0.000000E+00    0.000000E+00
7.355000E-01    1.072307E+00   -4.736782E+00   -4.349618E+01    0.000000E+00    0.000000E+00    0.000000E+00    3.518634E+00    1.741134E+00    9.454448E-02    0.000000E+00    0.000000E+00    0.000000E+00
7.365000E-01   -7.293474E-01    8.870959E-01   -5.435916E+01    0.000000E+00    0.000000E+00    0.000000E+00    1.637900E-01    9.284103E-01   -2.353414E-01    0.000000E+00    0.000000E+00    0.000000E+00
7.375000E-01   -5.488047E+00   -1.770553E+00   -3.856196E+01    0.000000E+00    0.000000E+00    0.000000E+00    8.364799E-01   -2.357592E+00   -7.446558E-01    0.000000E+00    0.000000E+00    0.000000E+00
7.385000E-01   -1.637514E+01    8.357985E+00    2.007223E+01    0.000000E+00    0.000000E+00    0.000000E+00   -6.240370E+00   -1.041260E+01   -1.309316E-01    0.000000E+00    0.000000E+00    0.000000E+00
7.395000E-01   -6.394019E-01    1.322595E+00   -3.641954E+01    0.000000E+00    0.000000E+00    0.000000E+00   -3.435617E-01    6.369247E-01   -1.151572E-03    0.000000E+00    0.000000E+00    0.000000E+00
7.405000E-01   -1.051093E+01    5.437761E+00    2.042722E+01    0.000000E+00    0.000000E+00    0.000000E+00   -5.171775E+00   -6.212550E+00   -7.444768E-01    0.000000E+00    0.000000E+00    0.000000E+00
7.415000E-01   -8.039517E+00    3.380910E+00   -2.162307E+01    0.000000E+00    0.000000E+00    0.000000E+00   -2.110984E+00   -4.566179E+00   -1.519167E-01    0.000000E+00    0.000000E+00    0.000000E+00
7.425000E-01   -8.307184E+00   -4.869247E+00   -4.235152E+01    0.000000E+00    0.000000E+00    0.000000E+00    3.990683E+00   -4.923190E+00   -1.801496E-01    0.000000E+00    0.000000E+00    0.000000E+00
7.435000E-01   -6.699790E+00    4.000820E+00   -3.183487E+01    0.000000E+00    0.000000E+00    0.000000E+00   -1.982657E+00   -3.802174E+00   -1.920095E-01    0.000000E+00    0.000000E+00    0.000000E+00
7.445000E-01   -6.411280E+00    2.699615E+00   -6.770885E+01    0.000000E+00    0.000000E+00    0.000000E+00   -9.666706E-01   -2.310834E+00   -2.991985E-01    0.000000E+00    0.000000E+00    0.000000E+00
7.455000E-01   -1.379749E+01    4.858964E+00   -1.722385E+01    0.000000E+00    0.000000E+00    0.000000E+00   -3.136831E+00   -9.294408E+00   -1.678002E-01    0.000000E+00    0.000000E+00    0.000000E+00
7.465000E-01    4.441600E+00   -1.088443E+01   -1.641450E+02    0.000000E+00    0.000000E+00    0.000000E+00    1.036265E+01    5.165373E+00    2.726427E-01    0.000000E+00    0.000000E+00    0.000000E+00
7.475000E-01   -1.318008E+01    5.773226E-02   -3.971746E+01    0.000000E+00    0.000000E+00    0.000000E+00    2.169185E-01   -7.831818E+00   -3.234041E-01    0.000000E+00    0.000000E+00    0.000000E+00
7.485000E-01   -5.838326E+00    2.011763E-01   -5.019743E+01    0.000000E+00    0.000000E+00    0.000000E+00    1.512364E-02   -2.361210E+00    8.928152E-02    0.000000E+00    0.000000E+00    0.000000E+00
7.495000E-01    2.892354E+00    2.184451E+00   -5.552602E+00    0.000000E+00    0.000000E+00    0.000000E+00   -2.279877E+00    3.184853E+00    5.608912E-01    0.000000E+00    0.000000E+00    0.000000E+00
7.505000E-01    1.864807E+01    2.948228E+00   -4.996569E+01    0.000000E+00    0.000000E+00    0.000000E+00   -1.516824E+00    1.633575E+01    7.660150E-01    0.000000E+00    0.000000E+00    0.000000E+00
7.515000E-01    1.438152E+01   -6.548401E+01   -1.908519E+02    0.000000E+00    0.000000E+00    0.000000E+00    4.605930E+01    1.588994E+01   -5.924017E-01    0.000000E+00    0.000000E+00    0.000000E+00
7.525000E-01    2.096179E+01   -2.000201E+01   -3.573823E+02    0.000000E+00    0.000000E+00    0.000000E+00    2.387323E+01    2.249809E+01   -1.922473E+00    0.000000E+00    0.000000E+00    0.000000E+00
7.535000E-01    6.244538E+01    7.405741E+00   -5.453694E+02    0.000000E+00    0.000000E+00    0.000000E+00    7.543337E+00    5.285329E+01   -1.725328E+00    0.000000E+00    0.000000E+00    0.000000E+00
7.545000E-01   -3.758344E+00   -8.764730E+01   -2.968529E+02    0.000000E+00    0.000000E+00    0.000000E+00    5.531584E+01    5.275255E+00   -1.721046E-01    0.000000E+00    0.000000E+00    0.000000E+00
7.555000E-01   -1.284994E+01    4.244369E+01   -8.688847E+01    0.000000E+00    0.000000E+00    0.000000E+00   -2.633596E+01   -7.272777E+00    3.623410E+00    0.000000E+00    0.000000E+00    0.000000E+00
7.565000E-01   -5.969233E+00    2.387878E+01   -1.825935E+02    0.000000E+00    0.000000E+00    0.000000E+00   -1.478801E+01    7.980128E-01   -2.419618E+00    0.000000E+00    0.000000E+00    0.000000E+00
7.575000E-01   -4.612164E+01    7.553197E+01   -2.285826E+02    0.000000E+00    0.000000E+00    0.000000E+00   -4.340152E+01   -2.591283E+01   -2.327793E-02    0.000000E+00    0.000000E+00    0.000000E+00
7.585000E-01   -7.817995E+01    5.598169E+01   -3.898413E+02    0.000000E+00    0.000000E+00    0.000000E+00   -3.112648E+01   -4.038426E+01    1.303309E+00    0.000000E+00    0.000000E+00    0.000000E+00
7.595000E-01    1.968939E+01    2.598605E+01   -4.898088E+02    0.000000E+00    0.000000E+00    0.000000E+00   -8.604990E-01    1.987199E+01    8.126617E-01    0.000000E+00    0.000000E+00    0.000000E+00
7.605000E-01   -5.206886E+01   -7.444604E+01   -6.418875E+02    0.000000E+00    0.000000E+00    0.000000E+00    5.665351E+01   -2.027528E+01   -6.149337E-01    0.000000E+00    0.000000E+00    0.000000E+00
7.615000E-01    1.145358E+02    4.205968E+01   -5.988148E+02    0.000000E+00    0.000000E+00    0.000000E+00   -1.070689E+01    8.524128E+01    6.736372E+00    0.000000E+00    0.000000E+00    0.000000E+00
7.625000E-01    6.742002E+01   -3.190210E+01   -6.422109E+02    0.000000E+00    0.000000E+00    0.000000E+00    3.647564E+01    5.989661E+01   -1.317027E+00    0.000000E+00    0.000000E+00    0.000000E+00
7.635000E-01    1.096008E+02   -2.942358E+01   -5.556906E+02    0.000000E+00    0.000000E+00    0.000000E+00    2.782515E+01    8.292534E+01   -3.299679E-01    0.000000E+00    0.000000E+00    0.000000E+00
7.645000E-01    2.854350E+01   -4.747928E+00   -4.656164E+02    0.000000E+00    0.000000E+00    0.000000E+00    1.139176E+01    3.292755E+01    2.077178E+00    0.000000E+00    0.000000E+00    0.000000E+00
7.655000E-01   -4.633572E+01    2.083344E+01   -4.922732E+02    0.000000E+00    0.000000E+00    0.000000E+00   -2.987464E+00   -8.680977E+00    8.747039E-01    0.000000E+00    0.000000E+00    0.000000E+00
7.665000E-01   -9.859485E+01   -1.620576E+01   -5.382637E+02    0.000000E+00    0.000000E+00    0.000000E+00    1.609166E+01   -3.741742E+01   -2.099625E+00    0.000000E+00    0.000000E+00    0.000000E+00
7.675000E-01    5.739907E+01   -6.650707E+01   -4.676723E+02    0.000000E+00    0.000000E+00    0.000000E+00    4.234374E+01    4.250702E+01   -7.734214E-01    0.000000E+00    0.000000E+00    0.000000E+00
7.685000E-01    4.499089E+01    8.635383E+00   -3.833923E+02    0.000000E+00    0.000000E+00    0.000000E+00    3.583162E+00    3.534979E+01    2.092187E+00    0.000000E+00    0.000000E+00    0.000000E+00
7.695000E-01    1.716252E+00   -4.169648E+01   -2.739267E+02    0.000000E+00    0.000000E+00    0.000000E+00    2.799368E+01    9.929606E+00   -1.124102E+00    0.000000E+00    0.000000E+00    0.000000E+00
7.705000E-01    9.212656E+00   -1.668285E+01   -2.471486E+02    0.000000E+00    0.000000E+00    0.000000E+00    1.424035E+01    1.184417E+01    1.417050E-01    0.000000E+00    0.000000E+00    0.000000E+00
7.715000E-01   -3.386755E+01    2.623504E+00   -2.571129E+02    0.000000E+00    0.000000E+00    0.000000E+00    4.496425E+00   -1.017401E+01   -4.532419E-01    0.000000E+00    0.000000E+00    0.000000E+00
7.725000E-01   -4.199898E+00   -2.080690E+00   -2.101031E+02    0.000000E+00    0.000000E+00    0.000000E+00    6.050224E+00    4.724415E+00   -2.226569E-01    0.000000E+00    0.000000E+00    0.000000E+00
7.735000E-01   -2.167342E+01    2.147168E+01   -2.301361E+02    0.000000E+00    0.000000E+00    0.000000E+00   -6.199024E+00   -3.279729E+00    8.861350E-02    0.000000E+00    0.000000E+00    0.000000E+00
7.745000E-01   -2.469390E+01    3.521638E+01   -2.225256E+02    0.000000E+00    0.000000E+00    0.000000E+00   -1.397652E+01   -4.885795E+00    1.530094E-01    0.000000E+00    0.000000E+00    0.000000E+00
7.755000E-01   -3.095336E+01    1.239133E+01   -1.387949E+02    0.000000E+00    0.000000E+00    0.000000E+00   -2.906586E+00   -9.114630E+00   -1.832020E+00    0.000000E+00    0.000000E+00    0.000000E+00
7.765000E-01   -9.655383E+00   -3.270216E+00   -1.262997E+02    0.000000E+00    0.000000E+00    0.000000E+00    5.791755E+00    1.203423E+00   -1.913266E-01    0.000000E+00    0.000000E+00    0.000000E+00
7.775000E-01   -2.111805E+01    1.654905E+01   -1.218029E+02    0.000000E+00    0.000000E+00    0.000000E+00   -4.971021E+00   -6.246663E+00    7.264166E-01    0.000000E+00    0.000000E+00    0.000000E+00
7.785000E-01    4.864716E+00    6.811778E+00   -1.894245E+02    0.000000E+00    0.000000E+00    0.000000E+00    1.418811E+00    1.025857E+01    1.973943E-01    0.000000E+00    0.000000E+00    0.000000E+00
7.795000E-01    2.413932E+00    5.074949E+00   -2.115183E+02    0.000000E+00    0.000000E+00    0.000000E+00    2.833009E+00    9.748844E+00    1.445798E-01    0.000000E+00    0.000000E+00    0.000000E+00
7.805000E-01   -1.342491E+01    1.039810E+01   -2.231950E+02    0.000000E+00    0.000000E+00    0.000000E+00   -4.056175E-01    3.294584E-01    2.572434E-01    0.000000E+00    0.000000E+00    0.000000E+00
7.815000E-01    1.736768E+01   -8.161244E+00   -2.431575E+02    0.000000E+00    0.000000E+00    0.000000E+00    1.104172E+01    1.863989E+01    6.100643E-01    0.000000E+00    0.000000E+00    0.000000E+00
7.825000E-01   -1.020552E+01    5.284175E+00   -2.248185E+02    0.000000E+00    0.000000E+00    0.000000E+00    1.411460E+00    1.474052E+00   -4.794109E-01    0.000000E+00    0.000000E+00    0.000000E+00
7.835000E-01    2.703903E+01    1.906182E+00   -2.968294E+02    0.000000E+00    0.000000E+00    0.000000E+00    4.203931E+00    2.519941E+01    5.429910E-01    0.000000E+00    0.000000E+00    0.000000E+00
7.845000E-01    2.092686E+01   -2.067459E+01   -3.560677E+02    0.000000E+00    0.000000E+00    0.000000E+00    2.005850E+01    2.426144E+01   -1.057816E-02    0.000000E+00    0.000000E+00    0.000000E+00
7.855000E-01    3.853173E+01   -5.676253E+01   -4.767681E+02    0.000000E+00    0.000000E+00    0.000000E+00    4.682450E+01    4.192456E+01   -6.128751E-01    0.000000E+00    0.000000E+00    0.000000E+00
7.865000E-01    5.573290E+01   -2.869356E+01   -4.341803E+02    0.000000E+00    0.000000E+00    0.000000E+00    3.017796E+01    5.127392E+01    6.659465E-01    0.000000E+00    0.000000E+00    0.000000E+00
7.875000E-01    1.989212E+01    2.170794E+01   -2.838943E+02    0.000000E+00    0.000000E+00    0.000000E+00   -7.345927E+00    2.386007E+01    1.463858E+00    0.000000E+00    0.000000E+00    0.000000E+00
7.885000E-01   -3.970398E+00    3.603843E+01   -3.392366E+02    0.000000E+00    0.000000E+00    0.000000E+00   -1.624153E+01    5.916788E+00    1.682560E+00    0.000000E+00    0.000000E+00    0.000000E+00
7.895000E-01    7.429418E-01    6.753474E+00   -4.714868E+02    0.000000E+00    0.000000E+00    0.000000E+00    4.650633E+00    1.204610E+01    9.139505E-01    0.000000E+00    0.000000E+00    0.000000E+00
7.905000E-01    3.533582E+01   -3.786380E+01   -4.506839E+02    0.000000E+00    0.000000E+00    0.000000E+00    3.218407E+01    3.309167E+01    1.816690E-01    0.000000E+00    0.000000E+00    0.000000E+00
7.915000E-01    6.017800E+01   -5.215880E+00   -3.854436E+02    0.000000E+00    0.000000E+00    0.000000E+00    1.050152E+01    4.813107E+01    1.701562E+00    0.000000E+00    0.000000E+00    0.000000E+00
7.925000E-01    1.440104E+01    5.800016E+00   -2.822359E+02    0.000000E+00    0.000000E+00    0.000000E+00    3.195547E+00    1.629011E+01    1.092975E+00    0.000000E+00    0.000000E+00    0.000000E+00
7.935000E-01    9.829770E+00   -1.430366E+01   -3.125820E+02    0.000000E+00    0.000000E+00    0.000000E+00    1.634759E+01    1.595340E+01    2.206640E-01    0.000000E+00    0.000000E+00    0.000000E+00
7.945000E-01    3.252817E+01   -1.016334E+01   -3.143759E+02    0.000000E+00    0.000000E+00    0.000000E+00    1.399782E+01    3.168762E+01    6.429215E-01    0.000000E+00    0.000000E+00    0.000000E+00
7.955000E-01    3.099043E+01   -4.213201E+00   -2.475691E+02    0.000000E+00    0.000000E+00    0.000000E+00    8.386436E+00    2.836645E+01    5.395943E-01    0.000000E+00    0.000000E+00    0.000000E+00
7.965000E-01    2.831493E+01   -1.227125E+01   -1.824212E+02    0.000000E+00    0.000000E+00    0.000000E+00    1.191859E+01    2.460512E+01    3.267237E-01    0.000000E+00    0.000000E+00    0.000000E+00
7.975000E-01    2.665018E+01   -1.623463E+01   -1.962179E+02    0.000000E+00    0.000000E+00    0.000000E+00    1.416803E+01    2.461756E+01    2.598445E-01    0.000000E+00    0.000000E+00    0.000000E+00
7.985000E-01    1.840301E+01   -8.371527E+00   -2.226557E+02    0.000000E+00    0.000000E+00    0.000000E+00    1.004962E+01    2.128181E+01    3.573344E-01    0.000000E+00    0.000000E+00    0.000000E+00
7.995000E-01    2.529352E+00    5.229706E+00   -1.944117E+02    0.000000E+00    0.000000E+00    0.000000E+00    7.919392E-01    9.103886E+00    5.319850E-01    0.000000E+00    0.000000E+00    0.000000E+00
8.005000E-01    6.808817E-01   -2.830550E+00   -2.572756E+02    0.000000E+00    0.000000E+00    0.000000E+00    7.353132E+00    9.792010E+00    2.382518E-01    0.000000E+00    0.000000E+00    0.000000E+00
8.015000E-01   -7.430165E+00    1.865711E-01   -2.077456E+02    0.000000E+00    0.000000E+00    0.000000E+00    3.841979E+00    3.132969E+00    6.220030E-02    0.000000E+00    0.000000E+00    0.000000E+00
8.025000E-01    1.731200E+01   -4.286405E+00   -2.219818E+02    0.000000E+00    0.000000E+00    0.000000E+00    7.242295E+00    2.109947E+01    3.214596E-01    0.000000E+00    0.000000E+00    0.000000E+00
8.035000E-01    3.170968E+01   -7.287660E+00   -2.207877E+02    0.000000E+00    0.000000E+00    0.000000E+00    9.150919E+00    3.066509E+01    4.889376E-01    0.000000E+00    0.000000E+00    0.000000E+00
8.045000E-01    2.910427E+01   -1.218971E+01   -2.337796E+02    0.000000E+00    0.000000E+00    0.000000E+00    1.306589E+01    2.971682E+01    2.322923E-01    0.000000E+00    0.000000E+00    0.000000E+00
8.055000E-01    1.409279E+01   -1.569769E+01   -2.583649E+02    0.000000E+00    0.000000E+00    0.000000E+00    1.612639E+01    2.011932E+01   -1.984648E-01    0.000000E+00    0.000000E+00    0.000000E+00
8.065000E-01    1.299655E+01   -1.333928E+01   -2.094494E+02    0.000000E+00    0.000000E+00    0.000000E+00    1.392694E+01    1.869155E+01   -1.051118E-01    0.000000E+00    0.000000E+00    0.000000E+00
8.075000E-01    2.095622E+01   -2.489878E+00   -1.864448E+02    0.000000E+00    0.000000E+00    0.000000E+00    6.811717E+00    2.407240E+01    6.392807E-01    0.000000E+00    0.000000E+00    0.000000E+00
8.085000E-01    2.997959E+01   -7.444493E+00   -2.015608E+02    0.000000E+00    0.000000E+00    0.000000E+00    1.086680E+01    3.154485E+01    6.987410E-01    0.000000E+00    0.000000E+00    0.000000E+00
8.095000E-01    1.278230E+01    3.552614E+00   -1.905977E+02    0.000000E+00    0.000000E+00    0.000000E+00    3.150933E+00    1.899869E+01    7.641138E-01    0.000000E+00    0.000000E+00    0.000000E+00
8.105000E-01    1.779837E+01   -1.808171E+00   -2.031309E+02    0.000000E+00    0.000000E+00    0.000000E+00    6.975516E+00    2.351439E+01    7.373832E-01    0.000000E+00    0.000000E+00    0.000000E+00
8.115000E-01    8.699721E+00   -3.258506E+00   -1.758080E+02    0.000000E+00    0.000000E+00    0.000000E+00    6.735240E+00    1.544699E+01    4.504421E-01    0.000000E+00    0.000000E+00    0.000000E+00
8.125000E-01    4.045695E+00   -3.694933E+00   -2.047378E+02    0.000000E+00    0.000000E+00    0.000000E+00    7.383145E+00    1.348856E+01    3.121321E-01    0.000000E+00    0.000000E+00    0.000000E+00
8.135000E-01    1.015077E+01   -1.085512E+01   -1.811988E+02    0.000000E+00    0.000000E+00    0.000000E+00    1.147261E+01    1.744990E+01    1.289348E-01    0.000000E+00    0.000000E+00    0.000000E+00
8.145000E-01    8.557807E+00   -5.604028E+00   -2.023452E+02    0.000000E+00    0.000000E+00    0.000000E+00    8.095766E+00    1.569373E+01    3.799587E-01    0.000000E+00    0.000000E+00    0.000000E+00
8.155000E-01    1.514177E+00    1.446820E+00   -2.836630E+02    0.000000E+00    0.000000E+00    0.000000E+00    5.379145E+00    1.276373E+01    5.601599E-01    0.000000E+00    0.000000E+00    0.000000E+00
8.165000E-01    1.914237E+01   -5.647085E+00   -1.918910E+02    0.000000E+00    0.000000E+00    0.000000E+00    8.641939E+00    2.112518E+01    6.890597E-01    0.000000E+00    0.000000E+00    0.000000E+00
8.175000E-01    1.770346E+01    1.905054E+00   -3.011839E+02    0.000000E+00    0.000000E+00    0.000000E+00    6.609504E+00    2.537060E+01    1.101936E+00    0.000000E+00    0.000000E+00    0.000000E+00
8.185000E-01    6.260792E+00   -4.772415E+00   -2.664765E+02    0.000000E+00    0.000000E+00    0.000000E+00    1.048429E+01    1.769783E+01    5.183871E-01    0.000000E+00    0.000000E+00    0.000000E+00
8.195000E-01    3.011793E+00   -3.900760E+00   -2.627784E+02    0.000000E+00    0.000000E+00    0.000000E+00    9.917439E+00    1.597049E+01    3.666637E-01    0.000000E+00    0.000000E+00    0.000000E+00
8.205000E-01    3.911244E+00   -1.413171E+01   -2.698294E+02    0.000000E+00    0.000000E+00    0.000000E+00    1.652833E+01    1.692733E+01   -1.374330E-01    0.000000E+00    0.000000E+00    0.000000E+00
8.215000E-01    1.115052E+01   -1.374561E+01   -2.712041E+02    0.000000E+00    0.000000E+00    0.000000E+00    1.615632E+01    2.096104E+01    4.245441E-02    0.000000E+00    0.000000E+00    0.000000E+00
8.225000E-01    3.871785E-01   -1.039180E+01   -2.945019E+02    0.000000E+00    0.000000E+00    0.000000E+00    1.484406E+01    1.518826E+01   -1.437345E-01    0.000000E+00    0.000000E+00    0.000000E+00
8.235000E-01    9.283174E+00    6.781765E+00   -1.701596E+02    0.000000E+00    0.000000E+00    0.000000E+00    8.570731E-01    1.398913E+01    9.229607E-01    0.000000E+00    0.000000E+00    0.000000E+00
8.245000E-01    6.700756E+00   -4.631765E+00   -2.280635E+02    0.000000E+00    0.000000E+00    0.000000E+00    9.093523E+00    1.476580E+01    3.671023E-01    0.000000E+00    0.000000E+00    0.000000E+00
8.255000E-01   -2.429200E+00   -2.866939E+00   -2.750867E+02    0.000000E+00    0.000000E+00    0.000000E+00    8.667899E+00    1.104794E+01    1.632276E-01    0.000000E+00    0.000000E+00    0.000000E+00
8.265000E-01    4.680859E+00   -2.544240E+00   -1.592970E+02    0.000000E+00    0.000000E+00    0.000000E+00    5.182521E+00    9.701044E+00    2.640518E-01    0.000000E+00    0.000000E+00    0.000000E+00
8.275000E-01    1.228675E+01   -3.334593E+00   -2.522133E+02    0.000000E+00    0.000000E+00    0.000000E+00    8.047794E+00    1.878926E+01    4.608174E-01    0.000000E+00    0.000000E+00    0.000000E+00
8.285000E-01   -1.662462E+00   -8.142363E+00   -1.726844E+02    0.000000E+00    0.000000E+00    0.000000E+00    8.789524E+00    6.458210E+00   -1.118810E-01    0.000000E+00    0.000000E+00    0.000000E+00
8.295000E-01    9.055015E+00   -4.077162E+00   -2.119453E+02    0.000000E+00    0.000000E+00    0.000000E+00    7.731880E+00    1.513546E+01    2.910766E-01    0.000000E+00    0.000000E+00    0.000000E+00
8.305000E-01    1.287695E+01   -2.073103E+00   -2.655232E+02    0.000000E+00    0.000000E+00    0.000000E+00    7.964245E+00    1.944815E+01    5.050673E-01    0.000000E+00    0.000000E+00    0.000000E+00
8.315000E-01    1.083178E+01    1.601843E+00   -1.946513E+02    0.000000E+00    0.000000E+00    0.000000E+00    4.159669E+00    1.510288E+01    7.112420E-01    0.000000E+00    0.000000E+00    0.000000E+00
8.325000E-01    1.439758E+01   -4.869879E+00   -2.584767E+02    0.000000E+00    0.000000E+00    0.000000E+00    9.566110E+00    2.046574E+01    4.910417E-01    0.000000E+00    0.000000E+00    0.000000E+00
8.335000E-01    2.167894E-01   -5.205936E-01   -1.992793E+02    0.000000E+00    0.000000E+00    0.000000E+00    5.551731E+00    9.369478E+00    4.091951E-01    0.000000E+00    0.000000E+00    0.000000E+00
8.345000E-01    2.005564E+01   -1.857341E+00   -2.252353E+02    0.000000E+00    0.000000E+00    0.000000E+00    7.063719E+00    2.270918E+01    8.422177E-01    0.000000E+00    0.000000E+00    0.000000E+00
8.355000E-01    1.809094E+01   -1.567996E+00   -2.366397E+02    0.000000E+00    0.000000E+00    0.000000E+00    6.940948E+00    2.178347E+01    8.004108E-01    0.000000E+00    0.000000E+00    0.000000E+00
8.365000E-01   -4.356876E-01   -9.001551E+00   -2.209194E+02    0.000000E+00    0.000000E+00    0.000000E+00    1.103665E+01    9.627931E+00    1.666129E-02    0.000000E+00    0.000000E+00    0.000000E+00
8.375000E-01    1.971999E+01   -6.665716E+00   -2.259180E+02    0.000000E+00    0.000000E+00    0.000000E+00    9.792491E+00    2.199568E+01    6.210789E-01    0.000000E+00    0.000000E+00    0.000000E+00
8.385000E-01    1.851943E+01   -2.237200E+00   -2.754117E+02    0.000000E+00    0.000000E+00    0.000000E+00    8.339045E+00    2.305961E+01    7.776332E-01    0.000000E+00    0.000000E+00    0.000000E+00
8.395000E-01    1.260231E+01   -1.851980E+00   -2.431288E+02    0.000000E+00    0.000000E+00    0.000000E+00    7.522016E+00    1.813938E+01    6.452362E-01    0.000000E+00    0.000000E+00    0.000000E+00
8.405000E-01    6.999526E+00   -1.299420E+01   -2.276548E+02    0.000000E+00    0.000000E+00    0.000000E+00    1.368828E+01    1.425634E+01   -7.137377E-02    0.000000E+00    0.000000E+00    0.000000E+00
8.415000E-01    1.797281E+01    1.062733E-01   -1.997078E+02    0.000000E+00    0.000000E+00    0.000000E+00    5.237229E+00    1.955185E+01    8.280879E-01    0.000000E+00    0.000000E+00    0.000000E+00
8.425000E-01    6.980558E+00   -2.513366E+00   -2.121292E+02    0.000000E+00    0.000000E+00    0.000000E+00    7.288606E+00    1.416159E+01    3.491769E-01    0.000000E+00    0.000000E+00    0.000000E+00
8.435000E-01    1.821022E+01   -1.690617E+01   -2.503102E+02    0.000000E+00    0.000000E+00    0.000000E+00    1.674564E+01    2.256026E+01   -1.131362E-01    0.000000E+00    0.000000E+00    0.000000E+00
8.445000E-01   -7.686657E+00   -1.300723E+01   -2.562096E+02    0.000000E+00    0.000000E+00    0.000000E+00    1.500758E+01    7.953293E+00   -6.431758E-01    0.000000E+00    0.000000E+00    0.000000E+00
8.455000E-01    5.514540E+00   -4.270762E+00   -2.429439E+02    0.000000E+00    0.000000E+00    0.000000E+00    9.692147E+00    1.501339E+01    1.241224E-01    0.000000E+00    0.000000E+00    0.000000E+00
8.465000E-01    7.780805E+00    3.728568E+00   -2.425929E+02    0.000000E+00    0.000000E+00    0.000000E+00    5.044549E+00    1.702502E+01    4.931849E-01    0.000000E+00    0.000000E+00    0.000000E+00
8.475000E-01   -4.929060E+00   -3.690681E+00   -1.995094E+02    0.000000E+00    0.000000E+00    0.000000E+00    8.205719E+00    6.479716E+00   -2.636974E-01    0.000000E+00    0.000000E+00    0.000000E+00
8.485000E-01   -4.611949E-01   -8.815135E+00   -2.087691E+02    0.000000E+00    0.000000E+00    0.000000E+00    1.129776E+01    1.013466E+01   -3.344525E-01    0.000000E+00    0.000000E+00    0.000000E+00
8.495000E-01   -5.390360E-02    6.160213E+00   -2.245196E+02    0.000000E+00    0.000000E+00    0.000000E+00    2.885246E+00    1.126193E+01    4.527190E-01    0.000000E+00    0.000000E+00    0.000000E+00
8.505000E-01    1.451126E+01   -2.344625E+00   -1.939600E+02    0.000000E+00    0.000000E+00    0.000000E+00    6.831230E+00    1.875413E+01    3.922679E-01    0.000000E+00    0.000000E+00    0.000000E+00
8.515000E-01   -2.910827E+01   -1.662850E+00   -2.552244E+02    0.000000E+00    0.000000E+00    0.000000E+00    7.797633E+00   -4.976995E+00   -9.171082E-01    0.000000E+00    0.000000E+00    0.000000E+00
8.525000E-01    1.609415E+01   -4.652194E+00   -2.044996E+02    0.000000E+00    0.000000E+00    0.000000E+00    8.430955E+00    2.065269E+01    1.382995E-01    0.000000E+00    0.000000E+00    0.000000E+00
8.535000E-01   -3.539062E+01    1.522787E+01   -2.259400E+02    0.000000E+00    0.000000E+00    0.000000E+00   -3.174459E+00   -1.036242E+01   -8.183670E-02    0.000000E+00    0.000000E+00    0.000000E+00
8.545000E-01   -7.536268E+00    1.607410E+01   -2.202838E+02    0.000000E+00    0.000000E+00    0.000000E+00   -3.085298E+00    8.462229E+00    8.087684E-01    0.000000E+00    0.000000E+00    0.000000E+00
8.555000E-01   -2.249724E+01   -5.009209E+00   -2.326647E+02    0.000000E+00    0.000000E+00    0.000000E+00    9.458031E+00   -1.544709E+00   -9.181389E-01    0.000000E+00    0.000000E+00    0.000000E+00
8.565000E-01   -1.874184E+01    1.080899E+01   -2.336542E+02    0.000000E+00    0.000000E+00    0.000000E+00    7.617806E-01    3.068900E+00    2.274840E-01    0.000000E+00    0.000000E+00    0.000000E+00
8.575000E-01   -5.516959E+00    2.666867E+00   -2.401502E+02    0.000000E+00    0.000000E+00    0.000000E+00    6.178149E+00    1.182791E+01    2.144384E-01    0.000000E+00    0.000000E+00    0.000000E+00
8.585000E-01   -1.765516E+01    1.014368E+01   -2.363619E+02    0.000000E+00    0.000000E+00    0.000000E+00    1.509906E+00    4.035876E+00    3.167180E-01    0.000000E+00    0.000000E+00    0.000000E+00
8.595000E-01   -1.653032E+01   -1.083030E+00   -2.433954E+02    0.000000E+00    0.000000E+00    0.000000E+00    9.583406E+00    7.472496E+00   -4.252911E-01    0.000000E+00    0.000000E+00    0.000000E+00
8.605000E-01   -2.223856E+01   -5.548806E+00   -2.479889E+02    0.000000E+00    0.000000E+00    0.000000E+00    1.215586E+01    3.345029E+00   -9.717107E-01    0.000000E+00    0.000000E+00    0.000000E+00
8.615000E-01   -2.355490E+01    1.776815E+01   -2.491997E+02    0.000000E+00    0.000000E+00    0.000000E+00   -1.459769E+00    4.137225E+00    7.189070E-01    0.000000E+00    0.000000E+00    0.000000E+00
8.625000E-01    1.367212E+00    2.554027E+00   -2.504205E+02    0.000000E+00    0.000000E+00    0.000000E+00    8.754191E+00    2.070501E+01    4.737790E-01    0.000000E+00    0.000000E+00    0.000000E+00
8.635000E-01   -2.757440E+01    8.311656E+00   -2.318579E+02    0.000000E+00    0.000000E+00    0.000000E+00    3.280457E+00   -5.837197E-01   -1.807522E-01    0.000000E+00    0.000000E+00    0.000000E+00
8.645000E-01   -3.230026E+01    4.039938E+00   -2.503385E+02    0.000000E+00    0.000000E+00    0.000000E+00    7.073793E+00   -5.647654E-01   -7.974745E-01    0.000000E+00    0.000000E+00    0.000000E+00
8.655000E-01   -1.955016E+00    7.195247E+00   -2.657658E+02    0.000000E+00    0.000000E+00    0.000000E+00    6.977343E+00    2.184641E+01    7.094713E-01    0.000000E+00    0.000000E+00    0.000000E+00
8.665000E-01   -1.507497E+01    5.317062E+00   -2.622526E+02    0.000000E+00    0.000000E+00    0.000000E+00    8.082067E+00    1.365777E+01   -5.947992E-02    0.000000E+00    0.000000E+00    0.000000E+00
8.675000E-01    8.258172E+00   -6.792936E+00   -2.372035E+02    0.000000E+00    0.000000E+00    0.000000E+00    1.540353E+01    2.792184E+01   -1.388922E-01    0.000000E+00    0.000000E+00    0.000000E+00
8.685000E-01   -1.203305E+01   -1.027572E+01   -2.215248E+02    0.000000E+00    0.000000E+00    0.000000E+00    1.750183E+01    1.562479E+01   -1.496792E+00    0.000000E+00    0.000000E+00    0.000000E+00
8.695000E-01   -4.399875E+00    8.154806E+00   -2.336344E+02    0.000000E+00    0.000000E+00    0.000000E+00    6.453149E+00    2.037161E+01    6.613230E-01    0.000000E+00    0.000000E+00    0.000000E+00
8.705000E-01   -7.192654E-02   -1.697870E+00   -2.064505E+02    0.000000E+00    0.000000E+00    0.000000E+00    1.193892E+01    2.126551E+01   -1.561389E-01    0.000000E+00    0.000000E+00    0.000000E+00
8.715000E-01   -2.254839E+01    8.511740E+00   -2.401523E+02    0.000000E+00    0.000000E+00    0.000000E+00    6.845957E+00    1.078825E+01   -1.738223E-01    0.000000E+00    0.000000E+00    0.000000E+00
8.725000E-01    3.892246E+01   -1.391658E+01   -2.360267E+02    0.000000E+00    0.000000E+00    0.000000E+00    2.165637E+01    5.117171E+01    5.777189E-01    0.000000E+00    0.000000E+00    0.000000E+00
8.735000E-01   -9.389192E+00   -3.327507E+00   -2.224456E+02    0.000000E+00    0.000000E+00    0.000000E+00    1.381727E+01    1.845861E+01   -8.642615E-01    0.000000E+00    0.000000E+00    0.000000E+00
8.745000E-01   -4.624266E+00    2.044726E+01   -2.533146E+02    0.000000E+00    0.000000E+00    0.000000E+00    1.087991E+00    2.671013E+01    2.342104E+00    0.000000E+00    0.000000E+00    0.000000E+00
8.755000E-01    1.791924E+01   -1.108340E+01   -2.331653E+02    0.000000E+00    0.000000E+00    0.000000E+00    2.047494E+01    3.973080E+01   -2.106974E-01    0.000000E+00    0.000000E+00    0.000000E+00
8.765000E-01    5.046730E+00   -9.745798E+00   -2.291791E+02    0.000000E+00    0.000000E+00    0.000000E+00    2.032465E+01    3.389756E+01   -8.743900E-01    0.000000E+00    0.000000E+00    0.000000E+00
8.775000E-01    7.690329E+00   -6.392686E-01   -2.392262E+02    0.000000E+00    0.000000E+00    0.000000E+00    1.489898E+01    3.607055E+01    4.213816E-01    0.000000E+00    0.000000E+00    0.000000E+00
8.785000E-01    2.902273E+01    2.953231E+00   -2.529944E+02    0.000000E+00    0.000000E+00    0.000000E+00    1.398398E+01    5.164082E+01    2.414084E+00    0.000000E+00    0.000000E+00    0.000000E+00
8.795000E-01    7.848763E+00   -3.632463E+00   -2.746296E+02    0.000000E+00    0.000000E+00    0.000000E+00    1.985804E+01    4.285953E+01    1.787465E-01    0.000000E+00    0.000000E+00    0.000000E+00
8.805000E-01    9.977191E+00   -1.121493E+01   -2.760628E+02    0.000000E+00    0.000000E+00    0.000000E+00    2.514501E+01    4.528115E+01   -8.770948E-01    0.000000E+00    0.000000E+00    0.000000E+00
8.815000E-01    1.862333E+01    2.299007E+00   -2.574898E+02    0.000000E+00    0.000000E+00    0.000000E+00    1.672932E+01    5.040605E+01    1.772712E+00    0.000000E+00    0.000000E+00    0.000000E+00
8.825000E-01    3.900656E+00   -5.702003E+00   -2.587749E+02    0.000000E+00    0.000000E+00    0.000000E+00    2.242433E+01    4.232545E+01   -3.579134E-01    0.000000E+00    0.000000E+00    0.000000E+00
8.835000E-01    3.163018E+01   -1.722668E+01   -2.210046E+02    0.000000E+00    0.000000E+00    0.000000E+00    2.783330E+01    5.642944E+01   -2.303821E-01    0.000000E+00    0.000000E+00    0.000000E+00
8.845000E-01    1.435401E+01   -5.714182E+00   -2.763052E+02    0.000000E+00    0.000000E+00    0.000000E+00    2.504035E+01    5.464314E+01    3.155166E-01    0.000000E+00    0.000000E+00    0.000000E+00
8.855000E-01    5.449629E+00   -1.068701E+01   -2.760760E+02    0.000000E+00    0.000000E+00    0.000000E+00    2.892972E+01    5.044161E+01   -1.211187E+00    0.000000E+00    0.000000E+00    0.000000E+00
8.865000E-01    2.559212E+01   -4.334412E+00   -2.738880E+02    0.000000E+00    0.000000E+00    0.000000E+00    2.583006E+01    6.545660E+01    1.564927E+00    0.000000E+00    0.000000E+00    0.000000E+00
8.875000E-01    2.814604E+01   -1.002484E+01   -2.570614E+02    0.000000E+00    0.000000E+00    0.000000E+00    2.837782E+01    6.476262E+01    7.678936E-01    0.000000E+00    0.000000E+00    0.000000E+00
8.885000E-01    2.334399E+00   -6.465954E+00   -2.673920E+02    0.000000E+00    0.000000E+00    0.000000E+00    2.747802E+01    5.222362E+01   -9.643648E-01    0.000000E+00    0.000000E+00    0.000000E+00
8.895000E-01    1.212765E+01   -6.160616E+00   -2.734795E+02    0.000000E+00    0.000000E+00    0.000000E+00    2.890786E+01    6.223428E+01   -1.095839E-01    0.000000E+00    0.000000E+00    0.000000E+00
8.905000E-01    1.693686E+01   -9.986347E+00   -2.712662E+02    0.000000E+00    0.000000E+00    0.000000E+00    3.211215E+01    6.678659E+01   -3.439079E-01    0.000000E+00    0.000000E+00    0.000000E+00
8.915000E-01    1.605772E+01   -4.362448E+00   -2.674744E+02    0.000000E+00    0.000000E+00    0.000000E+00    2.905569E+01    6.773373E+01    6.798473E-01    0.000000E+00    0.000000E+00    0.000000E+00
8.925000E-01    1.417360E+01   -1.488901E+01   -2.636104E+02    0.000000E+00    0.000000E+00    0.000000E+00    3.620076E+01    6.749275E+01   -1.845455E+00    0.000000E+00    0.000000E+00    0.000000E+00
8.935000E-01    2.492028E+01   -1.282096E+01   -2.376931E+02    0.000000E+00    0.000000E+00    0.000000E+00    3.331008E+01    7.100055E+01   -3.371165E-01    0.000000E+00    0.000000E+00    0.000000E+00
8.945000E-01    2.870607E+01   -1.104405E+01   -2.575820E+02    0.000000E+00    0.000000E+00    0.000000E+00    3.500130E+01    7.912141E+01    6.152684E-01    0.000000E+00    0.000000E+00    0.000000E+00
8.955000E-01    1.157406E+01   -1.487749E+00   -2.514811E+02    0.000000E+00    0.000000E+00    0.000000E+00    2.911846E+01    6.888419E+01    9.908575E-01    0.000000E+00    0.000000E+00    0.000000E+00
8.965000E-01    9.556309E+00   -7.312983E+00   -2.725064E+02    0.000000E+00    0.000000E+00    0.000000E+00    3.568140E+01    7.495674E+01   -8.386760E-01    0.000000E+00    0.000000E+00    0.000000E+00
8.975000E-01    2.927337E+01   -1.401614E+01   -2.486825E+02    0.000000E+00    0.000000E+00    0.000000E+00    3.870979E+01    8.475775E+01   -1.780277E-01    0.000000E+00    0.000000E+00    0.000000E+00
8.985000E-01    3.777290E+01   -1.067369E+01   -2.890005E+02    0.000000E+00    0.000000E+00    0.000000E+00    4.252754E+01    1.036763E+02    1.764743E+00    0.000000E+00    0.000000E+00    0.000000E+00
8.995000E-01    2.964729E+01   -1.660145E+01   -2.402512E+02    0.000000E+00    0.000000E+00    0.000000E+00    4.072899E+01    8.630435E+01   -9.557682E-01    0.000000E+00    0.000000E+00    0.000000E+00
9.005000E-01    4.157291E+01   -1.255635E+01   -2.534552E+02    0.000000E+00    0.000000E+00    0.000000E+00    4.098939E+01    1.002081E+02    1.852038E+00    0.000000E+00    0.000000E+00    0.000000E+00
9.015000E-01    3.949750E+01   -2.139719E+01   -2.551650E+02    0.000000E+00    0.000000E+00    0.000000E+00    4.761838E+01    1.013088E+02   -9.958043E-01    0.000000E+00    0.000000E+00    0.000000E+00
9.025000E-01    4.112579E+01   -1.780960E+01   -2.636298E+02    0.000000E+00    0.000000E+00    0.000000E+00    4.749986E+01    1.070713E+02    2.240515E-01    0.000000E+00    0.000000E+00    0.000000E+00
9.035000E-01    6.802523E+01   -2.712258E+01   -2.962948E+02    0.000000E+00    0.000000E+00    0.000000E+00    5.966490E+01    1.383869E+02    1.140798E+00    0.000000E+00    0.000000E+00    0.000000E+00
9.045000E-01    3.975923E+01   -2.467384E+01   -3.107170E+02    0.000000E+00    0.000000E+00    0.000000E+00    6.056225E+01    1.262238E+02   -2.160251E+00    0.000000E+00    0.000000E+00    0.000000E+00
9.055000E-01    8.938894E+01   -3.909609E+01   -2.727560E+02    0.000000E+00    0.000000E+00    0.000000E+00    6.603889E+01    1.494393E+02    3.324675E-01    0.000000E+00    0.000000E+00    0.000000E+00
9.065000E-01    3.650065E+01   -1.748049E+01   -2.945442E+02    0.000000E+00    0.000000E+00    0.000000E+00    5.584914E+01    1.235201E+02   -3.322350E-01    0.000000E+00    0.000000E+00    0.000000E+00
9.075000E-01    4.092032E+01   -1.774540E+01   -2.828088E+02    0.000000E+00    0.000000E+00    0.000000E+00    5.575439E+01    1.257361E+02    2.759347E-01    0.000000E+00    0.000000E+00    0.000000E+00
9.085000E-01    8.406120E+01   -4.207635E+01   -2.799076E+02    0.000000E+00    0.000000E+00    0.000000E+00    7.171929E+01    1.546349E+02   -1.611824E+00    0.000000E+00    0.000000E+00    0.000000E+00
9.095000E-01    6.259478E+01   -2.512491E+01   -2.928586E+02    0.000000E+00    0.000000E+00    0.000000E+00    6.434612E+01    1.483081E+02    1.143910E+00    0.000000E+00    0.000000E+00    0.000000E+00
9.105000E-01    7.239087E+01   -3.499791E+01   -2.884193E+02    0.000000E+00    0.000000E+00    0.000000E+00    7.078029E+01    1.549623E+02   -1.004454E+00    0.000000E+00    0.000000E+00    0.000000E+00
9.115000E-01    7.135359E+01   -2.947910E+01   -2.887969E+02    0.000000E+00    0.000000E+00    0.000000E+00    6.884041E+01    1.578626E+02    8.466287E-01    0.000000E+00    0.000000E+00    0.000000E+00
9.125000E-01    6.366089E+01   -3.357159E+01   -2.966609E+02    0.000000E+00    0.000000E+00    0.000000E+00    7.352382E+01    1.577917E+02   -2.128785E+00    0.000000E+00    0.000000E+00    0.000000E+00
9.135000E-01    6.745681E+01   -3.153967E+01   -2.870161E+02    0.000000E+00    0.000000E+00    0.000000E+00    7.207017E+01    1.596845E+02   -6.463918E-01    0.000000E+00    0.000000E+00    0.000000E+00
9.145000E-01    5.206771E+01   -1.783231E+01   -2.834463E+02    0.000000E+00    0.000000E+00    0.000000E+00    6.368615E+01    1.505422E+02    2.197395E+00    0.000000E+00    0.000000E+00    0.000000E+00
9.155000E-01    8.609862E+01   -4.316241E+01   -2.963605E+02    0.000000E+00    0.000000E+00    0.000000E+00    8.329496E+01    1.805211E+02   -2.153692E+00    0.000000E+00    0.000000E+00    0.000000E+00
9.165000E-01    7.524366E+01   -3.212616E+01   -2.883193E+02    0.000000E+00    0.000000E+00    0.000000E+00    7.595157E+01    1.729743E+02    4.575942E-01    0.000000E+00    0.000000E+00    0.000000E+00
9.175000E-01    7.176576E+01   -2.897925E+01   -2.853390E+02    0.000000E+00    0.000000E+00    0.000000E+00    7.457021E+01    1.720396E+02    1.144666E+00    0.000000E+00    0.000000E+00    0.000000E+00
9.185000E-01    7.462870E+01   -3.300527E+01   -2.904828E+02    0.000000E+00    0.000000E+00    0.000000E+00    7.947701E+01    1.795148E+02    4.071501E-02    0.000000E+00    0.000000E+00    0.000000E+00
9.195000E-01    7.732737E+01   -3.072628E+01   -2.840093E+02    0.000000E+00    0.000000E+00    0.000000E+00    7.744134E+01    1.801062E+02    1.564060E+00    0.000000E+00    0.000000E+00    0.000000E+00
9.205000E-01    7.968441E+01   -3.650946E+01   -3.016384E+02    0.000000E+00    0.000000E+00    0.000000E+00    8.601424E+01    1.927527E+02   -6.377096E-01    0.000000E+00    0.000000E+00    0.000000E+00
9.215000E-01    7.928235E+01   -3.247865E+01   -2.891632E+02    0.000000E+00    0.000000E+00    0.000000E+00    8.181772E+01    1.888730E+02    1.251375E+00    0.000000E+00    0.000000E+00    0.000000E+00
9.225000E-01    1.034212E+02   -4.212453E+01   -3.044727E+02    0.000000E+00    0.000000E+00    0.000000E+00    9.294468E+01    2.154344E+02    1.816120E+00    0.000000E+00    0.000000E+00    0.000000E+00
9.235000E-01    8.574304E+01   -3.795412E+01   -3.039037E+02    0.000000E+00    0.000000E+00    0.000000E+00    9.102551E+01    2.059706E+02    6.917464E-02    0.000000E+00    0.000000E+00    0.000000E+00
9.245000E-01    7.533005E+01   -3.410195E+01   -3.102563E+02    0.000000E+00    0.000000E+00    0.000000E+00    9.141253E+01    2.059543E+02   -2.678263E-01    0.000000E+00    0.000000E+00    0.000000E+00
9.255000E-01    1.175536E+02   -4.413223E+01   -2.945139E+02    0.000000E+00    0.000000E+00    0.000000E+00    9.570579E+01    2.283930E+02    4.077339E+00    0.000000E+00    0.000000E+00    0.000000E+00
9.265000E-01    9.263250E+01   -4.722030E+01   -2.869184E+02    0.000000E+00    0.000000E+00    0.000000E+00    9.711654E+01    2.109552E+02   -3.238678E+00    0.000000E+00    0.000000E+00    0.000000E+00
9.275000E-01    9.972652E+01   -4.013570E+01   -2.735660E+02    0.000000E+00    0.000000E+00    0.000000E+00    9.043519E+01    2.110846E+02    2.045440E+00    0.000000E+00    0.000000E+00    0.000000E+00
9.285000E-01    1.357997E+02   -5.704484E+01   -2.688611E+02    0.000000E+00    0.000000E+00    0.000000E+00    1.015399E+02    2.347996E+02    1.477988E+00    0.000000E+00    0.000000E+00    0.000000E+00
9.295000E-01    1.243614E+02   -5.431554E+01   -2.742268E+02    0.000000E+00    0.000000E+00    0.000000E+00    1.021305E+02    2.327511E+02    1.964336E-01    0.000000E+00    0.000000E+00    0.000000E+00
9.305000E-01    1.100299E+02   -4.928550E+01   -2.882568E+02    0.000000E+00    0.000000E+00    0.000000E+00    1.028438E+02    2.328458E+02   -5.817817E-01    0.000000E+00    0.000000E+00    0.000000E+00
9.315000E-01    1.151365E+02   -4.671540E+01   -2.670041E+02    0.000000E+00    0.000000E+00    0.000000E+00    9.763689E+01    2.279479E+02    2.067847E+00    0.000000E+00    0.000000E+00    0.000000E+00
9.325000E-01    1.139080E+02   -5.256989E+01   -2.656917E+02    0.000000E+00    0.000000E+00    0.000000E+00    1.016915E+02    2.281342E+02   -1.555648E+00    0.000000E+00    0.000000E+00    0.000000E+00
9.335000E-01    1.018891E+02   -3.959006E+01   -2.709644E+02    0.000000E+00    0.000000E+00    0.000000E+00    9.585318E+01    2.264662E+02    2.742152E+00    0.000000E+00    0.000000E+00    0.000000E+00
9.345000E-01    1.194322E+02   -5.438733E+01   -2.755059E+02    0.000000E+00    0.000000E+00    0.000000E+00    1.076990E+02    2.425827E+02   -1.280658E+00    0.000000E+00    0.000000E+00    0.000000E+00
9.355000E-01    1.115452E+02   -4.652852E+01   -2.576436E+02    0.000000E+00    0.000000E+00    0.000000E+00    9.899842E+01    2.294894E+02    1.285002E+00    0.000000E+00    0.000000E+00    0.000000E+00
9.365000E-01    1.263215E+02   -5.126783E+01   -2.554909E+02    0.000000E+00    0.000000E+00    0.000000E+00    1.025997E+02    2.407317E+02    2.399179E+00    0.000000E+00    0.000000E+00    0.000000E+00
9.375000E-01    1.064220E+02   -4.278292E+01   -2.874932E+02    0.000000E+00    0.000000E+00    0.000000E+00    1.059912E+02    2.479371E+02    2.198513E+00    0.000000E+00    0.000000E+00    0.000000E+00
9.385000E-01    1.218794E+02   -5.601177E+01   -2.479298E+02    0.000000E+00    0.000000E+00    0.000000E+00    1.059621E+02    2.378115E+02   -1.754514E+00    0.000000E+00    0.000000E+00    0.000000E+00
9.395000E-01    9.664102E+01   -4.323155E+01   -2.814513E+02    0.000000E+00    0.000000E+00    0.000000E+00    1.065031E+02    2.426620E+02   -6.164161E-01    0.000000E+00    0.000000E+00    0.000000E+00
9.405000E-01    1.039010E+02   -4.365491E+01   -2.638154E+02    0.000000E+00    0.000000E+00    0.000000E+00    1.035704E+02    2.401897E+02    1.088821E+00    0.000000E+00    0.000000E+00    0.000000E+00
9.415000E-01    1.191435E+02   -4.970635E+01   -2.722215E+02    0.000000E+00    0.000000E+00    0.000000E+00    1.109595E+02    2.581040E+02    1.429882E+00    0.000000E+00    0.000000E+00    0.000000E+00
9.425000E-01    1.130794E+02   -5.107526E+01   -2.767313E+02    0.000000E+00    0.000000E+00    0.000000E+00    1.142117E+02    2.589387E+02   -1.048406E+00    0.000000E+00    0.000000E+00    0.000000E+00
9.435000E-01    1.416072E+02   -6.137457E+01   -2.497326E+02    0.000000E+00    0.000000E+00    0.000000E+00    1.149141E+02    2.641413E+02    2.979944E-01    0.000000E+00    0.000000E+00    0.000000E+00
9.445000E-01    1.060284E+02   -4.277118E+01   -2.855639E+02    0.000000E+00    0.000000E+00    0.000000E+00    1.128757E+02    2.644134E+02    2.363040E+00    0.000000E+00    0.000000E+00    0.000000E+00
9.455000E-01    9.221123E+01   -4.108790E+01   -2.666706E+02    0.000000E+00    0.000000E+00    0.000000E+00    1.074349E+02    2.450191E+02   -5.794978E-01    0.000000E+00    0.000000E+00    0.000000E+00
9.465000E-01    1.406570E+02   -5.934307E+01   -2.602849E+02    0.000000E+00    0.000000E+00    0.000000E+00    1.193195E+02    2.773575E+02    1.303509E+00    0.000000E+00    0.000000E+00    0.000000E+00
9.475000E-01    1.051070E+02   -4.863942E+01   -2.839892E+02    0.000000E+00    0.000000E+00    0.000000E+00    1.193845E+02    2.697875E+02   -1.899186E+00    0.000000E+00    0.000000E+00    0.000000E+00
9.485000E-01    1.151000E+02   -4.974219E+01   -2.737727E+02    0.000000E+00    0.000000E+00    0.000000E+00    1.181571E+02    2.723139E+02    2.053105E-01    0.000000E+00    0.000000E+00    0.000000E+00
9.495000E-01    1.195952E+02   -5.184467E+01   -2.836483E+02    0.000000E+00    0.000000E+00    0.000000E+00    1.237867E+02    2.849423E+02    1.594904E-01    0.000000E+00    0.000000E+00    0.000000E+00
9.505000E-01    1.257451E+02   -5.347761E+01   -2.777511E+02    0.000000E+00    0.000000E+00    0.000000E+00    1.244895E+02    2.881096E+02    8.205650E-01    0.000000E+00    0.000000E+00    0.000000E+00
9.515000E-01    1.191771E+02   -4.969836E+01   -2.824256E+02    0.000000E+00    0.000000E+00    0.000000E+00    1.236871E+02    2.884013E+02    1.452592E+00    0.000000E+00    0.000000E+00    0.000000E+00
9.525000E-01    1.167117E+02   -5.053714E+01   -2.919433E+02    0.000000E+00    0.000000E+00    0.000000E+00    1.286585E+02    2.963954E+02   -3.195507E-03    0.000000E+00    0.000000E+00    0.000000E+00
9.535000E-01    1.274785E+02   -5.578895E+01   -2.667892E+02    0.000000E+00    0.000000E+00    0.000000E+00    1.253506E+02    2.883184E+02   -4.910570E-01    0.000000E+00    0.000000E+00    0.000000E+00
9.545000E-01    1.234870E+02   -4.908965E+01   -2.873621E+02    0.000000E+00    0.000000E+00    0.000000E+00    1.282280E+02    3.033243E+02    3.127858E+00    0.000000E+00    0.000000E+00    0.000000E+00
9.555000E-01    1.447874E+02   -6.451382E+01   -2.523672E+02    0.000000E+00    0.000000E+00    0.000000E+00    1.294011E+02    2.955366E+02   -1.471640E+00    0.000000E+00    0.000000E+00    0.000000E+00
9.565000E-01    1.556655E+02   -6.287695E+01   -2.489609E+02    0.000000E+00    0.000000E+00    0.000000E+00    1.284824E+02    3.043967E+02    3.216857E+00    0.000000E+00    0.000000E+00    0.000000E+00
9.575000E-01    1.221183E+02   -4.978597E+01   -2.347742E+02    0.000000E+00    0.000000E+00    0.000000E+00    1.143647E+02    2.699091E+02    2.291122E+00    0.000000E+00    0.000000E+00    0.000000E+00
9.585000E-01    1.174310E+02   -5.290835E+01   -2.605195E+02    0.000000E+00    0.000000E+00    0.000000E+00    1.257618E+02    2.873428E+02   -1.600404E+00    0.000000E+00    0.000000E+00    0.000000E+00
9.595000E-01    9.864520E+01   -3.702827E+01   -2.207085E+02    0.000000E+00    0.000000E+00    0.000000E+00    1.014880E+02    2.447483E+02    4.221180E+00    0.000000E+00    0.000000E+00    0.000000E+00
9.605000E-01    1.185625E+02   -4.800077E+01   -2.480987E+02    0.000000E+00    0.000000E+00    0.000000E+00    1.194911E+02    2.823737E+02    2.520660E+00    0.000000E+00    0.000000E+00    0.000000E+00
9.615000E-01    1.075142E+02   -5.027948E+01   -2.639844E+02    0.000000E+00    0.000000E+00    0.000000E+00    1.272586E+02    2.876497E+02   -2.902142E+00    0.000000E+00    0.000000E+00    0.000000E+00
9.625000E-01    1.240243E+02   -5.186630E+01   -2.554366E+02    0.000000E+00    0.000000E+00    0.000000E+00    1.265236E+02    2.961301E+02    1.341088E+00    0.000000E+00    0.000000E+00    0.000000E+00
9.635000E-01    1.124971E+02   -4.808138E+01   -2.466563E+02    0.000000E+00    0.000000E+00    0.000000E+00    1.214952E+02    2.826988E+02    4.114828E-01    0.000000E+00    0.000000E+00    0.000000E+00
9.645000E-01    1.329498E+02   -5.372354E+01   -2.279356E+02    0.000000E+00    0.000000E+00    0.000000E+00    1.206011E+02    2.866918E+02    2.863485E+00    0.000000E+00    0.000000E+00    0.000000E+00
9.655000E-01    1.078146E+02   -4.779671E+01   -2.463808E+02    0.000000E+00    0.000000E+00    0.000000E+00    1.224934E+02    2.825124E+02   -1.074951E+00    0.000000E+00    0.000000E+00    0.000000E+00
9.665000E-01    1.290051E+02   -5.345838E+01   -2.207300E+02    0.000000E+00    0.000000E+00    0.000000E+00    1.193982E+02    2.811222E+02    1.616176E+00    0.000000E+00    0.000000E+00    0.000000E+00
9.675000E-01    1.230660E+02   -5.563195E+01   -2.471225E+02    0.000000E+00    0.000000E+00    0.000000E+00    1.304053E+02    2.986802E+02   -2.251319E+00    0.000000E+00    0.000000E+00    0.000000E+00
9.685000E-01    1.337804E+02   -5.239780E+01   -2.230197E+02    0.000000E+00    0.000000E+00    0.000000E+00    1.204284E+02    2.898937E+02    4.122051E+00    0.000000E+00    0.000000E+00    0.000000E+00
9.695000E-01    1.308433E+02   -5.872671E+01   -2.311960E+02    0.000000E+00    0.000000E+00    0.000000E+00    1.290541E+02    2.962793E+02   -2.128539E+00    0.000000E+00    0.000000E+00    0.000000E+00
9.705000E-01    1.286015E+02   -5.490879E+01   -2.258498E+02    0.000000E+00    0.000000E+00    0.000000E+00    1.247331E+02    2.919064E+02    1.258996E-01    0.000000E+00    0.000000E+00    0.000000E+00
9.715000E-01    1.493137E+02   -5.612282E+01   -1.889421E+02    0.000000E+00    0.000000E+00    0.000000E+00    1.133320E+02    2.801486E+02    6.299810E+00    0.000000E+00    0.000000E+00    0.000000E+00
9.725000E-01    1.194527E+02   -5.051520E+01   -2.321336E+02    0.000000E+00    0.000000E+00    0.000000E+00    1.243708E+02    2.920375E+02    4.230745E-01    0.000000E+00    0.000000E+00    0.000000E+00
9.735000E-01    1.113934E+02   -4.917703E+01   -2.235165E+02    0.000000E+00    0.000000E+00    0.000000E+00    1.209047E+02    2.800143E+02   -1.367042E+00    0.000000E+00    0.000000E+00    0.000000E+00
9.745000E-01    1.165151E+02   -4.882853E+01   -2.233826E+02    0.000000E+00    0.000000E+00    0.000000E+00    1.208313E+02    2.847278E+02    6.805933E-01    0.000000E+00    0.000000E+00    0.000000E+00
9.755000E-01    1.201703E+02   -4.605166E+01   -2.191837E+02    0.000000E+00    0.000000E+00    0.000000E+00    1.177122E+02    2.861302E+02    4.354340E+00    0.000000E+00    0.000000E+00    0.000000E+00
9.765000E-01    1.231621E+02   -5.011426E+01   -2.117459E+02    0.000000E+00    0.000000E+00    0.000000E+00    1.187646E+02    2.836208E+02    1.978426E+00    0.000000E+00    0.000000E+00    0.000000E+00
9.775000E-01    9.857963E+01   -4.347736E+01   -2.301620E+02    0.000000E+00    0.000000E+00    0.000000E+00    1.206165E+02    2.804255E+02   -1.305410E+00    0.000000E+00    0.000000E+00    0.000000E+00
9.785000E-01    1.242150E+02   -4.965513E+01   -2.123732E+02    0.000000E+00    0.000000E+00    0.000000E+00    1.200398E+02    2.886837E+02    2.701146E+00    0.000000E+00    0.000000E+00    0.000000E+00
9.795000E-01    1.114164E+02   -4.856677E+01   -2.119995E+02    0.000000E+00    0.000000E+00    0.000000E+00    1.190832E+02    2.782469E+02   -1.145296E+00    0.000000E+00    0.000000E+00    0.000000E+00
9.805000E-01    1.099166E+02   -4.369718E+01   -2.003874E+02    0.000000E+00    0.000000E+00    0.000000E+00    1.114855E+02    2.685308E+02    2.528449E+00    0.000000E+00    0.000000E+00    0.000000E+00
9.815000E-01    1.199274E+02   -5.728737E+01   -2.485792E+02    0.000000E+00    0.000000E+00    0.000000E+00    1.412064E+02    3.201188E+02   -5.571362E+00    0.000000E+00    0.000000E+00    0.000000E+00
9.825000E-01    1.251060E+02   -4.959001E+01   -2.201402E+02    0.000000E+00    0.000000E+00    0.000000E+00    1.247714E+02    3.013642E+02    3.030455E+00    0.000000E+00    0.000000E+00    0.000000E+00
9.835000E-01    1.382854E+02   -5.558102E+01   -2.314563E+02    0.000000E+00    0.000000E+00    0.000000E+00    1.346487E+02    3.243601E+02    2.613147E+00    0.000000E+00    0.000000E+00    0.000000E+00
9.845000E-01    1.190883E+02   -5.335676E+01   -2.043986E+02    0.000000E+00    0.000000E+00    0.000000E+00    1.233503E+02    2.859575E+02   -2.641714E+00    0.000000E+00    0.000000E+00    0.000000E+00
9.855000E-01    1.198797E+02   -5.202351E+01   -1.769732E+02    0.000000E+00    0.000000E+00    0.000000E+00    1.124155E+02    2.636388E+02   -1.177862E+00    0.000000E+00    0.000000E+00    0.000000E+00
9.865000E-01    1.126209E+02   -4.166874E+01   -2.353633E+02    0.000000E+00    0.000000E+00    0.000000E+00    1.254552E+02    3.096088E+02    5.309319E+00    0.000000E+00    0.000000E+00    0.000000E+00
9.875000E-01    1.190481E+02   -5.477872E+01   -2.017806E+02    0.000000E+00    0.000000E+00    0.000000E+00    1.250076E+02    2.874712E+02   -4.181959E+00    0.000000E+00    0.000000E+00    0.000000E+00
9.885000E-01    1.212645E+02   -5.069626E+01   -2.231452E+02    0.000000E+00    0.000000E+00    0.000000E+00    1.298277E+02    3.092168E+02    3.023295E-01    0.000000E+00    0.000000E+00    0.000000E+00
9.895000E-01    1.050447E+02   -4.507680E+01   -2.078356E+02    0.000000E+00    0.000000E+00    0.000000E+00    1.196698E+02    2.829256E+02   -7.378086E-01    0.000000E+00    0.000000E+00    0.000000E+00
9.905000E-01    1.237317E+02   -4.842059E+01   -1.706825E+02    0.000000E+00    0.000000E+00    0.000000E+00    1.087357E+02    2.668550E+02    3.237553E+00    0.000000E+00    0.000000E+00    0.000000E+00
9.915000E-01    1.121928E+02   -4.904862E+01   -1.999782E+02    0.000000E+00    0.000000E+00    0.000000E+00    1.211646E+02    2.848115E+02   -1.841444E+00    0.000000E+00    0.000000E+00    0.000000E+00
9.925000E-01    1.085234E+02   -4.820846E+01   -2.121558E+02    0.000000E+00    0.000000E+00    0.000000E+00    1.251879E+02    2.931341E+02   -2.497679E+00    0.000000E+00    0.000000E+00    0.000000E+00
9.935000E-01    1.219646E+02   -5.061732E+01   -2.065387E+02    0.000000E+00    0.000000E+00    0.000000E+00    1.258628E+02    3.018758E+02    3.318825E-01    0.000000E+00    0.000000E+00    0.000000E+00
9.945000E-01    1.071878E+02   -4.362758E+01   -2.367843E+02    0.000000E+00    0.000000E+00    0.000000E+00    1.312834E+02    3.167717E+02    1.079261E+00    0.000000E+00    0.000000E+00    0.000000E+00
9.955000E-01    9.784765E+01   -4.992109E+01   -2.310085E+02    0.000000E+00    0.000000E+00    0.000000E+00    1.354957E+02    3.052230E+02   -8.531863E+00    0.000000E+00    0.000000E+00    0.000000E+00
9.965000E-01    1.164537E+02   -4.413394E+01   -2.066181E+02    0.000000E+00    0.000000E+00    0.000000E+00    1.210238E+02    3.001999E+02    4.099565E+00    0.000000E+00    0.000000E+00    0.000000E+00
9.975000E-01    1.280919E+02   -4.803549E+01   -2.120636E+02    0.000000E+00    0.000000E+00    0.000000E+00    1.270840E+02    3.171417E+02    4.973610E+00    0.000000E+00    0.000000E+00    0.000000E+00
9.985000E-01    1.144655E+02   -5.725574E+01   -2.106933E+02    0.000000E+00    0.000000E+00    0.000000E+00    1.355120E+02    3.055229E+02   -9.288394E+00    0.000000E+00    0.000000E+00    0.000000E+00
9.995000E-01    1.667045E+02   -5.696975E+01   -1.695999E+02    0.000000E+00    0.000000E+00    0.000000E+00    1.198987E+02    3.163958E+02    1.150748E+01    0.000000E+00    0.000000E+00    0.000000E+00
1.000500E+00    1.133867E+02   -5.085640E+01   -1.844432E+02    0.000000E+00    0.000000E+00    0.000000E+00    1.199863E+02    2.811450E+02   -3.652269E+00    0.000000E+00    0.000000E+00    0.000000E+00
1.001500E+00    1.331697E+02   -5.814395E+01   -2.188934E+02    0.000000E+00    0.000000E+00    0.000000E+00    1.408887E+02    3.340544E+02   -2.963054E+00    0.000000E+00    0.000000E+00    0.000000E+00
1.002500E+00    1.247491E+02   -3.899023E+01   -1.782112E+02    0.000000E+00    0.000000E+00    0.000000E+00    1.075392E+02    2.886615E+02    1.215099E+01    0.000000E+00    0.000000E+00    0.000000E+00
1.003500E+00    1.048561E+02   -6.040184E+01   -2.069871E+02    0.000000E+00    0.000000E+00    0.000000E+00    1.387880E+02    2.977754E+02   -1.653132E+01    0.000000E+00    0.000000E+00    0.000000E+00
1.004500E+00    1.693499E+02   -5.825651E+01   -1.784623E+02    0.000000E+00    0.000000E+00    0.000000E+00    1.261810E+02    3.327580E+02    1.116459E+01    0.000000E+00    0.000000E+00    0.000000E+00
1.005500E+00    8.686794E+01   -3.397730E+01   -1.637742E+02    0.000000E+00    0.000000E+00    0.000000E+00    9.760732E+01    2.414087E+02    1.840381E+00    0.000000E+00    0.000000E+00    0.000000E+00
1.006500E+00    1.422200E+02   -5.980276E+01   -1.804323E+02    0.000000E+00    0.000000E+00    0.000000E+00    1.291813E+02    3.122353E+02   -1.514783E+00    0.000000E+00    0.000000E+00    0.000000E+00
1.007500E+00    1.413454E+02   -5.249733E+01   -1.637694E+02    0.000000E+00    0.000000E+00    0.000000E+00    1.156233E+02    2.949333E+02    5.367218E+00    0.000000E+00    0.000000E+00    0.000000E+00
1.008500E+00    1.336858E+02   -5.454676E+01   -1.519734E+02    0.000000E+00    0.000000E+00    0.000000E+00    1.128524E+02    2.759522E+02    2.428429E-01    0.000000E+00    0.000000E+00    0.000000E+00
1.009500E+00    1.407176E+02   -4.933944E+01   -1.587140E+02    0.000000E+00    0.000000E+00    0.000000E+00    1.110252E+02    2.912335E+02    8.041118E+00    0.000000E+00    0.000000E+00    0.000000E+00
1.010500E+00    1.217480E+02   -4.900828E+01   -1.677269E+02    0.000000E+00    0.000000E+00    0.000000E+00    1.142243E+02    2.813172E+02    8.456157E-01    0.000000E+00    0.000000E+00    0.000000E+00
1.011500E+00    1.081328E+02   -5.163650E+01   -1.719689E+02    0.000000E+00    0.000000E+00    0.000000E+00    1.189274E+02    2.741156E+02   -7.503311E+00    0.000000E+00    0.000000E+00    0.000000E+00
1.012500E+00    1.204210E+02   -4.071566E+01   -1.789863E+02    0.000000E+00    0.000000E+00    0.000000E+00    1.113431E+02    2.929936E+02    8.353514E+00    0.000000E+00    0.000000E+00    0.000000E+00
1.013500E+00    1.074334E+02   -5.354468E+01   -1.379841E+02    0.000000E+00    0.000000E+00    0.000000E+00    1.071689E+02    2.405169E+02   -9.879468E+00    0.000000E+00    0.000000E+00    0.000000E+00
1.014500E+00    1.442640E+02   -4.557463E+01   -1.691386E+02    0.000000E+00    0.000000E+00    0.000000E+00    1.124869E+02    3.079431E+02    1.300208E+01    0.000000E+00    0.000000E+00    0.000000E+00
1.015500E+00    1.319184E+02   -6.020040E+01   -1.623142E+02    0.000000E+00    0.000000E+00    0.000000E+00    1.236790E+02    2.896323E+02   -6.828227E+00    0.000000E+00    0.000000E+00    0.000000E+00
1.016500E+00    1.288696E+02   -5.102703E+01   -1.643747E+02    0.000000E+00    0.000000E+00    0.000000E+00    1.160394E+02    2.895600E+02    1.142137E+00    0.000000E+00    0.000000E+00    0.000000E+00
1.017500E+00    9.844810E+01   -3.959306E+01   -1.389434E+02    0.000000E+00    0.000000E+00    0.000000E+00    9.471295E+01    2.349180E+02    1.014807E-01    0.000000E+00    0.000000E+00    0.000000E+00
1.018500E+00    1.296266E+02   -5.179564E+01   -1.767401E+02    0.000000E+00    0.000000E+00    0.000000E+00    1.220284E+02    3.039330E+02    4.019826E-01    0.000000E+00    0.000000E+00    0.000000E+00
1.019500E+00    1.015704E+02   -4.304451E+01   -1.610740E+02    0.000000E+00    0.000000E+00    0.000000E+00    1.073158E+02    2.614879E+02   -2.194988E+00    0.000000E+00    0.000000E+00    0.000000E+00
1.020500E+00    1.233960E+02   -5.761443E+01   -1.931514E+02    0.000000E+00    0.000000E+00    0.000000E+00    1.346340E+02    3.157556E+02   -8.193838E+00    0.000000E+00    0.000000E+00    0.000000E+00
1.021500E+00    1.151618E+02   -3.791157E+01   -1.581404E+02    0.000000E+00    0.000000E+00    0.000000E+00    1.014598E+02    2.731165E+02    8.356471E+00    0.000000E+00    0.000000E+00    0.000000E+00
1.022500E+00    9.989352E+01   -4.379175E+01   -1.571011E+02    0.000000E+00    0.000000E+00    0.000000E+00    1.069790E+02    2.584306E+02   -3.986352E+00    0.000000E+00    0.000000E+00    0.000000E+00
1.023500E+00    9.202217E+01   -4.416003E+01   -1.525048E+02    0.000000E+00    0.000000E+00    0.000000E+00    1.054822E+02    2.462847E+02   -7.682224E+00    0.000000E+00    0.000000E+00    0.000000E+00
1.024500E+00    1.237215E+02   -5.121671E+01   -1.537971E+02    0.000000E+00    0.000000E+00    0.000000E+00    1.130668E+02    2.794279E+02   -1.997875E+00    0.000000E+00    0.000000E+00    0.000000E+00
1.025500E+00    1.271569E+02   -5.208990E+01   -1.513170E+02    0.000000E+00    0.000000E+00    0.000000E+00    1.128507E+02    2.803694E+02   -1.624274E+00    0.000000E+00    0.000000E+00    0.000000E+00
1.026500E+00    1.253936E+02   -4.388635E+01   -1.379769E+02    0.000000E+00    0.000000E+00    0.000000E+00    9.954839E+01    2.655721E+02    6.028933E+00    0.000000E+00    0.000000E+00    0.000000E+00
1.027500E+00    9.766181E+01   -4.423230E+01   -1.428071E+02    0.000000E+00    0.000000E+00    0.000000E+00    1.019203E+02    2.434406E+02   -5.700625E+00    0.000000E+00    0.000000E+00    0.000000E+00
1.028500E+00    8.882035E+01   -4.493501E+01   -1.338403E+02    0.000000E+00    0.000000E+00    0.000000E+00    9.912023E+01    2.264755E+02   -1.014442E+01    0.000000E+00    0.000000E+00    0.000000E+00
1.029500E+00    1.025566E+02   -3.581770E+01   -1.585696E+02    0.000000E+00    0.000000E+00    0.000000E+00    1.002007E+02    2.653632E+02    4.916230E+00    0.000000E+00    0.000000E+00    0.000000E+00
1.030500E+00    1.053045E+02   -4.572339E+01   -1.443634E+02    0.000000E+00    0.000000E+00    0.000000E+00    1.041059E+02    2.543176E+02   -4.522628E+00    0.000000E+00    0.000000E+00    0.000000E+00
1.031500E+00    1.051475E+02   -4.407797E+01   -1.670507E+02    0.000000E+00    0.000000E+00    0.000000E+00    1.115971E+02    2.775347E+02   -2.941796E+00    0.000000E+00    0.000000E+00    0.000000E+00
1.032500E+00    1.018412E+02   -5.105698E+01   -1.551666E+02    0.000000E+00    0.000000E+00    0.000000E+00    1.137568E+02    2.624681E+02   -1.163681E+01    0.000000E+00    0.000000E+00    0.000000E+00
1.033500E+00    1.206620E+02   -4.269791E+01   -1.448791E+02    0.000000E+00    0.000000E+00    0.000000E+00    1.012988E+02    2.715757E+02    4.363287E+00    0.000000E+00    0.000000E+00    0.000000E+00
1.034500E+00    9.224880E+01   -5.508634E+01   -1.354876E+02    0.000000E+00    0.000000E+00    0.000000E+00    1.100038E+02    2.332582E+02   -1.983262E+01    0.000000E+00    0.000000E+00    0.000000E+00
1.035500E+00    1.076703E+02   -2.803400E+01   -1.393983E+02    0.000000E+00    0.000000E+00    0.000000E+00    8.484909E+01    2.535422E+02    1.444567E+01    0.000000E+00    0.000000E+00    0.000000E+00
1.036500E+00    1.199359E+02   -5.049130E+01   -1.612065E+02    0.000000E+00    0.000000E+00    0.000000E+00    1.158756E+02    2.885631E+02   -4.116470E+00    0.000000E+00    0.000000E+00    0.000000E+00
1.037500E+00    1.228140E+02   -5.394789E+01   -1.456404E+02    0.000000E+00    0.000000E+00    0.000000E+00    1.130233E+02    2.759350E+02   -6.928698E+00    0.000000E+00    0.000000E+00    0.000000E+00
1.038500E+00    1.024350E+02   -4.874823E+01   -1.646732E+02    0.000000E+00    0.000000E+00    0.000000E+00    1.155134E+02    2.751117E+02   -9.586068E+00    0.000000E+00    0.000000E+00    0.000000E+00
1.039500E+00    1.103189E+02   -3.531478E+01   -1.367928E+02    0.000000E+00    0.000000E+00    0.000000E+00    9.072705E+01    2.549608E+02    7.365363E+00    0.000000E+00    0.000000E+00    0.000000E+00
1.040500E+00    1.143997E+02   -5.466527E+01   -1.355932E+02    0.000000E+00    0.000000E+00    0.000000E+00    1.095996E+02    2.577800E+02   -1.143235E+01    0.000000E+00    0.000000E+00    0.000000E+00
1.041500E+00    1.358567E+02   -4.884233E+01   -1.563915E+02    0.000000E+00    0.000000E+00    0.000000E+00    1.121321E+02    3.022843E+02    3.018180E+00    0.000000E+00    0.000000E+00    0.000000E+00
1.042500E+00    1.535639E+02   -4.446129E+01   -1.541529E+02    0.000000E+00    0.000000E+00    0.000000E+00    1.066915E+02    3.180388E+02    1.464660E+01    0.000000E+00    0.000000E+00    0.000000E+00
1.043500E+00    1.443801E+02   -4.380788E+01   -1.460102E+02    0.000000E+00    0.000000E+00    0.000000E+00    1.026594E+02    2.999075E+02    1.163290E+01    0.000000E+00    0.000000E+00    0.000000E+00
1.044500E+00    1.537666E+02   -4.225768E+01   -1.510269E+02    0.000000E+00    0.000000E+00    0.000000E+00    1.029112E+02    3.154180E+02    1.668030E+01    0.000000E+00    0.000000E+00    0.000000E+00
1.045500E+00    1.414593E+02   -3.329156E+01   -1.386230E+02    0.000000E+00    0.000000E+00    0.000000E+00    8.921959E+01    2.906631E+02    2.100420E+01    0.000000E+00    0.000000E+00    0.000000E+00
1.046500E+00    1.017456E+02   -3.497100E+01   -1.127651E+02    0.000000E+00    0.000000E+00    0.000000E+00    8.051174E+01    2.220182E+02    3.861670E+00    0.000000E+00    0.000000E+00    0.000000E+00
1.047500E+00    9.147230E+01   -3.727352E+01   -1.121473E+02    0.000000E+00    0.000000E+00    0.000000E+00    8.249908E+01    2.117295E+02   -2.995612E+00    0.000000E+00    0.000000E+00    0.000000E+00
1.048500E+00    8.189551E+01   -3.354785E+01   -1.066861E+02    0.000000E+00    0.000000E+00    0.000000E+00    7.663470E+01    1.959547E+02   -2.825344E+00    0.000000E+00    0.000000E+00    0.000000E+00
1.049500E+00    8.046161E+01   -2.557588E+01   -9.430503E+01    0.000000E+00    0.000000E+00    0.000000E+00    6.352126E+01    1.816547E+02    4.954354E+00    0.000000E+00    0.000000E+00    0.000000E+00
1.050500E+00    1.046020E+02   -4.611557E+01   -1.259412E+02    0.000000E+00    0.000000E+00    0.000000E+00    9.681681E+01    2.393944E+02   -7.265007E+00    0.000000E+00    0.000000E+00    0.000000E+00
1.051500E+00    9.360449E+01   -3.755986E+01   -1.192551E+02    0.000000E+00    0.000000E+00    0.000000E+00    8.548033E+01    2.215615E+02   -2.683630E+00    0.000000E+00    0.000000E+00    0.000000E+00
1.052500E+00    8.346571E+01   -2.993877E+01   -9.616157E+01    0.000000E+00    0.000000E+00    0.000000E+00    6.841883E+01    1.868264E+02    1.292462E+00    0.000000E+00    0.000000E+00    0.000000E+00
1.053500E+00    8.963624E+01   -2.756924E+01   -1.080753E+02    0.000000E+00    0.000000E+00    0.000000E+00    7.049410E+01    2.061298E+02    5.974803E+00    0.000000E+00    0.000000E+00    0.000000E+00
1.054500E+00    7.918963E+01   -3.638643E+01   -9.944682E+01    0.000000E+00    0.000000E+00    0.000000E+00    7.613637E+01    1.863398E+02   -7.547919E+00    0.000000E+00    0.000000E+00    0.000000E+00
1.055500E+00    1.160124E+02   -4.105989E+01   -1.457477E+02    0.000000E+00    0.000000E+00    0.000000E+00    9.898829E+01    2.731745E+02    1.872662E+00    0.000000E+00    0.000000E+00    0.000000E+00
1.056500E+00    9.800917E+01   -5.326209E+01   -1.092471E+02    0.000000E+00    0.000000E+00    0.000000E+00    9.707442E+01    2.156486E+02   -1.809445E+01    0.000000E+00    0.000000E+00    0.000000E+00
1.057500E+00    9.878356E+01   -3.651764E+01   -1.219411E+02    0.000000E+00    0.000000E+00    0.000000E+00    8.462648E+01    2.307108E+02   -4.938144E-01    0.000000E+00    0.000000E+00    0.000000E+00
1.058500E+00    1.263150E+02   -5.357001E+01   -1.547853E+02    0.000000E+00    0.000000E+00    0.000000E+00    1.148039E+02    2.932476E+02   -7.748276E+00    0.000000E+00    0.000000E+00    0.000000E+00
1.059500E+00    1.189000E+02   -5.809427E+01   -1.348663E+02    0.000000E+00    0.000000E+00    0.000000E+00    1.117742E+02    2.647155E+02   -1.555577E+01    0.000000E+00    0.000000E+00    0.000000E+00
1.060500E+00    1.271876E+02   -4.280808E+01   -1.349282E+02    0.000000E+00    0.000000E+00    0.000000E+00    9.531033E+01    2.733375E+02    3.209674E+00    0.000000E+00    0.000000E+00    0.000000E+00
1.061500E+00    1.117888E+02   -6.434054E+01   -1.320395E+02    0.000000E+00    0.000000E+00    0.000000E+00    1.169012E+02    2.545294E+02   -2.516575E+01    0.000000E+00    0.000000E+00    0.000000E+00
1.062500E+00    1.056246E+02   -3.737277E+01   -1.264141E+02    0.000000E+00    0.000000E+00    0.000000E+00    8.673533E+01    2.424705E+02    7.061791E-01    0.000000E+00    0.000000E+00    0.000000E+00
1.063500E+00    1.254786E+02   -4.599956E+01   -1.427628E+02    0.000000E+00    0.000000E+00    0.000000E+00    1.009445E+02    2.801924E+02   -1.444636E+00    0.000000E+00    0.000000E+00    0.000000E+00
1.064500E+00    1.072120E+02   -3.475156E+01   -1.078335E+02    0.000000E+00    0.000000E+00    0.000000E+00    7.603553E+01    2.241936E+02    3.523854E+00    0.000000E+00    0.000000E+00    0.000000E+00
1.065500E+00    1.086937E+02   -3.556384E+01   -1.329951E+02    0.000000E+00    0.000000E+00    0.000000E+00    8.645026E+01    2.527576E+02    3.164953E+00    0.000000E+00    0.000000E+00    0.000000E+00
1.066500E+00    1.116588E+02   -5.738966E+01   -1.183664E+02    0.000000E+00    0.000000E+00    0.000000E+00    1.034914E+02    2.397372E+02   -1.873725E+01    0.000000E+00    0.000000E+00    0.000000E+00
1.067500E+00    1.216675E+02   -7.143902E+01   -1.412664E+02    0.000000E+00    0.000000E+00    0.000000E+00    1.264788E+02    2.748478E+02   -3.022151E+01    0.000000E+00    0.000000E+00    0.000000E+00
1.068500E+00    8.449929E+01   -2.667729E+01   -1.005535E+02    0.000000E+00    0.000000E+00    0.000000E+00    6.483261E+01    1.932772E+02    3.207856E+00    0.000000E+00    0.000000E+00    0.000000E+00
1.069500E+00    9.264448E+01   -5.500888E+01   -1.018788E+02    0.000000E+00    0.000000E+00    0.000000E+00    9.425387E+01    2.031032E+02   -2.394916E+01    0.000000E+00    0.000000E+00    0.000000E+00
1.070500E+00    6.634071E+01   -3.134500E+01   -7.132566E+01    0.000000E+00    0.000000E+00    0.000000E+00    5.807537E+01    1.436399E+02   -9.100657E+00    0.000000E+00    0.000000E+00    0.000000E+00
1.071500E+00    7.969049E+01   -2.231044E+01   -9.642903E+01    0.000000E+00    0.000000E+00    0.000000E+00    5.810554E+01    1.841656E+02    5.535620E+00    0.000000E+00    0.000000E+00    0.000000E+00
1.072500E+00    8.964761E+01   -1.137168E+01   -1.240854E+02    0.000000E+00    0.000000E+00    0.000000E+00    5.659948E+01    2.239207E+02    2.052316E+01    0.000000E+00    0.000000E+00    0.000000E+00
1.073500E+00    9.283289E+01   -1.313871E+01   -9.493247E+01    0.000000E+00    0.000000E+00    0.000000E+00    4.671746E+01    1.955527E+02    1.906100E+01    0.000000E+00    0.000000E+00    0.000000E+00
1.074500E+00    9.823684E+01   -4.778560E+01   -1.197407E+02    0.000000E+00    0.000000E+00    0.000000E+00    9.268328E+01    2.277108E+02   -1.485919E+01    0.000000E+00    0.000000E+00    0.000000E+00
1.075500E+00    9.296110E+01   -4.890754E+01   -1.022763E+02    0.000000E+00    0.000000E+00    0.000000E+00    8.682979E+01    2.035390E+02   -1.853206E+01    0.000000E+00    0.000000E+00    0.000000E+00
1.076500E+00    1.100864E+02   -4.632928E+01   -1.183686E+02    0.000000E+00    0.000000E+00    0.000000E+00    8.963227E+01    2.381287E+02   -9.846169E+00    0.000000E+00    0.000000E+00    0.000000E+00
1.077500E+00    9.258650E+01   -4.279940E+01   -1.167104E+02    0.000000E+00    0.000000E+00    0.000000E+00    8.527319E+01    2.185998E+02   -1.244912E+01    0.000000E+00    0.000000E+00    0.000000E+00
1.078500E+00    1.323949E+02   -3.571370E+01   -1.445212E+02    0.000000E+00    0.000000E+00    0.000000E+00    8.752417E+01    2.883521E+02    9.095939E+00    0.000000E+00    0.000000E+00    0.000000E+00
1.079500E+00    1.218187E+02   -5.728177E+01   -1.439378E+02    0.000000E+00    0.000000E+00    0.000000E+00    1.086897E+02    2.772091E+02   -1.824515E+01    0.000000E+00    0.000000E+00    0.000000E+00
1.080500E+00    1.229949E+02   -5.635025E+01   -1.408865E+02    0.000000E+00    0.000000E+00    0.000000E+00    1.068317E+02    2.747641E+02   -1.666049E+01    0.000000E+00    0.000000E+00    0.000000E+00
1.081500E+00    1.252507E+02   -2.575926E+01   -1.319956E+02    0.000000E+00    0.000000E+00    0.000000E+00    7.134178E+01    2.672970E+02    1.586343E+01    0.000000E+00    0.000000E+00    0.000000E+00
1.082500E+00    1.349867E+02   -9.065235E+01   -1.500391E+02    0.000000E+00    0.000000E+00    0.000000E+00    1.449070E+02    2.972475E+02   -4.928056E+01    0.000000E+00    0.000000E+00    0.000000E+00
1.083500E+00    1.129838E+02   -5.076509E+01   -1.171316E+02    0.000000E+00    0.000000E+00    0.000000E+00    9.126419E+01    2.388966E+02   -1.559541E+01    0.000000E+00    0.000000E+00    0.000000E+00
1.084500E+00    1.362893E+02   -7.758864E+01   -1.234295E+02    0.000000E+00    0.000000E+00    0.000000E+00    1.211383E+02    2.691325E+02   -3.589751E+01    0.000000E+00    0.000000E+00    0.000000E+00
1.085500E+00    1.052734E+02   -4.331639E+01   -1.206930E+02    0.000000E+00    0.000000E+00    0.000000E+00    8.430268E+01    2.350402E+02   -1.069185E+01    0.000000E+00    0.000000E+00    0.000000E+00
1.086500E+00    1.015681E+02   -3.739688E+01   -1.069318E+02    0.000000E+00    0.000000E+00    0.000000E+00    7.339183E+01    2.165517E+02   -5.852474E+00    0.000000E+00    0.000000E+00    0.000000E+00
1.087500E+00    1.019094E+02   -5.047484E+01   -9.880831E+01    0.000000E+00    0.000000E+00    0.000000E+00    8.365307E+01    2.080448E+02   -2.000227E+01    0.000000E+00    0.000000E+00    0.000000E+00
1.088500E+00    8.953521E+01   -3.212413E+01   -1.095910E+02    0.000000E+00    0.000000E+00    0.000000E+00    6.790498E+01    2.068525E+02   -5.066155E+00    0.000000E+00    0.000000E+00    0.000000E+00
1.089500E+00    7.379342E+01   -3.023015E+01   -8.209860E+01    0.000000E+00    0.000000E+00    0.000000E+00    5.667824E+01    1.613838E+02   -8.343144E+00    0.000000E+00    0.000000E+00    0.000000E+00
1.090500E+00    9.150569E+01   -3.436748E+01   -8.628977E+01    0.000000E+00    0.000000E+00    0.000000E+00    6.223845E+01    1.835921E+02   -7.102230E+00    0.000000E+00    0.000000E+00    0.000000E+00
1.091500E+00    1.025634E+02   -4.673423E+01   -1.087512E+02    0.000000E+00    0.000000E+00    0.000000E+00    8.146976E+01    2.184997E+02   -1.701427E+01    0.000000E+00    0.000000E+00    0.000000E+00
1.092500E+00    1.086982E+02   -4.187919E+01   -1.185412E+02    0.000000E+00    0.000000E+00    0.000000E+00    7.908721E+01    2.348243E+02   -1.036699E+01    0.000000E+00    0.000000E+00    0.000000E+00
1.093500E+00    1.266474E+02   -5.190895E+01   -1.384113E+02    0.000000E+00    0.000000E+00    0.000000E+00    9.505247E+01    2.737724E+02   -1.569899E+01    0.000000E+00    0.000000E+00    0.000000E+00
1.094500E+00    1.094540E+02   -4.932294E+01   -1.046979E+02    0.000000E+00    0.000000E+00    0.000000E+00    8.172270E+01    2.204567E+02   -1.850345E+01    0.000000E+00    0.000000E+00    0.000000E+00
1.095500E+00    1.053728E+02   -4.121685E+01   -1.153101E+02    0.000000E+00    0.000000E+00    0.000000E+00    7.651016E+01    2.275383E+02   -1.132840E+01    0.000000E+00    0.000000E+00    0.000000E+00
1.096500E+00    1.083142E+02   -5.621665E+01   -1.154672E+02    0.000000E+00    0.000000E+00    0.000000E+00    9.109228E+01    2.305699E+02   -2.680043E+01    0.000000E+00    0.000000E+00    0.000000E+00
1.097500E+00    1.199863E+02   -5.045786E+01   -1.380318E+02    0.000000E+00    0.000000E+00    0.000000E+00    9.095152E+01    2.654275E+02   -1.804236E+01    0.000000E+00    0.000000E+00    0.000000E+00
1.098500E+00    1.205712E+02   -4.353136E+01   -1.379922E+02    0.000000E+00    0.000000E+00    0.000000E+00    8.324964E+01    2.655914E+02   -1.090561E+01    0.000000E+00    0.000000E+00    0.000000E+00
1.099500E+00    1.167204E+02   -5.263512E+01   -1.193842E+02    0.000000E+00    0.000000E+00    0.000000E+00    8.685762E+01    2.420074E+02   -2.188226E+01    0.000000E+00    0.000000E+00    0.000000E+00
1.100500E+00    1.127291E+02   -5.580578E+01   -1.123300E+02    0.000000E+00    0.000000E+00    0.000000E+00    8.737043E+01    2.302374E+02   -2.681758E+01    0.000000E+00    0.000000E+00    0.000000E+00
1.101500E+00    1.095357E+02   -4.089244E+01   -1.162002E+02    0.000000E+00    0.000000E+00    0.000000E+00    7.260871E+01    2.309684E+02   -1.274540E+01    0.000000E+00    0.000000E+00    0.000000E+00
1.102500E+00    1.199007E+02   -4.520615E+01   -1.211094E+02    0.000000E+00    0.000000E+00    0.000000E+00    7.788754E+01    2.463121E+02   -1.468550E+01    0.000000E+00    0.000000E+00    0.000000E+00
1.103500E+00    1.288841E+02   -5.936332E+01   -1.423477E+02    0.000000E+00    0.000000E+00    0.000000E+00    9.747865E+01    2.773667E+02   -2.738442E+01    0.000000E+00    0.000000E+00    0.000000E+00
1.104500E+00    1.072296E+02   -3.571251E+01   -1.132154E+02    0.000000E+00    0.000000E+00    0.000000E+00    6.482268E+01    2.247024E+02   -9.338197E+00    0.000000E+00    0.000000E+00    0.000000E+00
1.105500E+00    1.176844E+02   -3.850872E+01   -1.187377E+02    0.000000E+00    0.000000E+00    0.000000E+00    6.877296E+01    2.406100E+02   -9.736108E+00    0.000000E+00    0.000000E+00    0.000000E+00
1.106500E+00    1.066392E+02   -4.140801E+01   -1.212835E+02    0.000000E+00    0.000000E+00    0.000000E+00    7.147301E+01    2.322221E+02   -1.629350E+01    0.000000E+00    0.000000E+00    0.000000E+00
1.107500E+00    1.131606E+02   -4.828716E+01   -1.254769E+02    0.000000E+00    0.000000E+00    0.000000E+00    7.834839E+01    2.424757E+02   -2.252140E+01    0.000000E+00    0.000000E+00    0.000000E+00
1.108500E+00    1.015466E+02   -1.571663E+01   -1.175190E+02    0.000000E+00    0.000000E+00    0.000000E+00    4.283297E+01    2.221584E+02    7.645700E+00    0.000000E+00    0.000000E+00    0.000000E+00
1.109500E+00    1.183783E+02   -3.271331E+01   -1.170219E+02    0.000000E+00    0.000000E+00    0.000000E+00    6.029687E+01    2.384349E+02   -5.587196E+00    0.000000E+00    0.000000E+00    0.000000E+00
1.110500E+00    9.104756E+01   -3.471254E+01   -9.258629E+01    0.000000E+00    0.000000E+00    0.000000E+00    5.487615E+01    1.854917E+02   -1.538783E+01    0.000000E+00    0.000000E+00    0.000000E+00
1.111500E+00    1.072813E+02   -3.062667E+01   -1.302582E+02    0.000000E+00    0.000000E+00    0.000000E+00    5.910605E+01    2.404406E+02   -7.652568E+00    0.000000E+00    0.000000E+00    0.000000E+00
1.112500E+00    1.256421E+02   -2.455047E+01   -1.333319E+02    0.000000E+00    0.000000E+00    0.000000E+00    5.338142E+01    2.615955E+02    2.333271E+00    0.000000E+00    0.000000E+00    0.000000E+00
1.113500E+00    1.195691E+02   -2.506524E+01   -1.350145E+02    0.000000E+00    0.000000E+00    0.000000E+00    5.329827E+01    2.567033E+02   -1.994993E-01    0.000000E+00    0.000000E+00    0.000000E+00
1.114500E+00    8.876573E+01   -2.963750E+01   -1.054463E+02    0.000000E+00    0.000000E+00    0.000000E+00    5.076779E+01    1.957391E+02   -1.214718E+01    0.000000E+00    0.000000E+00    0.000000E+00
1.115500E+00    1.204152E+02   -3.594321E+01   -1.383725E+02    0.000000E+00    0.000000E+00    0.000000E+00    6.320795E+01    2.604626E+02   -1.256184E+01    0.000000E+00    0.000000E+00    0.000000E+00
1.116500E+00    1.108255E+02   -2.762024E+01   -1.279888E+02    0.000000E+00    0.000000E+00    0.000000E+00    5.157993E+01    2.395224E+02   -6.792322E+00    0.000000E+00    0.000000E+00    0.000000E+00
1.117500E+00    1.408257E+02   -3.277208E+01   -1.566182E+02    0.000000E+00    0.000000E+00    0.000000E+00    6.240606E+01    2.982956E+02   -6.209771E+00    0.000000E+00    0.000000E+00    0.000000E+00
1.118500E+00    1.242013E+02   -5.166372E+01   -1.404476E+02    0.000000E+00    0.000000E+00    0.000000E+00    7.652601E+01    2.647305E+02   -2.978389E+01    0.000000E+00    0.000000E+00    0.000000E+00
1.119500E+00    1.359651E+02   -3.987724E+01   -1.416406E+02    0.000000E+00    0.000000E+00    0.000000E+00    6.425504E+01    2.769900E+02   -1.623244E+01    0.000000E+00    0.000000E+00    0.000000E+00
1.120500E+00    1.220688E+02   -3.612668E+01   -1.274126E+02    0.000000E+00    0.000000E+00    0.000000E+00    5.735354E+01    2.485301E+02   -1.552629E+01    0.000000E+00    0.000000E+00    0.000000E+00
1.121500E+00    1.042549E+02   -2.863409E+01   -1.370229E+02    0.000000E+00    0.000000E+00    0.000000E+00    5.053955E+01    2.406871E+02   -1.168345E+01    0.000000E+00    0.000000E+00    0.000000E+00
1.122500E+00    1.080752E+02   -3.833430E+01   -1.121356E+02    0.000000E+00    0.000000E+00    0.000000E+00    5.501887E+01    2.185807E+02   -2.160091E+01    0.000000E+00    0.000000E+00    0.000000E+00
1.123500E+00    1.160423E+02   -2.441851E+01   -1.372924E+02    0.000000E+00    0.000000E+00    0.000000E+00    4.474871E+01    2.515279E+02   -6.800497E+00    0.000000E+00    0.000000E+00    0.000000E+00
1.124500E+00    1.084500E+02   -2.967453E+01   -1.273532E+02    0.000000E+00    0.000000E+00    0.000000E+00    4.695433E+01    2.335403E+02   -1.426846E+01    0.000000E+00    0.000000E+00    0.000000E+00
1.125500E+00    1.103108E+02   -2.893479E+01   -1.273161E+02    0.000000E+00    0.000000E+00    0.000000E+00    4.541737E+01    2.348799E+02   -1.390580E+01    0.000000E+00    0.000000E+00    0.000000E+00
1.126500E+00    1.179215E+02   -3.680009E+01   -1.324439E+02    0.000000E+00    0.000000E+00    0.000000E+00    5.327262E+01    2.470707E+02   -2.115217E+01    0.000000E+00    0.000000E+00    0.000000E+00
1.127500E+00    1.192496E+02   -2.496305E+01   -1.333723E+02    0.000000E+00    0.000000E+00    0.000000E+00    4.042342E+01    2.485533E+02   -1.022737E+01    0.000000E+00    0.000000E+00    0.000000E+00
1.128500E+00    1.182567E+02   -2.737476E+01   -1.423992E+02    0.000000E+00    0.000000E+00    0.000000E+00    4.302509E+01    2.564826E+02   -1.346375E+01    0.000000E+00    0.000000E+00    0.000000E+00
1.129500E+00    1.251373E+02   -2.142510E+01   -1.440433E+02    0.000000E+00    0.000000E+00    0.000000E+00    3.658679E+01    2.643999E+02   -7.350921E+00    0.000000E+00    0.000000E+00    0.000000E+00
1.130500E+00    1.361143E+02   -3.544071E+01   -1.529402E+02    0.000000E+00    0.000000E+00    0.000000E+00    5.018819E+01    2.832355E+02   -2.093288E+01    0.000000E+00    0.000000E+00    0.000000E+00
1.131500E+00    1.188081E+02   -1.825754E+01   -1.443113E+02    0.000000E+00    0.000000E+00    0.000000E+00    3.115388E+01    2.575714E+02   -6.718122E+00    0.000000E+00    0.000000E+00    0.000000E+00
1.132500E+00    1.314748E+02   -1.654300E+01   -1.753989E+02    0.000000E+00    0.000000E+00    0.000000E+00    3.115505E+01    3.001222E+02   -4.733217E+00    0.000000E+00    0.000000E+00    0.000000E+00
1.133500E+00    1.357327E+02   -2.001472E+01   -1.532857E+02    0.000000E+00    0.000000E+00    0.000000E+00    3.154051E+01    2.814030E+02   -8.646552E+00    0.000000E+00    0.000000E+00    0.000000E+00
1.134500E+00    1.371556E+02   -3.805408E+01   -1.622095E+02    0.000000E+00    0.000000E+00    0.000000E+00    4.831367E+01    2.911803E+02   -2.735557E+01    0.000000E+00    0.000000E+00    0.000000E+00
1.135500E+00    1.356158E+02   -2.287713E+01   -1.575896E+02    0.000000E+00    0.000000E+00    0.000000E+00    3.190940E+01    2.843794E+02   -1.358142E+01    0.000000E+00    0.000000E+00    0.000000E+00
1.136500E+00    8.847188E+01   -2.054572E+00   -1.183056E+02    0.000000E+00    0.000000E+00    0.000000E+00    7.500954E+00    1.999271E+02    2.475397E+00    0.000000E+00    0.000000E+00    0.000000E+00
1.137500E+00    1.327283E+02   -1.208225E+01   -1.521576E+02    0.000000E+00    0.000000E+00    0.000000E+00    1.975818E+01    2.756109E+02   -4.432057E+00    0.000000E+00    0.000000E+00    0.000000E+00
1.138500E+00    1.197501E+02   -2.814129E+01   -1.503242E+02    0.000000E+00    0.000000E+00    0.000000E+00    3.291375E+01    2.606757E+02   -2.239769E+01    0.000000E+00    0.000000E+00    0.000000E+00
1.139500E+00    1.358030E+02   -2.323201E+01   -1.647401E+02    0.000000E+00    0.000000E+00    0.000000E+00    2.768999E+01    2.894136E+02   -1.775140E+01    0.000000E+00    0.000000E+00    0.000000E+00
1.140500E+00    1.370990E+02   -1.107724E+01   -1.730132E+02    0.000000E+00    0.000000E+00    0.000000E+00    1.465109E+01    2.976935E+02   -7.120514E+00    0.000000E+00    0.000000E+00    0.000000E+00
1.141500E+00    1.387484E+02   -2.089403E+01   -1.772386E+02    0.000000E+00    0.000000E+00    0.000000E+00    2.346893E+01    3.030501E+02   -1.713113E+01    0.000000E+00    0.000000E+00    0.000000E+00
1.142500E+00    1.053866E+02    2.316246E+00   -1.421070E+02    0.000000E+00    0.000000E+00    0.000000E+00   -1.642599E+00    2.365257E+02    3.006708E+00    0.000000E+00    0.000000E+00    0.000000E+00
1.143500E+00    1.368222E+02   -2.504254E+01   -1.545584E+02    0.000000E+00    0.000000E+00    0.000000E+00    2.373540E+01    2.774836E+02   -2.375001E+01    0.000000E+00    0.000000E+00    0.000000E+00
1.144500E+00    1.274823E+02   -2.423411E+01   -1.552244E+02    0.000000E+00    0.000000E+00    0.000000E+00    2.146182E+01    2.688985E+02   -2.422137E+01    0.000000E+00    0.000000E+00    0.000000E+00
1.145500E+00    1.189859E+02   -9.643997E+00   -1.519183E+02    0.000000E+00    0.000000E+00    0.000000E+00    6.570523E+00    2.570261E+02   -1.091368E+01    0.000000E+00    0.000000E+00    0.000000E+00
1.146500E+00    1.336463E+02   -1.413142E+01   -1.732002E+02    0.000000E+00    0.000000E+00    0.000000E+00    9.066330E+00    2.908425E+02   -1.647585E+01    0.000000E+00    0.000000E+00    0.000000E+00
1.147500E+00    1.374501E+02   -1.041303E+01   -1.735618E+02    0.000000E+00    0.000000E+00    0.000000E+00    3.574079E+00    2.936232E+02   -1.445400E+01    0.000000E+00    0.000000E+00    0.000000E+00
1.148500E+00    1.336208E+02   -3.755605E+00   -1.695943E+02    0.000000E+00    0.000000E+00    0.000000E+00   -3.950633E+00    2.855253E+02   -9.081886E+00    0.000000E+00    0.000000E+00    0.000000E+00
1.149500E+00    1.240591E+02   -4.500512E+00   -1.511468E+02    0.000000E+00    0.000000E+00    0.000000E+00   -4.065784E+00    2.583642E+02   -1.068410E+01    0.000000E+00    0.000000E+00    0.000000E+00
1.150500E+00    1.244486E+02   -1.298057E+01   -1.634621E+02    0.000000E+00    0.000000E+00    0.000000E+00    2.339717E+00    2.698474E+02   -1.944621E+01    0.000000E+00    0.000000E+00    0.000000E+00
1.151500E+00    1.224325E+02   -2.602232E+00   -1.488718E+02    0.000000E+00    0.000000E+00    0.000000E+00   -8.825433E+00    2.529435E+02   -1.136143E+01    0.000000E+00    0.000000E+00    0.000000E+00
1.152500E+00    1.452859E+02   -9.078781E+00   -1.908785E+02    0.000000E+00    0.000000E+00    0.000000E+00   -6.879312E+00    3.132549E+02   -1.986469E+01    0.000000E+00    0.000000E+00    0.000000E+00
1.153500E+00    1.448374E+02   -2.709425E+00   -1.814920E+02    0.000000E+00    0.000000E+00    0.000000E+00   -1.399465E+01    3.027674E+02   -1.549771E+01    0.000000E+00    0.000000E+00    0.000000E+00
1.154500E+00    1.170245E+02    8.523882E+00   -1.657128E+02    0.000000E+00    0.000000E+00    0.000000E+00   -2.448361E+01    2.618257E+02   -3.625218E+00    0.000000E+00    0.000000E+00    0.000000E+00
1.155500E+00    1.346772E+02   -1.428161E+01   -1.766182E+02    0.000000E+00    0.000000E+00    0.000000E+00   -5.834040E+00    2.876972E+02   -2.741615E+01    0.000000E+00    0.000000E+00    0.000000E+00
1.156500E+00    1.386505E+02    4.262450E+00   -1.650992E+02    0.000000E+00    0.000000E+00    0.000000E+00   -2.318387E+01    2.792574E+02   -1.203117E+01    0.000000E+00    0.000000E+00    0.000000E+00
1.157500E+00    1.362999E+02    8.311380E+00   -1.919091E+02    0.000000E+00    0.000000E+00    0.000000E+00   -3.252463E+01    3.011028E+02   -9.761474E+00    0.000000E+00    0.000000E+00    0.000000E+00
1.158500E+00    1.444493E+02   -5.448337E+00   -1.912514E+02    0.000000E+00    0.000000E+00    0.000000E+00   -2.138773E+01    3.070718E+02   -2.464840E+01    0.000000E+00    0.000000E+00    0.000000E+00
1.159500E+00    1.363621E+02   -4.677503E+00   -1.765960E+02    0.000000E+00    0.000000E+00    0.000000E+00   -2.173262E+01    2.853425E+02   -2.420703E+01    0.000000E+00    0.000000E+00    0.000000E+00
1.160500E+00    1.406893E+02    9.376911E+00   -1.865245E+02    0.000000E+00    0.000000E+00    0.000000E+00   -3.791422E+01    2.970283E+02   -1.338104E+01    0.000000E+00    0.000000E+00    0.000000E+00
1.161500E+00    1.111440E+02    3.332638E+00   -1.520334E+02    0.000000E+00    0.000000E+00    0.000000E+00   -2.926328E+01    2.380391E+02   -1.587350E+01    0.000000E+00    0.000000E+00    0.000000E+00
1.162500E+00    1.140595E+02    1.577909E+01   -1.701491E+02    0.000000E+00    0.000000E+00    0.000000E+00   -4.396260E+01    2.571246E+02   -5.286845E+00    0.000000E+00    0.000000E+00    0.000000E+00
1.163500E+00    1.277199E+02    1.833599E+01   -1.842351E+02    0.000000E+00    0.000000E+00    0.000000E+00   -5.080428E+01    2.807820E+02   -7.064273E+00    0.000000E+00    0.000000E+00    0.000000E+00
1.164500E+00    1.058057E+02    1.794766E+01   -1.563749E+02    0.000000E+00    0.000000E+00    0.000000E+00   -4.752456E+01    2.347996E+02   -4.974155E+00    0.000000E+00    0.000000E+00    0.000000E+00
1.165500E+00    1.450948E+02    2.859913E+01   -2.133639E+02    0.000000E+00    0.000000E+00    0.000000E+00   -6.996455E+01    3.200842E+02   -4.406412E+00    0.000000E+00    0.000000E+00    0.000000E+00
1.166500E+00    1.435862E+02    2.092371E+01   -1.965489E+02    0.000000E+00    0.000000E+00    0.000000E+00   -6.092907E+01    3.027193E+02   -1.213194E+01    0.000000E+00    0.000000E+00    0.000000E+00
1.167500E+00    1.366753E+02    1.660839E+01   -1.979652E+02    0.000000E+00    0.000000E+00    0.000000E+00   -5.921084E+01    2.969385E+02   -1.589312E+01    0.000000E+00    0.000000E+00    0.000000E+00
1.168500E+00    1.027261E+02    2.575917E+01   -1.616207E+02    0.000000E+00    0.000000E+00    0.000000E+00   -6.111876E+01    2.338381E+02   -1.235041E+00    0.000000E+00    0.000000E+00    0.000000E+00
1.169500E+00    1.592149E+02    4.011287E+01   -2.255019E+02    0.000000E+00    0.000000E+00    0.000000E+00   -9.036832E+01    3.388488E+02   -3.236373E+00    0.000000E+00    0.000000E+00    0.000000E+00
1.170500E+00    1.195912E+02    3.299611E+01   -1.959353E+02    0.000000E+00    0.000000E+00    0.000000E+00   -7.926493E+01    2.771058E+02   -1.633716E+00    0.000000E+00    0.000000E+00    0.000000E+00
1.171500E+00    1.417699E+02    1.957560E+01   -2.001612E+02    0.000000E+00    0.000000E+00    0.000000E+00   -7.001203E+01    2.991061E+02   -2.001190E+01    0.000000E+00    0.000000E+00    0.000000E+00
1.172500E+00    1.507069E+02    1.630587E+01   -2.006305E+02    0.000000E+00    0.000000E+00    0.000000E+00   -6.927364E+01    3.060136E+02   -2.716311E+01    0.000000E+00    0.000000E+00    0.000000E+00
1.173500E+00    1.236282E+02    3.917938E+01   -2.033699E+02    0.000000E+00    0.000000E+00    0.000000E+00   -9.222287E+01    2.835360E+02   -1.212003E+00    0.000000E+00    0.000000E+00    0.000000E+00
1.174500E+00    1.418557E+02    1.511151E+01   -1.906087E+02    0.000000E+00    0.000000E+00    0.000000E+00   -6.946094E+01    2.871075E+02   -2.886894E+01    0.000000E+00    0.000000E+00    0.000000E+00
1.175500E+00    1.343466E+02    3.714691E+01   -2.063542E+02    0.000000E+00    0.000000E+00    0.000000E+00   -9.533766E+01    2.929187E+02   -9.123528E+00    0.000000E+00    0.000000E+00    0.000000E+00
1.176500E+00    1.350065E+02    3.820497E+01   -2.070744E+02    0.000000E+00    0.000000E+00    0.000000E+00   -9.852094E+01    2.930497E+02   -9.999477E+00    0.000000E+00    0.000000E+00    0.000000E+00
1.177500E+00    1.333568E+02    3.451448E+01   -2.061639E+02    0.000000E+00    0.000000E+00    0.000000E+00   -9.715689E+01    2.896174E+02   -1.415622E+01    0.000000E+00    0.000000E+00    0.000000E+00
1.178500E+00    1.357357E+02    3.867764E+01   -2.064802E+02    0.000000E+00    0.000000E+00    0.000000E+00   -1.032829E+02    2.904146E+02   -1.336543E+01    0.000000E+00    0.000000E+00    0.000000E+00
1.179500E+00    1.181287E+02    5.588683E+01   -1.971303E+02    0.000000E+00    0.000000E+00    0.000000E+00   -1.164893E+02    2.664160E+02    5.948825E+00    0.000000E+00    0.000000E+00    0.000000E+00
1.180500E+00    1.206000E+02    3.595906E+01   -1.946801E+02    0.000000E+00    0.000000E+00    0.000000E+00   -1.008423E+02    2.656845E+02   -1.317583E+01    0.000000E+00    0.000000E+00    0.000000E+00
1.181500E+00    1.311958E+02    4.182872E+01   -2.010506E+02    0.000000E+00    0.000000E+00    0.000000E+00   -1.099005E+02    2.784412E+02   -1.356698E+01    0.000000E+00    0.000000E+00    0.000000E+00
1.182500E+00    1.248691E+02    4.066799E+01   -1.914109E+02    0.000000E+00    0.000000E+00    0.000000E+00   -1.075036E+02    2.640024E+02   -1.384810E+01    0.000000E+00    0.000000E+00    0.000000E+00
1.183500E+00    1.255837E+02    6.236681E+01   -2.203570E+02    0.000000E+00    0.000000E+00    0.000000E+00   -1.382907E+02    2.873658E+02    2.567893E+00    0.000000E+00    0.000000E+00    0.000000E+00
1.184500E+00    1.181723E+02    5.946713E+01   -2.010899E+02    0.000000E+00    0.000000E+00    0.000000E+00   -1.305101E+02    2.638432E+02    1.490371E+00    0.000000E+00    0.000000E+00    0.000000E+00
1.185500E+00    1.146530E+02    3.856390E+01   -1.833237E+02    0.000000E+00    0.000000E+00    0.000000E+00   -1.081837E+02    2.451641E+02   -1.586306E+01    0.000000E+00    0.000000E+00    0.000000E+00
1.186500E+00    1.334596E+02    6.482402E+01   -2.345024E+02    0.000000E+00    0.000000E+00    0.000000E+00   -1.526879E+02    3.011596E+02   -3.514149E+00    0.000000E+00    0.000000E+00    0.000000E+00
1.187500E+00    1.225915E+02    5.782886E+01   -2.089045E+02    0.000000E+00    0.000000E+00    0.000000E+00   -1.384882E+02    2.699550E+02   -6.388119E+00    0.000000E+00    0.000000E+00    0.000000E+00
1.188500E+00    1.212692E+02    8.118473E+01   -2.206319E+02    0.000000E+00    0.000000E+00    0.000000E+00   -1.648358E+02    2.767989E+02    1.137126E+01    0.000000E+00    0.000000E+00    0.000000E+00
1.189500E+00    1.244999E+02    5.898887E+01   -2.202570E+02    0.000000E+00    0.000000E+00    0.000000E+00   -1.481008E+02    2.781638E+02   -9.118970E+00    0.000000E+00    0.000000E+00    0.000000E+00
1.190500E+00    1.392167E+02    6.491109E+01   -2.333156E+02    0.000000E+00    0.000000E+00    0.000000E+00   -1.613996E+02    2.994506E+02   -1.300517E+01    0.000000E+00    0.000000E+00    0.000000E+00
1.191500E+00    1.372371E+02    6.309652E+01   -2.332307E+02    0.000000E+00    0.000000E+00    0.000000E+00   -1.620584E+02    2.961494E+02   -1.523730E+01    0.000000E+00    0.000000E+00    0.000000E+00
1.192500E+00    1.354871E+02    6.622258E+01   -2.344312E+02    0.000000E+00    0.000000E+00    0.000000E+00   -1.674425E+02    2.942186E+02   -1.366098E+01    0.000000E+00    0.000000E+00    0.000000E+00
1.193500E+00    1.072160E+02    9.455938E+01   -2.137528E+02    0.000000E+00    0.000000E+00    0.000000E+00   -1.835520E+02    2.528365E+02    2.002463E+01    0.000000E+00    0.000000E+00    0.000000E+00
1.194500E+00    1.131805E+02    8.535352E+01   -2.228793E+02    0.000000E+00    0.000000E+00    0.000000E+00   -1.818586E+02    2.638401E+02    8.714079E+00    0.000000E+00    0.000000E+00    0.000000E+00
1.195500E+00    1.115691E+02    8.708750E+01   -2.154686E+02    0.000000E+00    0.000000E+00    0.000000E+00   -1.818880E+02    2.553041E+02    9.065392E+00    0.000000E+00    0.000000E+00    0.000000E+00
1.196500E+00    1.111397E+02    8.502178E+01   -2.165905E+02    0.000000E+00    0.000000E+00    0.000000E+00   -1.824984E+02    2.546341E+02    6.367791E+00    0.000000E+00    0.000000E+00    0.000000E+00
1.197500E+00    1.066634E+02    8.446108E+01   -2.081460E+02    0.000000E+00    0.000000E+00    0.000000E+00   -1.800424E+02    2.429777E+02    6.462037E+00    0.000000E+00    0.000000E+00    0.000000E+00
1.198500E+00    9.654258E+01    9.575687E+01   -2.060109E+02    0.000000E+00    0.000000E+00    0.000000E+00   -1.895535E+02    2.319304E+02    1.906465E+01    0.000000E+00    0.000000E+00    0.000000E+00
1.199500E+00    1.053406E+02    1.002748E+02   -2.258915E+02    0.000000E+00    0.000000E+00    0.000000E+00   -2.060847E+02    2.526273E+02    1.601853E+01    0.000000E+00    0.000000E+00    0.000000E+00
