 LS-DYNA keyword deck by LS-PrePost                                      
                    ls-dyna mpp d R14 R14.1.1_16_fadfb4 date 05/14/2025
ICFD Drag Forces and Moments
time,            Fpx,Fpy,            Fpz,Fvx,            Fvy,Fvz,            Mpx,Mpy,            Mpz,Mvx,            Mvy,Mvz
7.500000E-04    4.781605E-01    2.320288E+00   -3.815854E+01    0.000000E+00    0.000000E+00    0.000000E+00   -8.672516E-01    1.906233E-01    1.596130E-01    0.000000E+00    0.000000E+00    0.000000E+00
1.750000E-03    2.310457E-02    6.907021E-01   -3.454291E+01    0.000000E+00    0.000000E+00    0.000000E+00   -1.820147E-01    2.652211E-03   -1.513292E-02    0.000000E+00    0.000000E+00    0.000000E+00
2.750000E-03    6.753356E-02    6.698297E-02   -3.029152E+01    0.000000E+00    0.000000E+00    0.000000E+00    2.803225E-02    3.099522E-02   -1.290619E-02    0.000000E+00    0.000000E+00    0.000000E+00
3.750000E-03    5.212813E-02   -1.204440E-01   -2.796882E+01    0.000000E+00    0.000000E+00    0.000000E+00    8.387739E-02    3.412121E-02   -1.182109E-02    0.000000E+00    0.000000E+00    0.000000E+00
4.750000E-03   -3.994472E-03   -2.120333E-02   -2.765909E+01    0.000000E+00    0.000000E+00    0.000000E+00    3.515501E-02    1.543852E-02   -1.557945E-02    0.000000E+00    0.000000E+00    0.000000E+00
5.750000E-03   -8.685273E-02    6.789553E-02   -2.787913E+01    0.000000E+00    0.000000E+00    0.000000E+00   -3.787047E-03   -1.676609E-02   -1.158418E-02    0.000000E+00    0.000000E+00    0.000000E+00
6.750000E-03   -1.331370E-01    1.256879E-01   -2.803927E+01    0.000000E+00    0.000000E+00    0.000000E+00   -3.032397E-02   -3.395048E-02   -1.128295E-02    0.000000E+00    0.000000E+00    0.000000E+00
7.750000E-03   -1.337088E-01    1.402904E-01   -2.800299E+01    0.000000E+00    0.000000E+00    0.000000E+00   -3.890323E-02   -3.364914E-02   -1.257868E-02    0.000000E+00    0.000000E+00    0.000000E+00
8.750000E-03   -9.343069E-02    1.883182E-01   -2.139690E+01    0.000000E+00    0.000000E+00    0.000000E+00   -5.746957E-02   -2.664713E-02   -6.016992E-03    0.000000E+00    0.000000E+00    0.000000E+00
9.750000E-03    2.871193E-03    2.395930E-01   -5.062650E+00    0.000000E+00    0.000000E+00    0.000000E+00   -7.730748E-02   -5.891387E-03    4.716585E-03    0.000000E+00    0.000000E+00    0.000000E+00
1.075000E-02    2.655133E-02    1.176230E-01    4.275044E+00    0.000000E+00    0.000000E+00    0.000000E+00   -4.240982E-02    8.038366E-04    1.017182E-02    0.000000E+00    0.000000E+00    0.000000E+00
1.175000E-02   -3.158192E-02   -6.578370E-02    3.677123E+00    0.000000E+00    0.000000E+00    0.000000E+00    1.299006E-02   -1.064024E-02    9.698181E-03    0.000000E+00    0.000000E+00    0.000000E+00
1.275000E-02   -1.052770E-01   -1.674935E-01   -1.283221E+00    0.000000E+00    0.000000E+00    0.000000E+00    4.760442E-02   -2.950386E-02    6.527983E-03    0.000000E+00    0.000000E+00    0.000000E+00
1.375000E-02   -1.237015E-01   -1.005854E-01   -4.484018E+00    0.000000E+00    0.000000E+00    0.000000E+00    3.632092E-02   -4.046008E-02    3.301572E-03    0.000000E+00    0.000000E+00    0.000000E+00
1.475000E-02   -8.153820E-02    3.701911E-02   -5.183415E+00    0.000000E+00    0.000000E+00    0.000000E+00    1.342885E-03   -3.340705E-02    7.433904E-04    0.000000E+00    0.000000E+00    0.000000E+00
1.575000E-02   -8.148352E-03    1.353702E-01   -4.875967E+00    0.000000E+00    0.000000E+00    0.000000E+00   -2.867975E-02   -1.090856E-02   -2.714871E-04    0.000000E+00    0.000000E+00    0.000000E+00
1.675000E-02    4.221218E-03    1.213523E-01   -4.534770E+00    0.000000E+00    0.000000E+00    0.000000E+00   -3.111982E-02   -6.223922E-03   -8.957820E-05    0.000000E+00    0.000000E+00    0.000000E+00
1.775000E-02   -1.058869E-03    2.410021E-02   -4.342636E+00    0.000000E+00    0.000000E+00    0.000000E+00   -3.781328E-03   -1.626439E-03    2.163695E-03    0.000000E+00    0.000000E+00    0.000000E+00
1.875000E-02   -2.870837E-02   -6.991408E-02   -4.288303E+00    0.000000E+00    0.000000E+00    0.000000E+00    3.001938E-02   -8.381145E-03   -2.289700E-03    0.000000E+00    0.000000E+00    0.000000E+00
1.975000E-02   -6.108178E-02   -5.959313E-02   -4.496438E+00    0.000000E+00    0.000000E+00    0.000000E+00    2.393707E-02   -1.991571E-02   -2.155952E-03    0.000000E+00    0.000000E+00    0.000000E+00
2.075000E-02   -7.196059E-02   -8.575727E-03   -5.026533E+00    0.000000E+00    0.000000E+00    0.000000E+00    8.487420E-03   -2.658104E-02   -3.376519E-05    0.000000E+00    0.000000E+00    0.000000E+00
2.175000E-02   -5.352157E-02    3.484092E-02   -5.685290E+00    0.000000E+00    0.000000E+00    0.000000E+00   -1.807830E-03   -1.928808E-02   -1.093645E-03    0.000000E+00    0.000000E+00    0.000000E+00
2.275000E-02   -5.198171E-02    5.603536E-02   -6.145731E+00    0.000000E+00    0.000000E+00    0.000000E+00   -1.110123E-02   -1.991844E-02   -3.109411E-03    0.000000E+00    0.000000E+00    0.000000E+00
2.375000E-02   -4.839927E-02    5.516062E-02   -6.378011E+00    0.000000E+00    0.000000E+00    0.000000E+00   -1.736218E-02   -1.955163E-02   -4.537816E-03    0.000000E+00    0.000000E+00    0.000000E+00
2.475000E-02   -2.424220E-02    6.715131E-04   -6.508474E+00    0.000000E+00    0.000000E+00    0.000000E+00    4.509472E-03   -7.667235E-03   -7.560766E-04    0.000000E+00    0.000000E+00    0.000000E+00
2.575000E-02   -4.274757E-02   -2.513995E-02   -6.696042E+00    0.000000E+00    0.000000E+00    0.000000E+00    1.542471E-02   -1.650205E-02   -2.904919E-03    0.000000E+00    0.000000E+00    0.000000E+00
2.675000E-02   -3.152149E-02   -2.347768E-02   -6.994613E+00    0.000000E+00    0.000000E+00    0.000000E+00    1.462908E-02   -1.120908E-02   -1.793320E-03    0.000000E+00    0.000000E+00    0.000000E+00
2.775000E-02   -2.329717E-02   -1.427522E-02   -7.345279E+00    0.000000E+00    0.000000E+00    0.000000E+00    1.213054E-02   -7.355595E-03   -1.341291E-03    0.000000E+00    0.000000E+00    0.000000E+00
2.875000E-02   -1.899897E-02   -7.613200E-03   -7.666062E+00    0.000000E+00    0.000000E+00    0.000000E+00    1.036015E-02   -5.441270E-03   -1.524642E-03    0.000000E+00    0.000000E+00    0.000000E+00
2.975000E-02   -1.246495E-02   -6.058347E-03   -7.941438E+00    0.000000E+00    0.000000E+00    0.000000E+00    9.922320E-03   -2.865021E-03   -1.659494E-03    0.000000E+00    0.000000E+00    0.000000E+00
3.075000E-02   -4.607241E-03   -1.005909E-02   -8.174620E+00    0.000000E+00    0.000000E+00    0.000000E+00    1.106368E-02   -4.267672E-05   -1.770385E-03    0.000000E+00    0.000000E+00    0.000000E+00
3.175000E-02    2.396862E-03   -1.716105E-02   -8.382229E+00    0.000000E+00    0.000000E+00    0.000000E+00    1.312985E-02    2.232231E-03   -1.876265E-03    0.000000E+00    0.000000E+00    0.000000E+00
3.275000E-02    7.520717E-03   -2.322281E-02   -8.584581E+00    0.000000E+00    0.000000E+00    0.000000E+00    1.487294E-02    3.754541E-03   -1.982799E-03    0.000000E+00    0.000000E+00    0.000000E+00
3.375000E-02    1.119238E-02   -2.647998E-02   -8.784189E+00    0.000000E+00    0.000000E+00    0.000000E+00    1.571087E-02    4.786517E-03   -2.087736E-03    0.000000E+00    0.000000E+00    0.000000E+00
3.475000E-02    1.450194E-02   -2.673748E-02   -8.973277E+00    0.000000E+00    0.000000E+00    0.000000E+00    1.553851E-02    5.755938E-03   -2.187930E-03    0.000000E+00    0.000000E+00    0.000000E+00
3.575000E-02    1.812444E-02   -2.623528E-02   -9.146296E+00    0.000000E+00    0.000000E+00    0.000000E+00    1.508060E-02    6.820669E-03   -2.282181E-03    0.000000E+00    0.000000E+00    0.000000E+00
3.675000E-02    2.200826E-02   -2.631043E-02   -9.300415E+00    0.000000E+00    0.000000E+00    0.000000E+00    1.479260E-02    7.881345E-03   -2.366393E-03    0.000000E+00    0.000000E+00    0.000000E+00
3.775000E-02    2.526423E-02   -2.753836E-02   -9.429674E+00    0.000000E+00    0.000000E+00    0.000000E+00    1.488054E-02    8.608607E-03   -2.431587E-03    0.000000E+00    0.000000E+00    0.000000E+00
3.875000E-02    2.828689E-02   -2.960592E-02   -9.548262E+00    0.000000E+00    0.000000E+00    0.000000E+00    1.525022E-02    9.142413E-03   -2.468127E-03    0.000000E+00    0.000000E+00    0.000000E+00
3.975000E-02    3.086272E-02   -3.207835E-02   -9.657731E+00    0.000000E+00    0.000000E+00    0.000000E+00    1.575599E-02    9.448419E-03   -2.478581E-03    0.000000E+00    0.000000E+00    0.000000E+00
4.075000E-02    3.099254E-02   -3.232333E-02   -9.757254E+00    0.000000E+00    0.000000E+00    0.000000E+00    1.626062E-02    9.411243E-03   -2.507854E-03    0.000000E+00    0.000000E+00    0.000000E+00
4.175000E-02    3.125178E-02   -3.385938E-02   -9.848581E+00    0.000000E+00    0.000000E+00    0.000000E+00    1.676368E-02    9.087645E-03   -2.468677E-03    0.000000E+00    0.000000E+00    0.000000E+00
4.275000E-02    3.304952E-02   -3.704179E-02   -9.931456E+00    0.000000E+00    0.000000E+00    0.000000E+00    1.730440E-02    8.546325E-03   -2.352858E-03    0.000000E+00    0.000000E+00    0.000000E+00
4.375000E-02    3.218036E-02   -4.121511E-02   -1.000441E+01    0.000000E+00    0.000000E+00    0.000000E+00    1.793188E-02    7.799181E-03   -2.340363E-03    0.000000E+00    0.000000E+00    0.000000E+00
4.475000E-02    2.932114E-02   -4.014259E-02   -1.007037E+01    0.000000E+00    0.000000E+00    0.000000E+00    1.858621E-02    6.883699E-03   -2.224197E-03    0.000000E+00    0.000000E+00    0.000000E+00
4.575000E-02    2.193695E-02   -4.526344E-02   -1.013021E+01    0.000000E+00    0.000000E+00    0.000000E+00    1.926393E-02    5.763807E-03   -2.098989E-03    0.000000E+00    0.000000E+00    0.000000E+00
4.675000E-02    2.162827E-02   -5.083061E-02   -1.018448E+01    0.000000E+00    0.000000E+00    0.000000E+00    1.985229E-02    4.487341E-03   -1.882258E-03    0.000000E+00    0.000000E+00    0.000000E+00
4.775000E-02    1.953126E-02   -5.088186E-02   -1.023475E+01    0.000000E+00    0.000000E+00    0.000000E+00    2.031826E-02    3.089205E-03   -1.690009E-03    0.000000E+00    0.000000E+00    0.000000E+00
4.875000E-02    1.915177E-02   -4.876079E-02   -1.028128E+01    0.000000E+00    0.000000E+00    0.000000E+00    2.066806E-02    1.650954E-03   -1.635976E-03    0.000000E+00    0.000000E+00    0.000000E+00
4.975000E-02    1.629118E-02   -5.029942E-02   -1.032436E+01    0.000000E+00    0.000000E+00    0.000000E+00    2.088123E-02    1.791281E-04   -1.550436E-03    0.000000E+00    0.000000E+00    0.000000E+00
5.075000E-02    1.338063E-02   -5.146008E-02   -1.036464E+01    0.000000E+00    0.000000E+00    0.000000E+00    2.098599E-02   -1.271186E-03   -1.495627E-03    0.000000E+00    0.000000E+00    0.000000E+00
5.175000E-02    9.886114E-03   -5.626065E-02   -1.040269E+01    0.000000E+00    0.000000E+00    0.000000E+00    2.102885E-02   -2.662106E-03   -1.575968E-03    0.000000E+00    0.000000E+00    0.000000E+00
5.275000E-02    7.319074E-03   -5.674552E-02   -1.043791E+01    0.000000E+00    0.000000E+00    0.000000E+00    2.098626E-02   -3.942043E-03   -1.584825E-03    0.000000E+00    0.000000E+00    0.000000E+00
5.375000E-02    5.034095E-03   -5.698061E-02   -1.047129E+01    0.000000E+00    0.000000E+00    0.000000E+00    2.091139E-02   -5.088409E-03   -1.617379E-03    0.000000E+00    0.000000E+00    0.000000E+00
5.475000E-02    3.069199E-03   -5.703388E-02   -1.050301E+01    0.000000E+00    0.000000E+00    0.000000E+00    2.083189E-02   -6.073350E-03   -1.673893E-03    0.000000E+00    0.000000E+00    0.000000E+00
5.575000E-02    1.643793E-03   -5.671498E-02   -1.053369E+01    0.000000E+00    0.000000E+00    0.000000E+00    2.075652E-02   -6.841957E-03   -1.548525E-03    0.000000E+00    0.000000E+00    0.000000E+00
5.675000E-02    3.368483E-03   -5.677898E-02   -1.056307E+01    0.000000E+00    0.000000E+00    0.000000E+00    2.065383E-02   -7.408154E-03   -1.732994E-03    0.000000E+00    0.000000E+00    0.000000E+00
5.775000E-02    4.060662E-03   -5.631791E-02   -1.059148E+01    0.000000E+00    0.000000E+00    0.000000E+00    2.050639E-02   -7.789544E-03   -1.896264E-03    0.000000E+00    0.000000E+00    0.000000E+00
5.875000E-02    1.544567E-03   -5.204806E-02   -1.061906E+01    0.000000E+00    0.000000E+00    0.000000E+00    2.029663E-02   -7.961935E-03   -2.132106E-03    0.000000E+00    0.000000E+00    0.000000E+00
5.975000E-02    3.712123E-03   -5.338697E-02   -1.064397E+01    0.000000E+00    0.000000E+00    0.000000E+00    2.010955E-02   -7.896441E-03   -2.325389E-03    0.000000E+00    0.000000E+00    0.000000E+00
6.075000E-02    4.968654E-03   -4.832575E-02   -1.067274E+01    0.000000E+00    0.000000E+00    0.000000E+00    1.970670E-02   -7.566765E-03   -2.386317E-03    0.000000E+00    0.000000E+00    0.000000E+00
6.175000E-02    8.323167E-03   -5.012205E-02   -1.069899E+01    0.000000E+00    0.000000E+00    0.000000E+00    1.932762E-02   -7.128461E-03   -2.364182E-03    0.000000E+00    0.000000E+00    0.000000E+00
6.275000E-02    1.252769E-02   -4.836264E-02   -1.072006E+01    0.000000E+00    0.000000E+00    0.000000E+00    1.912486E-02   -6.646205E-03   -2.376293E-03    0.000000E+00    0.000000E+00    0.000000E+00
6.375000E-02    1.087064E-02   -4.591475E-02   -1.074332E+01    0.000000E+00    0.000000E+00    0.000000E+00    1.881199E-02   -5.901508E-03   -2.562430E-03    0.000000E+00    0.000000E+00    0.000000E+00
6.475000E-02    1.342372E-02   -4.407158E-02   -1.076413E+01    0.000000E+00    0.000000E+00    0.000000E+00    1.854138E-02   -5.077081E-03   -2.610449E-03    0.000000E+00    0.000000E+00    0.000000E+00
6.575000E-02    1.388208E-02   -4.332269E-02   -1.078661E+01    0.000000E+00    0.000000E+00    0.000000E+00    1.815958E-02   -4.124295E-03   -2.726189E-03    0.000000E+00    0.000000E+00    0.000000E+00
6.675000E-02    1.917407E-02   -4.316089E-02   -1.080981E+01    0.000000E+00    0.000000E+00    0.000000E+00    1.761598E-02   -3.056418E-03   -2.684307E-03    0.000000E+00    0.000000E+00    0.000000E+00
6.775000E-02    2.146035E-02   -4.117530E-02   -1.082665E+01    0.000000E+00    0.000000E+00    0.000000E+00    1.741800E-02   -2.255435E-03   -2.692874E-03    0.000000E+00    0.000000E+00    0.000000E+00
6.875000E-02    2.429584E-02   -3.870216E-02   -1.084529E+01    0.000000E+00    0.000000E+00    0.000000E+00    1.714007E-02   -1.264815E-03   -2.695842E-03    0.000000E+00    0.000000E+00    0.000000E+00
6.975000E-02    2.791347E-02   -3.326303E-02   -1.086957E+01    0.000000E+00    0.000000E+00    0.000000E+00    1.619181E-02    4.054962E-05   -2.704267E-03    0.000000E+00    0.000000E+00    0.000000E+00
7.075000E-02    2.989264E-02   -3.075052E-02   -1.088440E+01    0.000000E+00    0.000000E+00    0.000000E+00    1.586561E-02    7.258285E-04   -2.692863E-03    0.000000E+00    0.000000E+00    0.000000E+00
7.175000E-02    3.216456E-02   -2.811256E-02   -1.089875E+01    0.000000E+00    0.000000E+00    0.000000E+00    1.551715E-02    1.460189E-03   -2.675328E-03    0.000000E+00    0.000000E+00    0.000000E+00
7.275000E-02    3.478195E-02   -2.524886E-02   -1.091383E+01    0.000000E+00    0.000000E+00    0.000000E+00    1.513587E-02    2.266171E-03   -2.653612E-03    0.000000E+00    0.000000E+00    0.000000E+00
7.375000E-02    3.737697E-02   -2.220675E-02   -1.093032E+01    0.000000E+00    0.000000E+00    0.000000E+00    1.473403E-02    3.084296E-03   -2.630535E-03    0.000000E+00    0.000000E+00    0.000000E+00
7.475000E-02    3.969363E-02   -1.912127E-02   -1.094694E+01    0.000000E+00    0.000000E+00    0.000000E+00    1.432847E-02    3.823150E-03   -2.611414E-03    0.000000E+00    0.000000E+00    0.000000E+00
7.575000E-02    4.173022E-02   -1.604612E-02   -1.096258E+01    0.000000E+00    0.000000E+00    0.000000E+00    1.391658E-02    4.459110E-03   -2.598420E-03    0.000000E+00    0.000000E+00    0.000000E+00
7.675000E-02    4.357115E-02   -1.304780E-02   -1.097635E+01    0.000000E+00    0.000000E+00    0.000000E+00    1.350880E-02    4.991289E-03   -2.591368E-03    0.000000E+00    0.000000E+00    0.000000E+00
7.775000E-02    4.533554E-02   -1.014203E-02   -1.098888E+01    0.000000E+00    0.000000E+00    0.000000E+00    1.312269E-02    5.460661E-03   -2.587196E-03    0.000000E+00    0.000000E+00    0.000000E+00
7.875000E-02    4.618261E-02   -7.114262E-03   -1.100076E+01    0.000000E+00    0.000000E+00    0.000000E+00    1.266695E-02    5.466249E-03   -2.383006E-03    0.000000E+00    0.000000E+00    0.000000E+00
7.975000E-02    4.858603E-02   -4.832127E-03   -1.101255E+01    0.000000E+00    0.000000E+00    0.000000E+00    1.257218E-02    6.205769E-03   -2.581909E-03    0.000000E+00    0.000000E+00    0.000000E+00
8.075000E-02    5.022672E-02   -2.174910E-03   -1.102456E+01    0.000000E+00    0.000000E+00    0.000000E+00    1.227968E-02    6.552898E-03   -2.581576E-03    0.000000E+00    0.000000E+00    0.000000E+00
8.175000E-02    5.175281E-02    2.675463E-04   -1.103675E+01    0.000000E+00    0.000000E+00    0.000000E+00    1.201093E-02    6.833319E-03   -2.576831E-03    0.000000E+00    0.000000E+00    0.000000E+00
8.275000E-02    5.321962E-02    2.511820E-03   -1.104889E+01    0.000000E+00    0.000000E+00    0.000000E+00    1.174143E-02    7.049304E-03   -2.567771E-03    0.000000E+00    0.000000E+00    0.000000E+00
8.375000E-02    5.474618E-02    4.629194E-03   -1.106078E+01    0.000000E+00    0.000000E+00    0.000000E+00    1.148420E-02    7.248459E-03   -2.559694E-03    0.000000E+00    0.000000E+00    0.000000E+00
8.475000E-02    5.632856E-02    6.642890E-03   -1.107234E+01    0.000000E+00    0.000000E+00    0.000000E+00    1.124839E-02    7.437571E-03   -2.554455E-03    0.000000E+00    0.000000E+00    0.000000E+00
8.575000E-02    5.786821E-02    8.567600E-03   -1.108354E+01    0.000000E+00    0.000000E+00    0.000000E+00    1.102188E-02    7.593036E-03   -2.552397E-03    0.000000E+00    0.000000E+00    0.000000E+00
8.675000E-02    5.927774E-02    1.040513E-02   -1.109450E+01    0.000000E+00    0.000000E+00    0.000000E+00    1.079878E-02    7.694022E-03   -2.552184E-03    0.000000E+00    0.000000E+00    0.000000E+00
8.775000E-02    6.052014E-02    1.212907E-02   -1.110529E+01    0.000000E+00    0.000000E+00    0.000000E+00    1.058620E-02    7.730458E-03   -2.554049E-03    0.000000E+00    0.000000E+00    0.000000E+00
8.875000E-02    5.950901E-02    1.423154E-02   -1.111585E+01    0.000000E+00    0.000000E+00    0.000000E+00    1.014386E-02    6.678933E-03   -2.080882E-03    0.000000E+00    0.000000E+00    0.000000E+00
8.975000E-02    6.125143E-02    1.522265E-02   -1.112631E+01    0.000000E+00    0.000000E+00    0.000000E+00    1.020376E-02    7.011391E-03   -2.294354E-03    0.000000E+00    0.000000E+00    0.000000E+00
9.075000E-02    6.243211E-02    1.636630E-02   -1.113669E+01    0.000000E+00    0.000000E+00    0.000000E+00    1.015071E-02    7.098922E-03   -2.396306E-03    0.000000E+00    0.000000E+00    0.000000E+00
9.175000E-02    6.321218E-02    1.867394E-02   -1.114674E+01    0.000000E+00    0.000000E+00    0.000000E+00    9.985661E-03    6.928252E-03   -2.364173E-03    0.000000E+00    0.000000E+00    0.000000E+00
9.275000E-02    6.373430E-02    2.017085E-02   -1.115677E+01    0.000000E+00    0.000000E+00    0.000000E+00    9.840500E-03    6.721366E-03   -2.352461E-03    0.000000E+00    0.000000E+00    0.000000E+00
9.375000E-02    6.402226E-02    2.115311E-02   -1.116663E+01    0.000000E+00    0.000000E+00    0.000000E+00    9.715492E-03    6.485697E-03   -2.352512E-03    0.000000E+00    0.000000E+00    0.000000E+00
9.475000E-02    6.349692E-02    2.226939E-02   -1.117618E+01    0.000000E+00    0.000000E+00    0.000000E+00    9.697470E-03    6.186706E-03   -2.310945E-03    0.000000E+00    0.000000E+00    0.000000E+00
9.575000E-02    6.326799E-02    2.233422E-02   -1.118554E+01    0.000000E+00    0.000000E+00    0.000000E+00    9.798222E-03    5.841106E-03   -2.208582E-03    0.000000E+00    0.000000E+00    0.000000E+00
9.675000E-02    6.317081E-02    2.291114E-02   -1.119488E+01    0.000000E+00    0.000000E+00    0.000000E+00    9.713702E-03    5.512585E-03   -2.196183E-03    0.000000E+00    0.000000E+00    0.000000E+00
9.775000E-02    6.301376E-02    2.376889E-02   -1.120414E+01    0.000000E+00    0.000000E+00    0.000000E+00    9.629123E-03    5.135187E-03   -2.210030E-03    0.000000E+00    0.000000E+00    0.000000E+00
9.875000E-02    6.259353E-02    2.443661E-02   -1.121326E+01    0.000000E+00    0.000000E+00    0.000000E+00    9.543899E-03    4.712073E-03   -2.240922E-03    0.000000E+00    0.000000E+00    0.000000E+00
9.975000E-02    6.186900E-02    2.443243E-02   -1.122248E+01    0.000000E+00    0.000000E+00    0.000000E+00    9.457012E-03    4.254978E-03   -2.264446E-03    0.000000E+00    0.000000E+00    0.000000E+00
1.007500E-01    1.098049E+00    1.933856E+00    3.210981E+01    0.000000E+00    0.000000E+00    0.000000E+00   -3.518624E-01    7.946376E-01    3.252843E-01    0.000000E+00    0.000000E+00    0.000000E+00
1.017500E-01    1.585447E+00    4.117950E+00    3.756761E+01    0.000000E+00    0.000000E+00    0.000000E+00   -4.027932E-01    1.554613E-01    2.095873E+00    0.000000E+00    0.000000E+00    0.000000E+00
1.027500E-01    9.501992E+00    6.415706E+00    1.308489E+01    0.000000E+00    0.000000E+00    0.000000E+00   -1.296689E+00    2.009283E+00    1.784468E+00    0.000000E+00    0.000000E+00    0.000000E+00
1.037500E-01    2.337962E+00    4.547555E+00    1.599277E+01    0.000000E+00    0.000000E+00    0.000000E+00   -1.338736E+00    4.554383E-01    9.777605E-01    0.000000E+00    0.000000E+00    0.000000E+00
1.047500E-01   -6.222401E+00   -1.002493E+00    2.212273E+01    0.000000E+00    0.000000E+00    0.000000E+00    1.119985E-01   -1.965080E+00    1.350048E+00    0.000000E+00    0.000000E+00    0.000000E+00
1.057500E-01    3.380162E+00    5.047795E+00    2.502799E+01    0.000000E+00    0.000000E+00    0.000000E+00   -1.835911E+00    8.850087E-01    1.434623E+00    0.000000E+00    0.000000E+00    0.000000E+00
1.067500E-01    5.415590E-02   -1.057357E+00    8.243322E+00    0.000000E+00    0.000000E+00    0.000000E+00    1.273043E+00    8.989191E-02    7.372114E-01    0.000000E+00    0.000000E+00    0.000000E+00
1.077500E-01   -1.112106E+00   -3.303647E+00    1.232419E+01    0.000000E+00    0.000000E+00    0.000000E+00    1.961366E+00    2.357575E-01    2.833484E-01    0.000000E+00    0.000000E+00    0.000000E+00
1.087500E-01   -2.172096E+00    7.124939E+00    1.272724E+01    0.000000E+00    0.000000E+00    0.000000E+00   -1.699294E+00    3.228175E-01   -8.835898E-02    0.000000E+00    0.000000E+00    0.000000E+00
1.097500E-01   -8.803707E+00    1.723438E+00    8.179582E+00    0.000000E+00    0.000000E+00    0.000000E+00    2.858353E-01   -1.784645E+00   -9.421449E-02    0.000000E+00    0.000000E+00    0.000000E+00
1.107500E-01   -1.029350E+01   -4.002631E+00    9.316853E+00    0.000000E+00    0.000000E+00    0.000000E+00    1.638002E+00   -2.484606E+00    5.101172E-01    0.000000E+00    0.000000E+00    0.000000E+00
1.117500E-01   -6.359693E+00   -3.761673E+00    9.895465E+00    0.000000E+00    0.000000E+00    0.000000E+00    1.597602E+00   -9.950754E-01    7.961524E-01    0.000000E+00    0.000000E+00    0.000000E+00
1.127500E-01   -5.823442E+00   -5.789310E+00    9.002949E+00    0.000000E+00    0.000000E+00    0.000000E+00    2.752846E+00   -1.217400E+00    6.296720E-01    0.000000E+00    0.000000E+00    0.000000E+00
1.137500E-01   -5.265781E+00   -3.032325E+00    5.436821E+00    0.000000E+00    0.000000E+00    0.000000E+00    1.347055E+00   -1.148998E+00    7.372782E-01    0.000000E+00    0.000000E+00    0.000000E+00
1.147500E-01   -9.119162E-01   -1.812897E+00    2.119081E+00    0.000000E+00    0.000000E+00    0.000000E+00    9.632457E-01    4.501538E-01    8.084690E-01    0.000000E+00    0.000000E+00    0.000000E+00
1.157500E-01   -1.304560E+00   -2.538967E+00   -2.459616E+00    0.000000E+00    0.000000E+00    0.000000E+00    1.223803E+00   -2.525947E-01    6.238598E-01    0.000000E+00    0.000000E+00    0.000000E+00
1.167500E-01    7.161584E-01   -1.692296E+00   -1.383761E+00    0.000000E+00    0.000000E+00    0.000000E+00    6.942818E-01   -2.038381E-02    4.128964E-01    0.000000E+00    0.000000E+00    0.000000E+00
1.177500E-01   -1.597585E+00    4.410466E+00   -3.685734E+00    0.000000E+00    0.000000E+00    0.000000E+00   -1.652957E+00   -7.903192E-01    8.948111E-01    0.000000E+00    0.000000E+00    0.000000E+00
1.187500E-01   -3.301151E+00    3.673932E+00   -7.489046E+00    0.000000E+00    0.000000E+00    0.000000E+00   -1.238300E+00   -1.353100E+00    7.289166E-01    0.000000E+00    0.000000E+00    0.000000E+00
1.197500E-01   -2.997272E+00   -6.017058E-01   -1.009068E+01    0.000000E+00    0.000000E+00    0.000000E+00    4.858982E-01   -1.446707E+00    2.528723E-01    0.000000E+00    0.000000E+00    0.000000E+00
1.207500E-01   -1.613849E+00   -4.270534E-01   -1.058988E+01    0.000000E+00    0.000000E+00    0.000000E+00    2.463005E-01   -7.865518E-01    3.174802E-01    0.000000E+00    0.000000E+00    0.000000E+00
1.217500E-01    5.003520E+00    1.496680E+00   -1.845114E+01    0.000000E+00    0.000000E+00    0.000000E+00   -8.000739E-01    2.236581E+00    8.790611E-02    0.000000E+00    0.000000E+00    0.000000E+00
1.227500E-01    5.891986E+00    2.293951E+00   -2.070983E+01    0.000000E+00    0.000000E+00    0.000000E+00   -1.260923E+00    2.838042E+00   -2.522727E-01    0.000000E+00    0.000000E+00    0.000000E+00
1.237500E-01    6.809270E+00    2.603055E+00   -1.910872E+01    0.000000E+00    0.000000E+00    0.000000E+00   -1.536414E+00    3.302926E+00   -3.411322E-01    0.000000E+00    0.000000E+00    0.000000E+00
1.247500E-01    3.835872E+00    7.024653E-01   -1.604066E+01    0.000000E+00    0.000000E+00    0.000000E+00   -8.470884E-01    2.082667E+00   -1.757070E-02    0.000000E+00    0.000000E+00    0.000000E+00
1.257500E-01    1.461599E+00    1.352452E+00   -8.198104E+00    0.000000E+00    0.000000E+00    0.000000E+00   -9.209341E-01    8.596783E-01    2.214727E-01    0.000000E+00    0.000000E+00    0.000000E+00
1.267500E-01    2.387003E+00    1.946302E+00   -1.302059E+01    0.000000E+00    0.000000E+00    0.000000E+00   -1.297560E+00    1.216093E+00   -1.853634E-01    0.000000E+00    0.000000E+00    0.000000E+00
1.277500E-01   -1.970947E+00    1.153490E+00   -2.037194E+01    0.000000E+00    0.000000E+00    0.000000E+00   -1.270491E+00   -6.866789E-01   -5.429875E-01    0.000000E+00    0.000000E+00    0.000000E+00
1.287500E-01   -8.441316E-01    1.023249E+00   -2.433552E+01    0.000000E+00    0.000000E+00    0.000000E+00   -1.453288E+00   -3.061599E-01   -9.745293E-01    0.000000E+00    0.000000E+00    0.000000E+00
1.297500E-01    2.081741E+00    3.009152E+00   -1.627579E+01    0.000000E+00    0.000000E+00    0.000000E+00   -2.298493E+00    8.123745E-01   -9.883272E-01    0.000000E+00    0.000000E+00    0.000000E+00
1.307500E-01   -7.207028E-01    3.297999E+00   -1.381537E+01    0.000000E+00    0.000000E+00    0.000000E+00   -2.097716E+00   -5.464605E-01   -5.492253E-01    0.000000E+00    0.000000E+00    0.000000E+00
1.317500E-01   -5.385775E+00    3.037096E+00   -2.855586E+01    0.000000E+00    0.000000E+00    0.000000E+00   -2.616882E+00   -2.691702E+00   -1.217930E+00    0.000000E+00    0.000000E+00    0.000000E+00
1.327500E-01   -4.007371E+00   -9.600669E-02   -3.134106E+01    0.000000E+00    0.000000E+00    0.000000E+00   -1.296241E+00   -2.012038E+00   -1.446358E+00    0.000000E+00    0.000000E+00    0.000000E+00
1.337500E-01   -4.144247E+00   -7.569298E-01   -3.440687E+01    0.000000E+00    0.000000E+00    0.000000E+00   -9.845233E-01   -2.337873E+00   -1.554633E+00    0.000000E+00    0.000000E+00    0.000000E+00
1.347500E-01   -1.373117E+00    4.927784E-01   -3.263236E+01    0.000000E+00    0.000000E+00    0.000000E+00   -1.680321E+00   -8.404151E-01   -2.144471E+00    0.000000E+00    0.000000E+00    0.000000E+00
1.357500E-01    2.646637E-01    1.345747E-01   -3.349857E+01    0.000000E+00    0.000000E+00    0.000000E+00   -1.590094E+00    1.030072E-01   -2.232310E+00    0.000000E+00    0.000000E+00    0.000000E+00
1.367500E-01    4.261499E-01   -1.846701E+00   -3.022488E+01    0.000000E+00    0.000000E+00    0.000000E+00   -4.807703E-01    4.187511E-01   -1.578330E+00    0.000000E+00    0.000000E+00    0.000000E+00
1.377500E-01   -1.611268E-01   -1.713118E+00   -2.142995E+01    0.000000E+00    0.000000E+00    0.000000E+00   -2.464281E-01    3.397150E-01   -9.472020E-01    0.000000E+00    0.000000E+00    0.000000E+00
1.387500E-01    1.766598E+00   -1.925536E+00   -2.633395E+01    0.000000E+00    0.000000E+00    0.000000E+00    1.725187E-01    1.228408E+00   -6.054870E-01    0.000000E+00    0.000000E+00    0.000000E+00
1.397500E-01    1.983490E-01    1.617089E+00   -3.250799E+01    0.000000E+00    0.000000E+00    0.000000E+00   -2.223019E+00   -1.113209E-01   -5.163738E-01    0.000000E+00    0.000000E+00    0.000000E+00
1.407500E-01    1.276353E+00    2.138854E+00   -3.977337E+01    0.000000E+00    0.000000E+00    0.000000E+00   -3.440653E+00    1.332217E+00   -1.186912E+00    0.000000E+00    0.000000E+00    0.000000E+00
1.417500E-01    2.408593E+00   -7.077828E-01   -4.038327E+01    0.000000E+00    0.000000E+00    0.000000E+00   -1.996814E+00    2.655615E+00   -1.595812E+00    0.000000E+00    0.000000E+00    0.000000E+00
1.427500E-01    3.605583E+00   -1.818438E+00   -3.124634E+01    0.000000E+00    0.000000E+00    0.000000E+00   -1.482804E+00    3.374423E+00   -1.572291E+00    0.000000E+00    0.000000E+00    0.000000E+00
1.437500E-01    4.044107E+00   -4.208238E+00   -2.597761E+01    0.000000E+00    0.000000E+00    0.000000E+00   -1.912830E-01    3.493789E+00   -1.341875E+00    0.000000E+00    0.000000E+00    0.000000E+00
1.447500E-01    2.577541E+00   -6.123123E+00   -1.640442E+01    0.000000E+00    0.000000E+00    0.000000E+00    1.361631E+00    2.879012E+00   -9.400137E-01    0.000000E+00    0.000000E+00    0.000000E+00
1.457500E-01   -1.280434E+00   -6.070960E+00   -1.777459E+01    0.000000E+00    0.000000E+00    0.000000E+00    2.335842E+00   -1.809949E-01   -5.356376E-01    0.000000E+00    0.000000E+00    0.000000E+00
1.467500E-01   -1.685194E+00   -4.811527E+00   -3.921067E+01    0.000000E+00    0.000000E+00    0.000000E+00    1.298678E+00   -1.837236E+00   -5.471700E-01    0.000000E+00    0.000000E+00    0.000000E+00
1.477500E-01   -4.398749E+00   -4.711781E+00   -3.821136E+01    0.000000E+00    0.000000E+00    0.000000E+00    8.167925E-01   -3.226850E+00   -1.791021E-01    0.000000E+00    0.000000E+00    0.000000E+00
1.487500E-01   -8.830859E+00   -3.327786E+00   -3.679100E+01    0.000000E+00    0.000000E+00    0.000000E+00    5.546377E-01   -5.550972E+00    2.275841E-01    0.000000E+00    0.000000E+00    0.000000E+00
1.497500E-01   -8.786959E+00   -3.876477E+00   -3.236067E+01    0.000000E+00    0.000000E+00    0.000000E+00    1.015230E+00   -5.116983E+00    3.451022E-01    0.000000E+00    0.000000E+00    0.000000E+00
1.507500E-01   -9.112741E+00   -3.485008E-01   -4.283871E+01    0.000000E+00    0.000000E+00    0.000000E+00   -1.697173E+00   -6.157462E+00    4.706598E-01    0.000000E+00    0.000000E+00    0.000000E+00
1.517500E-01   -7.101820E+00    1.788955E-01   -4.036780E+01    0.000000E+00    0.000000E+00    0.000000E+00   -1.797444E+00   -5.165675E+00    9.858585E-01    0.000000E+00    0.000000E+00    0.000000E+00
1.527500E-01   -5.556794E+00   -3.444725E+00   -5.192743E+01    0.000000E+00    0.000000E+00    0.000000E+00    4.280917E-01   -3.536391E+00    1.576751E+00    0.000000E+00    0.000000E+00    0.000000E+00
1.537500E-01   -1.064196E+01   -6.237039E+00   -5.438509E+01    0.000000E+00    0.000000E+00    0.000000E+00    2.082542E+00   -6.351994E+00    2.131875E+00    0.000000E+00    0.000000E+00    0.000000E+00
1.547500E-01   -7.414108E+00   -7.357076E+00   -1.713757E+01    0.000000E+00    0.000000E+00    0.000000E+00    3.555437E+00   -2.968780E+00    1.837560E+00    0.000000E+00    0.000000E+00    0.000000E+00
1.557500E-01   -6.725935E+00   -4.566800E+00   -2.757080E+01    0.000000E+00    0.000000E+00    0.000000E+00    1.741353E+00   -4.615480E+00    1.216595E+00    0.000000E+00    0.000000E+00    0.000000E+00
1.567500E-01   -1.101947E+01    2.032559E+00   -7.619086E+01    0.000000E+00    0.000000E+00    0.000000E+00   -3.661785E+00   -1.022878E+01    8.456746E-01    0.000000E+00    0.000000E+00    0.000000E+00
1.577500E-01   -1.493256E+01   -3.998152E+00   -2.979644E+01    0.000000E+00    0.000000E+00    0.000000E+00    1.993877E+00   -9.776112E+00    1.995690E+00    0.000000E+00    0.000000E+00    0.000000E+00
1.587500E-01   -2.067370E+01   -1.998498E+00   -2.699377E+01    0.000000E+00    0.000000E+00    0.000000E+00    6.375558E-01   -1.404204E+01    2.270685E+00    0.000000E+00    0.000000E+00    0.000000E+00
1.597500E-01   -1.440599E+01   -3.926896E+00   -3.900863E+01    0.000000E+00    0.000000E+00    0.000000E+00    7.950808E-01   -9.998933E+00    2.683921E+00    0.000000E+00    0.000000E+00    0.000000E+00
1.607500E-01   -7.435834E-01   -1.308739E+01   -1.128310E+01    0.000000E+00    0.000000E+00    0.000000E+00    7.211008E+00    2.863808E-01    2.132211E+00    0.000000E+00    0.000000E+00    0.000000E+00
1.617500E-01   -5.869626E+00   -9.609504E+00   -3.578965E+01    0.000000E+00    0.000000E+00    0.000000E+00    3.793636E+00   -4.878762E+00    1.644388E+00    0.000000E+00    0.000000E+00    0.000000E+00
1.627500E-01   -9.191773E+00   -3.125954E+00   -5.321817E+01    0.000000E+00    0.000000E+00    0.000000E+00   -4.423395E-01   -8.455832E+00    6.659010E-01    0.000000E+00    0.000000E+00    0.000000E+00
1.637500E-01   -1.502982E+01   -1.317148E+00   -7.452333E+01    0.000000E+00    0.000000E+00    0.000000E+00   -2.328294E+00   -1.219986E+01    7.543422E-01    0.000000E+00    0.000000E+00    0.000000E+00
1.647500E-01   -1.519916E+01   -5.897422E-01   -8.336451E+01    0.000000E+00    0.000000E+00    0.000000E+00   -3.378752E+00   -1.242861E+01    8.211832E-01    0.000000E+00    0.000000E+00    0.000000E+00
1.657500E-01   -1.138214E+01   -7.061304E+00   -6.057306E+01    0.000000E+00    0.000000E+00    0.000000E+00    2.980799E-01   -9.010524E+00    1.218901E+00    0.000000E+00    0.000000E+00    0.000000E+00
1.667500E-01   -1.174247E+01   -3.967480E+00   -6.205158E+01    0.000000E+00    0.000000E+00    0.000000E+00   -2.888245E+00   -1.131925E+01   -4.616512E-01    0.000000E+00    0.000000E+00    0.000000E+00
1.677500E-01   -8.286585E+00    1.635624E+01   -9.231350E+01    0.000000E+00    0.000000E+00    0.000000E+00   -1.444308E+01   -1.097250E+01   -2.993647E+00    0.000000E+00    0.000000E+00    0.000000E+00
1.687500E-01   -3.238542E+01    2.493163E+01   -1.716677E+02    0.000000E+00    0.000000E+00    0.000000E+00   -2.195415E+01   -3.072584E+01   -3.822845E+00    0.000000E+00    0.000000E+00    0.000000E+00
1.697500E-01   -3.083570E+01    2.104458E+01   -1.775479E+02    0.000000E+00    0.000000E+00    0.000000E+00   -1.854359E+01   -2.903411E+01   -1.739059E+00    0.000000E+00    0.000000E+00    0.000000E+00
1.707500E-01   -2.779767E+01    1.936453E+01   -1.970999E+02    0.000000E+00    0.000000E+00    0.000000E+00   -1.659444E+01   -2.559319E+01    1.105558E+00    0.000000E+00    0.000000E+00    0.000000E+00
1.717500E-01    1.414964E+01   -5.151970E+00   -3.407959E+02    0.000000E+00    0.000000E+00    0.000000E+00   -1.577927E+00   -5.069229E+00    6.245613E+00    0.000000E+00    0.000000E+00    0.000000E+00
1.727500E-01   -8.995693E+00   -3.502770E+01   -3.389459E+02    0.000000E+00    0.000000E+00    0.000000E+00    1.834199E+01   -2.293427E+01    6.072781E+00    0.000000E+00    0.000000E+00    0.000000E+00
1.737500E-01   -1.840411E+01   -3.380471E+01   -2.138858E+02    0.000000E+00    0.000000E+00    0.000000E+00    1.701911E+01   -2.183194E+01   -4.094807E-01    0.000000E+00    0.000000E+00    0.000000E+00
1.747500E-01    4.093686E+01   -1.099477E+01   -2.396531E+02    0.000000E+00    0.000000E+00    0.000000E+00   -1.549249E+00    1.441173E+01   -3.302354E+00    0.000000E+00    0.000000E+00    0.000000E+00
1.757500E-01    9.098068E+00   -2.653547E+01   -3.552420E+02    0.000000E+00    0.000000E+00    0.000000E+00    4.543458E+00   -1.349525E+01    2.834677E+00    0.000000E+00    0.000000E+00    0.000000E+00
1.767500E-01   -3.445871E+00   -7.246052E+01   -5.958640E+02    0.000000E+00    0.000000E+00    0.000000E+00    2.572067E+01   -3.115708E+01    5.263153E+00    0.000000E+00    0.000000E+00    0.000000E+00
1.777500E-01   -3.099648E+00   -5.750169E+01   -7.068955E+02    0.000000E+00    0.000000E+00    0.000000E+00    1.135391E+01   -3.708181E+01   -4.681880E-02    0.000000E+00    0.000000E+00    0.000000E+00
1.787500E-01   -5.285863E+00   -1.403716E+01   -5.619887E+02    0.000000E+00    0.000000E+00    0.000000E+00   -1.016439E+01   -3.334607E+01   -3.297617E+00    0.000000E+00    0.000000E+00    0.000000E+00
1.797500E-01   -4.305362E+00    4.213370E+00   -4.399420E+02    0.000000E+00    0.000000E+00    0.000000E+00   -1.588789E+01   -2.533336E+01   -1.392927E+00    0.000000E+00    0.000000E+00    0.000000E+00
1.807500E-01    1.149184E+01    9.117790E+01   -3.972753E+02    0.000000E+00    0.000000E+00    0.000000E+00   -6.095067E+01   -1.689321E+01   -6.052374E+00    0.000000E+00    0.000000E+00    0.000000E+00
1.817500E-01    8.363143E+01    1.406503E+02   -4.973224E+02    0.000000E+00    0.000000E+00    0.000000E+00   -8.708191E+01    1.216947E+01   -1.469167E+01    0.000000E+00    0.000000E+00    0.000000E+00
1.827500E-01    7.357773E+01    6.687979E+01   -4.948827E+02    0.000000E+00    0.000000E+00    0.000000E+00   -4.532986E+01    5.315723E+00   -1.228480E+01    0.000000E+00    0.000000E+00    0.000000E+00
1.837500E-01   -1.376877E+01    8.725492E+00   -4.211314E+02    0.000000E+00    0.000000E+00    0.000000E+00   -1.146960E+01   -3.615077E+01   -3.617465E+00    0.000000E+00    0.000000E+00    0.000000E+00
1.847500E-01   -3.138461E+01    1.087186E+01   -3.095748E+02    0.000000E+00    0.000000E+00    0.000000E+00   -9.254918E+00   -3.740621E+01   -1.438285E-01    0.000000E+00    0.000000E+00    0.000000E+00
1.857500E-01   -2.153264E+01   -1.796777E+01   -2.559670E+02    0.000000E+00    0.000000E+00    0.000000E+00    5.613808E+00   -2.713350E+01    1.506928E+00    0.000000E+00    0.000000E+00    0.000000E+00
1.867500E-01   -3.144262E+01   -2.921684E+01   -2.527117E+02    0.000000E+00    0.000000E+00    0.000000E+00    9.523713E+00   -3.074003E+01    2.092231E+00    0.000000E+00    0.000000E+00    0.000000E+00
1.877500E-01   -7.375327E+00    7.501587E+00   -2.573242E+02    0.000000E+00    0.000000E+00    0.000000E+00   -9.221154E+00   -1.968855E+01   -8.165764E-01    0.000000E+00    0.000000E+00    0.000000E+00
1.887500E-01   -2.398197E+01   -6.827566E+00   -2.595996E+02    0.000000E+00    0.000000E+00    0.000000E+00   -3.588081E+00   -2.919138E+01    3.951344E-01    0.000000E+00    0.000000E+00    0.000000E+00
1.897500E-01   -4.800476E+01   -3.707891E+01   -2.066166E+02    0.000000E+00    0.000000E+00    0.000000E+00    1.035972E+01   -3.810841E+01    2.115610E+00    0.000000E+00    0.000000E+00    0.000000E+00
1.907500E-01   -2.471799E+01   -1.394834E+01   -1.678718E+02    0.000000E+00    0.000000E+00    0.000000E+00    3.116754E-01   -2.419840E+01   -8.374818E-01    0.000000E+00    0.000000E+00    0.000000E+00
1.917500E-01   -1.601551E+01    1.094254E+01   -9.525380E+01    0.000000E+00    0.000000E+00    0.000000E+00   -9.584136E+00   -1.495820E+01   -2.273035E+00    0.000000E+00    0.000000E+00    0.000000E+00
1.927500E-01   -1.631702E+01   -2.687969E-01   -8.525462E+01    0.000000E+00    0.000000E+00    0.000000E+00   -3.139996E+00   -1.465025E+01   -7.675864E-01    0.000000E+00    0.000000E+00    0.000000E+00
1.937500E-01   -8.824870E+00   -1.307059E+01   -8.673729E+01    0.000000E+00    0.000000E+00    0.000000E+00    3.239541E+00   -1.088407E+01    6.118684E-02    0.000000E+00    0.000000E+00    0.000000E+00
1.947500E-01   -1.315944E+01   -1.511816E+01   -8.992079E+01    0.000000E+00    0.000000E+00    0.000000E+00    4.334992E+00   -1.326631E+01    8.081722E-01    0.000000E+00    0.000000E+00    0.000000E+00
1.957500E-01   -1.690178E+01   -1.432551E+01   -7.990238E+01    0.000000E+00    0.000000E+00    0.000000E+00    4.522419E+00   -1.436245E+01    1.660723E+00    0.000000E+00    0.000000E+00    0.000000E+00
1.967500E-01   -1.855920E+01   -1.285889E+01   -8.974804E+01    0.000000E+00    0.000000E+00    0.000000E+00    3.862226E+00   -1.572526E+01    2.024055E+00    0.000000E+00    0.000000E+00    0.000000E+00
1.977500E-01   -2.047195E+01   -1.009916E+01   -1.154003E+02    0.000000E+00    0.000000E+00    0.000000E+00    2.285994E+00   -1.838233E+01    1.932733E+00    0.000000E+00    0.000000E+00    0.000000E+00
1.987500E-01   -2.263150E+01   -9.620786E+00   -1.241705E+02    0.000000E+00    0.000000E+00    0.000000E+00    2.507085E+00   -2.012972E+01    1.942661E+00    0.000000E+00    0.000000E+00    0.000000E+00
1.997500E-01   -3.503574E+01   -2.084044E+01   -1.365905E+02    0.000000E+00    0.000000E+00    0.000000E+00    9.045773E+00   -2.852034E+01    2.700083E+00    0.000000E+00    0.000000E+00    0.000000E+00
2.007500E-01   -3.463443E+01   -1.936221E+01   -1.252949E+02    0.000000E+00    0.000000E+00    0.000000E+00    8.021776E+00   -2.829436E+01    2.061683E+00    0.000000E+00    0.000000E+00    0.000000E+00
2.017500E-01   -2.883528E+01   -2.453207E+01   -1.475748E+02    0.000000E+00    0.000000E+00    0.000000E+00    1.020286E+01   -2.730325E+01    2.245586E+00    0.000000E+00    0.000000E+00    0.000000E+00
2.027500E-01   -3.537208E+01   -1.395049E+01   -2.433121E+02    0.000000E+00    0.000000E+00    0.000000E+00    3.857385E+00   -3.899265E+01    1.254995E+00    0.000000E+00    0.000000E+00    0.000000E+00
2.037500E-01   -2.764779E+01   -1.825855E+01   -2.572254E+02    0.000000E+00    0.000000E+00    0.000000E+00    5.345259E+00   -3.563301E+01    1.359934E+00    0.000000E+00    0.000000E+00    0.000000E+00
2.047500E-01   -1.864592E+01   -3.415051E+01   -3.125956E+02    0.000000E+00    0.000000E+00    0.000000E+00    1.213416E+01   -3.341317E+01    2.503328E+00    0.000000E+00    0.000000E+00    0.000000E+00
2.057500E-01    1.282532E+01    1.013466E+01   -3.563494E+02    0.000000E+00    0.000000E+00    0.000000E+00   -1.695319E+01   -1.463016E+01   -1.777142E+00    0.000000E+00    0.000000E+00    0.000000E+00
2.067500E-01    5.399858E+01    5.916953E+01   -3.943004E+02    0.000000E+00    0.000000E+00    0.000000E+00   -4.750380E+01    1.251163E+01   -6.609743E+00    0.000000E+00    0.000000E+00    0.000000E+00
2.077500E-01    8.161027E+01    6.166632E+01   -4.062659E+02    0.000000E+00    0.000000E+00    0.000000E+00   -4.473031E+01    3.050248E+01   -7.642332E+00    0.000000E+00    0.000000E+00    0.000000E+00
2.087500E-01    4.211910E+01    1.886208E+01   -3.419863E+02    0.000000E+00    0.000000E+00    0.000000E+00   -1.378543E+01    8.682546E+00   -3.402308E+00    0.000000E+00    0.000000E+00    0.000000E+00
2.097500E-01   -1.478825E+01    2.301040E+00   -3.386201E+02    0.000000E+00    0.000000E+00    0.000000E+00   -2.379764E+00   -2.902385E+01   -7.074356E-02    0.000000E+00    0.000000E+00    0.000000E+00
2.107500E-01   -5.430584E+01    2.448396E+01   -4.028581E+02    0.000000E+00    0.000000E+00    0.000000E+00   -1.572539E+01   -6.205932E+01   -6.171546E-01    0.000000E+00    0.000000E+00    0.000000E+00
2.117500E-01   -5.137840E+01    1.052904E+01   -4.246804E+02    0.000000E+00    0.000000E+00    0.000000E+00   -6.962198E+00   -6.637823E+01    3.714140E-01    0.000000E+00    0.000000E+00    0.000000E+00
2.127500E-01   -1.603456E+01    2.218207E+01   -4.052112E+02    0.000000E+00    0.000000E+00    0.000000E+00   -1.618567E+01   -4.562481E+01   -1.146822E+00    0.000000E+00    0.000000E+00    0.000000E+00
2.137500E-01    1.851286E+01    4.986942E+01   -3.170617E+02    0.000000E+00    0.000000E+00    0.000000E+00   -3.435282E+01   -1.637849E+01   -5.000957E+00    0.000000E+00    0.000000E+00    0.000000E+00
2.147500E-01    3.166682E+01    5.162761E+01   -2.675561E+02    0.000000E+00    0.000000E+00    0.000000E+00   -3.593250E+01   -3.967215E+00   -5.737026E+00    0.000000E+00    0.000000E+00    0.000000E+00
2.157500E-01    2.417977E+01    3.414411E+01   -2.434350E+02    0.000000E+00    0.000000E+00    0.000000E+00   -2.587120E+01   -8.343223E+00   -4.304610E+00    0.000000E+00    0.000000E+00    0.000000E+00
2.167500E-01    2.460592E+01    1.265563E+01   -2.425922E+02    0.000000E+00    0.000000E+00    0.000000E+00   -1.353388E+01   -6.132656E+00   -2.645312E+00    0.000000E+00    0.000000E+00    0.000000E+00
2.177500E-01    1.634199E+01    6.464686E+00   -2.506150E+02    0.000000E+00    0.000000E+00    0.000000E+00   -9.873806E+00   -9.563982E+00   -1.583924E+00    0.000000E+00    0.000000E+00    0.000000E+00
2.187500E-01    6.965035E+00    5.761389E+00   -1.919029E+02    0.000000E+00    0.000000E+00    0.000000E+00   -8.953391E+00   -1.078470E+01   -1.071523E+00    0.000000E+00    0.000000E+00    0.000000E+00
2.197500E-01    5.764201E+00   -2.415387E+00   -1.406821E+02    0.000000E+00    0.000000E+00    0.000000E+00   -3.286297E+00   -7.146229E+00   -2.007850E-01    0.000000E+00    0.000000E+00    0.000000E+00
2.207500E-01    1.270094E+00    2.260060E+00   -1.422248E+02    0.000000E+00    0.000000E+00    0.000000E+00   -5.191672E+00   -9.654765E+00   -6.492057E-01    0.000000E+00    0.000000E+00    0.000000E+00
2.217500E-01   -8.545155E+00   -6.342825E+00   -1.528773E+02    0.000000E+00    0.000000E+00    0.000000E+00    1.124694E+00   -1.707015E+01    8.812143E-02    0.000000E+00    0.000000E+00    0.000000E+00
2.227500E-01   -1.530515E+01   -3.026255E+01   -2.261333E+02    0.000000E+00    0.000000E+00    0.000000E+00    1.538397E+01   -2.669687E+01    2.388597E+00    0.000000E+00    0.000000E+00    0.000000E+00
2.237500E-01   -6.852694E+00   -3.466842E+01   -2.339340E+02    0.000000E+00    0.000000E+00    0.000000E+00    1.861456E+01   -2.150266E+01    2.721714E+00    0.000000E+00    0.000000E+00    0.000000E+00
2.247500E-01   -1.810879E+00   -2.394105E+01   -2.149762E+02    0.000000E+00    0.000000E+00    0.000000E+00    1.307278E+01   -1.722593E+01    1.602419E+00    0.000000E+00    0.000000E+00    0.000000E+00
2.257500E-01   -4.429689E+00   -9.504221E+00   -2.146269E+02    0.000000E+00    0.000000E+00    0.000000E+00    3.994764E+00   -1.877609E+01    3.268734E-01    0.000000E+00    0.000000E+00    0.000000E+00
2.267500E-01   -3.242196E+00   -1.076110E+01   -1.983841E+02    0.000000E+00    0.000000E+00    0.000000E+00    5.121769E+00   -1.632501E+01    4.732928E-01    0.000000E+00    0.000000E+00    0.000000E+00
2.277500E-01   -5.220404E+00   -1.835097E+01   -2.141299E+02    0.000000E+00    0.000000E+00    0.000000E+00    1.009748E+01   -1.964416E+01    9.975022E-01    0.000000E+00    0.000000E+00    0.000000E+00
2.287500E-01   -1.457194E+01   -7.564157E+00   -2.429067E+02    0.000000E+00    0.000000E+00    0.000000E+00    3.160679E+00   -2.943138E+01    4.746413E-02    0.000000E+00    0.000000E+00    0.000000E+00
2.297500E-01   -1.867854E+01    7.751885E+00   -2.236195E+02    0.000000E+00    0.000000E+00    0.000000E+00   -5.449774E+00   -3.137741E+01   -1.048113E+00    0.000000E+00    0.000000E+00    0.000000E+00
2.307500E-01   -2.871016E+01    1.133251E+01   -2.269034E+02    0.000000E+00    0.000000E+00    0.000000E+00   -7.673468E+00   -3.741738E+01   -9.308099E-01    0.000000E+00    0.000000E+00    0.000000E+00
2.317500E-01   -4.059578E+01    1.347203E+01   -2.186350E+02    0.000000E+00    0.000000E+00    0.000000E+00   -1.028472E+01   -4.265304E+01   -5.459981E-01    0.000000E+00    0.000000E+00    0.000000E+00
2.327500E-01   -2.717809E+01    5.746520E+00   -2.262524E+02    0.000000E+00    0.000000E+00    0.000000E+00   -6.951926E+00   -3.337157E+01    2.072308E-01    0.000000E+00    0.000000E+00    0.000000E+00
2.337500E-01   -1.174630E+01   -6.559653E+00   -2.615211E+02    0.000000E+00    0.000000E+00    0.000000E+00   -8.761931E-02   -2.553982E+01    1.002823E+00    0.000000E+00    0.000000E+00    0.000000E+00
2.347500E-01   -1.812008E+01   -2.043101E+00   -2.661099E+02    0.000000E+00    0.000000E+00    0.000000E+00   -2.865804E+00   -2.902967E+01    5.112167E-01    0.000000E+00    0.000000E+00    0.000000E+00
2.357500E-01   -2.732735E+01    9.060732E+00   -2.480201E+02    0.000000E+00    0.000000E+00    0.000000E+00   -9.259228E+00   -3.250961E+01   -4.723371E-01    0.000000E+00    0.000000E+00    0.000000E+00
2.367500E-01   -2.578354E+01    3.663394E+00   -2.274945E+02    0.000000E+00    0.000000E+00    0.000000E+00   -4.995321E+00   -2.991973E+01   -2.556059E-01    0.000000E+00    0.000000E+00    0.000000E+00
2.377500E-01   -2.361839E+01   -8.152755E+00   -2.164623E+02    0.000000E+00    0.000000E+00    0.000000E+00    3.038106E+00   -2.840286E+01    5.285157E-01    0.000000E+00    0.000000E+00    0.000000E+00
2.387500E-01   -1.440638E+01   -2.616607E+00   -2.123197E+02    0.000000E+00    0.000000E+00    0.000000E+00   -6.029750E-01   -2.285056E+01    9.575666E-02    0.000000E+00    0.000000E+00    0.000000E+00
2.397500E-01   -7.954764E+00    5.763663E+00   -2.112272E+02    0.000000E+00    0.000000E+00    0.000000E+00   -5.218150E+00   -1.941319E+01   -6.301620E-01    0.000000E+00    0.000000E+00    0.000000E+00
2.407500E-01   -2.060067E+01   -4.071766E+00   -2.142020E+02    0.000000E+00    0.000000E+00    0.000000E+00    2.416083E+00   -2.789143E+01   -7.107269E-03    0.000000E+00    0.000000E+00    0.000000E+00
2.417500E-01   -2.476384E+01   -2.030205E+01   -2.101218E+02    0.000000E+00    0.000000E+00    0.000000E+00    1.217213E+01   -2.962854E+01    1.053336E+00    0.000000E+00    0.000000E+00    0.000000E+00
2.427500E-01   -1.869842E+01   -1.916190E+01   -2.075200E+02    0.000000E+00    0.000000E+00    0.000000E+00    1.066954E+01   -2.560987E+01    8.599828E-01    0.000000E+00    0.000000E+00    0.000000E+00
2.437500E-01   -1.758669E+01   -1.173872E+01   -2.041410E+02    0.000000E+00    0.000000E+00    0.000000E+00    6.674596E+00   -2.529498E+01    9.932743E-02    0.000000E+00    0.000000E+00    0.000000E+00
2.447500E-01   -4.175355E+00   -6.681104E+00   -1.985538E+02    0.000000E+00    0.000000E+00    0.000000E+00    3.615708E+00   -1.734630E+01   -4.997234E-01    0.000000E+00    0.000000E+00    0.000000E+00
2.457500E-01    5.443903E+00    3.582338E+00   -1.863682E+02    0.000000E+00    0.000000E+00    0.000000E+00   -3.583721E+00   -1.098718E+01   -8.602880E-01    0.000000E+00    0.000000E+00    0.000000E+00
2.467500E-01   -4.171797E+00   -2.814601E+00   -1.747727E+02    0.000000E+00    0.000000E+00    0.000000E+00   -4.267145E-01   -1.602253E+01    1.957375E-01    0.000000E+00    0.000000E+00    0.000000E+00
2.477500E-01   -9.575440E+00   -9.088400E+00   -1.814631E+02    0.000000E+00    0.000000E+00    0.000000E+00    2.713764E+00   -1.977165E+01    9.224215E-01    0.000000E+00    0.000000E+00    0.000000E+00
2.487500E-01   -1.065526E+01    5.263311E+00   -1.901699E+02    0.000000E+00    0.000000E+00    0.000000E+00   -6.555717E+00   -2.046062E+01    1.117816E-01    0.000000E+00    0.000000E+00    0.000000E+00
2.497500E-01   -2.776864E+01    1.462383E+00   -1.986242E+02    0.000000E+00    0.000000E+00    0.000000E+00   -4.974604E+00   -3.108544E+01    7.066514E-01    0.000000E+00    0.000000E+00    0.000000E+00
2.507500E-01   -2.854991E+01   -3.390285E+00   -1.929019E+02    0.000000E+00    0.000000E+00    0.000000E+00   -2.533726E+00   -3.130656E+01    8.181953E-01    0.000000E+00    0.000000E+00    0.000000E+00
2.517500E-01   -6.846809E+00    5.151405E+00   -1.766286E+02    0.000000E+00    0.000000E+00    0.000000E+00   -7.139762E+00   -1.700027E+01   -2.882989E-01    0.000000E+00    0.000000E+00    0.000000E+00
2.527500E-01   -1.392920E+01    3.398367E+00   -1.791953E+02    0.000000E+00    0.000000E+00    0.000000E+00   -5.969128E+00   -2.117832E+01    3.027707E-01    0.000000E+00    0.000000E+00    0.000000E+00
2.537500E-01   -1.709407E+01    7.461029E+00   -1.806367E+02    0.000000E+00    0.000000E+00    0.000000E+00   -8.438876E+00   -2.274237E+01    3.511206E-01    0.000000E+00    0.000000E+00    0.000000E+00
2.547500E-01   -1.839675E+01    9.610399E+00   -1.914321E+02    0.000000E+00    0.000000E+00    0.000000E+00   -9.902716E+00   -2.353987E+01    3.453225E-01    0.000000E+00    0.000000E+00    0.000000E+00
2.557500E-01   -3.109295E+01    4.917502E+00   -1.984060E+02    0.000000E+00    0.000000E+00    0.000000E+00   -7.710007E+00   -3.060599E+01    1.072260E+00    0.000000E+00    0.000000E+00    0.000000E+00
2.567500E-01   -2.157745E+01    3.674243E+00   -1.953496E+02    0.000000E+00    0.000000E+00    0.000000E+00   -7.320653E+00   -2.500500E+01    7.729436E-01    0.000000E+00    0.000000E+00    0.000000E+00
2.577500E-01   -2.296650E+01    6.356248E+00   -1.987748E+02    0.000000E+00    0.000000E+00    0.000000E+00   -9.177201E+00   -2.597674E+01    3.526403E-01    0.000000E+00    0.000000E+00    0.000000E+00
2.587500E-01   -2.202028E+01    4.154819E+00   -1.756408E+02    0.000000E+00    0.000000E+00    0.000000E+00   -7.447575E+00   -2.359187E+01    4.107236E-01    0.000000E+00    0.000000E+00    0.000000E+00
2.597500E-01   -8.598770E+00    1.782069E+00   -1.910160E+02    0.000000E+00    0.000000E+00    0.000000E+00   -7.047573E+00   -1.736221E+01    5.049265E-01    0.000000E+00    0.000000E+00    0.000000E+00
2.607500E-01   -1.180119E+01    4.670062E+00   -2.223189E+02    0.000000E+00    0.000000E+00    0.000000E+00   -1.026958E+01   -2.121838E+01    6.484267E-01    0.000000E+00    0.000000E+00    0.000000E+00
2.617500E-01   -3.262256E+01    1.197734E+00   -2.258383E+02    0.000000E+00    0.000000E+00    0.000000E+00   -8.763807E+00   -3.269664E+01    1.446686E+00    0.000000E+00    0.000000E+00    0.000000E+00
2.627500E-01   -2.735099E+01    6.805797E+00   -2.208586E+02    0.000000E+00    0.000000E+00    0.000000E+00   -1.226843E+01   -2.906770E+01    9.537926E-01    0.000000E+00    0.000000E+00    0.000000E+00
2.637500E-01    3.682469E+00    1.998132E+01   -2.061075E+02    0.000000E+00    0.000000E+00    0.000000E+00   -1.954016E+01   -1.025304E+01   -9.423035E-01    0.000000E+00    0.000000E+00    0.000000E+00
2.647500E-01    2.082867E+01    1.671836E+01   -1.979241E+02    0.000000E+00    0.000000E+00    0.000000E+00   -1.745802E+01    5.726237E-01   -1.473903E+00    0.000000E+00    0.000000E+00    0.000000E+00
2.657500E-01    8.829837E+00    6.484622E+00   -2.191107E+02    0.000000E+00    0.000000E+00    0.000000E+00   -1.285068E+01   -6.823782E+00   -5.963395E-01    0.000000E+00    0.000000E+00    0.000000E+00
2.667500E-01   -3.368149E+00    3.521651E+00   -2.319271E+02    0.000000E+00    0.000000E+00    0.000000E+00   -1.187775E+01   -1.290032E+01   -2.073777E-01    0.000000E+00    0.000000E+00    0.000000E+00
2.677500E-01    1.273044E+01    4.298039E-01   -2.268745E+02    0.000000E+00    0.000000E+00    0.000000E+00   -9.504472E+00   -2.060367E+00   -4.796619E-01    0.000000E+00    0.000000E+00    0.000000E+00
2.687500E-01    2.032417E+01   -7.008881E+00   -2.282466E+02    0.000000E+00    0.000000E+00    0.000000E+00   -5.302655E+00    2.945511E+00   -4.100015E-01    0.000000E+00    0.000000E+00    0.000000E+00
2.697500E-01    1.036714E+01    1.969616E+00   -2.187906E+02    0.000000E+00    0.000000E+00    0.000000E+00   -9.571062E+00   -1.599753E+00   -6.625250E-01    0.000000E+00    0.000000E+00    0.000000E+00
2.707500E-01    1.712117E+01    2.290434E+01   -2.815603E+02    0.000000E+00    0.000000E+00    0.000000E+00   -2.328792E+01   -3.339697E-01   -1.812902E+00    0.000000E+00    0.000000E+00    0.000000E+00
2.717500E-01    5.036750E+00    8.004722E+00   -2.178573E+02    0.000000E+00    0.000000E+00    0.000000E+00   -1.134542E+01   -5.402556E+00   -7.777241E-01    0.000000E+00    0.000000E+00    0.000000E+00
2.727500E-01   -3.956070E+00   -1.334980E+00   -1.907588E+02    0.000000E+00    0.000000E+00    0.000000E+00   -5.167292E+00   -9.724649E+00    1.389868E-01    0.000000E+00    0.000000E+00    0.000000E+00
2.737500E-01    1.396063E+00   -4.696730E+00   -2.042734E+02    0.000000E+00    0.000000E+00    0.000000E+00   -4.566673E+00   -7.449785E+00    4.029470E-01    0.000000E+00    0.000000E+00    0.000000E+00
2.747500E-01   -3.989418E+00   -8.843871E+00   -1.880802E+02    0.000000E+00    0.000000E+00    0.000000E+00   -2.338673E+00   -1.002952E+01    8.225182E-01    0.000000E+00    0.000000E+00    0.000000E+00
2.757500E-01   -1.218180E+01   -9.894423E+00   -1.637497E+02    0.000000E+00    0.000000E+00    0.000000E+00   -1.627339E+00   -1.333574E+01    9.628080E-01    0.000000E+00    0.000000E+00    0.000000E+00
2.767500E-01    4.778995E+00    4.394140E+00   -1.626851E+02    0.000000E+00    0.000000E+00    0.000000E+00   -9.797513E+00   -3.405876E+00   -3.662698E-01    0.000000E+00    0.000000E+00    0.000000E+00
2.777500E-01    1.544001E+01    2.762208E+01   -1.777258E+02    0.000000E+00    0.000000E+00    0.000000E+00   -2.265777E+01    2.981088E+00   -1.199263E+00    0.000000E+00    0.000000E+00    0.000000E+00
2.787500E-01   -8.995847E-01    5.316316E+00   -1.837952E+02    0.000000E+00    0.000000E+00    0.000000E+00   -9.954131E+00   -5.225060E+00    5.079790E-01    0.000000E+00    0.000000E+00    0.000000E+00
2.797500E-01   -1.232145E+01   -1.242585E+01   -1.944792E+02    0.000000E+00    0.000000E+00    0.000000E+00   -6.363285E-01   -1.094291E+01    1.352304E+00    0.000000E+00    0.000000E+00    0.000000E+00
2.807500E-01   -5.299352E+00    3.815172E+00   -1.945868E+02    0.000000E+00    0.000000E+00    0.000000E+00   -9.679087E+00   -6.454703E+00    3.909652E-01    0.000000E+00    0.000000E+00    0.000000E+00
2.817500E-01    1.411484E+01    6.733656E+00   -1.971371E+02    0.000000E+00    0.000000E+00    0.000000E+00   -1.074759E+01    5.202024E+00   -2.811597E-01    0.000000E+00    0.000000E+00    0.000000E+00
2.827500E-01    1.635982E+01   -1.936717E-01   -1.894201E+02    0.000000E+00    0.000000E+00    0.000000E+00   -6.191466E+00    6.740892E+00   -3.047315E-02    0.000000E+00    0.000000E+00    0.000000E+00
2.837500E-01   -1.032439E+01   -2.240007E+01   -2.102682E+02    0.000000E+00    0.000000E+00    0.000000E+00    5.453355E+00   -8.777866E+00    1.479375E+00    0.000000E+00    0.000000E+00    0.000000E+00
2.847500E-01   -1.185758E+01   -1.613759E+01   -2.281262E+02    0.000000E+00    0.000000E+00    0.000000E+00   -7.602651E-02   -9.183575E+00    8.378604E-01    0.000000E+00    0.000000E+00    0.000000E+00
2.857500E-01   -9.823188E+00    4.500259E+00   -2.092632E+02    0.000000E+00    0.000000E+00    0.000000E+00   -1.137246E+01   -8.067725E+00    8.193742E-02    0.000000E+00    0.000000E+00    0.000000E+00
2.867500E-01   -2.777243E+01    3.040958E+00   -2.158509E+02    0.000000E+00    0.000000E+00    0.000000E+00   -1.080342E+01   -1.878214E+01    1.118843E+00    0.000000E+00    0.000000E+00    0.000000E+00
2.877500E-01   -2.723841E+01    1.124933E+01   -2.186616E+02    0.000000E+00    0.000000E+00    0.000000E+00   -1.728913E+01   -1.817794E+01    1.056535E+00    0.000000E+00    0.000000E+00    0.000000E+00
2.887500E-01   -3.513993E+01    1.422457E+01   -2.227761E+02    0.000000E+00    0.000000E+00    0.000000E+00   -1.971114E+01   -2.282801E+01    1.705130E+00    0.000000E+00    0.000000E+00    0.000000E+00
2.897500E-01   -3.447189E+01    1.118796E+01   -2.203456E+02    0.000000E+00    0.000000E+00    0.000000E+00   -1.829578E+01   -2.180725E+01    1.756599E+00    0.000000E+00    0.000000E+00    0.000000E+00
2.907500E-01   -2.113318E+01    1.787047E+01   -2.168568E+02    0.000000E+00    0.000000E+00    0.000000E+00   -2.315701E+01   -1.331911E+01    9.762516E-01    0.000000E+00    0.000000E+00    0.000000E+00
2.917500E-01   -1.701448E+01    2.301308E+01   -2.142575E+02    0.000000E+00    0.000000E+00    0.000000E+00   -2.645088E+01   -1.066193E+01    9.529654E-01    0.000000E+00    0.000000E+00    0.000000E+00
2.927500E-01   -1.425127E+01    2.125073E+01   -2.157812E+02    0.000000E+00    0.000000E+00    0.000000E+00   -2.584754E+01   -8.297832E+00    8.894108E-01    0.000000E+00    0.000000E+00    0.000000E+00
2.937500E-01   -1.563779E+01    1.712320E+01   -2.363977E+02    0.000000E+00    0.000000E+00    0.000000E+00   -2.450624E+01   -8.506230E+00    7.518489E-01    0.000000E+00    0.000000E+00    0.000000E+00
2.947500E-01   -1.420436E+01    7.369112E+00   -2.201613E+02    0.000000E+00    0.000000E+00    0.000000E+00   -1.711758E+01   -7.384834E+00    3.036763E-01    0.000000E+00    0.000000E+00    0.000000E+00
2.957500E-01   -5.171669E+00    6.225128E+00   -2.172612E+02    0.000000E+00    0.000000E+00    0.000000E+00   -1.643191E+01   -1.686657E+00   -2.765862E-01    0.000000E+00    0.000000E+00    0.000000E+00
2.967500E-01   -3.854235E+00    1.129284E+01   -2.115490E+02    0.000000E+00    0.000000E+00    0.000000E+00   -1.994085E+01   -4.156492E-01   -3.106081E-02    0.000000E+00    0.000000E+00    0.000000E+00
2.977500E-01   -3.475753E+00    1.225297E+01   -1.995167E+02    0.000000E+00    0.000000E+00    0.000000E+00   -2.065925E+01    4.822316E-01    2.659618E-01    0.000000E+00    0.000000E+00    0.000000E+00
2.987500E-01   -1.264282E+00    1.188352E+01   -2.179209E+02    0.000000E+00    0.000000E+00    0.000000E+00   -2.254423E+01    2.100159E+00    1.384965E-01    0.000000E+00    0.000000E+00    0.000000E+00
2.997500E-01   -5.889087E+00    1.245194E+01   -2.162183E+02    0.000000E+00    0.000000E+00    0.000000E+00   -2.367606E+01   -6.049155E-01    3.781511E-01    0.000000E+00    0.000000E+00    0.000000E+00
3.007500E-01   -1.244393E+01    1.247822E+01   -2.099065E+02    0.000000E+00    0.000000E+00    0.000000E+00   -2.392073E+01   -4.573992E+00    7.718531E-01    0.000000E+00    0.000000E+00    0.000000E+00
3.017500E-01   -5.382925E+00    9.295799E+00   -1.972740E+02    0.000000E+00    0.000000E+00    0.000000E+00   -2.148060E+01   -5.248251E-01    1.335869E-01    0.000000E+00    0.000000E+00    0.000000E+00
3.027500E-01    1.685244E+00    4.751369E+00   -1.850183E+02    0.000000E+00    0.000000E+00    0.000000E+00   -1.824425E+01    4.146040E+00   -4.238334E-01    0.000000E+00    0.000000E+00    0.000000E+00
3.037500E-01    2.022572E+00   -1.777417E-01   -1.907459E+02    0.000000E+00    0.000000E+00    0.000000E+00   -1.600290E+01    5.444617E+00   -4.718665E-01    0.000000E+00    0.000000E+00    0.000000E+00
3.047500E-01    4.286519E+00   -3.228162E+00   -1.963176E+02    0.000000E+00    0.000000E+00    0.000000E+00   -1.481523E+01    7.582398E+00   -7.391203E-01    0.000000E+00    0.000000E+00    0.000000E+00
3.057500E-01    8.525499E+00    2.642665E+00   -1.969593E+02    0.000000E+00    0.000000E+00    0.000000E+00   -1.800192E+01    1.172839E+01   -8.852690E-01    0.000000E+00    0.000000E+00    0.000000E+00
3.067500E-01    1.818761E+01    9.569954E+00   -1.889847E+02    0.000000E+00    0.000000E+00    0.000000E+00   -2.025370E+01    1.947829E+01   -1.433866E+00    0.000000E+00    0.000000E+00    0.000000E+00
3.077500E-01    2.784503E+01    1.195126E+01   -1.909295E+02    0.000000E+00    0.000000E+00    0.000000E+00   -2.284481E+01    2.481053E+01   -2.143184E+00    0.000000E+00    0.000000E+00    0.000000E+00
3.087500E-01    2.647401E+01    1.559338E+01   -2.002617E+02    0.000000E+00    0.000000E+00    0.000000E+00   -2.832372E+01    2.339730E+01   -1.843070E+00    0.000000E+00    0.000000E+00    0.000000E+00
3.097500E-01    2.600357E+01    1.180995E+01   -2.140979E+02    0.000000E+00    0.000000E+00    0.000000E+00   -2.840539E+01    2.411673E+01   -2.059961E+00    0.000000E+00    0.000000E+00    0.000000E+00
3.107500E-01    2.332490E+01    6.891708E+00   -2.100272E+02    0.000000E+00    0.000000E+00    0.000000E+00   -2.488535E+01    2.229790E+01   -2.146408E+00    0.000000E+00    0.000000E+00    0.000000E+00
3.117500E-01    1.434790E+01    8.285356E+00   -2.028551E+02    0.000000E+00    0.000000E+00    0.000000E+00   -2.530902E+01    1.655092E+01   -1.147683E+00    0.000000E+00    0.000000E+00    0.000000E+00
3.127500E-01    1.532332E+00    4.703480E+00   -2.212561E+02    0.000000E+00    0.000000E+00    0.000000E+00   -2.500027E+01    1.052957E+01   -5.568994E-02    0.000000E+00    0.000000E+00    0.000000E+00
3.137500E-01   -3.418368E+00    4.769368E+00   -2.281262E+02    0.000000E+00    0.000000E+00    0.000000E+00   -2.552809E+01    9.860077E+00    6.279542E-01    0.000000E+00    0.000000E+00    0.000000E+00
3.147500E-01    2.906785E+00    4.666385E+00   -2.359863E+02    0.000000E+00    0.000000E+00    0.000000E+00   -2.641650E+01    1.684214E+01    2.491502E-01    0.000000E+00    0.000000E+00    0.000000E+00
3.157500E-01    1.456713E+01   -9.406741E-01   -2.564656E+02    0.000000E+00    0.000000E+00    0.000000E+00   -2.540850E+01    2.755654E+01   -1.167699E+00    0.000000E+00    0.000000E+00    0.000000E+00
3.167500E-01    1.824551E+01   -4.779986E+00   -2.549326E+02    0.000000E+00    0.000000E+00    0.000000E+00   -2.313001E+01    3.124905E+01   -1.748996E+00    0.000000E+00    0.000000E+00    0.000000E+00
3.177500E-01    2.034824E+01   -1.671348E+00   -2.339050E+02    0.000000E+00    0.000000E+00    0.000000E+00   -2.342068E+01    3.226515E+01   -1.743815E+00    0.000000E+00    0.000000E+00    0.000000E+00
3.187500E-01    2.480325E+01    6.118415E+00   -2.188859E+02    0.000000E+00    0.000000E+00    0.000000E+00   -2.701702E+01    3.425682E+01   -1.692477E+00    0.000000E+00    0.000000E+00    0.000000E+00
3.197500E-01    2.560731E+01    1.494357E+01   -2.192627E+02    0.000000E+00    0.000000E+00    0.000000E+00   -3.281106E+01    3.462156E+01   -1.147644E+00    0.000000E+00    0.000000E+00    0.000000E+00
3.207500E-01    1.870028E+01    1.929221E+01   -2.304359E+02    0.000000E+00    0.000000E+00    0.000000E+00   -3.757972E+01    3.139900E+01   -1.363499E-01    0.000000E+00    0.000000E+00    0.000000E+00
3.217500E-01    1.250039E+01    2.013768E+01   -2.360302E+02    0.000000E+00    0.000000E+00    0.000000E+00   -3.935316E+01    2.836938E+01    6.322739E-01    0.000000E+00    0.000000E+00    0.000000E+00
3.227500E-01    1.299220E+01    2.404302E+01   -2.181907E+02    0.000000E+00    0.000000E+00    0.000000E+00   -4.011652E+01    2.737792E+01    1.014701E+00    0.000000E+00    0.000000E+00    0.000000E+00
3.237500E-01    1.092007E+01    2.208624E+01   -2.030158E+02    0.000000E+00    0.000000E+00    0.000000E+00   -3.771306E+01    2.531022E+01    1.165134E+00    0.000000E+00    0.000000E+00    0.000000E+00
3.247500E-01    1.190446E+01    1.945209E+01   -1.988198E+02    0.000000E+00    0.000000E+00    0.000000E+00   -3.597291E+01    2.657806E+01    9.720486E-01    0.000000E+00    0.000000E+00    0.000000E+00
3.257500E-01    1.808638E+01    2.161153E+01   -2.002073E+02    0.000000E+00    0.000000E+00    0.000000E+00   -3.801426E+01    3.152068E+01    5.759947E-01    0.000000E+00    0.000000E+00    0.000000E+00
3.267500E-01    2.128168E+01    2.057575E+01   -2.037124E+02    0.000000E+00    0.000000E+00    0.000000E+00   -3.863919E+01    3.497028E+01    1.085073E-01    0.000000E+00    0.000000E+00    0.000000E+00
3.277500E-01    1.704307E+01    1.576926E+01   -2.092861E+02    0.000000E+00    0.000000E+00    0.000000E+00   -3.685461E+01    3.455628E+01    2.389469E-01    0.000000E+00    0.000000E+00    0.000000E+00
3.287500E-01    1.246350E+01    1.031242E+01   -2.035630E+02    0.000000E+00    0.000000E+00    0.000000E+00   -3.285361E+01    3.267012E+01    3.365003E-01    0.000000E+00    0.000000E+00    0.000000E+00
3.297500E-01    1.359476E+01    6.749220E+00   -1.957370E+02    0.000000E+00    0.000000E+00    0.000000E+00   -2.999675E+01    3.360861E+01   -2.378253E-01    0.000000E+00    0.000000E+00    0.000000E+00
3.307500E-01    1.229235E+01    6.033508E+00   -1.973053E+02    0.000000E+00    0.000000E+00    0.000000E+00   -3.033111E+01    3.391244E+01   -1.936976E-01    0.000000E+00    0.000000E+00    0.000000E+00
3.317500E-01    6.796316E+00    1.221308E+01   -2.063848E+02    0.000000E+00    0.000000E+00    0.000000E+00   -3.602728E+01    3.259271E+01    1.348786E+00    0.000000E+00    0.000000E+00    0.000000E+00
3.327500E-01    6.670427E+00    2.020620E+01   -2.151352E+02    0.000000E+00    0.000000E+00    0.000000E+00   -4.302145E+01    3.442517E+01    2.401589E+00    0.000000E+00    0.000000E+00    0.000000E+00
3.337500E-01    2.983381E+00    2.341131E+01   -2.196732E+02    0.000000E+00    0.000000E+00    0.000000E+00   -4.672383E+01    3.340767E+01    3.423628E+00    0.000000E+00    0.000000E+00    0.000000E+00
3.347500E-01   -8.730087E+00    2.062152E+01   -2.197952E+02    0.000000E+00    0.000000E+00    0.000000E+00   -4.635402E+01    2.705034E+01    4.880143E+00    0.000000E+00    0.000000E+00    0.000000E+00
3.357500E-01   -5.896251E+00    1.976557E+01   -2.166132E+02    0.000000E+00    0.000000E+00    0.000000E+00   -4.671789E+01    2.912016E+01    4.251530E+00    0.000000E+00    0.000000E+00    0.000000E+00
3.367500E-01    1.363725E+00    2.242427E+01   -2.094286E+02    0.000000E+00    0.000000E+00    0.000000E+00   -4.826216E+01    3.313398E+01    3.479126E+00    0.000000E+00    0.000000E+00    0.000000E+00
3.377500E-01   -2.850962E-01    2.384122E+01   -2.214279E+02    0.000000E+00    0.000000E+00    0.000000E+00   -5.196407E+01    3.491347E+01    4.180456E+00    0.000000E+00    0.000000E+00    0.000000E+00
3.387500E-01    7.544393E+00    2.743017E+01   -2.311387E+02    0.000000E+00    0.000000E+00    0.000000E+00   -5.681006E+01    4.259758E+01    3.701336E+00    0.000000E+00    0.000000E+00    0.000000E+00
3.397500E-01    1.330108E+01    3.021142E+01   -2.330168E+02    0.000000E+00    0.000000E+00    0.000000E+00   -5.971472E+01    4.790601E+01    3.439305E+00    0.000000E+00    0.000000E+00    0.000000E+00
3.407500E-01    1.735621E+01    2.921493E+01   -2.363691E+02    0.000000E+00    0.000000E+00    0.000000E+00   -6.060303E+01    5.260809E+01    2.724181E+00    0.000000E+00    0.000000E+00    0.000000E+00
3.417500E-01    2.665507E+01    2.727410E+01   -2.355115E+02    0.000000E+00    0.000000E+00    0.000000E+00   -6.035879E+01    5.973821E+01    7.173204E-01    0.000000E+00    0.000000E+00    0.000000E+00
3.427500E-01    3.394297E+01    2.881177E+01   -2.341941E+02    0.000000E+00    0.000000E+00    0.000000E+00   -6.229344E+01    6.530512E+01   -3.767452E-01    0.000000E+00    0.000000E+00    0.000000E+00
3.437500E-01    3.650018E+01    2.960500E+01   -2.338973E+02    0.000000E+00    0.000000E+00    0.000000E+00   -6.400722E+01    6.803898E+01   -7.458548E-01    0.000000E+00    0.000000E+00    0.000000E+00
3.447500E-01    3.920597E+01    2.878075E+01   -2.381754E+02    0.000000E+00    0.000000E+00    0.000000E+00   -6.563557E+01    7.160702E+01   -1.525785E+00    0.000000E+00    0.000000E+00    0.000000E+00
3.457500E-01    3.792114E+01    2.911265E+01   -2.437676E+02    0.000000E+00    0.000000E+00    0.000000E+00   -6.826555E+01    7.305623E+01   -1.334434E+00    0.000000E+00    0.000000E+00    0.000000E+00
3.467500E-01    3.521784E+01    3.110043E+01   -2.428448E+02    0.000000E+00    0.000000E+00    0.000000E+00   -7.056908E+01    7.253579E+01   -5.143142E-01    0.000000E+00    0.000000E+00    0.000000E+00
3.477500E-01    3.667328E+01    3.495719E+01   -2.454187E+02    0.000000E+00    0.000000E+00    0.000000E+00   -7.478960E+01    7.516653E+01   -1.045266E-01    0.000000E+00    0.000000E+00    0.000000E+00
3.487500E-01    3.736011E+01    3.438001E+01   -2.312018E+02    0.000000E+00    0.000000E+00    0.000000E+00   -7.276680E+01    7.393797E+01   -3.835120E-01    0.000000E+00    0.000000E+00    0.000000E+00
3.497500E-01    4.442218E+01    3.500032E+01   -2.288284E+02    0.000000E+00    0.000000E+00    0.000000E+00   -7.401337E+01    7.904821E+01   -1.916855E+00    0.000000E+00    0.000000E+00    0.000000E+00
3.507500E-01    4.829348E+01    3.756603E+01   -2.361251E+02    0.000000E+00    0.000000E+00    0.000000E+00   -7.831620E+01    8.391890E+01   -2.352991E+00    0.000000E+00    0.000000E+00    0.000000E+00
3.517500E-01    4.933528E+01    3.972744E+01   -2.257967E+02    0.000000E+00    0.000000E+00    0.000000E+00   -7.857774E+01    8.351274E+01   -2.190338E+00    0.000000E+00    0.000000E+00    0.000000E+00
3.527500E-01    6.043149E+01    4.605754E+01   -2.364398E+02    0.000000E+00    0.000000E+00    0.000000E+00   -8.641769E+01    9.459687E+01   -3.441763E+00    0.000000E+00    0.000000E+00    0.000000E+00
3.537500E-01    6.204914E+01    4.961656E+01   -2.405086E+02    0.000000E+00    0.000000E+00    0.000000E+00   -9.042194E+01    9.760758E+01   -3.133871E+00    0.000000E+00    0.000000E+00    0.000000E+00
3.547500E-01    6.701046E+01    5.668297E+01   -2.465656E+02    0.000000E+00    0.000000E+00    0.000000E+00   -9.727091E+01    1.034973E+02   -2.689248E+00    0.000000E+00    0.000000E+00    0.000000E+00
3.557500E-01    6.072883E+01    5.075388E+01   -2.519945E+02    0.000000E+00    0.000000E+00    0.000000E+00   -9.609367E+01    1.027345E+02   -2.626910E+00    0.000000E+00    0.000000E+00    0.000000E+00
3.567500E-01    4.376074E+01    4.196286E+01   -2.716168E+02    0.000000E+00    0.000000E+00    0.000000E+00   -9.672035E+01    9.907141E+01   -3.318050E-01    0.000000E+00    0.000000E+00    0.000000E+00
3.577500E-01    4.125160E+01    4.247214E+01   -2.847377E+02    0.000000E+00    0.000000E+00    0.000000E+00   -1.015999E+02    1.029944E+02    1.009165E+00    0.000000E+00    0.000000E+00    0.000000E+00
3.587500E-01    5.007191E+01    4.429714E+01   -2.812638E+02    0.000000E+00    0.000000E+00    0.000000E+00   -1.028255E+02    1.094459E+02   -3.760358E-01    0.000000E+00    0.000000E+00    0.000000E+00
3.597500E-01    5.031733E+01    4.156643E+01   -2.799191E+02    0.000000E+00    0.000000E+00    0.000000E+00   -1.016697E+02    1.108406E+02   -1.031601E+00    0.000000E+00    0.000000E+00    0.000000E+00
3.607500E-01    5.005729E+01    4.037835E+01   -2.713804E+02    0.000000E+00    0.000000E+00    0.000000E+00   -9.979434E+01    1.102003E+02   -1.300482E+00    0.000000E+00    0.000000E+00    0.000000E+00
3.617500E-01    5.473831E+01    4.252643E+01   -2.624904E+02    0.000000E+00    0.000000E+00    0.000000E+00   -1.002361E+02    1.129451E+02   -1.962512E+00    0.000000E+00    0.000000E+00    0.000000E+00
3.627500E-01    5.492284E+01    4.250781E+01   -2.587720E+02    0.000000E+00    0.000000E+00    0.000000E+00   -1.006309E+02    1.139606E+02   -1.999323E+00    0.000000E+00    0.000000E+00    0.000000E+00
3.637500E-01    5.795594E+01    4.729443E+01   -2.554226E+02    0.000000E+00    0.000000E+00    0.000000E+00   -1.040103E+02    1.166478E+02   -1.349623E+00    0.000000E+00    0.000000E+00    0.000000E+00
3.647500E-01    5.855000E+01    5.035148E+01   -2.500188E+02    0.000000E+00    0.000000E+00    0.000000E+00   -1.058012E+02    1.172926E+02   -5.471911E-01    0.000000E+00    0.000000E+00    0.000000E+00
3.657500E-01    5.761084E+01    5.026081E+01   -2.409777E+02    0.000000E+00    0.000000E+00    0.000000E+00   -1.044916E+02    1.156069E+02   -3.575065E-01    0.000000E+00    0.000000E+00    0.000000E+00
3.667500E-01    6.328195E+01    5.437026E+01   -2.330619E+02    0.000000E+00    0.000000E+00    0.000000E+00   -1.059918E+02    1.182516E+02   -7.540349E-01    0.000000E+00    0.000000E+00    0.000000E+00
3.677500E-01    6.146364E+01    5.212688E+01   -2.349277E+02    0.000000E+00    0.000000E+00    0.000000E+00   -1.063100E+02    1.193150E+02   -9.291484E-01    0.000000E+00    0.000000E+00    0.000000E+00
3.687500E-01    6.083392E+01    5.084926E+01   -2.356818E+02    0.000000E+00    0.000000E+00    0.000000E+00   -1.069977E+02    1.209717E+02   -1.138398E+00    0.000000E+00    0.000000E+00    0.000000E+00
3.697500E-01    5.979504E+01    4.965267E+01   -2.410264E+02    0.000000E+00    0.000000E+00    0.000000E+00   -1.091352E+02    1.240175E+02   -1.160282E+00    0.000000E+00    0.000000E+00    0.000000E+00
3.707500E-01    5.863548E+01    4.831607E+01   -2.453660E+02    0.000000E+00    0.000000E+00    0.000000E+00   -1.108492E+02    1.265258E+02   -1.216922E+00    0.000000E+00    0.000000E+00    0.000000E+00
3.717500E-01    6.387328E+01    5.436879E+01   -2.443272E+02    0.000000E+00    0.000000E+00    0.000000E+00   -1.156383E+02    1.312370E+02   -6.525498E-01    0.000000E+00    0.000000E+00    0.000000E+00
3.727500E-01    5.975093E+01    5.456442E+01   -2.493059E+02    0.000000E+00    0.000000E+00    0.000000E+00   -1.187230E+02    1.321703E+02    8.794953E-01    0.000000E+00    0.000000E+00    0.000000E+00
3.737500E-01    6.208266E+01    5.792974E+01   -2.552238E+02    0.000000E+00    0.000000E+00    0.000000E+00   -1.243602E+02    1.377620E+02    1.440087E+00    0.000000E+00    0.000000E+00    0.000000E+00
3.747500E-01    6.669444E+01    6.293294E+01   -2.622561E+02    0.000000E+00    0.000000E+00    0.000000E+00   -1.314661E+02    1.452672E+02    1.861510E+00    0.000000E+00    0.000000E+00    0.000000E+00
3.757500E-01    6.482452E+01    6.054035E+01   -2.665145E+02    0.000000E+00    0.000000E+00    0.000000E+00   -1.329035E+02    1.475340E+02    1.625444E+00    0.000000E+00    0.000000E+00    0.000000E+00
3.767500E-01    6.769079E+01    6.199654E+01   -2.681313E+02    0.000000E+00    0.000000E+00    0.000000E+00   -1.361281E+02    1.521029E+02    1.206172E+00    0.000000E+00    0.000000E+00    0.000000E+00
3.777500E-01    6.828128E+01    6.493634E+01   -2.702559E+02    0.000000E+00    0.000000E+00    0.000000E+00   -1.404138E+02    1.553972E+02    2.172114E+00    0.000000E+00    0.000000E+00    0.000000E+00
3.787500E-01    7.129590E+01    6.781314E+01   -2.692921E+02    0.000000E+00    0.000000E+00    0.000000E+00   -1.435023E+02    1.590625E+02    2.343364E+00    0.000000E+00    0.000000E+00    0.000000E+00
3.797500E-01    7.703613E+01    7.146507E+01   -2.719542E+02    0.000000E+00    0.000000E+00    0.000000E+00   -1.484472E+02    1.658871E+02    1.947044E+00    0.000000E+00    0.000000E+00    0.000000E+00
3.807500E-01    8.327236E+01    7.461055E+01   -2.729939E+02    0.000000E+00    0.000000E+00    0.000000E+00   -1.524849E+02    1.722882E+02    1.101469E+00    0.000000E+00    0.000000E+00    0.000000E+00
3.817500E-01    8.874274E+01    7.534854E+01   -2.691039E+02    0.000000E+00    0.000000E+00    0.000000E+00   -1.530890E+02    1.761614E+02   -5.721935E-01    0.000000E+00    0.000000E+00    0.000000E+00
3.827500E-01    8.569960E+01    7.234662E+01   -2.663038E+02    0.000000E+00    0.000000E+00    0.000000E+00   -1.516060E+02    1.748462E+02   -7.157410E-01    0.000000E+00    0.000000E+00    0.000000E+00
3.837500E-01    8.183687E+01    6.946747E+01   -2.632794E+02    0.000000E+00    0.000000E+00    0.000000E+00   -1.500802E+02    1.728591E+02   -4.839849E-01    0.000000E+00    0.000000E+00    0.000000E+00
3.847500E-01    8.036730E+01    6.846302E+01   -2.614200E+02    0.000000E+00    0.000000E+00    0.000000E+00   -1.501767E+02    1.728938E+02   -3.629085E-01    0.000000E+00    0.000000E+00    0.000000E+00
3.857500E-01    8.151236E+01    6.806374E+01   -2.584796E+02    0.000000E+00    0.000000E+00    0.000000E+00   -1.502960E+02    1.742560E+02   -1.020435E+00    0.000000E+00    0.000000E+00    0.000000E+00
3.867500E-01    7.934392E+01    6.419581E+01   -2.574025E+02    0.000000E+00    0.000000E+00    0.000000E+00   -1.488490E+02    1.743394E+02   -1.968359E+00    0.000000E+00    0.000000E+00    0.000000E+00
3.877500E-01    7.726771E+01    6.224391E+01   -2.529486E+02    0.000000E+00    0.000000E+00    0.000000E+00   -1.473335E+02    1.730270E+02   -2.108854E+00    0.000000E+00    0.000000E+00    0.000000E+00
3.887500E-01    7.950635E+01    6.440302E+01   -2.502331E+02    0.000000E+00    0.000000E+00    0.000000E+00   -1.491560E+02    1.752289E+02   -2.094746E+00    0.000000E+00    0.000000E+00    0.000000E+00
3.897500E-01    8.136372E+01    6.525546E+01   -2.493914E+02    0.000000E+00    0.000000E+00    0.000000E+00   -1.507819E+02    1.778881E+02   -2.523903E+00    0.000000E+00    0.000000E+00    0.000000E+00
3.907500E-01    8.170398E+01    6.492691E+01   -2.488029E+02    0.000000E+00    0.000000E+00    0.000000E+00   -1.518388E+02    1.798748E+02   -2.853642E+00    0.000000E+00    0.000000E+00    0.000000E+00
3.917500E-01    8.497683E+01    6.686063E+01   -2.462328E+02    0.000000E+00    0.000000E+00    0.000000E+00   -1.536520E+02    1.830502E+02   -3.392231E+00    0.000000E+00    0.000000E+00    0.000000E+00
3.927500E-01    8.942478E+01    7.224411E+01   -2.471600E+02    0.000000E+00    0.000000E+00    0.000000E+00   -1.590046E+02    1.881242E+02   -2.760847E+00    0.000000E+00    0.000000E+00    0.000000E+00
3.937500E-01    8.958988E+01    7.575212E+01   -2.492428E+02    0.000000E+00    0.000000E+00    0.000000E+00   -1.635829E+02    1.908585E+02   -1.083592E+00    0.000000E+00    0.000000E+00    0.000000E+00
3.947500E-01    8.894357E+01    7.355771E+01   -2.547656E+02    0.000000E+00    0.000000E+00    0.000000E+00   -1.660451E+02    1.953276E+02   -1.788156E+00    0.000000E+00    0.000000E+00    0.000000E+00
3.957500E-01    8.801114E+01    6.998327E+01   -2.627121E+02    0.000000E+00    0.000000E+00    0.000000E+00   -1.685763E+02    2.007415E+02   -3.102587E+00    0.000000E+00    0.000000E+00    0.000000E+00
3.967500E-01    9.359329E+01    7.365614E+01   -2.624823E+02    0.000000E+00    0.000000E+00    0.000000E+00   -1.724641E+02    2.062768E+02   -3.630125E+00    0.000000E+00    0.000000E+00    0.000000E+00
3.977500E-01    9.617485E+01    7.655726E+01   -2.591255E+02    0.000000E+00    0.000000E+00    0.000000E+00   -1.744094E+02    2.082321E+02   -3.238949E+00    0.000000E+00    0.000000E+00    0.000000E+00
3.987500E-01    9.661230E+01    7.834329E+01   -2.576083E+02    0.000000E+00    0.000000E+00    0.000000E+00   -1.762906E+02    2.097335E+02   -2.443973E+00    0.000000E+00    0.000000E+00    0.000000E+00
3.997500E-01    9.981302E+01    7.985658E+01   -2.568005E+02    0.000000E+00    0.000000E+00    0.000000E+00   -1.783083E+02    2.135540E+02   -3.030812E+00    0.000000E+00    0.000000E+00    0.000000E+00
4.007500E-01    1.002232E+02    7.895412E+01   -2.556676E+02    0.000000E+00    0.000000E+00    0.000000E+00   -1.786740E+02    2.152929E+02   -3.587407E+00    0.000000E+00    0.000000E+00    0.000000E+00
4.017500E-01    9.743513E+01    7.655429E+01   -2.561571E+02    0.000000E+00    0.000000E+00    0.000000E+00   -1.786768E+02    2.154579E+02   -3.488786E+00    0.000000E+00    0.000000E+00    0.000000E+00
4.027500E-01    9.552019E+01    7.570235E+01   -2.524527E+02    0.000000E+00    0.000000E+00    0.000000E+00   -1.775830E+02    2.137546E+02   -3.030015E+00    0.000000E+00    0.000000E+00    0.000000E+00
4.037500E-01    9.784313E+01    7.895154E+01   -2.454553E+02    0.000000E+00    0.000000E+00    0.000000E+00   -1.777733E+02    2.133267E+02   -2.279838E+00    0.000000E+00    0.000000E+00    0.000000E+00
4.047500E-01    9.253137E+01    7.408456E+01   -2.472730E+02    0.000000E+00    0.000000E+00    0.000000E+00   -1.764400E+02    2.123973E+02   -2.447013E+00    0.000000E+00    0.000000E+00    0.000000E+00
4.057500E-01    6.590235E+01    5.372949E+01   -2.674957E+02    0.000000E+00    0.000000E+00    0.000000E+00   -1.728960E+02    2.064544E+02   -1.247354E+00    0.000000E+00    0.000000E+00    0.000000E+00
4.067500E-01    6.639086E+01    5.534041E+01   -2.484700E+02    0.000000E+00    0.000000E+00    0.000000E+00   -1.662588E+02    1.979266E+02   -6.947594E-01    0.000000E+00    0.000000E+00    0.000000E+00
4.077500E-01    1.014811E+02    8.012001E+01   -2.296605E+02    0.000000E+00    0.000000E+00    0.000000E+00   -1.762097E+02    2.144953E+02   -3.546307E+00    0.000000E+00    0.000000E+00    0.000000E+00
4.087500E-01    1.033631E+02    8.192498E+01   -2.359030E+02    0.000000E+00    0.000000E+00    0.000000E+00   -1.815326E+02    2.207564E+02   -3.260791E+00    0.000000E+00    0.000000E+00    0.000000E+00
4.097500E-01    8.897886E+01    7.090842E+01   -2.380839E+02    0.000000E+00    0.000000E+00    0.000000E+00   -1.764095E+02    2.137548E+02   -2.483912E+00    0.000000E+00    0.000000E+00    0.000000E+00
4.107500E-01    9.387065E+01    7.515366E+01   -2.396907E+02    0.000000E+00    0.000000E+00    0.000000E+00   -1.818148E+02    2.201007E+02   -2.351733E+00    0.000000E+00    0.000000E+00    0.000000E+00
4.117500E-01    9.591331E+01    7.995002E+01   -2.328136E+02    0.000000E+00    0.000000E+00    0.000000E+00   -1.827674E+02    2.185925E+02   -5.151986E-01    0.000000E+00    0.000000E+00    0.000000E+00
4.127500E-01    1.001548E+02    8.300226E+01   -2.340754E+02    0.000000E+00    0.000000E+00    0.000000E+00   -1.870985E+02    2.245345E+02   -8.993137E-01    0.000000E+00    0.000000E+00    0.000000E+00
4.137500E-01    9.799246E+01    8.096979E+01   -2.409605E+02    0.000000E+00    0.000000E+00    0.000000E+00   -1.905703E+02    2.290418E+02   -1.038505E+00    0.000000E+00    0.000000E+00    0.000000E+00
4.147500E-01    9.805206E+01    8.177247E+01   -2.410950E+02    0.000000E+00    0.000000E+00    0.000000E+00   -1.926444E+02    2.309526E+02   -5.164180E-01    0.000000E+00    0.000000E+00    0.000000E+00
4.157500E-01    9.920122E+01    8.267767E+01   -2.381128E+02    0.000000E+00    0.000000E+00    0.000000E+00   -1.929868E+02    2.316240E+02   -4.687979E-01    0.000000E+00    0.000000E+00    0.000000E+00
4.167500E-01    1.008313E+02    8.543623E+01   -2.327648E+02    0.000000E+00    0.000000E+00    0.000000E+00   -1.935744E+02    2.312379E+02    4.907863E-01    0.000000E+00    0.000000E+00    0.000000E+00
4.177500E-01    9.872554E+01    8.404387E+01   -2.355736E+02    0.000000E+00    0.000000E+00    0.000000E+00   -1.952912E+02    2.331185E+02    7.716443E-01    0.000000E+00    0.000000E+00    0.000000E+00
4.187500E-01    9.682205E+01    8.100382E+01   -2.373780E+02    0.000000E+00    0.000000E+00    0.000000E+00   -1.951126E+02    2.343748E+02   -1.558445E-01    0.000000E+00    0.000000E+00    0.000000E+00
4.197500E-01    1.013437E+02    8.349648E+01   -2.332261E+02    0.000000E+00    0.000000E+00    0.000000E+00   -1.961293E+02    2.369111E+02   -9.858288E-01    0.000000E+00    0.000000E+00    0.000000E+00
4.207500E-01    9.454400E+01    8.284723E+01   -2.361241E+02    0.000000E+00    0.000000E+00    0.000000E+00   -1.985272E+02    2.352006E+02    2.369126E+00    0.000000E+00    0.000000E+00    0.000000E+00
4.217500E-01    1.134218E+02    1.014152E+02   -2.096533E+02    0.000000E+00    0.000000E+00    0.000000E+00   -1.997341E+02    2.342468E+02    4.320766E+00    0.000000E+00    0.000000E+00    0.000000E+00
4.227500E-01    1.322887E+02    1.125972E+02   -1.883041E+02    0.000000E+00    0.000000E+00    0.000000E+00   -1.975467E+02    2.361491E+02    1.333635E+00    0.000000E+00    0.000000E+00    0.000000E+00
4.237500E-01    1.221397E+02    1.014723E+02   -1.963803E+02    0.000000E+00    0.000000E+00    0.000000E+00   -1.940736E+02    2.345423E+02   -3.773850E-01    0.000000E+00    0.000000E+00    0.000000E+00
4.247500E-01    1.150725E+02    9.587851E+01   -1.992420E+02    0.000000E+00    0.000000E+00    0.000000E+00   -1.922312E+02    2.321480E+02   -4.464281E-02    0.000000E+00    0.000000E+00    0.000000E+00
4.257500E-01    1.088398E+02    8.753069E+01   -2.008608E+02    0.000000E+00    0.000000E+00    0.000000E+00   -1.870655E+02    2.291592E+02   -2.157753E+00    0.000000E+00    0.000000E+00    0.000000E+00
4.267500E-01    1.007488E+02    8.086254E+01   -2.095272E+02    0.000000E+00    0.000000E+00    0.000000E+00   -1.873059E+02    2.295134E+02   -2.123924E+00    0.000000E+00    0.000000E+00    0.000000E+00
4.277500E-01    1.071876E+02    8.605579E+01   -2.070383E+02    0.000000E+00    0.000000E+00    0.000000E+00   -1.907980E+02    2.340702E+02   -2.235465E+00    0.000000E+00    0.000000E+00    0.000000E+00
4.287500E-01    1.162942E+02    8.965445E+01   -1.956717E+02    0.000000E+00    0.000000E+00    0.000000E+00   -1.878818E+02    2.347055E+02   -5.016696E+00    0.000000E+00    0.000000E+00    0.000000E+00
4.297500E-01    1.154656E+02    8.906985E+01   -1.907769E+02    0.000000E+00    0.000000E+00    0.000000E+00   -1.855790E+02    2.319867E+02   -4.890022E+00    0.000000E+00    0.000000E+00    0.000000E+00
4.307500E-01    1.135436E+02    8.652164E+01   -1.967931E+02    0.000000E+00    0.000000E+00    0.000000E+00   -1.879141E+02    2.359190E+02   -5.505273E+00    0.000000E+00    0.000000E+00    0.000000E+00
4.317500E-01    1.027303E+02    7.415840E+01   -2.102080E+02    0.000000E+00    0.000000E+00    0.000000E+00   -1.865293E+02    2.377193E+02   -7.983375E+00    0.000000E+00    0.000000E+00    0.000000E+00
4.327500E-01    7.812011E+01    6.208761E+01   -2.171287E+02    0.000000E+00    0.000000E+00    0.000000E+00   -1.816271E+02    2.234313E+02   -2.152282E+00    0.000000E+00    0.000000E+00    0.000000E+00
4.337500E-01    9.552179E+01    7.713897E+01   -2.147988E+02    0.000000E+00    0.000000E+00    0.000000E+00   -1.934456E+02    2.373771E+02   -1.700155E+00    0.000000E+00    0.000000E+00    0.000000E+00
4.347500E-01    9.653253E+01    7.341999E+01   -2.203587E+02    0.000000E+00    0.000000E+00    0.000000E+00   -1.939525E+02    2.430785E+02   -5.027641E+00    0.000000E+00    0.000000E+00    0.000000E+00
4.357500E-01    8.564989E+01    6.789528E+01   -2.198934E+02    0.000000E+00    0.000000E+00    0.000000E+00   -1.896973E+02    2.347747E+02   -2.515406E+00    0.000000E+00    0.000000E+00    0.000000E+00
4.367500E-01    1.017075E+02    8.100026E+01   -2.019260E+02    0.000000E+00    0.000000E+00    0.000000E+00   -1.908629E+02    2.365033E+02   -2.587004E+00    0.000000E+00    0.000000E+00    0.000000E+00
4.377500E-01    1.113620E+02    8.645677E+01   -2.031424E+02    0.000000E+00    0.000000E+00    0.000000E+00   -1.974518E+02    2.473860E+02   -4.386750E+00    0.000000E+00    0.000000E+00    0.000000E+00
4.387500E-01    1.083343E+02    8.652591E+01   -1.958490E+02    0.000000E+00    0.000000E+00    0.000000E+00   -1.944809E+02    2.413201E+02   -2.446863E+00    0.000000E+00    0.000000E+00    0.000000E+00
4.397500E-01    1.047188E+02    8.511999E+01   -1.882544E+02    0.000000E+00    0.000000E+00    0.000000E+00   -1.892769E+02    2.333484E+02   -1.253055E+00    0.000000E+00    0.000000E+00    0.000000E+00
4.407500E-01    1.003560E+02    8.203641E+01   -1.840287E+02    0.000000E+00    0.000000E+00    0.000000E+00   -1.846459E+02    2.272917E+02   -8.374141E-01    0.000000E+00    0.000000E+00    0.000000E+00
4.417500E-01    9.327971E+01    7.739270E+01   -1.747923E+02    0.000000E+00    0.000000E+00    0.000000E+00   -1.756590E+02    2.152505E+02    7.347299E-02    0.000000E+00    0.000000E+00    0.000000E+00
4.427500E-01    9.150551E+01    7.659868E+01   -1.756457E+02    0.000000E+00    0.000000E+00    0.000000E+00   -1.758128E+02    2.148675E+02    6.209313E-01    0.000000E+00    0.000000E+00    0.000000E+00
4.437500E-01    9.102786E+01    7.599960E+01   -1.798269E+02    0.000000E+00    0.000000E+00    0.000000E+00   -1.782915E+02    2.182990E+02    4.963392E-01    0.000000E+00    0.000000E+00    0.000000E+00
4.447500E-01    9.103366E+01    7.404843E+01   -1.870908E+02    0.000000E+00    0.000000E+00    0.000000E+00   -1.816006E+02    2.246717E+02   -9.609006E-01    0.000000E+00    0.000000E+00    0.000000E+00
4.457500E-01    9.028069E+01    7.273031E+01   -1.905931E+02    0.000000E+00    0.000000E+00    0.000000E+00   -1.830580E+02    2.274460E+02   -1.447395E+00    0.000000E+00    0.000000E+00    0.000000E+00
4.467500E-01    8.738003E+01    6.917156E+01   -1.915843E+02    0.000000E+00    0.000000E+00    0.000000E+00   -1.810581E+02    2.265613E+02   -2.327676E+00    0.000000E+00    0.000000E+00    0.000000E+00
4.477500E-01    8.253264E+01    6.559240E+01   -1.999419E+02    0.000000E+00    0.000000E+00    0.000000E+00   -1.837467E+02    2.297443E+02   -2.005110E+00    0.000000E+00    0.000000E+00    0.000000E+00
4.487500E-01    8.434336E+01    6.835919E+01   -2.048180E+02    0.000000E+00    0.000000E+00    0.000000E+00   -1.899194E+02    2.363046E+02   -9.483308E-01    0.000000E+00    0.000000E+00    0.000000E+00
4.497500E-01    9.283113E+01    7.373055E+01   -2.012472E+02    0.000000E+00    0.000000E+00    0.000000E+00   -1.931896E+02    2.423476E+02   -2.054444E+00    0.000000E+00    0.000000E+00    0.000000E+00
4.507500E-01    9.577970E+01    7.600925E+01   -1.974652E+02    0.000000E+00    0.000000E+00    0.000000E+00   -1.935812E+02    2.431993E+02   -2.093030E+00    0.000000E+00    0.000000E+00    0.000000E+00
4.517500E-01    9.549119E+01    7.595645E+01   -1.925020E+02    0.000000E+00    0.000000E+00    0.000000E+00   -1.910938E+02    2.402224E+02   -1.890495E+00    0.000000E+00    0.000000E+00    0.000000E+00
4.527500E-01    9.642966E+01    7.596785E+01   -1.910224E+02    0.000000E+00    0.000000E+00    0.000000E+00   -1.909721E+02    2.412055E+02   -2.398573E+00    0.000000E+00    0.000000E+00    0.000000E+00
4.537500E-01    9.566401E+01    7.596169E+01   -1.890158E+02    0.000000E+00    0.000000E+00    0.000000E+00   -1.905246E+02    2.401918E+02   -1.859864E+00    0.000000E+00    0.000000E+00    0.000000E+00
4.547500E-01    1.031826E+02    8.247462E+01   -1.826937E+02    0.000000E+00    0.000000E+00    0.000000E+00   -1.930576E+02    2.430009E+02   -1.413785E+00    0.000000E+00    0.000000E+00    0.000000E+00
4.557500E-01    1.123614E+02    9.198892E+01   -1.619443E+02    0.000000E+00    0.000000E+00    0.000000E+00   -1.891978E+02    2.355411E+02    6.647316E-01    0.000000E+00    0.000000E+00    0.000000E+00
4.567500E-01    1.152570E+02    9.429866E+01   -1.376407E+02    0.000000E+00    0.000000E+00    0.000000E+00   -1.762647E+02    2.186810E+02    1.283172E+00    0.000000E+00    0.000000E+00    0.000000E+00
4.577500E-01    1.120442E+02    9.017446E+01   -1.400632E+02    0.000000E+00    0.000000E+00    0.000000E+00   -1.744631E+02    2.176717E+02    4.010260E-01    0.000000E+00    0.000000E+00    0.000000E+00
4.587500E-01    1.063372E+02    8.544192E+01   -1.482113E+02    0.000000E+00    0.000000E+00    0.000000E+00   -1.757602E+02    2.195233E+02    2.116486E-01    0.000000E+00    0.000000E+00    0.000000E+00
4.597500E-01    9.239888E+01    7.740158E+01   -1.522105E+02    0.000000E+00    0.000000E+00    0.000000E+00   -1.711087E+02    2.105490E+02    2.439048E+00    0.000000E+00    0.000000E+00    0.000000E+00
4.607500E-01    9.489504E+01    8.052869E+01   -1.528330E+02    0.000000E+00    0.000000E+00    0.000000E+00   -1.744954E+02    2.140125E+02    3.096422E+00    0.000000E+00    0.000000E+00    0.000000E+00
4.617500E-01    9.241051E+01    7.658792E+01   -1.537185E+02    0.000000E+00    0.000000E+00    0.000000E+00   -1.716627E+02    2.130653E+02    1.457987E+00    0.000000E+00    0.000000E+00    0.000000E+00
4.627500E-01    9.313748E+01    7.695237E+01   -1.482835E+02    0.000000E+00    0.000000E+00    0.000000E+00   -1.685075E+02    2.093487E+02    1.443671E+00    0.000000E+00    0.000000E+00    0.000000E+00
4.637500E-01    9.939552E+01    8.316253E+01   -1.431775E+02    0.000000E+00    0.000000E+00    0.000000E+00   -1.712062E+02    2.111080E+02    2.912187E+00    0.000000E+00    0.000000E+00    0.000000E+00
4.647500E-01    9.792161E+01    8.096886E+01   -1.523960E+02    0.000000E+00    0.000000E+00    0.000000E+00   -1.758609E+02    2.180639E+02    2.355505E+00    0.000000E+00    0.000000E+00    0.000000E+00
4.657500E-01    9.969887E+01    8.135898E+01   -1.595306E+02    0.000000E+00    0.000000E+00    0.000000E+00   -1.813945E+02    2.263975E+02    1.538639E+00    0.000000E+00    0.000000E+00    0.000000E+00
4.667500E-01    9.550449E+01    8.378345E+01   -1.614802E+02    0.000000E+00    0.000000E+00    0.000000E+00   -1.851141E+02    2.244451E+02    6.295893E+00    0.000000E+00    0.000000E+00    0.000000E+00
4.677500E-01    9.353653E+01    8.276509E+01   -1.652900E+02    0.000000E+00    0.000000E+00    0.000000E+00   -1.870209E+02    2.262417E+02    6.710498E+00    0.000000E+00    0.000000E+00    0.000000E+00
4.687500E-01    9.366564E+01    7.738935E+01   -1.605359E+02    0.000000E+00    0.000000E+00    0.000000E+00   -1.791955E+02    2.229895E+02    2.111041E+00    0.000000E+00    0.000000E+00    0.000000E+00
4.697500E-01    9.521512E+01    7.530894E+01   -1.620917E+02    0.000000E+00    0.000000E+00    0.000000E+00   -1.784667E+02    2.262075E+02   -5.789152E-01    0.000000E+00    0.000000E+00    0.000000E+00
4.707500E-01    9.975662E+01    7.325782E+01   -1.643358E+02    0.000000E+00    0.000000E+00    0.000000E+00   -1.781814E+02    2.329374E+02   -5.135423E+00    0.000000E+00    0.000000E+00    0.000000E+00
4.717500E-01    1.052953E+02    7.517225E+01   -1.736136E+02    0.000000E+00    0.000000E+00    0.000000E+00   -1.869461E+02    2.472218E+02   -7.082254E+00    0.000000E+00    0.000000E+00    0.000000E+00
4.727500E-01    1.024009E+02    7.457106E+01   -1.655387E+02    0.000000E+00    0.000000E+00    0.000000E+00   -1.811543E+02    2.385245E+02   -5.510366E+00    0.000000E+00    0.000000E+00    0.000000E+00
4.737500E-01    1.138766E+02    8.183047E+01   -1.711387E+02    0.000000E+00    0.000000E+00    0.000000E+00   -1.915392E+02    2.543604E+02   -6.863926E+00    0.000000E+00    0.000000E+00    0.000000E+00
4.747500E-01    1.244077E+02    8.977621E+01   -1.801145E+02    0.000000E+00    0.000000E+00    0.000000E+00   -2.055064E+02    2.724973E+02   -6.990255E+00    0.000000E+00    0.000000E+00    0.000000E+00
4.757500E-01    1.259385E+02    9.281927E+01   -1.792335E+02    0.000000E+00    0.000000E+00    0.000000E+00   -2.085803E+02    2.740481E+02   -5.330237E+00    0.000000E+00    0.000000E+00    0.000000E+00
4.767500E-01    1.270250E+02    9.300467E+01   -1.623474E+02    0.000000E+00    0.000000E+00    0.000000E+00   -1.976904E+02    2.610941E+02   -5.793134E+00    0.000000E+00    0.000000E+00    0.000000E+00
4.777500E-01    1.270112E+02    9.215853E+01   -1.461222E+02    0.000000E+00    0.000000E+00    0.000000E+00   -1.861939E+02    2.475635E+02   -6.458633E+00    0.000000E+00    0.000000E+00    0.000000E+00
4.787500E-01    1.260099E+02    8.811560E+01   -1.359268E+02    0.000000E+00    0.000000E+00    0.000000E+00   -1.760201E+02    2.384917E+02   -9.244215E+00    0.000000E+00    0.000000E+00    0.000000E+00
4.797500E-01    1.339055E+02    8.559861E+01   -1.108980E+02    0.000000E+00    0.000000E+00    0.000000E+00   -1.570696E+02    2.250509E+02   -1.669738E+01    0.000000E+00    0.000000E+00    0.000000E+00
4.807500E-01    1.031539E+02    6.675138E+01   -8.504612E+01    0.000000E+00    0.000000E+00    0.000000E+00   -1.216412E+02    1.730609E+02   -1.222974E+01    0.000000E+00    0.000000E+00    0.000000E+00
4.817500E-01    7.998320E+01    5.379120E+01   -8.386034E+01    0.000000E+00    0.000000E+00    0.000000E+00   -1.085350E+02    1.500353E+02   -7.679494E+00    0.000000E+00    0.000000E+00    0.000000E+00
4.827500E-01    8.548368E+01    4.864642E+01   -6.361453E+01    0.000000E+00    0.000000E+00    0.000000E+00   -9.009819E+01    1.387193E+02   -1.569537E+01    0.000000E+00    0.000000E+00    0.000000E+00
4.837500E-01    9.711351E+01    4.702994E+01   -5.376982E+01    0.000000E+00    0.000000E+00    0.000000E+00   -8.160778E+01    1.414175E+02   -2.499502E+01    0.000000E+00    0.000000E+00    0.000000E+00
4.847500E-01    9.072361E+01    5.496387E+01   -9.775156E+01    0.000000E+00    0.000000E+00    0.000000E+00   -1.185944E+02    1.723806E+02   -1.402719E+01    0.000000E+00    0.000000E+00    0.000000E+00
4.857500E-01    6.658985E+01    4.902431E+01   -9.246500E+01    0.000000E+00    0.000000E+00    0.000000E+00   -1.094310E+02    1.444626E+02   -2.895385E+00    0.000000E+00    0.000000E+00    0.000000E+00
4.867500E-01    7.943521E+01    5.872781E+01   -1.059979E+02    0.000000E+00    0.000000E+00    0.000000E+00   -1.277172E+02    1.683678E+02   -3.041012E+00    0.000000E+00    0.000000E+00    0.000000E+00
4.877500E-01    8.250510E+01    6.478907E+01   -1.263891E+02    0.000000E+00    0.000000E+00    0.000000E+00   -1.471965E+02    1.884877E+02    1.186118E-03    0.000000E+00    0.000000E+00    0.000000E+00
4.887500E-01    7.886419E+01    6.006518E+01   -1.170221E+02    0.000000E+00    0.000000E+00    0.000000E+00   -1.362840E+02    1.770047E+02   -1.601992E+00    0.000000E+00    0.000000E+00    0.000000E+00
4.897500E-01    7.849572E+01    5.777997E+01   -1.072557E+02    0.000000E+00    0.000000E+00    0.000000E+00   -1.273610E+02    1.682196E+02   -3.248114E+00    0.000000E+00    0.000000E+00    0.000000E+00
4.907500E-01    6.508502E+01    5.945263E+01   -1.215755E+02    0.000000E+00    0.000000E+00    0.000000E+00   -1.388518E+02    1.675147E+02    7.020577E+00    0.000000E+00    0.000000E+00    0.000000E+00
4.917500E-01    8.698904E+01    7.166784E+01   -1.410917E+02    0.000000E+00    0.000000E+00    0.000000E+00   -1.637984E+02    2.056683E+02    2.891169E+00    0.000000E+00    0.000000E+00    0.000000E+00
4.927500E-01    8.977462E+01    7.074560E+01   -1.202231E+02    0.000000E+00    0.000000E+00    0.000000E+00   -1.489933E+02    1.907097E+02    3.290461E-01    0.000000E+00    0.000000E+00    0.000000E+00
4.937500E-01    7.996649E+01    6.937394E+01   -1.238943E+02    0.000000E+00    0.000000E+00    0.000000E+00   -1.500538E+02    1.840129E+02    5.629831E+00    0.000000E+00    0.000000E+00    0.000000E+00
4.947500E-01    8.352822E+01    7.305385E+01   -1.486897E+02    0.000000E+00    0.000000E+00    0.000000E+00   -1.702970E+02    2.087668E+02    6.356419E+00    0.000000E+00    0.000000E+00    0.000000E+00
4.957500E-01    9.089202E+01    7.328240E+01   -1.391370E+02    0.000000E+00    0.000000E+00    0.000000E+00   -1.641533E+02    2.080297E+02    1.666446E+00    0.000000E+00    0.000000E+00    0.000000E+00
4.967500E-01    9.735900E+01    8.147896E+01   -1.375408E+02    0.000000E+00    0.000000E+00    0.000000E+00   -1.708983E+02    2.128311E+02    4.361939E+00    0.000000E+00    0.000000E+00    0.000000E+00
4.977500E-01    9.757953E+01    8.347757E+01   -1.456438E+02    0.000000E+00    0.000000E+00    0.000000E+00   -1.785009E+02    2.203635E+02    5.950308E+00    0.000000E+00    0.000000E+00    0.000000E+00
4.987500E-01    9.962645E+01    7.907612E+01   -1.394162E+02    0.000000E+00    0.000000E+00    0.000000E+00   -1.703241E+02    2.175446E+02    9.814398E-01    0.000000E+00    0.000000E+00    0.000000E+00
4.997500E-01    1.220168E+02    9.398818E+01   -1.490340E+02    0.000000E+00    0.000000E+00    0.000000E+00   -1.912811E+02    2.477622E+02   -1.023516E+00    0.000000E+00    0.000000E+00    0.000000E+00
5.007500E-01    1.139497E+02    8.861298E+01   -1.368192E+02    0.000000E+00    0.000000E+00    0.000000E+00   -1.779357E+02    2.294345E+02   -1.358771E-01    0.000000E+00    0.000000E+00    0.000000E+00
5.017500E-01    1.033898E+02    7.874540E+01   -1.346953E+02    0.000000E+00    0.000000E+00    0.000000E+00   -1.668035E+02    2.171960E+02   -1.414874E+00    0.000000E+00    0.000000E+00    0.000000E+00
5.027500E-01    1.043608E+02    8.161675E+01   -1.352635E+02    0.000000E+00    0.000000E+00    0.000000E+00   -1.698831E+02    2.185233E+02    4.836602E-01    0.000000E+00    0.000000E+00    0.000000E+00
5.037500E-01    9.002444E+01    7.122675E+01   -1.141606E+02    0.000000E+00    0.000000E+00    0.000000E+00   -1.456656E+02    1.863137E+02    1.118422E+00    0.000000E+00    0.000000E+00    0.000000E+00
5.047500E-01    9.202188E+01    6.873981E+01   -1.233210E+02    0.000000E+00    0.000000E+00    0.000000E+00   -1.492955E+02    1.960247E+02   -2.357450E+00    0.000000E+00    0.000000E+00    0.000000E+00
5.057500E-01    8.658821E+01    6.795972E+01   -1.172698E+02    0.000000E+00    0.000000E+00    0.000000E+00   -1.445146E+02    1.854896E+02    6.190151E-01    0.000000E+00    0.000000E+00    0.000000E+00
5.067500E-01    6.974368E+01    5.924307E+01   -9.179275E+01    0.000000E+00    0.000000E+00    0.000000E+00   -1.190392E+02    1.470977E+02    4.372901E+00    0.000000E+00    0.000000E+00    0.000000E+00
5.077500E-01    6.515139E+01    5.201928E+01   -8.491090E+01    0.000000E+00    0.000000E+00    0.000000E+00   -1.074557E+02    1.366859E+02    1.207578E+00    0.000000E+00    0.000000E+00    0.000000E+00
5.087500E-01    4.844705E+01    3.361990E+01   -6.567599E+01    0.000000E+00    0.000000E+00    0.000000E+00   -7.684524E+01    1.039012E+02   -3.403503E+00    0.000000E+00    0.000000E+00    0.000000E+00
5.097500E-01    4.434180E+01    3.358547E+01   -6.724271E+01    0.000000E+00    0.000000E+00    0.000000E+00   -7.793503E+01    1.012684E+02   -5.189118E-01    0.000000E+00    0.000000E+00    0.000000E+00
5.107500E-01    4.303892E+01    4.025694E+01   -6.651555E+01    0.000000E+00    0.000000E+00    0.000000E+00   -8.391243E+01    9.945182E+01    6.184303E+00    0.000000E+00    0.000000E+00    0.000000E+00
5.117500E-01    5.458356E+01    4.937318E+01   -7.603757E+01    0.000000E+00    0.000000E+00    0.000000E+00   -9.908771E+01    1.188420E+02    6.170512E+00    0.000000E+00    0.000000E+00    0.000000E+00
5.127500E-01    7.568631E+01    5.822215E+01   -1.095407E+02    0.000000E+00    0.000000E+00    0.000000E+00   -1.301121E+02    1.681411E+02   -4.423300E-01    0.000000E+00    0.000000E+00    0.000000E+00
5.137500E-01    5.621704E+01    3.847941E+01   -9.410412E+01    0.000000E+00    0.000000E+00    0.000000E+00   -1.005752E+02    1.360696E+02   -4.279067E+00    0.000000E+00    0.000000E+00    0.000000E+00
5.147500E-01    6.928081E+01    5.884872E+01   -1.189559E+02    0.000000E+00    0.000000E+00    0.000000E+00   -1.365654E+02    1.697879E+02    4.554330E+00    0.000000E+00    0.000000E+00    0.000000E+00
5.157500E-01    6.980323E+01    6.304934E+01   -1.077199E+02    0.000000E+00    0.000000E+00    0.000000E+00   -1.331238E+02    1.605952E+02    7.692983E+00    0.000000E+00    0.000000E+00    0.000000E+00
5.167500E-01    6.547401E+01    5.198056E+01   -9.980671E+01    0.000000E+00    0.000000E+00    0.000000E+00   -1.171206E+02    1.496216E+02    9.424702E-01    0.000000E+00    0.000000E+00    0.000000E+00
5.177500E-01    6.082610E+01    5.118537E+01   -1.016232E+02    0.000000E+00    0.000000E+00    0.000000E+00   -1.174999E+02    1.464828E+02    3.222385E+00    0.000000E+00    0.000000E+00    0.000000E+00
5.187500E-01    6.815901E+01    5.994089E+01   -9.650595E+01    0.000000E+00    0.000000E+00    0.000000E+00   -1.225636E+02    1.492126E+02    5.801920E+00    0.000000E+00    0.000000E+00    0.000000E+00
5.197500E-01    7.904604E+01    6.056176E+01   -1.093215E+02    0.000000E+00    0.000000E+00    0.000000E+00   -1.312604E+02    1.704896E+02   -8.533537E-01    0.000000E+00    0.000000E+00    0.000000E+00
5.207500E-01    7.755837E+01    6.648067E+01   -1.189675E+02    0.000000E+00    0.000000E+00    0.000000E+00   -1.431621E+02    1.769325E+02    5.182315E+00    0.000000E+00    0.000000E+00    0.000000E+00
5.217500E-01    1.011700E+02    8.979752E+01   -1.376375E+02    0.000000E+00    0.000000E+00    0.000000E+00   -1.784775E+02    2.161278E+02    9.422333E+00    0.000000E+00    0.000000E+00    0.000000E+00
5.227500E-01    1.357105E+02    9.583652E+01   -1.878230E+02    0.000000E+00    0.000000E+00    0.000000E+00   -2.178226E+02    2.928880E+02   -8.372808E+00    0.000000E+00    0.000000E+00    0.000000E+00
5.237500E-01    1.141379E+02    8.403462E+01   -1.677605E+02    0.000000E+00    0.000000E+00    0.000000E+00   -1.928620E+02    2.545669E+02   -4.104065E+00    0.000000E+00    0.000000E+00    0.000000E+00
5.247500E-01    9.653603E+01    8.860640E+01   -1.345387E+02    0.000000E+00    0.000000E+00    0.000000E+00   -1.749857E+02    2.089080E+02    1.159467E+01    0.000000E+00    0.000000E+00    0.000000E+00
5.257500E-01    1.098152E+02    8.030907E+01   -1.232780E+02    0.000000E+00    0.000000E+00    0.000000E+00   -1.593872E+02    2.124005E+02   -4.223087E+00    0.000000E+00    0.000000E+00    0.000000E+00
5.267500E-01    1.306960E+02    7.685917E+01   -1.622589E+02    0.000000E+00    0.000000E+00    0.000000E+00   -1.816090E+02    2.654000E+02   -2.111198E+01    0.000000E+00    0.000000E+00    0.000000E+00
5.277500E-01    1.151223E+02    8.446756E+01   -1.600084E+02    0.000000E+00    0.000000E+00    0.000000E+00   -1.875266E+02    2.484232E+02   -4.177037E+00    0.000000E+00    0.000000E+00    0.000000E+00
5.287500E-01    8.674756E+01    8.169028E+01   -1.695636E+02    0.000000E+00    0.000000E+00    0.000000E+00   -1.906667E+02    2.290374E+02    1.259619E+01    0.000000E+00    0.000000E+00    0.000000E+00
5.297500E-01    9.228153E+01    6.843316E+01   -1.352010E+02    0.000000E+00    0.000000E+00    0.000000E+00   -1.552243E+02    2.051591E+02   -2.401444E+00    0.000000E+00    0.000000E+00    0.000000E+00
5.307500E-01    8.416736E+01    5.134433E+01   -7.921471E+01    0.000000E+00    0.000000E+00    0.000000E+00   -1.021014E+02    1.494442E+02   -1.187948E+01    0.000000E+00    0.000000E+00    0.000000E+00
5.317500E-01    7.334488E+01    5.879775E+01   -9.405267E+01    0.000000E+00    0.000000E+00    0.000000E+00   -1.187731E+02    1.509755E+02    1.592942E+00    0.000000E+00    0.000000E+00    0.000000E+00
5.327500E-01    6.744527E+01    6.030161E+01   -7.340432E+01    0.000000E+00    0.000000E+00    0.000000E+00   -1.064915E+02    1.278423E+02    6.915733E+00    0.000000E+00    0.000000E+00    0.000000E+00
5.337500E-01    9.133732E+01    6.885190E+01   -8.207490E+01    0.000000E+00    0.000000E+00    0.000000E+00   -1.200368E+02    1.579068E+02   -1.472893E+00    0.000000E+00    0.000000E+00    0.000000E+00
5.347500E-01    8.683412E+01    6.887293E+01   -6.946360E+01    0.000000E+00    0.000000E+00    0.000000E+00   -1.118592E+02    1.425483E+02    1.340032E+00    0.000000E+00    0.000000E+00    0.000000E+00
5.357500E-01    8.024958E+01    6.579811E+01   -8.652493E+01    0.000000E+00    0.000000E+00    0.000000E+00   -1.200512E+02    1.504225E+02    3.020923E+00    0.000000E+00    0.000000E+00    0.000000E+00
5.367500E-01    9.049300E+01    6.782104E+01   -8.592045E+01    0.000000E+00    0.000000E+00    0.000000E+00   -1.214525E+02    1.598338E+02   -1.799993E+00    0.000000E+00    0.000000E+00    0.000000E+00
5.377500E-01    8.147132E+01    6.402679E+01   -6.209190E+01    0.000000E+00    0.000000E+00    0.000000E+00   -1.016445E+02    1.305224E+02    1.003399E+00    0.000000E+00    0.000000E+00    0.000000E+00
5.387500E-01    8.552554E+01    7.040376E+01   -8.370593E+01    0.000000E+00    0.000000E+00    0.000000E+00   -1.215279E+02    1.521414E+02    3.663805E+00    0.000000E+00    0.000000E+00    0.000000E+00
5.397500E-01    8.403119E+01    7.014085E+01   -8.474265E+01    0.000000E+00    0.000000E+00    0.000000E+00   -1.220081E+02    1.516530E+02    4.384315E+00    0.000000E+00    0.000000E+00    0.000000E+00
5.407500E-01    7.831738E+01    7.199042E+01   -9.543198E+01    0.000000E+00    0.000000E+00    0.000000E+00   -1.301947E+02    1.545691E+02    9.679510E+00    0.000000E+00    0.000000E+00    0.000000E+00
5.417500E-01    9.183638E+01    7.448171E+01   -1.014691E+02    0.000000E+00    0.000000E+00    0.000000E+00   -1.364214E+02    1.723329E+02    2.945104E+00    0.000000E+00    0.000000E+00    0.000000E+00
5.427500E-01    9.519049E+01    7.126063E+01   -9.889117E+01    0.000000E+00    0.000000E+00    0.000000E+00   -1.315709E+02    1.732718E+02   -1.930287E+00    0.000000E+00    0.000000E+00    0.000000E+00
5.437500E-01    8.714817E+01    7.541322E+01   -1.097916E+02    0.000000E+00    0.000000E+00    0.000000E+00   -1.418858E+02    1.740941E+02    6.781909E+00    0.000000E+00    0.000000E+00    0.000000E+00
5.447500E-01    9.274614E+01    7.412700E+01   -1.127508E+02    0.000000E+00    0.000000E+00    0.000000E+00   -1.420523E+02    1.815331E+02    2.228013E+00    0.000000E+00    0.000000E+00    0.000000E+00
5.457500E-01    9.945792E+01    8.375898E+01   -8.583528E+01    0.000000E+00    0.000000E+00    0.000000E+00   -1.343344E+02    1.659812E+02    5.851774E+00    0.000000E+00    0.000000E+00    0.000000E+00
5.467500E-01    8.808628E+01    7.747789E+01   -1.118292E+02    0.000000E+00    0.000000E+00    0.000000E+00   -1.442530E+02    1.760024E+02    7.952771E+00    0.000000E+00    0.000000E+00    0.000000E+00
5.477500E-01    9.178959E+01    6.864948E+01   -1.075463E+02    0.000000E+00    0.000000E+00    0.000000E+00   -1.327708E+02    1.756430E+02   -1.625227E+00    0.000000E+00    0.000000E+00    0.000000E+00
5.487500E-01    9.934781E+01    8.150934E+01   -1.024551E+02    0.000000E+00    0.000000E+00    0.000000E+00   -1.415125E+02    1.782665E+02    4.154460E+00    0.000000E+00    0.000000E+00    0.000000E+00
5.497500E-01    9.613926E+01    8.297177E+01   -1.132258E+02    0.000000E+00    0.000000E+00    0.000000E+00   -1.493203E+02    1.834273E+02    7.282218E+00    0.000000E+00    0.000000E+00    0.000000E+00
5.507500E-01    9.206569E+01    6.993994E+01   -1.008080E+02    0.000000E+00    0.000000E+00    0.000000E+00   -1.289859E+02    1.692616E+02   -7.395525E-01    0.000000E+00    0.000000E+00    0.000000E+00
5.517500E-01    1.078165E+02    8.637551E+01   -9.195849E+01    0.000000E+00    0.000000E+00    0.000000E+00   -1.387426E+02    1.768179E+02    2.970779E+00    0.000000E+00    0.000000E+00    0.000000E+00
5.527500E-01    1.109026E+02    8.693871E+01   -1.064908E+02    0.000000E+00    0.000000E+00    0.000000E+00   -1.474651E+02    1.906616E+02    1.643904E+00    0.000000E+00    0.000000E+00    0.000000E+00
5.537500E-01    8.124590E+01    6.511958E+01   -9.320958E+01    0.000000E+00    0.000000E+00    0.000000E+00   -1.182996E+02    1.516407E+02    2.422150E+00    0.000000E+00    0.000000E+00    0.000000E+00
5.547500E-01    8.105431E+01    7.210547E+01   -1.053643E+02    0.000000E+00    0.000000E+00    0.000000E+00   -1.322370E+02    1.612210E+02    8.222497E+00    0.000000E+00    0.000000E+00    0.000000E+00
5.557500E-01    9.014880E+01    8.050555E+01   -1.043601E+02    0.000000E+00    0.000000E+00    0.000000E+00   -1.391601E+02    1.683583E+02    9.326236E+00    0.000000E+00    0.000000E+00    0.000000E+00
5.567500E-01    8.838049E+01    7.397414E+01   -9.002027E+01    0.000000E+00    0.000000E+00    0.000000E+00   -1.239004E+02    1.545194E+02    5.100921E+00    0.000000E+00    0.000000E+00    0.000000E+00
5.577500E-01    9.077213E+01    7.162449E+01   -9.478829E+01    0.000000E+00    0.000000E+00    0.000000E+00   -1.243608E+02    1.602846E+02    1.827189E+00    0.000000E+00    0.000000E+00    0.000000E+00
5.587500E-01    8.838193E+01    7.442069E+01   -8.382510E+01    0.000000E+00    0.000000E+00    0.000000E+00   -1.200838E+02    1.490927E+02    5.558954E+00    0.000000E+00    0.000000E+00    0.000000E+00
5.597500E-01    9.154423E+01    7.975094E+01   -8.771024E+01    0.000000E+00    0.000000E+00    0.000000E+00   -1.268199E+02    1.543748E+02    7.886582E+00    0.000000E+00    0.000000E+00    0.000000E+00
5.607500E-01    9.175880E+01    7.713374E+01   -9.582328E+01    0.000000E+00    0.000000E+00    0.000000E+00   -1.286991E+02    1.602066E+02    5.708670E+00    0.000000E+00    0.000000E+00    0.000000E+00
5.617500E-01    8.641369E+01    7.001149E+01   -9.157493E+01    0.000000E+00    0.000000E+00    0.000000E+00   -1.192084E+02    1.514221E+02    3.348707E+00    0.000000E+00    0.000000E+00    0.000000E+00
5.627500E-01    8.872847E+01    6.922749E+01   -9.272770E+01    0.000000E+00    0.000000E+00    0.000000E+00   -1.187944E+02    1.540583E+02    1.422747E+00    0.000000E+00    0.000000E+00    0.000000E+00
5.637500E-01    7.597078E+01    6.001014E+01   -9.009173E+01    0.000000E+00    0.000000E+00    0.000000E+00   -1.081225E+02    1.395845E+02    1.868214E+00    0.000000E+00    0.000000E+00    0.000000E+00
5.647500E-01    7.763230E+01    6.498290E+01   -9.959652E+01    0.000000E+00    0.000000E+00    0.000000E+00   -1.179013E+02    1.480340E+02    4.756842E+00    0.000000E+00    0.000000E+00    0.000000E+00
5.657500E-01    8.058638E+01    6.813420E+01   -9.926962E+01    0.000000E+00    0.000000E+00    0.000000E+00   -1.202337E+02    1.500299E+02    5.407311E+00    0.000000E+00    0.000000E+00    0.000000E+00
5.667500E-01    7.954362E+01    6.590632E+01   -9.751290E+01    0.000000E+00    0.000000E+00    0.000000E+00   -1.167094E+02    1.470793E+02    4.226367E+00    0.000000E+00    0.000000E+00    0.000000E+00
5.677500E-01    7.816055E+01    5.757646E+01   -1.032387E+02    0.000000E+00    0.000000E+00    0.000000E+00   -1.120333E+02    1.496347E+02   -1.434265E+00    0.000000E+00    0.000000E+00    0.000000E+00
5.687500E-01    8.158535E+01    5.937455E+01   -9.460198E+01    0.000000E+00    0.000000E+00    0.000000E+00   -1.083081E+02    1.458225E+02   -2.036787E+00    0.000000E+00    0.000000E+00    0.000000E+00
5.697500E-01    7.524336E+01    6.071944E+01   -9.468923E+01    0.000000E+00    0.000000E+00    0.000000E+00   -1.090470E+02    1.395518E+02    2.716979E+00    0.000000E+00    0.000000E+00    0.000000E+00
5.707500E-01    8.294656E+01    5.890176E+01   -1.011462E+02    0.000000E+00    0.000000E+00    0.000000E+00   -1.108277E+02    1.512160E+02   -3.013662E+00    0.000000E+00    0.000000E+00    0.000000E+00
5.717500E-01    7.364064E+01    4.909745E+01   -1.074230E+02    0.000000E+00    0.000000E+00    0.000000E+00   -1.046874E+02    1.466161E+02   -4.947226E+00    0.000000E+00    0.000000E+00    0.000000E+00
5.727500E-01    6.618144E+01    5.748899E+01   -1.017344E+02    0.000000E+00    0.000000E+00    0.000000E+00   -1.091519E+02    1.355650E+02    5.506100E+00    0.000000E+00    0.000000E+00    0.000000E+00
5.737500E-01    8.068290E+01    6.843707E+01   -8.743156E+01    0.000000E+00    0.000000E+00    0.000000E+00   -1.111323E+02    1.380594E+02    5.265843E+00    0.000000E+00    0.000000E+00    0.000000E+00
5.747500E-01    8.616509E+01    5.997215E+01   -8.865856E+01    0.000000E+00    0.000000E+00    0.000000E+00   -1.033507E+02    1.427342E+02   -4.194839E+00    0.000000E+00    0.000000E+00    0.000000E+00
5.757500E-01    8.271739E+01    6.025921E+01   -9.749474E+01    0.000000E+00    0.000000E+00    0.000000E+00   -1.082960E+02    1.455543E+02   -2.138105E+00    0.000000E+00    0.000000E+00    0.000000E+00
5.767500E-01    8.296377E+01    6.619622E+01   -9.824702E+01    0.000000E+00    0.000000E+00    0.000000E+00   -1.139976E+02    1.462293E+02    2.063095E+00    0.000000E+00    0.000000E+00    0.000000E+00
5.777500E-01    9.713793E+01    7.409528E+01   -9.234075E+01    0.000000E+00    0.000000E+00    0.000000E+00   -1.169326E+02    1.537056E+02   -3.107038E-02    0.000000E+00    0.000000E+00    0.000000E+00
5.787500E-01    1.053710E+02    7.656793E+01   -8.863847E+01    0.000000E+00    0.000000E+00    0.000000E+00   -1.162755E+02    1.572958E+02   -2.813149E+00    0.000000E+00    0.000000E+00    0.000000E+00
5.797500E-01    1.041369E+02    7.295392E+01   -9.640269E+01    0.000000E+00    0.000000E+00    0.000000E+00   -1.168158E+02    1.610822E+02   -4.735855E+00    0.000000E+00    0.000000E+00    0.000000E+00
5.807500E-01    6.932796E+01    4.864704E+01   -1.348091E+02    0.000000E+00    0.000000E+00    0.000000E+00   -1.153223E+02    1.565257E+02   -3.087938E+00    0.000000E+00    0.000000E+00    0.000000E+00
5.817500E-01    7.599165E+01    5.684899E+01   -1.352463E+02    0.000000E+00    0.000000E+00    0.000000E+00   -1.226737E+02    1.626646E+02   -8.007092E-01    0.000000E+00    0.000000E+00    0.000000E+00
5.827500E-01    9.741987E+01    7.800102E+01   -1.061056E+02    0.000000E+00    0.000000E+00    0.000000E+00   -1.251189E+02    1.604457E+02    2.612077E+00    0.000000E+00    0.000000E+00    0.000000E+00
5.837500E-01    8.887739E+01    6.926049E+01   -1.163196E+02    0.000000E+00    0.000000E+00    0.000000E+00   -1.215078E+02    1.580858E+02    9.805216E-01    0.000000E+00    0.000000E+00    0.000000E+00
5.847500E-01    8.805677E+01    5.603625E+01   -1.159089E+02    0.000000E+00    0.000000E+00    0.000000E+00   -1.094158E+02    1.563477E+02   -7.874195E+00    0.000000E+00    0.000000E+00    0.000000E+00
5.857500E-01    9.015346E+01    6.252198E+01   -1.010103E+02    0.000000E+00    0.000000E+00    0.000000E+00   -1.070683E+02    1.478154E+02   -4.420200E+00    0.000000E+00    0.000000E+00    0.000000E+00
5.867500E-01    6.194054E+01    5.672165E+01   -1.539124E+02    0.000000E+00    0.000000E+00    0.000000E+00   -1.282190E+02    1.581707E+02    6.559779E+00    0.000000E+00    0.000000E+00    0.000000E+00
5.877500E-01    6.816514E+01    4.446261E+01   -1.465772E+02    0.000000E+00    0.000000E+00    0.000000E+00   -1.136382E+02    1.580376E+02   -5.061195E+00    0.000000E+00    0.000000E+00    0.000000E+00
5.887500E-01    9.544626E+01    4.979418E+01   -1.103470E+02    0.000000E+00    0.000000E+00    0.000000E+00   -9.947820E+01    1.563863E+02   -1.559563E+01    0.000000E+00    0.000000E+00    0.000000E+00
5.897500E-01    9.060891E+01    7.163032E+01   -1.033579E+02    0.000000E+00    0.000000E+00    0.000000E+00   -1.130473E+02    1.458779E+02    1.797054E+00    0.000000E+00    0.000000E+00    0.000000E+00
5.907500E-01    8.287714E+01    6.818648E+01   -1.149829E+02    0.000000E+00    0.000000E+00    0.000000E+00   -1.149292E+02    1.460396E+02    3.587501E+00    0.000000E+00    0.000000E+00    0.000000E+00
5.917500E-01    8.077374E+01    5.384422E+01   -1.214715E+02    0.000000E+00    0.000000E+00    0.000000E+00   -1.058571E+02    1.481904E+02   -4.898461E+00    0.000000E+00    0.000000E+00    0.000000E+00
5.927500E-01    7.303751E+01    6.043259E+01   -1.109960E+02    0.000000E+00    0.000000E+00    0.000000E+00   -1.058572E+02    1.341312E+02    3.240725E+00    0.000000E+00    0.000000E+00    0.000000E+00
5.937500E-01    8.364108E+01    5.918829E+01   -1.307620E+02    0.000000E+00    0.000000E+00    0.000000E+00   -1.137819E+02    1.547541E+02   -2.851785E+00    0.000000E+00    0.000000E+00    0.000000E+00
5.947500E-01    8.235021E+01    4.933532E+01   -1.136068E+02    0.000000E+00    0.000000E+00    0.000000E+00   -9.623921E+01    1.413455E+02   -8.543576E+00    0.000000E+00    0.000000E+00    0.000000E+00
5.957500E-01    6.083108E+01    5.227504E+01   -1.262906E+02    0.000000E+00    0.000000E+00    0.000000E+00   -1.041784E+02    1.310592E+02    4.033258E+00    0.000000E+00    0.000000E+00    0.000000E+00
5.967500E-01    8.052629E+01    6.111821E+01   -9.997829E+01    0.000000E+00    0.000000E+00    0.000000E+00   -9.868040E+01    1.303942E+02    1.110399E-01    0.000000E+00    0.000000E+00    0.000000E+00
5.977500E-01    1.000218E+02    7.587586E+01   -9.541709E+01    0.000000E+00    0.000000E+00    0.000000E+00   -1.077119E+02    1.423238E+02    1.299437E-01    0.000000E+00    0.000000E+00    0.000000E+00
5.987500E-01    8.581530E+01    7.292198E+01   -1.248521E+02    0.000000E+00    0.000000E+00    0.000000E+00   -1.181602E+02    1.478594E+02    5.057935E+00    0.000000E+00    0.000000E+00    0.000000E+00
5.997500E-01    6.794993E+01    3.935486E+01   -1.538157E+02    0.000000E+00    0.000000E+00    0.000000E+00   -1.036690E+02    1.503769E+02   -7.498391E+00    0.000000E+00    0.000000E+00    0.000000E+00
6.007500E-01    5.228814E+01    4.018388E+01   -1.573430E+02    0.000000E+00    0.000000E+00    0.000000E+00   -1.054421E+02    1.394692E+02    4.773983E-01    0.000000E+00    0.000000E+00    0.000000E+00
6.017500E-01    6.703342E+01    6.980556E+01   -1.081633E+02    0.000000E+00    0.000000E+00    0.000000E+00   -1.061971E+02    1.208502E+02    1.183815E+01    0.000000E+00    0.000000E+00    0.000000E+00
6.027500E-01    8.904124E+01    6.762824E+01   -1.146442E+02    0.000000E+00    0.000000E+00    0.000000E+00   -1.062178E+02    1.407923E+02    2.995241E-01    0.000000E+00    0.000000E+00    0.000000E+00
6.037500E-01    8.251325E+01    5.907572E+01   -1.563816E+02    0.000000E+00    0.000000E+00    0.000000E+00   -1.171739E+02    1.591731E+02   -1.906591E+00    0.000000E+00    0.000000E+00    0.000000E+00
6.047500E-01    8.695472E+01    6.484893E+01   -1.215914E+02    0.000000E+00    0.000000E+00    0.000000E+00   -1.063330E+02    1.422009E+02   -4.562699E-01    0.000000E+00    0.000000E+00    0.000000E+00
6.057500E-01    8.699649E+01    6.318352E+01   -1.449629E+02    0.000000E+00    0.000000E+00    0.000000E+00   -1.139254E+02    1.544743E+02   -1.334940E+00    0.000000E+00    0.000000E+00    0.000000E+00
6.067500E-01    7.116859E+01    6.546674E+01   -1.491130E+02    0.000000E+00    0.000000E+00    0.000000E+00   -1.160154E+02    1.428108E+02    7.104459E+00    0.000000E+00    0.000000E+00    0.000000E+00
6.077500E-01    6.973890E+01    5.833868E+01   -1.420953E+02    0.000000E+00    0.000000E+00    0.000000E+00   -1.068878E+02    1.368714E+02    3.469631E+00    0.000000E+00    0.000000E+00    0.000000E+00
6.087500E-01    6.142964E+01    4.728492E+01   -1.815186E+02    0.000000E+00    0.000000E+00    0.000000E+00   -1.141350E+02    1.515040E+02    6.486553E-01    0.000000E+00    0.000000E+00    0.000000E+00
6.097500E-01    4.899246E+01    4.267525E+01   -1.818788E+02    0.000000E+00    0.000000E+00    0.000000E+00   -1.099005E+02    1.409416E+02    3.289853E+00    0.000000E+00    0.000000E+00    0.000000E+00
6.107500E-01    6.577660E+01    5.152647E+01   -1.500289E+02    0.000000E+00    0.000000E+00    0.000000E+00   -1.030144E+02    1.353772E+02    1.123053E+00    0.000000E+00    0.000000E+00    0.000000E+00
6.117500E-01    4.965186E+01    4.158788E+01   -1.804923E+02    0.000000E+00    0.000000E+00    0.000000E+00   -1.064152E+02    1.379538E+02    2.394582E+00    0.000000E+00    0.000000E+00    0.000000E+00
6.127500E-01    5.630318E+01    4.063208E+01   -1.493823E+02    0.000000E+00    0.000000E+00    0.000000E+00   -9.223566E+01    1.251557E+02   -8.775992E-01    0.000000E+00    0.000000E+00    0.000000E+00
6.137500E-01    6.825610E+01    4.369799E+01   -1.440572E+02    0.000000E+00    0.000000E+00    0.000000E+00   -9.190924E+01    1.305962E+02   -4.076039E+00    0.000000E+00    0.000000E+00    0.000000E+00
6.147500E-01    5.349437E+01    4.033668E+01   -1.613020E+02    0.000000E+00    0.000000E+00    0.000000E+00   -9.523224E+01    1.275041E+02    1.881275E-01    0.000000E+00    0.000000E+00    0.000000E+00
6.157500E-01    5.135826E+01    4.640264E+01   -1.529703E+02    0.000000E+00    0.000000E+00    0.000000E+00   -9.555165E+01    1.205650E+02    4.416920E+00    0.000000E+00    0.000000E+00    0.000000E+00
6.167500E-01    6.331080E+01    5.483298E+01   -1.401142E+02    0.000000E+00    0.000000E+00    0.000000E+00   -9.636684E+01    1.221837E+02    4.141187E+00    0.000000E+00    0.000000E+00    0.000000E+00
6.177500E-01    6.194513E+01    3.913983E+01   -1.638034E+02    0.000000E+00    0.000000E+00    0.000000E+00   -9.326461E+01    1.323886E+02   -3.725623E+00    0.000000E+00    0.000000E+00    0.000000E+00
6.187500E-01    6.851196E+01    5.019947E+01   -1.494496E+02    0.000000E+00    0.000000E+00    0.000000E+00   -9.511382E+01    1.284236E+02   -5.703596E-01    0.000000E+00    0.000000E+00    0.000000E+00
6.197500E-01    5.981273E+01    5.543874E+01   -1.516986E+02    0.000000E+00    0.000000E+00    0.000000E+00   -9.858020E+01    1.215626E+02    5.528546E+00    0.000000E+00    0.000000E+00    0.000000E+00
6.207500E-01    5.803415E+01    3.860842E+01   -1.606398E+02    0.000000E+00    0.000000E+00    0.000000E+00   -8.906174E+01    1.241867E+02   -2.393659E+00    0.000000E+00    0.000000E+00    0.000000E+00
6.217500E-01    7.906800E+01    5.006910E+01   -1.349550E+02    0.000000E+00    0.000000E+00    0.000000E+00   -8.769053E+01    1.262466E+02   -4.562187E+00    0.000000E+00    0.000000E+00    0.000000E+00
6.227500E-01    8.963747E+01    6.354107E+01   -1.401954E+02    0.000000E+00    0.000000E+00    0.000000E+00   -9.820228E+01    1.349176E+02   -1.748192E+00    0.000000E+00    0.000000E+00    0.000000E+00
6.237500E-01    7.737855E+01    5.755066E+01   -1.501712E+02    0.000000E+00    0.000000E+00    0.000000E+00   -9.635959E+01    1.296231E+02   -1.644687E-01    0.000000E+00    0.000000E+00    0.000000E+00
6.247500E-01    7.498703E+01    5.854766E+01   -1.489952E+02    0.000000E+00    0.000000E+00    0.000000E+00   -9.578645E+01    1.263088E+02    1.152952E+00    0.000000E+00    0.000000E+00    0.000000E+00
6.257500E-01    3.620831E+01    3.150138E+01   -1.872267E+02    0.000000E+00    0.000000E+00    0.000000E+00   -8.867304E+01    1.144961E+02    2.025756E+00    0.000000E+00    0.000000E+00    0.000000E+00
6.267500E-01    2.658476E+01    2.201840E+01   -2.087758E+02    0.000000E+00    0.000000E+00    0.000000E+00   -8.872985E+01    1.164167E+02    8.621270E-01    0.000000E+00    0.000000E+00    0.000000E+00
6.277500E-01    5.613295E+01    2.198865E+01   -1.973583E+02    0.000000E+00    0.000000E+00    0.000000E+00   -8.362671E+01    1.304885E+02   -9.520061E+00    0.000000E+00    0.000000E+00    0.000000E+00
6.287500E-01    5.020418E+01    2.586347E+01   -1.885836E+02    0.000000E+00    0.000000E+00    0.000000E+00   -8.213299E+01    1.205321E+02   -5.649498E+00    0.000000E+00    0.000000E+00    0.000000E+00
6.297500E-01    4.092496E+01    4.490449E+01   -1.708413E+02    0.000000E+00    0.000000E+00    0.000000E+00   -8.852823E+01    1.052453E+02    6.249676E+00    0.000000E+00    0.000000E+00    0.000000E+00
6.307500E-01    6.914215E+01    5.274433E+01   -1.477423E+02    0.000000E+00    0.000000E+00    0.000000E+00   -8.531269E+01    1.138629E+02    2.821613E-01    0.000000E+00    0.000000E+00    0.000000E+00
6.317500E-01    7.376095E+01    3.993289E+01   -1.650110E+02    0.000000E+00    0.000000E+00    0.000000E+00   -8.124664E+01    1.227304E+02   -7.052328E+00    0.000000E+00    0.000000E+00    0.000000E+00
6.327500E-01    6.110227E+01    4.226951E+01   -1.812492E+02    0.000000E+00    0.000000E+00    0.000000E+00   -8.743608E+01    1.196855E+02   -1.952911E+00    0.000000E+00    0.000000E+00    0.000000E+00
6.337500E-01    3.902624E+01    4.323181E+01   -1.855950E+02    0.000000E+00    0.000000E+00    0.000000E+00   -8.816966E+01    1.050997E+02    5.694918E+00    0.000000E+00    0.000000E+00    0.000000E+00
6.347500E-01    5.634804E+01    4.089622E+01   -1.809267E+02    0.000000E+00    0.000000E+00    0.000000E+00   -8.443097E+01    1.139621E+02   -7.980398E-01    0.000000E+00    0.000000E+00    0.000000E+00
6.357500E-01    5.688446E+01    2.467199E+01   -1.909088E+02    0.000000E+00    0.000000E+00    0.000000E+00   -7.511187E+01    1.160106E+02   -7.696389E+00    0.000000E+00    0.000000E+00    0.000000E+00
6.367500E-01    4.454845E+01    3.468967E+01   -1.888768E+02    0.000000E+00    0.000000E+00    0.000000E+00   -7.998317E+01    1.050594E+02    2.206504E-01    0.000000E+00    0.000000E+00    0.000000E+00
6.377500E-01    6.126805E+01    4.275189E+01   -1.850339E+02    0.000000E+00    0.000000E+00    0.000000E+00   -8.350250E+01    1.142496E+02   -1.499923E+00    0.000000E+00    0.000000E+00    0.000000E+00
6.387500E-01    6.405731E+01    4.245549E+01   -1.848084E+02    0.000000E+00    0.000000E+00    0.000000E+00   -8.169352E+01    1.141381E+02   -2.354408E+00    0.000000E+00    0.000000E+00    0.000000E+00
6.397500E-01    4.214252E+01    4.412205E+01   -1.991812E+02    0.000000E+00    0.000000E+00    0.000000E+00   -8.547230E+01    1.028743E+02    4.635068E+00    0.000000E+00    0.000000E+00    0.000000E+00
6.407500E-01    5.434978E+01    3.348084E+01   -1.891167E+02    0.000000E+00    0.000000E+00    0.000000E+00   -7.500720E+01    1.063386E+02   -2.876469E+00    0.000000E+00    0.000000E+00    0.000000E+00
6.417500E-01    2.635353E+01    1.248284E+01   -2.123791E+02    0.000000E+00    0.000000E+00    0.000000E+00   -6.599461E+01    9.426703E+01   -2.772356E+00    0.000000E+00    0.000000E+00    0.000000E+00
6.427500E-01    3.358599E+01    3.350197E+01   -1.937370E+02    0.000000E+00    0.000000E+00    0.000000E+00   -7.409613E+01    9.133112E+01    2.876808E+00    0.000000E+00    0.000000E+00    0.000000E+00
6.437500E-01    5.045236E+01    3.240130E+01   -1.897817E+02    0.000000E+00    0.000000E+00    0.000000E+00   -7.078238E+01    9.899291E+01   -1.979597E+00    0.000000E+00    0.000000E+00    0.000000E+00
6.447500E-01    3.079617E+01    1.918675E+01   -2.021989E+02    0.000000E+00    0.000000E+00    0.000000E+00   -6.356913E+01    8.815869E+01   -1.351740E+00    0.000000E+00    0.000000E+00    0.000000E+00
6.457500E-01    4.658154E+01    3.557883E+01   -1.729016E+02    0.000000E+00    0.000000E+00    0.000000E+00   -6.629762E+01    8.776740E+01    1.351297E-01    0.000000E+00    0.000000E+00    0.000000E+00
6.467500E-01    4.287870E+01    2.702161E+01   -2.123958E+02    0.000000E+00    0.000000E+00    0.000000E+00   -6.887653E+01    9.625233E+01   -1.730090E+00    0.000000E+00    0.000000E+00    0.000000E+00
6.477500E-01    3.602260E+01    3.099990E+01   -1.978056E+02    0.000000E+00    0.000000E+00    0.000000E+00   -6.693270E+01    8.606179E+01    1.254821E+00    0.000000E+00    0.000000E+00    0.000000E+00
6.487500E-01    3.454373E+01    3.490465E+01   -1.942210E+02    0.000000E+00    0.000000E+00    0.000000E+00   -6.748861E+01    8.243856E+01    2.805037E+00    0.000000E+00    0.000000E+00    0.000000E+00
6.497500E-01    3.996044E+01    2.698763E+01   -2.064164E+02    0.000000E+00    0.000000E+00    0.000000E+00   -6.370705E+01    8.731426E+01   -9.321045E-01    0.000000E+00    0.000000E+00    0.000000E+00
6.507500E-01    1.928183E+01    8.228060E+00   -2.134625E+02    0.000000E+00    0.000000E+00    0.000000E+00   -5.194206E+01    7.443395E+01   -1.877293E+00    0.000000E+00    0.000000E+00    0.000000E+00
6.517500E-01    1.307537E+01    1.397187E+01   -2.233650E+02    0.000000E+00    0.000000E+00    0.000000E+00   -5.668596E+01    7.213956E+01    1.203123E+00    0.000000E+00    0.000000E+00    0.000000E+00
6.527500E-01    4.069435E+01    3.328619E+01   -2.008051E+02    0.000000E+00    0.000000E+00    0.000000E+00   -6.288761E+01    8.169637E+01    7.453656E-01    0.000000E+00    0.000000E+00    0.000000E+00
6.537500E-01    4.218902E+01    3.029265E+01   -2.018936E+02    0.000000E+00    0.000000E+00    0.000000E+00   -5.947470E+01    8.071908E+01   -4.392942E-01    0.000000E+00    0.000000E+00    0.000000E+00
6.547500E-01    4.976638E+01    4.002520E+01   -1.995228E+02    0.000000E+00    0.000000E+00    0.000000E+00   -6.421301E+01    8.383032E+01    6.134455E-01    0.000000E+00    0.000000E+00    0.000000E+00
6.557500E-01    5.651418E+01    4.299514E+01   -1.953008E+02    0.000000E+00    0.000000E+00    0.000000E+00   -6.397662E+01    8.532765E+01    2.751444E-02    0.000000E+00    0.000000E+00    0.000000E+00
6.567500E-01    1.850153E+01    1.433020E+01   -2.213470E+02    0.000000E+00    0.000000E+00    0.000000E+00   -4.917104E+01    6.571776E+01   -2.022154E-02    0.000000E+00    0.000000E+00    0.000000E+00
6.577500E-01    2.400152E+01    2.750838E+01   -2.155596E+02    0.000000E+00    0.000000E+00    0.000000E+00   -5.579431E+01    6.702863E+01    2.178774E+00    0.000000E+00    0.000000E+00    0.000000E+00
6.587500E-01    8.898008E+00    7.189894E+00   -2.526957E+02    0.000000E+00    0.000000E+00    0.000000E+00   -4.819516E+01    6.416689E+01   -1.382633E-02    0.000000E+00    0.000000E+00    0.000000E+00
6.597500E-01    9.874522E+00   -9.337637E-01   -2.474588E+02    0.000000E+00    0.000000E+00    0.000000E+00   -4.067863E+01    6.122465E+01   -2.060469E+00    0.000000E+00    0.000000E+00    0.000000E+00
6.607500E-01    2.849711E+01    2.521339E+01   -2.234314E+02    0.000000E+00    0.000000E+00    0.000000E+00   -5.153314E+01    6.580536E+01    6.707080E-01    0.000000E+00    0.000000E+00    0.000000E+00
6.617500E-01    3.244695E+01    2.957464E+01   -2.319922E+02    0.000000E+00    0.000000E+00    0.000000E+00   -5.379141E+01    6.777788E+01    9.180133E-01    0.000000E+00    0.000000E+00    0.000000E+00
6.627500E-01    1.950201E+01    2.019196E+01   -2.343412E+02    0.000000E+00    0.000000E+00    0.000000E+00   -4.684196E+01    5.826354E+01    9.369295E-01    0.000000E+00    0.000000E+00    0.000000E+00
6.637500E-01   -6.611798E-01    7.567050E+00   -2.397015E+02    0.000000E+00    0.000000E+00    0.000000E+00   -3.902404E+01    4.561190E+01    1.418772E+00    0.000000E+00    0.000000E+00    0.000000E+00
6.647500E-01    2.621592E+01    1.204089E+01   -2.249667E+02    0.000000E+00    0.000000E+00    0.000000E+00   -3.865640E+01    5.739840E+01   -1.593743E+00    0.000000E+00    0.000000E+00    0.000000E+00
6.657500E-01    2.712044E+01    1.960759E+01   -2.314373E+02    0.000000E+00    0.000000E+00    0.000000E+00   -4.199768E+01    5.628898E+01   -3.155499E-01    0.000000E+00    0.000000E+00    0.000000E+00
6.667500E-01    1.344469E+01    1.998060E+01   -2.365874E+02    0.000000E+00    0.000000E+00    0.000000E+00   -4.122305E+01    4.688839E+01    1.539498E+00    0.000000E+00    0.000000E+00    0.000000E+00
6.677500E-01    2.012195E+01    1.111431E+01   -2.405661E+02    0.000000E+00    0.000000E+00    0.000000E+00   -3.523483E+01    4.987712E+01   -7.841673E-01    0.000000E+00    0.000000E+00    0.000000E+00
6.687500E-01    1.452330E+01    1.138384E+01   -2.460483E+02    0.000000E+00    0.000000E+00    0.000000E+00   -3.448645E+01    4.509939E+01   -6.934849E-02    0.000000E+00    0.000000E+00    0.000000E+00
6.697500E-01    1.156284E+01    1.226228E+01   -2.447924E+02    0.000000E+00    0.000000E+00    0.000000E+00   -3.343314E+01    4.111010E+01    3.817720E-01    0.000000E+00    0.000000E+00    0.000000E+00
6.707500E-01    3.177769E+00    1.097496E+00   -2.453304E+02    0.000000E+00    0.000000E+00    0.000000E+00   -2.526180E+01    3.407832E+01   -2.749675E-01    0.000000E+00    0.000000E+00    0.000000E+00
6.717500E-01   -8.170564E+00    6.248353E-01   -2.487310E+02    0.000000E+00    0.000000E+00    0.000000E+00   -2.382229E+01    2.562543E+01    7.574248E-01    0.000000E+00    0.000000E+00    0.000000E+00
6.727500E-01    3.091370E+00    2.656734E+00   -2.497513E+02    0.000000E+00    0.000000E+00    0.000000E+00   -2.368616E+01    3.014801E+01   -1.363356E-01    0.000000E+00    0.000000E+00    0.000000E+00
6.737500E-01    9.896707E+00   -3.417756E-01   -2.509604E+02    0.000000E+00    0.000000E+00    0.000000E+00   -2.020369E+01    3.164683E+01   -1.061398E+00    0.000000E+00    0.000000E+00    0.000000E+00
6.747500E-01    3.359249E-01    1.401038E-01   -2.535429E+02    0.000000E+00    0.000000E+00    0.000000E+00   -1.898952E+01    2.395370E+01   -1.877628E-01    0.000000E+00    0.000000E+00    0.000000E+00
6.757500E-01   -3.046970E+00   -1.458906E+00   -2.531497E+02    0.000000E+00    0.000000E+00    0.000000E+00   -1.649748E+01    1.997168E+01   -7.828157E-02    0.000000E+00    0.000000E+00    0.000000E+00
6.767500E-01   -5.727711E+00   -5.391840E+00   -2.550118E+02    0.000000E+00    0.000000E+00    0.000000E+00   -1.259603E+01    1.622310E+01   -2.490383E-01    0.000000E+00    0.000000E+00    0.000000E+00
6.777500E-01   -9.858957E+00   -7.077503E+00   -2.484908E+02    0.000000E+00    0.000000E+00    0.000000E+00   -9.683152E+00    1.110019E+01   -1.369152E-01    0.000000E+00    0.000000E+00    0.000000E+00
6.787500E-01   -1.661492E+01   -1.447237E+01   -2.459615E+02    0.000000E+00    0.000000E+00    0.000000E+00   -3.496682E+00    4.587243E+00   -2.462379E-01    0.000000E+00    0.000000E+00    0.000000E+00
6.797500E-01   -2.036496E+01   -1.749677E+01   -2.516382E+02    0.000000E+00    0.000000E+00    0.000000E+00   -7.109748E-02    1.219630E-01   -2.039942E-01    0.000000E+00    0.000000E+00    0.000000E+00
6.807500E-01   -9.174775E+00   -7.925284E+00   -2.545215E+02    0.000000E+00    0.000000E+00    0.000000E+00   -4.257358E+00    4.613638E+00   -1.950863E-01    0.000000E+00    0.000000E+00    0.000000E+00
6.817500E-01    8.182612E-01   -2.734822E+00   -2.576986E+02    0.000000E+00    0.000000E+00    0.000000E+00   -5.720808E+00    8.219217E+00   -3.451245E-01    0.000000E+00    0.000000E+00    0.000000E+00
6.827500E-01   -4.928596E+00   -7.889053E+00   -2.613698E+02    0.000000E+00    0.000000E+00    0.000000E+00   -1.147613E+00    2.751584E+00   -2.979093E-01    0.000000E+00    0.000000E+00    0.000000E+00
6.837500E-01   -1.112835E+01   -1.006341E+01   -2.600585E+02    0.000000E+00    0.000000E+00    0.000000E+00    1.613125E+00   -2.839496E+00   -1.682351E-01    0.000000E+00    0.000000E+00    0.000000E+00
6.847500E-01   -9.941341E+00   -7.216388E+00   -2.610055E+02    0.000000E+00    0.000000E+00    0.000000E+00    1.771934E+00   -4.518954E+00   -1.378114E-01    0.000000E+00    0.000000E+00    0.000000E+00
6.857500E-01   -1.287948E+01   -1.079210E+01   -2.460790E+02    0.000000E+00    0.000000E+00    0.000000E+00    6.008750E+00   -9.033472E+00   -8.544411E-02    0.000000E+00    0.000000E+00    0.000000E+00
6.867500E-01   -2.548951E+01   -2.120878E+01   -2.531546E+02    0.000000E+00    0.000000E+00    0.000000E+00    1.351426E+01   -1.852596E+01    5.618023E-02    0.000000E+00    0.000000E+00    0.000000E+00
6.877500E-01   -1.949134E+01   -1.457757E+01   -2.595178E+02    0.000000E+00    0.000000E+00    0.000000E+00    1.123656E+01   -1.731028E+01    8.495882E-03    0.000000E+00    0.000000E+00    0.000000E+00
6.887500E-01   -9.833175E+00   -7.106636E+00   -2.611590E+02    0.000000E+00    0.000000E+00    0.000000E+00    9.287187E+00   -1.486504E+01   -5.276408E-02    0.000000E+00    0.000000E+00    0.000000E+00
6.897500E-01   -7.258962E+00   -6.807189E+00   -2.753997E+02    0.000000E+00    0.000000E+00    0.000000E+00    1.112762E+01   -1.613971E+01   -8.310650E-03    0.000000E+00    0.000000E+00    0.000000E+00
6.907500E-01   -1.591747E+01   -1.320630E+01   -2.729898E+02    0.000000E+00    0.000000E+00    0.000000E+00    1.622833E+01   -2.305428E+01    6.776951E-02    0.000000E+00    0.000000E+00    0.000000E+00
6.917500E-01   -2.599938E+01   -1.889283E+01   -2.680439E+02    0.000000E+00    0.000000E+00    0.000000E+00    2.157175E+01   -3.162332E+01    6.981492E-02    0.000000E+00    0.000000E+00    0.000000E+00
6.927500E-01   -1.874404E+01   -1.121438E+01   -2.692345E+02    0.000000E+00    0.000000E+00    0.000000E+00    1.916581E+01   -3.014480E+01   -1.516691E-01    0.000000E+00    0.000000E+00    0.000000E+00
6.937500E-01   -3.024388E+01   -1.965791E+01   -2.688078E+02    0.000000E+00    0.000000E+00    0.000000E+00    2.613106E+01   -3.962033E+01   -9.760977E-02    0.000000E+00    0.000000E+00    0.000000E+00
6.947500E-01   -3.962073E+01   -2.868791E+01   -2.730211E+02    0.000000E+00    0.000000E+00    0.000000E+00    3.379002E+01   -4.846397E+01    1.099305E-01    0.000000E+00    0.000000E+00    0.000000E+00
6.957500E-01   -2.793419E+01   -2.010273E+01   -2.794706E+02    0.000000E+00    0.000000E+00    0.000000E+00    3.111208E+01   -4.490951E+01   -9.269786E-04    0.000000E+00    0.000000E+00    0.000000E+00
6.967500E-01   -2.614947E+01   -1.723811E+01   -2.841249E+02    0.000000E+00    0.000000E+00    0.000000E+00    3.178392E+01   -4.706548E+01   -2.036229E-01    0.000000E+00    0.000000E+00    0.000000E+00
6.977500E-01   -3.704957E+01   -2.506894E+01   -2.833074E+02    0.000000E+00    0.000000E+00    0.000000E+00    3.825506E+01   -5.595435E+01   -1.818249E-01    0.000000E+00    0.000000E+00    0.000000E+00
6.987500E-01   -4.231146E+01   -2.944198E+01   -2.796811E+02    0.000000E+00    0.000000E+00    0.000000E+00    4.222127E+01   -6.090413E+01   -1.234162E-01    0.000000E+00    0.000000E+00    0.000000E+00
6.997500E-01   -4.026224E+01   -2.877800E+01   -2.780865E+02    0.000000E+00    0.000000E+00    0.000000E+00    4.348490E+01   -6.200634E+01   -9.423902E-02    0.000000E+00    0.000000E+00    0.000000E+00
7.007500E-01   -3.826381E+01   -2.649611E+01   -2.857147E+02    0.000000E+00    0.000000E+00    0.000000E+00    4.511984E+01   -6.496082E+01   -2.710090E-01    0.000000E+00    0.000000E+00    0.000000E+00
7.017500E-01   -3.854167E+01   -2.487774E+01   -2.910336E+02    0.000000E+00    0.000000E+00    0.000000E+00    4.687329E+01   -6.880595E+01   -5.738039E-01    0.000000E+00    0.000000E+00    0.000000E+00
7.027500E-01   -3.463315E+01   -2.394941E+01   -2.902150E+02    0.000000E+00    0.000000E+00    0.000000E+00    4.810228E+01   -6.900260E+01   -2.858483E-01    0.000000E+00    0.000000E+00    0.000000E+00
7.037500E-01   -4.094544E+01   -3.079525E+01   -2.878660E+02    0.000000E+00    0.000000E+00    0.000000E+00    5.378214E+01   -7.508748E+01    1.263644E-01    0.000000E+00    0.000000E+00    0.000000E+00
7.047500E-01   -4.532708E+01   -3.246395E+01   -2.874519E+02    0.000000E+00    0.000000E+00    0.000000E+00    5.678508E+01   -8.041044E+01   -1.643029E-01    0.000000E+00    0.000000E+00    0.000000E+00
7.057500E-01   -4.658634E+01   -3.195511E+01   -2.930174E+02    0.000000E+00    0.000000E+00    0.000000E+00    5.945867E+01   -8.519057E+01   -4.603779E-01    0.000000E+00    0.000000E+00    0.000000E+00
7.067500E-01   -5.331757E+01   -3.656765E+01   -2.967433E+02    0.000000E+00    0.000000E+00    0.000000E+00    6.483024E+01   -9.286737E+01   -4.705624E-01    0.000000E+00    0.000000E+00    0.000000E+00
7.077500E-01   -5.190507E+01   -3.708008E+01   -2.948418E+02    0.000000E+00    0.000000E+00    0.000000E+00    6.677290E+01   -9.442326E+01   -1.361218E-01    0.000000E+00    0.000000E+00    0.000000E+00
7.087500E-01   -5.548337E+01   -4.137529E+01   -2.940101E+02    0.000000E+00    0.000000E+00    0.000000E+00    7.132324E+01   -9.947147E+01    2.933190E-01    0.000000E+00    0.000000E+00    0.000000E+00
7.097500E-01   -5.511862E+01   -3.825854E+01   -2.959199E+02    0.000000E+00    0.000000E+00    0.000000E+00    7.201574E+01   -1.028374E+02   -3.504234E-01    0.000000E+00    0.000000E+00    0.000000E+00
7.107500E-01   -6.024629E+01   -4.118381E+01   -2.978353E+02    0.000000E+00    0.000000E+00    0.000000E+00    7.628269E+01   -1.094093E+02   -5.355200E-01    0.000000E+00    0.000000E+00    0.000000E+00
7.117500E-01   -6.303738E+01   -4.480131E+01   -3.001697E+02    0.000000E+00    0.000000E+00    0.000000E+00    8.078437E+01   -1.143880E+02   -1.268654E-01    0.000000E+00    0.000000E+00    0.000000E+00
7.127500E-01   -6.671319E+01   -4.680096E+01   -2.960991E+02    0.000000E+00    0.000000E+00    0.000000E+00    8.334334E+01   -1.185297E+02   -2.480845E-01    0.000000E+00    0.000000E+00    0.000000E+00
7.137500E-01   -6.642098E+01   -4.637562E+01   -2.931877E+02    0.000000E+00    0.000000E+00    0.000000E+00    8.471176E+01   -1.207005E+02   -2.966132E-01    0.000000E+00    0.000000E+00    0.000000E+00
7.147500E-01   -5.898571E+01   -4.013263E+01   -2.946352E+02    0.000000E+00    0.000000E+00    0.000000E+00    8.333791E+01   -1.196136E+02   -6.148301E-01    0.000000E+00    0.000000E+00    0.000000E+00
7.157500E-01   -6.672659E+01   -4.584212E+01   -2.911975E+02    0.000000E+00    0.000000E+00    0.000000E+00    8.832957E+01   -1.264378E+02   -5.568990E-01    0.000000E+00    0.000000E+00    0.000000E+00
7.167500E-01   -6.865291E+01   -4.970935E+01   -2.929084E+02    0.000000E+00    0.000000E+00    0.000000E+00    9.306179E+01   -1.309784E+02    1.802708E-01    0.000000E+00    0.000000E+00    0.000000E+00
7.177500E-01   -6.324344E+01   -4.571982E+01   -2.925841E+02    0.000000E+00    0.000000E+00    0.000000E+00    9.266175E+01   -1.305020E+02    1.072512E-01    0.000000E+00    0.000000E+00    0.000000E+00
7.187500E-01   -6.878857E+01   -4.847881E+01   -2.891815E+02    0.000000E+00    0.000000E+00    0.000000E+00    9.589119E+01   -1.360030E+02   -2.897718E-01    0.000000E+00    0.000000E+00    0.000000E+00
7.197500E-01   -7.421673E+01   -5.193159E+01   -2.850215E+02    0.000000E+00    0.000000E+00    0.000000E+00    9.903114E+01   -1.407680E+02   -4.313665E-01    0.000000E+00    0.000000E+00    0.000000E+00
7.207500E-01   -6.841946E+01   -4.811157E+01   -2.845049E+02    0.000000E+00    0.000000E+00    0.000000E+00    9.841447E+01   -1.396422E+02   -3.514938E-01    0.000000E+00    0.000000E+00    0.000000E+00
7.217500E-01   -6.970733E+01   -5.138444E+01   -2.873953E+02    0.000000E+00    0.000000E+00    0.000000E+00    1.034702E+02   -1.446806E+02    4.760854E-01    0.000000E+00    0.000000E+00    0.000000E+00
7.227500E-01   -6.934753E+01   -5.117066E+01   -2.875411E+02    0.000000E+00    0.000000E+00    0.000000E+00    1.054852E+02   -1.474633E+02    4.810805E-01    0.000000E+00    0.000000E+00    0.000000E+00
7.237500E-01   -7.652651E+01   -5.431934E+01   -2.849512E+02    0.000000E+00    0.000000E+00    0.000000E+00    1.087157E+02   -1.537110E+02   -2.526574E-01    0.000000E+00    0.000000E+00    0.000000E+00
7.247500E-01   -8.747446E+01   -6.183928E+01   -2.785813E+02    0.000000E+00    0.000000E+00    0.000000E+00    1.135870E+02   -1.607669E+02   -3.688899E-01    0.000000E+00    0.000000E+00    0.000000E+00
7.257500E-01   -7.224180E+01   -5.277303E+01   -2.890208E+02    0.000000E+00    0.000000E+00    0.000000E+00    1.128376E+02   -1.580558E+02    3.051325E-01    0.000000E+00    0.000000E+00    0.000000E+00
7.267500E-01   -7.077528E+01   -5.323792E+01   -2.892600E+02    0.000000E+00    0.000000E+00    0.000000E+00    1.157132E+02   -1.607145E+02    9.430387E-01    0.000000E+00    0.000000E+00    0.000000E+00
7.277500E-01   -8.535422E+01   -6.208707E+01   -2.841859E+02    0.000000E+00    0.000000E+00    0.000000E+00    1.217170E+02   -1.706106E+02    3.627832E-01    0.000000E+00    0.000000E+00    0.000000E+00
7.287500E-01   -8.121613E+01   -5.607418E+01   -2.844922E+02    0.000000E+00    0.000000E+00    0.000000E+00    1.197132E+02   -1.705311E+02   -9.371630E-01    0.000000E+00    0.000000E+00    0.000000E+00
7.297500E-01   -7.818627E+01   -5.501822E+01   -2.826199E+02    0.000000E+00    0.000000E+00    0.000000E+00    1.208233E+02   -1.709982E+02   -4.863771E-01    0.000000E+00    0.000000E+00    0.000000E+00
7.307500E-01   -7.937977E+01   -5.795628E+01   -2.840040E+02    0.000000E+00    0.000000E+00    0.000000E+00    1.253378E+02   -1.755215E+02    4.853665E-01    0.000000E+00    0.000000E+00    0.000000E+00
7.317500E-01   -8.333544E+01   -6.022059E+01   -2.853718E+02    0.000000E+00    0.000000E+00    0.000000E+00    1.290946E+02   -1.814860E+02    2.834025E-01    0.000000E+00    0.000000E+00    0.000000E+00
7.327500E-01   -8.567492E+01   -6.038186E+01   -2.862859E+02    0.000000E+00    0.000000E+00    0.000000E+00    1.313790E+02   -1.861811E+02   -4.162590E-01    0.000000E+00    0.000000E+00    0.000000E+00
7.337500E-01   -9.218944E+01   -6.225533E+01   -2.835355E+02    0.000000E+00    0.000000E+00    0.000000E+00    1.336354E+02   -1.918030E+02   -1.690438E+00    0.000000E+00    0.000000E+00    0.000000E+00
7.347500E-01   -8.979514E+01   -6.098454E+01   -2.839486E+02    0.000000E+00    0.000000E+00    0.000000E+00    1.348375E+02   -1.931143E+02   -1.504518E+00    0.000000E+00    0.000000E+00    0.000000E+00
7.357500E-01   -8.844815E+01   -6.288484E+01   -2.842697E+02    0.000000E+00    0.000000E+00    0.000000E+00    1.382244E+02   -1.953984E+02   -1.216275E-01    0.000000E+00    0.000000E+00    0.000000E+00
7.367500E-01   -9.131434E+01   -6.543354E+01   -2.838235E+02    0.000000E+00    0.000000E+00    0.000000E+00    1.416002E+02   -1.998125E+02    1.305593E-01    0.000000E+00    0.000000E+00    0.000000E+00
7.377500E-01   -9.405689E+01   -6.601576E+01   -2.850516E+02    0.000000E+00    0.000000E+00    0.000000E+00    1.442556E+02   -2.048834E+02   -5.480190E-01    0.000000E+00    0.000000E+00    0.000000E+00
7.387500E-01   -9.716637E+01   -6.484345E+01   -2.867679E+02    0.000000E+00    0.000000E+00    0.000000E+00    1.462779E+02   -2.108642E+02   -2.112763E+00    0.000000E+00    0.000000E+00    0.000000E+00
7.397500E-01   -9.438231E+01   -6.522909E+01   -3.399379E+02    0.000000E+00    0.000000E+00    0.000000E+00    1.689706E+02   -2.410522E+02   -1.103110E+00    0.000000E+00    0.000000E+00    0.000000E+00
7.407500E-01   -1.016174E+02   -7.199084E+01   -2.894370E+02    0.000000E+00    0.000000E+00    0.000000E+00    1.559864E+02   -2.209101E+02   -7.850202E-02    0.000000E+00    0.000000E+00    0.000000E+00
7.417500E-01   -1.041315E+02   -7.302257E+01   -2.671960E+02    0.000000E+00    0.000000E+00    0.000000E+00    1.497365E+02   -2.127308E+02   -3.169069E-01    0.000000E+00    0.000000E+00    0.000000E+00
7.427500E-01   -8.638006E+01   -5.770784E+01   -2.387310E+02    0.000000E+00    0.000000E+00    0.000000E+00    1.308292E+02   -1.887517E+02   -1.805006E+00    0.000000E+00    0.000000E+00    0.000000E+00
7.437500E-01   -9.920183E+01   -6.701304E+01   -2.668326E+02    0.000000E+00    0.000000E+00    0.000000E+00    1.494173E+02   -2.151516E+02   -1.781684E+00    0.000000E+00    0.000000E+00    0.000000E+00
7.447500E-01   -1.098609E+02   -7.534643E+01   -2.891406E+02    0.000000E+00    0.000000E+00    0.000000E+00    1.651471E+02   -2.368510E+02   -1.413879E+00    0.000000E+00    0.000000E+00    0.000000E+00
7.457500E-01   -1.104104E+02   -7.599162E+01   -2.756693E+02    0.000000E+00    0.000000E+00    0.000000E+00    1.619548E+02   -2.319580E+02   -1.294031E+00    0.000000E+00    0.000000E+00    0.000000E+00
7.467500E-01   -9.469700E+01   -6.593326E+01   -2.519556E+02    0.000000E+00    0.000000E+00    0.000000E+00    1.470927E+02   -2.097320E+02   -7.213117E-01    0.000000E+00    0.000000E+00    0.000000E+00
7.477500E-01   -7.884900E+01   -5.330428E+01   -2.269245E+02    0.000000E+00    0.000000E+00    0.000000E+00    1.297785E+02   -1.866854E+02   -1.516832E+00    0.000000E+00    0.000000E+00    0.000000E+00
7.487500E-01   -8.677719E+01   -5.947804E+01   -2.301271E+02    0.000000E+00    0.000000E+00    0.000000E+00    1.369684E+02   -1.965309E+02   -1.173717E+00    0.000000E+00    0.000000E+00    0.000000E+00
7.497500E-01   -9.661769E+01   -6.733804E+01   -2.351559E+02    0.000000E+00    0.000000E+00    0.000000E+00    1.459329E+02   -2.084020E+02   -6.243091E-01    0.000000E+00    0.000000E+00    0.000000E+00
7.507500E-01   -1.060626E+02   -7.394758E+01   -2.351910E+02    0.000000E+00    0.000000E+00    0.000000E+00    1.520166E+02   -2.171210E+02   -6.421284E-01    0.000000E+00    0.000000E+00    0.000000E+00
7.517500E-01   -9.513463E+01   -6.643053E+01   -2.305417E+02    0.000000E+00    0.000000E+00    0.000000E+00    1.463657E+02   -2.090385E+02   -5.027589E-01    0.000000E+00    0.000000E+00    0.000000E+00
7.527500E-01   -8.732638E+01   -5.835066E+01   -2.224706E+02    0.000000E+00    0.000000E+00    0.000000E+00    1.386505E+02   -2.007855E+02   -2.020291E+00    0.000000E+00    0.000000E+00    0.000000E+00
7.537500E-01   -9.010991E+01   -6.066559E+01   -2.058941E+02    0.000000E+00    0.000000E+00    0.000000E+00    1.343123E+02   -1.942118E+02   -1.764748E+00    0.000000E+00    0.000000E+00    0.000000E+00
7.547500E-01   -1.001510E+02   -6.945072E+01   -2.086157E+02    0.000000E+00    0.000000E+00    0.000000E+00    1.432300E+02   -2.051455E+02   -6.772745E-01    0.000000E+00    0.000000E+00    0.000000E+00
7.557500E-01   -9.610624E+01   -6.757283E+01   -2.289083E+02    0.000000E+00    0.000000E+00    0.000000E+00    1.523720E+02   -2.172806E+02   -6.754762E-02    0.000000E+00    0.000000E+00    0.000000E+00
7.567500E-01   -9.005720E+01   -6.550115E+01   -2.436486E+02    0.000000E+00    0.000000E+00    0.000000E+00    1.587690E+02   -2.242472E+02    1.306122E+00    0.000000E+00    0.000000E+00    0.000000E+00
7.577500E-01   -9.381712E+01   -6.387622E+01   -2.411491E+02    0.000000E+00    0.000000E+00    0.000000E+00    1.577009E+02   -2.272816E+02   -1.411308E+00    0.000000E+00    0.000000E+00    0.000000E+00
7.587500E-01   -9.647197E+01   -6.392261E+01   -2.451189E+02    0.000000E+00    0.000000E+00    0.000000E+00    1.608304E+02   -2.337533E+02   -2.554018E+00    0.000000E+00    0.000000E+00    0.000000E+00
7.597500E-01   -9.931563E+01   -6.958889E+01   -2.444206E+02    0.000000E+00    0.000000E+00    0.000000E+00    1.659441E+02   -2.372288E+02   -1.371250E-01    0.000000E+00    0.000000E+00    0.000000E+00
7.607500E-01   -1.032509E+02   -7.325489E+01   -2.431896E+02    0.000000E+00    0.000000E+00    0.000000E+00    1.694996E+02   -2.413652E+02    4.781116E-01    0.000000E+00    0.000000E+00    0.000000E+00
7.617500E-01   -1.033037E+02   -7.436454E+01   -2.484637E+02    0.000000E+00    0.000000E+00    0.000000E+00    1.743176E+02   -2.470940E+02    1.223279E+00    0.000000E+00    0.000000E+00    0.000000E+00
7.627500E-01   -1.070477E+02   -7.365196E+01   -2.446040E+02    0.000000E+00    0.000000E+00    0.000000E+00    1.732216E+02   -2.492090E+02   -9.686472E-01    0.000000E+00    0.000000E+00    0.000000E+00
7.637500E-01   -1.108589E+02   -7.479245E+01   -2.382635E+02    0.000000E+00    0.000000E+00    0.000000E+00    1.722633E+02   -2.496622E+02   -1.947631E+00    0.000000E+00    0.000000E+00    0.000000E+00
7.647500E-01   -1.077054E+02   -7.612468E+01   -2.366745E+02    0.000000E+00    0.000000E+00    0.000000E+00    1.738814E+02   -2.482404E+02    4.985320E-01    0.000000E+00    0.000000E+00    0.000000E+00
7.657500E-01   -1.093180E+02   -7.739760E+01   -2.343972E+02    0.000000E+00    0.000000E+00    0.000000E+00    1.752833E+02   -2.501641E+02    5.655091E-01    0.000000E+00    0.000000E+00    0.000000E+00
7.667500E-01   -1.145744E+02   -7.957081E+01   -2.267194E+02    0.000000E+00    0.000000E+00    0.000000E+00    1.748793E+02   -2.512035E+02   -4.276006E-01    0.000000E+00    0.000000E+00    0.000000E+00
7.677500E-01   -1.328983E+02   -9.089378E+01   -2.103977E+02    0.000000E+00    0.000000E+00    0.000000E+00    1.768131E+02   -2.555934E+02   -1.298498E+00    0.000000E+00    0.000000E+00    0.000000E+00
7.687500E-01   -1.450196E+02   -9.864481E+01   -1.894083E+02    0.000000E+00    0.000000E+00    0.000000E+00    1.732306E+02   -2.513756E+02   -1.611104E+00    0.000000E+00    0.000000E+00    0.000000E+00
7.697500E-01   -1.262593E+02   -8.794230E+01   -1.894508E+02    0.000000E+00    0.000000E+00    0.000000E+00    1.659201E+02   -2.382632E+02    1.298254E-01    0.000000E+00    0.000000E+00    0.000000E+00
7.707500E-01   -1.241417E+02   -8.667215E+01   -1.900654E+02    0.000000E+00    0.000000E+00    0.000000E+00    1.663631E+02   -2.386202E+02    2.073612E-01    0.000000E+00    0.000000E+00    0.000000E+00
7.717500E-01   -1.161825E+02   -8.019190E+01   -2.023535E+02    0.000000E+00    0.000000E+00    0.000000E+00    1.677932E+02   -2.418269E+02   -5.431983E-01    0.000000E+00    0.000000E+00    0.000000E+00
7.727500E-01   -1.075828E+02   -7.265636E+01   -2.120854E+02    0.000000E+00    0.000000E+00    0.000000E+00    1.672029E+02   -2.429731E+02   -1.647090E+00    0.000000E+00    0.000000E+00    0.000000E+00
7.737500E-01   -1.159089E+02   -7.713862E+01   -2.025287E+02    0.000000E+00    0.000000E+00    0.000000E+00    1.668248E+02   -2.441781E+02   -2.561246E+00    0.000000E+00    0.000000E+00    0.000000E+00
7.747500E-01   -1.180529E+02   -8.226372E+01   -1.950946E+02    0.000000E+00    0.000000E+00    0.000000E+00    1.677993E+02   -2.414621E+02    1.562709E-01    0.000000E+00    0.000000E+00    0.000000E+00
7.757500E-01   -1.171172E+02   -8.025311E+01   -1.946498E+02    0.000000E+00    0.000000E+00    0.000000E+00    1.667452E+02   -2.415769E+02   -8.379738E-01    0.000000E+00    0.000000E+00    0.000000E+00
7.767500E-01   -1.117053E+02   -7.323229E+01   -1.976314E+02    0.000000E+00    0.000000E+00    0.000000E+00    1.634057E+02   -2.407276E+02   -3.244099E+00    0.000000E+00    0.000000E+00    0.000000E+00
7.777500E-01   -1.114165E+02   -7.612256E+01   -1.894573E+02    0.000000E+00    0.000000E+00    0.000000E+00    1.621899E+02   -2.353518E+02   -8.786186E-01    0.000000E+00    0.000000E+00    0.000000E+00
7.787500E-01   -1.146977E+02   -7.519183E+01   -1.878373E+02    0.000000E+00    0.000000E+00    0.000000E+00    1.612098E+02   -2.379037E+02   -3.255169E+00    0.000000E+00    0.000000E+00    0.000000E+00
7.797500E-01   -1.076626E+02   -6.958946E+01   -1.904191E+02    0.000000E+00    0.000000E+00    0.000000E+00    1.585955E+02   -2.352368E+02   -3.768027E+00    0.000000E+00    0.000000E+00    0.000000E+00
7.807500E-01   -1.086999E+02   -7.464551E+01   -1.817393E+02    0.000000E+00    0.000000E+00    0.000000E+00    1.590336E+02   -2.306751E+02   -4.691821E-01    0.000000E+00    0.000000E+00    0.000000E+00
7.817500E-01   -1.239371E+02   -8.041690E+01   -1.768164E+02    0.000000E+00    0.000000E+00    0.000000E+00    1.621029E+02   -2.410121E+02   -4.119516E+00    0.000000E+00    0.000000E+00    0.000000E+00
7.827500E-01   -1.269237E+02   -8.322525E+01   -1.695291E+02    0.000000E+00    0.000000E+00    0.000000E+00    1.613556E+02   -2.391416E+02   -3.499511E+00    0.000000E+00    0.000000E+00    0.000000E+00
7.837500E-01   -1.282127E+02   -8.622194E+01   -1.600605E+02    0.000000E+00    0.000000E+00    0.000000E+00    1.596407E+02   -2.340998E+02   -1.832986E+00    0.000000E+00    0.000000E+00    0.000000E+00
7.847500E-01   -1.241897E+02   -8.012308E+01   -1.709061E+02    0.000000E+00    0.000000E+00    0.000000E+00    1.609849E+02   -2.403273E+02   -4.363074E+00    0.000000E+00    0.000000E+00    0.000000E+00
7.857500E-01   -1.110368E+02   -7.419259E+01   -1.720662E+02    0.000000E+00    0.000000E+00    0.000000E+00    1.570932E+02   -2.309931E+02   -1.880782E+00    0.000000E+00    0.000000E+00    0.000000E+00
7.867500E-01   -1.004424E+02   -6.886312E+01   -1.714890E+02    0.000000E+00    0.000000E+00    0.000000E+00    1.522857E+02   -2.216236E+02   -3.374499E-01    0.000000E+00    0.000000E+00    0.000000E+00
7.877500E-01   -1.009609E+02   -6.761558E+01   -1.724478E+02    0.000000E+00    0.000000E+00    0.000000E+00    1.522578E+02   -2.238308E+02   -1.510579E+00    0.000000E+00    0.000000E+00    0.000000E+00
7.887500E-01   -9.324752E+01   -6.576067E+01   -1.612117E+02    0.000000E+00    0.000000E+00    0.000000E+00    1.448115E+02   -2.087204E+02    1.245809E+00    0.000000E+00    0.000000E+00    0.000000E+00
7.897500E-01   -8.677977E+01   -5.688700E+01   -1.433201E+02    0.000000E+00    0.000000E+00    0.000000E+00    1.280668E+02   -1.899540E+02   -2.166494E+00    0.000000E+00    0.000000E+00    0.000000E+00
7.907500E-01   -9.195361E+01   -5.899473E+01   -1.395126E+02    0.000000E+00    0.000000E+00    0.000000E+00    1.284201E+02   -1.925080E+02   -3.246314E+00    0.000000E+00    0.000000E+00    0.000000E+00
7.917500E-01   -9.129540E+01   -6.480844E+01   -1.350469E+02    0.000000E+00    0.000000E+00    0.000000E+00    1.310111E+02   -1.883450E+02    1.747831E+00    0.000000E+00    0.000000E+00    0.000000E+00
7.927500E-01   -9.534345E+01   -6.205152E+01   -1.321517E+02    0.000000E+00    0.000000E+00    0.000000E+00    1.276176E+02   -1.906466E+02   -2.580433E+00    0.000000E+00    0.000000E+00    0.000000E+00
7.937500E-01   -9.022926E+01   -5.668482E+01   -1.392938E+02    0.000000E+00    0.000000E+00    0.000000E+00    1.273041E+02   -1.927553E+02   -4.032864E+00    0.000000E+00    0.000000E+00    0.000000E+00
7.947500E-01   -9.363495E+01   -6.398688E+01   -1.427330E+02    0.000000E+00    0.000000E+00    0.000000E+00    1.361423E+02   -1.993551E+02   -3.967108E-02    0.000000E+00    0.000000E+00    0.000000E+00
7.957500E-01   -1.097366E+02   -7.023990E+01   -1.378019E+02    0.000000E+00    0.000000E+00    0.000000E+00    1.391748E+02   -2.101068E+02   -3.811086E+00    0.000000E+00    0.000000E+00    0.000000E+00
7.967500E-01   -1.137823E+02   -6.995974E+01   -1.448802E+02    0.000000E+00    0.000000E+00    0.000000E+00    1.425629E+02   -2.190836E+02   -6.255993E+00    0.000000E+00    0.000000E+00    0.000000E+00
7.977500E-01   -1.079549E+02   -7.011914E+01   -1.539023E+02    0.000000E+00    0.000000E+00    0.000000E+00    1.478594E+02   -2.214749E+02   -2.891261E+00    0.000000E+00    0.000000E+00    0.000000E+00
7.987500E-01   -1.052346E+02   -6.842773E+01   -1.567325E+02    0.000000E+00    0.000000E+00    0.000000E+00    1.482272E+02   -2.219641E+02   -2.673569E+00    0.000000E+00    0.000000E+00    0.000000E+00
7.997500E-01   -1.045429E+02   -6.891573E+01   -1.545520E+02    0.000000E+00    0.000000E+00    0.000000E+00    1.475454E+02   -2.198311E+02   -1.865127E+00    0.000000E+00    0.000000E+00    0.000000E+00
8.007500E-01   -1.014153E+02   -6.961504E+01   -1.520582E+02    0.000000E+00    0.000000E+00    0.000000E+00    1.470210E+02   -2.153962E+02    4.073958E-01    0.000000E+00    0.000000E+00    0.000000E+00
8.017500E-01   -1.007601E+02   -6.727609E+01   -1.500067E+02    0.000000E+00    0.000000E+00    0.000000E+00    1.440216E+02   -2.136780E+02   -1.089506E+00    0.000000E+00    0.000000E+00    0.000000E+00
8.027500E-01   -9.789468E+01   -6.533596E+01   -1.459166E+02    0.000000E+00    0.000000E+00    0.000000E+00    1.400803E+02   -2.080423E+02   -1.033310E+00    0.000000E+00    0.000000E+00    0.000000E+00
8.037500E-01   -9.685910E+01   -6.515148E+01   -1.415973E+02    0.000000E+00    0.000000E+00    0.000000E+00    1.376448E+02   -2.038668E+02   -5.662799E-01    0.000000E+00    0.000000E+00    0.000000E+00
8.047500E-01   -9.780943E+01   -6.450273E+01   -1.395670E+02    0.000000E+00    0.000000E+00    0.000000E+00    1.360603E+02   -2.034285E+02   -1.537447E+00    0.000000E+00    0.000000E+00    0.000000E+00
8.057500E-01   -9.930519E+01   -6.663826E+01   -1.352108E+02    0.000000E+00    0.000000E+00    0.000000E+00    1.357885E+02   -2.016593E+02   -5.274317E-01    0.000000E+00    0.000000E+00    0.000000E+00
8.067500E-01   -1.037270E+02   -6.949525E+01   -1.287595E+02    0.000000E+00    0.000000E+00    0.000000E+00    1.352231E+02   -2.011266E+02   -5.363880E-01    0.000000E+00    0.000000E+00    0.000000E+00
8.077500E-01   -1.053884E+02   -7.006801E+01   -1.301875E+02    0.000000E+00    0.000000E+00    0.000000E+00    1.369845E+02   -2.046339E+02   -8.842039E-01    0.000000E+00    0.000000E+00    0.000000E+00
8.087500E-01   -1.009429E+02   -6.810852E+01   -1.297248E+02    0.000000E+00    0.000000E+00    0.000000E+00    1.352529E+02   -2.007211E+02    1.080444E-02    0.000000E+00    0.000000E+00    0.000000E+00
8.097500E-01   -1.004961E+02   -6.623892E+01   -1.298374E+02    0.000000E+00    0.000000E+00    0.000000E+00    1.338307E+02   -2.007458E+02   -1.253978E+00    0.000000E+00    0.000000E+00    0.000000E+00
8.107500E-01   -9.777690E+01   -6.111375E+01   -1.269638E+02    0.000000E+00    0.000000E+00    0.000000E+00    1.275876E+02   -1.959789E+02   -3.890059E+00    0.000000E+00    0.000000E+00    0.000000E+00
8.117500E-01   -9.043148E+01   -5.465940E+01   -1.147967E+02    0.000000E+00    0.000000E+00    0.000000E+00    1.148395E+02   -1.791588E+02   -5.046277E+00    0.000000E+00    0.000000E+00    0.000000E+00
8.127500E-01   -8.908744E+01   -5.265130E+01   -1.113458E+02    0.000000E+00    0.000000E+00    0.000000E+00    1.111362E+02   -1.753280E+02   -5.864823E+00    0.000000E+00    0.000000E+00    0.000000E+00
8.137500E-01   -8.691465E+01   -5.014487E+01   -1.066813E+02    0.000000E+00    0.000000E+00    0.000000E+00    1.063165E+02   -1.698087E+02   -6.643506E+00    0.000000E+00    0.000000E+00    0.000000E+00
8.147500E-01   -8.646126E+01   -5.068130E+01   -1.000268E+02    0.000000E+00    0.000000E+00    0.000000E+00    1.031825E+02   -1.641047E+02   -5.909347E+00    0.000000E+00    0.000000E+00    0.000000E+00
8.157500E-01   -8.815086E+01   -5.055260E+01   -1.023839E+02    0.000000E+00    0.000000E+00    0.000000E+00    1.045084E+02   -1.678086E+02   -6.973126E+00    0.000000E+00    0.000000E+00    0.000000E+00
8.167500E-01   -9.079596E+01   -4.820318E+01   -1.106896E+02    0.000000E+00    0.000000E+00    0.000000E+00    1.070150E+02   -1.771868E+02   -1.044820E+01    0.000000E+00    0.000000E+00    0.000000E+00
8.177500E-01   -8.270909E+01   -4.376434E+01   -1.018423E+02    0.000000E+00    0.000000E+00    0.000000E+00    9.800333E+01   -1.623642E+02   -9.621221E+00    0.000000E+00    0.000000E+00    0.000000E+00
8.187500E-01   -9.164918E+01   -4.727621E+01   -1.244240E+02    0.000000E+00    0.000000E+00    0.000000E+00    1.134246E+02   -1.891400E+02   -1.157128E+01    0.000000E+00    0.000000E+00    0.000000E+00
8.197500E-01   -9.969062E+01   -4.710021E+01   -1.462712E+02    0.000000E+00    0.000000E+00    0.000000E+00    1.247810E+02   -2.140999E+02   -1.614644E+01    0.000000E+00    0.000000E+00    0.000000E+00
8.207500E-01   -1.003486E+02   -4.899670E+01   -1.457470E+02    0.000000E+00    0.000000E+00    0.000000E+00    1.261492E+02   -2.142892E+02   -1.495255E+01    0.000000E+00    0.000000E+00    0.000000E+00
8.217500E-01   -9.310989E+01   -5.368056E+01   -1.490399E+02    0.000000E+00    0.000000E+00    0.000000E+00    1.323770E+02   -2.104966E+02   -7.014840E+00    0.000000E+00    0.000000E+00    0.000000E+00
8.227500E-01   -7.550611E+01   -5.485696E+01   -1.508789E+02    0.000000E+00    0.000000E+00    0.000000E+00    1.345230E+02   -1.957365E+02    3.714685E+00    0.000000E+00    0.000000E+00    0.000000E+00
8.237500E-01   -8.129562E+01   -4.643827E+01   -1.330998E+02    0.000000E+00    0.000000E+00    0.000000E+00    1.172552E+02   -1.869655E+02   -6.569481E+00    0.000000E+00    0.000000E+00    0.000000E+00
8.247500E-01   -8.622212E+01   -4.073367E+01   -1.186673E+02    0.000000E+00    0.000000E+00    0.000000E+00    1.040513E+02   -1.793927E+02   -1.413628E+01    0.000000E+00    0.000000E+00    0.000000E+00
8.257500E-01   -8.442848E+01   -4.193323E+01   -1.193650E+02    0.000000E+00    0.000000E+00    0.000000E+00    1.053181E+02   -1.777286E+02   -1.211029E+01    0.000000E+00    0.000000E+00    0.000000E+00
8.267500E-01   -8.165986E+01   -4.212850E+01   -1.280709E+02    0.000000E+00    0.000000E+00    0.000000E+00    1.104552E+02   -1.827586E+02   -1.030571E+01    0.000000E+00    0.000000E+00    0.000000E+00
8.277500E-01   -7.743976E+01   -4.279611E+01   -1.382881E+02    0.000000E+00    0.000000E+00    0.000000E+00    1.170901E+02   -1.878863E+02   -7.433370E+00    0.000000E+00    0.000000E+00    0.000000E+00
8.287500E-01   -7.541816E+01   -4.210107E+01   -1.382475E+02    0.000000E+00    0.000000E+00    0.000000E+00    1.165489E+02   -1.861888E+02   -6.950979E+00    0.000000E+00    0.000000E+00    0.000000E+00
8.297500E-01   -7.841600E+01   -4.456355E+01   -1.347419E+02    0.000000E+00    0.000000E+00    0.000000E+00    1.168325E+02   -1.860227E+02   -6.575383E+00    0.000000E+00    0.000000E+00    0.000000E+00
8.307500E-01   -8.141985E+01   -4.667534E+01   -1.306387E+02    0.000000E+00    0.000000E+00    0.000000E+00    1.165864E+02   -1.855456E+02   -6.464253E+00    0.000000E+00    0.000000E+00    0.000000E+00
8.317500E-01   -8.195055E+01   -4.806719E+01   -1.301602E+02    0.000000E+00    0.000000E+00    0.000000E+00    1.176746E+02   -1.858449E+02   -5.543712E+00    0.000000E+00    0.000000E+00    0.000000E+00
8.327500E-01   -8.421346E+01   -4.942422E+01   -1.327503E+02    0.000000E+00    0.000000E+00    0.000000E+00    1.203191E+02   -1.901121E+02   -5.607117E+00    0.000000E+00    0.000000E+00    0.000000E+00
8.337500E-01   -8.508442E+01   -4.793485E+01   -1.296558E+02    0.000000E+00    0.000000E+00    0.000000E+00    1.171330E+02   -1.883406E+02   -7.251008E+00    0.000000E+00    0.000000E+00    0.000000E+00
8.347500E-01   -8.651693E+01   -4.962747E+01   -1.304686E+02    0.000000E+00    0.000000E+00    0.000000E+00    1.189634E+02   -1.901814E+02   -6.544210E+00    0.000000E+00    0.000000E+00    0.000000E+00
8.357500E-01   -8.274909E+01   -4.626659E+01   -1.275125E+02    0.000000E+00    0.000000E+00    0.000000E+00    1.140614E+02   -1.840724E+02   -7.179494E+00    0.000000E+00    0.000000E+00    0.000000E+00
8.367500E-01   -8.133495E+01   -4.387179E+01   -1.275483E+02    0.000000E+00    0.000000E+00    0.000000E+00    1.117090E+02   -1.826240E+02   -8.318111E+00    0.000000E+00    0.000000E+00    0.000000E+00
8.377500E-01   -7.821490E+01   -4.217218E+01   -1.298316E+02    0.000000E+00    0.000000E+00    0.000000E+00    1.112833E+02   -1.815030E+02   -7.956766E+00    0.000000E+00    0.000000E+00    0.000000E+00
8.387500E-01   -8.165742E+01   -4.747919E+01   -1.247469E+02    0.000000E+00    0.000000E+00    0.000000E+00    1.131734E+02   -1.798825E+02   -5.530931E+00    0.000000E+00    0.000000E+00    0.000000E+00
8.397500E-01   -7.766821E+01   -4.395686E+01   -1.280136E+02    0.000000E+00    0.000000E+00    0.000000E+00    1.116050E+02   -1.788299E+02   -6.205990E+00    0.000000E+00    0.000000E+00    0.000000E+00
8.407500E-01   -7.597267E+01   -4.063539E+01   -1.341060E+02    0.000000E+00    0.000000E+00    0.000000E+00    1.119931E+02   -1.826649E+02   -7.972024E+00    0.000000E+00    0.000000E+00    0.000000E+00
8.417500E-01   -8.533491E+01   -4.308862E+01   -1.476434E+02    0.000000E+00    0.000000E+00    0.000000E+00    1.216702E+02   -2.023219E+02   -1.113671E+01    0.000000E+00    0.000000E+00    0.000000E+00
8.427500E-01   -8.798812E+01   -4.536552E+01   -1.432349E+02    0.000000E+00    0.000000E+00    0.000000E+00    1.212663E+02   -2.008485E+02   -1.076574E+01    0.000000E+00    0.000000E+00    0.000000E+00
8.437500E-01   -8.930270E+01   -5.148328E+01   -1.373624E+02    0.000000E+00    0.000000E+00    0.000000E+00    1.236326E+02   -1.969763E+02   -6.475521E+00    0.000000E+00    0.000000E+00    0.000000E+00
8.447500E-01   -8.403939E+01   -5.393883E+01   -1.236921E+02    0.000000E+00    0.000000E+00    0.000000E+00    1.185744E+02   -1.808662E+02   -1.622568E+00    0.000000E+00    0.000000E+00    0.000000E+00
8.457500E-01   -8.117380E+01   -5.238611E+01   -1.161644E+02    0.000000E+00    0.000000E+00    0.000000E+00    1.127520E+02   -1.717456E+02   -1.275853E+00    0.000000E+00    0.000000E+00    0.000000E+00
8.467500E-01   -8.154980E+01   -5.192817E+01   -1.279065E+02    0.000000E+00    0.000000E+00    0.000000E+00    1.185758E+02   -1.816571E+02   -1.799178E+00    0.000000E+00    0.000000E+00    0.000000E+00
8.477500E-01   -8.671843E+01   -5.953613E+01   -1.413407E+02    0.000000E+00    0.000000E+00    0.000000E+00    1.333210E+02   -1.980427E+02    1.669470E+00    0.000000E+00    0.000000E+00    0.000000E+00
8.487500E-01   -9.510262E+01   -6.499849E+01   -1.500463E+02    0.000000E+00    0.000000E+00    0.000000E+00    1.431928E+02   -2.131343E+02    1.635562E+00    0.000000E+00    0.000000E+00    0.000000E+00
8.497500E-01   -9.841909E+01   -6.343635E+01   -1.526020E+02    0.000000E+00    0.000000E+00    0.000000E+00    1.431752E+02   -2.184427E+02   -1.448678E+00    0.000000E+00    0.000000E+00    0.000000E+00
8.507500E-01   -6.690327E+01   -4.146449E+01   -1.078848E+02    0.000000E+00    0.000000E+00    0.000000E+00    9.815279E+01   -1.522852E+02   -2.290470E+00    0.000000E+00    0.000000E+00    0.000000E+00
8.517500E-01   -8.537936E+01   -5.849041E+01   -1.405219E+02    0.000000E+00    0.000000E+00    0.000000E+00    1.317124E+02   -1.963290E+02    1.654414E+00    0.000000E+00    0.000000E+00    0.000000E+00
8.527500E-01   -1.023181E+02   -6.144538E+01   -1.521892E+02    0.000000E+00    0.000000E+00    0.000000E+00    1.407104E+02   -2.216606E+02   -5.183769E+00    0.000000E+00    0.000000E+00    0.000000E+00
8.537500E-01   -1.109408E+02   -6.695263E+01   -1.620614E+02    0.000000E+00    0.000000E+00    0.000000E+00    1.510880E+02   -2.377500E+02   -5.297606E+00    0.000000E+00    0.000000E+00    0.000000E+00
8.547500E-01   -1.130697E+02   -7.647658E+01   -1.734232E+02    0.000000E+00    0.000000E+00    0.000000E+00    1.660252E+02   -2.490040E+02    1.431276E+00    0.000000E+00    0.000000E+00    0.000000E+00
8.557500E-01   -9.846832E+01   -6.976970E+01   -1.460139E+02    0.000000E+00    0.000000E+00    0.000000E+00    1.447930E+02   -2.127516E+02    3.857340E+00    0.000000E+00    0.000000E+00    0.000000E+00
8.567500E-01   -9.833465E+01   -6.471121E+01   -1.354837E+02    0.000000E+00    0.000000E+00    0.000000E+00    1.343731E+02   -2.038737E+02   -3.015497E-01    0.000000E+00    0.000000E+00    0.000000E+00
8.577500E-01   -9.441327E+01   -5.171385E+01   -1.195825E+02    0.000000E+00    0.000000E+00    0.000000E+00    1.137402E+02   -1.871928E+02   -8.925362E+00    0.000000E+00    0.000000E+00    0.000000E+00
8.587500E-01   -7.236261E+01   -3.881019E+01   -9.426294E+01    0.000000E+00    0.000000E+00    0.000000E+00    8.812034E+01   -1.462502E+02   -7.441768E+00    0.000000E+00    0.000000E+00    0.000000E+00
8.597500E-01   -5.814445E+01   -4.950531E+01   -9.910234E+01    0.000000E+00    0.000000E+00    0.000000E+00    1.005141E+02   -1.369998E+02    9.283484E+00    0.000000E+00    0.000000E+00    0.000000E+00
8.607500E-01   -6.323485E+01   -5.137066E+01   -9.820397E+01    0.000000E+00    0.000000E+00    0.000000E+00    1.017443E+02   -1.408129E+02    8.017016E+00    0.000000E+00    0.000000E+00    0.000000E+00
8.617500E-01   -7.988937E+01   -4.075941E+01   -8.717556E+01    0.000000E+00    0.000000E+00    0.000000E+00    8.613969E+01   -1.473359E+02   -9.891789E+00    0.000000E+00    0.000000E+00    0.000000E+00
8.627500E-01   -8.050041E+01   -4.578296E+01   -9.007342E+01    0.000000E+00    0.000000E+00    0.000000E+00    9.234677E+01   -1.503994E+02   -5.960852E+00    0.000000E+00    0.000000E+00    0.000000E+00
8.637500E-01   -5.603075E+01   -4.808530E+01   -7.934293E+01    0.000000E+00    0.000000E+00    0.000000E+00    8.853310E+01   -1.190890E+02    9.433469E+00    0.000000E+00    0.000000E+00    0.000000E+00
8.647500E-01   -4.314954E+01   -3.769753E+01   -5.823680E+01    0.000000E+00    0.000000E+00    0.000000E+00    6.751194E+01   -8.988828E+01    7.882595E+00    0.000000E+00    0.000000E+00    0.000000E+00
8.657500E-01   -7.835811E+01   -4.297194E+01   -9.914493E+01    0.000000E+00    0.000000E+00    0.000000E+00    9.433879E+01   -1.557525E+02   -6.887866E+00    0.000000E+00    0.000000E+00    0.000000E+00
8.667500E-01   -7.788122E+01   -5.382306E+01   -1.061195E+02    0.000000E+00    0.000000E+00    0.000000E+00    1.080303E+02   -1.608097E+02    2.343909E+00    0.000000E+00    0.000000E+00    0.000000E+00
8.677500E-01   -7.228803E+01   -5.799925E+01   -1.073606E+02    0.000000E+00    0.000000E+00    0.000000E+00    1.121849E+02   -1.565674E+02    9.020217E+00    0.000000E+00    0.000000E+00    0.000000E+00
8.687500E-01   -9.781008E+01   -6.059152E+01   -1.384226E+02    0.000000E+00    0.000000E+00    0.000000E+00    1.310171E+02   -2.053301E+02   -2.610059E+00    0.000000E+00    0.000000E+00    0.000000E+00
8.697500E-01   -8.730695E+01   -5.503149E+01   -1.294520E+02    0.000000E+00    0.000000E+00    0.000000E+00    1.209070E+02   -1.877428E+02   -1.649036E+00    0.000000E+00    0.000000E+00    0.000000E+00
8.707500E-01   -9.249821E+01   -6.352188E+01   -1.634262E+02    0.000000E+00    0.000000E+00    0.000000E+00    1.463584E+02   -2.199522E+02    2.710076E+00    0.000000E+00    0.000000E+00    0.000000E+00
8.717500E-01   -9.199807E+01   -6.347405E+01   -1.381763E+02    0.000000E+00    0.000000E+00    0.000000E+00    1.324893E+02   -1.985322E+02    3.022147E+00    0.000000E+00    0.000000E+00    0.000000E+00
8.727500E-01   -1.025602E+02   -7.134298E+01   -1.332812E+02    0.000000E+00    0.000000E+00    0.000000E+00    1.369832E+02   -2.040243E+02    3.850251E+00    0.000000E+00    0.000000E+00    0.000000E+00
8.737500E-01   -1.109536E+02   -7.996682E+01   -1.477117E+02    0.000000E+00    0.000000E+00    0.000000E+00    1.526322E+02   -2.235128E+02    6.447717E+00    0.000000E+00    0.000000E+00    0.000000E+00
8.747500E-01   -9.848354E+01   -6.873760E+01   -1.558240E+02    0.000000E+00    0.000000E+00    0.000000E+00    1.459563E+02   -2.183792E+02    4.118682E+00    0.000000E+00    0.000000E+00    0.000000E+00
8.757500E-01   -9.457022E+01   -5.463845E+01   -1.798473E+02    0.000000E+00    0.000000E+00    0.000000E+00    1.452482E+02   -2.343107E+02   -5.193808E+00    0.000000E+00    0.000000E+00    0.000000E+00
8.767500E-01   -9.172563E+01   -5.733163E+01   -1.368133E+02    0.000000E+00    0.000000E+00    0.000000E+00    1.256963E+02   -1.969250E+02   -1.714417E+00    0.000000E+00    0.000000E+00    0.000000E+00
8.777500E-01   -9.630161E+01   -7.311667E+01   -1.199888E+02    0.000000E+00    0.000000E+00    0.000000E+00    1.307060E+02   -1.867340E+02    8.923926E+00    0.000000E+00    0.000000E+00    0.000000E+00
8.787500E-01   -8.873592E+01   -7.104224E+01   -1.110880E+02    0.000000E+00    0.000000E+00    0.000000E+00    1.235371E+02   -1.721096E+02    1.143247E+01    0.000000E+00    0.000000E+00    0.000000E+00
8.797500E-01   -8.403179E+01   -5.713171E+01   -9.110983E+01    0.000000E+00    0.000000E+00    0.000000E+00    1.007990E+02   -1.519744E+02    2.486379E+00    0.000000E+00    0.000000E+00    0.000000E+00
8.807500E-01   -8.354644E+01   -6.071725E+01   -9.832809E+01    0.000000E+00    0.000000E+00    0.000000E+00    1.073840E+02   -1.570647E+02    5.777431E+00    0.000000E+00    0.000000E+00    0.000000E+00
8.817500E-01   -7.670186E+01   -6.954029E+01   -9.395422E+01    0.000000E+00    0.000000E+00    0.000000E+00    1.122783E+02   -1.467044E+02    1.680476E+01    0.000000E+00    0.000000E+00    0.000000E+00
8.827500E-01   -8.380542E+01   -7.098283E+01   -8.321659E+01    0.000000E+00    0.000000E+00    0.000000E+00    1.078506E+02   -1.443456E+02    1.436461E+01    0.000000E+00    0.000000E+00    0.000000E+00
8.837500E-01   -8.682229E+01   -5.391412E+01   -1.131842E+02    0.000000E+00    0.000000E+00    0.000000E+00    1.074846E+02   -1.709360E+02   -1.068248E+00    0.000000E+00    0.000000E+00    0.000000E+00
8.847500E-01   -8.265653E+01   -5.594526E+01   -1.101543E+02    0.000000E+00    0.000000E+00    0.000000E+00    1.074514E+02   -1.644405E+02    2.817292E+00    0.000000E+00    0.000000E+00    0.000000E+00
8.857500E-01   -8.982178E+01   -7.071464E+01   -9.812077E+01    0.000000E+00    0.000000E+00    0.000000E+00    1.141200E+02   -1.608754E+02    1.132988E+01    0.000000E+00    0.000000E+00    0.000000E+00
8.867500E-01   -9.479910E+01   -7.833908E+01   -1.029692E+02    0.000000E+00    0.000000E+00    0.000000E+00    1.229061E+02   -1.687439E+02    1.513680E+01    0.000000E+00    0.000000E+00    0.000000E+00
8.877500E-01   -9.020807E+01   -7.138371E+01   -8.888739E+01    0.000000E+00    0.000000E+00    0.000000E+00    1.092352E+02   -1.528747E+02    1.195427E+01    0.000000E+00    0.000000E+00    0.000000E+00
8.887500E-01   -9.327422E+01   -6.469751E+01   -7.274931E+01    0.000000E+00    0.000000E+00    0.000000E+00    9.499262E+01   -1.425902E+02    5.126678E+00    0.000000E+00    0.000000E+00    0.000000E+00
8.897500E-01   -7.999813E+01   -6.467447E+01   -8.142695E+01    0.000000E+00    0.000000E+00    0.000000E+00    9.871478E+01   -1.374651E+02    1.203352E+01    0.000000E+00    0.000000E+00    0.000000E+00
8.907500E-01   -7.676040E+01   -7.290927E+01   -9.321093E+01    0.000000E+00    0.000000E+00    0.000000E+00    1.113292E+02   -1.435648E+02    2.045085E+01    0.000000E+00    0.000000E+00    0.000000E+00
8.917500E-01   -9.108460E+01   -6.019234E+01   -1.048568E+02    0.000000E+00    0.000000E+00    0.000000E+00    1.049217E+02   -1.649767E+02    3.439662E+00    0.000000E+00    0.000000E+00    0.000000E+00
8.927500E-01   -9.374886E+01   -5.530589E+01   -1.064113E+02    0.000000E+00    0.000000E+00    0.000000E+00    1.011903E+02   -1.684488E+02   -1.667345E+00    0.000000E+00    0.000000E+00    0.000000E+00
8.937500E-01   -8.572590E+01   -5.970507E+01   -1.136122E+02    0.000000E+00    0.000000E+00    0.000000E+00    1.083200E+02   -1.669498E+02    5.918208E+00    0.000000E+00    0.000000E+00    0.000000E+00
8.947500E-01   -8.729094E+01   -6.915722E+01   -1.158968E+02    0.000000E+00    0.000000E+00    0.000000E+00    1.168159E+02   -1.695921E+02    1.308760E+01    0.000000E+00    0.000000E+00    0.000000E+00
8.957500E-01   -9.741455E+01   -7.586244E+01   -1.122879E+02    0.000000E+00    0.000000E+00    0.000000E+00    1.201560E+02   -1.748166E+02    1.381115E+01    0.000000E+00    0.000000E+00    0.000000E+00
8.967500E-01   -8.940888E+01   -4.519810E+01   -1.306478E+02    0.000000E+00    0.000000E+00    0.000000E+00    1.009159E+02   -1.814260E+02   -6.388392E+00    0.000000E+00    0.000000E+00    0.000000E+00
8.977500E-01   -7.206709E+01   -2.753737E+01   -1.401862E+02    0.000000E+00    0.000000E+00    0.000000E+00    8.953221E+01   -1.735736E+02   -1.203460E+01    0.000000E+00    0.000000E+00    0.000000E+00
8.987500E-01   -8.792183E+01   -6.995555E+01   -1.196617E+02    0.000000E+00    0.000000E+00    0.000000E+00    1.172951E+02   -1.713673E+02    1.394795E+01    0.000000E+00    0.000000E+00    0.000000E+00
8.997500E-01   -1.018419E+02   -7.613767E+01   -1.078545E+02    0.000000E+00    0.000000E+00    0.000000E+00    1.160756E+02   -1.732793E+02    1.278767E+01    0.000000E+00    0.000000E+00    0.000000E+00
9.007500E-01   -1.034142E+02   -7.286428E+01   -1.210104E+02    0.000000E+00    0.000000E+00    0.000000E+00    1.180662E+02   -1.840841E+02    9.920085E+00    0.000000E+00    0.000000E+00    0.000000E+00
9.017500E-01   -8.288592E+01   -7.094339E+01   -1.272479E+02    0.000000E+00    0.000000E+00    0.000000E+00    1.190403E+02   -1.711860E+02    1.783348E+01    0.000000E+00    0.000000E+00    0.000000E+00
9.027500E-01   -8.610609E+01   -7.435859E+01   -1.021020E+02    0.000000E+00    0.000000E+00    0.000000E+00    1.107395E+02   -1.542857E+02    1.900206E+01    0.000000E+00    0.000000E+00    0.000000E+00
9.037500E-01   -1.046495E+02   -7.604870E+01   -8.399362E+01    0.000000E+00    0.000000E+00    0.000000E+00    1.031938E+02   -1.554173E+02    1.241437E+01    0.000000E+00    0.000000E+00    0.000000E+00
9.047500E-01   -9.052146E+01   -7.023190E+01   -1.057975E+02    0.000000E+00    0.000000E+00    0.000000E+00    1.065812E+02   -1.596149E+02    1.470393E+01    0.000000E+00    0.000000E+00    0.000000E+00
9.057500E-01   -7.079631E+01   -5.482252E+01   -1.294354E+02    0.000000E+00    0.000000E+00    0.000000E+00    1.032911E+02   -1.612317E+02    1.164856E+01    0.000000E+00    0.000000E+00    0.000000E+00
9.067500E-01   -7.391839E+01   -4.265728E+01   -1.250206E+02    0.000000E+00    0.000000E+00    0.000000E+00    9.021910E+01   -1.601950E+02    1.200028E+00    0.000000E+00    0.000000E+00    0.000000E+00
9.077500E-01   -9.174625E+01   -6.430035E+01   -9.407298E+01    0.000000E+00    0.000000E+00    0.000000E+00    9.491482E+01   -1.506756E+02    1.040247E+01    0.000000E+00    0.000000E+00    0.000000E+00
9.087500E-01   -9.682002E+01   -7.209719E+01   -1.007075E+02    0.000000E+00    0.000000E+00    0.000000E+00    1.035175E+02   -1.594690E+02    1.462628E+01    0.000000E+00    0.000000E+00    0.000000E+00
9.097500E-01   -8.614719E+01   -6.916030E+01   -1.205769E+02    0.000000E+00    0.000000E+00    0.000000E+00    1.083099E+02   -1.655601E+02    1.739328E+01    0.000000E+00    0.000000E+00    0.000000E+00
9.107500E-01   -8.017872E+01   -6.463282E+01   -1.236817E+02    0.000000E+00    0.000000E+00    0.000000E+00    1.051921E+02   -1.627132E+02    1.665432E+01    0.000000E+00    0.000000E+00    0.000000E+00
9.117500E-01   -9.146900E+01   -8.048494E+01   -1.004035E+02    0.000000E+00    0.000000E+00    0.000000E+00    1.087384E+02   -1.538397E+02    2.421260E+01    0.000000E+00    0.000000E+00    0.000000E+00
9.127500E-01   -9.589160E+01   -6.471956E+01   -1.275623E+02    0.000000E+00    0.000000E+00    0.000000E+00    1.043559E+02   -1.768449E+02    1.115182E+01    0.000000E+00    0.000000E+00    0.000000E+00
9.137500E-01   -8.023264E+01   -5.184044E+01   -1.200378E+02    0.000000E+00    0.000000E+00    0.000000E+00    8.997216E+01   -1.576014E+02    7.795882E+00    0.000000E+00    0.000000E+00    0.000000E+00
9.147500E-01   -7.472606E+01   -4.512282E+01   -1.166221E+02    0.000000E+00    0.000000E+00    0.000000E+00    8.286007E+01   -1.504736E+02    5.036887E+00    0.000000E+00    0.000000E+00    0.000000E+00
9.157500E-01   -7.854875E+01   -3.703551E+01   -1.351753E+02    0.000000E+00    0.000000E+00    0.000000E+00    8.171510E+01   -1.668900E+02   -1.876183E+00    0.000000E+00    0.000000E+00    0.000000E+00
9.167500E-01   -7.838674E+01   -4.313351E+01   -1.256373E+02    0.000000E+00    0.000000E+00    0.000000E+00    8.200489E+01   -1.587072E+02    3.190727E+00    0.000000E+00    0.000000E+00    0.000000E+00
9.177500E-01   -8.264489E+01   -6.783611E+01   -1.071760E+02    0.000000E+00    0.000000E+00    0.000000E+00    9.551694E+01   -1.482759E+02    2.018869E+01    0.000000E+00    0.000000E+00    0.000000E+00
9.187500E-01   -9.450237E+01   -6.407370E+01   -1.333293E+02    0.000000E+00    0.000000E+00    0.000000E+00    1.006860E+02   -1.770600E+02    1.365592E+01    0.000000E+00    0.000000E+00    0.000000E+00
9.197500E-01   -9.298779E+01   -5.453321E+01   -1.280765E+02    0.000000E+00    0.000000E+00    0.000000E+00    8.971676E+01   -1.712217E+02    7.709457E+00    0.000000E+00    0.000000E+00    0.000000E+00
9.207500E-01   -8.895939E+01   -5.570436E+01   -1.335921E+02    0.000000E+00    0.000000E+00    0.000000E+00    9.221501E+01   -1.718156E+02    1.025205E+01    0.000000E+00    0.000000E+00    0.000000E+00
9.217500E-01   -8.335242E+01   -5.663338E+01   -1.399659E+02    0.000000E+00    0.000000E+00    0.000000E+00    9.409210E+01   -1.715547E+02    1.333556E+01    0.000000E+00    0.000000E+00    0.000000E+00
9.227500E-01   -8.726507E+01   -4.245563E+01   -1.455970E+02    0.000000E+00    0.000000E+00    0.000000E+00    8.274229E+01   -1.779327E+02    2.269838E+00    0.000000E+00    0.000000E+00    0.000000E+00
9.237500E-01   -9.663884E+01   -4.637747E+01   -1.505243E+02    0.000000E+00    0.000000E+00    0.000000E+00    8.678109E+01   -1.885446E+02    2.382332E+00    0.000000E+00    0.000000E+00    0.000000E+00
9.247500E-01   -8.560842E+01   -5.385889E+01   -1.432388E+02    0.000000E+00    0.000000E+00    0.000000E+00    8.908031E+01   -1.735402E+02    1.202936E+01    0.000000E+00    0.000000E+00    0.000000E+00
9.257500E-01   -8.428732E+01   -4.149923E+01   -1.613861E+02    0.000000E+00    0.000000E+00    0.000000E+00    8.326656E+01   -1.849113E+02    4.083696E+00    0.000000E+00    0.000000E+00    0.000000E+00
9.267500E-01   -9.780277E+01   -6.348319E+01   -1.367198E+02    0.000000E+00    0.000000E+00    0.000000E+00    9.294862E+01   -1.775026E+02    1.600405E+01    0.000000E+00    0.000000E+00    0.000000E+00
9.277500E-01   -1.014132E+02   -7.965381E+01   -1.272665E+02    0.000000E+00    0.000000E+00    0.000000E+00    1.012418E+02   -1.722415E+02    2.725004E+01    0.000000E+00    0.000000E+00    0.000000E+00
9.287500E-01   -9.206593E+01   -2.949904E+01   -1.875386E+02    0.000000E+00    0.000000E+00    0.000000E+00    7.668657E+01   -2.070170E+02   -5.220761E+00    0.000000E+00    0.000000E+00    0.000000E+00
9.297500E-01   -8.619775E+01   -2.536968E+01   -1.630760E+02    0.000000E+00    0.000000E+00    0.000000E+00    6.678536E+01   -1.852339E+02   -6.544160E+00    0.000000E+00    0.000000E+00    0.000000E+00
9.307500E-01   -8.530730E+01   -2.755852E+01   -1.578261E+02    0.000000E+00    0.000000E+00    0.000000E+00    6.564316E+01   -1.799600E+02   -4.167779E+00    0.000000E+00    0.000000E+00    0.000000E+00
9.317500E-01   -8.505481E+01   -2.282043E+01   -1.870764E+02    0.000000E+00    0.000000E+00    0.000000E+00    6.720230E+01   -1.991546E+02   -6.474449E+00    0.000000E+00    0.000000E+00    0.000000E+00
9.327500E-01   -8.275857E+01   -1.508072E+01   -1.725044E+02    0.000000E+00    0.000000E+00    0.000000E+00    5.587886E+01   -1.864075E+02   -1.067339E+01    0.000000E+00    0.000000E+00    0.000000E+00
9.337500E-01   -8.618217E+01   -1.187785E+01   -1.549638E+02    0.000000E+00    0.000000E+00    0.000000E+00    4.825577E+01   -1.762629E+02   -1.338473E+01    0.000000E+00    0.000000E+00    0.000000E+00
9.347500E-01   -9.187774E+01   -4.204951E+01   -1.489931E+02    0.000000E+00    0.000000E+00    0.000000E+00    6.899438E+01   -1.758673E+02    7.056051E+00    0.000000E+00    0.000000E+00    0.000000E+00
9.357500E-01   -8.436408E+01   -5.796167E+01   -1.396464E+02    0.000000E+00    0.000000E+00    0.000000E+00    7.742469E+01   -1.628457E+02    2.075889E+01    0.000000E+00    0.000000E+00    0.000000E+00
9.367500E-01   -8.110598E+01   -4.332692E+01   -1.443173E+02    0.000000E+00    0.000000E+00    0.000000E+00    6.634599E+01   -1.631448E+02    1.168999E+01    0.000000E+00    0.000000E+00    0.000000E+00
9.377500E-01   -8.755771E+01   -1.720637E+01   -1.560729E+02    0.000000E+00    0.000000E+00    0.000000E+00    4.759191E+01   -1.754584E+02   -7.312653E+00    0.000000E+00    0.000000E+00    0.000000E+00
9.387500E-01   -8.831844E+01   -2.612508E+01   -1.458382E+02    0.000000E+00    0.000000E+00    0.000000E+00    5.089464E+01   -1.682734E+02   -6.971258E-01    0.000000E+00    0.000000E+00    0.000000E+00
9.397500E-01   -7.659257E+01   -1.511183E+01   -1.720050E+02    0.000000E+00    0.000000E+00    0.000000E+00    4.591266E+01   -1.765573E+02   -5.012059E+00    0.000000E+00    0.000000E+00    0.000000E+00
9.407500E-01   -7.845153E+01   -2.245305E+01   -1.684184E+02    0.000000E+00    0.000000E+00    0.000000E+00    4.953452E+01   -1.750324E+02    1.859638E-01    0.000000E+00    0.000000E+00    0.000000E+00
9.417500E-01   -9.732784E+01   -4.962355E+01   -1.462694E+02    0.000000E+00    0.000000E+00    0.000000E+00    6.483792E+01   -1.735368E+02    1.572040E+01    0.000000E+00    0.000000E+00    0.000000E+00
9.427500E-01   -8.493861E+01   -9.535165E+00   -1.657100E+02    0.000000E+00    0.000000E+00    0.000000E+00    3.522431E+01   -1.758157E+02   -8.088142E+00    0.000000E+00    0.000000E+00    0.000000E+00
9.437500E-01   -7.702188E+01    8.607613E+00   -1.840470E+02    0.000000E+00    0.000000E+00    0.000000E+00    2.348628E+01   -1.817458E+02   -1.846035E+01    0.000000E+00    0.000000E+00    0.000000E+00
9.447500E-01   -9.600886E+01   -3.025761E+01   -1.713868E+02    0.000000E+00    0.000000E+00    0.000000E+00    5.027872E+01   -1.875285E+02    4.918614E+00    0.000000E+00    0.000000E+00    0.000000E+00
9.457500E-01   -1.046030E+02   -5.847132E+01   -1.615320E+02    0.000000E+00    0.000000E+00    0.000000E+00    6.823277E+01   -1.866429E+02    2.339137E+01    0.000000E+00    0.000000E+00    0.000000E+00
9.467500E-01   -8.938870E+01    1.369270E+01   -2.125722E+02    0.000000E+00    0.000000E+00    0.000000E+00    1.782773E+01   -2.076032E+02   -2.095674E+01    0.000000E+00    0.000000E+00    0.000000E+00
9.477500E-01   -8.893579E+01    2.296380E+01   -2.086620E+02    0.000000E+00    0.000000E+00    0.000000E+00    9.755507E+00   -2.044521E+02   -2.667878E+01    0.000000E+00    0.000000E+00    0.000000E+00
9.487500E-01   -9.825595E+01   -5.372846E+00   -1.914540E+02    0.000000E+00    0.000000E+00    0.000000E+00    2.811759E+01   -1.998370E+02   -8.727519E+00    0.000000E+00    0.000000E+00    0.000000E+00
9.497500E-01   -9.278774E+01   -4.775225E+00   -2.090420E+02    0.000000E+00    0.000000E+00    0.000000E+00    2.671828E+01   -2.060905E+02   -7.134404E+00    0.000000E+00    0.000000E+00    0.000000E+00
9.507500E-01   -9.201641E+01   -4.463262E+01   -1.735551E+02    0.000000E+00    0.000000E+00    0.000000E+00    5.128885E+01   -1.817486E+02    1.967226E+01    0.000000E+00    0.000000E+00    0.000000E+00
9.517500E-01   -1.012136E+02   -2.040253E+01   -1.849824E+02    0.000000E+00    0.000000E+00    0.000000E+00    3.268066E+01   -1.951169E+02    3.771080E+00    0.000000E+00    0.000000E+00    0.000000E+00
9.527500E-01   -9.930226E+01   -1.937518E+01   -1.906039E+02    0.000000E+00    0.000000E+00    0.000000E+00    3.086150E+01   -1.965922E+02    4.026234E+00    0.000000E+00    0.000000E+00    0.000000E+00
9.537500E-01   -9.777829E+01   -4.617225E+01   -1.839988E+02    0.000000E+00    0.000000E+00    0.000000E+00    4.875208E+01   -1.908898E+02    2.212547E+01    0.000000E+00    0.000000E+00    0.000000E+00
9.547500E-01   -9.333910E+01   -2.992885E+01   -1.898837E+02    0.000000E+00    0.000000E+00    0.000000E+00    3.485798E+01   -1.906916E+02    1.300110E+01    0.000000E+00    0.000000E+00    0.000000E+00
9.557500E-01   -9.236387E+01   -2.060478E+01   -1.771910E+02    0.000000E+00    0.000000E+00    0.000000E+00    2.500193E+01   -1.808257E+02    8.042851E+00    0.000000E+00    0.000000E+00    0.000000E+00
9.567500E-01   -9.532385E+01    3.122828E+00   -1.955732E+02    0.000000E+00    0.000000E+00    0.000000E+00    6.684429E+00   -1.940327E+02   -6.409499E+00    0.000000E+00    0.000000E+00    0.000000E+00
9.577500E-01   -8.282746E+01   -6.700785E+00   -1.947576E+02    0.000000E+00    0.000000E+00    0.000000E+00    1.253626E+01   -1.842390E+02    1.011264E+00    0.000000E+00    0.000000E+00    0.000000E+00
9.587500E-01   -8.105406E+01    7.793399E+00   -2.030103E+02    0.000000E+00    0.000000E+00    0.000000E+00   -3.499845E-01   -1.873287E+02   -7.006519E+00    0.000000E+00    0.000000E+00    0.000000E+00
9.597500E-01   -8.733981E+01    1.576944E+01   -1.942620E+02    0.000000E+00    0.000000E+00    0.000000E+00   -8.447368E+00   -1.854030E+02   -1.126067E+01    0.000000E+00    0.000000E+00    0.000000E+00
9.607500E-01   -8.001376E+01    1.363891E+01   -1.928342E+02    0.000000E+00    0.000000E+00    0.000000E+00   -8.464602E+00   -1.786114E+02   -9.102330E+00    0.000000E+00    0.000000E+00    0.000000E+00
9.617500E-01   -7.877535E+01    1.935752E+01   -1.966980E+02    0.000000E+00    0.000000E+00    0.000000E+00   -1.476614E+01   -1.794688E+02   -1.172168E+01    0.000000E+00    0.000000E+00    0.000000E+00
9.627500E-01   -8.028437E+01    3.435349E+01   -1.958423E+02    0.000000E+00    0.000000E+00    0.000000E+00   -2.762371E+01   -1.793532E+02   -2.018375E+01    0.000000E+00    0.000000E+00    0.000000E+00
9.637500E-01   -7.742442E+01    4.695030E+01   -2.181815E+02    0.000000E+00    0.000000E+00    0.000000E+00   -3.819722E+01   -1.909708E+02   -2.755414E+01    0.000000E+00    0.000000E+00    0.000000E+00
9.647500E-01   -8.527440E+01    1.729475E+01   -2.122967E+02    0.000000E+00    0.000000E+00    0.000000E+00   -1.906960E+01   -1.921612E+02   -8.062066E+00    0.000000E+00    0.000000E+00    0.000000E+00
9.657500E-01   -8.875535E+01    2.419260E+01   -2.122941E+02    0.000000E+00    0.000000E+00    0.000000E+00   -2.688891E+01   -1.935263E+02   -1.096956E+01    0.000000E+00    0.000000E+00    0.000000E+00
9.667500E-01   -8.116283E+01    4.108371E+01   -2.159161E+02    0.000000E+00    0.000000E+00    0.000000E+00   -3.989628E+01   -1.902170E+02   -2.131124E+01    0.000000E+00    0.000000E+00    0.000000E+00
9.677500E-01   -8.310517E+01    3.398134E+01   -2.213501E+02    0.000000E+00    0.000000E+00    0.000000E+00   -3.667513E+01   -1.944337E+02   -1.618843E+01    0.000000E+00    0.000000E+00    0.000000E+00
9.687500E-01   -8.488943E+01    4.484334E+01   -2.254489E+02    0.000000E+00    0.000000E+00    0.000000E+00   -4.747143E+01   -1.970934E+02   -2.150373E+01    0.000000E+00    0.000000E+00    0.000000E+00
9.697500E-01   -8.726753E+01    4.060518E+01   -2.144541E+02    0.000000E+00    0.000000E+00    0.000000E+00   -4.507166E+01   -1.916938E+02   -1.813895E+01    0.000000E+00    0.000000E+00    0.000000E+00
9.707500E-01   -8.759851E+01    4.368485E+01   -2.262369E+02    0.000000E+00    0.000000E+00    0.000000E+00   -5.000961E+01   -1.986217E+02   -1.911601E+01    0.000000E+00    0.000000E+00    0.000000E+00
9.717500E-01   -8.468260E+01    4.957408E+01   -2.334863E+02    0.000000E+00    0.000000E+00    0.000000E+00   -5.699784E+01   -2.002308E+02   -2.195024E+01    0.000000E+00    0.000000E+00    0.000000E+00
9.727500E-01   -9.220531E+01    2.188725E+01   -2.215489E+02    0.000000E+00    0.000000E+00    0.000000E+00   -3.809070E+01   -1.977080E+02   -3.755610E+00    0.000000E+00    0.000000E+00    0.000000E+00
9.737500E-01   -8.899177E+01    3.153494E+01   -2.220206E+02    0.000000E+00    0.000000E+00    0.000000E+00   -4.728135E+01   -1.948927E+02   -8.805812E+00    0.000000E+00    0.000000E+00    0.000000E+00
9.747500E-01   -7.962211E+01    5.048546E+01   -2.193592E+02    0.000000E+00    0.000000E+00    0.000000E+00   -6.171478E+01   -1.862407E+02   -2.052585E+01    0.000000E+00    0.000000E+00    0.000000E+00
9.757500E-01   -7.905092E+01    4.512268E+01   -2.089249E+02    0.000000E+00    0.000000E+00    0.000000E+00   -5.760898E+01   -1.793436E+02   -1.697537E+01    0.000000E+00    0.000000E+00    0.000000E+00
9.767500E-01   -8.786682E+01    3.083761E+01   -2.157935E+02    0.000000E+00    0.000000E+00    0.000000E+00   -5.104843E+01   -1.888411E+02   -6.248799E+00    0.000000E+00    0.000000E+00    0.000000E+00
9.777500E-01   -9.378555E+01    1.876649E+01   -2.200516E+02    0.000000E+00    0.000000E+00    0.000000E+00   -4.574162E+01   -1.947737E+02    2.773501E+00    0.000000E+00    0.000000E+00    0.000000E+00
9.787500E-01   -9.423124E+01    2.617885E+01   -2.246881E+02    0.000000E+00    0.000000E+00    0.000000E+00   -5.326181E+01   -1.973044E+02   -8.011718E-01    0.000000E+00    0.000000E+00    0.000000E+00
9.797500E-01   -8.927065E+01    3.460338E+01   -2.247422E+02    0.000000E+00    0.000000E+00    0.000000E+00   -6.063207E+01   -1.934355E+02   -5.869312E+00    0.000000E+00    0.000000E+00    0.000000E+00
9.807500E-01   -8.592237E+01    2.626746E+01   -2.153953E+02    0.000000E+00    0.000000E+00    0.000000E+00   -5.553539E+01   -1.850880E+02   -6.234538E-01    0.000000E+00    0.000000E+00    0.000000E+00
9.817500E-01   -8.943785E+01    2.344980E+01   -2.143045E+02    0.000000E+00    0.000000E+00    0.000000E+00   -5.585331E+01   -1.862880E+02    2.668167E+00    0.000000E+00    0.000000E+00    0.000000E+00
9.827500E-01   -8.938414E+01    2.671002E+01   -2.144353E+02    0.000000E+00    0.000000E+00    0.000000E+00   -6.001703E+01   -1.858430E+02    1.620978E+00    0.000000E+00    0.000000E+00    0.000000E+00
9.837500E-01   -8.532901E+01    3.955699E+01   -2.173773E+02    0.000000E+00    0.000000E+00    0.000000E+00   -7.167159E+01   -1.841820E+02   -5.573849E+00    0.000000E+00    0.000000E+00    0.000000E+00
9.847500E-01   -8.623329E+01    4.359871E+01   -2.209175E+02    0.000000E+00    0.000000E+00    0.000000E+00   -7.738014E+01   -1.863448E+02   -6.705138E+00    0.000000E+00    0.000000E+00    0.000000E+00
9.857500E-01   -8.810882E+01    3.856513E+01   -2.214840E+02    0.000000E+00    0.000000E+00    0.000000E+00   -7.619744E+01   -1.874805E+02   -2.433193E+00    0.000000E+00    0.000000E+00    0.000000E+00
9.867500E-01   -9.032881E+01    3.836370E+01   -2.243366E+02    0.000000E+00    0.000000E+00    0.000000E+00   -7.942790E+01   -1.901014E+02   -6.413825E-01    0.000000E+00    0.000000E+00    0.000000E+00
9.877500E-01   -8.994640E+01    3.497888E+01   -2.236294E+02    0.000000E+00    0.000000E+00    0.000000E+00   -7.961491E+01   -1.890065E+02    2.380045E+00    0.000000E+00    0.000000E+00    0.000000E+00
9.887500E-01   -8.568170E+01    4.862629E+01   -2.271345E+02    0.000000E+00    0.000000E+00    0.000000E+00   -9.176291E+01   -1.875542E+02   -5.552099E+00    0.000000E+00    0.000000E+00    0.000000E+00
9.897500E-01   -9.070024E+01    4.363180E+01   -2.354580E+02    0.000000E+00    0.000000E+00    0.000000E+00   -9.218041E+01   -1.952331E+02   -6.780069E-01    0.000000E+00    0.000000E+00    0.000000E+00
9.907500E-01   -9.333957E+01    3.310479E+01   -2.383561E+02    0.000000E+00    0.000000E+00    0.000000E+00   -8.823700E+01   -1.982065E+02    7.033600E+00    0.000000E+00    0.000000E+00    0.000000E+00
9.917500E-01   -9.141149E+01    4.547873E+01   -2.390380E+02    0.000000E+00    0.000000E+00    0.000000E+00   -9.943707E+01   -1.967850E+02    6.286319E-01    0.000000E+00    0.000000E+00    0.000000E+00
9.927500E-01   -9.496261E+01    4.504571E+01   -2.422546E+02    0.000000E+00    0.000000E+00    0.000000E+00   -1.018756E+02   -2.007128E+02    2.672458E+00    0.000000E+00    0.000000E+00    0.000000E+00
9.937500E-01   -9.334983E+01    4.593870E+01   -2.414500E+02    0.000000E+00    0.000000E+00    0.000000E+00   -1.046259E+02   -1.988015E+02    2.709938E+00    0.000000E+00    0.000000E+00    0.000000E+00
9.947500E-01   -9.283725E+01    5.345040E+01   -2.411150E+02    0.000000E+00    0.000000E+00    0.000000E+00   -1.123623E+02   -1.978514E+02   -5.028126E-01    0.000000E+00    0.000000E+00    0.000000E+00
9.957500E-01   -9.092277E+01    5.594571E+01   -2.334108E+02    0.000000E+00    0.000000E+00    0.000000E+00   -1.141862E+02   -1.918320E+02   -1.436257E+00    0.000000E+00    0.000000E+00    0.000000E+00
9.967500E-01   -8.317427E+01    6.426683E+01   -2.217903E+02    0.000000E+00    0.000000E+00    0.000000E+00   -1.189272E+02   -1.796148E+02   -7.358005E+00    0.000000E+00    0.000000E+00    0.000000E+00
9.977500E-01   -7.974834E+01    7.960247E+01   -2.194525E+02    0.000000E+00    0.000000E+00    0.000000E+00   -1.308279E+02   -1.755388E+02   -1.595209E+01    0.000000E+00    0.000000E+00    0.000000E+00
9.987500E-01   -7.864116E+01    8.242642E+01   -2.151172E+02    0.000000E+00    0.000000E+00    0.000000E+00   -1.332205E+02   -1.719337E+02   -1.697974E+01    0.000000E+00    0.000000E+00    0.000000E+00
