 LS-DYNA keyword deck by LS-PrePost                                      
                    ls-dyna mpp d R14 R14.1.1_8_2ef819c date 10/28/2024
ICFD Drag Forces and Moments
time,            Fpx,Fpy,            Fpz,Fvx,            Fvy,Fvz,            Mpx,Mpy,            Mpz,Mvx,            Mvy,Mvz
 LS-DYNA keyword deck by LS-PrePost                                      
                    ls-dyna mpp d R14 R14.1.1_8_2ef819c date 10/28/2024
ICFD Drag Forces and Moments
time,            Fpx,            Fpy,            Fpz,            Fvx,            Fvy,            Fvz,            Mpx,            Mpy,            Mpz,            Mvx,            Mvy,            Mvz
7.500000E-04   -4.112093E-01   -1.760209E-01   -3.856688E+01    0.000000E+00    0.000000E+00    0.000000E+00    4.853388E-02   -1.517778E-01    5.669818E-02    0.000000E+00    0.000000E+00    0.000000E+00
1.750000E-03   -3.029851E-01   -1.917018E-01   -3.775561E+01    0.000000E+00    0.000000E+00    0.000000E+00    4.251305E-02   -1.368250E-01    6.244445E-02    0.000000E+00    0.000000E+00    0.000000E+00
2.750000E-03   -8.714843E-02   -1.791267E-01   -3.557022E+01    0.000000E+00    0.000000E+00    0.000000E+00    3.056049E-02   -7.265053E-02    5.814115E-02    0.000000E+00    0.000000E+00    0.000000E+00
3.750000E-03   -2.678979E-02   -1.233780E-01   -3.407154E+01    0.000000E+00    0.000000E+00    0.000000E+00    1.136429E-02   -4.966997E-02    5.253909E-02    0.000000E+00    0.000000E+00    0.000000E+00
4.750000E-03   -1.024600E-01   -5.079871E-02   -3.372492E+01    0.000000E+00    0.000000E+00    0.000000E+00   -1.394592E-02   -7.091878E-02    5.101325E-02    0.000000E+00    0.000000E+00    0.000000E+00
5.750000E-03   -1.902792E-01   -2.166138E-04   -3.370025E+01    0.000000E+00    0.000000E+00    0.000000E+00   -3.137574E-02   -9.576079E-02    5.080189E-02    0.000000E+00    0.000000E+00    0.000000E+00
6.750000E-03   -2.381752E-01    1.406140E-02   -3.365238E+01    0.000000E+00    0.000000E+00    0.000000E+00   -3.548817E-02   -1.072866E-01    5.096765E-02    0.000000E+00    0.000000E+00    0.000000E+00
7.750000E-03   -2.318246E-01   -7.478585E-03   -3.355801E+01    0.000000E+00    0.000000E+00    0.000000E+00   -2.811376E-02   -1.029218E-01    4.896565E-02    0.000000E+00    0.000000E+00    0.000000E+00
8.750000E-03   -1.172580E-01   -3.318402E-02   -2.478527E+01    0.000000E+00    0.000000E+00    0.000000E+00   -7.724059E-03   -5.109377E-02    3.120164E-02    0.000000E+00    0.000000E+00    0.000000E+00
9.750000E-03    5.346122E-02   -8.631873E-02   -3.401048E+00    0.000000E+00    0.000000E+00    0.000000E+00    3.047281E-02    1.548395E-02   -9.745787E-03    0.000000E+00    0.000000E+00    0.000000E+00
1.075000E-02    5.116395E-02   -7.515075E-02    7.431072E+00    0.000000E+00    0.000000E+00    0.000000E+00    3.845929E-02    2.046017E-02   -1.463980E-02    0.000000E+00    0.000000E+00    0.000000E+00
1.175000E-02   -3.875896E-02   -2.597017E-02    4.330045E+00    0.000000E+00    0.000000E+00    0.000000E+00    1.700031E-02   -1.321929E-02   -2.361159E-03    0.000000E+00    0.000000E+00    0.000000E+00
1.275000E-02   -7.408968E-02   -2.250805E-02   -3.625310E+00    0.000000E+00    0.000000E+00    0.000000E+00    9.399686E-03   -3.168594E-02    9.546934E-03    0.000000E+00    0.000000E+00    0.000000E+00
1.375000E-02   -4.419668E-03   -4.885929E-02   -6.859853E+00    0.000000E+00    0.000000E+00    0.000000E+00    1.660521E-02   -1.047509E-02    8.290643E-03    0.000000E+00    0.000000E+00    0.000000E+00
1.475000E-02    4.787254E-02   -5.157189E-02   -5.764105E+00    0.000000E+00    0.000000E+00    0.000000E+00    1.893172E-02    9.125875E-03    1.188903E-03    0.000000E+00    0.000000E+00    0.000000E+00
1.575000E-02    4.416071E-02   -3.714170E-02   -3.766047E+00    0.000000E+00    0.000000E+00    0.000000E+00    1.713930E-02    1.290792E-02   -5.726132E-03    0.000000E+00    0.000000E+00    0.000000E+00
1.675000E-02   -1.681186E-02   -1.680912E-02   -3.395555E+00    0.000000E+00    0.000000E+00    0.000000E+00    8.880078E-03   -8.742857E-03    1.533238E-03    0.000000E+00    0.000000E+00    0.000000E+00
1.775000E-02   -3.471981E-02   -3.427974E-02   -4.110214E+00    0.000000E+00    0.000000E+00    0.000000E+00    1.615199E-02   -1.336370E-02    7.254424E-03    0.000000E+00    0.000000E+00    0.000000E+00
1.875000E-02   -2.129288E-02   -5.972460E-02   -5.000901E+00    0.000000E+00    0.000000E+00    0.000000E+00    2.532018E-02   -9.102821E-03    8.753873E-03    0.000000E+00    0.000000E+00    0.000000E+00
1.975000E-02   -6.705638E-03   -7.695233E-02   -5.570915E+00    0.000000E+00    0.000000E+00    0.000000E+00    3.235032E-02   -6.429282E-03    6.583491E-03    0.000000E+00    0.000000E+00    0.000000E+00
2.075000E-02    6.852620E-03   -5.822912E-02   -5.965415E+00    0.000000E+00    0.000000E+00    0.000000E+00    2.389589E-02   -9.289366E-04    5.403874E-03    0.000000E+00    0.000000E+00    0.000000E+00
2.175000E-02   -5.293857E-03   -3.429826E-02   -6.298532E+00    0.000000E+00    0.000000E+00    0.000000E+00    1.385210E-02   -5.396368E-03    5.953761E-03    0.000000E+00    0.000000E+00    0.000000E+00
2.275000E-02   -4.052436E-03   -2.983815E-02   -6.608069E+00    0.000000E+00    0.000000E+00    0.000000E+00    1.269327E-02   -1.576782E-03    5.889459E-03    0.000000E+00    0.000000E+00    0.000000E+00
2.375000E-02   -1.880318E-02   -4.142421E-02   -6.933356E+00    0.000000E+00    0.000000E+00    0.000000E+00    1.773928E-02   -7.691363E-03    7.073862E-03    0.000000E+00    0.000000E+00    0.000000E+00
2.475000E-02   -2.268106E-02   -5.649369E-02   -7.312399E+00    0.000000E+00    0.000000E+00    0.000000E+00    2.435430E-02   -9.570268E-03    8.668090E-03    0.000000E+00    0.000000E+00    0.000000E+00
2.575000E-02   -2.746813E-02   -4.019605E-02   -7.744836E+00    0.000000E+00    0.000000E+00    0.000000E+00    1.560956E-02   -1.244162E-02    8.874098E-03    0.000000E+00    0.000000E+00    0.000000E+00
2.675000E-02   -3.629818E-02   -2.505583E-02   -8.178054E+00    0.000000E+00    0.000000E+00    0.000000E+00    8.267779E-03   -1.663685E-02    9.020818E-03    0.000000E+00    0.000000E+00    0.000000E+00
2.775000E-02   -4.685138E-02   -2.239852E-02   -8.574063E+00    0.000000E+00    0.000000E+00    0.000000E+00    7.430552E-03   -2.116349E-02    9.738041E-03    0.000000E+00    0.000000E+00    0.000000E+00
2.875000E-02   -5.701810E-02   -2.308087E-02   -8.924883E+00    0.000000E+00    0.000000E+00    0.000000E+00    7.979985E-03   -2.538493E-02    1.090989E-02    0.000000E+00    0.000000E+00    0.000000E+00
2.975000E-02   -6.841900E-02   -2.402870E-02   -9.264079E+00    0.000000E+00    0.000000E+00    0.000000E+00    8.498648E-03   -3.027169E-02    1.223530E-02    0.000000E+00    0.000000E+00    0.000000E+00
3.075000E-02   -7.605509E-02   -3.850337E-02   -9.584021E+00    0.000000E+00    0.000000E+00    0.000000E+00    1.643251E-02   -3.276363E-02    1.410627E-02    0.000000E+00    0.000000E+00    0.000000E+00
3.175000E-02   -8.124003E-02   -3.592693E-02   -9.881493E+00    0.000000E+00    0.000000E+00    0.000000E+00    1.581665E-02   -3.488323E-02    1.416337E-02    0.000000E+00    0.000000E+00    0.000000E+00
3.275000E-02   -8.748428E-02   -3.892851E-02   -1.016299E+01    0.000000E+00    0.000000E+00    0.000000E+00    1.816834E-02   -3.784308E-02    1.485649E-02    0.000000E+00    0.000000E+00    0.000000E+00
3.375000E-02   -8.764068E-02   -4.911040E-02   -1.042910E+01    0.000000E+00    0.000000E+00    0.000000E+00    2.420934E-02   -3.820264E-02    1.591515E-02    0.000000E+00    0.000000E+00    0.000000E+00
3.475000E-02   -9.655936E-02   -4.418280E-02   -1.068071E+01    0.000000E+00    0.000000E+00    0.000000E+00    2.260573E-02   -4.211732E-02    1.695150E-02    0.000000E+00    0.000000E+00    0.000000E+00
3.575000E-02   -9.899195E-02   -4.435357E-02   -1.091786E+01    0.000000E+00    0.000000E+00    0.000000E+00    2.340168E-02   -4.242081E-02    1.626691E-02    0.000000E+00    0.000000E+00    0.000000E+00
3.675000E-02   -1.018516E-01   -4.343727E-02   -1.113646E+01    0.000000E+00    0.000000E+00    0.000000E+00    2.367548E-02   -4.314738E-02    1.616985E-02    0.000000E+00    0.000000E+00    0.000000E+00
3.775000E-02   -9.764307E-02   -4.449696E-02   -1.133176E+01    0.000000E+00    0.000000E+00    0.000000E+00    2.498579E-02   -4.072164E-02    1.598690E-02    0.000000E+00    0.000000E+00    0.000000E+00
3.875000E-02   -9.198079E-02   -4.526615E-02   -1.150987E+01    0.000000E+00    0.000000E+00    0.000000E+00    2.623222E-02   -3.863992E-02    1.663740E-02    0.000000E+00    0.000000E+00    0.000000E+00
3.975000E-02   -8.592727E-02   -4.548930E-02   -1.166840E+01    0.000000E+00    0.000000E+00    0.000000E+00    2.767067E-02   -3.580643E-02    1.702868E-02    0.000000E+00    0.000000E+00    0.000000E+00
4.075000E-02   -7.749124E-02   -4.087163E-02   -1.180396E+01    0.000000E+00    0.000000E+00    0.000000E+00    2.571557E-02   -3.134074E-02    1.568014E-02    0.000000E+00    0.000000E+00    0.000000E+00
4.175000E-02   -7.076299E-02   -3.657769E-02   -1.192119E+01    0.000000E+00    0.000000E+00    0.000000E+00    2.373464E-02   -2.789954E-02    1.407347E-02    0.000000E+00    0.000000E+00    0.000000E+00
4.275000E-02   -6.629944E-02   -3.872116E-02   -1.202217E+01    0.000000E+00    0.000000E+00    0.000000E+00    2.461549E-02   -2.585401E-02    1.403978E-02    0.000000E+00    0.000000E+00    0.000000E+00
4.375000E-02   -5.949507E-02   -2.836748E-02   -1.210561E+01    0.000000E+00    0.000000E+00    0.000000E+00    2.030673E-02   -2.234945E-02    1.277100E-02    0.000000E+00    0.000000E+00    0.000000E+00
4.475000E-02   -5.347439E-02   -2.374649E-02   -1.217364E+01    0.000000E+00    0.000000E+00    0.000000E+00    1.783280E-02   -1.916388E-02    1.192582E-02    0.000000E+00    0.000000E+00    0.000000E+00
4.575000E-02   -4.827154E-02   -2.654607E-02   -1.222805E+01    0.000000E+00    0.000000E+00    0.000000E+00    1.909153E-02   -1.679659E-02    1.179671E-02    0.000000E+00    0.000000E+00    0.000000E+00
4.675000E-02   -4.198651E-02   -3.911766E-02   -1.226930E+01    0.000000E+00    0.000000E+00    0.000000E+00    2.506724E-02   -1.386831E-02    1.121134E-02    0.000000E+00    0.000000E+00    0.000000E+00
4.775000E-02   -3.629910E-02   -4.167545E-02   -1.230386E+01    0.000000E+00    0.000000E+00    0.000000E+00    2.629070E-02   -1.142977E-02    1.102443E-02    0.000000E+00    0.000000E+00    0.000000E+00
4.875000E-02   -3.098661E-02   -4.445782E-02   -1.233298E+01    0.000000E+00    0.000000E+00    0.000000E+00    2.761948E-02   -9.240265E-03    1.076690E-02    0.000000E+00    0.000000E+00    0.000000E+00
4.975000E-02   -2.802548E-02   -4.489522E-02   -1.235726E+01    0.000000E+00    0.000000E+00    0.000000E+00    2.774851E-02   -8.327937E-03    1.096674E-02    0.000000E+00    0.000000E+00    0.000000E+00
5.075000E-02   -2.150498E-02   -5.048245E-02   -1.237897E+01    0.000000E+00    0.000000E+00    0.000000E+00    3.054270E-02   -5.518467E-03    1.136595E-02    0.000000E+00    0.000000E+00    0.000000E+00
5.175000E-02   -2.037836E-02   -5.347283E-02   -1.239902E+01    0.000000E+00    0.000000E+00    0.000000E+00    3.199854E-02   -5.633383E-03    1.104775E-02    0.000000E+00    0.000000E+00    0.000000E+00
5.275000E-02   -1.673282E-02   -5.365138E-02   -1.241778E+01    0.000000E+00    0.000000E+00    0.000000E+00    3.255630E-02   -4.731727E-03    1.140341E-02    0.000000E+00    0.000000E+00    0.000000E+00
5.375000E-02   -1.635738E-02   -5.581978E-02   -1.243394E+01    0.000000E+00    0.000000E+00    0.000000E+00    3.347308E-02   -5.407783E-03    1.189852E-02    0.000000E+00    0.000000E+00    0.000000E+00
5.475000E-02   -1.015635E-02   -5.650916E-02   -1.245325E+01    0.000000E+00    0.000000E+00    0.000000E+00    3.373210E-02   -3.034791E-03    1.186760E-02    0.000000E+00    0.000000E+00    0.000000E+00
5.575000E-02   -9.601130E-03   -5.573144E-02   -1.246809E+01    0.000000E+00    0.000000E+00    0.000000E+00    3.326511E-02   -4.083690E-03    1.238981E-02    0.000000E+00    0.000000E+00    0.000000E+00
5.675000E-02   -2.840339E-03   -5.431053E-02   -1.247977E+01    0.000000E+00    0.000000E+00    0.000000E+00    3.254360E-02   -1.388519E-03    1.264651E-02    0.000000E+00    0.000000E+00    0.000000E+00
5.775000E-02    3.099035E-03   -5.119617E-02   -1.248994E+01    0.000000E+00    0.000000E+00    0.000000E+00    3.069654E-02    1.065712E-03    1.300430E-02    0.000000E+00    0.000000E+00    0.000000E+00
5.875000E-02    3.717998E-03   -4.901019E-02   -1.250186E+01    0.000000E+00    0.000000E+00    0.000000E+00    2.899036E-02    1.303827E-03    1.297520E-02    0.000000E+00    0.000000E+00    0.000000E+00
5.975000E-02    1.127130E-02   -4.438940E-02   -1.251086E+01    0.000000E+00    0.000000E+00    0.000000E+00    2.647074E-02    4.323356E-03    1.294962E-02    0.000000E+00    0.000000E+00    0.000000E+00
6.075000E-02    3.170244E-02   -4.203566E-02   -1.252649E+01    0.000000E+00    0.000000E+00    0.000000E+00    2.499930E-02    1.287970E-02    1.427356E-02    0.000000E+00    0.000000E+00    0.000000E+00
6.175000E-02    3.906153E-02   -4.580540E-02   -1.253498E+01    0.000000E+00    0.000000E+00    0.000000E+00    2.669822E-02    1.609298E-02    1.297123E-02    0.000000E+00    0.000000E+00    0.000000E+00
6.275000E-02    4.172494E-02   -5.151435E-02   -1.254602E+01    0.000000E+00    0.000000E+00    0.000000E+00    2.938412E-02    1.716316E-02    1.217231E-02    0.000000E+00    0.000000E+00    0.000000E+00
6.375000E-02    4.004808E-02   -5.557712E-02   -1.256518E+01    0.000000E+00    0.000000E+00    0.000000E+00    3.149537E-02    1.447059E-02    1.250850E-02    0.000000E+00    0.000000E+00    0.000000E+00
6.475000E-02    4.450532E-02   -5.279916E-02   -1.257438E+01    0.000000E+00    0.000000E+00    0.000000E+00    3.007839E-02    1.595323E-02    1.289779E-02    0.000000E+00    0.000000E+00    0.000000E+00
6.575000E-02    4.872496E-02   -4.966223E-02   -1.258427E+01    0.000000E+00    0.000000E+00    0.000000E+00    2.894256E-02    1.694320E-02    1.333385E-02    0.000000E+00    0.000000E+00    0.000000E+00
6.675000E-02    5.417182E-02   -4.336532E-02   -1.259734E+01    0.000000E+00    0.000000E+00    0.000000E+00    2.680845E-02    1.955858E-02    1.290348E-02    0.000000E+00    0.000000E+00    0.000000E+00
6.775000E-02    5.856708E-02   -3.482825E-02   -1.261174E+01    0.000000E+00    0.000000E+00    0.000000E+00    2.282828E-02    2.079061E-02    1.333217E-02    0.000000E+00    0.000000E+00    0.000000E+00
6.875000E-02    6.504543E-02   -3.469804E-02   -1.262567E+01    0.000000E+00    0.000000E+00    0.000000E+00    2.286084E-02    2.287107E-02    1.354664E-02    0.000000E+00    0.000000E+00    0.000000E+00
6.975000E-02    7.766887E-02   -3.430196E-02   -1.263649E+01    0.000000E+00    0.000000E+00    0.000000E+00    2.289838E-02    2.825134E-02    1.286658E-02    0.000000E+00    0.000000E+00    0.000000E+00
7.075000E-02    8.460175E-02   -3.238169E-02   -1.264537E+01    0.000000E+00    0.000000E+00    0.000000E+00    2.224768E-02    3.058842E-02    1.291410E-02    0.000000E+00    0.000000E+00    0.000000E+00
7.175000E-02    9.431207E-02   -3.152976E-02   -1.265379E+01    0.000000E+00    0.000000E+00    0.000000E+00    2.203461E-02    3.455696E-02    1.272629E-02    0.000000E+00    0.000000E+00    0.000000E+00
7.275000E-02    9.639939E-02   -2.860581E-02   -1.266213E+01    0.000000E+00    0.000000E+00    0.000000E+00    2.087436E-02    3.464763E-02    1.193767E-02    0.000000E+00    0.000000E+00    0.000000E+00
7.375000E-02    1.058921E-01   -2.504624E-02   -1.267004E+01    0.000000E+00    0.000000E+00    0.000000E+00    1.911305E-02    3.839622E-02    1.202978E-02    0.000000E+00    0.000000E+00    0.000000E+00
7.475000E-02    1.100230E-01   -2.137226E-02   -1.267731E+01    0.000000E+00    0.000000E+00    0.000000E+00    1.727608E-02    3.943261E-02    1.154008E-02    0.000000E+00    0.000000E+00    0.000000E+00
7.575000E-02    1.153555E-01   -2.024568E-02   -1.268429E+01    0.000000E+00    0.000000E+00    0.000000E+00    1.679108E-02    4.121216E-02    1.159253E-02    0.000000E+00    0.000000E+00    0.000000E+00
7.675000E-02    1.213677E-01   -2.063959E-02   -1.269086E+01    0.000000E+00    0.000000E+00    0.000000E+00    1.720391E-02    4.341690E-02    1.140868E-02    0.000000E+00    0.000000E+00    0.000000E+00
7.775000E-02    1.284247E-01   -2.274259E-02   -1.269716E+01    0.000000E+00    0.000000E+00    0.000000E+00    1.846892E-02    4.614605E-02    1.102130E-02    0.000000E+00    0.000000E+00    0.000000E+00
7.875000E-02    1.330383E-01   -2.171113E-02   -1.270329E+01    0.000000E+00    0.000000E+00    0.000000E+00    1.812723E-02    4.773351E-02    1.109380E-02    0.000000E+00    0.000000E+00    0.000000E+00
7.975000E-02    1.371388E-01   -2.079502E-02   -1.270877E+01    0.000000E+00    0.000000E+00    0.000000E+00    1.785299E-02    4.907792E-02    1.116578E-02    0.000000E+00    0.000000E+00    0.000000E+00
8.075000E-02    1.409814E-01   -2.003765E-02   -1.271411E+01    0.000000E+00    0.000000E+00    0.000000E+00    1.766402E-02    5.031147E-02    1.125924E-02    0.000000E+00    0.000000E+00    0.000000E+00
8.175000E-02    1.412741E-01   -1.336368E-02   -1.271891E+01    0.000000E+00    0.000000E+00    0.000000E+00    1.439361E-02    4.976978E-02    1.048946E-02    0.000000E+00    0.000000E+00    0.000000E+00
8.275000E-02    1.470555E-01   -1.166710E-02   -1.272420E+01    0.000000E+00    0.000000E+00    0.000000E+00    1.380066E-02    5.220106E-02    1.071763E-02    0.000000E+00    0.000000E+00    0.000000E+00
8.375000E-02    1.526258E-01   -1.533479E-02   -1.272878E+01    0.000000E+00    0.000000E+00    0.000000E+00    1.607224E-02    5.457714E-02    1.041821E-02    0.000000E+00    0.000000E+00    0.000000E+00
8.475000E-02    1.564618E-01   -1.664561E-02   -1.273310E+01    0.000000E+00    0.000000E+00    0.000000E+00    1.708505E-02    5.615133E-02    1.029488E-02    0.000000E+00    0.000000E+00    0.000000E+00
8.575000E-02    1.586747E-01   -1.550021E-02   -1.273741E+01    0.000000E+00    0.000000E+00    0.000000E+00    1.683394E-02    5.688745E-02    1.031198E-02    0.000000E+00    0.000000E+00    0.000000E+00
8.675000E-02    1.605301E-01   -1.459466E-02   -1.274240E+01    0.000000E+00    0.000000E+00    0.000000E+00    1.662274E-02    5.746597E-02    1.026596E-02    0.000000E+00    0.000000E+00    0.000000E+00
8.775000E-02    1.659296E-01   -1.996500E-02   -1.274719E+01    0.000000E+00    0.000000E+00    0.000000E+00    1.977527E-02    5.996518E-02    9.554202E-03    0.000000E+00    0.000000E+00    0.000000E+00
8.875000E-02    1.670005E-01   -1.899407E-02   -1.275183E+01    0.000000E+00    0.000000E+00    0.000000E+00    1.959511E-02    6.031746E-02    9.548628E-03    0.000000E+00    0.000000E+00    0.000000E+00
8.975000E-02    1.681291E-01   -1.781242E-02   -1.275599E+01    0.000000E+00    0.000000E+00    0.000000E+00    1.931228E-02    6.076370E-02    9.622683E-03    0.000000E+00    0.000000E+00    0.000000E+00
9.075000E-02    1.682111E-01   -1.939707E-02   -1.276091E+01    0.000000E+00    0.000000E+00    0.000000E+00    2.044032E-02    6.068955E-02    9.510376E-03    0.000000E+00    0.000000E+00    0.000000E+00
9.175000E-02    1.687438E-01   -1.866865E-02   -1.276681E+01    0.000000E+00    0.000000E+00    0.000000E+00    2.033497E-02    6.093690E-02    9.578258E-03    0.000000E+00    0.000000E+00    0.000000E+00
9.275000E-02    1.691513E-01   -1.776264E-02   -1.277246E+01    0.000000E+00    0.000000E+00    0.000000E+00    2.014924E-02    6.117392E-02    9.671240E-03    0.000000E+00    0.000000E+00    0.000000E+00
9.375000E-02    1.756110E-01   -1.280094E-02   -1.277676E+01    0.000000E+00    0.000000E+00    0.000000E+00    1.790016E-02    6.466640E-02    8.993675E-03    0.000000E+00    0.000000E+00    0.000000E+00
9.475000E-02    1.757184E-01   -1.179618E-02   -1.278122E+01    0.000000E+00    0.000000E+00    0.000000E+00    1.769263E-02    6.479333E-02    9.059446E-03    0.000000E+00    0.000000E+00    0.000000E+00
9.575000E-02    1.752880E-01   -1.024047E-02   -1.278620E+01    0.000000E+00    0.000000E+00    0.000000E+00    1.719019E-02    6.466685E-02    9.311539E-03    0.000000E+00    0.000000E+00    0.000000E+00
9.675000E-02    1.747021E-01   -9.071449E-03   -1.279189E+01    0.000000E+00    0.000000E+00    0.000000E+00    1.686305E-02    6.450596E-02    9.446955E-03    0.000000E+00    0.000000E+00    0.000000E+00
9.775000E-02    1.738690E-01   -8.093123E-03   -1.279790E+01    0.000000E+00    0.000000E+00    0.000000E+00    1.663901E-02    6.432300E-02    9.519991E-03    0.000000E+00    0.000000E+00    0.000000E+00
9.875000E-02    1.728142E-01   -6.926288E-03   -1.280377E+01    0.000000E+00    0.000000E+00    0.000000E+00    1.634581E-02    6.404210E-02    9.618020E-03    0.000000E+00    0.000000E+00    0.000000E+00
9.975000E-02    1.716242E-01   -5.930512E-03   -1.280947E+01    0.000000E+00    0.000000E+00    0.000000E+00    1.612955E-02    6.375104E-02    9.665331E-03    0.000000E+00    0.000000E+00    0.000000E+00
1.007500E-01    6.022156E-01   -6.992014E-02    3.316552E+00    0.000000E+00    0.000000E+00    0.000000E+00    3.984125E-02    2.290501E-01   -4.965620E-02    0.000000E+00    0.000000E+00    0.000000E+00
1.017500E-01   -3.205842E-01    7.184028E-01    5.127123E+00    0.000000E+00    0.000000E+00    0.000000E+00   -2.596970E-01   -1.227077E-01   -1.206532E-01    0.000000E+00    0.000000E+00    0.000000E+00
1.027500E-01   -3.648976E-01   -2.956250E-01    3.596603E+00    0.000000E+00    0.000000E+00    0.000000E+00    1.137306E-01   -1.092688E-01   -1.453536E-01    0.000000E+00    0.000000E+00    0.000000E+00
1.037500E-01   -4.800397E-01   -7.417238E-01    3.418089E+00    0.000000E+00    0.000000E+00    0.000000E+00    3.261212E-01   -9.329968E-02   -9.929864E-02    0.000000E+00    0.000000E+00    0.000000E+00
1.047500E-01   -4.496988E-01    1.354331E-02    4.073329E+00    0.000000E+00    0.000000E+00    0.000000E+00    4.163966E-02   -1.371956E-01   -4.944934E-02    0.000000E+00    0.000000E+00    0.000000E+00
1.057500E-01   -6.377550E-01   -1.957204E-02    2.115002E+00    0.000000E+00    0.000000E+00    0.000000E+00    4.123716E-02   -2.714066E-01   -4.927806E-02    0.000000E+00    0.000000E+00    0.000000E+00
1.067500E-01   -8.459984E-01   -2.943808E-01    4.643757E+00    0.000000E+00    0.000000E+00    0.000000E+00    1.657043E-01   -3.506121E-01   -6.819095E-02    0.000000E+00    0.000000E+00    0.000000E+00
1.077500E-01   -5.271419E-01   -2.197296E-01    7.727783E-01    0.000000E+00    0.000000E+00    0.000000E+00    1.821354E-01   -2.512379E-01   -1.621608E-01    0.000000E+00    0.000000E+00    0.000000E+00
1.087500E-01   -9.438540E-01   -2.176750E-02    6.419269E+00    0.000000E+00    0.000000E+00    0.000000E+00    1.370651E-01   -4.409082E-01   -2.425734E-01    0.000000E+00    0.000000E+00    0.000000E+00
1.097500E-01   -1.056470E+00   -1.020002E+00    4.613740E+00    0.000000E+00    0.000000E+00    0.000000E+00    5.104865E-01   -4.931528E-01   -1.161143E-01    0.000000E+00    0.000000E+00    0.000000E+00
1.107500E-01   -1.009375E-01   -4.347812E-01   -2.879292E+00    0.000000E+00    0.000000E+00    0.000000E+00    1.555746E-01   -1.109740E-01    6.630620E-03    0.000000E+00    0.000000E+00    0.000000E+00
1.117500E-01    4.237364E-01    1.264061E+00    3.516651E+00    0.000000E+00    0.000000E+00    0.000000E+00   -5.992449E-01    9.308174E-02    2.182884E-02    0.000000E+00    0.000000E+00    0.000000E+00
1.127500E-01    1.126683E+00    6.434016E-01   -1.358932E-01    0.000000E+00    0.000000E+00    0.000000E+00   -3.332111E-01    3.344945E-01    1.255936E-02    0.000000E+00    0.000000E+00    0.000000E+00
1.137500E-01    1.859215E+00    3.441581E-01   -1.947244E+00    0.000000E+00    0.000000E+00    0.000000E+00   -2.458715E-01    5.834786E-01    5.694167E-02    0.000000E+00    0.000000E+00    0.000000E+00
1.147500E-01    1.726932E+00    5.060759E-01    1.352309E+00    0.000000E+00    0.000000E+00    0.000000E+00   -2.461030E-01    6.193199E-01   -5.431204E-02    0.000000E+00    0.000000E+00    0.000000E+00
1.157500E-01    1.018944E+00    4.614223E-02   -2.426908E+00    0.000000E+00    0.000000E+00    0.000000E+00    8.252336E-02    4.553749E-01   -1.840315E-01    0.000000E+00    0.000000E+00    0.000000E+00
1.167500E-01    5.652748E-01    3.408135E-01    8.766780E-01    0.000000E+00    0.000000E+00    0.000000E+00   -3.318760E-02    2.378715E-01   -2.817311E-01    0.000000E+00    0.000000E+00    0.000000E+00
1.177500E-01    2.386248E+00    1.380504E+00   -3.367525E+00    0.000000E+00    0.000000E+00    0.000000E+00   -5.653758E-01    9.704516E-01   -2.506044E-01    0.000000E+00    0.000000E+00    0.000000E+00
1.187500E-01    2.137148E+00    8.474168E-01   -5.718167E+00    0.000000E+00    0.000000E+00    0.000000E+00   -4.961221E-01    9.078350E-01   -5.315284E-02    0.000000E+00    0.000000E+00    0.000000E+00
1.197500E-01    2.523465E+00    1.325521E+00   -1.826535E+00    0.000000E+00    0.000000E+00    0.000000E+00   -7.117166E-01    1.133369E+00    2.391325E-01    0.000000E+00    0.000000E+00    0.000000E+00
1.207500E-01    1.616091E+00    1.939540E+00   -3.845104E-01    0.000000E+00    0.000000E+00    0.000000E+00   -8.030479E-01    7.021731E-01    1.561276E-01    0.000000E+00    0.000000E+00    0.000000E+00
1.217500E-01   -2.117297E-01    1.421605E+00    2.202033E+00    0.000000E+00    0.000000E+00    0.000000E+00   -5.390417E-01   -1.671405E-01   -8.384338E-02    0.000000E+00    0.000000E+00    0.000000E+00
1.227500E-01   -6.540067E-03    3.820193E-01    4.646615E-01    0.000000E+00    0.000000E+00    0.000000E+00   -2.143532E-01   -2.582119E-01   -2.247963E-01    0.000000E+00    0.000000E+00    0.000000E+00
1.237500E-01    1.970822E+00    8.671143E-01   -1.898701E+01    0.000000E+00    0.000000E+00    0.000000E+00   -4.730775E-01    6.199910E-01   -9.772659E-02    0.000000E+00    0.000000E+00    0.000000E+00
1.247500E-01    2.435681E+00    8.259182E-01   -1.883572E+01    0.000000E+00    0.000000E+00    0.000000E+00   -5.107876E-01    1.007223E+00    1.635532E-01    0.000000E+00    0.000000E+00    0.000000E+00
1.257500E-01   -3.625495E-01   -7.313172E-01   -9.971508E+00    0.000000E+00    0.000000E+00    0.000000E+00    1.886552E-01   -1.560309E-01    9.628157E-02    0.000000E+00    0.000000E+00    0.000000E+00
1.267500E-01   -1.121909E+00   -1.008550E+00   -1.329133E+01    0.000000E+00    0.000000E+00    0.000000E+00    4.002391E-01   -6.068842E-01   -2.932723E-02    0.000000E+00    0.000000E+00    0.000000E+00
1.277500E-01   -9.261277E-01   -4.803847E-01   -1.195273E+01    0.000000E+00    0.000000E+00    0.000000E+00    1.838427E-01   -4.162914E-01   -9.785045E-02    0.000000E+00    0.000000E+00    0.000000E+00
1.287500E-01   -2.831691E-01   -9.682302E-02   -1.277930E+01    0.000000E+00    0.000000E+00    0.000000E+00    9.169210E-02   -1.237640E-01   -2.006186E-01    0.000000E+00    0.000000E+00    0.000000E+00
1.297500E-01    2.685585E-01    8.134422E-02   -5.910556E+00    0.000000E+00    0.000000E+00    0.000000E+00    3.519360E-02    5.321001E-02   -2.376664E-01    0.000000E+00    0.000000E+00    0.000000E+00
1.307500E-01   -4.667662E-01   -3.526272E-01   -1.103736E+01    0.000000E+00    0.000000E+00    0.000000E+00    1.734301E-01   -2.444385E-01   -3.375691E-01    0.000000E+00    0.000000E+00    0.000000E+00
1.317500E-01   -1.049924E+00   -1.361807E+00   -8.154830E+00    0.000000E+00    0.000000E+00    0.000000E+00    6.489848E-01   -5.112901E-01   -4.161117E-01    0.000000E+00    0.000000E+00    0.000000E+00
1.327500E-01   -8.038868E-01   -9.003146E-01   -1.257800E+01    0.000000E+00    0.000000E+00    0.000000E+00    3.500469E-01   -3.648603E-01   -2.827497E-01    0.000000E+00    0.000000E+00    0.000000E+00
1.337500E-01   -3.186718E+00   -1.754722E+00   -2.669066E+01    0.000000E+00    0.000000E+00    0.000000E+00    7.478106E-01   -1.437179E+00   -6.226467E-01    0.000000E+00    0.000000E+00    0.000000E+00
1.347500E-01   -2.773370E+00    9.629375E-01   -1.395728E+01    0.000000E+00    0.000000E+00    0.000000E+00   -3.025480E-01   -1.454358E+00   -5.893105E-01    0.000000E+00    0.000000E+00    0.000000E+00
1.357500E-01   -2.372699E+00    2.403180E+00   -1.673926E+01    0.000000E+00    0.000000E+00    0.000000E+00   -1.061128E+00   -1.248013E+00   -3.283932E-01    0.000000E+00    0.000000E+00    0.000000E+00
1.367500E-01   -2.254123E+00    1.967921E+00   -2.254126E+01    0.000000E+00    0.000000E+00    0.000000E+00   -1.040416E+00   -1.096053E+00   -2.047885E-01    0.000000E+00    0.000000E+00    0.000000E+00
1.377500E-01   -2.341188E+00    1.872676E+00   -2.381390E+01    0.000000E+00    0.000000E+00    0.000000E+00   -8.546160E-01   -1.334238E+00   -4.426800E-01    0.000000E+00    0.000000E+00    0.000000E+00
1.387500E-01   -4.728935E-01    1.243228E+00   -3.135702E+01    0.000000E+00    0.000000E+00    0.000000E+00   -3.701646E-01   -5.808251E-01   -7.492691E-01    0.000000E+00    0.000000E+00    0.000000E+00
1.397500E-01    4.105443E+00    3.461247E+00   -4.250557E+01    0.000000E+00    0.000000E+00    0.000000E+00   -1.596777E+00    1.691409E+00   -4.866021E-01    0.000000E+00    0.000000E+00    0.000000E+00
1.407500E-01   -2.949559E-01    5.215247E+00   -2.410294E+01    0.000000E+00    0.000000E+00    0.000000E+00   -2.569006E+00   -2.402161E-01   -2.485374E-01    0.000000E+00    0.000000E+00    0.000000E+00
1.417500E-01   -6.327198E+00    5.153951E+00   -2.063200E+01    0.000000E+00    0.000000E+00    0.000000E+00   -2.679786E+00   -3.005190E+00   -2.867138E-01    0.000000E+00    0.000000E+00    0.000000E+00
1.427500E-01   -4.929413E+00    8.671908E+00   -5.456883E+01    0.000000E+00    0.000000E+00    0.000000E+00   -4.396574E+00   -2.344337E+00   -5.173249E-01    0.000000E+00    0.000000E+00    0.000000E+00
1.437500E-01   -2.119331E+00    9.354236E+00   -6.630839E+01    0.000000E+00    0.000000E+00    0.000000E+00   -4.952548E+00   -1.095070E+00   -4.755080E-01    0.000000E+00    0.000000E+00    0.000000E+00
1.447500E-01   -2.954106E+00    2.797137E+00   -4.532509E+01    0.000000E+00    0.000000E+00    0.000000E+00   -1.622486E+00   -1.626461E+00   -7.412986E-01    0.000000E+00    0.000000E+00    0.000000E+00
1.457500E-01   -4.716421E+00    1.171277E+00   -4.644917E+01    0.000000E+00    0.000000E+00    0.000000E+00   -9.660980E-01   -2.262746E+00   -5.187402E-01    0.000000E+00    0.000000E+00    0.000000E+00
1.467500E-01   -3.469077E+00    9.145529E+00   -5.721837E+01    0.000000E+00    0.000000E+00    0.000000E+00   -5.042240E+00   -1.503875E+00   -1.273578E-01    0.000000E+00    0.000000E+00    0.000000E+00
1.477500E-01   -6.383851E+00    8.280983E+00   -3.607113E+01    0.000000E+00    0.000000E+00    0.000000E+00   -4.591411E+00   -3.002250E+00   -1.080250E-01    0.000000E+00    0.000000E+00    0.000000E+00
1.487500E-01   -7.423734E+00   -1.709871E+00   -3.653559E+01    0.000000E+00    0.000000E+00    0.000000E+00    2.318993E-01   -3.515677E+00   -3.228741E-01    0.000000E+00    0.000000E+00    0.000000E+00
1.497500E-01   -6.790282E+00   -6.185605E+00   -5.854042E+01    0.000000E+00    0.000000E+00    0.000000E+00    2.424298E+00   -2.890970E+00   -5.603687E-01    0.000000E+00    0.000000E+00    0.000000E+00
1.507500E-01   -1.266921E+01   -9.159793E+00   -7.709217E+01    0.000000E+00    0.000000E+00    0.000000E+00    4.016865E+00   -5.357993E+00   -9.078656E-01    0.000000E+00    0.000000E+00    0.000000E+00
1.517500E-01   -1.299008E+01   -4.934032E+00   -9.099591E+01    0.000000E+00    0.000000E+00    0.000000E+00    1.631644E+00   -5.332594E+00   -4.221945E-01    0.000000E+00    0.000000E+00    0.000000E+00
1.527500E-01   -1.444204E-01    7.445806E+00   -1.302467E+02    0.000000E+00    0.000000E+00    0.000000E+00   -5.478911E+00    1.354847E+00    5.029715E-01    0.000000E+00    0.000000E+00    0.000000E+00
1.537500E-01    2.729353E+01    2.591607E+01   -1.847751E+02    0.000000E+00    0.000000E+00    0.000000E+00   -1.601096E+01    1.550467E+01    1.571234E+00    0.000000E+00    0.000000E+00    0.000000E+00
1.547500E-01    4.146102E+01    2.152298E+01   -2.927617E+02    0.000000E+00    0.000000E+00    0.000000E+00   -1.656980E+01    2.327636E+01    1.484966E+00    0.000000E+00    0.000000E+00    0.000000E+00
1.557500E-01    7.775471E+00    1.596127E+01   -3.113012E+02    0.000000E+00    0.000000E+00    0.000000E+00   -1.474002E+01    8.787892E+00    1.508818E-01    0.000000E+00    0.000000E+00    0.000000E+00
1.567500E-01    8.073616E+00   -4.336778E+00   -2.586081E+02    0.000000E+00    0.000000E+00    0.000000E+00   -9.237475E-01    8.642701E+00   -2.148808E+00    0.000000E+00    0.000000E+00    0.000000E+00
1.577500E-01    2.909222E+01   -3.202102E+01   -1.523168E+02    0.000000E+00    0.000000E+00    0.000000E+00    1.705024E+01    1.375455E+01   -1.535661E+00    0.000000E+00    0.000000E+00    0.000000E+00
1.587500E-01    3.131247E+01   -1.845366E+01   -1.670253E+02    0.000000E+00    0.000000E+00    0.000000E+00    9.201536E+00    1.450900E+01   -7.208087E-01    0.000000E+00    0.000000E+00    0.000000E+00
1.597500E-01    4.174397E+01    1.145673E+01   -2.751560E+02    0.000000E+00    0.000000E+00    0.000000E+00   -8.780664E+00    2.107839E+01   -3.089162E-01    0.000000E+00    0.000000E+00    0.000000E+00
1.607500E-01    8.971508E+00    1.173950E+01   -4.032016E+02    0.000000E+00    0.000000E+00    0.000000E+00   -1.015188E+01    2.600661E+00   -9.431975E-01    0.000000E+00    0.000000E+00    0.000000E+00
1.617500E-01   -5.086946E+01    4.527500E+00   -4.919418E+02    0.000000E+00    0.000000E+00    0.000000E+00   -7.765482E+00   -2.683764E+01   -2.541189E+00    0.000000E+00    0.000000E+00    0.000000E+00
1.627500E-01   -3.028280E+01   -6.177396E+00   -4.953712E+02    0.000000E+00    0.000000E+00    0.000000E+00   -3.615064E+00   -1.525352E+01   -3.138366E+00    0.000000E+00    0.000000E+00    0.000000E+00
1.637500E-01    2.141924E+01   -7.019783E+00   -5.139418E+02    0.000000E+00    0.000000E+00    0.000000E+00   -4.518781E+00    1.220815E+01   -5.182373E-01    0.000000E+00    0.000000E+00    0.000000E+00
1.647500E-01    1.325516E+01    1.594795E+01   -5.846030E+02    0.000000E+00    0.000000E+00    0.000000E+00   -1.623836E+01    8.420219E+00    1.860413E+00    0.000000E+00    0.000000E+00    0.000000E+00
1.657500E-01   -1.502371E+01    3.701558E+01   -6.352493E+02    0.000000E+00    0.000000E+00    0.000000E+00   -2.547358E+01   -7.100509E+00    2.092472E+00    0.000000E+00    0.000000E+00    0.000000E+00
1.667500E-01   -1.920694E+01    3.228751E+01   -7.055761E+02    0.000000E+00    0.000000E+00    0.000000E+00   -2.395085E+01   -8.849043E+00    1.672446E+00    0.000000E+00    0.000000E+00    0.000000E+00
1.677500E-01   -1.571945E+01   -3.143043E+01   -6.864613E+02    0.000000E+00    0.000000E+00    0.000000E+00    1.036206E+01   -6.495088E+00    2.027607E+00    0.000000E+00    0.000000E+00    0.000000E+00
1.687500E-01   -4.667702E+01   -6.041119E+01   -6.301550E+02    0.000000E+00    0.000000E+00    0.000000E+00    2.801770E+01   -2.452283E+01    2.375952E+00    0.000000E+00    0.000000E+00    0.000000E+00
1.697500E-01   -4.078793E+01   -4.721263E+01   -5.912478E+02    0.000000E+00    0.000000E+00    0.000000E+00    2.209745E+01   -2.220693E+01    1.156272E+00    0.000000E+00    0.000000E+00    0.000000E+00
1.707500E-01   -2.617253E+01   -2.623744E+01   -5.071728E+02    0.000000E+00    0.000000E+00    0.000000E+00    1.147582E+01   -1.476295E+01    2.148474E-01    0.000000E+00    0.000000E+00    0.000000E+00
1.717500E-01    6.653695E+00   -1.725710E+01   -4.632990E+02    0.000000E+00    0.000000E+00    0.000000E+00    7.343028E+00    3.739127E+00    6.655349E-02    0.000000E+00    0.000000E+00    0.000000E+00
1.727500E-01    9.823166E+00   -1.494096E+01   -4.641473E+02    0.000000E+00    0.000000E+00    0.000000E+00    6.738500E+00    5.050885E+00   -3.791603E-01    0.000000E+00    0.000000E+00    0.000000E+00
1.737500E-01    1.545439E-01   -9.103420E+00   -4.636109E+02    0.000000E+00    0.000000E+00    0.000000E+00    3.414717E+00   -7.690243E-01   -9.180253E-01    0.000000E+00    0.000000E+00    0.000000E+00
1.747500E-01   -2.487810E-01   -4.180416E+00   -4.333589E+02    0.000000E+00    0.000000E+00    0.000000E+00   -1.708577E-01   -1.522130E-01   -1.120817E+00    0.000000E+00    0.000000E+00    0.000000E+00
1.757500E-01    8.559752E+00   -1.256122E+00   -4.169706E+02    0.000000E+00    0.000000E+00    0.000000E+00   -2.519971E+00    5.403747E+00   -1.006536E+00    0.000000E+00    0.000000E+00    0.000000E+00
1.767500E-01    1.245709E+01   -2.756088E+00   -3.740784E+02    0.000000E+00    0.000000E+00    0.000000E+00   -1.007482E+00    7.669409E+00   -9.845456E-01    0.000000E+00    0.000000E+00    0.000000E+00
1.777500E-01   -9.790096E-01    2.082002E+00   -3.615170E+02    0.000000E+00    0.000000E+00    0.000000E+00   -3.323861E+00   -1.026212E+00   -8.922888E-01    0.000000E+00    0.000000E+00    0.000000E+00
1.787500E-01   -1.152548E+01    1.112221E+01   -3.189490E+02    0.000000E+00    0.000000E+00    0.000000E+00   -8.067317E+00   -7.862475E+00   -7.861739E-01    0.000000E+00    0.000000E+00    0.000000E+00
1.797500E-01   -8.229594E+00    1.122226E+01   -3.333154E+02    0.000000E+00    0.000000E+00    0.000000E+00   -8.630887E+00   -5.827215E+00   -5.645498E-01    0.000000E+00    0.000000E+00    0.000000E+00
1.807500E-01   -3.026814E+00    1.426744E+01   -4.160321E+02    0.000000E+00    0.000000E+00    0.000000E+00   -1.144288E+01   -3.235783E+00   -3.077927E-01    0.000000E+00    0.000000E+00    0.000000E+00
1.817500E-01   -1.275114E+00    2.883426E+01   -4.331333E+02    0.000000E+00    0.000000E+00    0.000000E+00   -1.995759E+01   -4.098967E+00   -2.133941E-01    0.000000E+00    0.000000E+00    0.000000E+00
1.827500E-01   -1.243383E+00    3.522014E+01   -4.148548E+02    0.000000E+00    0.000000E+00    0.000000E+00   -2.313929E+01   -5.763911E+00   -2.270985E-01    0.000000E+00    0.000000E+00    0.000000E+00
1.837500E-01    1.764666E+00    2.163205E+01   -3.732194E+02    0.000000E+00    0.000000E+00    0.000000E+00   -1.258350E+01   -4.135875E+00   -1.970594E-01    0.000000E+00    0.000000E+00    0.000000E+00
1.847500E-01    1.323696E+01    9.767584E+00   -3.494996E+02    0.000000E+00    0.000000E+00    0.000000E+00   -3.823470E+00    4.205855E+00   -1.486250E-01    0.000000E+00    0.000000E+00    0.000000E+00
1.857500E-01    8.740733E+00    4.367164E+00   -3.430741E+02    0.000000E+00    0.000000E+00    0.000000E+00    5.313348E-01    7.916161E-01   -1.708049E-01    0.000000E+00    0.000000E+00    0.000000E+00
1.867500E-01   -4.561379E+00    7.651433E+00   -3.001712E+02    0.000000E+00    0.000000E+00    0.000000E+00   -2.088357E+00   -7.450009E+00   -2.171703E-01    0.000000E+00    0.000000E+00    0.000000E+00
1.877500E-01   -9.669550E+00    4.528990E+00   -2.451173E+02    0.000000E+00    0.000000E+00    0.000000E+00   -1.594646E-01   -9.772822E+00   -6.006040E-02    0.000000E+00    0.000000E+00    0.000000E+00
1.887500E-01   -5.176206E+00    5.643903E-01   -2.143020E+02    0.000000E+00    0.000000E+00    0.000000E+00    2.886248E+00   -7.197342E+00    7.278739E-02    0.000000E+00    0.000000E+00    0.000000E+00
1.897500E-01   -2.344552E+00   -7.408222E+00   -2.100599E+02    0.000000E+00    0.000000E+00    0.000000E+00    8.453239E+00   -6.283718E+00    1.622209E-01    0.000000E+00    0.000000E+00    0.000000E+00
1.907500E-01   -3.095350E+00   -1.274969E+01   -2.141684E+02    0.000000E+00    0.000000E+00    0.000000E+00    1.140488E+01   -6.342375E+00    1.658199E-01    0.000000E+00    0.000000E+00    0.000000E+00
1.917500E-01   -1.011247E+01   -1.067847E+01   -2.055995E+02    0.000000E+00    0.000000E+00    0.000000E+00    9.395449E+00   -1.082265E+01    4.513326E-02    0.000000E+00    0.000000E+00    0.000000E+00
1.927500E-01   -1.560861E+01   -9.154738E+00   -2.126102E+02    0.000000E+00    0.000000E+00    0.000000E+00    8.677408E+00   -1.502708E+01   -5.913738E-02    0.000000E+00    0.000000E+00    0.000000E+00
1.937500E-01   -8.296136E+00   -1.003240E+01   -1.898597E+02    0.000000E+00    0.000000E+00    0.000000E+00    8.255924E+00   -8.729791E+00    3.986653E-02    0.000000E+00    0.000000E+00    0.000000E+00
1.947500E-01    2.318423E+00   -2.932724E+00   -1.622375E+02    0.000000E+00    0.000000E+00    0.000000E+00    3.041997E+00   -8.603296E-01    9.405965E-02    0.000000E+00    0.000000E+00    0.000000E+00
1.957500E-01    7.180252E+00    8.882579E-02   -1.693002E+02    0.000000E+00    0.000000E+00    0.000000E+00    1.203727E+00    1.959235E+00    1.312335E-01    0.000000E+00    0.000000E+00    0.000000E+00
1.967500E-01    1.940324E+00   -5.825643E+00   -1.869108E+02    0.000000E+00    0.000000E+00    0.000000E+00    5.363204E+00   -2.269926E+00    1.837968E-01    0.000000E+00    0.000000E+00    0.000000E+00
1.977500E-01   -7.550961E+00   -5.378799E+00   -2.253146E+02    0.000000E+00    0.000000E+00    0.000000E+00    5.221419E+00   -9.762777E+00    4.516626E-02    0.000000E+00    0.000000E+00    0.000000E+00
1.987500E-01   -8.833852E+00   -4.788433E+00   -1.653213E+02    0.000000E+00    0.000000E+00    0.000000E+00    4.576043E+00   -9.328923E+00    1.331353E-02    0.000000E+00    0.000000E+00    0.000000E+00
1.997500E-01   -4.515003E+00   -8.581885E+00   -1.992007E+02    0.000000E+00    0.000000E+00    0.000000E+00    7.773269E+00   -7.051577E+00    1.792481E-01    0.000000E+00    0.000000E+00    0.000000E+00
2.007500E-01   -2.712721E+00   -4.006113E+00   -1.986505E+02    0.000000E+00    0.000000E+00    0.000000E+00    4.442634E+00   -6.027963E+00    1.227989E-01    0.000000E+00    0.000000E+00    0.000000E+00
2.017500E-01   -4.637726E+00   -8.324932E-01   -1.165025E+02    0.000000E+00    0.000000E+00    0.000000E+00    1.476792E+00   -5.797068E+00    2.896435E-02    0.000000E+00    0.000000E+00    0.000000E+00
2.027500E-01   -3.726515E+00   -1.068756E+00   -1.913220E+02    0.000000E+00    0.000000E+00    0.000000E+00    2.464736E+00   -6.926825E+00    5.195264E-02    0.000000E+00    0.000000E+00    0.000000E+00
2.037500E-01    1.934232E-01    4.657181E+00   -2.354448E+02    0.000000E+00    0.000000E+00    0.000000E+00   -7.564244E-01   -5.610657E+00   -4.467903E-02    0.000000E+00    0.000000E+00    0.000000E+00
2.047500E-01    1.956855E+00    3.638571E+00   -2.908946E+02    0.000000E+00    0.000000E+00    0.000000E+00    1.028148E+00   -6.217849E+00   -1.178609E-02    0.000000E+00    0.000000E+00    0.000000E+00
2.057500E-01   -2.143813E-01    4.471435E+00   -2.578843E+02    0.000000E+00    0.000000E+00    0.000000E+00    2.626702E-01   -7.156527E+00   -6.194271E-02    0.000000E+00    0.000000E+00    0.000000E+00
2.067500E-01   -4.674874E+00    9.690138E+00   -1.834803E+02    0.000000E+00    0.000000E+00    0.000000E+00   -3.742918E+00   -8.667134E+00   -2.394959E-01    0.000000E+00    0.000000E+00    0.000000E+00
2.077500E-01   -2.702094E+00    6.901346E+00   -2.286598E+02    0.000000E+00    0.000000E+00    0.000000E+00   -9.050135E-01   -8.804160E+00   -1.257333E-01    0.000000E+00    0.000000E+00    0.000000E+00
2.087500E-01   -4.711508E+00    5.415857E+00   -2.088789E+02    0.000000E+00    0.000000E+00    0.000000E+00    2.230198E-01   -1.006885E+01   -1.022547E-01    0.000000E+00    0.000000E+00    0.000000E+00
2.097500E-01   -8.876496E+00    3.600304E+00   -1.829457E+02    0.000000E+00    0.000000E+00    0.000000E+00    1.478088E+00   -1.247667E+01   -9.638312E-02    0.000000E+00    0.000000E+00    0.000000E+00
2.107500E-01   -5.672370E+00   -4.837449E+00   -2.031810E+02    0.000000E+00    0.000000E+00    0.000000E+00    7.471834E+00   -1.132219E+01    2.119492E-01    0.000000E+00    0.000000E+00    0.000000E+00
2.117500E-01   -2.089401E+00   -5.487929E+00   -2.107721E+02    0.000000E+00    0.000000E+00    0.000000E+00    7.963165E+00   -9.613336E+00    3.150396E-01    0.000000E+00    0.000000E+00    0.000000E+00
2.127500E-01   -4.557788E+00   -5.578443E+00   -1.946273E+02    0.000000E+00    0.000000E+00    0.000000E+00    7.765836E+00   -1.092559E+01    3.267518E-01    0.000000E+00    0.000000E+00    0.000000E+00
2.137500E-01   -8.314370E+00   -1.152209E+01   -1.941956E+02    0.000000E+00    0.000000E+00    0.000000E+00    1.143818E+01   -1.332332E+01    5.038773E-01    0.000000E+00    0.000000E+00    0.000000E+00
2.147500E-01   -1.347872E+01   -1.355464E+01   -2.118471E+02    0.000000E+00    0.000000E+00    0.000000E+00    1.281423E+01   -1.677475E+01    5.144314E-01    0.000000E+00    0.000000E+00    0.000000E+00
2.157500E-01   -1.577495E+01   -1.240682E+01   -2.121781E+02    0.000000E+00    0.000000E+00    0.000000E+00    1.193860E+01   -1.783589E+01    4.787375E-01    0.000000E+00    0.000000E+00    0.000000E+00
2.167500E-01   -1.116174E+01   -9.910472E+00   -2.107741E+02    0.000000E+00    0.000000E+00    0.000000E+00    1.015383E+01   -1.493092E+01    5.325043E-01    0.000000E+00    0.000000E+00    0.000000E+00
2.177500E-01   -1.108436E+01   -1.012170E+01   -2.334715E+02    0.000000E+00    0.000000E+00    0.000000E+00    1.009586E+01   -1.536162E+01    5.187173E-01    0.000000E+00    0.000000E+00    0.000000E+00
2.187500E-01   -1.331321E+01   -1.415236E+01   -2.416633E+02    0.000000E+00    0.000000E+00    0.000000E+00    1.225115E+01   -1.662790E+01    5.344624E-01    0.000000E+00    0.000000E+00    0.000000E+00
2.197500E-01   -1.084617E+01   -1.290202E+01   -2.261365E+02    0.000000E+00    0.000000E+00    0.000000E+00    1.120272E+01   -1.458862E+01    4.483805E-01    0.000000E+00    0.000000E+00    0.000000E+00
2.207500E-01   -7.422128E+00   -6.319731E+00   -2.130448E+02    0.000000E+00    0.000000E+00    0.000000E+00    7.268429E+00   -1.233887E+01    2.697152E-01    0.000000E+00    0.000000E+00    0.000000E+00
2.217500E-01   -1.157563E+01   -6.678314E+00   -2.200759E+02    0.000000E+00    0.000000E+00    0.000000E+00    7.527603E+00   -1.501794E+01    2.451875E-01    0.000000E+00    0.000000E+00    0.000000E+00
2.227500E-01   -1.964741E+01   -9.925373E+00   -2.323135E+02    0.000000E+00    0.000000E+00    0.000000E+00    9.452757E+00   -1.998985E+01    2.351164E-01    0.000000E+00    0.000000E+00    0.000000E+00
2.237500E-01   -1.751743E+01   -7.155054E+00   -2.258204E+02    0.000000E+00    0.000000E+00    0.000000E+00    7.768815E+00   -1.850936E+01    1.508824E-01    0.000000E+00    0.000000E+00    0.000000E+00
2.247500E-01   -1.481414E+01   -5.684793E+00   -2.245694E+02    0.000000E+00    0.000000E+00    0.000000E+00    6.945071E+00   -1.700298E+01    1.294398E-01    0.000000E+00    0.000000E+00    0.000000E+00
2.257500E-01   -1.435989E+01   -4.562213E+00   -2.194916E+02    0.000000E+00    0.000000E+00    0.000000E+00    6.226312E+00   -1.661165E+01    1.152782E-01    0.000000E+00    0.000000E+00    0.000000E+00
2.267500E-01   -1.169337E+01   -2.175342E+00   -2.102036E+02    0.000000E+00    0.000000E+00    0.000000E+00    4.740684E+00   -1.477283E+01    8.655135E-02    0.000000E+00    0.000000E+00    0.000000E+00
2.277500E-01   -1.096796E+01   -3.343816E+00   -2.096193E+02    0.000000E+00    0.000000E+00    0.000000E+00    5.410733E+00   -1.439268E+01    1.144124E-01    0.000000E+00    0.000000E+00    0.000000E+00
2.287500E-01   -5.125103E+00    2.410166E+00   -2.095653E+02    0.000000E+00    0.000000E+00    0.000000E+00    2.231887E+00   -1.117899E+01    9.577893E-03    0.000000E+00    0.000000E+00    0.000000E+00
2.297500E-01   -4.008830E-01    8.785252E+00   -2.063609E+02    0.000000E+00    0.000000E+00    0.000000E+00   -1.310062E+00   -8.487428E+00   -6.362418E-02    0.000000E+00    0.000000E+00    0.000000E+00
2.307500E-01   -1.133946E+00    5.893968E+00   -2.067356E+02    0.000000E+00    0.000000E+00    0.000000E+00    3.489524E-01   -9.001341E+00    1.081665E-01    0.000000E+00    0.000000E+00    0.000000E+00
2.317500E-01   -8.020762E+00   -1.335609E+00   -2.084634E+02    0.000000E+00    0.000000E+00    0.000000E+00    4.492421E+00   -1.304352E+01    2.277860E-01    0.000000E+00    0.000000E+00    0.000000E+00
2.327500E-01   -1.222099E+01   -3.976422E+00   -2.085421E+02    0.000000E+00    0.000000E+00    0.000000E+00    6.088465E+00   -1.555071E+01    1.923957E-01    0.000000E+00    0.000000E+00    0.000000E+00
2.337500E-01   -1.184934E+01   -7.000369E+00   -2.030563E+02    0.000000E+00    0.000000E+00    0.000000E+00    7.722762E+00   -1.530309E+01    3.626711E-01    0.000000E+00    0.000000E+00    0.000000E+00
2.347500E-01   -2.236449E+00   -2.089326E+00   -1.974430E+02    0.000000E+00    0.000000E+00    0.000000E+00    4.795448E+00   -9.719189E+00    4.397724E-01    0.000000E+00    0.000000E+00    0.000000E+00
2.357500E-01    1.370926E-01    2.052121E+00   -2.030923E+02    0.000000E+00    0.000000E+00    0.000000E+00    2.573360E+00   -8.562251E+00    4.208789E-01    0.000000E+00    0.000000E+00    0.000000E+00
2.367500E-01   -1.746659E+00    2.147013E+00   -2.042343E+02    0.000000E+00    0.000000E+00    0.000000E+00    2.806400E+00   -9.928888E+00    4.012247E-01    0.000000E+00    0.000000E+00    0.000000E+00
2.377500E-01   -2.432153E-01    4.657256E-01   -2.016114E+02    0.000000E+00    0.000000E+00    0.000000E+00    4.007909E+00   -9.426766E+00    4.741768E-01    0.000000E+00    0.000000E+00    0.000000E+00
2.387500E-01   -4.960659E+00   -3.622837E+00   -2.007035E+02    0.000000E+00    0.000000E+00    0.000000E+00    6.228896E+00   -1.204418E+01    4.028225E-01    0.000000E+00    0.000000E+00    0.000000E+00
2.397500E-01   -1.477446E+01   -6.147939E+00   -1.955911E+02    0.000000E+00    0.000000E+00    0.000000E+00    7.424017E+00   -1.715833E+01    8.001893E-02    0.000000E+00    0.000000E+00    0.000000E+00
2.407500E-01   -2.208265E+01   -9.838211E+00   -1.902379E+02    0.000000E+00    0.000000E+00    0.000000E+00    9.391307E+00   -2.115004E+01   -5.852438E-02    0.000000E+00    0.000000E+00    0.000000E+00
2.417500E-01   -1.840073E+01   -9.763763E+00   -1.920380E+02    0.000000E+00    0.000000E+00    0.000000E+00    9.535940E+00   -1.951008E+01   -4.849352E-02    0.000000E+00    0.000000E+00    0.000000E+00
2.427500E-01   -1.715910E+01   -7.535843E+00   -1.979302E+02    0.000000E+00    0.000000E+00    0.000000E+00    8.623768E+00   -1.933550E+01   -7.222179E-02    0.000000E+00    0.000000E+00    0.000000E+00
2.437500E-01   -1.960972E+01   -6.184380E+00   -1.994805E+02    0.000000E+00    0.000000E+00    0.000000E+00    8.046789E+00   -2.099517E+01   -4.433572E-02    0.000000E+00    0.000000E+00    0.000000E+00
2.447500E-01   -2.289443E+01   -1.006261E+01   -1.949642E+02    0.000000E+00    0.000000E+00    0.000000E+00    1.009440E+01   -2.275185E+01    1.741636E-01    0.000000E+00    0.000000E+00    0.000000E+00
2.457500E-01   -2.617027E+01   -1.201180E+01   -1.928045E+02    0.000000E+00    0.000000E+00    0.000000E+00    1.109836E+01   -2.451365E+01    1.900244E-01    0.000000E+00    0.000000E+00    0.000000E+00
2.467500E-01   -2.539575E+01   -8.276093E+00   -2.011705E+02    0.000000E+00    0.000000E+00    0.000000E+00    9.270864E+00   -2.458795E+01   -6.873369E-02    0.000000E+00    0.000000E+00    0.000000E+00
2.477500E-01   -2.484103E+01   -9.184569E+00   -1.979085E+02    0.000000E+00    0.000000E+00    0.000000E+00    9.843108E+00   -2.430259E+01   -4.605627E-02    0.000000E+00    0.000000E+00    0.000000E+00
2.487500E-01   -2.621059E+01   -1.063624E+01   -2.127375E+02    0.000000E+00    0.000000E+00    0.000000E+00    1.117553E+01   -2.605874E+01   -2.797714E-02    0.000000E+00    0.000000E+00    0.000000E+00
2.497500E-01   -2.373492E+01   -8.237844E+00   -2.408672E+02    0.000000E+00    0.000000E+00    0.000000E+00    1.075189E+01   -2.641295E+01   -1.048413E-01    0.000000E+00    0.000000E+00    0.000000E+00
2.507500E-01   -1.554217E+01   -5.945462E+00   -2.537611E+02    0.000000E+00    0.000000E+00    0.000000E+00    1.000835E+01   -2.268026E+01   -4.233106E-02    0.000000E+00    0.000000E+00    0.000000E+00
2.517500E-01   -1.201676E+01   -4.086715E+00   -2.573157E+02    0.000000E+00    0.000000E+00    0.000000E+00    9.279557E+00   -2.118276E+01   -1.562969E-01    0.000000E+00    0.000000E+00    0.000000E+00
2.527500E-01   -1.280643E+01   -3.528587E+00   -2.464045E+02    0.000000E+00    0.000000E+00    0.000000E+00    8.989154E+00   -2.152900E+01   -3.112301E-01    0.000000E+00    0.000000E+00    0.000000E+00
2.537500E-01   -1.185586E+01   -5.401576E+00   -2.475880E+02    0.000000E+00    0.000000E+00    0.000000E+00    1.042409E+01   -2.145170E+01   -1.807598E-01    0.000000E+00    0.000000E+00    0.000000E+00
2.547500E-01   -1.864509E+01   -1.096325E+01   -2.372563E+02    0.000000E+00    0.000000E+00    0.000000E+00    1.366113E+01   -2.526096E+01   -6.124442E-02    0.000000E+00    0.000000E+00    0.000000E+00
2.557500E-01   -2.650127E+01   -1.376226E+01   -2.380639E+02    0.000000E+00    0.000000E+00    0.000000E+00    1.554346E+01   -3.028586E+01   -1.969951E-01    0.000000E+00    0.000000E+00    0.000000E+00
2.567500E-01   -2.578116E+01   -8.780093E+00   -2.609045E+02    0.000000E+00    0.000000E+00    0.000000E+00    1.346233E+01   -3.144003E+01   -5.003918E-01    0.000000E+00    0.000000E+00    0.000000E+00
2.577500E-01   -2.456524E+01   -1.236892E+01   -2.530001E+02    0.000000E+00    0.000000E+00    0.000000E+00    1.555403E+01   -3.055378E+01   -2.788475E-01    0.000000E+00    0.000000E+00    0.000000E+00
2.587500E-01   -2.462201E+01   -2.184474E+01   -2.473987E+02    0.000000E+00    0.000000E+00    0.000000E+00    2.117099E+01   -3.051612E+01    1.945810E-01    0.000000E+00    0.000000E+00    0.000000E+00
2.597500E-01   -3.164430E+01   -1.771069E+01   -2.430849E+02    0.000000E+00    0.000000E+00    0.000000E+00    1.857185E+01   -3.471079E+01   -3.599442E-01    0.000000E+00    0.000000E+00    0.000000E+00
2.607500E-01   -3.180852E+01   -1.204706E+01   -2.417428E+02    0.000000E+00    0.000000E+00    0.000000E+00    1.522585E+01   -3.485681E+01   -7.106134E-01    0.000000E+00    0.000000E+00    0.000000E+00
2.617500E-01   -2.349831E+01   -1.641290E+01   -2.467309E+02    0.000000E+00    0.000000E+00    0.000000E+00    1.825284E+01   -3.025780E+01   -1.079185E-01    0.000000E+00    0.000000E+00    0.000000E+00
2.627500E-01   -2.385878E+01   -1.743301E+01   -2.296861E+02    0.000000E+00    0.000000E+00    0.000000E+00    1.833303E+01   -2.953587E+01   -8.991445E-02    0.000000E+00    0.000000E+00    0.000000E+00
2.637500E-01   -2.876529E+01   -1.078641E+01   -2.359737E+02    0.000000E+00    0.000000E+00    0.000000E+00    1.449284E+01   -3.319301E+01   -6.761796E-01    0.000000E+00    0.000000E+00    0.000000E+00
2.647500E-01   -2.112413E+01   -1.057917E+01   -2.447987E+02    0.000000E+00    0.000000E+00    0.000000E+00    1.488435E+01   -2.922139E+01   -3.899073E-01    0.000000E+00    0.000000E+00    0.000000E+00
2.657500E-01   -1.303103E+01   -1.427544E+01   -2.750421E+02    0.000000E+00    0.000000E+00    0.000000E+00    1.822717E+01   -2.609239E+01    1.670362E-01    0.000000E+00    0.000000E+00    0.000000E+00
2.667500E-01   -1.326037E+01   -5.994689E+00   -2.491927E+02    0.000000E+00    0.000000E+00    0.000000E+00    1.209483E+01   -2.470234E+01   -3.576763E-01    0.000000E+00    0.000000E+00    0.000000E+00
2.677500E-01   -1.554673E+01   -5.562052E+00   -2.373935E+02    0.000000E+00    0.000000E+00    0.000000E+00    1.169430E+01   -2.575979E+01   -5.378392E-01    0.000000E+00    0.000000E+00    0.000000E+00
2.687500E-01   -1.737146E+01   -1.485252E+01   -2.567410E+02    0.000000E+00    0.000000E+00    0.000000E+00    1.837465E+01   -2.825399E+01    4.922509E-02    0.000000E+00    0.000000E+00    0.000000E+00
2.697500E-01   -2.089627E+01   -1.168632E+01   -2.384111E+02    0.000000E+00    0.000000E+00    0.000000E+00    1.557663E+01   -2.923389E+01   -2.238974E-01    0.000000E+00    0.000000E+00    0.000000E+00
2.707500E-01   -2.167694E+01   -8.499018E+00   -1.994099E+02    0.000000E+00    0.000000E+00    0.000000E+00    1.240569E+01   -2.749980E+01   -4.788107E-01    0.000000E+00    0.000000E+00    0.000000E+00
2.717500E-01   -1.508169E+01   -1.259616E+01   -2.441451E+02    0.000000E+00    0.000000E+00    0.000000E+00    1.684720E+01   -2.648971E+01    4.703508E-02    0.000000E+00    0.000000E+00    0.000000E+00
2.727500E-01   -8.291569E+00   -5.952404E+00   -2.535592E+02    0.000000E+00    0.000000E+00    0.000000E+00    1.280099E+01   -2.265425E+01   -8.461788E-02    0.000000E+00    0.000000E+00    0.000000E+00
2.737500E-01   -1.116131E+01   -2.288976E-01   -2.100761E+02    0.000000E+00    0.000000E+00    0.000000E+00    7.718828E+00   -2.192121E+01   -5.696587E-01    0.000000E+00    0.000000E+00    0.000000E+00
2.747500E-01   -2.125172E+01   -1.549948E+01   -2.127111E+02    0.000000E+00    0.000000E+00    0.000000E+00    1.818210E+01   -2.930373E+01    7.677478E-02    0.000000E+00    0.000000E+00    0.000000E+00
2.757500E-01   -2.956212E+01   -2.251371E+01   -2.187212E+02    0.000000E+00    0.000000E+00    0.000000E+00    2.319638E+01   -3.550406E+01    2.554429E-01    0.000000E+00    0.000000E+00    0.000000E+00
2.767500E-01   -3.302170E+01   -1.267594E+01   -2.290830E+02    0.000000E+00    0.000000E+00    0.000000E+00    1.708360E+01   -3.849054E+01   -5.312416E-01    0.000000E+00    0.000000E+00    0.000000E+00
2.777500E-01   -3.446711E+01   -1.840498E+01   -2.488346E+02    0.000000E+00    0.000000E+00    0.000000E+00    2.169701E+01   -4.096032E+01   -8.790708E-02    0.000000E+00    0.000000E+00    0.000000E+00
2.787500E-01   -2.224119E+01   -1.730065E+01   -2.494754E+02    0.000000E+00    0.000000E+00    0.000000E+00    2.085908E+01   -3.286217E+01    3.633662E-01    0.000000E+00    0.000000E+00    0.000000E+00
2.797500E-01   -8.747991E+00   -3.526685E+00   -2.301284E+02    0.000000E+00    0.000000E+00    0.000000E+00    1.095122E+01   -2.252352E+01   -9.169668E-02    0.000000E+00    0.000000E+00    0.000000E+00
2.807500E-01   -5.651936E+00    6.768454E-01   -2.139800E+02    0.000000E+00    0.000000E+00    0.000000E+00    7.951564E+00   -1.974216E+01   -2.902832E-01    0.000000E+00    0.000000E+00    0.000000E+00
2.817500E-01   -1.998871E+01   -1.054499E+01   -2.130931E+02    0.000000E+00    0.000000E+00    0.000000E+00    1.587615E+01   -2.986488E+01   -1.040235E-02    0.000000E+00    0.000000E+00    0.000000E+00
2.827500E-01   -3.266684E+01   -2.093055E+01   -2.086244E+02    0.000000E+00    0.000000E+00    0.000000E+00    2.257050E+01   -3.812769E+01    2.896177E-01    0.000000E+00    0.000000E+00    0.000000E+00
2.837500E-01   -1.701016E+01   -1.212886E+01   -2.122959E+02    0.000000E+00    0.000000E+00    0.000000E+00    1.663715E+01   -2.788890E+01    2.808982E-01    0.000000E+00    0.000000E+00    0.000000E+00
2.847500E-01   -1.417818E+01   -7.611642E+00   -2.406554E+02    0.000000E+00    0.000000E+00    0.000000E+00    1.539202E+01   -2.904655E+01    4.624522E-02    0.000000E+00    0.000000E+00    0.000000E+00
2.857500E-01   -3.246666E+01   -1.734600E+01   -2.417944E+02    0.000000E+00    0.000000E+00    0.000000E+00    2.256715E+01   -4.222787E+01    2.681371E-02    0.000000E+00    0.000000E+00    0.000000E+00
2.867500E-01   -3.000425E+01   -1.660103E+01   -2.195213E+02    0.000000E+00    0.000000E+00    0.000000E+00    2.103844E+01   -3.852104E+01    7.828810E-02    0.000000E+00    0.000000E+00    0.000000E+00
2.877500E-01   -1.319961E+01   -2.728885E+00   -2.080390E+02    0.000000E+00    0.000000E+00    0.000000E+00    1.126381E+01   -2.609702E+01   -3.082453E-01    0.000000E+00    0.000000E+00    0.000000E+00
2.887500E-01   -1.594476E+01   -5.483971E+00   -2.375895E+02    0.000000E+00    0.000000E+00    0.000000E+00    1.483324E+01   -3.115815E+01   -1.845455E-01    0.000000E+00    0.000000E+00    0.000000E+00
2.897500E-01   -2.022301E+01   -1.334974E+01   -2.437171E+02    0.000000E+00    0.000000E+00    0.000000E+00    2.039822E+01   -3.495210E+01    2.746460E-01    0.000000E+00    0.000000E+00    0.000000E+00
2.907500E-01   -2.117359E+01   -1.046806E+01   -2.373239E+02    0.000000E+00    0.000000E+00    0.000000E+00    1.813835E+01   -3.479906E+01   -3.181750E-02    0.000000E+00    0.000000E+00    0.000000E+00
2.917500E-01   -2.471989E+01   -1.213517E+01   -2.303407E+02    0.000000E+00    0.000000E+00    0.000000E+00    1.899657E+01   -3.650670E+01   -5.181381E-02    0.000000E+00    0.000000E+00    0.000000E+00
2.927500E-01   -2.132441E+01   -1.555250E+01   -2.209211E+02    0.000000E+00    0.000000E+00    0.000000E+00    2.098421E+01   -3.396725E+01    4.619340E-01    0.000000E+00    0.000000E+00    0.000000E+00
2.937500E-01   -2.524575E+01   -1.358041E+01   -2.371894E+02    0.000000E+00    0.000000E+00    0.000000E+00    2.086227E+01   -3.849148E+01    1.003700E-01    0.000000E+00    0.000000E+00    0.000000E+00
2.947500E-01   -2.126152E+01   -6.959919E+00   -2.063497E+02    0.000000E+00    0.000000E+00    0.000000E+00    1.515279E+01   -3.303747E+01   -3.093383E-01    0.000000E+00    0.000000E+00    0.000000E+00
2.957500E-01   -1.197078E+01   -5.607751E+00   -2.018511E+02    0.000000E+00    0.000000E+00    0.000000E+00    1.417095E+01   -2.686858E+01    6.564660E-02    0.000000E+00    0.000000E+00    0.000000E+00
2.967500E-01   -1.931251E+01   -1.012588E+01   -2.215733E+02    0.000000E+00    0.000000E+00    0.000000E+00    1.836459E+01   -3.397470E+01    1.139918E-01    0.000000E+00    0.000000E+00    0.000000E+00
2.977500E-01   -1.995631E+01   -1.245117E+01   -1.926298E+02    0.000000E+00    0.000000E+00    0.000000E+00    1.832331E+01   -3.174773E+01    3.302462E-01    0.000000E+00    0.000000E+00    0.000000E+00
2.987500E-01   -2.293015E+01   -1.517772E+01   -2.105982E+02    0.000000E+00    0.000000E+00    0.000000E+00    2.120372E+01   -3.574925E+01    4.418031E-01    0.000000E+00    0.000000E+00    0.000000E+00
2.997500E-01   -2.473455E+01   -1.004506E+01   -2.097091E+02    0.000000E+00    0.000000E+00    0.000000E+00    1.816363E+01   -3.706851E+01   -1.886795E-01    0.000000E+00    0.000000E+00    0.000000E+00
3.007500E-01   -2.543564E+01   -1.482474E+01   -2.358454E+02    0.000000E+00    0.000000E+00    0.000000E+00    2.284170E+01   -4.062666E+01    2.509358E-01    0.000000E+00    0.000000E+00    0.000000E+00
3.017500E-01   -3.675373E+01   -2.245022E+01   -2.518741E+02    0.000000E+00    0.000000E+00    0.000000E+00    2.876504E+01   -4.989310E+01    3.224054E-01    0.000000E+00    0.000000E+00    0.000000E+00
3.027500E-01   -3.552654E+01   -1.381472E+01   -2.219947E+02    0.000000E+00    0.000000E+00    0.000000E+00    2.184312E+01   -4.614185E+01   -5.497162E-01    0.000000E+00    0.000000E+00    0.000000E+00
3.037500E-01   -1.592964E+01   -9.106612E+00   -1.917318E+02    0.000000E+00    0.000000E+00    0.000000E+00    1.716875E+01   -3.079220E+01    1.762569E-01    0.000000E+00    0.000000E+00    0.000000E+00
3.047500E-01   -2.046911E+01   -1.314942E+01   -2.115747E+02    0.000000E+00    0.000000E+00    0.000000E+00    2.102093E+01   -3.621860E+01    4.240438E-01    0.000000E+00    0.000000E+00    0.000000E+00
3.057500E-01   -3.875029E+01   -1.787806E+01   -2.398701E+02    0.000000E+00    0.000000E+00    0.000000E+00    2.593769E+01   -5.122377E+01   -2.037227E-01    0.000000E+00    0.000000E+00    0.000000E+00
3.067500E-01   -3.261963E+01   -2.148906E+01   -2.129016E+02    0.000000E+00    0.000000E+00    0.000000E+00    2.645375E+01   -4.453240E+01    4.943227E-01    0.000000E+00    0.000000E+00    0.000000E+00
3.077500E-01   -2.469466E+01   -1.697716E+01   -2.055196E+02    0.000000E+00    0.000000E+00    0.000000E+00    2.328233E+01   -3.886603E+01    5.012296E-01    0.000000E+00    0.000000E+00    0.000000E+00
3.087500E-01   -3.367140E+01   -1.439528E+01   -2.313237E+02    0.000000E+00    0.000000E+00    0.000000E+00    2.378298E+01   -4.792771E+01   -3.868850E-01    0.000000E+00    0.000000E+00    0.000000E+00
3.097500E-01   -3.971026E+01   -2.114595E+01   -2.305583E+02    0.000000E+00    0.000000E+00    0.000000E+00    2.809927E+01   -5.203408E+01   -6.862036E-02    0.000000E+00    0.000000E+00    0.000000E+00
3.107500E-01   -4.053605E+01   -2.334195E+01   -2.216187E+02    0.000000E+00    0.000000E+00    0.000000E+00    2.878169E+01   -5.146250E+01    9.927858E-02    0.000000E+00    0.000000E+00    0.000000E+00
3.117500E-01   -4.234371E+01   -2.016386E+01   -2.283135E+02    0.000000E+00    0.000000E+00    0.000000E+00    2.743095E+01   -5.363792E+01   -3.920363E-01    0.000000E+00    0.000000E+00    0.000000E+00
3.127500E-01   -3.151626E+01   -1.638883E+01   -2.098159E+02    0.000000E+00    0.000000E+00    0.000000E+00    2.403706E+01   -4.512503E+01   -7.421264E-02    0.000000E+00    0.000000E+00    0.000000E+00
3.137500E-01   -3.448688E+01   -2.113296E+01   -2.142346E+02    0.000000E+00    0.000000E+00    0.000000E+00    2.728322E+01   -4.768771E+01    3.637385E-01    0.000000E+00    0.000000E+00    0.000000E+00
3.147500E-01   -3.675023E+01   -2.195240E+01   -2.229412E+02    0.000000E+00    0.000000E+00    0.000000E+00    2.851643E+01   -5.041401E+01    3.258850E-01    0.000000E+00    0.000000E+00    0.000000E+00
3.157500E-01   -3.188487E+01   -1.792173E+01   -2.197233E+02    0.000000E+00    0.000000E+00    0.000000E+00    2.605122E+01   -4.739732E+01    1.575029E-01    0.000000E+00    0.000000E+00    0.000000E+00
3.167500E-01   -2.627299E+01   -1.481331E+01   -2.202653E+02    0.000000E+00    0.000000E+00    0.000000E+00    2.430248E+01   -4.420473E+01    1.215471E-01    0.000000E+00    0.000000E+00    0.000000E+00
3.177500E-01   -2.818283E+01   -1.565635E+01   -2.127480E+02    0.000000E+00    0.000000E+00    0.000000E+00    2.451454E+01   -4.474676E+01    7.540419E-02    0.000000E+00    0.000000E+00    0.000000E+00
3.187500E-01   -3.944789E+01   -1.842466E+01   -2.061189E+02    0.000000E+00    0.000000E+00    0.000000E+00    2.601099E+01   -5.120968E+01   -3.706705E-01    0.000000E+00    0.000000E+00    0.000000E+00
3.197500E-01   -2.581853E+01   -1.355991E+01   -1.815762E+02    0.000000E+00    0.000000E+00    0.000000E+00    2.120368E+01   -3.968156E+01   -1.873154E-02    0.000000E+00    0.000000E+00    0.000000E+00
3.207500E-01   -1.508824E+01   -1.266645E+01   -2.004774E+02    0.000000E+00    0.000000E+00    0.000000E+00    2.211578E+01   -3.603616E+01    6.528216E-01    0.000000E+00    0.000000E+00    0.000000E+00
3.217500E-01   -2.256973E+01   -1.451337E+01   -2.079618E+02    0.000000E+00    0.000000E+00    0.000000E+00    2.415242E+01   -4.218951E+01    3.623439E-01    0.000000E+00    0.000000E+00    0.000000E+00
3.227500E-01   -3.400245E+01   -1.899897E+01   -2.053848E+02    0.000000E+00    0.000000E+00    0.000000E+00    2.685554E+01   -4.902436E+01    1.755273E-01    0.000000E+00    0.000000E+00    0.000000E+00
3.237500E-01   -3.715247E+01   -2.443916E+01   -2.136042E+02    0.000000E+00    0.000000E+00    0.000000E+00    3.083422E+01   -5.226702E+01    6.971676E-01    0.000000E+00    0.000000E+00    0.000000E+00
3.247500E-01   -2.889747E+01   -1.568180E+01   -1.986190E+02    0.000000E+00    0.000000E+00    0.000000E+00    2.468886E+01   -4.559145E+01    4.007573E-02    0.000000E+00    0.000000E+00    0.000000E+00
3.257500E-01   -2.370933E+01   -5.742327E+00   -1.951851E+02    0.000000E+00    0.000000E+00    0.000000E+00    1.881063E+01   -4.256653E+01   -1.003827E+00    0.000000E+00    0.000000E+00    0.000000E+00
3.267500E-01   -2.877693E+01   -1.535307E+01   -2.081553E+02    0.000000E+00    0.000000E+00    0.000000E+00    2.573191E+01   -4.788173E+01   -1.780049E-02    0.000000E+00    0.000000E+00    0.000000E+00
3.277500E-01   -3.513536E+01   -2.313382E+01   -2.206742E+02    0.000000E+00    0.000000E+00    0.000000E+00    3.150473E+01   -5.386910E+01    6.533838E-01    0.000000E+00    0.000000E+00    0.000000E+00
3.287500E-01   -3.331317E+01   -1.918053E+01   -2.210210E+02    0.000000E+00    0.000000E+00    0.000000E+00    2.941029E+01   -5.328951E+01    2.401600E-01    0.000000E+00    0.000000E+00    0.000000E+00
3.297500E-01   -3.124946E+01   -2.099020E+01   -2.050311E+02    0.000000E+00    0.000000E+00    0.000000E+00    2.943406E+01   -5.008678E+01    6.370957E-01    0.000000E+00    0.000000E+00    0.000000E+00
3.307500E-01   -3.263548E+01   -1.804274E+01   -1.995397E+02    0.000000E+00    0.000000E+00    0.000000E+00    2.754636E+01   -5.058632E+01    2.160796E-02    0.000000E+00    0.000000E+00    0.000000E+00
3.317500E-01   -2.739425E+01   -1.043372E+01   -1.844898E+02    0.000000E+00    0.000000E+00    0.000000E+00    2.194647E+01   -4.544669E+01   -7.331803E-01    0.000000E+00    0.000000E+00    0.000000E+00
3.327500E-01   -3.092177E+01   -1.770712E+01   -1.989687E+02    0.000000E+00    0.000000E+00    0.000000E+00    2.776373E+01   -5.034586E+01    9.872948E-02    0.000000E+00    0.000000E+00    0.000000E+00
3.337500E-01   -3.340018E+01   -1.964721E+01   -2.072862E+02    0.000000E+00    0.000000E+00    0.000000E+00    2.986399E+01   -5.368043E+01    1.948848E-01    0.000000E+00    0.000000E+00    0.000000E+00
3.347500E-01   -3.600963E+01   -1.707892E+01   -2.172502E+02    0.000000E+00    0.000000E+00    0.000000E+00    2.950665E+01   -5.735095E+01   -4.744202E-01    0.000000E+00    0.000000E+00    0.000000E+00
3.357500E-01   -4.020734E+01   -2.072799E+01   -2.320959E+02    0.000000E+00    0.000000E+00    0.000000E+00    3.336589E+01   -6.291211E+01   -2.753970E-01    0.000000E+00    0.000000E+00    0.000000E+00
3.367500E-01   -3.029024E+01   -1.961098E+01   -2.256564E+02    0.000000E+00    0.000000E+00    0.000000E+00    3.238562E+01   -5.643125E+01    4.340837E-01    0.000000E+00    0.000000E+00    0.000000E+00
3.377500E-01   -3.626990E+01   -2.159093E+01   -2.201401E+02    0.000000E+00    0.000000E+00    0.000000E+00    3.341129E+01   -5.974814E+01    2.482421E-01    0.000000E+00    0.000000E+00    0.000000E+00
3.387500E-01   -4.259719E+01   -2.230542E+01   -2.333595E+02    0.000000E+00    0.000000E+00    0.000000E+00    3.538590E+01   -6.633957E+01   -1.984527E-01    0.000000E+00    0.000000E+00    0.000000E+00
3.397500E-01   -3.491043E+01   -2.033812E+01   -2.432137E+02    0.000000E+00    0.000000E+00    0.000000E+00    3.552135E+01   -6.402571E+01    1.986130E-01    0.000000E+00    0.000000E+00    0.000000E+00
3.407500E-01   -3.893943E+01   -2.074471E+01   -2.310723E+02    0.000000E+00    0.000000E+00    0.000000E+00    3.502595E+01   -6.507473E+01   -8.056461E-02    0.000000E+00    0.000000E+00    0.000000E+00
3.417500E-01   -3.857716E+01   -1.665853E+01   -2.155624E+02    0.000000E+00    0.000000E+00    0.000000E+00    3.130428E+01   -6.250872E+01   -7.986536E-01    0.000000E+00    0.000000E+00    0.000000E+00
3.427500E-01   -3.945112E+01   -1.867834E+01   -2.003343E+02    0.000000E+00    0.000000E+00    0.000000E+00    3.135547E+01   -6.093996E+01   -5.733983E-01    0.000000E+00    0.000000E+00    0.000000E+00
3.437500E-01   -3.345164E+01   -1.909704E+01   -1.961828E+02    0.000000E+00    0.000000E+00    0.000000E+00    3.145085E+01   -5.702663E+01    1.000925E-01    0.000000E+00    0.000000E+00    0.000000E+00
3.447500E-01   -1.390873E+01   -1.030112E+01   -1.989026E+02    0.000000E+00    0.000000E+00    0.000000E+00    2.661853E+01   -4.596212E+01    5.513272E-01    0.000000E+00    0.000000E+00    0.000000E+00
3.457500E-01   -1.953841E+01   -1.182595E+01   -2.093238E+02    0.000000E+00    0.000000E+00    0.000000E+00    2.914898E+01   -5.236000E+01    3.279592E-01    0.000000E+00    0.000000E+00    0.000000E+00
3.467500E-01   -6.535717E+01   -3.568647E+01   -2.121602E+02    0.000000E+00    0.000000E+00    0.000000E+00    4.466988E+01   -8.225686E+01    4.115327E-02    0.000000E+00    0.000000E+00    0.000000E+00
3.477500E-01   -6.811769E+01   -3.654682E+01   -2.133777E+02    0.000000E+00    0.000000E+00    0.000000E+00    4.547707E+01   -8.441293E+01   -1.378829E-01    0.000000E+00    0.000000E+00    0.000000E+00
3.487500E-01   -3.688996E+01   -1.592985E+01   -2.089889E+02    0.000000E+00    0.000000E+00    0.000000E+00    3.249773E+01   -6.442649E+01   -8.964952E-01    0.000000E+00    0.000000E+00    0.000000E+00
3.497500E-01   -4.244339E+01   -1.997965E+01   -2.088774E+02    0.000000E+00    0.000000E+00    0.000000E+00    3.560121E+01   -6.908647E+01   -6.700262E-01    0.000000E+00    0.000000E+00    0.000000E+00
3.507500E-01   -5.104428E+01   -2.592156E+01   -2.103590E+02    0.000000E+00    0.000000E+00    0.000000E+00    3.973904E+01   -7.536193E+01   -3.589156E-01    0.000000E+00    0.000000E+00    0.000000E+00
3.517500E-01   -3.781152E+01   -1.732590E+01   -2.163694E+02    0.000000E+00    0.000000E+00    0.000000E+00    3.531329E+01   -6.889335E+01   -5.969150E-01    0.000000E+00    0.000000E+00    0.000000E+00
3.527500E-01   -4.250242E+01   -2.461696E+01   -2.178368E+02    0.000000E+00    0.000000E+00    0.000000E+00    4.039536E+01   -7.299838E+01    3.916878E-01    0.000000E+00    0.000000E+00    0.000000E+00
3.537500E-01   -3.393950E+01   -2.241629E+01   -2.211715E+02    0.000000E+00    0.000000E+00    0.000000E+00    3.979867E+01   -6.913541E+01    9.719923E-01    0.000000E+00    0.000000E+00    0.000000E+00
3.547500E-01   -5.672776E+01   -2.865530E+01   -2.255505E+02    0.000000E+00    0.000000E+00    0.000000E+00    4.485910E+01   -8.546511E+01   -4.279252E-01    0.000000E+00    0.000000E+00    0.000000E+00
3.557500E-01   -6.504045E+01   -3.109664E+01   -2.112633E+02    0.000000E+00    0.000000E+00    0.000000E+00    4.496532E+01   -8.795219E+01   -9.695865E-01    0.000000E+00    0.000000E+00    0.000000E+00
3.567500E-01   -4.649884E+01   -2.273820E+01   -2.156024E+02    0.000000E+00    0.000000E+00    0.000000E+00    4.052543E+01   -7.785347E+01   -5.804771E-01    0.000000E+00    0.000000E+00    0.000000E+00
3.577500E-01   -5.299878E+01   -2.697079E+01   -2.202072E+02    0.000000E+00    0.000000E+00    0.000000E+00    4.423711E+01   -8.408438E+01   -3.894909E-01    0.000000E+00    0.000000E+00    0.000000E+00
3.587500E-01   -5.496952E+01   -2.843458E+01   -2.166545E+02    0.000000E+00    0.000000E+00    0.000000E+00    4.497643E+01   -8.510877E+01   -2.644300E-01    0.000000E+00    0.000000E+00    0.000000E+00
3.597500E-01   -4.651859E+01   -2.446915E+01   -2.235808E+02    0.000000E+00    0.000000E+00    0.000000E+00    4.366029E+01   -8.198451E+01   -7.121051E-02    0.000000E+00    0.000000E+00    0.000000E+00
3.607500E-01   -4.960749E+01   -2.945501E+01   -2.299674E+02    0.000000E+00    0.000000E+00    0.000000E+00    4.812510E+01   -8.653433E+01    7.134166E-01    0.000000E+00    0.000000E+00    0.000000E+00
3.617500E-01   -7.582172E+01   -4.266997E+01   -2.333156E+02    0.000000E+00    0.000000E+00    0.000000E+00    5.734990E+01   -1.048830E+02    4.225147E-01    0.000000E+00    0.000000E+00    0.000000E+00
3.627500E-01   -6.124573E+01   -3.313342E+01   -2.214847E+02    0.000000E+00    0.000000E+00    0.000000E+00    4.995144E+01   -9.303338E+01    1.000909E-01    0.000000E+00    0.000000E+00    0.000000E+00
3.637500E-01   -4.229595E+01   -2.427449E+01   -2.167197E+02    0.000000E+00    0.000000E+00    0.000000E+00    4.411273E+01   -8.051489E+01    4.895620E-01    0.000000E+00    0.000000E+00    0.000000E+00
3.647500E-01   -4.799033E+01   -2.411125E+01   -2.162046E+02    0.000000E+00    0.000000E+00    0.000000E+00    4.476339E+01   -8.549829E+01   -3.786209E-01    0.000000E+00    0.000000E+00    0.000000E+00
3.657500E-01   -5.667511E+01   -2.944920E+01   -2.229724E+02    0.000000E+00    0.000000E+00    0.000000E+00    4.952191E+01   -9.371130E+01   -2.144631E-01    0.000000E+00    0.000000E+00    0.000000E+00
3.667500E-01   -5.703362E+01   -3.417246E+01   -2.253056E+02    0.000000E+00    0.000000E+00    0.000000E+00    5.307720E+01   -9.517508E+01    9.741231E-01    0.000000E+00    0.000000E+00    0.000000E+00
3.677500E-01   -5.167882E+01   -2.877256E+01   -2.118206E+02    0.000000E+00    0.000000E+00    0.000000E+00    4.814181E+01   -8.891616E+01    3.610018E-01    0.000000E+00    0.000000E+00    0.000000E+00
3.687500E-01   -5.127533E+01   -2.874330E+01   -2.104532E+02    0.000000E+00    0.000000E+00    0.000000E+00    4.842407E+01   -8.924418E+01    5.003034E-01    0.000000E+00    0.000000E+00    0.000000E+00
3.697500E-01   -6.816189E+01   -3.929384E+01   -2.157090E+02    0.000000E+00    0.000000E+00    0.000000E+00    5.664077E+01   -1.029498E+02    9.026869E-01    0.000000E+00    0.000000E+00    0.000000E+00
3.707500E-01   -6.443882E+01   -3.529519E+01   -2.049450E+02    0.000000E+00    0.000000E+00    0.000000E+00    5.280633E+01   -9.816951E+01    3.656267E-01    0.000000E+00    0.000000E+00    0.000000E+00
3.717500E-01   -6.293997E+01   -3.459674E+01   -2.242197E+02    0.000000E+00    0.000000E+00    0.000000E+00    5.565606E+01   -1.033586E+02    4.252042E-01    0.000000E+00    0.000000E+00    0.000000E+00
3.727500E-01   -8.307858E+01   -4.273055E+01   -2.296731E+02    0.000000E+00    0.000000E+00    0.000000E+00    6.251914E+01   -1.193509E+02   -3.166664E-01    0.000000E+00    0.000000E+00    0.000000E+00
3.737500E-01   -7.619137E+01   -3.751813E+01   -2.144751E+02    0.000000E+00    0.000000E+00    0.000000E+00    5.722844E+01   -1.113362E+02   -7.188941E-01    0.000000E+00    0.000000E+00    0.000000E+00
3.747500E-01   -6.793659E+01   -3.630561E+01   -2.220054E+02    0.000000E+00    0.000000E+00    0.000000E+00    5.778941E+01   -1.087381E+02    2.352526E-01    0.000000E+00    0.000000E+00    0.000000E+00
3.757500E-01   -7.356315E+01   -4.043554E+01   -2.231318E+02    0.000000E+00    0.000000E+00    0.000000E+00    6.110094E+01   -1.137164E+02    6.132048E-01    0.000000E+00    0.000000E+00    0.000000E+00
3.767500E-01   -7.656831E+01   -4.114779E+01   -2.194040E+02    0.000000E+00    0.000000E+00    0.000000E+00    6.146006E+01   -1.154681E+02    3.837326E-01    0.000000E+00    0.000000E+00    0.000000E+00
3.777500E-01   -7.319378E+01   -3.973858E+01   -2.236776E+02    0.000000E+00    0.000000E+00    0.000000E+00    6.162654E+01   -1.152892E+02    5.048430E-01    0.000000E+00    0.000000E+00    0.000000E+00
3.787500E-01   -7.376989E+01   -3.918886E+01   -2.240741E+02    0.000000E+00    0.000000E+00    0.000000E+00    6.185429E+01   -1.167313E+02    2.402382E-01    0.000000E+00    0.000000E+00    0.000000E+00
3.797500E-01   -7.459324E+01   -3.782940E+01   -2.224107E+02    0.000000E+00    0.000000E+00    0.000000E+00    6.128353E+01   -1.178631E+02   -3.164006E-01    0.000000E+00    0.000000E+00    0.000000E+00
3.807500E-01   -7.202821E+01   -3.611459E+01   -2.260711E+02    0.000000E+00    0.000000E+00    0.000000E+00    6.132217E+01   -1.184188E+02   -4.319276E-01    0.000000E+00    0.000000E+00    0.000000E+00
3.817500E-01   -7.305387E+01   -3.675217E+01   -2.221056E+02    0.000000E+00    0.000000E+00    0.000000E+00    6.152110E+01   -1.187370E+02   -4.051179E-01    0.000000E+00    0.000000E+00    0.000000E+00
3.827500E-01   -7.275365E+01   -3.766759E+01   -2.233265E+02    0.000000E+00    0.000000E+00    0.000000E+00    6.278890E+01   -1.199532E+02   -5.456027E-02    0.000000E+00    0.000000E+00    0.000000E+00
3.837500E-01   -7.280255E+01   -3.913809E+01   -2.230205E+02    0.000000E+00    0.000000E+00    0.000000E+00    6.418381E+01   -1.209289E+02    4.125486E-01    0.000000E+00    0.000000E+00    0.000000E+00
3.847500E-01   -7.333271E+01   -4.032983E+01   -2.185791E+02    0.000000E+00    0.000000E+00    0.000000E+00    6.467785E+01   -1.207695E+02    7.096512E-01    0.000000E+00    0.000000E+00    0.000000E+00
3.857500E-01   -7.525314E+01   -4.077164E+01   -2.176117E+02    0.000000E+00    0.000000E+00    0.000000E+00    6.534673E+01   -1.226790E+02    5.070627E-01    0.000000E+00    0.000000E+00    0.000000E+00
3.867500E-01   -8.027668E+01   -4.186404E+01   -2.140591E+02    0.000000E+00    0.000000E+00    0.000000E+00    6.592670E+01   -1.256347E+02   -4.186147E-02    0.000000E+00    0.000000E+00    0.000000E+00
3.877500E-01   -8.677409E+01   -4.478437E+01   -2.096493E+02    0.000000E+00    0.000000E+00    0.000000E+00    6.744450E+01   -1.291330E+02   -2.535197E-01    0.000000E+00    0.000000E+00    0.000000E+00
3.887500E-01   -6.281549E+01   -3.130689E+01   -1.922082E+02    0.000000E+00    0.000000E+00    0.000000E+00    5.585273E+01   -1.080277E+02   -4.700316E-01    0.000000E+00    0.000000E+00    0.000000E+00
3.897500E-01   -5.062449E+01   -2.462007E+01   -2.129944E+02    0.000000E+00    0.000000E+00    0.000000E+00    5.603061E+01   -1.087875E+02   -4.837420E-01    0.000000E+00    0.000000E+00    0.000000E+00
3.907500E-01   -9.057393E+01   -4.727617E+01   -2.328801E+02    0.000000E+00    0.000000E+00    0.000000E+00    7.532802E+01   -1.439584E+02   -2.719601E-02    0.000000E+00    0.000000E+00    0.000000E+00
3.917500E-01   -1.111896E+02   -5.850337E+01   -2.157381E+02    0.000000E+00    0.000000E+00    0.000000E+00    7.978756E+01   -1.521559E+02    7.186204E-03    0.000000E+00    0.000000E+00    0.000000E+00
3.927500E-01   -9.669428E+01   -5.131832E+01   -2.129062E+02    0.000000E+00    0.000000E+00    0.000000E+00    7.487185E+01   -1.420924E+02    1.472694E-01    0.000000E+00    0.000000E+00    0.000000E+00
3.937500E-01   -7.867100E+01   -4.052488E+01   -1.945513E+02    0.000000E+00    0.000000E+00    0.000000E+00    6.470130E+01   -1.240463E+02   -2.810944E-01    0.000000E+00    0.000000E+00    0.000000E+00
3.947500E-01   -5.684123E+01   -2.700141E+01   -1.957493E+02    0.000000E+00    0.000000E+00    0.000000E+00    5.667807E+01   -1.111059E+02   -9.057305E-01    0.000000E+00    0.000000E+00    0.000000E+00
3.957500E-01   -8.470971E+01   -4.424856E+01   -2.255015E+02    0.000000E+00    0.000000E+00    0.000000E+00    7.458996E+01   -1.423706E+02   -2.019328E-02    0.000000E+00    0.000000E+00    0.000000E+00
3.967500E-01   -1.101691E+02   -5.816851E+01   -2.047833E+02    0.000000E+00    0.000000E+00    0.000000E+00    7.982313E+01   -1.518723E+02    9.789966E-02    0.000000E+00    0.000000E+00    0.000000E+00
3.977500E-01   -8.214561E+01   -4.071848E+01   -2.076710E+02    0.000000E+00    0.000000E+00    0.000000E+00    6.930514E+01   -1.349795E+02   -8.992466E-01    0.000000E+00    0.000000E+00    0.000000E+00
3.987500E-01   -6.219825E+01   -3.019259E+01   -2.018829E+02    0.000000E+00    0.000000E+00    0.000000E+00    6.175103E+01   -1.203697E+02   -8.782332E-01    0.000000E+00    0.000000E+00    0.000000E+00
3.997500E-01   -7.435993E+01   -3.661702E+01   -2.092623E+02    0.000000E+00    0.000000E+00    0.000000E+00    6.814358E+01   -1.327291E+02   -8.528823E-01    0.000000E+00    0.000000E+00    0.000000E+00
4.007500E-01   -1.008490E+02   -5.500680E+01   -2.246740E+02    0.000000E+00    0.000000E+00    0.000000E+00    8.396660E+01   -1.578915E+02    9.094137E-01    0.000000E+00    0.000000E+00    0.000000E+00
4.017500E-01   -9.615521E+01   -5.372909E+01   -2.242264E+02    0.000000E+00    0.000000E+00    0.000000E+00    8.342441E+01   -1.554083E+02    1.421743E+00    0.000000E+00    0.000000E+00    0.000000E+00
4.027500E-01   -7.817472E+01   -3.868528E+01   -2.242312E+02    0.000000E+00    0.000000E+00    0.000000E+00    7.405576E+01   -1.441748E+02   -8.572234E-01    0.000000E+00    0.000000E+00    0.000000E+00
4.037500E-01   -8.326710E+01   -3.903730E+01   -2.262955E+02    0.000000E+00    0.000000E+00    0.000000E+00    7.531655E+01   -1.494705E+02   -1.857546E+00    0.000000E+00    0.000000E+00    0.000000E+00
4.047500E-01   -9.039179E+01   -4.322123E+01   -2.184374E+02    0.000000E+00    0.000000E+00    0.000000E+00    7.669925E+01   -1.517868E+02   -1.682209E+00    0.000000E+00    0.000000E+00    0.000000E+00
4.057500E-01   -9.108756E+01   -4.627150E+01   -2.238854E+02    0.000000E+00    0.000000E+00    0.000000E+00    8.025647E+01   -1.554894E+02   -5.439398E-01    0.000000E+00    0.000000E+00    0.000000E+00
4.067500E-01   -9.566767E+01   -5.097544E+01   -2.251355E+02    0.000000E+00    0.000000E+00    0.000000E+00    8.419945E+01   -1.602323E+02    4.240048E-01    0.000000E+00    0.000000E+00    0.000000E+00
4.077500E-01   -1.005968E+02   -5.189594E+01   -2.193920E+02    0.000000E+00    0.000000E+00    0.000000E+00    8.410107E+01   -1.621111E+02   -3.080957E-01    0.000000E+00    0.000000E+00    0.000000E+00
4.087500E-01   -9.858338E+01   -5.145331E+01   -2.201940E+02    0.000000E+00    0.000000E+00    0.000000E+00    8.458740E+01   -1.622405E+02   -5.686105E-02    0.000000E+00    0.000000E+00    0.000000E+00
4.097500E-01   -8.856115E+01   -4.673107E+01   -2.121625E+02    0.000000E+00    0.000000E+00    0.000000E+00    8.014049E+01   -1.530145E+02    2.082305E-01    0.000000E+00    0.000000E+00    0.000000E+00
4.107500E-01   -7.350331E+01   -3.620559E+01   -2.086335E+02    0.000000E+00    0.000000E+00    0.000000E+00    7.277978E+01   -1.422226E+02   -8.494167E-01    0.000000E+00    0.000000E+00    0.000000E+00
4.117500E-01   -8.288822E+01   -4.161715E+01   -2.271104E+02    0.000000E+00    0.000000E+00    0.000000E+00    8.136870E+01   -1.582549E+02   -6.091583E-01    0.000000E+00    0.000000E+00    0.000000E+00
4.127500E-01   -1.164303E+02   -5.929805E+01   -2.157574E+02    0.000000E+00    0.000000E+00    0.000000E+00    9.099969E+01   -1.767739E+02   -6.137374E-01    0.000000E+00    0.000000E+00    0.000000E+00
4.137500E-01   -1.039092E+02   -5.296268E+01   -2.012265E+02    0.000000E+00    0.000000E+00    0.000000E+00    8.343498E+01   -1.620022E+02   -4.918223E-01    0.000000E+00    0.000000E+00    0.000000E+00
4.147500E-01   -7.515144E+01   -4.059911E+01   -2.172799E+02    0.000000E+00    0.000000E+00    0.000000E+00    7.949044E+01   -1.510623E+02    7.932406E-01    0.000000E+00    0.000000E+00    0.000000E+00
4.157500E-01   -1.014007E+02   -5.494029E+01   -2.177425E+02    0.000000E+00    0.000000E+00    0.000000E+00    9.021955E+01   -1.711014E+02    1.073946E+00    0.000000E+00    0.000000E+00    0.000000E+00
4.167500E-01   -1.166144E+02   -6.336873E+01   -2.070479E+02    0.000000E+00    0.000000E+00    0.000000E+00    9.385255E+01   -1.775170E+02    1.282482E+00    0.000000E+00    0.000000E+00    0.000000E+00
4.177500E-01   -1.013661E+02   -5.281391E+01   -2.150369E+02    0.000000E+00    0.000000E+00    0.000000E+00    8.899742E+01   -1.713909E+02    6.894512E-02    0.000000E+00    0.000000E+00    0.000000E+00
4.187500E-01   -1.032441E+02   -5.186340E+01   -2.132610E+02    0.000000E+00    0.000000E+00    0.000000E+00    8.852559E+01   -1.729891E+02   -8.299268E-01    0.000000E+00    0.000000E+00    0.000000E+00
4.197500E-01   -1.034310E+02   -5.463964E+01   -2.040467E+02    0.000000E+00    0.000000E+00    0.000000E+00    8.866808E+01   -1.698969E+02    4.827020E-01    0.000000E+00    0.000000E+00    0.000000E+00
4.207500E-01   -9.786271E+01   -5.109524E+01   -2.067416E+02    0.000000E+00    0.000000E+00    0.000000E+00    8.729245E+01   -1.681721E+02    2.112652E-01    0.000000E+00    0.000000E+00    0.000000E+00
4.217500E-01   -1.028709E+02   -5.320945E+01   -2.048179E+02    0.000000E+00    0.000000E+00    0.000000E+00    8.865638E+01   -1.714329E+02   -1.229674E-02    0.000000E+00    0.000000E+00    0.000000E+00
4.227500E-01   -1.050666E+02   -5.509431E+01   -2.043399E+02    0.000000E+00    0.000000E+00    0.000000E+00    9.034712E+01   -1.736540E+02    3.688368E-01    0.000000E+00    0.000000E+00    0.000000E+00
4.237500E-01   -1.028796E+02   -5.316901E+01   -2.052461E+02    0.000000E+00    0.000000E+00    0.000000E+00    8.971154E+01   -1.734419E+02    1.619869E-02    0.000000E+00    0.000000E+00    0.000000E+00
4.247500E-01   -9.915609E+01   -5.537708E+01   -2.070718E+02    0.000000E+00    0.000000E+00    0.000000E+00    9.209812E+01   -1.726952E+02    2.077188E+00    0.000000E+00    0.000000E+00    0.000000E+00
4.257500E-01   -9.826387E+01   -5.599202E+01   -2.074454E+02    0.000000E+00    0.000000E+00    0.000000E+00    9.306636E+01   -1.731509E+02    2.600042E+00    0.000000E+00    0.000000E+00    0.000000E+00
4.267500E-01   -8.487713E+01   -4.528538E+01   -1.919095E+02    0.000000E+00    0.000000E+00    0.000000E+00    8.181572E+01   -1.561155E+02    7.441484E-01    0.000000E+00    0.000000E+00    0.000000E+00
4.277500E-01   -7.230973E+01   -3.639305E+01   -2.080143E+02    0.000000E+00    0.000000E+00    0.000000E+00    8.040855E+01   -1.564527E+02   -4.082927E-01    0.000000E+00    0.000000E+00    0.000000E+00
4.287500E-01   -8.212468E+01   -3.895112E+01   -2.089628E+02    0.000000E+00    0.000000E+00    0.000000E+00    8.304790E+01   -1.650338E+02   -1.677184E+00    0.000000E+00    0.000000E+00    0.000000E+00
4.297500E-01   -9.926157E+01   -5.149455E+01   -2.097683E+02    0.000000E+00    0.000000E+00    0.000000E+00    9.248152E+01   -1.788264E+02    2.141544E-01    0.000000E+00    0.000000E+00    0.000000E+00
4.307500E-01   -1.099716E+02   -6.161486E+01   -2.121391E+02    0.000000E+00    0.000000E+00    0.000000E+00    1.005960E+02   -1.887291E+02    2.567392E+00    0.000000E+00    0.000000E+00    0.000000E+00
4.317500E-01   -1.135186E+02   -5.734010E+01   -2.064792E+02    0.000000E+00    0.000000E+00    0.000000E+00    9.658911E+01   -1.891132E+02   -6.530355E-01    0.000000E+00    0.000000E+00    0.000000E+00
4.327500E-01   -9.797329E+01   -4.623352E+01   -1.893830E+02    0.000000E+00    0.000000E+00    0.000000E+00    8.456364E+01   -1.696546E+02   -2.274230E+00    0.000000E+00    0.000000E+00    0.000000E+00
4.337500E-01   -8.623159E+01   -4.387158E+01   -2.023491E+02    0.000000E+00    0.000000E+00    0.000000E+00    8.699626E+01   -1.693705E+02   -2.641540E-01    0.000000E+00    0.000000E+00    0.000000E+00
4.347500E-01   -1.135416E+02   -5.930229E+01   -2.056112E+02    0.000000E+00    0.000000E+00    0.000000E+00    9.936557E+01   -1.918453E+02    4.257665E-01    0.000000E+00    0.000000E+00    0.000000E+00
4.357500E-01   -1.289139E+02   -6.669518E+01   -1.944821E+02    0.000000E+00    0.000000E+00    0.000000E+00    1.019074E+02   -1.975655E+02    9.078148E-02    0.000000E+00    0.000000E+00    0.000000E+00
4.367500E-01   -1.149984E+02   -5.751000E+01   -2.014747E+02    0.000000E+00    0.000000E+00    0.000000E+00    9.776773E+01   -1.920699E+02   -1.019905E+00    0.000000E+00    0.000000E+00    0.000000E+00
4.377500E-01   -1.172671E+02   -5.964740E+01   -1.974714E+02    0.000000E+00    0.000000E+00    0.000000E+00    9.865665E+01   -1.925375E+02   -4.739891E-01    0.000000E+00    0.000000E+00    0.000000E+00
4.387500E-01   -1.201168E+02   -6.284191E+01   -1.918781E+02    0.000000E+00    0.000000E+00    0.000000E+00    9.979036E+01   -1.926118E+02    5.251451E-01    0.000000E+00    0.000000E+00    0.000000E+00
4.397500E-01   -1.128251E+02   -5.655343E+01   -1.920220E+02    0.000000E+00    0.000000E+00    0.000000E+00    9.566731E+01   -1.880177E+02   -8.466357E-01    0.000000E+00    0.000000E+00    0.000000E+00
4.407500E-01   -1.048600E+02   -4.964916E+01   -1.927322E+02    0.000000E+00    0.000000E+00    0.000000E+00    9.122922E+01   -1.829766E+02   -2.409183E+00    0.000000E+00    0.000000E+00    0.000000E+00
4.417500E-01   -9.938955E+01   -4.576028E+01   -1.930268E+02    0.000000E+00    0.000000E+00    0.000000E+00    8.884810E+01   -1.798163E+02   -3.018155E+00    0.000000E+00    0.000000E+00    0.000000E+00
4.427500E-01   -8.793805E+01   -4.382118E+01   -1.941757E+02    0.000000E+00    0.000000E+00    0.000000E+00    8.813616E+01   -1.731675E+02   -7.579153E-01    0.000000E+00    0.000000E+00    0.000000E+00
4.437500E-01   -9.563440E+01   -5.285546E+01   -2.086883E+02    0.000000E+00    0.000000E+00    0.000000E+00    9.947759E+01   -1.886009E+02    2.056054E+00    0.000000E+00    0.000000E+00    0.000000E+00
4.447500E-01   -1.272952E+02   -6.617239E+01   -2.047434E+02    0.000000E+00    0.000000E+00    0.000000E+00    1.084902E+02   -2.103687E+02    2.116964E-01    0.000000E+00    0.000000E+00    0.000000E+00
4.457500E-01   -1.001040E+02   -4.684973E+01   -1.861125E+02    0.000000E+00    0.000000E+00    0.000000E+00    8.910830E+01   -1.793626E+02   -2.826645E+00    0.000000E+00    0.000000E+00    0.000000E+00
4.467500E-01   -6.790818E+01   -3.039616E+01   -1.958421E+02    0.000000E+00    0.000000E+00    0.000000E+00    8.048553E+01   -1.621549E+02   -2.690571E+00    0.000000E+00    0.000000E+00    0.000000E+00
4.477500E-01   -7.304462E+01   -3.784589E+01   -1.984764E+02    0.000000E+00    0.000000E+00    0.000000E+00    8.737460E+01   -1.691583E+02    1.125594E-01    0.000000E+00    0.000000E+00    0.000000E+00
4.487500E-01   -9.749793E+01   -5.478530E+01   -2.068457E+02    0.000000E+00    0.000000E+00    0.000000E+00    1.027188E+02   -1.934637E+02    2.643865E+00    0.000000E+00    0.000000E+00    0.000000E+00
4.497500E-01   -1.037046E+02   -5.710101E+01   -2.034439E+02    0.000000E+00    0.000000E+00    0.000000E+00    1.035363E+02   -1.963041E+02    2.148117E+00    0.000000E+00    0.000000E+00    0.000000E+00
4.507500E-01   -9.387060E+01   -5.016490E+01   -2.020622E+02    0.000000E+00    0.000000E+00    0.000000E+00    9.832967E+01   -1.883916E+02    1.037349E+00    0.000000E+00    0.000000E+00    0.000000E+00
4.517500E-01   -1.063740E+02   -5.417646E+01   -2.111672E+02    0.000000E+00    0.000000E+00    0.000000E+00    1.048335E+02   -2.046176E+02   -4.581806E-01    0.000000E+00    0.000000E+00    0.000000E+00
4.527500E-01   -1.219363E+02   -6.088721E+01   -2.008454E+02    0.000000E+00    0.000000E+00    0.000000E+00    1.071171E+02   -2.112474E+02   -1.231515E+00    0.000000E+00    0.000000E+00    0.000000E+00
4.537500E-01   -1.137175E+02   -5.952766E+01   -1.980808E+02    0.000000E+00    0.000000E+00    0.000000E+00    1.054245E+02   -2.038694E+02    5.143372E-01    0.000000E+00    0.000000E+00    0.000000E+00
4.547500E-01   -1.104921E+02   -5.843895E+01   -2.030146E+02    0.000000E+00    0.000000E+00    0.000000E+00    1.064740E+02   -2.049607E+02    8.461467E-01    0.000000E+00    0.000000E+00    0.000000E+00
4.557500E-01   -1.202353E+02   -6.185013E+01   -1.948999E+02    0.000000E+00    0.000000E+00    0.000000E+00    1.068661E+02   -2.080602E+02   -1.261206E-01    0.000000E+00    0.000000E+00    0.000000E+00
4.567500E-01   -1.189734E+02   -6.027463E+01   -1.897266E+02    0.000000E+00    0.000000E+00    0.000000E+00    1.043989E+02   -2.046927E+02   -6.606558E-01    0.000000E+00    0.000000E+00    0.000000E+00
4.577500E-01   -1.141855E+02   -5.676631E+01   -1.902150E+02    0.000000E+00    0.000000E+00    0.000000E+00    1.023014E+02   -2.021303E+02   -1.260474E+00    0.000000E+00    0.000000E+00    0.000000E+00
4.587500E-01   -1.182803E+02   -5.853267E+01   -1.846559E+02    0.000000E+00    0.000000E+00    0.000000E+00    1.022575E+02   -2.025561E+02   -1.444151E+00    0.000000E+00    0.000000E+00    0.000000E+00
4.597500E-01   -1.178541E+02   -5.765225E+01   -1.847416E+02    0.000000E+00    0.000000E+00    0.000000E+00    1.019937E+02   -2.030393E+02   -1.811430E+00    0.000000E+00    0.000000E+00    0.000000E+00
4.607500E-01   -1.151464E+02   -5.568309E+01   -1.886997E+02    0.000000E+00    0.000000E+00    0.000000E+00    1.021032E+02   -2.041637E+02   -2.141208E+00    0.000000E+00    0.000000E+00    0.000000E+00
4.617500E-01   -1.112770E+02   -5.587191E+01   -1.907240E+02    0.000000E+00    0.000000E+00    0.000000E+00    1.032345E+02   -2.033772E+02   -7.626812E-01    0.000000E+00    0.000000E+00    0.000000E+00
4.627500E-01   -1.048230E+02   -5.524174E+01   -1.939113E+02    0.000000E+00    0.000000E+00    0.000000E+00    1.041312E+02   -2.013743E+02    9.396151E-01    0.000000E+00    0.000000E+00    0.000000E+00
4.637500E-01   -1.050138E+02   -5.588473E+01   -1.923761E+02    0.000000E+00    0.000000E+00    0.000000E+00    1.044304E+02   -2.010394E+02    1.301475E+00    0.000000E+00    0.000000E+00    0.000000E+00
4.647500E-01   -1.085304E+02   -5.770129E+01   -1.903101E+02    0.000000E+00    0.000000E+00    0.000000E+00    1.054355E+02   -2.027924E+02    1.350838E+00    0.000000E+00    0.000000E+00    0.000000E+00
4.657500E-01   -1.092978E+02   -5.781879E+01   -1.922375E+02    0.000000E+00    0.000000E+00    0.000000E+00    1.064916E+02   -2.052424E+02    1.240870E+00    0.000000E+00    0.000000E+00    0.000000E+00
4.667500E-01   -1.089782E+02   -5.776495E+01   -1.937810E+02    0.000000E+00    0.000000E+00    0.000000E+00    1.073663E+02   -2.068848E+02    1.340408E+00    0.000000E+00    0.000000E+00    0.000000E+00
4.677500E-01   -1.065304E+02   -5.618339E+01   -1.941853E+02    0.000000E+00    0.000000E+00    0.000000E+00    1.067506E+02   -2.061631E+02    1.128968E+00    0.000000E+00    0.000000E+00    0.000000E+00
4.687500E-01   -1.012992E+02   -5.286525E+01   -1.952808E+02    0.000000E+00    0.000000E+00    0.000000E+00    1.050065E+02   -2.035981E+02    7.298162E-01    0.000000E+00    0.000000E+00    0.000000E+00
4.697500E-01   -9.987681E+01   -5.246890E+01   -1.909180E+02    0.000000E+00    0.000000E+00    0.000000E+00    1.035004E+02   -2.000981E+02    9.827979E-01    0.000000E+00    0.000000E+00    0.000000E+00
4.707500E-01   -1.021310E+02   -5.433476E+01   -1.905652E+02    0.000000E+00    0.000000E+00    0.000000E+00    1.050530E+02   -2.021505E+02    1.449511E+00    0.000000E+00    0.000000E+00    0.000000E+00
4.717500E-01   -1.080528E+02   -5.921169E+01   -1.871457E+02    0.000000E+00    0.000000E+00    0.000000E+00    1.079753E+02   -2.052997E+02    2.581749E+00    0.000000E+00    0.000000E+00    0.000000E+00
4.727500E-01   -1.082795E+02   -6.070514E+01   -1.795872E+02    0.000000E+00    0.000000E+00    0.000000E+00    1.069523E+02   -2.013367E+02    3.419756E+00    0.000000E+00    0.000000E+00    0.000000E+00
4.737500E-01   -1.026618E+02   -5.822626E+01   -1.799748E+02    0.000000E+00    0.000000E+00    0.000000E+00    1.055512E+02   -1.980380E+02    3.701501E+00    0.000000E+00    0.000000E+00    0.000000E+00
4.747500E-01   -1.055891E+02   -6.050627E+01   -1.799257E+02    0.000000E+00    0.000000E+00    0.000000E+00    1.077240E+02   -2.011324E+02    4.254480E+00    0.000000E+00    0.000000E+00    0.000000E+00
4.757500E-01   -1.106279E+02   -5.914783E+01   -1.764068E+02    0.000000E+00    0.000000E+00    0.000000E+00    1.059565E+02   -2.033880E+02    1.654210E+00    0.000000E+00    0.000000E+00    0.000000E+00
4.767500E-01   -1.073551E+02   -5.238614E+01   -1.774624E+02    0.000000E+00    0.000000E+00    0.000000E+00    1.014698E+02   -2.020445E+02   -1.724580E+00    0.000000E+00    0.000000E+00    0.000000E+00
4.777500E-01   -1.163320E+02   -5.599974E+01   -1.734475E+02    0.000000E+00    0.000000E+00    0.000000E+00    1.031081E+02   -2.067163E+02   -2.375004E+00    0.000000E+00    0.000000E+00    0.000000E+00
4.787500E-01   -1.080844E+02   -5.257782E+01   -1.664266E+02    0.000000E+00    0.000000E+00    0.000000E+00    9.795676E+01   -1.953614E+02   -1.776795E+00    0.000000E+00    0.000000E+00    0.000000E+00
4.797500E-01   -8.537869E+01   -4.223577E+01   -1.804340E+02    0.000000E+00    0.000000E+00    0.000000E+00    9.496680E+01   -1.875722E+02   -9.562673E-01    0.000000E+00    0.000000E+00    0.000000E+00
4.807500E-01   -1.050354E+02   -5.708477E+01   -1.870759E+02    0.000000E+00    0.000000E+00    0.000000E+00    1.095484E+02   -2.092752E+02    2.169749E+00    0.000000E+00    0.000000E+00    0.000000E+00
4.817500E-01   -1.243445E+02   -6.717317E+01   -1.734588E+02    0.000000E+00    0.000000E+00    0.000000E+00    1.130561E+02   -2.159678E+02    2.343550E+00    0.000000E+00    0.000000E+00    0.000000E+00
4.827500E-01   -1.190403E+02   -6.124912E+01   -1.711860E+02    0.000000E+00    0.000000E+00    0.000000E+00    1.075530E+02   -2.097596E+02    1.260852E-01    0.000000E+00    0.000000E+00    0.000000E+00
4.837500E-01   -1.165284E+02   -5.843122E+01   -1.707121E+02    0.000000E+00    0.000000E+00    0.000000E+00    1.052192E+02   -2.072145E+02   -9.778352E-01    0.000000E+00    0.000000E+00    0.000000E+00
4.847500E-01   -1.061108E+02   -5.086088E+01   -1.723685E+02    0.000000E+00    0.000000E+00    0.000000E+00    1.001927E+02   -2.006745E+02   -2.507380E+00    0.000000E+00    0.000000E+00    0.000000E+00
4.857500E-01   -1.057261E+02   -5.133801E+01   -1.776779E+02    0.000000E+00    0.000000E+00    0.000000E+00    1.029237E+02   -2.053384E+02   -2.048298E+00    0.000000E+00    0.000000E+00    0.000000E+00
4.867500E-01   -9.671714E+01   -4.503080E+01   -1.722947E+02    0.000000E+00    0.000000E+00    0.000000E+00    9.633858E+01   -1.951107E+02   -3.120701E+00    0.000000E+00    0.000000E+00    0.000000E+00
4.877500E-01   -8.984697E+01   -3.711484E+01   -1.786073E+02    0.000000E+00    0.000000E+00    0.000000E+00    9.238524E+01   -1.934539E+02   -6.169691E+00    0.000000E+00    0.000000E+00    0.000000E+00
4.887500E-01   -8.470039E+01   -3.749569E+01   -1.813128E+02    0.000000E+00    0.000000E+00    0.000000E+00    9.387861E+01   -1.917189E+02   -4.136734E+00    0.000000E+00    0.000000E+00    0.000000E+00
4.897500E-01   -1.028410E+02   -5.443786E+01   -1.781335E+02    0.000000E+00    0.000000E+00    0.000000E+00    1.066923E+02   -2.057738E+02    1.220732E+00    0.000000E+00    0.000000E+00    0.000000E+00
4.907500E-01   -9.849355E+01   -5.507230E+01   -1.759144E+02    0.000000E+00    0.000000E+00    0.000000E+00    1.066671E+02   -2.014815E+02    3.274979E+00    0.000000E+00    0.000000E+00    0.000000E+00
4.917500E-01   -1.112683E+02   -6.322068E+01   -1.918453E+02    0.000000E+00    0.000000E+00    0.000000E+00    1.192503E+02   -2.231816E+02    4.343520E+00    0.000000E+00    0.000000E+00    0.000000E+00
4.927500E-01   -1.230747E+02   -6.581061E+01   -1.823263E+02    0.000000E+00    0.000000E+00    0.000000E+00    1.182446E+02   -2.262480E+02    1.862443E+00    0.000000E+00    0.000000E+00    0.000000E+00
4.937500E-01   -1.030231E+02   -5.142072E+01   -1.770259E+02    0.000000E+00    0.000000E+00    0.000000E+00    1.048820E+02   -2.065715E+02   -9.661997E-01    0.000000E+00    0.000000E+00    0.000000E+00
4.947500E-01   -9.589824E+01   -4.672754E+01   -1.898071E+02    0.000000E+00    0.000000E+00    0.000000E+00    1.060745E+02   -2.107822E+02   -1.633875E+00    0.000000E+00    0.000000E+00    0.000000E+00
4.957500E-01   -1.106373E+02   -5.201176E+01   -1.798882E+02    0.000000E+00    0.000000E+00    0.000000E+00    1.073635E+02   -2.169540E+02   -3.242616E+00    0.000000E+00    0.000000E+00    0.000000E+00
4.967500E-01   -1.183728E+02   -5.902058E+01   -1.819581E+02    0.000000E+00    0.000000E+00    0.000000E+00    1.138890E+02   -2.248240E+02   -1.103773E+00    0.000000E+00    0.000000E+00    0.000000E+00
4.977500E-01   -1.072476E+02   -5.422953E+01   -1.811985E+02    0.000000E+00    0.000000E+00    0.000000E+00    1.096879E+02   -2.150681E+02   -4.510303E-01    0.000000E+00    0.000000E+00    0.000000E+00
4.987500E-01   -9.249737E+01   -4.885299E+01   -1.785269E+02    0.000000E+00    0.000000E+00    0.000000E+00    1.046912E+02   -2.018480E+02    1.126101E+00    0.000000E+00    0.000000E+00    0.000000E+00
4.997500E-01   -6.944778E+01   -4.234656E+01   -1.836128E+02    0.000000E+00    0.000000E+00    0.000000E+00    1.017350E+02   -1.878251E+02    4.938550E+00    0.000000E+00    0.000000E+00    0.000000E+00
5.007500E-01   -9.425162E+01   -5.296002E+01   -1.811285E+02    0.000000E+00    0.000000E+00    0.000000E+00    1.097462E+02   -2.068105E+02    3.263326E+00    0.000000E+00    0.000000E+00    0.000000E+00
5.017500E-01   -1.117059E+02   -5.658249E+01   -1.859090E+02    0.000000E+00    0.000000E+00    0.000000E+00    1.147265E+02   -2.247814E+02   -7.463795E-01    0.000000E+00    0.000000E+00    0.000000E+00
5.027500E-01   -1.000144E+02   -4.522397E+01   -1.952246E+02    0.000000E+00    0.000000E+00    0.000000E+00    1.092650E+02   -2.224682E+02   -4.597705E+00    0.000000E+00    0.000000E+00    0.000000E+00
5.037500E-01   -1.045154E+02   -4.911660E+01   -1.844523E+02    0.000000E+00    0.000000E+00    0.000000E+00    1.088326E+02   -2.194220E+02   -3.407978E+00    0.000000E+00    0.000000E+00    0.000000E+00
5.047500E-01   -9.918374E+01   -5.426505E+01   -1.734150E+02    0.000000E+00    0.000000E+00    0.000000E+00    1.091459E+02   -2.079349E+02    2.429761E+00    0.000000E+00    0.000000E+00    0.000000E+00
5.057500E-01   -1.067374E+02   -5.326859E+01   -1.859063E+02    0.000000E+00    0.000000E+00    0.000000E+00    1.131665E+02   -2.233464E+02   -1.040507E+00    0.000000E+00    0.000000E+00    0.000000E+00
5.067500E-01   -1.252822E+02   -5.762619E+01   -1.880402E+02    0.000000E+00    0.000000E+00    0.000000E+00    1.179019E+02   -2.406067E+02   -4.823460E+00    0.000000E+00    0.000000E+00    0.000000E+00
5.077500E-01   -1.111792E+02   -6.220127E+01   -1.816935E+02    0.000000E+00    0.000000E+00    0.000000E+00    1.195443E+02   -2.253141E+02    3.924776E+00    0.000000E+00    0.000000E+00    0.000000E+00
5.087500E-01   -8.990259E+01   -5.582362E+01   -1.865433E+02    0.000000E+00    0.000000E+00    0.000000E+00    1.161656E+02   -2.114699E+02    7.314979E+00    0.000000E+00    0.000000E+00    0.000000E+00
5.097500E-01   -9.800989E+01   -4.779928E+01   -1.810372E+02    0.000000E+00    0.000000E+00    0.000000E+00    1.078190E+02   -2.142307E+02   -1.879486E+00    0.000000E+00    0.000000E+00    0.000000E+00
5.107500E-01   -1.041386E+02   -4.868281E+01   -1.536004E+02    0.000000E+00    0.000000E+00    0.000000E+00    9.859196E+01   -1.998110E+02   -3.725700E+00    0.000000E+00    0.000000E+00    0.000000E+00
5.117500E-01   -1.002754E+02   -5.699332E+01   -1.686365E+02    0.000000E+00    0.000000E+00    0.000000E+00    1.111325E+02   -2.080320E+02    4.032962E+00    0.000000E+00    0.000000E+00    0.000000E+00
5.127500E-01   -9.889536E+01   -5.724758E+01   -2.054299E+02    0.000000E+00    0.000000E+00    0.000000E+00    1.255841E+02   -2.347585E+02    4.886433E+00    0.000000E+00    0.000000E+00    0.000000E+00
5.137500E-01   -1.055520E+02   -5.293788E+01   -2.000324E+02    0.000000E+00    0.000000E+00    0.000000E+00    1.205401E+02   -2.372903E+02   -8.165702E-01    0.000000E+00    0.000000E+00    0.000000E+00
5.147500E-01   -1.178452E+02   -6.120814E+01   -1.856168E+02    0.000000E+00    0.000000E+00    0.000000E+00    1.220933E+02   -2.371455E+02    7.187163E-01    0.000000E+00    0.000000E+00    0.000000E+00
5.157500E-01   -1.071733E+02   -5.839844E+01   -1.765926E+02    0.000000E+00    0.000000E+00    0.000000E+00    1.164044E+02   -2.216955E+02    2.791584E+00    0.000000E+00    0.000000E+00    0.000000E+00
5.167500E-01   -9.432457E+01   -4.723030E+01   -1.747400E+02    0.000000E+00    0.000000E+00    0.000000E+00    1.068610E+02   -2.104312E+02   -6.583529E-01    0.000000E+00    0.000000E+00    0.000000E+00
5.177500E-01   -9.284554E+01   -5.244237E+01   -1.777092E+02    0.000000E+00    0.000000E+00    0.000000E+00    1.128657E+02   -2.126137E+02    3.855599E+00    0.000000E+00    0.000000E+00    0.000000E+00
5.187500E-01   -1.067903E+02   -5.976099E+01   -1.781414E+02    0.000000E+00    0.000000E+00    0.000000E+00    1.196116E+02   -2.253422E+02    3.921537E+00    0.000000E+00    0.000000E+00    0.000000E+00
5.197500E-01   -1.280891E+02   -5.655113E+01   -1.736663E+02    0.000000E+00    0.000000E+00    0.000000E+00    1.152781E+02   -2.395928E+02   -6.930078E+00    0.000000E+00    0.000000E+00    0.000000E+00
5.207500E-01   -1.159363E+02   -5.457502E+01   -1.799065E+02    0.000000E+00    0.000000E+00    0.000000E+00    1.160822E+02   -2.345423E+02   -3.608063E+00    0.000000E+00    0.000000E+00    0.000000E+00
5.217500E-01   -9.421723E+01   -5.632066E+01   -1.869553E+02    0.000000E+00    0.000000E+00    0.000000E+00    1.207805E+02   -2.230519E+02    6.390266E+00    0.000000E+00    0.000000E+00    0.000000E+00
5.227500E-01   -9.570403E+01   -5.626151E+01   -1.731315E+02    0.000000E+00    0.000000E+00    0.000000E+00    1.156897E+02   -2.143729E+02    5.832472E+00    0.000000E+00    0.000000E+00    0.000000E+00
5.237500E-01   -1.172913E+02   -5.955866E+01   -1.689595E+02    0.000000E+00    0.000000E+00    0.000000E+00    1.169158E+02   -2.292117E+02   -2.108742E-01    0.000000E+00    0.000000E+00    0.000000E+00
5.247500E-01   -1.173835E+02   -5.696137E+01   -1.766686E+02    0.000000E+00    0.000000E+00    0.000000E+00    1.181789E+02   -2.358382E+02   -2.301298E+00    0.000000E+00    0.000000E+00    0.000000E+00
5.257500E-01   -1.141606E+02   -5.786728E+01   -1.902687E+02    0.000000E+00    0.000000E+00    0.000000E+00    1.248120E+02   -2.445485E+02   -3.282960E-01    0.000000E+00    0.000000E+00    0.000000E+00
5.267500E-01   -1.245315E+02   -6.254139E+01   -1.877094E+02    0.000000E+00    0.000000E+00    0.000000E+00    1.280408E+02   -2.518581E+02   -8.765040E-01    0.000000E+00    0.000000E+00    0.000000E+00
5.277500E-01   -1.111944E+02   -5.555822E+01   -1.840502E+02    0.000000E+00    0.000000E+00    0.000000E+00    1.210244E+02   -2.383819E+02   -1.064055E+00    0.000000E+00    0.000000E+00    0.000000E+00
5.287500E-01   -9.522619E+01   -5.714995E+01   -1.810966E+02    0.000000E+00    0.000000E+00    0.000000E+00    1.214574E+02   -2.232670E+02    6.555824E+00    0.000000E+00    0.000000E+00    0.000000E+00
5.297500E-01   -9.862599E+01   -5.478605E+01   -1.695381E+02    0.000000E+00    0.000000E+00    0.000000E+00    1.151095E+02   -2.175408E+02    3.237002E+00    0.000000E+00    0.000000E+00    0.000000E+00
5.307500E-01   -1.049483E+02   -4.875482E+01   -1.715760E+02    0.000000E+00    0.000000E+00    0.000000E+00    1.112279E+02   -2.250439E+02   -4.147484E+00    0.000000E+00    0.000000E+00    0.000000E+00
5.317500E-01   -9.864656E+01   -5.930885E+01   -1.868085E+02    0.000000E+00    0.000000E+00    0.000000E+00    1.266669E+02   -2.325515E+02    6.866541E+00    0.000000E+00    0.000000E+00    0.000000E+00
5.327500E-01   -1.034300E+02   -6.207303E+01   -1.869986E+02    0.000000E+00    0.000000E+00    0.000000E+00    1.294360E+02   -2.373993E+02    7.206081E+00    0.000000E+00    0.000000E+00    0.000000E+00
5.337500E-01   -1.064186E+02   -4.659056E+01   -1.840626E+02    0.000000E+00    0.000000E+00    0.000000E+00    1.154950E+02   -2.379605E+02   -6.431213E+00    0.000000E+00    0.000000E+00    0.000000E+00
5.347500E-01   -1.040256E+02   -5.023973E+01   -1.770967E+02    0.000000E+00    0.000000E+00    0.000000E+00    1.161094E+02   -2.310995E+02   -2.590623E+00    0.000000E+00    0.000000E+00    0.000000E+00
5.357500E-01   -1.221484E+02   -7.087752E+01   -1.613826E+02    0.000000E+00    0.000000E+00    0.000000E+00    1.274201E+02   -2.347260E+02    6.518067E+00    0.000000E+00    0.000000E+00    0.000000E+00
5.367500E-01   -1.079346E+02   -5.757963E+01   -1.564650E+02    0.000000E+00    0.000000E+00    0.000000E+00    1.141617E+02   -2.187374E+02    1.694433E+00    0.000000E+00    0.000000E+00    0.000000E+00
5.377500E-01   -9.868701E+01   -5.123122E+01   -1.786404E+02    0.000000E+00    0.000000E+00    0.000000E+00    1.183425E+02   -2.292405E+02    3.091779E-01    0.000000E+00    0.000000E+00    0.000000E+00
5.387500E-01   -1.311453E+02   -7.342299E+01   -1.740862E+02    0.000000E+00    0.000000E+00    0.000000E+00    1.359446E+02   -2.542828E+02    4.660820E+00    0.000000E+00    0.000000E+00    0.000000E+00
5.397500E-01   -1.139631E+02   -5.930459E+01   -1.582766E+02    0.000000E+00    0.000000E+00    0.000000E+00    1.173894E+02   -2.268604E+02    4.288976E-01    0.000000E+00    0.000000E+00    0.000000E+00
5.407500E-01   -9.435063E+01   -4.642855E+01   -1.794609E+02    0.000000E+00    0.000000E+00    0.000000E+00    1.155018E+02   -2.276729E+02   -1.809966E+00    0.000000E+00    0.000000E+00    0.000000E+00
5.417500E-01   -1.203382E+02   -6.483871E+01   -1.797503E+02    0.000000E+00    0.000000E+00    0.000000E+00    1.319752E+02   -2.512084E+02    2.253490E+00    0.000000E+00    0.000000E+00    0.000000E+00
5.427500E-01   -1.294315E+02   -6.179536E+01   -1.686776E+02    0.000000E+00    0.000000E+00    0.000000E+00    1.249863E+02   -2.504525E+02   -4.092032E+00    0.000000E+00    0.000000E+00    0.000000E+00
5.437500E-01   -1.099908E+02   -4.711871E+01   -1.514763E+02    0.000000E+00    0.000000E+00    0.000000E+00    1.052042E+02   -2.198487E+02   -7.916294E+00    0.000000E+00    0.000000E+00    0.000000E+00
5.447500E-01   -1.003900E+02   -5.311897E+01   -1.617217E+02    0.000000E+00    0.000000E+00    0.000000E+00    1.150099E+02   -2.206147E+02    1.138396E+00    0.000000E+00    0.000000E+00    0.000000E+00
5.457500E-01   -9.790886E+01   -5.400019E+01   -1.634397E+02    0.000000E+00    0.000000E+00    0.000000E+00    1.168218E+02   -2.205438E+02    2.947720E+00    0.000000E+00    0.000000E+00    0.000000E+00
5.467500E-01   -1.116858E+02   -5.642595E+01   -1.689510E+02    0.000000E+00    0.000000E+00    0.000000E+00    1.215797E+02   -2.376436E+02   -9.421566E-01    0.000000E+00    0.000000E+00    0.000000E+00
5.477500E-01   -1.056158E+02   -5.156768E+01   -1.740724E+02    0.000000E+00    0.000000E+00    0.000000E+00    1.199063E+02   -2.371315E+02   -2.409987E+00    0.000000E+00    0.000000E+00    0.000000E+00
5.487500E-01   -1.132176E+02   -5.646876E+01   -1.966020E+02    0.000000E+00    0.000000E+00    0.000000E+00    1.342409E+02   -2.630948E+02   -1.682995E+00    0.000000E+00    0.000000E+00    0.000000E+00
5.497500E-01   -1.068271E+02   -6.010653E+01   -1.825231E+02    0.000000E+00    0.000000E+00    0.000000E+00    1.315982E+02   -2.462398E+02    4.121103E+00    0.000000E+00    0.000000E+00    0.000000E+00
5.507500E-01   -1.060058E+02   -5.776149E+01   -1.703472E+02    0.000000E+00    0.000000E+00    0.000000E+00    1.245846E+02   -2.358489E+02    2.508887E+00    0.000000E+00    0.000000E+00    0.000000E+00
5.517500E-01   -1.108331E+02   -4.785229E+01   -1.687846E+02    0.000000E+00    0.000000E+00    0.000000E+00    1.156329E+02   -2.392558E+02   -7.987551E+00    0.000000E+00    0.000000E+00    0.000000E+00
5.527500E-01   -1.140534E+02   -5.305162E+01   -1.661477E+02    0.000000E+00    0.000000E+00    0.000000E+00    1.192541E+02   -2.402337E+02   -5.063233E+00    0.000000E+00    0.000000E+00    0.000000E+00
5.537500E-01   -1.134825E+02   -7.081085E+01   -1.772018E+02    0.000000E+00    0.000000E+00    0.000000E+00    1.398748E+02   -2.497641E+02    1.021077E+01    0.000000E+00    0.000000E+00    0.000000E+00
5.547500E-01   -1.127186E+02   -6.890598E+01   -1.890477E+02    0.000000E+00    0.000000E+00    0.000000E+00    1.438166E+02   -2.599052E+02    8.920303E+00    0.000000E+00    0.000000E+00    0.000000E+00
5.557500E-01   -1.217428E+02   -6.418570E+01   -1.910026E+02    0.000000E+00    0.000000E+00    0.000000E+00    1.409555E+02   -2.700669E+02    8.562402E-01    0.000000E+00    0.000000E+00    0.000000E+00
5.567500E-01   -1.208555E+02   -6.178861E+01   -1.769405E+02    0.000000E+00    0.000000E+00    0.000000E+00    1.330492E+02   -2.577869E+02   -9.086909E-01    0.000000E+00    0.000000E+00    0.000000E+00
5.577500E-01   -1.222992E+02   -6.429331E+01   -1.663914E+02    0.000000E+00    0.000000E+00    0.000000E+00    1.309603E+02   -2.507070E+02    5.247825E-01    0.000000E+00    0.000000E+00    0.000000E+00
5.587500E-01   -1.145417E+02   -6.773788E+01   -1.670651E+02    0.000000E+00    0.000000E+00    0.000000E+00    1.344300E+02   -2.448460E+02    7.049554E+00    0.000000E+00    0.000000E+00    0.000000E+00
5.597500E-01   -1.094607E+02   -6.036332E+01   -1.730413E+02    0.000000E+00    0.000000E+00    0.000000E+00    1.307552E+02   -2.458160E+02    3.092606E+00    0.000000E+00    0.000000E+00    0.000000E+00
5.607500E-01   -1.203511E+02   -5.914901E+01   -1.677359E+02    0.000000E+00    0.000000E+00    0.000000E+00    1.277655E+02   -2.515986E+02   -2.928114E+00    0.000000E+00    0.000000E+00    0.000000E+00
5.617500E-01   -1.221416E+02   -6.809539E+01   -1.630368E+02    0.000000E+00    0.000000E+00    0.000000E+00    1.339857E+02   -2.497515E+02    3.891875E+00    0.000000E+00    0.000000E+00    0.000000E+00
5.627500E-01   -1.082687E+02   -6.693297E+01   -1.636952E+02    0.000000E+00    0.000000E+00    0.000000E+00    1.333319E+02   -2.382370E+02    9.195468E+00    0.000000E+00    0.000000E+00    0.000000E+00
5.637500E-01   -1.108650E+02   -6.136841E+01   -1.618296E+02    0.000000E+00    0.000000E+00    0.000000E+00    1.278167E+02   -2.393622E+02    3.176970E+00    0.000000E+00    0.000000E+00    0.000000E+00
5.647500E-01   -1.214622E+02   -6.040832E+01   -1.572268E+02    0.000000E+00    0.000000E+00    0.000000E+00    1.253357E+02   -2.454049E+02   -2.581414E+00    0.000000E+00    0.000000E+00    0.000000E+00
5.657500E-01   -1.235268E+02   -7.013666E+01   -1.640021E+02    0.000000E+00    0.000000E+00    0.000000E+00    1.373673E+02   -2.535165E+02    4.896123E+00    0.000000E+00    0.000000E+00    0.000000E+00
5.667500E-01   -1.052713E+02   -6.117352E+01   -1.719429E+02    0.000000E+00    0.000000E+00    0.000000E+00    1.330497E+02   -2.443370E+02    5.446931E+00    0.000000E+00    0.000000E+00    0.000000E+00
5.677500E-01   -1.061392E+02   -4.942013E+01   -1.737723E+02    0.000000E+00    0.000000E+00    0.000000E+00    1.236641E+02   -2.472562E+02   -5.217523E+00    0.000000E+00    0.000000E+00    0.000000E+00
5.687500E-01   -1.208829E+02   -6.460383E+01   -1.754549E+02    0.000000E+00    0.000000E+00    0.000000E+00    1.385423E+02   -2.626095E+02    1.242471E+00    0.000000E+00    0.000000E+00    0.000000E+00
5.697500E-01   -1.212090E+02   -7.083276E+01   -1.696509E+02    0.000000E+00    0.000000E+00    0.000000E+00    1.418307E+02   -2.582183E+02    6.553878E+00    0.000000E+00    0.000000E+00    0.000000E+00
5.707500E-01   -1.120081E+02   -5.033003E+01   -1.729428E+02    0.000000E+00    0.000000E+00    0.000000E+00    1.250747E+02   -2.531421E+02   -7.164435E+00    0.000000E+00    0.000000E+00    0.000000E+00
5.717500E-01   -1.144830E+02   -5.986213E+01   -1.630953E+02    0.000000E+00    0.000000E+00    0.000000E+00    1.294970E+02   -2.472130E+02    1.387699E-02    0.000000E+00    0.000000E+00    0.000000E+00
5.727500E-01   -1.088950E+02   -6.780161E+01   -1.517943E+02    0.000000E+00    0.000000E+00    0.000000E+00    1.318587E+02   -2.327495E+02    9.538054E+00    0.000000E+00    0.000000E+00    0.000000E+00
5.737500E-01   -9.694043E+01   -4.989384E+01   -1.586432E+02    0.000000E+00    0.000000E+00    0.000000E+00    1.191118E+02   -2.285058E+02   -7.413560E-01    0.000000E+00    0.000000E+00    0.000000E+00
5.747500E-01   -1.156057E+02   -6.412616E+01   -1.644021E+02    0.000000E+00    0.000000E+00    0.000000E+00    1.351259E+02   -2.510596E+02    3.079927E+00    0.000000E+00    0.000000E+00    0.000000E+00
5.757500E-01   -1.209431E+02   -7.015944E+01   -1.540550E+02    0.000000E+00    0.000000E+00    0.000000E+00    1.360861E+02   -2.470512E+02    5.846642E+00    0.000000E+00    0.000000E+00    0.000000E+00
5.767500E-01   -1.019653E+02   -4.602160E+01   -1.573959E+02    0.000000E+00    0.000000E+00    0.000000E+00    1.158024E+02   -2.329505E+02   -6.719142E+00    0.000000E+00    0.000000E+00    0.000000E+00
5.777500E-01   -1.136557E+02   -5.956065E+01   -1.654302E+02    0.000000E+00    0.000000E+00    0.000000E+00    1.323873E+02   -2.515276E+02   -2.700552E-01    0.000000E+00    0.000000E+00    0.000000E+00
5.787500E-01   -1.207699E+02   -7.987172E+01   -1.447137E+02    0.000000E+00    0.000000E+00    0.000000E+00    1.415895E+02   -2.400723E+02    1.438894E+01    0.000000E+00    0.000000E+00    0.000000E+00
5.797500E-01   -1.063330E+02   -6.032729E+01   -1.516764E+02    0.000000E+00    0.000000E+00    0.000000E+00    1.269423E+02   -2.328774E+02    3.799136E+00    0.000000E+00    0.000000E+00    0.000000E+00
5.807500E-01   -1.150037E+02   -5.492690E+01   -1.688904E+02    0.000000E+00    0.000000E+00    0.000000E+00    1.304759E+02   -2.568040E+02   -5.225158E+00    0.000000E+00    0.000000E+00    0.000000E+00
5.817500E-01   -1.120315E+02   -7.118496E+01   -1.575167E+02    0.000000E+00    0.000000E+00    0.000000E+00    1.404872E+02   -2.445236E+02    1.062001E+01    0.000000E+00    0.000000E+00    0.000000E+00
5.827500E-01   -1.149360E+02   -7.416090E+01   -1.552546E+02    0.000000E+00    0.000000E+00    0.000000E+00    1.424304E+02   -2.454395E+02    1.186197E+01    0.000000E+00    0.000000E+00    0.000000E+00
5.837500E-01   -1.175820E+02   -5.905647E+01   -1.561316E+02    0.000000E+00    0.000000E+00    0.000000E+00    1.290612E+02   -2.488203E+02   -3.008268E+00    0.000000E+00    0.000000E+00    0.000000E+00
5.847500E-01   -1.138058E+02   -6.554639E+01   -1.606199E+02    0.000000E+00    0.000000E+00    0.000000E+00    1.373970E+02   -2.495760E+02    4.620382E+00    0.000000E+00    0.000000E+00    0.000000E+00
5.857500E-01   -1.191573E+02   -6.868804E+01   -1.619289E+02    0.000000E+00    0.000000E+00    0.000000E+00    1.413096E+02   -2.562981E+02    4.806691E+00    0.000000E+00    0.000000E+00    0.000000E+00
5.867500E-01   -1.183029E+02   -5.933595E+01   -1.626498E+02    0.000000E+00    0.000000E+00    0.000000E+00    1.332393E+02   -2.566094E+02   -3.303994E+00    0.000000E+00    0.000000E+00    0.000000E+00
5.877500E-01   -1.096440E+02   -6.674881E+01   -1.733582E+02    0.000000E+00    0.000000E+00    0.000000E+00    1.454132E+02   -2.584067E+02    7.560021E+00    0.000000E+00    0.000000E+00    0.000000E+00
5.887500E-01   -9.525092E+01   -5.430718E+01   -1.664855E+02    0.000000E+00    0.000000E+00    0.000000E+00    1.308645E+02   -2.391322E+02    3.252074E+00    0.000000E+00    0.000000E+00    0.000000E+00
5.897500E-01   -1.053220E+02   -4.916598E+01   -1.580638E+02    0.000000E+00    0.000000E+00    0.000000E+00    1.224965E+02   -2.414353E+02   -6.413294E+00    0.000000E+00    0.000000E+00    0.000000E+00
5.907500E-01   -1.158415E+02   -6.971503E+01   -1.468651E+02    0.000000E+00    0.000000E+00    0.000000E+00    1.365720E+02   -2.415180E+02    6.970621E+00    0.000000E+00    0.000000E+00    0.000000E+00
5.917500E-01   -1.021060E+02   -6.109561E+01   -1.497944E+02    0.000000E+00    0.000000E+00    0.000000E+00    1.300836E+02   -2.315092E+02    5.837740E+00    0.000000E+00    0.000000E+00    0.000000E+00
5.927500E-01   -1.098267E+02   -5.517318E+01   -1.616309E+02    0.000000E+00    0.000000E+00    0.000000E+00    1.306495E+02   -2.498836E+02   -3.390162E+00    0.000000E+00    0.000000E+00    0.000000E+00
5.937500E-01   -1.264030E+02   -7.402170E+01   -1.524192E+02    0.000000E+00    0.000000E+00    0.000000E+00    1.442354E+02   -2.574850E+02    5.530296E+00    0.000000E+00    0.000000E+00    0.000000E+00
5.947500E-01   -1.255059E+02   -7.330952E+01   -1.536981E+02    0.000000E+00    0.000000E+00    0.000000E+00    1.444074E+02   -2.580486E+02    5.303420E+00    0.000000E+00    0.000000E+00    0.000000E+00
5.957500E-01   -1.120090E+02   -5.616595E+01   -1.609122E+02    0.000000E+00    0.000000E+00    0.000000E+00    1.319753E+02   -2.521605E+02   -3.694801E+00    0.000000E+00    0.000000E+00    0.000000E+00
5.967500E-01   -1.044647E+02   -5.900420E+01   -1.620116E+02    0.000000E+00    0.000000E+00    0.000000E+00    1.354994E+02   -2.465090E+02    2.563108E+00    0.000000E+00    0.000000E+00    0.000000E+00
5.977500E-01   -1.070970E+02   -7.013689E+01   -1.507367E+02    0.000000E+00    0.000000E+00    0.000000E+00    1.408927E+02   -2.391940E+02    1.134722E+01    0.000000E+00    0.000000E+00    0.000000E+00
5.987500E-01   -1.136620E+02   -6.486781E+01   -1.446270E+02    0.000000E+00    0.000000E+00    0.000000E+00    1.330271E+02   -2.398210E+02    3.249863E+00    0.000000E+00    0.000000E+00    0.000000E+00
5.997500E-01   -1.089834E+02   -5.512158E+01   -1.520584E+02    0.000000E+00    0.000000E+00    0.000000E+00    1.275943E+02   -2.422358E+02   -3.371254E+00    0.000000E+00    0.000000E+00    0.000000E+00
6.007500E-01   -1.108770E+02   -6.416398E+01   -1.569077E+02    0.000000E+00    0.000000E+00    0.000000E+00    1.390309E+02   -2.490070E+02    3.818484E+00    0.000000E+00    0.000000E+00    0.000000E+00
6.017500E-01   -1.112489E+02   -6.544496E+01   -1.434729E+02    0.000000E+00    0.000000E+00    0.000000E+00    1.338786E+02   -2.375104E+02    4.674675E+00    0.000000E+00    0.000000E+00    0.000000E+00
6.027500E-01   -1.112647E+02   -6.293720E+01   -1.485935E+02    0.000000E+00    0.000000E+00    0.000000E+00    1.341497E+02   -2.424027E+02    2.299127E+00    0.000000E+00    0.000000E+00    0.000000E+00
6.037500E-01   -1.085381E+02   -6.401556E+01   -1.584085E+02    0.000000E+00    0.000000E+00    0.000000E+00    1.402785E+02   -2.490017E+02    4.589252E+00    0.000000E+00    0.000000E+00    0.000000E+00
6.047500E-01   -1.126550E+02   -6.833545E+01   -1.533403E+02    0.000000E+00    0.000000E+00    0.000000E+00    1.422407E+02   -2.486181E+02    6.381879E+00    0.000000E+00    0.000000E+00    0.000000E+00
6.057500E-01   -1.229596E+02   -8.088248E+01   -1.451556E+02    0.000000E+00    0.000000E+00    0.000000E+00    1.502669E+02   -2.510879E+02    1.264009E+01    0.000000E+00    0.000000E+00    0.000000E+00
6.067500E-01   -1.124997E+02   -7.603840E+01   -1.355927E+02    0.000000E+00    0.000000E+00    0.000000E+00    1.407569E+02   -2.321675E+02    1.345978E+01    0.000000E+00    0.000000E+00    0.000000E+00
6.077500E-01   -1.084713E+02   -5.746182E+01   -1.615649E+02    0.000000E+00    0.000000E+00    0.000000E+00    1.363168E+02   -2.524459E+02   -1.691982E+00    0.000000E+00    0.000000E+00    0.000000E+00
6.087500E-01   -1.118338E+02   -6.496181E+01   -1.497916E+02    0.000000E+00    0.000000E+00    0.000000E+00    1.380877E+02   -2.453159E+02    3.327156E+00    0.000000E+00    0.000000E+00    0.000000E+00
6.097500E-01   -1.251457E+02   -8.612812E+01   -1.362013E+02    0.000000E+00    0.000000E+00    0.000000E+00    1.515543E+02   -2.455020E+02    1.607565E+01    0.000000E+00    0.000000E+00    0.000000E+00
6.107500E-01   -1.145879E+02   -6.586749E+01   -1.483058E+02    0.000000E+00    0.000000E+00    0.000000E+00    1.381318E+02   -2.464434E+02    2.827572E+00    0.000000E+00    0.000000E+00    0.000000E+00
6.117500E-01   -1.078924E+02   -6.126732E+01   -1.563578E+02    0.000000E+00    0.000000E+00    0.000000E+00    1.382094E+02   -2.479179E+02    1.877707E+00    0.000000E+00    0.000000E+00    0.000000E+00
6.127500E-01   -1.162951E+02   -8.143069E+01   -1.502352E+02    0.000000E+00    0.000000E+00    0.000000E+00    1.548813E+02   -2.507318E+02    1.606268E+01    0.000000E+00    0.000000E+00    0.000000E+00
6.137500E-01   -1.091276E+02   -6.878875E+01   -1.451886E+02    0.000000E+00    0.000000E+00    0.000000E+00    1.401394E+02   -2.391180E+02    8.047858E+00    0.000000E+00    0.000000E+00    0.000000E+00
6.147500E-01   -1.076528E+02   -5.937707E+01   -1.481153E+02    0.000000E+00    0.000000E+00    0.000000E+00    1.326891E+02   -2.404305E+02    4.632085E-02    0.000000E+00    0.000000E+00    0.000000E+00
6.157500E-01   -1.043301E+02   -6.620857E+01   -1.276963E+02    0.000000E+00    0.000000E+00    0.000000E+00    1.291616E+02   -2.185210E+02    7.938723E+00    0.000000E+00    0.000000E+00    0.000000E+00
6.167500E-01   -1.025757E+02   -6.171216E+01   -1.341854E+02    0.000000E+00    0.000000E+00    0.000000E+00    1.283851E+02   -2.230597E+02    4.578160E+00    0.000000E+00    0.000000E+00    0.000000E+00
6.177500E-01   -9.440360E+01   -4.619160E+01   -1.380736E+02    0.000000E+00    0.000000E+00    0.000000E+00    1.155477E+02   -2.190011E+02   -5.657112E+00    0.000000E+00    0.000000E+00    0.000000E+00
6.187500E-01   -9.942989E+01   -5.571876E+01   -1.357321E+02    0.000000E+00    0.000000E+00    0.000000E+00    1.236753E+02   -2.217517E+02    5.207333E-01    0.000000E+00    0.000000E+00    0.000000E+00
6.197500E-01   -1.082428E+02   -6.996195E+01   -1.438441E+02    0.000000E+00    0.000000E+00    0.000000E+00    1.418227E+02   -2.379327E+02    9.115123E+00    0.000000E+00    0.000000E+00    0.000000E+00
6.207500E-01   -1.123872E+02   -6.826936E+01   -1.535625E+02    0.000000E+00    0.000000E+00    0.000000E+00    1.455074E+02   -2.512170E+02    5.322322E+00    0.000000E+00    0.000000E+00    0.000000E+00
6.217500E-01   -1.144356E+02   -5.939048E+01   -1.631819E+02    0.000000E+00    0.000000E+00    0.000000E+00    1.421521E+02   -2.622971E+02   -4.089741E+00    0.000000E+00    0.000000E+00    0.000000E+00
6.227500E-01   -1.121741E+02   -6.967290E+01   -1.452849E+02    0.000000E+00    0.000000E+00    0.000000E+00    1.430898E+02   -2.435353E+02    6.487085E+00    0.000000E+00    0.000000E+00    0.000000E+00
6.237500E-01   -1.026486E+02   -6.346438E+01   -1.317256E+02    0.000000E+00    0.000000E+00    0.000000E+00    1.300685E+02   -2.216951E+02    5.663711E+00    0.000000E+00    0.000000E+00    0.000000E+00
6.247500E-01   -1.001978E+02   -5.273507E+01   -1.412481E+02    0.000000E+00    0.000000E+00    0.000000E+00    1.248573E+02   -2.283560E+02   -3.108655E+00    0.000000E+00    0.000000E+00    0.000000E+00
6.257500E-01   -1.064710E+02   -6.266864E+01   -1.455225E+02    0.000000E+00    0.000000E+00    0.000000E+00    1.370778E+02   -2.386038E+02    2.703786E+00    0.000000E+00    0.000000E+00    0.000000E+00
6.267500E-01   -1.111880E+02   -7.300745E+01   -1.446016E+02    0.000000E+00    0.000000E+00    0.000000E+00    1.468159E+02   -2.424069E+02    9.756270E+00    0.000000E+00    0.000000E+00    0.000000E+00
6.277500E-01   -1.096876E+02   -7.772465E+01   -1.395853E+02    0.000000E+00    0.000000E+00    0.000000E+00    1.489326E+02   -2.364113E+02    1.478995E+01    0.000000E+00    0.000000E+00    0.000000E+00
6.287500E-01   -1.064729E+02   -7.596438E+01   -1.312438E+02    0.000000E+00    0.000000E+00    0.000000E+00    1.428835E+02   -2.254878E+02    1.476151E+01    0.000000E+00    0.000000E+00    0.000000E+00
6.297500E-01   -1.062819E+02   -7.188989E+01   -1.370939E+02    0.000000E+00    0.000000E+00    0.000000E+00    1.421020E+02   -2.307833E+02    1.098577E+01    0.000000E+00    0.000000E+00    0.000000E+00
6.307500E-01   -9.198623E+01   -5.384322E+01   -1.344483E+02    0.000000E+00    0.000000E+00    0.000000E+00    1.233356E+02   -2.146406E+02    1.674127E+00    0.000000E+00    0.000000E+00    0.000000E+00
6.317500E-01   -9.975530E+01   -5.851904E+01   -1.402555E+02    0.000000E+00    0.000000E+00    0.000000E+00    1.311462E+02   -2.276367E+02    1.826339E+00    0.000000E+00    0.000000E+00    0.000000E+00
6.327500E-01   -1.139917E+02   -7.431739E+01   -1.453621E+02    0.000000E+00    0.000000E+00    0.000000E+00    1.493945E+02   -2.461877E+02    8.850107E+00    0.000000E+00    0.000000E+00    0.000000E+00
6.337500E-01   -1.114141E+02   -7.772969E+01   -1.375095E+02    0.000000E+00    0.000000E+00    0.000000E+00    1.487030E+02   -2.363959E+02    1.332703E+01    0.000000E+00    0.000000E+00    0.000000E+00
6.347500E-01   -1.017396E+02   -6.192228E+01   -1.412190E+02    0.000000E+00    0.000000E+00    0.000000E+00    1.353163E+02   -2.305354E+02    3.778825E+00    0.000000E+00    0.000000E+00    0.000000E+00
6.357500E-01   -1.016263E+02   -6.315365E+01   -1.431712E+02    0.000000E+00    0.000000E+00    0.000000E+00    1.378344E+02   -2.323577E+02    4.830049E+00    0.000000E+00    0.000000E+00    0.000000E+00
6.367500E-01   -1.037086E+02   -7.684672E+01   -1.296235E+02    0.000000E+00    0.000000E+00    0.000000E+00    1.442190E+02   -2.217978E+02    1.630817E+01    0.000000E+00    0.000000E+00    0.000000E+00
6.377500E-01   -1.021148E+02   -7.500308E+01   -1.295848E+02    0.000000E+00    0.000000E+00    0.000000E+00    1.423873E+02   -2.201715E+02    1.545864E+01    0.000000E+00    0.000000E+00    0.000000E+00
6.387500E-01   -1.023884E+02   -5.863666E+01   -1.466725E+02    0.000000E+00    0.000000E+00    0.000000E+00    1.355392E+02   -2.364036E+02    8.573958E-02    0.000000E+00    0.000000E+00    0.000000E+00
6.397500E-01   -1.009669E+02   -5.415514E+01   -1.442648E+02    0.000000E+00    0.000000E+00    0.000000E+00    1.301391E+02   -2.328974E+02   -3.470238E+00    0.000000E+00    0.000000E+00    0.000000E+00
6.407500E-01   -9.981362E+01   -5.820063E+01   -1.372284E+02    0.000000E+00    0.000000E+00    0.000000E+00    1.305341E+02   -2.252669E+02    7.567458E-01    0.000000E+00    0.000000E+00    0.000000E+00
6.417500E-01   -9.887640E+01   -5.023817E+01   -1.353302E+02    0.000000E+00    0.000000E+00    0.000000E+00    1.217359E+02   -2.225554E+02   -6.208687E+00    0.000000E+00    0.000000E+00    0.000000E+00
6.427500E-01   -1.005092E+02   -5.308611E+01   -1.273150E+02    0.000000E+00    0.000000E+00    0.000000E+00    1.203630E+02   -2.166602E+02   -4.542719E+00    0.000000E+00    0.000000E+00    0.000000E+00
6.437500E-01   -1.013481E+02   -6.614099E+01   -1.332028E+02    0.000000E+00    0.000000E+00    0.000000E+00    1.366386E+02   -2.230717E+02    7.008381E+00    0.000000E+00    0.000000E+00    0.000000E+00
6.447500E-01   -9.921168E+01   -6.310219E+01   -1.462320E+02    0.000000E+00    0.000000E+00    0.000000E+00    1.408800E+02   -2.332574E+02    5.279431E+00    0.000000E+00    0.000000E+00    0.000000E+00
6.457500E-01   -9.988759E+01   -5.501171E+01   -1.411341E+02    0.000000E+00    0.000000E+00    0.000000E+00    1.302646E+02   -2.291828E+02   -2.660999E+00    0.000000E+00    0.000000E+00    0.000000E+00
6.467500E-01   -1.043231E+02   -6.487236E+01   -1.306473E+02    0.000000E+00    0.000000E+00    0.000000E+00    1.344535E+02   -2.237036E+02    3.903521E+00    0.000000E+00    0.000000E+00    0.000000E+00
6.477500E-01   -9.609668E+01   -6.526192E+01   -1.306282E+02    0.000000E+00    0.000000E+00    0.000000E+00    1.350636E+02   -2.156800E+02    8.594921E+00    0.000000E+00    0.000000E+00    0.000000E+00
6.487500E-01   -9.419326E+01   -6.081912E+01   -1.360748E+02    0.000000E+00    0.000000E+00    0.000000E+00    1.337472E+02   -2.189099E+02    5.462550E+00    0.000000E+00    0.000000E+00    0.000000E+00
6.497500E-01   -1.096165E+02   -6.645639E+01   -1.408916E+02    0.000000E+00    0.000000E+00    0.000000E+00    1.420216E+02   -2.385162E+02    2.222790E+00    0.000000E+00    0.000000E+00    0.000000E+00
6.507500E-01   -1.125069E+02   -6.836355E+01   -1.460709E+02    0.000000E+00    0.000000E+00    0.000000E+00    1.469226E+02   -2.461766E+02    2.261239E+00    0.000000E+00    0.000000E+00    0.000000E+00
6.517500E-01   -1.041009E+02   -6.366607E+01   -1.415988E+02    0.000000E+00    0.000000E+00    0.000000E+00    1.400000E+02   -2.337580E+02    2.363871E+00    0.000000E+00    0.000000E+00    0.000000E+00
6.527500E-01   -9.571191E+01   -6.163249E+01   -1.310022E+02    0.000000E+00    0.000000E+00    0.000000E+00    1.323547E+02   -2.156798E+02    4.971781E+00    0.000000E+00    0.000000E+00    0.000000E+00
6.537500E-01   -9.382110E+01   -6.644240E+01   -1.362985E+02    0.000000E+00    0.000000E+00    0.000000E+00    1.400844E+02   -2.186758E+02    1.042521E+01    0.000000E+00    0.000000E+00    0.000000E+00
6.547500E-01   -9.313910E+01   -6.495685E+01   -1.332467E+02    0.000000E+00    0.000000E+00    0.000000E+00    1.369887E+02   -2.151291E+02    9.437924E+00    0.000000E+00    0.000000E+00    0.000000E+00
6.557500E-01   -1.096622E+02   -6.094625E+01   -1.430988E+02    0.000000E+00    0.000000E+00    0.000000E+00    1.385436E+02   -2.405203E+02   -3.504675E+00    0.000000E+00    0.000000E+00    0.000000E+00
6.567500E-01   -1.083646E+02   -6.572398E+01   -1.446963E+02    0.000000E+00    0.000000E+00    0.000000E+00    1.444436E+02   -2.406515E+02    1.307102E+00    0.000000E+00    0.000000E+00    0.000000E+00
6.577500E-01   -9.066893E+01   -6.457675E+01   -1.308466E+02    0.000000E+00    0.000000E+00    0.000000E+00    1.358397E+02   -2.103545E+02    9.892509E+00    0.000000E+00    0.000000E+00    0.000000E+00
6.587500E-01   -9.821847E+01   -6.599270E+01   -1.391208E+02    0.000000E+00    0.000000E+00    0.000000E+00    1.417770E+02   -2.254657E+02    7.117521E+00    0.000000E+00    0.000000E+00    0.000000E+00
6.597500E-01   -1.119432E+02   -7.476995E+01   -1.505414E+02    0.000000E+00    0.000000E+00    0.000000E+00    1.568176E+02   -2.495034E+02    7.610785E+00    0.000000E+00    0.000000E+00    0.000000E+00
6.607500E-01   -1.084421E+02   -6.834680E+01   -1.447022E+02    0.000000E+00    0.000000E+00    0.000000E+00    1.473953E+02   -2.405777E+02    3.486418E+00    0.000000E+00    0.000000E+00    0.000000E+00
6.617500E-01   -1.048966E+02   -6.013220E+01   -1.430864E+02    0.000000E+00    0.000000E+00    0.000000E+00    1.385536E+02   -2.356534E+02   -2.313452E+00    0.000000E+00    0.000000E+00    0.000000E+00
6.627500E-01   -9.819729E+01   -7.081958E+01   -1.388896E+02    0.000000E+00    0.000000E+00    0.000000E+00    1.469601E+02   -2.251729E+02    1.112181E+01    0.000000E+00    0.000000E+00    0.000000E+00
6.637500E-01   -9.374769E+01   -6.661086E+01   -1.347099E+02    0.000000E+00    0.000000E+00    0.000000E+00    1.405729E+02   -2.168283E+02    9.644549E+00    0.000000E+00    0.000000E+00    0.000000E+00
6.647500E-01   -1.034019E+02   -5.323297E+01   -1.377932E+02    0.000000E+00    0.000000E+00    0.000000E+00    1.292654E+02   -2.291308E+02   -8.236089E+00    0.000000E+00    0.000000E+00    0.000000E+00
6.657500E-01   -1.137123E+02   -6.135882E+01   -1.407573E+02    0.000000E+00    0.000000E+00    0.000000E+00    1.391136E+02   -2.419487E+02   -6.621853E+00    0.000000E+00    0.000000E+00    0.000000E+00
6.667500E-01   -1.124145E+02   -7.341347E+01   -1.431808E+02    0.000000E+00    0.000000E+00    0.000000E+00    1.524438E+02   -2.428354E+02    5.127194E+00    0.000000E+00    0.000000E+00    0.000000E+00
6.677500E-01   -9.612063E+01   -6.977022E+01   -1.337773E+02    0.000000E+00    0.000000E+00    0.000000E+00    1.438069E+02   -2.181645E+02    1.069882E+01    0.000000E+00    0.000000E+00    0.000000E+00
6.687500E-01   -8.758639E+01   -5.688399E+01   -1.202452E+02    0.000000E+00    0.000000E+00    0.000000E+00    1.236858E+02   -1.972866E+02    3.468729E+00    0.000000E+00    0.000000E+00    0.000000E+00
6.697500E-01   -9.058157E+01   -4.900654E+01   -1.200104E+02    0.000000E+00    0.000000E+00    0.000000E+00    1.158913E+02   -1.999065E+02   -5.586878E+00    0.000000E+00    0.000000E+00    0.000000E+00
6.707500E-01   -9.073182E+01   -6.029416E+01   -1.223675E+02    0.000000E+00    0.000000E+00    0.000000E+00    1.285624E+02   -2.021750E+02    4.587132E+00    0.000000E+00    0.000000E+00    0.000000E+00
6.717500E-01   -9.820508E+01   -7.504013E+01   -1.332491E+02    0.000000E+00    0.000000E+00    0.000000E+00    1.494133E+02   -2.195155E+02    1.385497E+01    0.000000E+00    0.000000E+00    0.000000E+00
6.727500E-01   -1.075358E+02   -7.121932E+01   -1.482704E+02    0.000000E+00    0.000000E+00    0.000000E+00    1.541751E+02   -2.424837E+02    4.978428E+00    0.000000E+00    0.000000E+00    0.000000E+00
6.737500E-01   -1.021111E+02   -6.238725E+01   -1.364494E+02    0.000000E+00    0.000000E+00    0.000000E+00    1.389073E+02   -2.261841E+02   -2.445903E-01    0.000000E+00    0.000000E+00    0.000000E+00
6.747500E-01   -9.866672E+01   -5.909905E+01   -1.231327E+02    0.000000E+00    0.000000E+00    0.000000E+00    1.282606E+02   -2.104119E+02   -1.484043E+00    0.000000E+00    0.000000E+00    0.000000E+00
6.757500E-01   -1.037637E+02   -6.589440E+01   -1.335822E+02    0.000000E+00    0.000000E+00    0.000000E+00    1.409447E+02   -2.248997E+02    1.727683E+00    0.000000E+00    0.000000E+00    0.000000E+00
6.767500E-01   -9.764130E+01   -6.620017E+01   -1.314014E+02    0.000000E+00    0.000000E+00    0.000000E+00    1.401965E+02   -2.168702E+02    5.391675E+00    0.000000E+00    0.000000E+00    0.000000E+00
6.777500E-01   -9.934918E+01   -5.784475E+01   -1.373372E+02    0.000000E+00    0.000000E+00    0.000000E+00    1.355290E+02   -2.240332E+02   -3.408905E+00    0.000000E+00    0.000000E+00    0.000000E+00
6.787500E-01   -1.046131E+02   -6.071806E+01   -1.495713E+02    0.000000E+00    0.000000E+00    0.000000E+00    1.455552E+02   -2.403339E+02   -3.981349E+00    0.000000E+00    0.000000E+00    0.000000E+00
6.797500E-01   -9.993820E+01   -7.258450E+01   -1.387494E+02    0.000000E+00    0.000000E+00    0.000000E+00    1.512460E+02   -2.255823E+02    9.396862E+00    0.000000E+00    0.000000E+00    0.000000E+00
6.807500E-01   -9.704484E+01   -6.534423E+01   -1.301720E+02    0.000000E+00    0.000000E+00    0.000000E+00    1.391856E+02   -2.147470E+02    4.349121E+00    0.000000E+00    0.000000E+00    0.000000E+00
6.817500E-01   -9.778151E+01   -5.815738E+01   -1.346869E+02    0.000000E+00    0.000000E+00    0.000000E+00    1.347316E+02   -2.195765E+02   -2.725595E+00    0.000000E+00    0.000000E+00    0.000000E+00
6.827500E-01   -1.003189E+02   -6.615252E+01   -1.340500E+02    0.000000E+00    0.000000E+00    0.000000E+00    1.425213E+02   -2.213502E+02    2.872592E+00    0.000000E+00    0.000000E+00    0.000000E+00
6.837500E-01   -1.038874E+02   -6.658941E+01   -1.363968E+02    0.000000E+00    0.000000E+00    0.000000E+00    1.445632E+02   -2.268197E+02    9.396795E-01    0.000000E+00    0.000000E+00    0.000000E+00
6.847500E-01   -1.004540E+02   -5.805163E+01   -1.406786E+02    0.000000E+00    0.000000E+00    0.000000E+00    1.387277E+02   -2.273123E+02   -4.956521E+00    0.000000E+00    0.000000E+00    0.000000E+00
6.857500E-01   -9.969950E+01   -7.191522E+01   -1.415353E+02    0.000000E+00    0.000000E+00    0.000000E+00    1.530828E+02   -2.272345E+02    8.020194E+00    0.000000E+00    0.000000E+00    0.000000E+00
6.867500E-01   -1.046960E+02   -8.276161E+01   -1.431832E+02    0.000000E+00    0.000000E+00    0.000000E+00    1.649233E+02   -2.335166E+02    1.483062E+01    0.000000E+00    0.000000E+00    0.000000E+00
6.877500E-01   -1.042003E+02   -6.408501E+01   -1.466471E+02    0.000000E+00    0.000000E+00    0.000000E+00    1.485731E+02   -2.361910E+02   -1.983968E+00    0.000000E+00    0.000000E+00    0.000000E+00
6.887500E-01   -9.893092E+01   -6.511561E+01   -1.422545E+02    0.000000E+00    0.000000E+00    0.000000E+00    1.473330E+02   -2.268566E+02    1.769183E+00    0.000000E+00    0.000000E+00    0.000000E+00
6.897500E-01   -9.782756E+01   -6.914984E+01   -1.306432E+02    0.000000E+00    0.000000E+00    0.000000E+00    1.447224E+02   -2.150723E+02    5.916410E+00    0.000000E+00    0.000000E+00    0.000000E+00
6.907500E-01   -9.669605E+01   -5.890193E+01   -1.266674E+02    0.000000E+00    0.000000E+00    0.000000E+00    1.323066E+02   -2.102973E+02   -2.816827E+00    0.000000E+00    0.000000E+00    0.000000E+00
6.917500E-01   -9.564348E+01   -6.065019E+01   -1.269858E+02    0.000000E+00    0.000000E+00    0.000000E+00    1.343978E+02   -2.094342E+02   -8.225024E-01    0.000000E+00    0.000000E+00    0.000000E+00
6.927500E-01   -9.679330E+01   -7.521398E+01   -1.338777E+02    0.000000E+00    0.000000E+00    0.000000E+00    1.531775E+02   -2.166235E+02    1.143595E+01    0.000000E+00    0.000000E+00    0.000000E+00
6.937500E-01   -9.842287E+01   -7.665310E+01   -1.405026E+02    0.000000E+00    0.000000E+00    0.000000E+00    1.586956E+02   -2.242320E+02    1.170473E+01    0.000000E+00    0.000000E+00    0.000000E+00
6.947500E-01   -9.871404E+01   -5.992224E+01   -1.315924E+02    0.000000E+00    0.000000E+00    0.000000E+00    1.368718E+02   -2.165309E+02   -3.569725E+00    0.000000E+00    0.000000E+00    0.000000E+00
6.957500E-01   -9.664505E+01   -5.042140E+01   -1.225866E+02    0.000000E+00    0.000000E+00    0.000000E+00    1.222739E+02   -2.061785E+02   -1.114251E+01    0.000000E+00    0.000000E+00    0.000000E+00
6.967500E-01   -8.822010E+01   -5.582019E+01   -1.182432E+02    0.000000E+00    0.000000E+00    0.000000E+00    1.253587E+02   -1.937011E+02   -1.662120E+00    0.000000E+00    0.000000E+00    0.000000E+00
6.977500E-01   -9.166029E+01   -6.259280E+01   -1.301661E+02    0.000000E+00    0.000000E+00    0.000000E+00    1.393543E+02   -2.077349E+02    2.224663E+00    0.000000E+00    0.000000E+00    0.000000E+00
6.987500E-01   -1.071509E+02   -6.734074E+01   -1.516148E+02    0.000000E+00    0.000000E+00    0.000000E+00    1.569280E+02   -2.422520E+02   -2.779219E+00    0.000000E+00    0.000000E+00    0.000000E+00
6.997500E-01   -1.114544E+02   -6.851839E+01   -1.493021E+02    0.000000E+00    0.000000E+00    0.000000E+00    1.568912E+02   -2.443133E+02   -4.423479E+00    0.000000E+00    0.000000E+00    0.000000E+00
7.007500E-01   -1.073309E+02   -7.405356E+01   -1.399828E+02    0.000000E+00    0.000000E+00    0.000000E+00    1.569579E+02   -2.316274E+02    2.729960E+00    0.000000E+00    0.000000E+00    0.000000E+00
7.017500E-01   -9.397951E+01   -7.914656E+01   -1.341434E+02    0.000000E+00    0.000000E+00    0.000000E+00    1.587490E+02   -2.129120E+02    1.494396E+01    0.000000E+00    0.000000E+00    0.000000E+00
7.027500E-01   -8.569898E+01   -7.017608E+01   -1.256270E+02    0.000000E+00    0.000000E+00    0.000000E+00    1.449744E+02   -1.970389E+02    1.170911E+01    0.000000E+00    0.000000E+00    0.000000E+00
7.037500E-01   -9.337183E+01   -7.369479E+01   -1.383224E+02    0.000000E+00    0.000000E+00    0.000000E+00    1.563157E+02   -2.159368E+02    1.010897E+01    0.000000E+00    0.000000E+00    0.000000E+00
7.047500E-01   -9.878287E+01   -7.699547E+01   -1.488062E+02    0.000000E+00    0.000000E+00    0.000000E+00    1.660166E+02   -2.305854E+02    9.692442E+00    0.000000E+00    0.000000E+00    0.000000E+00
7.057500E-01   -1.006213E+02   -7.714853E+01   -1.437756E+02    0.000000E+00    0.000000E+00    0.000000E+00    1.631880E+02   -2.277358E+02    8.611911E+00    0.000000E+00    0.000000E+00    0.000000E+00
7.067500E-01   -1.026673E+02   -5.946566E+01   -1.326197E+02    0.000000E+00    0.000000E+00    0.000000E+00    1.390112E+02   -2.197475E+02   -8.511918E+00    0.000000E+00    0.000000E+00    0.000000E+00
7.077500E-01   -9.736766E+01   -5.391022E+01   -1.306614E+02    0.000000E+00    0.000000E+00    0.000000E+00    1.326422E+02   -2.125356E+02   -1.055078E+01    0.000000E+00    0.000000E+00    0.000000E+00
7.087500E-01   -9.146245E+01   -7.321513E+01   -1.266195E+02    0.000000E+00    0.000000E+00    0.000000E+00    1.496231E+02   -2.026704E+02    9.910743E+00    0.000000E+00    0.000000E+00    0.000000E+00
7.097500E-01   -9.363216E+01   -6.777282E+01   -1.157334E+02    0.000000E+00    0.000000E+00    0.000000E+00    1.375116E+02   -1.951393E+02    3.841437E+00    0.000000E+00    0.000000E+00    0.000000E+00
7.107500E-01   -1.027188E+02   -6.493027E+01   -1.326123E+02    0.000000E+00    0.000000E+00    0.000000E+00    1.451003E+02   -2.191687E+02   -4.341286E+00    0.000000E+00    0.000000E+00    0.000000E+00
7.117500E-01   -1.063985E+02   -7.563074E+01   -1.481694E+02    0.000000E+00    0.000000E+00    0.000000E+00    1.655995E+02   -2.363989E+02    2.478650E+00    0.000000E+00    0.000000E+00    0.000000E+00
7.127500E-01   -1.020280E+02   -6.962612E+01   -1.399504E+02    0.000000E+00    0.000000E+00    0.000000E+00    1.548998E+02   -2.246071E+02   -4.743898E-01    0.000000E+00    0.000000E+00    0.000000E+00
7.137500E-01   -9.810117E+01   -6.161712E+01   -1.381783E+02    0.000000E+00    0.000000E+00    0.000000E+00    1.461244E+02   -2.189820E+02   -5.418741E+00    0.000000E+00    0.000000E+00    0.000000E+00
7.147500E-01   -9.460079E+01   -7.862305E+01   -1.390314E+02    0.000000E+00    0.000000E+00    0.000000E+00    1.636720E+02   -2.159491E+02    1.152927E+01    0.000000E+00    0.000000E+00    0.000000E+00
7.157500E-01   -9.609420E+01   -9.264417E+01   -1.380479E+02    0.000000E+00    0.000000E+00    0.000000E+00    1.769931E+02   -2.164048E+02    2.289365E+01    0.000000E+00    0.000000E+00    0.000000E+00
7.167500E-01   -9.990636E+01   -8.365583E+01   -1.439186E+02    0.000000E+00    0.000000E+00    0.000000E+00    1.718503E+02   -2.253524E+02    1.247887E+01    0.000000E+00    0.000000E+00    0.000000E+00
7.177500E-01   -1.058209E+02   -6.319850E+01   -1.435385E+02    0.000000E+00    0.000000E+00    0.000000E+00    1.514912E+02   -2.307803E+02   -9.335643E+00    0.000000E+00    0.000000E+00    0.000000E+00
7.187500E-01   -1.005903E+02   -7.263108E+01   -1.376784E+02    0.000000E+00    0.000000E+00    0.000000E+00    1.576054E+02   -2.200556E+02    1.766911E+00    0.000000E+00    0.000000E+00    0.000000E+00
7.197500E-01   -8.974453E+01   -8.747666E+01   -1.340540E+02    0.000000E+00    0.000000E+00    0.000000E+00    1.702881E+02   -2.059268E+02    2.128530E+01    0.000000E+00    0.000000E+00    0.000000E+00
7.207500E-01   -8.211906E+01   -7.511333E+01   -1.266279E+02    0.000000E+00    0.000000E+00    0.000000E+00    1.532897E+02   -1.919874E+02    1.539749E+01    0.000000E+00    0.000000E+00    0.000000E+00
7.217500E-01   -9.774364E+01   -6.189574E+01   -1.352967E+02    0.000000E+00    0.000000E+00    0.000000E+00    1.457252E+02   -2.150176E+02   -6.080127E+00    0.000000E+00    0.000000E+00    0.000000E+00
7.227500E-01   -1.134715E+02   -6.650028E+01   -1.435089E+02    0.000000E+00    0.000000E+00    0.000000E+00    1.558472E+02   -2.373866E+02   -1.245628E+01    0.000000E+00    0.000000E+00    0.000000E+00
7.237500E-01   -1.027793E+02   -8.144145E+01   -1.443959E+02    0.000000E+00    0.000000E+00    0.000000E+00    1.715052E+02   -2.272436E+02    6.943687E+00    0.000000E+00    0.000000E+00    0.000000E+00
7.247500E-01   -9.650786E+01   -7.959612E+01   -1.489804E+02    0.000000E+00    0.000000E+00    0.000000E+00    1.725197E+02   -2.251448E+02    9.319079E+00    0.000000E+00    0.000000E+00    0.000000E+00
7.257500E-01   -9.452618E+01   -8.556885E+01   -1.366800E+02    0.000000E+00    0.000000E+00    0.000000E+00    1.709688E+02   -2.121969E+02    1.550454E+01    0.000000E+00    0.000000E+00    0.000000E+00
7.267500E-01   -9.298811E+01   -9.033543E+01   -1.273306E+02    0.000000E+00    0.000000E+00    0.000000E+00    1.700755E+02   -2.021705E+02    2.031613E+01    0.000000E+00    0.000000E+00    0.000000E+00
7.277500E-01   -9.092570E+01   -7.110307E+01   -1.330960E+02    0.000000E+00    0.000000E+00    0.000000E+00    1.547640E+02   -2.052654E+02    4.867316E+00    0.000000E+00    0.000000E+00    0.000000E+00
7.287500E-01   -9.586463E+01   -7.053619E+01   -1.352175E+02    0.000000E+00    0.000000E+00    0.000000E+00    1.557463E+02   -2.119407E+02    1.003293E+00    0.000000E+00    0.000000E+00    0.000000E+00
7.297500E-01   -9.875548E+01   -7.065078E+01   -1.228799E+02    0.000000E+00    0.000000E+00    0.000000E+00    1.482087E+02   -2.038659E+02   -9.681440E-01    0.000000E+00    0.000000E+00    0.000000E+00
7.307500E-01   -9.429411E+01   -7.368648E+01   -1.316101E+02    0.000000E+00    0.000000E+00    0.000000E+00    1.570342E+02   -2.067957E+02    4.285897E+00    0.000000E+00    0.000000E+00    0.000000E+00
7.317500E-01   -9.068929E+01   -7.744746E+01   -1.377398E+02    0.000000E+00    0.000000E+00    0.000000E+00    1.649954E+02   -2.084471E+02    9.592325E+00    0.000000E+00    0.000000E+00    0.000000E+00
7.327500E-01   -9.055383E+01   -6.273731E+01   -1.257644E+02    0.000000E+00    0.000000E+00    0.000000E+00    1.428685E+02   -1.980461E+02   -3.045824E+00    0.000000E+00    0.000000E+00    0.000000E+00
7.337500E-01   -1.001827E+02   -6.877281E+01   -1.386843E+02    0.000000E+00    0.000000E+00    0.000000E+00    1.570923E+02   -2.185159E+02   -4.214517E+00    0.000000E+00    0.000000E+00    0.000000E+00
7.347500E-01   -1.061567E+02   -8.700199E+01   -1.488199E+02    0.000000E+00    0.000000E+00    0.000000E+00    1.819141E+02   -2.326757E+02    7.206145E+00    0.000000E+00    0.000000E+00    0.000000E+00
7.357500E-01   -1.042690E+02   -8.503014E+01   -1.420293E+02    0.000000E+00    0.000000E+00    0.000000E+00    1.758687E+02   -2.247802E+02    6.571798E+00    0.000000E+00    0.000000E+00    0.000000E+00
7.367500E-01   -1.029105E+02   -8.090764E+01   -1.449411E+02    0.000000E+00    0.000000E+00    0.000000E+00    1.737626E+02   -2.260462E+02    3.903702E+00    0.000000E+00    0.000000E+00    0.000000E+00
7.377500E-01   -1.017905E+02   -8.010513E+01   -1.417562E+02    0.000000E+00    0.000000E+00    0.000000E+00    1.711823E+02   -2.219528E+02    3.599758E+00    0.000000E+00    0.000000E+00    0.000000E+00
7.387500E-01   -1.034503E+02   -6.930349E+01   -1.327176E+02    0.000000E+00    0.000000E+00    0.000000E+00    1.549373E+02   -2.155266E+02   -7.122506E+00    0.000000E+00    0.000000E+00    0.000000E+00
7.397500E-01   -9.447542E+01   -7.326751E+01   -1.332780E+02    0.000000E+00    0.000000E+00    0.000000E+00    1.595260E+02   -2.070583E+02    1.865807E+00    0.000000E+00    0.000000E+00    0.000000E+00
7.407500E-01   -9.038514E+01   -8.339320E+01   -1.406758E+02    0.000000E+00    0.000000E+00    0.000000E+00    1.745981E+02   -2.092751E+02    1.300571E+01    0.000000E+00    0.000000E+00    0.000000E+00
7.417500E-01   -9.496541E+01   -6.983279E+01   -1.361914E+02    0.000000E+00    0.000000E+00    0.000000E+00    1.582772E+02   -2.099836E+02   -1.584598E+00    0.000000E+00    0.000000E+00    0.000000E+00
7.427500E-01   -1.000827E+02   -6.448549E+01   -1.360112E+02    0.000000E+00    0.000000E+00    0.000000E+00    1.530104E+02   -2.147170E+02   -9.750177E+00    0.000000E+00    0.000000E+00    0.000000E+00
7.437500E-01   -1.006936E+02   -7.298433E+01   -1.385938E+02    0.000000E+00    0.000000E+00    0.000000E+00    1.633933E+02   -2.171801E+02   -3.370741E+00    0.000000E+00    0.000000E+00    0.000000E+00
7.447500E-01   -8.703138E+01   -9.396477E+01   -1.356356E+02    0.000000E+00    0.000000E+00    0.000000E+00    1.825469E+02   -2.008494E+02    2.304667E+01    0.000000E+00    0.000000E+00    0.000000E+00
7.457500E-01   -8.862506E+01   -9.212151E+01   -1.338174E+02    0.000000E+00    0.000000E+00    0.000000E+00    1.795779E+02   -2.009375E+02    2.040865E+01    0.000000E+00    0.000000E+00    0.000000E+00
7.467500E-01   -9.919120E+01   -6.451924E+01   -1.311654E+02    0.000000E+00    0.000000E+00    0.000000E+00    1.505802E+02   -2.092114E+02   -9.955949E+00    0.000000E+00    0.000000E+00    0.000000E+00
7.477500E-01   -1.005564E+02   -6.051472E+01   -1.352974E+02    0.000000E+00    0.000000E+00    0.000000E+00    1.497485E+02   -2.138138E+02   -1.457375E+01    0.000000E+00    0.000000E+00    0.000000E+00
7.487500E-01   -9.042618E+01   -6.927182E+01   -1.279696E+02    0.000000E+00    0.000000E+00    0.000000E+00    1.539048E+02   -1.973326E+02   -8.754032E-01    0.000000E+00    0.000000E+00    0.000000E+00
7.497500E-01   -8.978086E+01   -7.682614E+01   -1.361011E+02    0.000000E+00    0.000000E+00    0.000000E+00    1.668130E+02   -2.035142E+02    5.787374E+00    0.000000E+00    0.000000E+00    0.000000E+00
7.507500E-01   -9.603255E+01   -7.821141E+01   -1.483304E+02    0.000000E+00    0.000000E+00    0.000000E+00    1.764236E+02   -2.199890E+02    2.682342E+00    0.000000E+00    0.000000E+00    0.000000E+00
7.517500E-01   -1.031977E+02   -9.148710E+01   -1.541098E+02    0.000000E+00    0.000000E+00    0.000000E+00    1.938406E+02   -2.316183E+02    8.752515E+00    0.000000E+00    0.000000E+00    0.000000E+00
7.527500E-01   -1.055524E+02   -9.258737E+01   -1.514865E+02    0.000000E+00    0.000000E+00    0.000000E+00    1.933174E+02   -2.315641E+02    7.966559E+00    0.000000E+00    0.000000E+00    0.000000E+00
7.537500E-01   -9.975751E+01   -7.852393E+01   -1.384741E+02    0.000000E+00    0.000000E+00    0.000000E+00    1.707675E+02   -2.148065E+02   -8.753274E-02    0.000000E+00    0.000000E+00    0.000000E+00
7.547500E-01   -9.813560E+01   -8.054941E+01   -1.386281E+02    0.000000E+00    0.000000E+00    0.000000E+00    1.732669E+02   -2.130306E+02    2.273822E+00    0.000000E+00    0.000000E+00    0.000000E+00
7.557500E-01   -9.740028E+01   -7.783365E+01   -1.370638E+02    0.000000E+00    0.000000E+00    0.000000E+00    1.697536E+02   -2.108725E+02    2.565604E-01    0.000000E+00    0.000000E+00    0.000000E+00
7.567500E-01   -9.558164E+01   -8.542011E+01   -1.432760E+02    0.000000E+00    0.000000E+00    0.000000E+00    1.816325E+02   -2.142308E+02    7.634525E+00    0.000000E+00    0.000000E+00    0.000000E+00
7.577500E-01   -8.702204E+01   -9.771930E+01   -1.487937E+02    0.000000E+00    0.000000E+00    0.000000E+00    1.978628E+02   -2.102487E+02    2.336887E+01    0.000000E+00    0.000000E+00    0.000000E+00
7.587500E-01   -8.682367E+01   -9.313384E+01   -1.456202E+02    0.000000E+00    0.000000E+00    0.000000E+00    1.912970E+02   -2.073105E+02    1.960108E+01    0.000000E+00    0.000000E+00    0.000000E+00
7.597500E-01   -1.017694E+02   -8.138288E+01   -1.444685E+02    0.000000E+00    0.000000E+00    0.000000E+00    1.788640E+02   -2.210238E+02   -3.687482E-01    0.000000E+00    0.000000E+00    0.000000E+00
7.607500E-01   -1.030725E+02   -8.589267E+01   -1.461685E+02    0.000000E+00    0.000000E+00    0.000000E+00    1.847979E+02   -2.234145E+02    2.144039E+00    0.000000E+00    0.000000E+00    0.000000E+00
7.617500E-01   -9.638710E+01   -9.142908E+01   -1.433425E+02    0.000000E+00    0.000000E+00    0.000000E+00    1.886522E+02   -2.142116E+02    1.101265E+01    0.000000E+00    0.000000E+00    0.000000E+00
7.627500E-01   -1.042826E+02   -8.477956E+01   -1.445556E+02    0.000000E+00    0.000000E+00    0.000000E+00    1.828611E+02   -2.230888E+02   -8.514762E-05    0.000000E+00    0.000000E+00    0.000000E+00
7.637500E-01   -9.983410E+01   -7.937668E+01   -1.384949E+02    0.000000E+00    0.000000E+00    0.000000E+00    1.735885E+02   -2.135421E+02   -1.757012E+00    0.000000E+00    0.000000E+00    0.000000E+00
7.647500E-01   -8.783390E+01   -8.677546E+01   -1.343887E+02    0.000000E+00    0.000000E+00    0.000000E+00    1.785473E+02   -1.979731E+02    1.224011E+01    0.000000E+00    0.000000E+00    0.000000E+00
7.657500E-01   -8.568039E+01   -7.879892E+01   -1.318982E+02    0.000000E+00    0.000000E+00    0.000000E+00    1.690520E+02   -1.938144E+02    7.125154E+00    0.000000E+00    0.000000E+00    0.000000E+00
7.667500E-01   -9.463621E+01   -6.591057E+01   -1.389710E+02    0.000000E+00    0.000000E+00    0.000000E+00    1.611776E+02   -2.085850E+02   -9.815081E+00    0.000000E+00    0.000000E+00    0.000000E+00
7.677500E-01   -9.284467E+01   -6.948112E+01   -1.317046E+02    0.000000E+00    0.000000E+00    0.000000E+00    1.600663E+02   -2.004276E+02   -6.153388E+00    0.000000E+00    0.000000E+00    0.000000E+00
7.687500E-01   -8.796832E+01   -8.797977E+01   -1.276229E+02    0.000000E+00    0.000000E+00    0.000000E+00    1.758658E+02   -1.918413E+02    1.215902E+01    0.000000E+00    0.000000E+00    0.000000E+00
7.697500E-01   -8.702695E+01   -9.884392E+01   -1.425431E+02    0.000000E+00    0.000000E+00    0.000000E+00    1.969517E+02   -2.032539E+02    2.188658E+01    0.000000E+00    0.000000E+00    0.000000E+00
7.707500E-01   -9.849027E+01   -8.159032E+01   -1.439785E+02    0.000000E+00    0.000000E+00    0.000000E+00    1.809223E+02   -2.158311E+02   -3.281922E-01    0.000000E+00    0.000000E+00    0.000000E+00
7.717500E-01   -1.173191E+02   -7.017154E+01   -1.413563E+02    0.000000E+00    0.000000E+00    0.000000E+00    1.680403E+02   -2.320730E+02   -2.326276E+01    0.000000E+00    0.000000E+00    0.000000E+00
7.727500E-01   -9.669508E+01   -7.805905E+01   -1.316384E+02    0.000000E+00    0.000000E+00    0.000000E+00    1.694398E+02   -2.033716E+02   -2.859264E+00    0.000000E+00    0.000000E+00    0.000000E+00
7.737500E-01   -8.276097E+01   -9.197525E+01   -1.376484E+02    0.000000E+00    0.000000E+00    0.000000E+00    1.878207E+02   -1.942639E+02    1.800639E+01    0.000000E+00    0.000000E+00    0.000000E+00
7.747500E-01   -9.149698E+01   -8.073821E+01   -1.344467E+02    0.000000E+00    0.000000E+00    0.000000E+00    1.745080E+02   -2.003388E+02    2.768207E+00    0.000000E+00    0.000000E+00    0.000000E+00
7.757500E-01   -9.837227E+01   -7.495247E+01   -1.406019E+02    0.000000E+00    0.000000E+00    0.000000E+00    1.730853E+02   -2.121921E+02   -6.734309E+00    0.000000E+00    0.000000E+00    0.000000E+00
7.767500E-01   -9.990327E+01   -8.603310E+01   -1.511410E+02    0.000000E+00    0.000000E+00    0.000000E+00    1.917638E+02   -2.219936E+02    8.065386E-01    0.000000E+00    0.000000E+00    0.000000E+00
7.777500E-01   -9.725934E+01   -9.071318E+01   -1.408405E+02    0.000000E+00    0.000000E+00    0.000000E+00    1.894763E+02   -2.106075E+02    5.994815E+00    0.000000E+00    0.000000E+00    0.000000E+00
7.787500E-01   -9.527245E+01   -8.239890E+01   -1.344445E+02    0.000000E+00    0.000000E+00    0.000000E+00    1.767309E+02   -2.033791E+02    6.509630E-01    0.000000E+00    0.000000E+00    0.000000E+00
7.797500E-01   -9.424202E+01   -9.766524E+01   -1.445551E+02    0.000000E+00    0.000000E+00    0.000000E+00    1.993751E+02   -2.103266E+02    1.353414E+01    0.000000E+00    0.000000E+00    0.000000E+00
7.807500E-01   -8.307370E+01   -1.072300E+02   -1.376170E+02    0.000000E+00    0.000000E+00    0.000000E+00    2.043370E+02   -1.934119E+02    2.883665E+01    0.000000E+00    0.000000E+00    0.000000E+00
7.817500E-01   -8.957180E+01   -9.737629E+01   -1.474758E+02    0.000000E+00    0.000000E+00    0.000000E+00    2.014255E+02   -2.080079E+02    1.624769E+01    0.000000E+00    0.000000E+00    0.000000E+00
7.827500E-01   -1.011842E+02   -8.765645E+01   -1.514469E+02    0.000000E+00    0.000000E+00    0.000000E+00    1.947320E+02   -2.226384E+02   -1.372990E-01    0.000000E+00    0.000000E+00    0.000000E+00
7.837500E-01   -9.967211E+01   -8.251014E+01   -1.396278E+02    0.000000E+00    0.000000E+00    0.000000E+00    1.817266E+02   -2.111846E+02   -3.564868E+00    0.000000E+00    0.000000E+00    0.000000E+00
7.847500E-01   -9.243774E+01   -7.257280E+01   -1.359123E+02    0.000000E+00    0.000000E+00    0.000000E+00    1.692628E+02   -2.009593E+02   -6.363393E+00    0.000000E+00    0.000000E+00    0.000000E+00
7.857500E-01   -9.639601E+01   -7.301856E+01   -1.387372E+02    0.000000E+00    0.000000E+00    0.000000E+00    1.718045E+02   -2.070170E+02   -8.828336E+00    0.000000E+00    0.000000E+00    0.000000E+00
7.867500E-01   -1.001108E+02   -7.923720E+01   -1.359814E+02    0.000000E+00    0.000000E+00    0.000000E+00    1.763005E+02   -2.081856E+02   -6.843698E+00    0.000000E+00    0.000000E+00    0.000000E+00
7.877500E-01   -9.457630E+01   -9.032858E+01   -1.396034E+02    0.000000E+00    0.000000E+00    0.000000E+00    1.902659E+02   -2.053937E+02    5.736806E+00    0.000000E+00    0.000000E+00    0.000000E+00
7.887500E-01   -9.381905E+01   -9.494696E+01   -1.395437E+02    0.000000E+00    0.000000E+00    0.000000E+00    1.950320E+02   -2.044661E+02    9.766988E+00    0.000000E+00    0.000000E+00    0.000000E+00
7.897500E-01   -9.003360E+01   -9.035752E+01   -1.363838E+02    0.000000E+00    0.000000E+00    0.000000E+00    1.884635E+02   -1.981303E+02    8.595841E+00    0.000000E+00    0.000000E+00    0.000000E+00
7.907500E-01   -8.197775E+01   -9.152667E+01   -1.421021E+02    0.000000E+00    0.000000E+00    0.000000E+00    1.939677E+02   -1.946961E+02    1.519182E+01    0.000000E+00    0.000000E+00    0.000000E+00
7.917500E-01   -8.305285E+01   -9.351140E+01   -1.418638E+02    0.000000E+00    0.000000E+00    0.000000E+00    1.958987E+02   -1.953620E+02    1.583628E+01    0.000000E+00    0.000000E+00    0.000000E+00
7.927500E-01   -8.906040E+01   -9.030748E+01   -1.390758E+02    0.000000E+00    0.000000E+00    0.000000E+00    1.908133E+02   -1.988420E+02    8.756969E+00    0.000000E+00    0.000000E+00    0.000000E+00
7.937500E-01   -8.779268E+01   -9.319431E+01   -1.398464E+02    0.000000E+00    0.000000E+00    0.000000E+00    1.943533E+02   -1.980544E+02    1.185275E+01    0.000000E+00    0.000000E+00    0.000000E+00
7.947500E-01   -8.467424E+01   -9.693287E+01   -1.382407E+02    0.000000E+00    0.000000E+00    0.000000E+00    1.970470E+02   -1.935936E+02    1.701839E+01    0.000000E+00    0.000000E+00    0.000000E+00
7.957500E-01   -8.244995E+01   -9.900031E+01   -1.366610E+02    0.000000E+00    0.000000E+00    0.000000E+00    1.981200E+02   -1.900911E+02    2.020806E+01    0.000000E+00    0.000000E+00    0.000000E+00
7.967500E-01   -8.334836E+01   -1.000983E+02   -1.353781E+02    0.000000E+00    0.000000E+00    0.000000E+00    1.984450E+02   -1.898605E+02    2.029672E+01    0.000000E+00    0.000000E+00    0.000000E+00
7.977500E-01   -8.607077E+01   -9.771797E+01   -1.353688E+02    0.000000E+00    0.000000E+00    0.000000E+00    1.962840E+02   -1.924557E+02    1.621547E+01    0.000000E+00    0.000000E+00    0.000000E+00
7.987500E-01   -8.384967E+01   -9.555906E+01   -1.373079E+02    0.000000E+00    0.000000E+00    0.000000E+00    1.957669E+02   -1.917896E+02    1.594402E+01    0.000000E+00    0.000000E+00    0.000000E+00
7.997500E-01   -8.087190E+01   -9.482635E+01   -1.384525E+02    0.000000E+00    0.000000E+00    0.000000E+00    1.959998E+02   -1.897055E+02    1.746906E+01    0.000000E+00    0.000000E+00    0.000000E+00
8.007500E-01   -8.276272E+01   -9.321885E+01   -1.378576E+02    0.000000E+00    0.000000E+00    0.000000E+00    1.940492E+02   -1.909807E+02    1.473458E+01    0.000000E+00    0.000000E+00    0.000000E+00
8.017500E-01   -8.300063E+01   -9.468686E+01   -1.373031E+02    0.000000E+00    0.000000E+00    0.000000E+00    1.951754E+02   -1.906501E+02    1.564869E+01    0.000000E+00    0.000000E+00    0.000000E+00
8.027500E-01   -8.281756E+01   -9.650403E+01   -1.366988E+02    0.000000E+00    0.000000E+00    0.000000E+00    1.965838E+02   -1.898850E+02    1.719803E+01    0.000000E+00    0.000000E+00    0.000000E+00
8.037500E-01   -8.485094E+01   -9.667889E+01   -1.353870E+02    0.000000E+00    0.000000E+00    0.000000E+00    1.958279E+02   -1.907881E+02    1.582349E+01    0.000000E+00    0.000000E+00    0.000000E+00
8.047500E-01   -8.289445E+01   -9.911085E+01   -1.353806E+02    0.000000E+00    0.000000E+00    0.000000E+00    1.983221E+02   -1.888212E+02    1.917120E+01    0.000000E+00    0.000000E+00    0.000000E+00
8.057500E-01   -8.226267E+01   -9.833596E+01   -1.363620E+02    0.000000E+00    0.000000E+00    0.000000E+00    1.983989E+02   -1.889280E+02    1.898013E+01    0.000000E+00    0.000000E+00    0.000000E+00
8.067500E-01   -8.486917E+01   -9.529505E+01   -1.365678E+02    0.000000E+00    0.000000E+00    0.000000E+00    1.956471E+02   -1.916078E+02    1.461033E+01    0.000000E+00    0.000000E+00    0.000000E+00
8.077500E-01   -8.402217E+01   -9.433158E+01   -1.381146E+02    0.000000E+00    0.000000E+00    0.000000E+00    1.959420E+02   -1.919632E+02    1.446158E+01    0.000000E+00    0.000000E+00    0.000000E+00
8.087500E-01   -8.445520E+01   -9.238937E+01   -1.391294E+02    0.000000E+00    0.000000E+00    0.000000E+00    1.948428E+02   -1.931389E+02    1.259466E+01    0.000000E+00    0.000000E+00    0.000000E+00
8.097500E-01   -8.654950E+01   -9.200556E+01   -1.381306E+02    0.000000E+00    0.000000E+00    0.000000E+00    1.937825E+02   -1.943176E+02    1.078552E+01    0.000000E+00    0.000000E+00    0.000000E+00
8.107500E-01   -8.602457E+01   -9.406318E+01   -1.380007E+02    0.000000E+00    0.000000E+00    0.000000E+00    1.957827E+02   -1.935977E+02    1.290194E+01    0.000000E+00    0.000000E+00    0.000000E+00
8.117500E-01   -8.840967E+01   -9.110725E+01   -1.371691E+02    0.000000E+00    0.000000E+00    0.000000E+00    1.922355E+02   -1.952396E+02    8.823413E+00    0.000000E+00    0.000000E+00    0.000000E+00
8.127500E-01   -9.046798E+01   -9.058535E+01   -1.369792E+02    0.000000E+00    0.000000E+00    0.000000E+00    1.915666E+02   -1.971024E+02    6.847349E+00    0.000000E+00    0.000000E+00    0.000000E+00
8.137500E-01   -8.850916E+01   -9.232005E+01   -1.379309E+02    0.000000E+00    0.000000E+00    0.000000E+00    1.940269E+02   -1.959295E+02    9.627780E+00    0.000000E+00    0.000000E+00    0.000000E+00
8.147500E-01   -8.927734E+01   -9.032612E+01   -1.376526E+02    0.000000E+00    0.000000E+00    0.000000E+00    1.919016E+02   -1.964518E+02    7.490226E+00    0.000000E+00    0.000000E+00    0.000000E+00
8.157500E-01   -8.981040E+01   -8.960408E+01   -1.381985E+02    0.000000E+00    0.000000E+00    0.000000E+00    1.916472E+02   -1.973799E+02    6.538997E+00    0.000000E+00    0.000000E+00    0.000000E+00
8.167500E-01   -8.810779E+01   -8.872630E+01   -1.384047E+02    0.000000E+00    0.000000E+00    0.000000E+00    1.910087E+02   -1.958335E+02    7.137119E+00    0.000000E+00    0.000000E+00    0.000000E+00
8.177500E-01   -8.957105E+01   -8.807117E+01   -1.382920E+02    0.000000E+00    0.000000E+00    0.000000E+00    1.903318E+02   -1.971314E+02    5.587967E+00    0.000000E+00    0.000000E+00    0.000000E+00
8.187500E-01   -9.021768E+01   -8.891115E+01   -1.384603E+02    0.000000E+00    0.000000E+00    0.000000E+00    1.913171E+02   -1.978332E+02    5.815294E+00    0.000000E+00    0.000000E+00    0.000000E+00
8.197500E-01   -9.000401E+01   -8.801798E+01   -1.378063E+02    0.000000E+00    0.000000E+00    0.000000E+00    1.899883E+02   -1.970339E+02    5.329026E+00    0.000000E+00    0.000000E+00    0.000000E+00
8.207500E-01   -9.177436E+01   -8.744899E+01   -1.370400E+02    0.000000E+00    0.000000E+00    0.000000E+00    1.888765E+02   -1.981414E+02    3.645943E+00    0.000000E+00    0.000000E+00    0.000000E+00
8.217500E-01   -9.213668E+01   -8.879787E+01   -1.384488E+02    0.000000E+00    0.000000E+00    0.000000E+00    1.912806E+02   -1.995859E+02    4.512578E+00    0.000000E+00    0.000000E+00    0.000000E+00
8.227500E-01   -9.209202E+01   -8.781278E+01   -1.386734E+02    0.000000E+00    0.000000E+00    0.000000E+00    1.905294E+02   -1.996657E+02    3.822393E+00    0.000000E+00    0.000000E+00    0.000000E+00
8.237500E-01   -9.282510E+01   -8.773307E+01   -1.386402E+02    0.000000E+00    0.000000E+00    0.000000E+00    1.904982E+02   -2.003036E+02    3.310967E+00    0.000000E+00    0.000000E+00    0.000000E+00
8.247500E-01   -9.249460E+01   -8.819631E+01   -1.404098E+02    0.000000E+00    0.000000E+00    0.000000E+00    1.923302E+02   -2.013510E+02    3.994499E+00    0.000000E+00    0.000000E+00    0.000000E+00
8.257500E-01   -9.324860E+01   -8.706119E+01   -1.404072E+02    0.000000E+00    0.000000E+00    0.000000E+00    1.912666E+02   -2.020485E+02    2.586155E+00    0.000000E+00    0.000000E+00    0.000000E+00
8.267500E-01   -9.387756E+01   -8.798086E+01   -1.402951E+02    0.000000E+00    0.000000E+00    0.000000E+00    1.921352E+02   -2.025203E+02    2.894194E+00    0.000000E+00    0.000000E+00    0.000000E+00
8.277500E-01   -9.405939E+01   -8.800028E+01   -1.407453E+02    0.000000E+00    0.000000E+00    0.000000E+00    1.925203E+02   -2.030088E+02    2.824508E+00    0.000000E+00    0.000000E+00    0.000000E+00
8.287500E-01   -9.578561E+01   -8.842023E+01   -1.407774E+02    0.000000E+00    0.000000E+00    0.000000E+00    1.930146E+02   -2.046638E+02    1.958261E+00    0.000000E+00    0.000000E+00    0.000000E+00
8.297500E-01   -9.558456E+01   -8.837315E+01   -1.402619E+02    0.000000E+00    0.000000E+00    0.000000E+00    1.926390E+02   -2.040076E+02    2.129708E+00    0.000000E+00    0.000000E+00    0.000000E+00
8.307500E-01   -9.575606E+01   -8.737240E+01   -1.405288E+02    0.000000E+00    0.000000E+00    0.000000E+00    1.918846E+02   -2.043605E+02    1.274442E+00    0.000000E+00    0.000000E+00    0.000000E+00
8.317500E-01   -9.696509E+01   -8.780730E+01   -1.409733E+02    0.000000E+00    0.000000E+00    0.000000E+00    1.926989E+02   -2.058569E+02    8.121211E-01    0.000000E+00    0.000000E+00    0.000000E+00
8.327500E-01   -9.656622E+01   -8.741176E+01   -1.411946E+02    0.000000E+00    0.000000E+00    0.000000E+00    1.925595E+02   -2.055834E+02    8.844056E-01    0.000000E+00    0.000000E+00    0.000000E+00
8.337500E-01   -9.708643E+01   -8.627830E+01   -1.413099E+02    0.000000E+00    0.000000E+00    0.000000E+00    1.915562E+02   -2.061761E+02   -3.480829E-01    0.000000E+00    0.000000E+00    0.000000E+00
8.347500E-01   -9.698773E+01   -8.663491E+01   -1.404944E+02    0.000000E+00    0.000000E+00    0.000000E+00    1.912731E+02   -2.054727E+02    9.634453E-04    0.000000E+00    0.000000E+00    0.000000E+00
8.357500E-01   -9.874593E+01   -8.748598E+01   -1.421354E+02    0.000000E+00    0.000000E+00    0.000000E+00    1.932901E+02   -2.085031E+02   -6.617318E-01    0.000000E+00    0.000000E+00    0.000000E+00
8.367500E-01   -1.009868E+02   -8.674360E+01   -1.424049E+02    0.000000E+00    0.000000E+00    0.000000E+00    1.928061E+02   -2.108421E+02   -2.883181E+00    0.000000E+00    0.000000E+00    0.000000E+00
8.377500E-01   -1.003755E+02   -8.760984E+01   -1.416922E+02    0.000000E+00    0.000000E+00    0.000000E+00    1.932701E+02   -2.095968E+02   -1.620802E+00    0.000000E+00    0.000000E+00    0.000000E+00
8.387500E-01   -1.001456E+02   -8.646870E+01   -1.417388E+02    0.000000E+00    0.000000E+00    0.000000E+00    1.922135E+02   -2.093933E+02   -2.269785E+00    0.000000E+00    0.000000E+00    0.000000E+00
8.397500E-01   -1.009093E+02   -8.591134E+01   -1.410786E+02    0.000000E+00    0.000000E+00    0.000000E+00    1.912128E+02   -2.095887E+02   -3.171089E+00    0.000000E+00    0.000000E+00    0.000000E+00
8.407500E-01   -1.002376E+02   -8.687990E+01   -1.418820E+02    0.000000E+00    0.000000E+00    0.000000E+00    1.928353E+02   -2.095158E+02   -1.782752E+00    0.000000E+00    0.000000E+00    0.000000E+00
8.417500E-01   -1.007492E+02   -8.540171E+01   -1.426564E+02    0.000000E+00    0.000000E+00    0.000000E+00    1.919982E+02   -2.105982E+02   -3.253683E+00    0.000000E+00    0.000000E+00    0.000000E+00
8.427500E-01   -1.018736E+02   -8.539413E+01   -1.419858E+02    0.000000E+00    0.000000E+00    0.000000E+00    1.915567E+02   -2.111230E+02   -3.986896E+00    0.000000E+00    0.000000E+00    0.000000E+00
8.437500E-01   -1.009923E+02   -8.472437E+01   -1.414853E+02    0.000000E+00    0.000000E+00    0.000000E+00    1.905953E+02   -2.097776E+02   -3.754577E+00    0.000000E+00    0.000000E+00    0.000000E+00
8.447500E-01   -1.021579E+02   -8.389823E+01   -1.419469E+02    0.000000E+00    0.000000E+00    0.000000E+00    1.901931E+02   -2.112338E+02   -5.129293E+00    0.000000E+00    0.000000E+00    0.000000E+00
8.457500E-01   -1.021058E+02   -8.540677E+01   -1.427467E+02    0.000000E+00    0.000000E+00    0.000000E+00    1.923550E+02   -2.117876E+02   -3.753428E+00    0.000000E+00    0.000000E+00    0.000000E+00
8.467500E-01   -1.021418E+02   -8.532455E+01   -1.441089E+02    0.000000E+00    0.000000E+00    0.000000E+00    1.933380E+02   -2.128565E+02   -3.724094E+00    0.000000E+00    0.000000E+00    0.000000E+00
8.477500E-01   -1.044513E+02   -8.544760E+01   -1.445120E+02    0.000000E+00    0.000000E+00    0.000000E+00    1.938340E+02   -2.153775E+02   -5.187286E+00    0.000000E+00    0.000000E+00    0.000000E+00
8.487500E-01   -1.049729E+02   -8.659720E+01   -1.456520E+02    0.000000E+00    0.000000E+00    0.000000E+00    1.958966E+02   -2.167499E+02   -4.533677E+00    0.000000E+00    0.000000E+00    0.000000E+00
8.497500E-01   -1.051113E+02   -8.443283E+01   -1.451634E+02    0.000000E+00    0.000000E+00    0.000000E+00    1.934517E+02   -2.164408E+02   -6.254366E+00    0.000000E+00    0.000000E+00    0.000000E+00
8.507500E-01   -1.070352E+02   -8.641449E+01   -1.465101E+02    0.000000E+00    0.000000E+00    0.000000E+00    1.964839E+02   -2.193375E+02   -5.961618E+00    0.000000E+00    0.000000E+00    0.000000E+00
8.517500E-01   -1.080267E+02   -8.882299E+01   -1.496883E+02    0.000000E+00    0.000000E+00    0.000000E+00    2.012890E+02   -2.228205E+02   -4.645173E+00    0.000000E+00    0.000000E+00    0.000000E+00
8.527500E-01   -1.075704E+02   -8.574539E+01   -1.466592E+02    0.000000E+00    0.000000E+00    0.000000E+00    1.960797E+02   -2.199822E+02   -6.665338E+00    0.000000E+00    0.000000E+00    0.000000E+00
8.537500E-01   -1.097487E+02   -8.796567E+01   -1.485647E+02    0.000000E+00    0.000000E+00    0.000000E+00    1.996897E+02   -2.236517E+02   -6.446309E+00    0.000000E+00    0.000000E+00    0.000000E+00
8.547500E-01   -1.100106E+02   -8.847386E+01   -1.502902E+02    0.000000E+00    0.000000E+00    0.000000E+00    2.014823E+02   -2.252779E+02   -6.170955E+00    0.000000E+00    0.000000E+00    0.000000E+00
8.557500E-01   -1.105795E+02   -8.750255E+01   -1.488974E+02    0.000000E+00    0.000000E+00    0.000000E+00    1.994955E+02   -2.247638E+02   -7.368474E+00    0.000000E+00    0.000000E+00    0.000000E+00
8.567500E-01   -1.121688E+02   -8.936876E+01   -1.513788E+02    0.000000E+00    0.000000E+00    0.000000E+00    2.031722E+02   -2.283074E+02   -7.023424E+00    0.000000E+00    0.000000E+00    0.000000E+00
8.577500E-01   -1.125233E+02   -8.853097E+01   -1.517577E+02    0.000000E+00    0.000000E+00    0.000000E+00    2.026473E+02   -2.289403E+02   -7.882728E+00    0.000000E+00    0.000000E+00    0.000000E+00
8.587500E-01   -1.116137E+02   -8.706873E+01   -1.487942E+02    0.000000E+00    0.000000E+00    0.000000E+00    1.990602E+02   -2.256915E+02   -8.335519E+00    0.000000E+00    0.000000E+00    0.000000E+00
8.597500E-01   -1.127689E+02   -9.002957E+01   -1.533048E+02    0.000000E+00    0.000000E+00    0.000000E+00    2.053155E+02   -2.304445E+02   -6.785054E+00    0.000000E+00    0.000000E+00    0.000000E+00
8.607500E-01   -1.128916E+02   -8.897060E+01   -1.519706E+02    0.000000E+00    0.000000E+00    0.000000E+00    2.033094E+02   -2.294952E+02   -7.670097E+00    0.000000E+00    0.000000E+00    0.000000E+00
8.617500E-01   -1.123303E+02   -8.805449E+01   -1.512426E+02    0.000000E+00    0.000000E+00    0.000000E+00    2.019180E+02   -2.283374E+02   -7.938769E+00    0.000000E+00    0.000000E+00    0.000000E+00
8.627500E-01   -1.135214E+02   -8.945513E+01   -1.552694E+02    0.000000E+00    0.000000E+00    0.000000E+00    2.062895E+02   -2.327285E+02   -7.678598E+00    0.000000E+00    0.000000E+00    0.000000E+00
8.637500E-01   -1.140922E+02   -9.051221E+01   -1.554841E+02    0.000000E+00    0.000000E+00    0.000000E+00    2.075227E+02   -2.334903E+02   -7.258491E+00    0.000000E+00    0.000000E+00    0.000000E+00
8.647500E-01   -1.138295E+02   -9.162786E+01   -1.568302E+02    0.000000E+00    0.000000E+00    0.000000E+00    2.096551E+02   -2.343022E+02   -6.137963E+00    0.000000E+00    0.000000E+00    0.000000E+00
8.657500E-01   -1.140000E+02   -9.006639E+01   -1.555492E+02    0.000000E+00    0.000000E+00    0.000000E+00    2.072076E+02   -2.334756E+02   -7.446089E+00    0.000000E+00    0.000000E+00    0.000000E+00
8.667500E-01   -1.173192E+02   -9.342193E+01   -1.600189E+02    0.000000E+00    0.000000E+00    0.000000E+00    2.138485E+02   -2.403724E+02   -7.169230E+00    0.000000E+00    0.000000E+00    0.000000E+00
8.677500E-01   -1.156592E+02   -9.209628E+01   -1.586902E+02    0.000000E+00    0.000000E+00    0.000000E+00    2.114711E+02   -2.377904E+02   -7.185588E+00    0.000000E+00    0.000000E+00    0.000000E+00
8.687500E-01   -1.156775E+02   -9.086761E+01   -1.569518E+02    0.000000E+00    0.000000E+00    0.000000E+00    2.087942E+02   -2.366021E+02   -8.428162E+00    0.000000E+00    0.000000E+00    0.000000E+00
8.697500E-01   -1.224663E+02   -9.791275E+01   -1.694281E+02    0.000000E+00    0.000000E+00    0.000000E+00    2.248328E+02   -2.534596E+02   -7.731616E+00    0.000000E+00    0.000000E+00    0.000000E+00
8.707500E-01   -1.357486E+02   -1.126243E+02   -1.930783E+02    0.000000E+00    0.000000E+00    0.000000E+00    2.567177E+02   -2.856729E+02   -5.549453E+00    0.000000E+00    0.000000E+00    0.000000E+00
8.717500E-01   -1.355472E+02   -1.186821E+02   -2.027234E+02    0.000000E+00    0.000000E+00    0.000000E+00    2.690667E+02   -2.941884E+02   -2.137234E+00    0.000000E+00    0.000000E+00    0.000000E+00
8.727500E-01   -1.428085E+02   -1.224094E+02   -2.310582E+02    0.000000E+00    0.000000E+00    0.000000E+00    2.952796E+02   -3.232802E+02   -2.783409E+00    0.000000E+00    0.000000E+00    0.000000E+00
8.737500E-01   -1.341910E+02   -1.052729E+02   -1.968245E+02    0.000000E+00    0.000000E+00    0.000000E+00    2.549662E+02   -2.857577E+02   -7.160806E+00    0.000000E+00    0.000000E+00    0.000000E+00
8.747500E-01   -1.289527E+02   -1.081534E+02   -1.745888E+02    0.000000E+00    0.000000E+00    0.000000E+00    2.393187E+02   -2.643479E+02   -4.135964E+00    0.000000E+00    0.000000E+00    0.000000E+00
8.757500E-01   -1.268661E+02   -1.011290E+02   -1.664690E+02    0.000000E+00    0.000000E+00    0.000000E+00    2.252337E+02   -2.566608E+02   -9.764901E+00    0.000000E+00    0.000000E+00    0.000000E+00
8.767500E-01   -1.350997E+02   -1.057633E+02   -1.795648E+02    0.000000E+00    0.000000E+00    0.000000E+00    2.396304E+02   -2.751701E+02   -1.161483E+01    0.000000E+00    0.000000E+00    0.000000E+00
8.777500E-01   -1.543399E+02   -1.286528E+02   -2.123035E+02    0.000000E+00    0.000000E+00    0.000000E+00    2.868546E+02   -3.200531E+02   -6.502194E+00    0.000000E+00    0.000000E+00    0.000000E+00
8.787500E-01   -1.637025E+02   -1.307437E+02   -2.225855E+02    0.000000E+00    0.000000E+00    0.000000E+00    2.966029E+02   -3.376099E+02   -1.117418E+01    0.000000E+00    0.000000E+00    0.000000E+00
8.797500E-01   -1.568493E+02   -1.225575E+02   -2.066606E+02    0.000000E+00    0.000000E+00    0.000000E+00    2.769948E+02   -3.183325E+02   -1.264186E+01    0.000000E+00    0.000000E+00    0.000000E+00
8.807500E-01   -1.502581E+02   -1.184100E+02   -1.946792E+02    0.000000E+00    0.000000E+00    0.000000E+00    2.642303E+02   -3.024377E+02   -1.114805E+01    0.000000E+00    0.000000E+00    0.000000E+00
8.817500E-01   -1.565263E+02   -1.202875E+02   -2.042587E+02    0.000000E+00    0.000000E+00    0.000000E+00    2.729039E+02   -3.166171E+02   -1.409706E+01    0.000000E+00    0.000000E+00    0.000000E+00
8.827500E-01   -1.635396E+02   -1.283938E+02   -2.167907E+02    0.000000E+00    0.000000E+00    0.000000E+00    2.910757E+02   -3.337191E+02   -1.176982E+01    0.000000E+00    0.000000E+00    0.000000E+00
8.837500E-01   -1.602245E+02   -1.205739E+02   -2.084622E+02    0.000000E+00    0.000000E+00    0.000000E+00    2.767652E+02   -3.242450E+02   -1.587334E+01    0.000000E+00    0.000000E+00    0.000000E+00
8.847500E-01   -1.544413E+02   -1.105884E+02   -1.939751E+02    0.000000E+00    0.000000E+00    0.000000E+00    2.556300E+02   -3.074582E+02   -2.018531E+01    0.000000E+00    0.000000E+00    0.000000E+00
8.857500E-01   -1.519486E+02   -1.132362E+02   -1.841494E+02    0.000000E+00    0.000000E+00    0.000000E+00    2.512842E+02   -2.976041E+02   -1.651809E+01    0.000000E+00    0.000000E+00    0.000000E+00
8.867500E-01   -1.533457E+02   -1.062674E+02   -1.895533E+02    0.000000E+00    0.000000E+00    0.000000E+00    2.478482E+02   -3.034896E+02   -2.264465E+01    0.000000E+00    0.000000E+00    0.000000E+00
8.877500E-01   -1.588872E+02   -1.093888E+02   -2.029960E+02    0.000000E+00    0.000000E+00    0.000000E+00    2.606329E+02   -3.198734E+02   -2.395020E+01    0.000000E+00    0.000000E+00    0.000000E+00
8.887500E-01   -1.626916E+02   -1.250102E+02   -2.054784E+02    0.000000E+00    0.000000E+00    0.000000E+00    2.787674E+02   -3.259607E+02   -1.431171E+01    0.000000E+00    0.000000E+00    0.000000E+00
8.897500E-01   -1.584378E+02   -1.107339E+02   -2.013620E+02    0.000000E+00    0.000000E+00    0.000000E+00    2.607377E+02   -3.186166E+02   -2.202840E+01    0.000000E+00    0.000000E+00    0.000000E+00
8.907500E-01   -1.549377E+02   -1.019309E+02   -1.980771E+02    0.000000E+00    0.000000E+00    0.000000E+00    2.491770E+02   -3.127484E+02   -2.616481E+01    0.000000E+00    0.000000E+00    0.000000E+00
8.917500E-01   -1.576178E+02   -1.175521E+02   -1.945869E+02    0.000000E+00    0.000000E+00    0.000000E+00    2.632213E+02   -3.130995E+02   -1.571779E+01    0.000000E+00    0.000000E+00    0.000000E+00
8.927500E-01   -1.573968E+02   -1.125887E+02   -2.008253E+02    0.000000E+00    0.000000E+00    0.000000E+00    2.619289E+02   -3.178880E+02   -1.902954E+01    0.000000E+00    0.000000E+00    0.000000E+00
8.937500E-01   -1.581561E+02   -1.085585E+02   -2.210006E+02    0.000000E+00    0.000000E+00    0.000000E+00    2.723012E+02   -3.343447E+02   -2.210209E+01    0.000000E+00    0.000000E+00    0.000000E+00
8.947500E-01   -1.591230E+02   -1.217213E+02   -2.172034E+02    0.000000E+00    0.000000E+00    0.000000E+00    2.840026E+02   -3.326531E+02   -1.236356E+01    0.000000E+00    0.000000E+00    0.000000E+00
8.957500E-01   -1.540330E+02   -1.093372E+02   -1.941073E+02    0.000000E+00    0.000000E+00    0.000000E+00    2.535212E+02   -3.100022E+02   -1.869268E+01    0.000000E+00    0.000000E+00    0.000000E+00
8.967500E-01   -1.539874E+02   -9.877809E+01   -1.946886E+02    0.000000E+00    0.000000E+00    0.000000E+00    2.419613E+02   -3.107667E+02   -2.703974E+01    0.000000E+00    0.000000E+00    0.000000E+00
8.977500E-01   -1.577801E+02   -1.086346E+02   -2.002437E+02    0.000000E+00    0.000000E+00    0.000000E+00    2.564211E+02   -3.194338E+02   -2.197682E+01    0.000000E+00    0.000000E+00    0.000000E+00
8.987500E-01   -1.550102E+02   -1.073790E+02   -1.984024E+02    0.000000E+00    0.000000E+00    0.000000E+00    2.536541E+02   -3.153715E+02   -2.052557E+01    0.000000E+00    0.000000E+00    0.000000E+00
8.997500E-01   -1.546077E+02   -9.564562E+01   -1.927250E+02    0.000000E+00    0.000000E+00    0.000000E+00    2.369443E+02   -3.108589E+02   -2.889456E+01    0.000000E+00    0.000000E+00    0.000000E+00
9.007500E-01   -1.445861E+02   -7.258242E+01   -1.616261E+02    0.000000E+00    0.000000E+00    0.000000E+00    1.909800E+02   -2.764722E+02   -3.975629E+01    0.000000E+00    0.000000E+00    0.000000E+00
9.017500E-01   -1.431180E+02   -6.931453E+01   -1.582376E+02    0.000000E+00    0.000000E+00    0.000000E+00    1.849615E+02   -2.724029E+02   -4.121835E+01    0.000000E+00    0.000000E+00    0.000000E+00
9.027500E-01   -1.499794E+02   -7.758997E+01   -1.725454E+02    0.000000E+00    0.000000E+00    0.000000E+00    2.033173E+02   -2.908794E+02   -3.921116E+01    0.000000E+00    0.000000E+00    0.000000E+00
9.037500E-01   -1.508586E+02   -7.767630E+01   -1.772266E+02    0.000000E+00    0.000000E+00    0.000000E+00    2.064664E+02   -2.956471E+02   -3.956168E+01    0.000000E+00    0.000000E+00    0.000000E+00
9.047500E-01   -1.783010E+02   -8.964314E+01   -2.313275E+02    0.000000E+00    0.000000E+00    0.000000E+00    2.566507E+02   -3.661740E+02   -4.799127E+01    0.000000E+00    0.000000E+00    0.000000E+00
9.057500E-01   -1.717408E+02   -9.869879E+01   -2.198660E+02    0.000000E+00    0.000000E+00    0.000000E+00    2.581030E+02   -3.507310E+02   -3.629374E+01    0.000000E+00    0.000000E+00    0.000000E+00
9.067500E-01   -1.584982E+02   -9.537561E+01   -2.001983E+02    0.000000E+00    0.000000E+00    0.000000E+00    2.404628E+02   -3.218209E+02   -2.992224E+01    0.000000E+00    0.000000E+00    0.000000E+00
9.077500E-01   -1.534372E+02   -8.887147E+01   -1.968430E+02    0.000000E+00    0.000000E+00    0.000000E+00    2.312532E+02   -3.139423E+02   -3.167691E+01    0.000000E+00    0.000000E+00    0.000000E+00
9.087500E-01   -1.581074E+02   -9.155021E+01   -2.031565E+02    0.000000E+00    0.000000E+00    0.000000E+00    2.386825E+02   -3.238510E+02   -3.277675E+01    0.000000E+00    0.000000E+00    0.000000E+00
9.097500E-01   -1.618160E+02   -9.820519E+01   -2.115181E+02    0.000000E+00    0.000000E+00    0.000000E+00    2.515677E+02   -3.342711E+02   -3.007342E+01    0.000000E+00    0.000000E+00    0.000000E+00
9.107500E-01   -1.619964E+02   -9.694007E+01   -2.127186E+02    0.000000E+00    0.000000E+00    0.000000E+00    2.508785E+02   -3.354575E+02   -3.099307E+01    0.000000E+00    0.000000E+00    0.000000E+00
9.117500E-01   -1.615331E+02   -9.750466E+01   -2.087869E+02    0.000000E+00    0.000000E+00    0.000000E+00    2.488357E+02   -3.319994E+02   -3.010668E+01    0.000000E+00    0.000000E+00    0.000000E+00
9.127500E-01   -1.632244E+02   -1.004501E+02   -2.114885E+02    0.000000E+00    0.000000E+00    0.000000E+00    2.538030E+02   -3.359868E+02   -2.874356E+01    0.000000E+00    0.000000E+00    0.000000E+00
9.137500E-01   -1.785236E+02   -9.847565E+01   -2.275095E+02    0.000000E+00    0.000000E+00    0.000000E+00    2.624958E+02   -3.647868E+02   -4.015191E+01    0.000000E+00    0.000000E+00    0.000000E+00
9.147500E-01   -1.998091E+02   -9.936398E+01   -2.482134E+02    0.000000E+00    0.000000E+00    0.000000E+00    2.775396E+02   -4.034644E+02   -5.295491E+01    0.000000E+00    0.000000E+00    0.000000E+00
9.157500E-01   -1.792035E+02   -1.038364E+02   -2.328425E+02    0.000000E+00    0.000000E+00    0.000000E+00    2.712766E+02   -3.700121E+02   -3.591429E+01    0.000000E+00    0.000000E+00    0.000000E+00
9.167500E-01   -1.673450E+02   -1.011077E+02   -2.226027E+02    0.000000E+00    0.000000E+00    0.000000E+00    2.610258E+02   -3.497400E+02   -3.039166E+01    0.000000E+00    0.000000E+00    0.000000E+00
9.177500E-01   -1.681628E+02   -9.936647E+01   -2.194268E+02    0.000000E+00    0.000000E+00    0.000000E+00    2.571069E+02   -3.481251E+02   -3.234508E+01    0.000000E+00    0.000000E+00    0.000000E+00
9.187500E-01   -1.739120E+02   -1.015137E+02   -2.261205E+02    0.000000E+00    0.000000E+00    0.000000E+00    2.641030E+02   -3.592514E+02   -3.447382E+01    0.000000E+00    0.000000E+00    0.000000E+00
9.197500E-01   -1.727420E+02   -1.008260E+02   -2.243270E+02    0.000000E+00    0.000000E+00    0.000000E+00    2.622528E+02   -3.564481E+02   -3.412442E+01    0.000000E+00    0.000000E+00    0.000000E+00
9.207500E-01   -1.737031E+02   -1.025888E+02   -2.231040E+02    0.000000E+00    0.000000E+00    0.000000E+00    2.632512E+02   -3.565168E+02   -3.314438E+01    0.000000E+00    0.000000E+00    0.000000E+00
9.217500E-01   -1.685783E+02   -9.958047E+01   -2.143570E+02    0.000000E+00    0.000000E+00    0.000000E+00    2.540650E+02   -3.442409E+02   -3.185091E+01    0.000000E+00    0.000000E+00    0.000000E+00
9.227500E-01   -1.719902E+02   -1.034450E+02   -2.188975E+02    0.000000E+00    0.000000E+00    0.000000E+00    2.611013E+02   -3.513738E+02   -3.097653E+01    0.000000E+00    0.000000E+00    0.000000E+00
9.237500E-01   -1.773502E+02   -1.075829E+02   -2.261960E+02    0.000000E+00    0.000000E+00    0.000000E+00    2.702798E+02   -3.627484E+02   -3.116467E+01    0.000000E+00    0.000000E+00    0.000000E+00
9.247500E-01   -2.196977E+02   -1.487353E+02   -2.926338E+02    0.000000E+00    0.000000E+00    0.000000E+00    3.585315E+02   -4.600042E+02   -2.687399E+01    0.000000E+00    0.000000E+00    0.000000E+00
9.257500E-01   -1.795795E+02   -1.098139E+02   -2.297891E+02    0.000000E+00    0.000000E+00    0.000000E+00    2.750320E+02   -3.677869E+02   -3.041007E+01    0.000000E+00    0.000000E+00    0.000000E+00
9.267500E-01   -1.525932E+02   -8.099594E+01   -1.859318E+02    0.000000E+00    0.000000E+00    0.000000E+00    2.147575E+02   -3.044600E+02   -3.514152E+01    0.000000E+00    0.000000E+00    0.000000E+00
9.277500E-01   -1.589380E+02   -8.913034E+01   -2.005989E+02    0.000000E+00    0.000000E+00    0.000000E+00    2.329536E+02   -3.229715E+02   -3.325538E+01    0.000000E+00    0.000000E+00    0.000000E+00
9.287500E-01   -1.530585E+02   -8.122918E+01   -1.947206E+02    0.000000E+00    0.000000E+00    0.000000E+00    2.204624E+02   -3.124477E+02   -3.552663E+01    0.000000E+00    0.000000E+00    0.000000E+00
9.297500E-01   -1.639559E+02   -9.020035E+01   -2.066622E+02    0.000000E+00    0.000000E+00    0.000000E+00    2.379513E+02   -3.334680E+02   -3.555365E+01    0.000000E+00    0.000000E+00    0.000000E+00
9.307500E-01   -1.783332E+02   -1.054500E+02   -2.270182E+02    0.000000E+00    0.000000E+00    0.000000E+00    2.677936E+02   -3.645234E+02   -3.298197E+01    0.000000E+00    0.000000E+00    0.000000E+00
9.317500E-01   -1.740631E+02   -9.693821E+01   -2.183254E+02    0.000000E+00    0.000000E+00    0.000000E+00    2.529039E+02   -3.529196E+02   -3.675801E+01    0.000000E+00    0.000000E+00    0.000000E+00
9.327500E-01   -1.671625E+02   -8.851688E+01   -2.024992E+02    0.000000E+00    0.000000E+00    0.000000E+00    2.333369E+02   -3.330034E+02   -3.882612E+01    0.000000E+00    0.000000E+00    0.000000E+00
9.337500E-01   -1.670247E+02   -8.924014E+01   -2.053506E+02    0.000000E+00    0.000000E+00    0.000000E+00    2.359373E+02   -3.349852E+02   -3.815490E+01    0.000000E+00    0.000000E+00    0.000000E+00
9.347500E-01   -1.674231E+02   -8.991049E+01   -2.109967E+02    0.000000E+00    0.000000E+00    0.000000E+00    2.404374E+02   -3.398930E+02   -3.782127E+01    0.000000E+00    0.000000E+00    0.000000E+00
9.357500E-01   -1.712700E+02   -9.189947E+01   -2.150821E+02    0.000000E+00    0.000000E+00    0.000000E+00    2.452945E+02   -3.473022E+02   -3.880669E+01    0.000000E+00    0.000000E+00    0.000000E+00
9.367500E-01   -1.681417E+02   -8.625790E+01   -2.100232E+02    0.000000E+00    0.000000E+00    0.000000E+00    2.359044E+02   -3.399712E+02   -4.127662E+01    0.000000E+00    0.000000E+00    0.000000E+00
9.377500E-01   -2.094144E+02   -1.355136E+02   -2.797930E+02    0.000000E+00    0.000000E+00    0.000000E+00    3.346906E+02   -4.393894E+02   -2.964825E+01    0.000000E+00    0.000000E+00    0.000000E+00
9.387500E-01   -1.851166E+02   -1.216881E+02   -2.445579E+02    0.000000E+00    0.000000E+00    0.000000E+00    2.966624E+02   -3.861583E+02   -2.423362E+01    0.000000E+00    0.000000E+00    0.000000E+00
9.397500E-01   -1.760575E+02   -1.068618E+02   -2.259613E+02    0.000000E+00    0.000000E+00    0.000000E+00    2.681007E+02   -3.621015E+02   -2.995485E+01    0.000000E+00    0.000000E+00    0.000000E+00
9.407500E-01   -1.853168E+02   -1.168330E+02   -2.447701E+02    0.000000E+00    0.000000E+00    0.000000E+00    2.910042E+02   -3.870370E+02   -2.832971E+01    0.000000E+00    0.000000E+00    0.000000E+00
9.417500E-01   -1.639483E+02   -9.104472E+01   -2.107143E+02    0.000000E+00    0.000000E+00    0.000000E+00    2.406226E+02   -3.373672E+02   -3.446616E+01    0.000000E+00    0.000000E+00    0.000000E+00
9.427500E-01   -1.536287E+02   -6.905511E+01   -1.821211E+02    0.000000E+00    0.000000E+00    0.000000E+00    1.977498E+02   -3.034548E+02   -4.516097E+01    0.000000E+00    0.000000E+00    0.000000E+00
9.437500E-01   -1.839509E+02   -9.303826E+01   -2.293257E+02    0.000000E+00    0.000000E+00    0.000000E+00    2.544330E+02   -3.731498E+02   -4.627845E+01    0.000000E+00    0.000000E+00    0.000000E+00
9.447500E-01   -1.846783E+02   -1.010026E+02   -2.471016E+02    0.000000E+00    0.000000E+00    0.000000E+00    2.747216E+02   -3.884374E+02   -4.021511E+01    0.000000E+00    0.000000E+00    0.000000E+00
9.457500E-01   -1.548787E+02   -7.840014E+01   -1.986764E+02    0.000000E+00    0.000000E+00    0.000000E+00    2.186474E+02   -3.186664E+02   -3.826149E+01    0.000000E+00    0.000000E+00    0.000000E+00
9.467500E-01   -1.933641E+02   -9.761656E+01   -2.365263E+02    0.000000E+00    0.000000E+00    0.000000E+00    2.636591E+02   -3.897765E+02   -4.817027E+01    0.000000E+00    0.000000E+00    0.000000E+00
9.477500E-01   -1.886579E+02   -1.022952E+02   -2.384601E+02    0.000000E+00    0.000000E+00    0.000000E+00    2.698851E+02   -3.864241E+02   -4.144912E+01    0.000000E+00    0.000000E+00    0.000000E+00
9.487500E-01   -1.535899E+02   -9.387516E+01   -2.120983E+02    0.000000E+00    0.000000E+00    0.000000E+00    2.431955E+02   -3.285921E+02   -2.474356E+01    0.000000E+00    0.000000E+00    0.000000E+00
9.497500E-01   -1.733762E+02   -1.085904E+02   -2.467409E+02    0.000000E+00    0.000000E+00    0.000000E+00    2.809243E+02   -3.777336E+02   -2.542090E+01    0.000000E+00    0.000000E+00    0.000000E+00
9.507500E-01   -1.843062E+02   -1.083328E+02   -2.455711E+02    0.000000E+00    0.000000E+00    0.000000E+00    2.799502E+02   -3.884953E+02   -3.284774E+01    0.000000E+00    0.000000E+00    0.000000E+00
9.517500E-01   -1.434314E+02   -9.326682E+01   -1.933516E+02    0.000000E+00    0.000000E+00    0.000000E+00    2.282128E+02   -3.048723E+02   -1.947750E+01    0.000000E+00    0.000000E+00    0.000000E+00
9.527500E-01   -1.612261E+02   -1.092464E+02   -2.343699E+02    0.000000E+00    0.000000E+00    0.000000E+00    2.741897E+02   -3.555011E+02   -1.474270E+01    0.000000E+00    0.000000E+00    0.000000E+00
9.537500E-01   -1.601586E+02   -9.994082E+01   -2.198756E+02    0.000000E+00    0.000000E+00    0.000000E+00    2.547610E+02   -3.428323E+02   -2.214345E+01    0.000000E+00    0.000000E+00    0.000000E+00
9.547500E-01   -1.712994E+02   -9.362208E+01   -2.205450E+02    0.000000E+00    0.000000E+00    0.000000E+00    2.476900E+02   -3.552999E+02   -3.556951E+01    0.000000E+00    0.000000E+00    0.000000E+00
9.557500E-01   -1.687507E+02   -9.298056E+01   -2.205240E+02    0.000000E+00    0.000000E+00    0.000000E+00    2.465109E+02   -3.524218E+02   -3.442206E+01    0.000000E+00    0.000000E+00    0.000000E+00
9.567500E-01   -1.772918E+02   -1.021586E+02   -2.328826E+02    0.000000E+00    0.000000E+00    0.000000E+00    2.641009E+02   -3.714620E+02   -3.210128E+01    0.000000E+00    0.000000E+00    0.000000E+00
9.577500E-01   -1.901376E+02   -1.028800E+02   -2.430648E+02    0.000000E+00    0.000000E+00    0.000000E+00    2.711761E+02   -3.933865E+02   -3.920630E+01    0.000000E+00    0.000000E+00    0.000000E+00
9.587500E-01   -1.803751E+02   -9.231187E+01   -2.247891E+02    0.000000E+00    0.000000E+00    0.000000E+00    2.479504E+02   -3.682596E+02   -4.088570E+01    0.000000E+00    0.000000E+00    0.000000E+00
9.597500E-01   -1.810354E+02   -9.327501E+01   -2.298777E+02    0.000000E+00    0.000000E+00    0.000000E+00    2.518046E+02   -3.731945E+02   -3.982405E+01    0.000000E+00    0.000000E+00    0.000000E+00
9.607500E-01   -1.788611E+02   -9.445346E+01   -2.367609E+02    0.000000E+00    0.000000E+00    0.000000E+00    2.569874E+02   -3.766647E+02   -3.689918E+01    0.000000E+00    0.000000E+00    0.000000E+00
9.617500E-01   -1.731143E+02   -9.357029E+01   -2.304744E+02    0.000000E+00    0.000000E+00    0.000000E+00    2.515733E+02   -3.657143E+02   -3.366637E+01    0.000000E+00    0.000000E+00    0.000000E+00
9.627500E-01   -1.817221E+02   -9.475529E+01   -2.399255E+02    0.000000E+00    0.000000E+00    0.000000E+00    2.581631E+02   -3.825554E+02   -3.785518E+01    0.000000E+00    0.000000E+00    0.000000E+00
9.637500E-01   -1.756558E+02   -8.735167E+01   -2.297135E+02    0.000000E+00    0.000000E+00    0.000000E+00    2.433328E+02   -3.678742E+02   -3.980882E+01    0.000000E+00    0.000000E+00    0.000000E+00
9.647500E-01   -1.728521E+02   -8.607181E+01   -2.240413E+02    0.000000E+00    0.000000E+00    0.000000E+00    2.380030E+02   -3.604631E+02   -3.878397E+01    0.000000E+00    0.000000E+00    0.000000E+00
9.657500E-01   -1.781909E+02   -8.911424E+01   -2.354923E+02    0.000000E+00    0.000000E+00    0.000000E+00    2.479384E+02   -3.754959E+02   -3.924568E+01    0.000000E+00    0.000000E+00    0.000000E+00
9.667500E-01   -1.695579E+02   -8.703104E+01   -2.278102E+02    0.000000E+00    0.000000E+00    0.000000E+00    2.406125E+02   -3.601526E+02   -3.521257E+01    0.000000E+00    0.000000E+00    0.000000E+00
9.677500E-01   -1.791941E+02   -9.730281E+01   -2.406428E+02    0.000000E+00    0.000000E+00    0.000000E+00    2.593166E+02   -3.808507E+02   -3.263263E+01    0.000000E+00    0.000000E+00    0.000000E+00
9.687500E-01   -1.801558E+02   -9.189758E+01   -2.416350E+02    0.000000E+00    0.000000E+00    0.000000E+00    2.535751E+02   -3.826778E+02   -3.717246E+01    0.000000E+00    0.000000E+00    0.000000E+00
9.697500E-01   -1.668324E+02   -8.267220E+01   -2.227725E+02    0.000000E+00    0.000000E+00    0.000000E+00    2.316121E+02   -3.532226E+02   -3.617586E+01    0.000000E+00    0.000000E+00    0.000000E+00
9.707500E-01   -1.796289E+02   -9.326688E+01   -2.373521E+02    0.000000E+00    0.000000E+00    0.000000E+00    2.515273E+02   -3.787895E+02   -3.526146E+01    0.000000E+00    0.000000E+00    0.000000E+00
9.717500E-01   -1.813743E+02   -8.914519E+01   -2.393561E+02    0.000000E+00    0.000000E+00    0.000000E+00    2.476419E+02   -3.823553E+02   -3.920051E+01    0.000000E+00    0.000000E+00    0.000000E+00
9.727500E-01   -1.651288E+02   -7.695548E+01   -2.168740E+02    0.000000E+00    0.000000E+00    0.000000E+00    2.201840E+02   -3.469492E+02   -3.864664E+01    0.000000E+00    0.000000E+00    0.000000E+00
9.737500E-01   -1.623276E+02   -6.509774E+01   -2.100441E+02    0.000000E+00    0.000000E+00    0.000000E+00    2.024432E+02   -3.385613E+02   -4.587226E+01    0.000000E+00    0.000000E+00    0.000000E+00
9.747500E-01   -1.639923E+02   -5.830449E+01   -2.135076E+02    0.000000E+00    0.000000E+00    0.000000E+00    1.967653E+02   -3.431696E+02   -5.202244E+01    0.000000E+00    0.000000E+00    0.000000E+00
9.757500E-01   -1.611329E+02   -6.163966E+01   -2.104173E+02    0.000000E+00    0.000000E+00    0.000000E+00    1.983439E+02   -3.376900E+02   -4.749306E+01    0.000000E+00    0.000000E+00    0.000000E+00
9.767500E-01   -1.674816E+02   -6.016480E+01   -2.170680E+02    0.000000E+00    0.000000E+00    0.000000E+00    1.999579E+02   -3.499305E+02   -5.196812E+01    0.000000E+00    0.000000E+00    0.000000E+00
9.777500E-01   -1.756877E+02   -6.307718E+01   -2.305926E+02    0.000000E+00    0.000000E+00    0.000000E+00    2.107243E+02   -3.696337E+02   -5.425582E+01    0.000000E+00    0.000000E+00    0.000000E+00
9.787500E-01   -1.786382E+02   -7.688855E+01   -2.368518E+02    0.000000E+00    0.000000E+00    0.000000E+00    2.292943E+02   -3.779342E+02   -4.483010E+01    0.000000E+00    0.000000E+00    0.000000E+00
9.797500E-01   -1.779721E+02   -7.314916E+01   -2.364576E+02    0.000000E+00    0.000000E+00    0.000000E+00    2.242589E+02   -3.770058E+02   -4.682965E+01    0.000000E+00    0.000000E+00    0.000000E+00
9.807500E-01   -1.762497E+02   -6.742824E+01   -2.359499E+02    0.000000E+00    0.000000E+00    0.000000E+00    2.171633E+02   -3.747800E+02   -4.992622E+01    0.000000E+00    0.000000E+00    0.000000E+00
9.817500E-01   -1.790470E+02   -7.496516E+01   -2.385341E+02    0.000000E+00    0.000000E+00    0.000000E+00    2.266512E+02   -3.799722E+02   -4.533697E+01    0.000000E+00    0.000000E+00    0.000000E+00
9.827500E-01   -1.787003E+02   -6.789500E+01   -2.366961E+02    0.000000E+00    0.000000E+00    0.000000E+00    2.173119E+02   -3.781868E+02   -5.035997E+01    0.000000E+00    0.000000E+00    0.000000E+00
9.837500E-01   -1.747757E+02   -6.001004E+01   -2.324786E+02    0.000000E+00    0.000000E+00    0.000000E+00    2.057130E+02   -3.705800E+02   -5.401371E+01    0.000000E+00    0.000000E+00    0.000000E+00
9.847500E-01   -1.766961E+02   -6.312071E+01   -2.352222E+02    0.000000E+00    0.000000E+00    0.000000E+00    2.102832E+02   -3.749515E+02   -5.240667E+01    0.000000E+00    0.000000E+00    0.000000E+00
9.857500E-01   -1.806953E+02   -6.415000E+01   -2.423414E+02    0.000000E+00    0.000000E+00    0.000000E+00    2.150994E+02   -3.850566E+02   -5.368473E+01    0.000000E+00    0.000000E+00    0.000000E+00
9.867500E-01   -1.828890E+02   -6.808434E+01   -2.459624E+02    0.000000E+00    0.000000E+00    0.000000E+00    2.210739E+02   -3.903422E+02   -5.161893E+01    0.000000E+00    0.000000E+00    0.000000E+00
9.877500E-01   -1.850434E+02   -7.073264E+01   -2.471688E+02    0.000000E+00    0.000000E+00    0.000000E+00    2.241701E+02   -3.935900E+02   -5.047515E+01    0.000000E+00    0.000000E+00    0.000000E+00
9.887500E-01   -1.886454E+02   -7.067741E+01   -2.515235E+02    0.000000E+00    0.000000E+00    0.000000E+00    2.262598E+02   -4.009105E+02   -5.235486E+01    0.000000E+00    0.000000E+00    0.000000E+00
9.897500E-01   -2.225174E+02   -1.013067E+02   -2.975841E+02    0.000000E+00    0.000000E+00    0.000000E+00    2.856799E+02   -4.745366E+02   -4.700204E+01    0.000000E+00    0.000000E+00    0.000000E+00
9.907500E-01   -2.189933E+02   -1.022107E+02   -2.881452E+02    0.000000E+00    0.000000E+00    0.000000E+00    2.809089E+02   -4.632232E+02   -4.388571E+01    0.000000E+00    0.000000E+00    0.000000E+00
9.917500E-01   -2.028802E+02   -8.728414E+01   -2.698597E+02    0.000000E+00    0.000000E+00    0.000000E+00    2.534275E+02   -4.311001E+02   -4.609124E+01    0.000000E+00    0.000000E+00    0.000000E+00
9.927500E-01   -2.180433E+02   -1.084164E+02   -2.956154E+02    0.000000E+00    0.000000E+00    0.000000E+00    2.904242E+02   -4.682795E+02   -3.744857E+01    0.000000E+00    0.000000E+00    0.000000E+00
9.937500E-01   -1.592553E+02   -5.824794E+01   -2.100527E+02    0.000000E+00    0.000000E+00    0.000000E+00    1.865674E+02   -3.360712E+02   -4.384542E+01    0.000000E+00    0.000000E+00    0.000000E+00
9.947500E-01   -1.859780E+02   -6.480999E+01   -2.416723E+02    0.000000E+00    0.000000E+00    0.000000E+00    2.108468E+02   -3.901662E+02   -5.350495E+01    0.000000E+00    0.000000E+00    0.000000E+00
9.957500E-01   -2.460493E+02   -1.171224E+02   -3.225542E+02    0.000000E+00    0.000000E+00    0.000000E+00    3.134174E+02   -5.201985E+02   -4.566309E+01    0.000000E+00    0.000000E+00    0.000000E+00
9.967500E-01   -1.764174E+02   -7.374630E+01   -2.310925E+02    0.000000E+00    0.000000E+00    0.000000E+00    2.143649E+02   -3.717256E+02   -4.085302E+01    0.000000E+00    0.000000E+00    0.000000E+00
9.977500E-01   -1.824645E+02   -7.447520E+01   -2.388261E+02    0.000000E+00    0.000000E+00    0.000000E+00    2.182403E+02   -3.846435E+02   -4.282116E+01    0.000000E+00    0.000000E+00    0.000000E+00
9.987500E-01   -1.943054E+02   -7.317812E+01   -2.546900E+02    0.000000E+00    0.000000E+00    0.000000E+00    2.254574E+02   -4.102818E+02   -5.034511E+01    0.000000E+00    0.000000E+00    0.000000E+00
