 LS-DYNA keyword deck by LS-PrePost                                      
                    ls-dyna mpp d R14 R14.1.1_16_fadfb4 date 05/14/2025
ICFD Drag Forces and Moments
time,            Fpx,Fpy,            Fpz,Fvx,            Fvy,Fvz,            Mpx,Mpy,            Mpz,Mvx,            Mvy,Mvz
5.000000E-04    5.439237E-02    3.507970E-02   -5.198755E+01    0.000000E+00    0.000000E+00    0.000000E+00   -1.323594E-02    3.326452E-03    2.055371E-02    0.000000E+00    0.000000E+00    0.000000E+00
1.500000E-03    2.363682E-01    1.754579E-01   -4.784286E+01    0.000000E+00    0.000000E+00    0.000000E+00   -7.067042E-02    1.042483E-01    2.834170E-03    0.000000E+00    0.000000E+00    0.000000E+00
2.500000E-03    4.417709E-03    1.222789E-02   -4.278329E+01    0.000000E+00    0.000000E+00    0.000000E+00   -1.083915E-02    1.887728E-02    2.743712E-03    0.000000E+00    0.000000E+00    0.000000E+00
3.500000E-03    2.940828E-01   -2.520450E-03   -4.113935E+01    0.000000E+00    0.000000E+00    0.000000E+00    2.917942E-03    9.738427E-02    5.442128E-03    0.000000E+00    0.000000E+00    0.000000E+00
4.500000E-03    4.315543E-01   -2.198880E-02   -3.982418E+01    0.000000E+00    0.000000E+00    0.000000E+00    1.905731E-02    1.389811E-01    4.547970E-03    0.000000E+00    0.000000E+00    0.000000E+00
5.500000E-03    3.119630E-01   -7.568632E-02   -3.856397E+01    0.000000E+00    0.000000E+00    0.000000E+00    4.115022E-02    1.037210E-01    3.153790E-03    0.000000E+00    0.000000E+00    0.000000E+00
6.500000E-03    9.114199E-03   -1.086273E-01   -1.405637E+00    0.000000E+00    0.000000E+00    0.000000E+00    4.580509E-02    6.895877E-03   -7.957284E-04    0.000000E+00    0.000000E+00    0.000000E+00
7.500000E-03   -2.845497E-02   -2.753173E-02    8.647554E+00    0.000000E+00    0.000000E+00    0.000000E+00    5.192554E-03   -4.022959E-03   -1.188373E-03    0.000000E+00    0.000000E+00    0.000000E+00
8.500000E-03    4.757788E-02   -3.055756E-02   -5.466476E+00    0.000000E+00    0.000000E+00    0.000000E+00    1.060115E-02    2.010246E-02    1.452499E-03    0.000000E+00    0.000000E+00    0.000000E+00
9.500000E-03    5.838445E-02   -7.775987E-02   -5.689448E+00    0.000000E+00    0.000000E+00    0.000000E+00    3.262289E-02    2.269696E-02   -5.143341E-04    0.000000E+00    0.000000E+00    0.000000E+00
1.050000E-02    3.427945E-02   -6.552290E-02   -1.307400E+00    0.000000E+00    0.000000E+00    0.000000E+00    2.534609E-02    1.498239E-02   -1.500332E-03    0.000000E+00    0.000000E+00    0.000000E+00
1.150000E-02    3.235367E-02   -5.114851E-02   -2.655251E+00    0.000000E+00    0.000000E+00    0.000000E+00    1.868056E-02    1.515574E-02   -2.466759E-04    0.000000E+00    0.000000E+00    0.000000E+00
1.250000E-02    4.410244E-02   -6.234782E-02   -4.256419E+00    0.000000E+00    0.000000E+00    0.000000E+00    2.381616E-02    1.846673E-02   -2.444384E-04    0.000000E+00    0.000000E+00    0.000000E+00
1.350000E-02    4.885292E-02   -6.777502E-02   -3.987889E+00    0.000000E+00    0.000000E+00    0.000000E+00    2.639259E-02    2.031522E-02   -8.663769E-04    0.000000E+00    0.000000E+00    0.000000E+00
1.450000E-02    4.081879E-02   -6.168316E-02   -4.005187E+00    0.000000E+00    0.000000E+00    0.000000E+00    2.352890E-02    1.716146E-02   -3.860215E-04    0.000000E+00    0.000000E+00    0.000000E+00
1.550000E-02    3.911284E-02   -6.458468E-02   -4.575420E+00    0.000000E+00    0.000000E+00    0.000000E+00    2.490791E-02    1.614181E-02   -8.079184E-04    0.000000E+00    0.000000E+00    0.000000E+00
1.650000E-02    4.079131E-02   -6.578490E-02   -4.984969E+00    0.000000E+00    0.000000E+00    0.000000E+00    2.545520E-02    1.662448E-02   -7.544727E-04    0.000000E+00    0.000000E+00    0.000000E+00
1.750000E-02    3.502411E-02   -6.331269E-02   -5.260946E+00    0.000000E+00    0.000000E+00    0.000000E+00    2.451063E-02    1.401393E-02   -8.101224E-04    0.000000E+00    0.000000E+00    0.000000E+00
1.850000E-02    3.194103E-02   -5.794442E-02   -5.611990E+00    0.000000E+00    0.000000E+00    0.000000E+00    2.200288E-02    1.283855E-02   -1.021332E-03    0.000000E+00    0.000000E+00    0.000000E+00
1.950000E-02    2.626947E-02   -5.813882E-02   -6.004607E+00    0.000000E+00    0.000000E+00    0.000000E+00    2.246182E-02    1.017552E-02   -1.174874E-03    0.000000E+00    0.000000E+00    0.000000E+00
2.050000E-02    2.114436E-02   -5.166796E-02   -6.370739E+00    0.000000E+00    0.000000E+00    0.000000E+00    1.975958E-02    8.354319E-03   -1.707372E-03    0.000000E+00    0.000000E+00    0.000000E+00
2.150000E-02    1.588590E-02   -4.542647E-02   -6.720562E+00    0.000000E+00    0.000000E+00    0.000000E+00    1.701235E-02    6.329811E-03   -1.924157E-03    0.000000E+00    0.000000E+00    0.000000E+00
2.250000E-02    8.138287E-03   -4.269172E-02   -7.069906E+00    0.000000E+00    0.000000E+00    0.000000E+00    1.608232E-02    3.270514E-03   -1.980124E-03    0.000000E+00    0.000000E+00    0.000000E+00
2.350000E-02    1.080022E-04   -3.822761E-02   -7.408325E+00    0.000000E+00    0.000000E+00    0.000000E+00    1.452335E-02    1.952953E-04   -2.046917E-03    0.000000E+00    0.000000E+00    0.000000E+00
2.450000E-02   -8.837563E-03   -3.370737E-02   -7.730728E+00    0.000000E+00    0.000000E+00    0.000000E+00    1.294942E-02   -3.107320E-03   -2.118156E-03    0.000000E+00    0.000000E+00    0.000000E+00
2.550000E-02   -1.766962E-02   -2.976233E-02   -8.037009E+00    0.000000E+00    0.000000E+00    0.000000E+00    1.157383E-02   -6.290968E-03   -2.139521E-03    0.000000E+00    0.000000E+00    0.000000E+00
2.650000E-02   -2.571918E-02   -2.804080E-02   -8.326418E+00    0.000000E+00    0.000000E+00    0.000000E+00    1.128953E-02   -9.110620E-03   -2.157634E-03    0.000000E+00    0.000000E+00    0.000000E+00
2.750000E-02   -3.211108E-02   -2.610716E-02   -8.597817E+00    0.000000E+00    0.000000E+00    0.000000E+00    1.054440E-02   -1.135831E-02   -2.167183E-03    0.000000E+00    0.000000E+00    0.000000E+00
2.850000E-02   -3.708701E-02   -2.506394E-02   -8.852138E+00    0.000000E+00    0.000000E+00    0.000000E+00    1.061268E-02   -1.241300E-02   -2.025684E-03    0.000000E+00    0.000000E+00    0.000000E+00
2.950000E-02   -4.131220E-02   -2.294571E-02   -9.091666E+00    0.000000E+00    0.000000E+00    0.000000E+00    9.929540E-03   -1.361597E-02   -2.037375E-03    0.000000E+00    0.000000E+00    0.000000E+00
3.050000E-02   -4.451405E-02   -2.045573E-02   -9.317560E+00    0.000000E+00    0.000000E+00    0.000000E+00    8.885528E-03   -1.437022E-02   -2.035582E-03    0.000000E+00    0.000000E+00    0.000000E+00
3.150000E-02   -4.648897E-02   -1.829514E-02   -9.531577E+00    0.000000E+00    0.000000E+00    0.000000E+00    8.125006E-03   -1.459100E-02   -2.015236E-03    0.000000E+00    0.000000E+00    0.000000E+00
3.250000E-02   -4.797465E-02   -1.591194E-02   -9.735069E+00    0.000000E+00    0.000000E+00    0.000000E+00    7.225424E-03   -1.456438E-02   -2.034074E-03    0.000000E+00    0.000000E+00    0.000000E+00
3.350000E-02   -4.863915E-02   -1.433352E-02   -9.928537E+00    0.000000E+00    0.000000E+00    0.000000E+00    6.457772E-03   -1.418015E-02   -2.018140E-03    0.000000E+00    0.000000E+00    0.000000E+00
3.450000E-02   -4.660170E-02   -1.429329E-02   -1.011089E+01    0.000000E+00    0.000000E+00    0.000000E+00    6.651005E-03   -1.263035E-02   -1.996701E-03    0.000000E+00    0.000000E+00    0.000000E+00
3.550000E-02   -4.461336E-02   -1.330814E-02   -1.028138E+01    0.000000E+00    0.000000E+00    0.000000E+00    6.445029E-03   -1.145520E-02   -2.097610E-03    0.000000E+00    0.000000E+00    0.000000E+00
3.650000E-02   -4.060360E-02   -1.297673E-02   -1.043999E+01    0.000000E+00    0.000000E+00    0.000000E+00    6.538559E-03   -9.325659E-03   -2.056821E-03    0.000000E+00    0.000000E+00    0.000000E+00
3.750000E-02   -3.831548E-02   -1.259853E-02   -1.058654E+01    0.000000E+00    0.000000E+00    0.000000E+00    7.086520E-03   -8.209492E-03   -2.208684E-03    0.000000E+00    0.000000E+00    0.000000E+00
3.850000E-02   -3.313000E-02   -1.021244E-02   -1.072062E+01    0.000000E+00    0.000000E+00    0.000000E+00    6.579378E-03   -5.719764E-03   -2.352213E-03    0.000000E+00    0.000000E+00    0.000000E+00
3.950000E-02   -2.589759E-02   -9.732404E-03   -1.084079E+01    0.000000E+00    0.000000E+00    0.000000E+00    6.969891E-03   -2.329868E-03   -2.372616E-03    0.000000E+00    0.000000E+00    0.000000E+00
4.050000E-02   -1.854734E-02   -9.563729E-03   -1.094601E+01    0.000000E+00    0.000000E+00    0.000000E+00    7.248239E-03    1.032679E-03   -2.417747E-03    0.000000E+00    0.000000E+00    0.000000E+00
4.150000E-02   -1.006415E-02   -7.481493E-03   -1.103222E+01    0.000000E+00    0.000000E+00    0.000000E+00    6.808659E-03    4.847002E-03   -2.575726E-03    0.000000E+00    0.000000E+00    0.000000E+00
4.250000E-02   -5.381938E-03   -6.015555E-03   -1.111860E+01    0.000000E+00    0.000000E+00    0.000000E+00    6.190791E-03    6.704790E-03   -2.491054E-03    0.000000E+00    0.000000E+00    0.000000E+00
4.350000E-02    3.913343E-04   -4.158774E-03   -1.119312E+01    0.000000E+00    0.000000E+00    0.000000E+00    5.225063E-03    9.052088E-03   -2.367191E-03    0.000000E+00    0.000000E+00    0.000000E+00
4.450000E-02    7.527168E-03   -2.560970E-03   -1.125548E+01    0.000000E+00    0.000000E+00    0.000000E+00    4.380984E-03    1.198003E-02   -2.139530E-03    0.000000E+00    0.000000E+00    0.000000E+00
4.550000E-02    1.523339E-02   -2.988113E-03   -1.131219E+01    0.000000E+00    0.000000E+00    0.000000E+00    5.045790E-03    1.516252E-02   -2.294891E-03    0.000000E+00    0.000000E+00    0.000000E+00
4.650000E-02    2.019764E-02   -5.915105E-03   -1.136583E+01    0.000000E+00    0.000000E+00    0.000000E+00    6.684022E-03    1.763499E-02   -2.374976E-03    0.000000E+00    0.000000E+00    0.000000E+00
4.750000E-02    2.225346E-02   -7.784425E-03   -1.141655E+01    0.000000E+00    0.000000E+00    0.000000E+00    7.752929E-03    1.811053E-02   -2.243562E-03    0.000000E+00    0.000000E+00    0.000000E+00
4.850000E-02    2.595682E-02   -9.142309E-03   -1.146424E+01    0.000000E+00    0.000000E+00    0.000000E+00    8.435823E-03    1.967381E-02   -2.206389E-03    0.000000E+00    0.000000E+00    0.000000E+00
4.950000E-02    3.025300E-02   -9.654798E-03   -1.150850E+01    0.000000E+00    0.000000E+00    0.000000E+00    8.906363E-03    2.119377E-02   -2.129535E-03    0.000000E+00    0.000000E+00    0.000000E+00
5.050000E-02    3.381962E-02   -1.084980E-02   -1.154890E+01    0.000000E+00    0.000000E+00    0.000000E+00    9.362928E-03    2.234840E-02   -2.167218E-03    0.000000E+00    0.000000E+00    0.000000E+00
5.150000E-02    3.775428E-02   -1.190096E-02   -1.158495E+01    0.000000E+00    0.000000E+00    0.000000E+00    1.007555E-02    2.375769E-02   -2.225947E-03    0.000000E+00    0.000000E+00    0.000000E+00
5.250000E-02    4.055857E-02   -1.325046E-02   -1.161813E+01    0.000000E+00    0.000000E+00    0.000000E+00    1.052589E-02    2.434381E-02   -2.125832E-03    0.000000E+00    0.000000E+00    0.000000E+00
5.350000E-02    4.177923E-02   -1.176115E-02   -1.164809E+01    0.000000E+00    0.000000E+00    0.000000E+00    9.996195E-03    2.464601E-02   -2.052685E-03    0.000000E+00    0.000000E+00    0.000000E+00
5.450000E-02    4.506263E-02   -1.344670E-02   -1.167489E+01    0.000000E+00    0.000000E+00    0.000000E+00    1.052655E-02    2.523620E-02   -2.003793E-03    0.000000E+00    0.000000E+00    0.000000E+00
5.550000E-02    4.493154E-02   -1.457545E-02   -1.169889E+01    0.000000E+00    0.000000E+00    0.000000E+00    1.092061E-02    2.454324E-02   -2.120543E-03    0.000000E+00    0.000000E+00    0.000000E+00
5.650000E-02    4.550090E-02   -1.515622E-02   -1.172120E+01    0.000000E+00    0.000000E+00    0.000000E+00    1.090913E-02    2.385140E-02   -1.918282E-03    0.000000E+00    0.000000E+00    0.000000E+00
5.750000E-02    4.707154E-02   -1.741218E-02   -1.174236E+01    0.000000E+00    0.000000E+00    0.000000E+00    1.151545E-02    2.411917E-02   -1.962835E-03    0.000000E+00    0.000000E+00    0.000000E+00
5.850000E-02    4.917146E-02   -1.949566E-02   -1.176210E+01    0.000000E+00    0.000000E+00    0.000000E+00    1.209700E-02    2.440949E-02   -1.824027E-03    0.000000E+00    0.000000E+00    0.000000E+00
5.950000E-02    4.968577E-02   -2.144587E-02   -1.178051E+01    0.000000E+00    0.000000E+00    0.000000E+00    1.266827E-02    2.455215E-02   -1.743467E-03    0.000000E+00    0.000000E+00    0.000000E+00
6.050000E-02    5.309893E-02   -2.069499E-02   -1.179749E+01    0.000000E+00    0.000000E+00    0.000000E+00    1.238743E-02    2.581847E-02   -1.864893E-03    0.000000E+00    0.000000E+00    0.000000E+00
6.150000E-02    5.412748E-02   -2.287529E-02   -1.181360E+01    0.000000E+00    0.000000E+00    0.000000E+00    1.277344E-02    2.582945E-02   -1.883941E-03    0.000000E+00    0.000000E+00    0.000000E+00
6.250000E-02    5.567852E-02   -2.446981E-02   -1.182906E+01    0.000000E+00    0.000000E+00    0.000000E+00    1.331610E-02    2.599163E-02   -1.972061E-03    0.000000E+00    0.000000E+00    0.000000E+00
6.350000E-02    5.614372E-02   -2.543480E-02   -1.184385E+01    0.000000E+00    0.000000E+00    0.000000E+00    1.356790E-02    2.583162E-02   -1.941857E-03    0.000000E+00    0.000000E+00    0.000000E+00
6.450000E-02    5.638265E-02   -2.642868E-02   -1.185819E+01    0.000000E+00    0.000000E+00    0.000000E+00    1.382535E-02    2.553301E-02   -1.828796E-03    0.000000E+00    0.000000E+00    0.000000E+00
6.550000E-02    5.716342E-02   -2.800304E-02   -1.187204E+01    0.000000E+00    0.000000E+00    0.000000E+00    1.419452E-02    2.546505E-02   -1.795042E-03    0.000000E+00    0.000000E+00    0.000000E+00
6.650000E-02    5.775256E-02   -2.931855E-02   -1.188553E+01    0.000000E+00    0.000000E+00    0.000000E+00    1.449627E-02    2.545100E-02   -1.811583E-03    0.000000E+00    0.000000E+00    0.000000E+00
6.750000E-02    5.824132E-02   -3.038938E-02   -1.189855E+01    0.000000E+00    0.000000E+00    0.000000E+00    1.475259E-02    2.540436E-02   -1.855684E-03    0.000000E+00    0.000000E+00    0.000000E+00
6.850000E-02    5.889963E-02   -3.169111E-02   -1.191125E+01    0.000000E+00    0.000000E+00    0.000000E+00    1.506983E-02    2.544493E-02   -1.862255E-03    0.000000E+00    0.000000E+00    0.000000E+00
6.950000E-02    5.963202E-02   -3.285322E-02   -1.192357E+01    0.000000E+00    0.000000E+00    0.000000E+00    1.533933E-02    2.548335E-02   -1.855174E-03    0.000000E+00    0.000000E+00    0.000000E+00
7.050000E-02    6.046102E-02   -3.423195E-02   -1.193555E+01    0.000000E+00    0.000000E+00    0.000000E+00    1.572556E-02    2.556582E-02   -1.903218E-03    0.000000E+00    0.000000E+00    0.000000E+00
7.150000E-02    6.135333E-02   -3.545175E-02   -1.194723E+01    0.000000E+00    0.000000E+00    0.000000E+00    1.603006E-02    2.570542E-02   -1.929866E-03    0.000000E+00    0.000000E+00    0.000000E+00
7.250000E-02    6.226545E-02   -3.672648E-02   -1.195859E+01    0.000000E+00    0.000000E+00    0.000000E+00    1.631413E-02    2.581854E-02   -1.904645E-03    0.000000E+00    0.000000E+00    0.000000E+00
7.350000E-02    6.324334E-02   -3.782096E-02   -1.196964E+01    0.000000E+00    0.000000E+00    0.000000E+00    1.655525E-02    2.599162E-02   -1.912038E-03    0.000000E+00    0.000000E+00    0.000000E+00
7.450000E-02    6.353108E-02   -3.917051E-02   -1.198040E+01    0.000000E+00    0.000000E+00    0.000000E+00    1.693694E-02    2.586895E-02   -1.817665E-03    0.000000E+00    0.000000E+00    0.000000E+00
7.550000E-02    6.446622E-02   -3.977729E-02   -1.199093E+01    0.000000E+00    0.000000E+00    0.000000E+00    1.691158E-02    2.601007E-02   -1.872906E-03    0.000000E+00    0.000000E+00    0.000000E+00
7.650000E-02    6.587393E-02   -4.077041E-02   -1.200135E+01    0.000000E+00    0.000000E+00    0.000000E+00    1.707936E-02    2.638054E-02   -1.920445E-03    0.000000E+00    0.000000E+00    0.000000E+00
7.750000E-02    6.714305E-02   -4.188634E-02   -1.201172E+01    0.000000E+00    0.000000E+00    0.000000E+00    1.734589E-02    2.667949E-02   -1.938009E-03    0.000000E+00    0.000000E+00    0.000000E+00
7.850000E-02    6.832104E-02   -4.261213E-02   -1.202204E+01    0.000000E+00    0.000000E+00    0.000000E+00    1.745873E-02    2.689834E-02   -1.859490E-03    0.000000E+00    0.000000E+00    0.000000E+00
7.950000E-02    6.968033E-02   -4.338978E-02   -1.203234E+01    0.000000E+00    0.000000E+00    0.000000E+00    1.762655E-02    2.722399E-02   -1.883879E-03    0.000000E+00    0.000000E+00    0.000000E+00
8.050000E-02    7.049370E-02   -4.431686E-02   -1.204260E+01    0.000000E+00    0.000000E+00    0.000000E+00    1.789088E-02    2.728624E-02   -1.870623E-03    0.000000E+00    0.000000E+00    0.000000E+00
8.150000E-02    7.210433E-02   -4.447397E-02   -1.205290E+01    0.000000E+00    0.000000E+00    0.000000E+00    1.778939E-02    2.774965E-02   -1.873846E-03    0.000000E+00    0.000000E+00    0.000000E+00
8.250000E-02    7.376857E-02   -4.449361E-02   -1.206321E+01    0.000000E+00    0.000000E+00    0.000000E+00    1.763621E-02    2.823675E-02   -1.874926E-03    0.000000E+00    0.000000E+00    0.000000E+00
8.350000E-02    7.499812E-02   -4.502291E-02   -1.207352E+01    0.000000E+00    0.000000E+00    0.000000E+00    1.777102E-02    2.855370E-02   -1.591985E-03    0.000000E+00    0.000000E+00    0.000000E+00
8.450000E-02    7.663776E-02   -4.482490E-02   -1.208387E+01    0.000000E+00    0.000000E+00    0.000000E+00    1.755798E-02    2.906641E-02   -1.577899E-03    0.000000E+00    0.000000E+00    0.000000E+00
8.550000E-02    7.861606E-02   -4.441074E-02   -1.209425E+01    0.000000E+00    0.000000E+00    0.000000E+00    1.726416E-02    2.976988E-02   -1.674460E-03    0.000000E+00    0.000000E+00    0.000000E+00
8.650000E-02    8.191394E-02   -4.319138E-02   -1.210460E+01    0.000000E+00    0.000000E+00    0.000000E+00    1.659253E-02    3.114357E-02   -1.918182E-03    0.000000E+00    0.000000E+00    0.000000E+00
8.750000E-02    8.367216E-02   -4.261763E-02   -1.211506E+01    0.000000E+00    0.000000E+00    0.000000E+00    1.625890E-02    3.177038E-02   -1.953056E-03    0.000000E+00    0.000000E+00    0.000000E+00
8.850000E-02    8.558149E-02   -4.172628E-02   -1.212556E+01    0.000000E+00    0.000000E+00    0.000000E+00    1.579433E-02    3.246680E-02   -1.941667E-03    0.000000E+00    0.000000E+00    0.000000E+00
8.950000E-02    8.745092E-02   -4.057584E-02   -1.213612E+01    0.000000E+00    0.000000E+00    0.000000E+00    1.522774E-02    3.315556E-02   -2.003947E-03    0.000000E+00    0.000000E+00    0.000000E+00
9.050000E-02    8.946685E-02   -3.955215E-02   -1.214673E+01    0.000000E+00    0.000000E+00    0.000000E+00    1.472332E-02    3.389880E-02   -2.023467E-03    0.000000E+00    0.000000E+00    0.000000E+00
9.150000E-02    9.148370E-02   -3.830342E-02   -1.215739E+01    0.000000E+00    0.000000E+00    0.000000E+00    1.414502E-02    3.473064E-02   -2.159418E-03    0.000000E+00    0.000000E+00    0.000000E+00
9.250000E-02    9.351449E-02   -3.714180E-02   -1.216809E+01    0.000000E+00    0.000000E+00    0.000000E+00    1.359753E-02    3.551408E-02   -2.166239E-03    0.000000E+00    0.000000E+00    0.000000E+00
9.350000E-02    9.563580E-02   -3.565765E-02   -1.217886E+01    0.000000E+00    0.000000E+00    0.000000E+00    1.292498E-02    3.636811E-02   -2.130945E-03    0.000000E+00    0.000000E+00    0.000000E+00
9.450000E-02    9.716868E-02   -3.384796E-02   -1.218970E+01    0.000000E+00    0.000000E+00    0.000000E+00    1.208715E-02    3.687816E-02   -2.308479E-03    0.000000E+00    0.000000E+00    0.000000E+00
9.550000E-02    9.987099E-02   -3.243280E-02   -1.220058E+01    0.000000E+00    0.000000E+00    0.000000E+00    1.151060E-02    3.806578E-02   -2.158858E-03    0.000000E+00    0.000000E+00    0.000000E+00
9.650000E-02    1.014038E-01   -3.081664E-02   -1.221148E+01    0.000000E+00    0.000000E+00    0.000000E+00    1.086174E-02    3.869889E-02   -2.203828E-03    0.000000E+00    0.000000E+00    0.000000E+00
9.750000E-02    1.037084E-01   -2.939516E-02   -1.222245E+01    0.000000E+00    0.000000E+00    0.000000E+00    1.029680E-02    3.965576E-02   -2.135327E-03    0.000000E+00    0.000000E+00    0.000000E+00
9.850000E-02    1.060366E-01   -2.777632E-02   -1.223342E+01    0.000000E+00    0.000000E+00    0.000000E+00    9.656075E-03    4.066367E-02   -2.200069E-03    0.000000E+00    0.000000E+00    0.000000E+00
9.950000E-02    1.082730E-01   -2.585740E-02   -1.224442E+01    0.000000E+00    0.000000E+00    0.000000E+00    8.884822E-03    4.161508E-02   -2.205074E-03    0.000000E+00    0.000000E+00    0.000000E+00
1.005000E-01   -2.395373E+00   -1.550334E-01    2.041938E+01    0.000000E+00    0.000000E+00    0.000000E+00    3.363100E-01   -8.471131E-01   -1.737847E-01    0.000000E+00    0.000000E+00    0.000000E+00
1.015000E-01    3.779245E+00   -8.764632E-01    2.258618E+01    0.000000E+00    0.000000E+00    0.000000E+00    1.807128E-01    1.426977E+00   -1.683823E-01    0.000000E+00    0.000000E+00    0.000000E+00
1.025000E-01    1.352243E+00    5.663090E-01    2.154906E+01    0.000000E+00    0.000000E+00    0.000000E+00   -3.079086E-01    4.320662E-01   -1.224779E-01    0.000000E+00    0.000000E+00    0.000000E+00
1.035000E-01    2.629197E-01    6.042065E-01    1.973737E+01    0.000000E+00    0.000000E+00    0.000000E+00   -1.443087E-01    1.261903E-01   -4.204407E-02    0.000000E+00    0.000000E+00    0.000000E+00
1.045000E-01    1.106880E+00    8.788988E-01    1.532666E+01    0.000000E+00    0.000000E+00    0.000000E+00   -3.794064E-01    2.822814E-01   -9.584924E-03    0.000000E+00    0.000000E+00    0.000000E+00
1.055000E-01    7.334461E-02    3.098994E-01    1.225467E+01    0.000000E+00    0.000000E+00    0.000000E+00   -1.454284E-01   -8.922907E-02    3.235717E-02    0.000000E+00    0.000000E+00    0.000000E+00
1.065000E-01    2.683363E-01    9.127787E-01    2.374718E+01    0.000000E+00    0.000000E+00    0.000000E+00   -4.624952E-01   -4.556659E-02   -1.820004E-02    0.000000E+00    0.000000E+00    0.000000E+00
1.075000E-01    1.715743E+00   -3.198821E+00    9.367050E+00    0.000000E+00    0.000000E+00    0.000000E+00    8.461900E-01    5.550148E-01    6.848069E-02    0.000000E+00    0.000000E+00    0.000000E+00
1.085000E-01    4.092569E+00    2.793894E+00   -9.773486E+00    0.000000E+00    0.000000E+00    0.000000E+00   -1.286757E+00    1.683917E+00    1.745240E-01    0.000000E+00    0.000000E+00    0.000000E+00
1.095000E-01   -8.408670E-01    3.340460E+00   -2.456278E+01    0.000000E+00    0.000000E+00    0.000000E+00   -1.162306E+00   -2.758282E-01    8.277405E-02    0.000000E+00    0.000000E+00    0.000000E+00
1.105000E-01    8.742511E-01    1.846490E+00   -1.398450E+01    0.000000E+00    0.000000E+00    0.000000E+00   -6.652436E-01    4.960509E-01   -1.115675E-02    0.000000E+00    0.000000E+00    0.000000E+00
1.115000E-01   -8.801500E-01    6.868214E-01   -1.450863E+01    0.000000E+00    0.000000E+00    0.000000E+00   -3.190420E-01   -4.942468E-01   -8.966582E-02    0.000000E+00    0.000000E+00    0.000000E+00
1.125000E-01   -6.941815E-01    5.522394E-01   -1.602157E+01    0.000000E+00    0.000000E+00    0.000000E+00   -1.118953E-01   -2.640395E-01    5.668008E-02    0.000000E+00    0.000000E+00    0.000000E+00
1.135000E-01    1.114195E+00    7.117467E-01   -3.134947E+01    0.000000E+00    0.000000E+00    0.000000E+00   -2.062470E-01    6.780620E-01    5.445974E-02    0.000000E+00    0.000000E+00    0.000000E+00
1.145000E-01    1.197676E+00    4.962230E-01   -2.776055E+01    0.000000E+00    0.000000E+00    0.000000E+00   -1.526105E-01    6.044527E-01    3.688405E-02    0.000000E+00    0.000000E+00    0.000000E+00
1.155000E-01    1.447066E+00    6.850830E-01   -1.909245E+01    0.000000E+00    0.000000E+00    0.000000E+00   -2.004832E-01    8.117455E-01    1.261758E-01    0.000000E+00    0.000000E+00    0.000000E+00
1.165000E-01    8.071941E-01   -3.584361E-01   -1.741672E+01    0.000000E+00    0.000000E+00    0.000000E+00    3.888508E-01    5.375760E-01    1.512852E-01    0.000000E+00    0.000000E+00    0.000000E+00
1.175000E-01   -1.281001E-02   -1.521379E+00   -1.956462E+01    0.000000E+00    0.000000E+00    0.000000E+00    9.694089E-01    1.460722E-01    1.776311E-01    0.000000E+00    0.000000E+00    0.000000E+00
1.185000E-01    1.323660E+00   -1.016396E+00   -2.124896E+01    0.000000E+00    0.000000E+00    0.000000E+00    7.676037E-01    8.210971E-01    2.155021E-01    0.000000E+00    0.000000E+00    0.000000E+00
1.195000E-01    2.024518E+00   -6.792206E-01   -2.075740E+01    0.000000E+00    0.000000E+00    0.000000E+00    5.390289E-01    1.223363E+00    2.332018E-01    0.000000E+00    0.000000E+00    0.000000E+00
1.205000E-01    1.744581E+00   -1.867647E+00   -2.884626E+01    0.000000E+00    0.000000E+00    0.000000E+00    1.208480E+00    1.125264E+00    3.156316E-01    0.000000E+00    0.000000E+00    0.000000E+00
1.215000E-01    1.364257E+00   -1.176209E+00   -2.670576E+01    0.000000E+00    0.000000E+00    0.000000E+00    9.925048E-01    1.008617E+00    3.325841E-01    0.000000E+00    0.000000E+00    0.000000E+00
1.225000E-01    1.912686E+00   -6.178163E-01   -2.015386E+01    0.000000E+00    0.000000E+00    0.000000E+00    6.954851E-01    1.251449E+00    3.233990E-01    0.000000E+00    0.000000E+00    0.000000E+00
1.235000E-01    1.275028E+00    1.286057E+00   -4.985810E+01    0.000000E+00    0.000000E+00    0.000000E+00   -3.490566E-01    8.790774E-01    1.915237E-01    0.000000E+00    0.000000E+00    0.000000E+00
1.245000E-01    3.446907E+00    3.901795E-01   -2.047936E+01    0.000000E+00    0.000000E+00    0.000000E+00    1.871180E-01    2.055621E+00    3.315973E-01    0.000000E+00    0.000000E+00    0.000000E+00
1.255000E-01    4.783373E+00   -1.777166E+00   -1.456912E+01    0.000000E+00    0.000000E+00    0.000000E+00    1.338994E+00    2.771709E+00    3.352763E-01    0.000000E+00    0.000000E+00    0.000000E+00
1.265000E-01    2.958255E+00   -6.533588E-02   -3.432850E+01    0.000000E+00    0.000000E+00    0.000000E+00    5.316921E-01    1.781496E+00    4.058075E-01    0.000000E+00    0.000000E+00    0.000000E+00
1.275000E-01    4.136364E+00   -5.633742E+00   -2.010201E+01    0.000000E+00    0.000000E+00    0.000000E+00    3.563868E+00    2.441101E+00    3.799466E-01    0.000000E+00    0.000000E+00    0.000000E+00
1.285000E-01    5.245281E+00   -8.420529E+00   -1.773151E+01    0.000000E+00    0.000000E+00    0.000000E+00    4.726955E+00    2.865413E+00    1.634153E-01    0.000000E+00    0.000000E+00    0.000000E+00
1.295000E-01    2.635995E+00   -3.574404E+00   -5.496185E+01    0.000000E+00    0.000000E+00    0.000000E+00    2.468068E+00    1.867648E+00    2.104232E-01    0.000000E+00    0.000000E+00    0.000000E+00
1.305000E-01    3.131634E+00   -7.295809E+00   -3.187322E+01    0.000000E+00    0.000000E+00    0.000000E+00    4.030360E+00    1.699237E+00    4.660357E-01    0.000000E+00    0.000000E+00    0.000000E+00
1.315000E-01    9.116968E-01   -1.634412E+00   -4.449112E+01    0.000000E+00    0.000000E+00    0.000000E+00    8.764879E-01    4.852351E-01   -1.947788E-01    0.000000E+00    0.000000E+00    0.000000E+00
1.325000E-01   -2.579729E+00   -9.188408E-01   -5.146265E+01    0.000000E+00    0.000000E+00    0.000000E+00    2.560293E-03   -1.644641E+00    6.153047E-01    0.000000E+00    0.000000E+00    0.000000E+00
1.335000E-01    5.849858E-01   -2.700372E+00   -4.898464E+01    0.000000E+00    0.000000E+00    0.000000E+00    6.659286E-01   -2.377100E-01    2.951640E-01    0.000000E+00    0.000000E+00    0.000000E+00
1.345000E-01   -2.273728E+00   -7.259983E+00   -3.805086E+01    0.000000E+00    0.000000E+00    0.000000E+00    3.011106E+00   -1.917524E+00   -1.121449E-01    0.000000E+00    0.000000E+00    0.000000E+00
1.355000E-01   -3.312632E+00    1.940502E+00   -3.464803E+01    0.000000E+00    0.000000E+00    0.000000E+00   -1.391831E+00   -2.089257E+00   -3.318014E-01    0.000000E+00    0.000000E+00    0.000000E+00
1.365000E-01    3.042819E+00    7.579971E+00   -3.628374E+01    0.000000E+00    0.000000E+00    0.000000E+00   -3.554929E+00    2.024942E+00   -5.642955E-01    0.000000E+00    0.000000E+00    0.000000E+00
1.375000E-01   -4.905628E+00   -3.734069E+00   -6.100257E+01    0.000000E+00    0.000000E+00    0.000000E+00    9.461085E-01   -3.084541E+00   -8.767765E-01    0.000000E+00    0.000000E+00    0.000000E+00
1.385000E-01   -2.051142E+00   -2.868646E+00   -2.865249E+02    0.000000E+00    0.000000E+00    0.000000E+00    3.328521E+00    2.133802E+00   -2.563368E+00    0.000000E+00    0.000000E+00    0.000000E+00
1.395000E-01   -1.940707E+01    2.709627E+01   -6.147862E+02    0.000000E+00    0.000000E+00    0.000000E+00   -1.138537E+01   -5.318856E+00   -1.954443E+00    0.000000E+00    0.000000E+00    0.000000E+00
1.405000E-01    9.433220E+00    3.631641E+01   -2.963209E+02    0.000000E+00    0.000000E+00    0.000000E+00   -1.447351E+01    7.318590E+00    9.137646E-01    0.000000E+00    0.000000E+00    0.000000E+00
1.415000E-01   -7.534374E+00    5.543171E+00   -7.579635E+01    0.000000E+00    0.000000E+00    0.000000E+00   -8.061595E-01   -3.418771E+00    8.053401E-01    0.000000E+00    0.000000E+00    0.000000E+00
1.425000E-01   -3.086242E+00   -7.881378E+00   -7.804010E+01    0.000000E+00    0.000000E+00    0.000000E+00    4.751826E+00    6.284543E-01   -3.461863E-01    0.000000E+00    0.000000E+00    0.000000E+00
1.435000E-01   -2.271450E+01   -2.288819E+01   -7.099194E+01    0.000000E+00    0.000000E+00    0.000000E+00    1.274485E+01   -1.013631E+01   -9.131034E-02    0.000000E+00    0.000000E+00    0.000000E+00
1.445000E-01    2.382004E+01   -3.663497E+01   -2.243998E+02    0.000000E+00    0.000000E+00    0.000000E+00    2.045720E+01    1.502413E+01   -1.348766E-01    0.000000E+00    0.000000E+00    0.000000E+00
1.455000E-01    3.742959E+01    7.952914E+00   -3.041957E+02    0.000000E+00    0.000000E+00    0.000000E+00    8.747401E-01    2.396842E+01   -5.251478E-01    0.000000E+00    0.000000E+00    0.000000E+00
1.465000E-01   -4.846985E+01   -4.335125E+00   -5.041061E+02    0.000000E+00    0.000000E+00    0.000000E+00    1.092680E+01   -1.496565E+01   -3.347873E-02    0.000000E+00    0.000000E+00    0.000000E+00
1.475000E-01    5.091667E+01    9.581320E+00   -5.819449E+02    0.000000E+00    0.000000E+00    0.000000E+00    3.021798E+00    3.192058E+01    4.568421E-01    0.000000E+00    0.000000E+00    0.000000E+00
1.485000E-01   -2.875837E+01    2.939940E+01   -5.618829E+02    0.000000E+00    0.000000E+00    0.000000E+00   -8.473804E+00   -9.595140E+00    2.908258E+00    0.000000E+00    0.000000E+00    0.000000E+00
1.495000E-01   -7.316211E-01   -3.354385E+01   -5.621393E+02    0.000000E+00    0.000000E+00    0.000000E+00    2.215906E+01    5.502978E+00    2.804003E+00    0.000000E+00    0.000000E+00    0.000000E+00
1.505000E-01    1.787311E+01   -5.922078E+01   -5.860689E+02    0.000000E+00    0.000000E+00    0.000000E+00    3.715391E+01    1.550592E+01    5.100214E-02    0.000000E+00    0.000000E+00    0.000000E+00
1.515000E-01    4.085114E+01   -1.190596E+01   -7.307000E+02    0.000000E+00    0.000000E+00    0.000000E+00    1.474367E+01    2.971010E+01   -2.014264E+00    0.000000E+00    0.000000E+00    0.000000E+00
1.525000E-01   -1.118396E+00   -3.051077E-01   -7.967258E+02    0.000000E+00    0.000000E+00    0.000000E+00    8.953352E+00    8.241654E+00   -3.783616E+00    0.000000E+00    0.000000E+00    0.000000E+00
1.535000E-01   -9.455263E+00   -7.614020E+00   -7.263012E+02    0.000000E+00    0.000000E+00    0.000000E+00    1.199809E+01    1.937806E+00   -1.442386E+00    0.000000E+00    0.000000E+00    0.000000E+00
1.545000E-01   -1.687560E+00   -3.271589E+00   -5.992999E+02    0.000000E+00    0.000000E+00    0.000000E+00    7.354562E+00    5.236374E+00    2.693293E+00    0.000000E+00    0.000000E+00    0.000000E+00
1.555000E-01    5.272160E+00    1.073252E+01   -5.834987E+02    0.000000E+00    0.000000E+00    0.000000E+00   -4.517153E-01    8.096077E+00    1.529551E+00    0.000000E+00    0.000000E+00    0.000000E+00
1.565000E-01   -1.521401E+01    5.900297E+00   -6.060988E+02    0.000000E+00    0.000000E+00    0.000000E+00    2.270687E+00   -2.352319E+00   -2.538924E-01    0.000000E+00    0.000000E+00    0.000000E+00
1.575000E-01   -1.837895E+01    1.722799E+01   -5.380837E+02    0.000000E+00    0.000000E+00    0.000000E+00   -3.025139E+00   -4.361918E+00   -4.789642E-01    0.000000E+00    0.000000E+00    0.000000E+00
1.585000E-01   -3.509413E+00    1.654011E+01   -4.682729E+02    0.000000E+00    0.000000E+00    0.000000E+00   -3.071960E+00    2.869426E+00    1.301808E-01    0.000000E+00    0.000000E+00    0.000000E+00
1.595000E-01    1.196476E+01   -5.440918E+00   -4.068291E+02    0.000000E+00    0.000000E+00    0.000000E+00    8.378333E+00    1.123806E+01    6.008851E-02    0.000000E+00    0.000000E+00    0.000000E+00
1.605000E-01    1.433090E+01   -1.995828E+00   -4.216123E+02    0.000000E+00    0.000000E+00    0.000000E+00    5.389770E+00    1.248943E+01    4.019705E-01    0.000000E+00    0.000000E+00    0.000000E+00
1.615000E-01   -9.796344E+00   -9.987180E-01   -4.685516E+02    0.000000E+00    0.000000E+00    0.000000E+00    4.688075E+00   -7.132224E-01    3.224059E-01    0.000000E+00    0.000000E+00    0.000000E+00
1.625000E-01    9.992309E+00    5.426768E+00   -4.835067E+02    0.000000E+00    0.000000E+00    0.000000E+00    2.456531E+00    1.207869E+01    7.719633E-01    0.000000E+00    0.000000E+00    0.000000E+00
1.635000E-01    1.395660E+01   -4.964424E+00   -3.988751E+02    0.000000E+00    0.000000E+00    0.000000E+00    8.125800E+00    1.314571E+01    9.899739E-01    0.000000E+00    0.000000E+00    0.000000E+00
1.645000E-01    7.602211E+00   -9.632576E+00   -4.389923E+02    0.000000E+00    0.000000E+00    0.000000E+00    1.107765E+01    9.750773E+00    7.163637E-01    0.000000E+00    0.000000E+00    0.000000E+00
1.655000E-01    2.738495E+01   -2.429981E+01   -5.289685E+02    0.000000E+00    0.000000E+00    0.000000E+00    2.051545E+01    2.342620E+01    2.393468E-01    0.000000E+00    0.000000E+00    0.000000E+00
1.665000E-01    1.697266E+01   -1.028653E+01   -5.148142E+02    0.000000E+00    0.000000E+00    0.000000E+00    9.764033E+00    1.566220E+01   -8.283902E-02    0.000000E+00    0.000000E+00    0.000000E+00
1.675000E-01    2.215248E+00   -4.217414E+00   -4.475677E+02    0.000000E+00    0.000000E+00    0.000000E+00    4.628464E+00    4.419889E+00   -8.600246E-01    0.000000E+00    0.000000E+00    0.000000E+00
1.685000E-01   -4.169484E+00    1.864688E+00   -4.102730E+02    0.000000E+00    0.000000E+00    0.000000E+00    1.060902E+00    3.634667E-02   -6.983778E-01    0.000000E+00    0.000000E+00    0.000000E+00
1.695000E-01   -4.385845E+00    4.832017E+00   -3.714238E+02    0.000000E+00    0.000000E+00    0.000000E+00   -2.292036E+00   -9.504114E-01   -1.607276E-01    0.000000E+00    0.000000E+00    0.000000E+00
1.705000E-01   -2.970774E+00    2.583316E+00   -3.347300E+02    0.000000E+00    0.000000E+00    0.000000E+00   -9.440995E-01   -9.789069E-02    1.931580E-02    0.000000E+00    0.000000E+00    0.000000E+00
1.715000E-01   -1.284431E+00    1.159014E+01   -2.902544E+02    0.000000E+00    0.000000E+00    0.000000E+00   -7.780406E+00    1.103239E+00    1.897655E-01    0.000000E+00    0.000000E+00    0.000000E+00
1.725000E-01   -9.122804E-01    1.301120E+01   -2.700224E+02    0.000000E+00    0.000000E+00    0.000000E+00   -8.507467E+00    1.995175E+00    4.918716E-02    0.000000E+00    0.000000E+00    0.000000E+00
1.735000E-01   -8.414491E+00   -2.137267E+00   -2.524872E+02    0.000000E+00    0.000000E+00    0.000000E+00    3.962236E+00   -3.186969E+00   -1.392347E-01    0.000000E+00    0.000000E+00    0.000000E+00
1.745000E-01    6.470120E+00    5.601788E+00   -1.393070E+02    0.000000E+00    0.000000E+00    0.000000E+00   -3.398135E+00    6.688320E+00    5.283804E-02    0.000000E+00    0.000000E+00    0.000000E+00
1.755000E-01    5.426972E-01    2.728737E+00   -2.417766E+02    0.000000E+00    0.000000E+00    0.000000E+00   -1.474061E-01    3.487941E+00   -1.414700E-02    0.000000E+00    0.000000E+00    0.000000E+00
1.765000E-01   -1.169263E-01    7.198433E+00   -2.131116E+02    0.000000E+00    0.000000E+00    0.000000E+00   -3.700092E+00    2.638434E+00    1.603912E-02    0.000000E+00    0.000000E+00    0.000000E+00
1.775000E-01   -3.614593E+00    6.244436E+00   -2.806281E+02    0.000000E+00    0.000000E+00    0.000000E+00   -2.696096E+00    6.529070E-01   -6.193471E-02    0.000000E+00    0.000000E+00    0.000000E+00
1.785000E-01   -3.493754E+00    4.681437E-01   -1.328568E+02    0.000000E+00    0.000000E+00    0.000000E+00    8.024026E-01   -7.491981E-01   -8.642684E-02    0.000000E+00    0.000000E+00    0.000000E+00
1.795000E-01   -7.231379E+00    2.006837E+00   -2.638316E+02    0.000000E+00    0.000000E+00    0.000000E+00    1.970345E-01   -2.698747E+00   -6.564381E-02    0.000000E+00    0.000000E+00    0.000000E+00
1.805000E-01   -4.045694E+00    1.430435E+00   -6.235863E+01    0.000000E+00    0.000000E+00    0.000000E+00   -4.866025E-01   -2.429835E+00   -4.742879E-02    0.000000E+00    0.000000E+00    0.000000E+00
1.815000E-01   -3.584985E+00   -3.471262E+00   -7.181037E+01    0.000000E+00    0.000000E+00    0.000000E+00    3.123327E+00   -9.650561E-01   -1.026655E-01    0.000000E+00    0.000000E+00    0.000000E+00
1.825000E-01    2.358134E-01   -4.356463E+00   -2.011686E+02    0.000000E+00    0.000000E+00    0.000000E+00    4.316457E+00    2.316409E+00   -8.549246E-02    0.000000E+00    0.000000E+00    0.000000E+00
1.835000E-01    8.497539E+00   -4.836332E+00   -1.401943E+02    0.000000E+00    0.000000E+00    0.000000E+00    4.495987E+00    7.760995E+00   -3.638908E-02    0.000000E+00    0.000000E+00    0.000000E+00
1.845000E-01   -5.909487E+00   -6.068178E+00   -1.628946E+02    0.000000E+00    0.000000E+00    0.000000E+00    5.892285E+00   -2.151497E+00   -1.113440E-01    0.000000E+00    0.000000E+00    0.000000E+00
1.855000E-01    4.467219E+00   -1.046080E+01   -2.223474E+02    0.000000E+00    0.000000E+00    0.000000E+00    8.893194E+00    6.040344E+00   -9.234038E-02    0.000000E+00    0.000000E+00    0.000000E+00
1.865000E-01    2.838128E+00   -1.215334E+01   -1.808732E+02    0.000000E+00    0.000000E+00    0.000000E+00    1.029908E+01    4.499972E+00   -9.529924E-02    0.000000E+00    0.000000E+00    0.000000E+00
1.875000E-01    2.944983E+00   -2.996443E+00   -1.988683E+02    0.000000E+00    0.000000E+00    0.000000E+00    3.383462E+00    4.845838E+00    2.369855E-02    0.000000E+00    0.000000E+00    0.000000E+00
1.885000E-01    6.465748E+00    2.762258E+00   -2.336832E+02    0.000000E+00    0.000000E+00    0.000000E+00   -3.957131E-01    7.641490E+00    1.269180E-01    0.000000E+00    0.000000E+00    0.000000E+00
1.895000E-01   -5.116153E-01   -1.023568E+01   -1.825372E+02    0.000000E+00    0.000000E+00    0.000000E+00    7.910864E+00    2.282265E+00   -2.244127E-02    0.000000E+00    0.000000E+00    0.000000E+00
1.905000E-01    4.261385E+00   -1.124052E+00   -1.564936E+02    0.000000E+00    0.000000E+00    0.000000E+00    1.214741E+00    5.156672E+00    1.078065E-01    0.000000E+00    0.000000E+00    0.000000E+00
1.915000E-01    4.464002E+00    3.089850E+00   -1.949183E+02    0.000000E+00    0.000000E+00    0.000000E+00   -1.820874E+00    5.787470E+00    1.549983E-01    0.000000E+00    0.000000E+00    0.000000E+00
1.925000E-01    1.897413E-01   -5.154452E+00   -2.262175E+02    0.000000E+00    0.000000E+00    0.000000E+00    4.429591E+00    3.300066E+00    2.450644E-02    0.000000E+00    0.000000E+00    0.000000E+00
1.935000E-01    2.525486E-01    4.523144E+00   -1.367644E+02    0.000000E+00    0.000000E+00    0.000000E+00   -3.178282E+00    2.374633E+00    7.879322E-02    0.000000E+00    0.000000E+00    0.000000E+00
1.945000E-01    7.040316E+00    1.203490E-01   -2.262172E+02    0.000000E+00    0.000000E+00    0.000000E+00    8.146283E-01    7.842547E+00    3.406105E-02    0.000000E+00    0.000000E+00    0.000000E+00
1.955000E-01   -1.532070E+00    1.520856E+00   -1.899699E+02    0.000000E+00    0.000000E+00    0.000000E+00   -6.808898E-01    1.689266E+00    5.045920E-03    0.000000E+00    0.000000E+00    0.000000E+00
1.965000E-01   -9.094783E-01    4.937424E+00   -2.282668E+02    0.000000E+00    0.000000E+00    0.000000E+00   -2.765284E+00    2.435887E+00    8.231837E-02    0.000000E+00    0.000000E+00    0.000000E+00
1.975000E-01    1.572891E+00    4.556823E-01   -2.300908E+02    0.000000E+00    0.000000E+00    0.000000E+00    3.606238E-01    3.802931E+00    9.042126E-02    0.000000E+00    0.000000E+00    0.000000E+00
1.985000E-01   -3.500433E+00   -3.784194E-01   -2.292847E+02    0.000000E+00    0.000000E+00    0.000000E+00    6.215316E-01    5.147590E-01    1.020539E-01    0.000000E+00    0.000000E+00    0.000000E+00
1.995000E-01   -2.551281E-02    6.879163E+00   -2.375205E+02    0.000000E+00    0.000000E+00    0.000000E+00   -4.088035E+00    2.970259E+00    2.468530E-01    0.000000E+00    0.000000E+00    0.000000E+00
2.005000E-01   -2.935660E+00    4.273980E+00   -2.555668E+02    0.000000E+00    0.000000E+00    0.000000E+00   -2.187428E+00    1.395235E+00    2.408485E-01    0.000000E+00    0.000000E+00    0.000000E+00
2.015000E-01    1.097152E+00    5.933989E-01   -2.618700E+02    0.000000E+00    0.000000E+00    0.000000E+00    2.689621E-01    3.920905E+00    2.079950E-01    0.000000E+00    0.000000E+00    0.000000E+00
2.025000E-01    1.001329E+00    1.257448E+00   -2.688125E+02    0.000000E+00    0.000000E+00    0.000000E+00   -7.965940E-02    3.683341E+00    1.992222E-01    0.000000E+00    0.000000E+00    0.000000E+00
2.035000E-01    3.778053E+00   -7.060547E+00   -2.485778E+02    0.000000E+00    0.000000E+00    0.000000E+00    5.490541E+00    5.029365E+00    1.250240E-01    0.000000E+00    0.000000E+00    0.000000E+00
2.045000E-01    1.216129E+00   -6.262201E+00   -2.508350E+02    0.000000E+00    0.000000E+00    0.000000E+00    4.813595E+00    3.242028E+00    1.286039E-01    0.000000E+00    0.000000E+00    0.000000E+00
2.055000E-01    2.826973E+00   -4.330065E+00   -2.529659E+02    0.000000E+00    0.000000E+00    0.000000E+00    3.779277E+00    4.427851E+00    1.871413E-01    0.000000E+00    0.000000E+00    0.000000E+00
2.065000E-01    1.343358E+00   -2.524090E+00   -2.517875E+02    0.000000E+00    0.000000E+00    0.000000E+00    2.502854E+00    3.555680E+00    2.713845E-01    0.000000E+00    0.000000E+00    0.000000E+00
2.075000E-01    3.142083E+00   -1.212408E+00   -2.453286E+02    0.000000E+00    0.000000E+00    0.000000E+00    1.801528E+00    4.888429E+00    3.951998E-01    0.000000E+00    0.000000E+00    0.000000E+00
2.085000E-01    3.368284E+00    1.078572E+00   -2.534458E+02    0.000000E+00    0.000000E+00    0.000000E+00    4.538630E-01    5.198585E+00    5.002564E-01    0.000000E+00    0.000000E+00    0.000000E+00
2.095000E-01    4.282838E+00    1.105486E+00   -2.631031E+02    0.000000E+00    0.000000E+00    0.000000E+00    5.960043E-01    5.988317E+00    5.637723E-01    0.000000E+00    0.000000E+00    0.000000E+00
2.105000E-01    1.150599E+00    9.696702E-02   -2.712956E+02    0.000000E+00    0.000000E+00    0.000000E+00    1.172490E+00    4.232205E+00    6.002990E-01    0.000000E+00    0.000000E+00    0.000000E+00
2.115000E-01   -6.491288E-01    2.017128E+00   -2.664357E+02    0.000000E+00    0.000000E+00    0.000000E+00   -4.076777E-02    3.061261E+00    6.499938E-01    0.000000E+00    0.000000E+00    0.000000E+00
2.125000E-01   -4.970345E-02    3.475287E+00   -2.664505E+02    0.000000E+00    0.000000E+00    0.000000E+00   -9.456692E-01    3.374890E+00    6.048399E-01    0.000000E+00    0.000000E+00    0.000000E+00
2.135000E-01   -4.132298E-01    2.720851E+00   -2.606837E+02    0.000000E+00    0.000000E+00    0.000000E+00   -6.323764E-01    2.966647E+00    5.847154E-01    0.000000E+00    0.000000E+00    0.000000E+00
2.145000E-01   -3.441276E-01    3.048368E+00   -2.737265E+02    0.000000E+00    0.000000E+00    0.000000E+00   -9.200283E-01    3.141008E+00    5.494843E-01    0.000000E+00    0.000000E+00    0.000000E+00
2.155000E-01    6.507275E-01    2.951411E+00   -2.791047E+02    0.000000E+00    0.000000E+00    0.000000E+00   -9.950376E-01    3.638068E+00    2.231680E-01    0.000000E+00    0.000000E+00    0.000000E+00
2.165000E-01    3.031204E+00    2.532196E+00   -2.732424E+02    0.000000E+00    0.000000E+00    0.000000E+00   -7.595235E-01    4.868790E+00   -2.373570E-02    0.000000E+00    0.000000E+00    0.000000E+00
2.175000E-01    2.412276E+00    2.861203E-02   -2.530057E+02    0.000000E+00    0.000000E+00    0.000000E+00    6.063126E-01    4.315438E+00    7.590788E-02    0.000000E+00    0.000000E+00    0.000000E+00
2.185000E-01    3.133858E+00    9.772524E-01   -2.507867E+02    0.000000E+00    0.000000E+00    0.000000E+00    1.175927E-01    4.708954E+00    1.602709E-01    0.000000E+00    0.000000E+00    0.000000E+00
2.195000E-01    3.436069E+00   -6.969595E-01   -2.381770E+02    0.000000E+00    0.000000E+00    0.000000E+00    1.070473E+00    4.777453E+00   -9.711697E-02    0.000000E+00    0.000000E+00    0.000000E+00
2.205000E-01    1.440298E+00    1.032996E+00   -2.314739E+02    0.000000E+00    0.000000E+00    0.000000E+00    1.327019E-01    3.621296E+00   -3.190158E-01    0.000000E+00    0.000000E+00    0.000000E+00
2.215000E-01    1.193701E+00   -6.199831E-01   -2.094644E+02    0.000000E+00    0.000000E+00    0.000000E+00    1.078405E+00    3.309454E+00   -7.616579E-01    0.000000E+00    0.000000E+00    0.000000E+00
2.225000E-01    3.039995E+00   -2.053761E+00   -2.033575E+02    0.000000E+00    0.000000E+00    0.000000E+00    1.741888E+00    4.123931E+00    3.969233E-03    0.000000E+00    0.000000E+00    0.000000E+00
2.235000E-01    4.459255E-01    2.510067E+00   -2.805640E+02    0.000000E+00    0.000000E+00    0.000000E+00   -5.349332E-01    3.684301E+00    2.659269E-01    0.000000E+00    0.000000E+00    0.000000E+00
2.245000E-01    5.748181E+00   -4.485225E+00   -2.668858E+02    0.000000E+00    0.000000E+00    0.000000E+00    3.381248E+00    6.527038E+00   -1.095438E-01    0.000000E+00    0.000000E+00    0.000000E+00
2.255000E-01    4.460465E+00   -2.916941E+00   -1.939886E+02    0.000000E+00    0.000000E+00    0.000000E+00    2.311915E+00    4.985855E+00   -8.709229E-02    0.000000E+00    0.000000E+00    0.000000E+00
2.265000E-01   -1.767104E-01    4.849572E+00   -1.867621E+02    0.000000E+00    0.000000E+00    0.000000E+00   -2.140905E+00    2.306061E+00    1.281367E-01    0.000000E+00    0.000000E+00    0.000000E+00
2.275000E-01   -5.533446E-01   -4.399903E+00   -1.810388E+02    0.000000E+00    0.000000E+00    0.000000E+00    3.161524E+00    1.916308E+00   -3.474910E-02    0.000000E+00    0.000000E+00    0.000000E+00
2.285000E-01    9.498475E+00   -3.987968E+00   -2.907865E+02    0.000000E+00    0.000000E+00    0.000000E+00    3.222906E+00    9.153903E+00    6.177401E-03    0.000000E+00    0.000000E+00    0.000000E+00
2.295000E-01    1.234271E+00   -3.241287E-01   -2.250086E+02    0.000000E+00    0.000000E+00    0.000000E+00    1.076293E+00    3.576406E+00   -7.777977E-02    0.000000E+00    0.000000E+00    0.000000E+00
2.305000E-01   -3.060270E+00   -1.128595E+00   -2.063233E+02    0.000000E+00    0.000000E+00    0.000000E+00    1.408818E+00    9.015297E-01    3.562371E-03    0.000000E+00    0.000000E+00    0.000000E+00
2.315000E-01    6.763179E+00    1.479990E+00   -1.570885E+02    0.000000E+00    0.000000E+00    0.000000E+00   -3.643039E-01    5.891815E+00    1.638463E-01    0.000000E+00    0.000000E+00    0.000000E+00
2.325000E-01    6.246813E+00   -2.935777E+00   -1.803787E+02    0.000000E+00    0.000000E+00    0.000000E+00    2.335182E+00    5.861673E+00    1.464067E-02    0.000000E+00    0.000000E+00    0.000000E+00
2.335000E-01   -1.994487E+00   -3.186614E+00   -2.011253E+02    0.000000E+00    0.000000E+00    0.000000E+00    2.620299E+00    1.521424E+00   -5.486014E-02    0.000000E+00    0.000000E+00    0.000000E+00
2.345000E-01    2.876832E+00    3.233443E+00   -2.538898E+02    0.000000E+00    0.000000E+00    0.000000E+00   -8.305251E-01    5.100060E+00    3.876119E-02    0.000000E+00    0.000000E+00    0.000000E+00
2.355000E-01    1.528734E+00   -2.416381E+00   -2.190812E+02    0.000000E+00    0.000000E+00    0.000000E+00    2.209822E+00    3.843277E+00   -1.179978E-01    0.000000E+00    0.000000E+00    0.000000E+00
2.365000E-01   -3.785364E+00   -5.504189E+00   -2.069263E+02    0.000000E+00    0.000000E+00    0.000000E+00    3.915623E+00    6.397935E-01   -2.244850E-01    0.000000E+00    0.000000E+00    0.000000E+00
2.375000E-01    8.701208E+00    5.205493E+00   -1.954881E+02    0.000000E+00    0.000000E+00    0.000000E+00   -2.333962E+00    7.607143E+00   -7.005186E-02    0.000000E+00    0.000000E+00    0.000000E+00
2.385000E-01   -2.728308E+00   -2.773211E+00   -2.501681E+02    0.000000E+00    0.000000E+00    0.000000E+00    2.385111E+00    1.858207E+00   -3.319541E-01    0.000000E+00    0.000000E+00    0.000000E+00
2.395000E-01   -5.814470E+00   -9.794860E+00   -2.326389E+02    0.000000E+00    0.000000E+00    0.000000E+00    6.435166E+00   -3.255814E-01   -4.837921E-01    0.000000E+00    0.000000E+00    0.000000E+00
2.405000E-01    1.038619E+01    1.916172E+01   -2.557433E+02    0.000000E+00    0.000000E+00    0.000000E+00   -1.023170E+01    9.492681E+00   -5.380626E-02    0.000000E+00    0.000000E+00    0.000000E+00
2.415000E-01    7.370511E+00   -1.705699E+01   -2.036733E+02    0.000000E+00    0.000000E+00    0.000000E+00    1.053129E+01    6.949463E+00   -6.463800E-01    0.000000E+00    0.000000E+00    0.000000E+00
2.425000E-01   -6.156712E+00    6.702696E+00   -2.424049E+02    0.000000E+00    0.000000E+00    0.000000E+00   -3.144480E+00   -2.397208E-01   -3.235035E-01    0.000000E+00    0.000000E+00    0.000000E+00
2.435000E-01   -1.078924E+00   -1.571008E+00   -2.131548E+02    0.000000E+00    0.000000E+00    0.000000E+00    1.541183E+00    2.288422E+00   -4.231686E-01    0.000000E+00    0.000000E+00    0.000000E+00
2.445000E-01    9.464876E+00   -5.689443E-02   -2.305537E+02    0.000000E+00    0.000000E+00    0.000000E+00    7.658131E-01    8.632872E+00   -3.593236E-01    0.000000E+00    0.000000E+00    0.000000E+00
2.455000E-01    3.539894E+00    2.482178E+00   -2.427907E+02    0.000000E+00    0.000000E+00    0.000000E+00   -7.364208E-01    5.443415E+00   -2.911661E-01    0.000000E+00    0.000000E+00    0.000000E+00
2.465000E-01   -1.428213E-01   -2.831150E+00   -1.996827E+02    0.000000E+00    0.000000E+00    0.000000E+00    2.292660E+00    2.758456E+00   -2.891210E-01    0.000000E+00    0.000000E+00    0.000000E+00
2.475000E-01   -5.320001E+00   -7.841318E-01   -2.309912E+02    0.000000E+00    0.000000E+00    0.000000E+00    1.333136E+00    2.749998E-01   -2.790134E-01    0.000000E+00    0.000000E+00    0.000000E+00
2.485000E-01    1.345861E+01    5.818151E+00   -2.205173E+02    0.000000E+00    0.000000E+00    0.000000E+00   -2.494573E+00    1.117972E+01   -7.729126E-02    0.000000E+00    0.000000E+00    0.000000E+00
2.495000E-01    8.792529E-01   -4.565726E+00   -2.570292E+02    0.000000E+00    0.000000E+00    0.000000E+00    3.722615E+00    4.325141E+00   -2.969609E-01    0.000000E+00    0.000000E+00    0.000000E+00
2.505000E-01   -1.318644E+01    9.089424E-01   -2.467195E+02    0.000000E+00    0.000000E+00    0.000000E+00    3.229403E-01   -4.244416E+00   -2.643030E-01    0.000000E+00    0.000000E+00    0.000000E+00
2.515000E-01    8.301957E+00   -3.668130E+00   -2.220033E+02    0.000000E+00    0.000000E+00    0.000000E+00    3.357421E+00    8.445668E+00   -2.325877E-01    0.000000E+00    0.000000E+00    0.000000E+00
2.525000E-01    6.490235E+00    6.956651E+00   -2.097265E+02    0.000000E+00    0.000000E+00    0.000000E+00   -3.045860E+00    6.913840E+00   -8.432805E-02    0.000000E+00    0.000000E+00    0.000000E+00
2.535000E-01    4.662875E+00   -1.099804E+01   -2.247302E+02    0.000000E+00    0.000000E+00    0.000000E+00    7.721701E+00    6.461061E+00   -3.571071E-01    0.000000E+00    0.000000E+00    0.000000E+00
2.545000E-01    1.664839E+00    3.164302E+00   -2.281815E+02    0.000000E+00    0.000000E+00    0.000000E+00   -8.474868E-01    4.366195E+00   -1.296760E-01    0.000000E+00    0.000000E+00    0.000000E+00
2.555000E-01   -7.759257E+00    2.056989E+00   -2.134980E+02    0.000000E+00    0.000000E+00    0.000000E+00   -9.128891E-02   -1.198945E+00   -1.765564E-01    0.000000E+00    0.000000E+00    0.000000E+00
2.565000E-01    3.825009E+00   -1.105091E+00   -2.119609E+02    0.000000E+00    0.000000E+00    0.000000E+00    1.782108E+00    5.777804E+00   -1.216845E-01    0.000000E+00    0.000000E+00    0.000000E+00
2.575000E-01    7.704864E+00    2.783234E+00   -2.052052E+02    0.000000E+00    0.000000E+00    0.000000E+00   -6.214895E-01    7.947584E+00   -1.412942E-02    0.000000E+00    0.000000E+00    0.000000E+00
2.585000E-01    5.032001E+00   -1.091256E+01   -2.154327E+02    0.000000E+00    0.000000E+00    0.000000E+00    7.557614E+00    6.584704E+00   -2.849987E-01    0.000000E+00    0.000000E+00    0.000000E+00
2.595000E-01    2.390047E+00    5.650284E+00   -2.342248E+02    0.000000E+00    0.000000E+00    0.000000E+00   -2.150185E+00    5.465956E+00   -6.118515E-02    0.000000E+00    0.000000E+00    0.000000E+00
2.605000E-01   -8.883469E+00    3.891523E+00   -2.107557E+02    0.000000E+00    0.000000E+00    0.000000E+00   -1.164251E+00   -1.469266E+00   -1.649224E-01    0.000000E+00    0.000000E+00    0.000000E+00
2.615000E-01    1.301581E+01   -8.097811E+00   -2.167960E+02    0.000000E+00    0.000000E+00    0.000000E+00    5.882783E+00    1.149208E+01   -2.894869E-01    0.000000E+00    0.000000E+00    0.000000E+00
2.625000E-01    6.447527E+00    1.694887E+00   -2.149000E+02    0.000000E+00    0.000000E+00    0.000000E+00    7.457903E-02    7.544361E+00   -1.961498E-01    0.000000E+00    0.000000E+00    0.000000E+00
2.635000E-01    1.294496E+00    2.486316E+00   -2.429386E+02    0.000000E+00    0.000000E+00    0.000000E+00   -1.803602E-01    5.237219E+00   -2.783289E-01    0.000000E+00    0.000000E+00    0.000000E+00
2.645000E-01   -1.144658E+01    4.773765E+00   -2.242057E+02    0.000000E+00    0.000000E+00    0.000000E+00   -1.807496E+00   -2.908010E+00   -3.173042E-01    0.000000E+00    0.000000E+00    0.000000E+00
2.655000E-01    1.103113E+01   -9.511967E+00   -2.230905E+02    0.000000E+00    0.000000E+00    0.000000E+00    6.641519E+00    1.056512E+01   -4.346780E-01    0.000000E+00    0.000000E+00    0.000000E+00
2.665000E-01    1.104281E+01    4.968455E+00   -2.046564E+02    0.000000E+00    0.000000E+00    0.000000E+00   -1.944401E+00    1.029853E+01   -2.246237E-01    0.000000E+00    0.000000E+00    0.000000E+00
2.675000E-01    4.298411E-02   -5.710107E+00   -2.133061E+02    0.000000E+00    0.000000E+00    0.000000E+00    4.347205E+00    4.077986E+00   -3.716671E-01    0.000000E+00    0.000000E+00    0.000000E+00
2.685000E-01    4.377356E+00    1.118186E+01   -2.378451E+02    0.000000E+00    0.000000E+00    0.000000E+00   -5.381007E+00    7.369816E+00   -5.522482E-02    0.000000E+00    0.000000E+00    0.000000E+00
2.695000E-01    6.351726E+00   -6.456177E+00   -2.203600E+02    0.000000E+00    0.000000E+00    0.000000E+00    4.848284E+00    8.198441E+00   -3.551754E-01    0.000000E+00    0.000000E+00    0.000000E+00
2.705000E-01    6.907718E-01   -8.261175E+00   -2.168334E+02    0.000000E+00    0.000000E+00    0.000000E+00    5.915460E+00    4.845061E+00   -3.724527E-01    0.000000E+00    0.000000E+00    0.000000E+00
2.715000E-01   -4.299463E+00    2.313850E+00   -1.943122E+02    0.000000E+00    0.000000E+00    0.000000E+00   -3.642692E-01    1.306565E+00   -1.844513E-01    0.000000E+00    0.000000E+00    0.000000E+00
2.725000E-01    1.718736E+01    7.413236E+00   -2.070042E+02    0.000000E+00    0.000000E+00    0.000000E+00   -3.124578E+00    1.433947E+01    9.240022E-02    0.000000E+00    0.000000E+00    0.000000E+00
2.735000E-01   -2.890766E+00   -9.509244E+00   -2.509571E+02    0.000000E+00    0.000000E+00    0.000000E+00    6.858629E+00    3.637788E+00   -3.475980E-01    0.000000E+00    0.000000E+00    0.000000E+00
2.745000E-01   -3.701353E-01   -4.456227E+00   -2.162828E+02    0.000000E+00    0.000000E+00    0.000000E+00    3.829304E+00    4.300110E+00   -2.387034E-01    0.000000E+00    0.000000E+00    0.000000E+00
2.755000E-01    2.107028E+01    3.659172E+00   -1.897240E+02    0.000000E+00    0.000000E+00    0.000000E+00   -8.928743E-01    1.647209E+01    8.412449E-02    0.000000E+00    0.000000E+00    0.000000E+00
2.765000E-01   -1.176449E+01   -3.643141E+00   -2.306347E+02    0.000000E+00    0.000000E+00    0.000000E+00    3.543980E+00   -1.793296E+00   -2.945089E-01    0.000000E+00    0.000000E+00    0.000000E+00
2.775000E-01    1.491512E+01    3.280541E-01   -2.058095E+02    0.000000E+00    0.000000E+00    0.000000E+00    1.044269E+00    1.332408E+01   -6.476239E-02    0.000000E+00    0.000000E+00    0.000000E+00
2.785000E-01   -8.904758E+00   -7.231657E+00   -2.016737E+02    0.000000E+00    0.000000E+00    0.000000E+00    5.467160E+00   -5.942138E-01   -3.662908E-01    0.000000E+00    0.000000E+00    0.000000E+00
2.795000E-01    2.267018E+00    3.866196E-01   -2.321860E+02    0.000000E+00    0.000000E+00    0.000000E+00    1.250914E+00    6.662521E+00   -1.153687E-01    0.000000E+00    0.000000E+00    0.000000E+00
2.805000E-01    7.925467E+00   -4.692910E-01   -2.082448E+02    0.000000E+00    0.000000E+00    0.000000E+00    1.633495E+00    9.492856E+00   -8.508955E-02    0.000000E+00    0.000000E+00    0.000000E+00
2.815000E-01    9.683789E+00   -2.773235E+00   -1.979366E+02    0.000000E+00    0.000000E+00    0.000000E+00    2.972425E+00    1.039818E+01   -1.138532E-01    0.000000E+00    0.000000E+00    0.000000E+00
2.825000E-01    7.142988E-01    1.640044E+00   -2.184050E+02    0.000000E+00    0.000000E+00    0.000000E+00    4.171582E-01    5.470531E+00   -6.614548E-02    0.000000E+00    0.000000E+00    0.000000E+00
2.835000E-01    1.133597E+00   -2.747014E+00   -2.130444E+02    0.000000E+00    0.000000E+00    0.000000E+00    3.077283E+00    6.224995E+00   -1.810955E-01    0.000000E+00    0.000000E+00    0.000000E+00
2.845000E-01    6.364912E+00   -1.940516E+00   -1.699856E+02    0.000000E+00    0.000000E+00    0.000000E+00    2.255160E+00    8.102039E+00   -1.308116E-01    0.000000E+00    0.000000E+00    0.000000E+00
2.855000E-01    3.035883E+00   -3.392823E+00   -2.159516E+02    0.000000E+00    0.000000E+00    0.000000E+00    3.525612E+00    7.467688E+00   -2.197653E-01    0.000000E+00    0.000000E+00    0.000000E+00
2.865000E-01    1.292920E+01    3.724623E+00   -2.310969E+02    0.000000E+00    0.000000E+00    0.000000E+00   -4.884911E-01    1.357289E+01   -2.295423E-02    0.000000E+00    0.000000E+00    0.000000E+00
2.875000E-01   -1.008804E+01   -9.862936E+00   -1.941982E+02    0.000000E+00    0.000000E+00    0.000000E+00    7.037670E+00   -4.714133E-01   -5.859813E-01    0.000000E+00    0.000000E+00    0.000000E+00
2.885000E-01    1.081436E+01    5.061396E+00   -1.873976E+02    0.000000E+00    0.000000E+00    0.000000E+00   -1.496652E+00    1.109304E+01   -6.540967E-02    0.000000E+00    0.000000E+00    0.000000E+00
2.895000E-01   -2.562904E+00   -3.149079E-01   -2.240255E+02    0.000000E+00    0.000000E+00    0.000000E+00    1.826406E+00    4.545656E+00   -3.253894E-01    0.000000E+00    0.000000E+00    0.000000E+00
2.905000E-01    2.018945E+01    5.845513E+00   -1.990664E+02    0.000000E+00    0.000000E+00    0.000000E+00   -1.766275E+00    1.720787E+01   -1.888158E-02    0.000000E+00    0.000000E+00    0.000000E+00
2.915000E-01   -5.007064E+00   -5.054439E+00   -2.041594E+02    0.000000E+00    0.000000E+00    0.000000E+00    4.341648E+00    3.326965E+00   -4.858725E-01    0.000000E+00    0.000000E+00    0.000000E+00
2.925000E-01    4.460658E+00   -6.955580E+00   -2.084060E+02    0.000000E+00    0.000000E+00    0.000000E+00    5.659684E+00    8.648262E+00   -4.530916E-01    0.000000E+00    0.000000E+00    0.000000E+00
2.935000E-01    1.119452E+00    4.072455E+00   -1.989405E+02    0.000000E+00    0.000000E+00    0.000000E+00   -7.169421E-01    6.656861E+00   -1.239065E-01    0.000000E+00    0.000000E+00    0.000000E+00
2.945000E-01    4.402502E+00   -8.584518E-02   -2.024034E+02    0.000000E+00    0.000000E+00    0.000000E+00    1.791597E+00    8.637554E+00   -1.934669E-01    0.000000E+00    0.000000E+00    0.000000E+00
2.955000E-01    5.926404E+00   -3.253415E+00   -2.083140E+02    0.000000E+00    0.000000E+00    0.000000E+00    3.621325E+00    9.927033E+00   -2.472906E-01    0.000000E+00    0.000000E+00    0.000000E+00
2.965000E-01   -4.253641E+00   -5.209124E-01   -2.012071E+02    0.000000E+00    0.000000E+00    0.000000E+00    2.042348E+00    3.690302E+00   -2.273925E-01    0.000000E+00    0.000000E+00    0.000000E+00
2.975000E-01    7.712475E+00    2.583214E+00   -1.932028E+02    0.000000E+00    0.000000E+00    0.000000E+00    3.671045E-01    1.071139E+01    5.000607E-02    0.000000E+00    0.000000E+00    0.000000E+00
2.985000E-01    6.315193E+00   -5.290744E+00   -1.987668E+02    0.000000E+00    0.000000E+00    0.000000E+00    4.931822E+00    1.028764E+01   -2.168750E-01    0.000000E+00    0.000000E+00    0.000000E+00
2.995000E-01    1.627409E+01    2.163003E+00   -1.948194E+02    0.000000E+00    0.000000E+00    0.000000E+00    7.316940E-01    1.597040E+01    1.541435E-01    0.000000E+00    0.000000E+00    0.000000E+00
3.005000E-01   -1.173340E+01   -5.095114E+00   -2.009273E+02    0.000000E+00    0.000000E+00    0.000000E+00    4.847511E+00    4.284953E-01   -3.673211E-01    0.000000E+00    0.000000E+00    0.000000E+00
3.015000E-01    1.653980E+01   -4.996668E+00   -2.064171E+02    0.000000E+00    0.000000E+00    0.000000E+00    5.074057E+00    1.682404E+01   -8.254334E-02    0.000000E+00    0.000000E+00    0.000000E+00
3.025000E-01   -1.507478E+00   -3.353674E+00   -2.030883E+02    0.000000E+00    0.000000E+00    0.000000E+00    4.100970E+00    6.634593E+00   -2.053190E-01    0.000000E+00    0.000000E+00    0.000000E+00
3.035000E-01    1.468470E+01    6.228664E+00   -1.902312E+02    0.000000E+00    0.000000E+00    0.000000E+00   -1.333369E+00    1.537091E+01    3.237947E-01    0.000000E+00    0.000000E+00    0.000000E+00
3.045000E-01    7.547187E+00   -7.085607E+00   -2.054144E+02    0.000000E+00    0.000000E+00    0.000000E+00    6.300804E+00    1.208777E+01   -2.555258E-01    0.000000E+00    0.000000E+00    0.000000E+00
3.055000E-01    6.433235E+00    1.145934E+00   -2.061178E+02    0.000000E+00    0.000000E+00    0.000000E+00    1.723561E+00    1.147744E+01    3.745863E-02    0.000000E+00    0.000000E+00    0.000000E+00
3.065000E-01    1.081600E+01   -5.032560E-01   -2.018528E+02    0.000000E+00    0.000000E+00    0.000000E+00    2.617458E+00    1.423174E+01    3.879107E-02    0.000000E+00    0.000000E+00    0.000000E+00
3.075000E-01   -4.010996E+00   -7.276957E+00   -1.715999E+02    0.000000E+00    0.000000E+00    0.000000E+00    6.149156E+00    4.639994E+00   -3.884427E-01    0.000000E+00    0.000000E+00    0.000000E+00
3.085000E-01    1.431956E+01    3.535780E+00   -1.918526E+02    0.000000E+00    0.000000E+00    0.000000E+00    2.849677E-01    1.583206E+01    2.645013E-01    0.000000E+00    0.000000E+00    0.000000E+00
3.095000E-01   -2.796883E+00   -9.592471E+00   -1.851721E+02    0.000000E+00    0.000000E+00    0.000000E+00    7.842633E+00    6.434402E+00   -4.680720E-01    0.000000E+00    0.000000E+00    0.000000E+00
3.105000E-01    1.829342E+01    5.258138E+00   -1.891965E+02    0.000000E+00    0.000000E+00    0.000000E+00   -5.764325E-01    1.834340E+01    3.981408E-01    0.000000E+00    0.000000E+00    0.000000E+00
3.115000E-01   -5.619863E+00   -4.004960E+00   -1.951483E+02    0.000000E+00    0.000000E+00    0.000000E+00    4.729401E+00    5.018376E+00   -3.228061E-01    0.000000E+00    0.000000E+00    0.000000E+00
3.125000E-01    7.459668E+00    9.044032E+00   -1.934390E+02    0.000000E+00    0.000000E+00    0.000000E+00   -2.588771E+00    1.253191E+01    3.949528E-01    0.000000E+00    0.000000E+00    0.000000E+00
3.135000E-01    1.895135E+00   -7.080500E+00   -1.874358E+02    0.000000E+00    0.000000E+00    0.000000E+00    6.480753E+00    9.715661E+00   -4.344063E-01    0.000000E+00    0.000000E+00    0.000000E+00
3.145000E-01    1.215384E+01   -1.456038E+00   -1.971465E+02    0.000000E+00    0.000000E+00    0.000000E+00    3.538588E+00    1.601344E+01   -6.925762E-02    0.000000E+00    0.000000E+00    0.000000E+00
3.155000E-01    1.572437E+00   -5.833068E+00   -1.984502E+02    0.000000E+00    0.000000E+00    0.000000E+00    6.046676E+00    1.046961E+01   -4.155731E-01    0.000000E+00    0.000000E+00    0.000000E+00
3.165000E-01   -7.069609E+00    9.238824E+00   -2.048557E+02    0.000000E+00    0.000000E+00    0.000000E+00   -2.519474E+00    5.079767E+00    1.992772E-01    0.000000E+00    0.000000E+00    0.000000E+00
3.175000E-01    3.657804E+00   -6.583381E+00   -1.987642E+02    0.000000E+00    0.000000E+00    0.000000E+00    6.598964E+00    1.217300E+01   -4.376607E-01    0.000000E+00    0.000000E+00    0.000000E+00
3.185000E-01    5.168612E+00   -9.985106E-01   -1.911216E+02    0.000000E+00    0.000000E+00    0.000000E+00    3.359171E+00    1.228261E+01   -9.338760E-02    0.000000E+00    0.000000E+00    0.000000E+00
3.195000E-01    2.959731E+00    6.025994E+00   -1.933501E+02    0.000000E+00    0.000000E+00    0.000000E+00   -5.750166E-01    1.155491E+01    2.562427E-01    0.000000E+00    0.000000E+00    0.000000E+00
3.205000E-01    2.108297E+01   -5.065823E+00   -2.084191E+02    0.000000E+00    0.000000E+00    0.000000E+00    6.171373E+00    2.325936E+01    4.569066E-02    0.000000E+00    0.000000E+00    0.000000E+00
3.215000E-01    3.759885E+01   -1.251001E+01   -2.070485E+02    0.000000E+00    0.000000E+00    0.000000E+00    1.061228E+01    3.363079E+01   -5.977440E-02    0.000000E+00    0.000000E+00    0.000000E+00
3.225000E-01    8.306273E-02   -8.415089E+00   -1.893295E+02    0.000000E+00    0.000000E+00    0.000000E+00    7.733945E+00    1.027517E+01   -4.466071E-01    0.000000E+00    0.000000E+00    0.000000E+00
3.235000E-01    1.285200E+01   -3.686639E+00   -1.828503E+02    0.000000E+00    0.000000E+00    0.000000E+00    5.200678E+00    1.795872E+01    8.386680E-02    0.000000E+00    0.000000E+00    0.000000E+00
3.245000E-01    4.706097E+00    3.388138E+00   -2.083773E+02    0.000000E+00    0.000000E+00    0.000000E+00    1.475370E+00    1.415569E+01    3.806319E-01    0.000000E+00    0.000000E+00    0.000000E+00
3.255000E-01   -6.575554E+00   -2.199046E-02   -2.003239E+02    0.000000E+00    0.000000E+00    0.000000E+00    3.340880E+00    7.743696E+00    3.416122E-02    0.000000E+00    0.000000E+00    0.000000E+00
3.265000E-01    2.205080E+01   -3.927655E+00   -2.021711E+02    0.000000E+00    0.000000E+00    0.000000E+00    5.877287E+00    2.502938E+01    2.740165E-01    0.000000E+00    0.000000E+00    0.000000E+00
3.275000E-01    6.037744E+00   -1.210121E+01   -2.005783E+02    0.000000E+00    0.000000E+00    0.000000E+00    1.052176E+01    1.584768E+01   -4.936087E-01    0.000000E+00    0.000000E+00    0.000000E+00
3.285000E-01    1.837550E+01    2.262823E+00   -2.014214E+02    0.000000E+00    0.000000E+00    0.000000E+00    2.488856E+00    2.329190E+01    6.128967E-01    0.000000E+00    0.000000E+00    0.000000E+00
3.295000E-01    1.513935E+01   -1.364474E+00   -1.926832E+02    0.000000E+00    0.000000E+00    0.000000E+00    4.399447E+00    2.115890E+01    3.280660E-01    0.000000E+00    0.000000E+00    0.000000E+00
3.305000E-01    9.114238E-01    1.027603E+00   -1.716702E+02    0.000000E+00    0.000000E+00    0.000000E+00    2.582493E+00    1.166863E+01    2.105348E-01    0.000000E+00    0.000000E+00    0.000000E+00
3.315000E-01    6.344900E+00   -1.588302E+01   -1.990151E+02    0.000000E+00    0.000000E+00    0.000000E+00    1.292850E+01    1.703673E+01   -8.521259E-01    0.000000E+00    0.000000E+00    0.000000E+00
3.325000E-01    2.439161E+01   -1.575409E+00   -1.863504E+02    0.000000E+00    0.000000E+00    0.000000E+00    4.833870E+00    2.724774E+01    4.810104E-01    0.000000E+00    0.000000E+00    0.000000E+00
3.335000E-01    5.613305E+00    4.433619E+00   -2.000414E+02    0.000000E+00    0.000000E+00    0.000000E+00    1.379235E+00    1.696398E+01    5.597932E-01    0.000000E+00    0.000000E+00    0.000000E+00
3.345000E-01    1.025266E+01   -1.112676E+01   -2.049964E+02    0.000000E+00    0.000000E+00    0.000000E+00    1.070711E+01    2.070795E+01   -4.432991E-01    0.000000E+00    0.000000E+00    0.000000E+00
3.355000E-01    1.348518E+01    1.777919E+00   -1.995129E+02    0.000000E+00    0.000000E+00    0.000000E+00    3.108403E+00    2.234684E+01    5.404831E-01    0.000000E+00    0.000000E+00    0.000000E+00
3.365000E-01    2.289656E+01   -6.373496E+00   -1.888692E+02    0.000000E+00    0.000000E+00    0.000000E+00    7.950934E+00    2.781438E+01    1.248286E-01    0.000000E+00    0.000000E+00    0.000000E+00
3.375000E-01    2.098588E+01   -9.313798E+00   -1.916831E+02    0.000000E+00    0.000000E+00    0.000000E+00    9.565778E+00    2.699218E+01   -1.549210E-01    0.000000E+00    0.000000E+00    0.000000E+00
3.385000E-01    8.936606E+00    2.162268E+00   -1.982873E+02    0.000000E+00    0.000000E+00    0.000000E+00    3.277582E+00    2.074344E+01    4.850425E-01    0.000000E+00    0.000000E+00    0.000000E+00
3.395000E-01    1.120556E+01   -4.099384E+00   -2.050495E+02    0.000000E+00    0.000000E+00    0.000000E+00    7.101286E+00    2.303756E+01   -1.807414E-02    0.000000E+00    0.000000E+00    0.000000E+00
3.405000E-01    4.677316E+00   -5.562503E+00   -1.899112E+02    0.000000E+00    0.000000E+00    0.000000E+00    7.531044E+00    1.788682E+01   -2.399388E-01    0.000000E+00    0.000000E+00    0.000000E+00
3.415000E-01    2.034376E+01   -6.056436E+00   -1.938338E+02    0.000000E+00    0.000000E+00    0.000000E+00    8.306764E+00    2.842862E+01   -6.463963E-02    0.000000E+00    0.000000E+00    0.000000E+00
3.425000E-01    1.344778E+01    2.027199E-01   -2.061115E+02    0.000000E+00    0.000000E+00    0.000000E+00    5.025128E+00    2.540842E+01    4.184488E-01    0.000000E+00    0.000000E+00    0.000000E+00
3.435000E-01    2.487822E+01   -4.825108E+00   -2.046165E+02    0.000000E+00    0.000000E+00    0.000000E+00    8.019527E+00    3.277338E+01    3.124462E-01    0.000000E+00    0.000000E+00    0.000000E+00
3.445000E-01    2.047482E+01   -8.200546E+00   -1.977283E+02    0.000000E+00    0.000000E+00    0.000000E+00    9.865664E+00    2.982575E+01   -1.141514E-01    0.000000E+00    0.000000E+00    0.000000E+00
3.455000E-01   -3.138682E+00    7.478744E+00   -1.823394E+02    0.000000E+00    0.000000E+00    0.000000E+00    2.840882E-01    1.445192E+01    6.763447E-01    0.000000E+00    0.000000E+00    0.000000E+00
3.465000E-01    1.984304E+01   -5.681794E+00   -2.029782E+02    0.000000E+00    0.000000E+00    0.000000E+00    8.693608E+00    3.072002E+01    1.296186E-01    0.000000E+00    0.000000E+00    0.000000E+00
3.475000E-01    1.432412E+01   -1.108400E+01   -2.117320E+02    0.000000E+00    0.000000E+00    0.000000E+00    1.226057E+01    2.916101E+01   -5.031280E-01    0.000000E+00    0.000000E+00    0.000000E+00
3.485000E-01    1.524108E+01    1.210339E+00   -2.029860E+02    0.000000E+00    0.000000E+00    0.000000E+00    4.921446E+00    2.854461E+01    7.384282E-01    0.000000E+00    0.000000E+00    0.000000E+00
3.495000E-01    1.674717E+01   -9.664710E+00   -1.890080E+02    0.000000E+00    0.000000E+00    0.000000E+00    1.105569E+01    2.895695E+01   -2.752036E-01    0.000000E+00    0.000000E+00    0.000000E+00
3.505000E-01    2.394213E+01   -3.207331E+00   -1.898011E+02    0.000000E+00    0.000000E+00    0.000000E+00    7.554067E+00    3.366174E+01    5.825658E-01    0.000000E+00    0.000000E+00    0.000000E+00
3.515000E-01    1.761659E+01    5.298525E+00   -2.043168E+02    0.000000E+00    0.000000E+00    0.000000E+00    3.083407E+00    3.187627E+01    1.344838E+00    0.000000E+00    0.000000E+00    0.000000E+00
3.525000E-01    2.116326E+01   -1.221903E+01   -2.135194E+02    0.000000E+00    0.000000E+00    0.000000E+00    1.367520E+01    3.549040E+01   -4.421263E-01    0.000000E+00    0.000000E+00    0.000000E+00
3.535000E-01    2.875567E+01   -6.536244E+00   -2.078801E+02    0.000000E+00    0.000000E+00    0.000000E+00    1.038832E+01    4.039230E+01    3.816419E-01    0.000000E+00    0.000000E+00    0.000000E+00
3.545000E-01    1.069741E+01   -6.476144E-01   -2.020858E+02    0.000000E+00    0.000000E+00    0.000000E+00    6.735713E+00    2.888862E+01    5.283725E-01    0.000000E+00    0.000000E+00    0.000000E+00
3.555000E-01    2.065379E+01   -1.231435E+01   -2.008268E+02    0.000000E+00    0.000000E+00    0.000000E+00    1.369893E+01    3.550874E+01   -5.375037E-01    0.000000E+00    0.000000E+00    0.000000E+00
3.565000E-01    1.653161E+01   -1.070474E+01   -2.097782E+02    0.000000E+00    0.000000E+00    0.000000E+00    1.325811E+01    3.472945E+01   -5.226580E-01    0.000000E+00    0.000000E+00    0.000000E+00
3.575000E-01    1.790484E+01   -2.093882E+00   -2.077385E+02    0.000000E+00    0.000000E+00    0.000000E+00    8.425795E+00    3.556552E+01    5.691993E-01    0.000000E+00    0.000000E+00    0.000000E+00
3.585000E-01    2.268719E+01    3.646644E+00   -1.963258E+02    0.000000E+00    0.000000E+00    0.000000E+00    4.706769E+00    3.736599E+01    1.414803E+00    0.000000E+00    0.000000E+00    0.000000E+00
3.595000E-01    3.778836E+01   -1.281200E+01   -2.074958E+02    0.000000E+00    0.000000E+00    0.000000E+00    1.494835E+01    4.908570E+01   -1.294858E-01    0.000000E+00    0.000000E+00    0.000000E+00
3.605000E-01    1.873174E+01    7.581752E+00   -1.871017E+02    0.000000E+00    0.000000E+00    0.000000E+00    2.369686E+00    3.553759E+01    1.794102E+00    0.000000E+00    0.000000E+00    0.000000E+00
3.615000E-01    8.807102E+00   -1.862005E+01   -2.047030E+02    0.000000E+00    0.000000E+00    0.000000E+00    1.807468E+01    3.207161E+01   -2.019230E+00    0.000000E+00    0.000000E+00    0.000000E+00
3.625000E-01    2.336046E+01   -1.059574E+01   -2.031858E+02    0.000000E+00    0.000000E+00    0.000000E+00    1.387400E+01    4.158535E+01   -4.785272E-01    0.000000E+00    0.000000E+00    0.000000E+00
3.635000E-01    1.600708E+01   -1.581175E+00   -1.929235E+02    0.000000E+00    0.000000E+00    0.000000E+00    8.129434E+00    3.581519E+01    5.344302E-01    0.000000E+00    0.000000E+00    0.000000E+00
3.645000E-01    4.225955E+01   -4.649287E+00   -1.907783E+02    0.000000E+00    0.000000E+00    0.000000E+00    1.036694E+01    5.221888E+01    9.253926E-01    0.000000E+00    0.000000E+00    0.000000E+00
3.655000E-01    9.453265E+00   -6.980426E+00   -2.190107E+02    0.000000E+00    0.000000E+00    0.000000E+00    1.260650E+01    3.682820E+01   -5.818552E-01    0.000000E+00    0.000000E+00    0.000000E+00
3.665000E-01    3.025581E+01    1.720277E+00   -1.969726E+02    0.000000E+00    0.000000E+00    0.000000E+00    7.076431E+00    4.708208E+01    1.521369E+00    0.000000E+00    0.000000E+00    0.000000E+00
3.675000E-01    2.554798E+01   -1.026494E+01   -2.025813E+02    0.000000E+00    0.000000E+00    0.000000E+00    1.434163E+01    4.612442E+01   -5.089902E-01    0.000000E+00    0.000000E+00    0.000000E+00
3.685000E-01    4.058750E+01   -7.170511E+00   -1.893469E+02    0.000000E+00    0.000000E+00    0.000000E+00    1.225077E+01    5.392787E+01    5.783895E-01    0.000000E+00    0.000000E+00    0.000000E+00
3.695000E-01    3.860894E+01   -1.420914E+01   -2.069542E+02    0.000000E+00    0.000000E+00    0.000000E+00    1.715816E+01    5.639884E+01   -5.915461E-01    0.000000E+00    0.000000E+00    0.000000E+00
3.705000E-01    2.786457E+01   -1.028801E+01   -1.934272E+02    0.000000E+00    0.000000E+00    0.000000E+00    1.440837E+01    4.775012E+01   -4.420717E-01    0.000000E+00    0.000000E+00    0.000000E+00
3.715000E-01    3.972674E+01   -1.244383E+01   -2.147686E+02    0.000000E+00    0.000000E+00    0.000000E+00    1.673210E+01    5.897388E+01   -2.533670E-01    0.000000E+00    0.000000E+00    0.000000E+00
3.725000E-01    2.665291E+01   -5.685916E+00   -2.080903E+02    0.000000E+00    0.000000E+00    0.000000E+00    1.287784E+01    5.094568E+01    2.619475E-01    0.000000E+00    0.000000E+00    0.000000E+00
3.735000E-01    3.863128E+01    2.704565E-01   -2.109900E+02    0.000000E+00    0.000000E+00    0.000000E+00    9.519143E+00    5.909654E+01    1.936923E+00    0.000000E+00    0.000000E+00    0.000000E+00
3.745000E-01    3.543414E+01   -1.320775E+01   -1.996330E+02    0.000000E+00    0.000000E+00    0.000000E+00    1.717051E+01    5.640518E+01   -5.703865E-01    0.000000E+00    0.000000E+00    0.000000E+00
3.755000E-01    3.435187E+01   -3.326801E+00   -2.166478E+02    0.000000E+00    0.000000E+00    0.000000E+00    1.222278E+01    5.929520E+01    1.130802E+00    0.000000E+00    0.000000E+00    0.000000E+00
3.765000E-01    5.615264E+01   -1.750439E+01   -2.102755E+02    0.000000E+00    0.000000E+00    0.000000E+00    2.061964E+01    7.294803E+01   -3.535967E-01    0.000000E+00    0.000000E+00    0.000000E+00
3.775000E-01    4.419714E+01   -1.921822E+01   -2.046560E+02    0.000000E+00    0.000000E+00    0.000000E+00    2.147906E+01    6.545817E+01   -1.295317E+00    0.000000E+00    0.000000E+00    0.000000E+00
3.785000E-01    2.740105E+01   -1.029172E+01   -1.980181E+02    0.000000E+00    0.000000E+00    0.000000E+00    1.598690E+01    5.417493E+01   -4.649837E-01    0.000000E+00    0.000000E+00    0.000000E+00
3.795000E-01    5.015436E+01   -9.207794E+00   -2.117333E+02    0.000000E+00    0.000000E+00    0.000000E+00    1.635860E+01    7.105130E+01    8.807316E-01    0.000000E+00    0.000000E+00    0.000000E+00
3.805000E-01    3.324729E+01   -6.070619E+00   -2.099111E+02    0.000000E+00    0.000000E+00    0.000000E+00    1.455772E+01    6.147772E+01    6.424184E-01    0.000000E+00    0.000000E+00    0.000000E+00
3.815000E-01    1.786358E+01   -3.443780E+00   -2.001459E+02    0.000000E+00    0.000000E+00    0.000000E+00    1.254124E+01    5.057407E+01    4.047374E-01    0.000000E+00    0.000000E+00    0.000000E+00
3.825000E-01    5.806194E+01   -1.405772E+01   -2.087232E+02    0.000000E+00    0.000000E+00    0.000000E+00    1.982910E+01    7.879764E+01    2.418556E-01    0.000000E+00    0.000000E+00    0.000000E+00
3.835000E-01    2.783337E+01   -4.283617E+00   -2.076736E+02    0.000000E+00    0.000000E+00    0.000000E+00    1.378239E+01    6.004828E+01    6.522242E-01    0.000000E+00    0.000000E+00    0.000000E+00
3.845000E-01    4.753170E+01   -1.477709E+01   -2.039885E+02    0.000000E+00    0.000000E+00    0.000000E+00    2.014826E+01    7.273985E+01   -4.645097E-01    0.000000E+00    0.000000E+00    0.000000E+00
3.855000E-01    4.740461E+01   -1.756233E+01   -2.239436E+02    0.000000E+00    0.000000E+00    0.000000E+00    2.325582E+01    7.860334E+01   -1.213495E+00    0.000000E+00    0.000000E+00    0.000000E+00
3.865000E-01    3.612557E+01   -1.307220E+01   -1.982845E+02    0.000000E+00    0.000000E+00    0.000000E+00    1.922832E+01    6.629099E+01   -8.872683E-01    0.000000E+00    0.000000E+00    0.000000E+00
3.875000E-01    5.316357E+01   -1.272062E+01   -2.049326E+02    0.000000E+00    0.000000E+00    0.000000E+00    1.988590E+01    7.936446E+01    1.971535E-01    0.000000E+00    0.000000E+00    0.000000E+00
3.885000E-01    3.571997E+01   -4.213113E+00   -2.125480E+02    0.000000E+00    0.000000E+00    0.000000E+00    1.518447E+01    7.052752E+01    1.130097E+00    0.000000E+00    0.000000E+00    0.000000E+00
3.895000E-01    5.754782E+01   -9.813386E+00   -1.977520E+02    0.000000E+00    0.000000E+00    0.000000E+00    1.809950E+01    8.190490E+01    1.066450E+00    0.000000E+00    0.000000E+00    0.000000E+00
3.905000E-01    4.427155E+01   -3.171329E+00   -2.268614E+02    0.000000E+00    0.000000E+00    0.000000E+00    1.600140E+01    8.166554E+01    1.887037E+00    0.000000E+00    0.000000E+00    0.000000E+00
3.915000E-01    2.800439E+01   -9.892842E+00   -2.059133E+02    0.000000E+00    0.000000E+00    0.000000E+00    1.877434E+01    6.792717E+01   -8.603275E-01    0.000000E+00    0.000000E+00    0.000000E+00
3.925000E-01    7.198467E+01   -2.933132E+01   -2.233342E+02    0.000000E+00    0.000000E+00    0.000000E+00    3.193359E+01    1.005407E+02   -2.929254E+00    0.000000E+00    0.000000E+00    0.000000E+00
3.935000E-01    5.934663E+01   -1.064257E+01   -2.157857E+02    0.000000E+00    0.000000E+00    0.000000E+00    2.057374E+01    9.191749E+01    1.033937E+00    0.000000E+00    0.000000E+00    0.000000E+00
3.945000E-01    2.350998E+01   -1.029528E+01   -2.049489E+02    0.000000E+00    0.000000E+00    0.000000E+00    1.969428E+01    6.756757E+01   -1.194681E+00    0.000000E+00    0.000000E+00    0.000000E+00
3.955000E-01    8.918377E+01   -1.743037E+01   -2.188025E+02    0.000000E+00    0.000000E+00    0.000000E+00    2.565829E+01    1.135590E+02    1.258228E+00    0.000000E+00    0.000000E+00    0.000000E+00
3.965000E-01    7.760880E+01   -1.050587E+01   -2.135018E+02    0.000000E+00    0.000000E+00    0.000000E+00    2.130584E+01    1.056981E+02    2.449281E+00    0.000000E+00    0.000000E+00    0.000000E+00
3.975000E-01    7.782825E+01   -1.892707E+01   -2.028482E+02    0.000000E+00    0.000000E+00    0.000000E+00    2.582271E+01    1.042645E+02    1.756909E-01    0.000000E+00    0.000000E+00    0.000000E+00
3.985000E-01    5.074434E+01   -1.290516E+01   -2.225280E+02    0.000000E+00    0.000000E+00    0.000000E+00    2.359407E+01    9.390321E+01   -7.243445E-02    0.000000E+00    0.000000E+00    0.000000E+00
3.995000E-01    7.397924E+01   -1.789283E+01   -2.302629E+02    0.000000E+00    0.000000E+00    0.000000E+00    2.743504E+01    1.113671E+02    2.087434E-01    0.000000E+00    0.000000E+00    0.000000E+00
4.005000E-01    6.739269E+01   -2.359478E+01   -2.079892E+02    0.000000E+00    0.000000E+00    0.000000E+00    2.950560E+01    1.024607E+02   -1.935274E+00    0.000000E+00    0.000000E+00    0.000000E+00
4.015000E-01    8.885196E+01   -2.938740E+01   -2.143832E+02    0.000000E+00    0.000000E+00    0.000000E+00    3.392452E+01    1.187348E+02   -2.102055E+00    0.000000E+00    0.000000E+00    0.000000E+00
4.025000E-01    7.042836E+01   -9.005225E+00   -2.107356E+02    0.000000E+00    0.000000E+00    0.000000E+00    2.155036E+01    1.068255E+02    2.617816E+00    0.000000E+00    0.000000E+00    0.000000E+00
4.035000E-01    9.887423E+01   -2.650008E+01   -2.218892E+02    0.000000E+00    0.000000E+00    0.000000E+00    3.352711E+01    1.297941E+02   -4.800732E-01    0.000000E+00    0.000000E+00    0.000000E+00
4.045000E-01    9.122656E+01   -1.700178E+01   -2.302893E+02    0.000000E+00    0.000000E+00    0.000000E+00    2.847009E+01    1.280096E+02    1.868173E+00    0.000000E+00    0.000000E+00    0.000000E+00
4.055000E-01    6.842180E+01   -1.069342E+01   -2.164299E+02    0.000000E+00    0.000000E+00    0.000000E+00    2.360980E+01    1.102540E+02    2.005070E+00    0.000000E+00    0.000000E+00    0.000000E+00
4.065000E-01    4.529628E+01   -1.484339E+01   -2.124745E+02    0.000000E+00    0.000000E+00    0.000000E+00    2.590539E+01    9.580090E+01   -1.153797E+00    0.000000E+00    0.000000E+00    0.000000E+00
4.075000E-01    9.108003E+01   -2.959921E+01   -2.249983E+02    0.000000E+00    0.000000E+00    0.000000E+00    3.647141E+01    1.305579E+02   -2.353180E+00    0.000000E+00    0.000000E+00    0.000000E+00
4.085000E-01    6.513607E+01   -1.044176E+01   -2.116848E+02    0.000000E+00    0.000000E+00    0.000000E+00    2.386955E+01    1.107281E+02    1.772270E+00    0.000000E+00    0.000000E+00    0.000000E+00
4.095000E-01    4.208942E+01   -1.928653E+01   -2.197594E+02    0.000000E+00    0.000000E+00    0.000000E+00    2.989334E+01    9.944457E+01   -3.011904E+00    0.000000E+00    0.000000E+00    0.000000E+00
4.105000E-01    8.066871E+01   -1.847443E+01   -2.334988E+02    0.000000E+00    0.000000E+00    0.000000E+00    3.138576E+01    1.306567E+02    3.678795E-01    0.000000E+00    0.000000E+00    0.000000E+00
4.115000E-01    1.114095E+02   -1.823659E+01   -2.207952E+02    0.000000E+00    0.000000E+00    0.000000E+00    3.052464E+01    1.467274E+02    3.141862E+00    0.000000E+00    0.000000E+00    0.000000E+00
4.125000E-01    5.206760E+01   -5.758536E+00   -1.961665E+02    0.000000E+00    0.000000E+00    0.000000E+00    2.054632E+01    1.009953E+02    2.435471E+00    0.000000E+00    0.000000E+00    0.000000E+00
4.135000E-01    7.152642E+01   -2.260280E+01   -2.273745E+02    0.000000E+00    0.000000E+00    0.000000E+00    3.413098E+01    1.268120E+02   -1.930003E+00    0.000000E+00    0.000000E+00    0.000000E+00
4.145000E-01    7.741108E+01   -1.985797E+01   -2.389115E+02    0.000000E+00    0.000000E+00    0.000000E+00    3.369345E+01    1.355343E+02   -4.101249E-01    0.000000E+00    0.000000E+00    0.000000E+00
4.155000E-01    8.525094E+01   -2.813249E+01   -2.238011E+02    0.000000E+00    0.000000E+00    0.000000E+00    3.787024E+01    1.367171E+02   -2.762141E+00    0.000000E+00    0.000000E+00    0.000000E+00
4.165000E-01    1.092738E+02   -2.622254E+01   -2.242308E+02    0.000000E+00    0.000000E+00    0.000000E+00    3.717032E+01    1.534676E+02    1.042961E-01    0.000000E+00    0.000000E+00    0.000000E+00
4.175000E-01    8.885139E+01   -1.686496E+01   -2.126127E+02    0.000000E+00    0.000000E+00    0.000000E+00    3.056759E+01    1.372927E+02    1.822596E+00    0.000000E+00    0.000000E+00    0.000000E+00
4.185000E-01    7.611898E+01   -2.340869E+01   -2.243679E+02    0.000000E+00    0.000000E+00    0.000000E+00    3.584329E+01    1.343368E+02   -1.868685E+00    0.000000E+00    0.000000E+00    0.000000E+00
4.195000E-01    7.446579E+01   -1.935662E+01   -2.299437E+02    0.000000E+00    0.000000E+00    0.000000E+00    3.422415E+01    1.368737E+02   -4.810326E-01    0.000000E+00    0.000000E+00    0.000000E+00
4.205000E-01    1.069773E+02   -1.063502E+01   -2.357744E+02    0.000000E+00    0.000000E+00    0.000000E+00    2.977907E+01    1.615583E+02    6.120993E+00    0.000000E+00    0.000000E+00    0.000000E+00
4.215000E-01    7.762076E+01   -2.830686E+01   -2.286697E+02    0.000000E+00    0.000000E+00    0.000000E+00    4.029075E+01    1.416105E+02   -3.712109E+00    0.000000E+00    0.000000E+00    0.000000E+00
4.225000E-01    6.413024E+01   -2.505591E+01   -2.233304E+02    0.000000E+00    0.000000E+00    0.000000E+00    3.790222E+01    1.320201E+02   -3.870026E+00    0.000000E+00    0.000000E+00    0.000000E+00
4.235000E-01    9.708043E+01   -2.006953E+01   -2.386343E+02    0.000000E+00    0.000000E+00    0.000000E+00    3.675045E+01    1.602593E+02    1.474704E+00    0.000000E+00    0.000000E+00    0.000000E+00
4.245000E-01    8.183129E+01   -2.228244E+01   -2.305787E+02    0.000000E+00    0.000000E+00    0.000000E+00    3.780218E+01    1.493687E+02   -8.796683E-01    0.000000E+00    0.000000E+00    0.000000E+00
4.255000E-01    1.007424E+02   -2.069032E+01   -2.298867E+02    0.000000E+00    0.000000E+00    0.000000E+00    3.714291E+01    1.626630E+02    1.728282E+00    0.000000E+00    0.000000E+00    0.000000E+00
4.265000E-01    7.625621E+01   -2.316936E+01   -2.285487E+02    0.000000E+00    0.000000E+00    0.000000E+00    3.881786E+01    1.471844E+02   -1.831525E+00    0.000000E+00    0.000000E+00    0.000000E+00
4.275000E-01    9.407907E+01   -1.537278E+01   -2.007593E+02    0.000000E+00    0.000000E+00    0.000000E+00    3.133908E+01    1.484605E+02    3.351781E+00    0.000000E+00    0.000000E+00    0.000000E+00
4.285000E-01    6.741974E+01   -1.091122E+01   -2.462939E+02    0.000000E+00    0.000000E+00    0.000000E+00    3.340091E+01    1.520138E+02    2.497101E+00    0.000000E+00    0.000000E+00    0.000000E+00
4.295000E-01    8.435328E+01   -3.458608E+01   -2.412225E+02    0.000000E+00    0.000000E+00    0.000000E+00    4.863781E+01    1.632385E+02   -6.205770E+00    0.000000E+00    0.000000E+00    0.000000E+00
4.305000E-01    9.208595E+01   -2.439990E+01   -2.370053E+02    0.000000E+00    0.000000E+00    0.000000E+00    4.191783E+01    1.677464E+02   -9.088773E-01    0.000000E+00    0.000000E+00    0.000000E+00
4.315000E-01    9.461362E+01   -2.210227E+01   -2.326573E+02    0.000000E+00    0.000000E+00    0.000000E+00    4.048043E+01    1.690893E+02    3.668398E-01    0.000000E+00    0.000000E+00    0.000000E+00
4.325000E-01    1.043531E+02   -2.115095E+01   -2.145872E+02    0.000000E+00    0.000000E+00    0.000000E+00    3.831513E+01    1.688849E+02    1.987012E+00    0.000000E+00    0.000000E+00    0.000000E+00
4.335000E-01    1.006668E+02   -2.678982E+01   -2.351521E+02    0.000000E+00    0.000000E+00    0.000000E+00    4.465475E+01    1.778591E+02   -1.107224E+00    0.000000E+00    0.000000E+00    0.000000E+00
4.345000E-01    1.047696E+02   -2.335326E+01   -2.382512E+02    0.000000E+00    0.000000E+00    0.000000E+00    4.312721E+01    1.830148E+02    9.980079E-01    0.000000E+00    0.000000E+00    0.000000E+00
4.355000E-01    1.073601E+02   -2.247628E+01   -2.370215E+02    0.000000E+00    0.000000E+00    0.000000E+00    4.275550E+01    1.860394E+02    1.641554E+00    0.000000E+00    0.000000E+00    0.000000E+00
4.365000E-01    6.625597E+01   -1.520869E+01   -2.234113E+02    0.000000E+00    0.000000E+00    0.000000E+00    3.632906E+01    1.524656E+02    3.748857E-01    0.000000E+00    0.000000E+00    0.000000E+00
4.375000E-01    1.063325E+02   -3.202065E+01   -2.379341E+02    0.000000E+00    0.000000E+00    0.000000E+00    4.991419E+01    1.895992E+02   -3.174924E+00    0.000000E+00    0.000000E+00    0.000000E+00
4.385000E-01    8.349914E+01   -2.631122E+01   -2.185439E+02    0.000000E+00    0.000000E+00    0.000000E+00    4.393168E+01    1.651703E+02   -3.136401E+00    0.000000E+00    0.000000E+00    0.000000E+00
4.395000E-01    9.018289E+01   -1.307589E+01   -2.036473E+02    0.000000E+00    0.000000E+00    0.000000E+00    3.392897E+01    1.639515E+02    4.397975E+00    0.000000E+00    0.000000E+00    0.000000E+00
4.405000E-01    1.114434E+02   -2.027472E+01   -2.450964E+02    0.000000E+00    0.000000E+00    0.000000E+00    4.410813E+01    2.005603E+02    3.487190E+00    0.000000E+00    0.000000E+00    0.000000E+00
4.415000E-01    9.100321E+01   -2.656658E+01   -2.194694E+02    0.000000E+00    0.000000E+00    0.000000E+00    4.557972E+01    1.763672E+02   -2.342975E+00    0.000000E+00    0.000000E+00    0.000000E+00
4.425000E-01    1.071005E+02   -2.190306E+01   -2.260522E+02    0.000000E+00    0.000000E+00    0.000000E+00    4.366823E+01    1.919385E+02    2.117401E+00    0.000000E+00    0.000000E+00    0.000000E+00
4.435000E-01    1.106438E+02   -2.390066E+01   -2.309544E+02    0.000000E+00    0.000000E+00    0.000000E+00    4.603600E+01    1.986426E+02    1.542198E+00    0.000000E+00    0.000000E+00    0.000000E+00
4.445000E-01    1.067451E+02   -2.766829E+01   -2.356684E+02    0.000000E+00    0.000000E+00    0.000000E+00    4.949311E+01    2.004794E+02   -9.581947E-01    0.000000E+00    0.000000E+00    0.000000E+00
4.455000E-01    1.149964E+02   -3.038675E+01   -2.411150E+02    0.000000E+00    0.000000E+00    0.000000E+00    5.241547E+01    2.101925E+02   -1.345295E+00    0.000000E+00    0.000000E+00    0.000000E+00
4.465000E-01    1.146089E+02   -2.761619E+01   -2.371646E+02    0.000000E+00    0.000000E+00    0.000000E+00    5.046356E+01    2.093600E+02    1.554375E-01    0.000000E+00    0.000000E+00    0.000000E+00
4.475000E-01    1.183818E+02   -2.211312E+01   -2.368637E+02    0.000000E+00    0.000000E+00    0.000000E+00    4.708652E+01    2.130429E+02    3.800542E+00    0.000000E+00    0.000000E+00    0.000000E+00
4.485000E-01    1.158504E+02   -2.589947E+01   -2.396561E+02    0.000000E+00    0.000000E+00    0.000000E+00    5.036203E+01    2.146963E+02    1.345662E+00    0.000000E+00    0.000000E+00    0.000000E+00
4.495000E-01    1.204036E+02   -3.070967E+01   -2.438062E+02    0.000000E+00    0.000000E+00    0.000000E+00    5.465065E+01    2.224990E+02   -8.089119E-01    0.000000E+00    0.000000E+00    0.000000E+00
4.505000E-01    1.233366E+02   -2.986014E+01   -2.493496E+02    0.000000E+00    0.000000E+00    0.000000E+00    5.523401E+01    2.289233E+02    6.508665E-02    0.000000E+00    0.000000E+00    0.000000E+00
4.515000E-01    1.222277E+02   -3.012544E+01   -2.404701E+02    0.000000E+00    0.000000E+00    0.000000E+00    5.448738E+01    2.245975E+02   -2.660015E-01    0.000000E+00    0.000000E+00    0.000000E+00
4.525000E-01    1.213108E+02   -3.064653E+01   -2.480430E+02    0.000000E+00    0.000000E+00    0.000000E+00    5.641879E+01    2.303733E+02   -7.064802E-01    0.000000E+00    0.000000E+00    0.000000E+00
4.535000E-01    1.241798E+02   -2.970591E+01   -2.460199E+02    0.000000E+00    0.000000E+00    0.000000E+00    5.603711E+01    2.330523E+02    2.222545E-01    0.000000E+00    0.000000E+00    0.000000E+00
4.545000E-01    1.316801E+02   -2.760778E+01   -2.457259E+02    0.000000E+00    0.000000E+00    0.000000E+00    5.488603E+01    2.396736E+02    2.602376E+00    0.000000E+00    0.000000E+00    0.000000E+00
4.555000E-01    1.220501E+02   -2.752511E+01   -2.422948E+02    0.000000E+00    0.000000E+00    0.000000E+00    5.460964E+01    2.322622E+02    1.228268E+00    0.000000E+00    0.000000E+00    0.000000E+00
4.565000E-01    1.186562E+02   -2.865364E+01   -2.442822E+02    0.000000E+00    0.000000E+00    0.000000E+00    5.605876E+01    2.330321E+02    7.868156E-04    0.000000E+00    0.000000E+00    0.000000E+00
4.575000E-01    1.180930E+02   -2.973802E+01   -2.432380E+02    0.000000E+00    0.000000E+00    0.000000E+00    5.705953E+01    2.337043E+02   -7.991667E-01    0.000000E+00    0.000000E+00    0.000000E+00
4.585000E-01    1.169420E+02   -2.722945E+01   -2.390442E+02    0.000000E+00    0.000000E+00    0.000000E+00    5.534963E+01    2.328643E+02    6.301748E-01    0.000000E+00    0.000000E+00    0.000000E+00
4.595000E-01    1.345780E+02   -3.196869E+01   -2.298618E+02    0.000000E+00    0.000000E+00    0.000000E+00    5.749928E+01    2.404402E+02    3.164763E-01    0.000000E+00    0.000000E+00    0.000000E+00
4.605000E-01    1.206293E+02   -2.762292E+01   -2.280138E+02    0.000000E+00    0.000000E+00    0.000000E+00    5.466967E+01    2.315551E+02    9.877555E-01    0.000000E+00    0.000000E+00    0.000000E+00
4.615000E-01    1.222286E+02   -2.700328E+01   -2.310334E+02    0.000000E+00    0.000000E+00    0.000000E+00    5.508685E+01    2.362382E+02    1.663412E+00    0.000000E+00    0.000000E+00    0.000000E+00
4.625000E-01    1.241134E+02   -2.759627E+01   -2.314621E+02    0.000000E+00    0.000000E+00    0.000000E+00    5.605531E+01    2.399688E+02    1.611550E+00    0.000000E+00    0.000000E+00    0.000000E+00
4.635000E-01    1.343434E+02   -3.223765E+01   -2.237033E+02    0.000000E+00    0.000000E+00    0.000000E+00    5.842461E+01    2.435164E+02    1.786704E-01    0.000000E+00    0.000000E+00    0.000000E+00
4.645000E-01    1.181752E+02   -2.870054E+01   -2.223040E+02    0.000000E+00    0.000000E+00    0.000000E+00    5.611955E+01    2.329037E+02   -3.548323E-02    0.000000E+00    0.000000E+00    0.000000E+00
4.655000E-01    1.305311E+02   -3.164229E+01   -2.241487E+02    0.000000E+00    0.000000E+00    0.000000E+00    5.889348E+01    2.444183E+02    5.723579E-03    0.000000E+00    0.000000E+00    0.000000E+00
4.665000E-01    1.255205E+02   -2.930309E+01   -2.232328E+02    0.000000E+00    0.000000E+00    0.000000E+00    5.762706E+01    2.423146E+02    7.965172E-01    0.000000E+00    0.000000E+00    0.000000E+00
4.675000E-01    1.357622E+02   -3.167100E+01   -2.200458E+02    0.000000E+00    0.000000E+00    0.000000E+00    5.921097E+01    2.490932E+02    8.570509E-01    0.000000E+00    0.000000E+00    0.000000E+00
4.685000E-01    1.404735E+02   -3.265402E+01   -2.236197E+02    0.000000E+00    0.000000E+00    0.000000E+00    6.079864E+01    2.561697E+02    9.897856E-01    0.000000E+00    0.000000E+00    0.000000E+00
4.695000E-01    1.246214E+02   -2.951251E+01   -2.324312E+02    0.000000E+00    0.000000E+00    0.000000E+00    6.049399E+01    2.531327E+02    5.888558E-01    0.000000E+00    0.000000E+00    0.000000E+00
4.705000E-01    1.377574E+02   -3.309696E+01   -2.241761E+02    0.000000E+00    0.000000E+00    0.000000E+00    6.212788E+01    2.584847E+02    2.213945E-01    0.000000E+00    0.000000E+00    0.000000E+00
4.715000E-01    1.405148E+02   -3.483102E+01   -2.243782E+02    0.000000E+00    0.000000E+00    0.000000E+00    6.373597E+01    2.618647E+02   -5.612520E-01    0.000000E+00    0.000000E+00    0.000000E+00
4.725000E-01    1.371062E+02   -3.322396E+01   -2.239959E+02    0.000000E+00    0.000000E+00    0.000000E+00    6.295115E+01    2.609556E+02    6.876125E-02    0.000000E+00    0.000000E+00    0.000000E+00
4.735000E-01    1.356113E+02   -3.189176E+01   -2.282218E+02    0.000000E+00    0.000000E+00    0.000000E+00    6.304203E+01    2.642187E+02    8.111454E-01    0.000000E+00    0.000000E+00    0.000000E+00
4.745000E-01    1.331711E+02   -3.126087E+01   -2.310240E+02    0.000000E+00    0.000000E+00    0.000000E+00    6.358101E+01    2.664280E+02    7.992596E-01    0.000000E+00    0.000000E+00    0.000000E+00
4.755000E-01    1.469556E+02   -3.366262E+01   -2.219118E+02    0.000000E+00    0.000000E+00    0.000000E+00    6.408871E+01    2.712524E+02    1.413683E+00    0.000000E+00    0.000000E+00    0.000000E+00
4.765000E-01    1.335599E+02   -3.182388E+01   -2.268061E+02    0.000000E+00    0.000000E+00    0.000000E+00    6.394486E+01    2.666603E+02    4.607426E-01    0.000000E+00    0.000000E+00    0.000000E+00
4.775000E-01    1.368742E+02   -3.148902E+01   -2.302234E+02    0.000000E+00    0.000000E+00    0.000000E+00    6.480892E+01    2.736468E+02    1.312441E+00    0.000000E+00    0.000000E+00    0.000000E+00
4.785000E-01    1.419702E+02   -3.465811E+01   -2.252735E+02    0.000000E+00    0.000000E+00    0.000000E+00    6.670755E+01    2.754463E+02   -2.247144E-01    0.000000E+00    0.000000E+00    0.000000E+00
4.795000E-01    1.453913E+02   -3.427491E+01   -2.188637E+02    0.000000E+00    0.000000E+00    0.000000E+00    6.565896E+01    2.745908E+02    6.818022E-01    0.000000E+00    0.000000E+00    0.000000E+00
4.805000E-01    1.377382E+02   -3.215837E+01   -2.212859E+02    0.000000E+00    0.000000E+00    0.000000E+00    6.477811E+01    2.720765E+02    1.001408E+00    0.000000E+00    0.000000E+00    0.000000E+00
4.815000E-01    1.362977E+02   -3.105275E+01   -2.258165E+02    0.000000E+00    0.000000E+00    0.000000E+00    6.512041E+01    2.759873E+02    1.620458E+00    0.000000E+00    0.000000E+00    0.000000E+00
4.825000E-01    1.391367E+02   -3.184525E+01   -2.250865E+02    0.000000E+00    0.000000E+00    0.000000E+00    6.611614E+01    2.795982E+02    1.487667E+00    0.000000E+00    0.000000E+00    0.000000E+00
4.835000E-01    1.443082E+02   -3.383207E+01   -2.152579E+02    0.000000E+00    0.000000E+00    0.000000E+00    6.607809E+01    2.770759E+02    8.687870E-01    0.000000E+00    0.000000E+00    0.000000E+00
4.845000E-01    1.377282E+02   -3.240168E+01   -2.170192E+02    0.000000E+00    0.000000E+00    0.000000E+00    6.567257E+01    2.750666E+02    8.775593E-01    0.000000E+00    0.000000E+00    0.000000E+00
4.855000E-01    1.365462E+02   -3.255950E+01   -2.195812E+02    0.000000E+00    0.000000E+00    0.000000E+00    6.666963E+01    2.779511E+02    5.706174E-01    0.000000E+00    0.000000E+00    0.000000E+00
4.865000E-01    1.391700E+02   -3.238826E+01   -2.200113E+02    0.000000E+00    0.000000E+00    0.000000E+00    6.691712E+01    2.813816E+02    1.214877E+00    0.000000E+00    0.000000E+00    0.000000E+00
4.875000E-01    1.347368E+02   -3.196803E+01   -2.229334E+02    0.000000E+00    0.000000E+00    0.000000E+00    6.766904E+01    2.822802E+02    7.124783E-01    0.000000E+00    0.000000E+00    0.000000E+00
4.885000E-01    1.412319E+02   -3.292844E+01   -2.125575E+02    0.000000E+00    0.000000E+00    0.000000E+00    6.690232E+01    2.807569E+02    1.119092E+00    0.000000E+00    0.000000E+00    0.000000E+00
4.895000E-01    1.437806E+02   -3.390735E+01   -2.096619E+02    0.000000E+00    0.000000E+00    0.000000E+00    6.737032E+01    2.815999E+02    8.722211E-01    0.000000E+00    0.000000E+00    0.000000E+00
4.905000E-01    1.419243E+02   -3.405666E+01   -2.118390E+02    0.000000E+00    0.000000E+00    0.000000E+00    6.836818E+01    2.840545E+02    4.930267E-01    0.000000E+00    0.000000E+00    0.000000E+00
4.915000E-01    1.454470E+02   -3.478574E+01   -2.134348E+02    0.000000E+00    0.000000E+00    0.000000E+00    6.948123E+01    2.890164E+02    5.801136E-01    0.000000E+00    0.000000E+00    0.000000E+00
4.925000E-01    1.386423E+02   -3.360620E+01   -2.153246E+02    0.000000E+00    0.000000E+00    0.000000E+00    6.940688E+01    2.869123E+02    1.098274E-01    0.000000E+00    0.000000E+00    0.000000E+00
4.935000E-01    1.476713E+02   -3.498450E+01   -2.039914E+02    0.000000E+00    0.000000E+00    0.000000E+00    6.858254E+01    2.859706E+02    7.145609E-01    0.000000E+00    0.000000E+00    0.000000E+00
4.945000E-01    1.409700E+02   -3.417973E+01   -2.122465E+02    0.000000E+00    0.000000E+00    0.000000E+00    6.982266E+01    2.886517E+02    1.510771E-01    0.000000E+00    0.000000E+00    0.000000E+00
4.955000E-01    1.432250E+02   -3.424539E+01   -2.133238E+02    0.000000E+00    0.000000E+00    0.000000E+00    7.044307E+01    2.928914E+02    6.063519E-01    0.000000E+00    0.000000E+00    0.000000E+00
4.965000E-01    1.422779E+02   -3.322713E+01   -2.147291E+02    0.000000E+00    0.000000E+00    0.000000E+00    7.032659E+01    2.947150E+02    1.174777E+00    0.000000E+00    0.000000E+00    0.000000E+00
4.975000E-01    1.509846E+02   -3.630987E+01   -2.054723E+02    0.000000E+00    0.000000E+00    0.000000E+00    7.122227E+01    2.952275E+02    3.163922E-01    0.000000E+00    0.000000E+00    0.000000E+00
4.985000E-01    1.388298E+02   -3.318577E+01   -2.138502E+02    0.000000E+00    0.000000E+00    0.000000E+00    7.072086E+01    2.938404E+02    5.413025E-01    0.000000E+00    0.000000E+00    0.000000E+00
4.995000E-01    1.494383E+02   -3.604116E+01   -2.068108E+02    0.000000E+00    0.000000E+00    0.000000E+00    7.193776E+01    2.977753E+02    2.323511E-01    0.000000E+00    0.000000E+00    0.000000E+00
5.005000E-01    1.421564E+02   -3.369222E+01   -2.103203E+02    0.000000E+00    0.000000E+00    0.000000E+00    7.104411E+01    2.961696E+02    8.081659E-01    0.000000E+00    0.000000E+00    0.000000E+00
5.015000E-01    1.472475E+02   -3.523067E+01   -2.079557E+02    0.000000E+00    0.000000E+00    0.000000E+00    7.214811E+01    2.998252E+02    6.149152E-01    0.000000E+00    0.000000E+00    0.000000E+00
5.025000E-01    1.472842E+02   -3.533682E+01   -2.014975E+02    0.000000E+00    0.000000E+00    0.000000E+00    7.123211E+01    2.956338E+02    5.323217E-01    0.000000E+00    0.000000E+00    0.000000E+00
5.035000E-01    1.442774E+02   -3.429947E+01   -2.099343E+02    0.000000E+00    0.000000E+00    0.000000E+00    7.255719E+01    3.018704E+02    7.067643E-01    0.000000E+00    0.000000E+00    0.000000E+00
5.045000E-01    1.520493E+02   -3.626414E+01   -1.993138E+02    0.000000E+00    0.000000E+00    0.000000E+00    7.238982E+01    3.005624E+02    5.601619E-01    0.000000E+00    0.000000E+00    0.000000E+00
5.055000E-01    1.485707E+02   -3.609925E+01   -1.926758E+02    0.000000E+00    0.000000E+00    0.000000E+00    7.103473E+01    2.928876E+02    5.597984E-02    0.000000E+00    0.000000E+00    0.000000E+00
5.065000E-01    1.414805E+02   -3.401082E+01   -2.047316E+02    0.000000E+00    0.000000E+00    0.000000E+00    7.218314E+01    2.990420E+02    4.835319E-01    0.000000E+00    0.000000E+00    0.000000E+00
5.075000E-01    1.454400E+02   -3.544381E+01   -1.933012E+02    0.000000E+00    0.000000E+00    0.000000E+00    7.121960E+01    2.931640E+02   -1.577416E-02    0.000000E+00    0.000000E+00    0.000000E+00
5.085000E-01    1.432612E+02   -3.468565E+01   -1.933993E+02    0.000000E+00    0.000000E+00    0.000000E+00    7.093264E+01    2.925986E+02    1.896972E-01    0.000000E+00    0.000000E+00    0.000000E+00
5.095000E-01    1.424003E+02   -3.427401E+01   -1.929559E+02    0.000000E+00    0.000000E+00    0.000000E+00    7.073694E+01    2.925109E+02    4.000186E-01    0.000000E+00    0.000000E+00    0.000000E+00
5.105000E-01    1.346289E+02   -3.318768E+01   -1.988657E+02    0.000000E+00    0.000000E+00    0.000000E+00    7.178778E+01    2.937785E+02   -3.411977E-01    0.000000E+00    0.000000E+00    0.000000E+00
5.115000E-01    1.505301E+02   -3.600190E+01   -1.773763E+02    0.000000E+00    0.000000E+00    0.000000E+00    6.938635E+01    2.872387E+02    5.033429E-01    0.000000E+00    0.000000E+00    0.000000E+00
5.125000E-01    1.409848E+02   -3.621489E+01   -1.915899E+02    0.000000E+00    0.000000E+00    0.000000E+00    7.298117E+01    2.936852E+02   -1.552951E+00    0.000000E+00    0.000000E+00    0.000000E+00
5.135000E-01    1.534753E+02   -3.681713E+01   -1.789874E+02    0.000000E+00    0.000000E+00    0.000000E+00    7.085972E+01    2.936290E+02    6.873604E-01    0.000000E+00    0.000000E+00    0.000000E+00
5.145000E-01    1.128905E+02   -2.881614E+01   -1.935205E+02    0.000000E+00    0.000000E+00    0.000000E+00    6.744380E+01    2.728785E+02   -1.058747E+00    0.000000E+00    0.000000E+00    0.000000E+00
5.155000E-01    1.292487E+02   -3.098462E+01   -1.989442E+02    0.000000E+00    0.000000E+00    0.000000E+00    7.084813E+01    2.931406E+02    6.330137E-01    0.000000E+00    0.000000E+00    0.000000E+00
5.165000E-01    1.453154E+02   -3.555382E+01   -1.915172E+02    0.000000E+00    0.000000E+00    0.000000E+00    7.349824E+01    3.015871E+02    2.235113E-02    0.000000E+00    0.000000E+00    0.000000E+00
5.175000E-01    1.643485E+02   -4.143611E+01   -1.694162E+02    0.000000E+00    0.000000E+00    0.000000E+00    7.403521E+01    2.991852E+02   -1.191275E+00    0.000000E+00    0.000000E+00    0.000000E+00
5.185000E-01    1.351016E+02   -3.240874E+01   -1.806594E+02    0.000000E+00    0.000000E+00    0.000000E+00    6.895494E+01    2.851490E+02    6.368783E-01    0.000000E+00    0.000000E+00    0.000000E+00
5.195000E-01    1.279055E+02   -3.066905E+01   -1.767558E+02    0.000000E+00    0.000000E+00    0.000000E+00    6.663727E+01    2.756894E+02    6.616598E-01    0.000000E+00    0.000000E+00    0.000000E+00
5.205000E-01    1.443199E+02   -3.598482E+01   -1.852214E+02    0.000000E+00    0.000000E+00    0.000000E+00    7.344880E+01    2.991786E+02   -5.291840E-01    0.000000E+00    0.000000E+00    0.000000E+00
5.215000E-01    1.144034E+02   -2.615034E+01   -2.153539E+02    0.000000E+00    0.000000E+00    0.000000E+00    7.199058E+01    3.019944E+02    1.760959E+00    0.000000E+00    0.000000E+00    0.000000E+00
5.225000E-01    1.282199E+02   -3.136602E+01   -1.950949E+02    0.000000E+00    0.000000E+00    0.000000E+00    7.229541E+01    2.966181E+02    8.465351E-02    0.000000E+00    0.000000E+00    0.000000E+00
5.235000E-01    1.446089E+02   -3.367458E+01   -1.783320E+02    0.000000E+00    0.000000E+00    0.000000E+00    7.082321E+01    2.963762E+02    1.611106E+00    0.000000E+00    0.000000E+00    0.000000E+00
5.245000E-01    1.129907E+02   -2.776417E+01   -2.042743E+02    0.000000E+00    0.000000E+00    0.000000E+00    7.166868E+01    2.935734E+02   -2.077396E-02    0.000000E+00    0.000000E+00    0.000000E+00
5.255000E-01    1.505327E+02   -3.394674E+01   -1.770345E+02    0.000000E+00    0.000000E+00    0.000000E+00    7.133889E+01    3.026995E+02    2.772378E+00    0.000000E+00    0.000000E+00    0.000000E+00
5.265000E-01    1.272861E+02   -3.238258E+01   -1.825505E+02    0.000000E+00    0.000000E+00    0.000000E+00    7.132856E+01    2.878278E+02   -1.131368E+00    0.000000E+00    0.000000E+00    0.000000E+00
5.275000E-01    1.273725E+02   -2.841463E+01   -1.811927E+02    0.000000E+00    0.000000E+00    0.000000E+00    6.773645E+01    2.876363E+02    2.745274E+00    0.000000E+00    0.000000E+00    0.000000E+00
5.285000E-01    7.321489E+01   -1.758218E+01   -2.287195E+02    0.000000E+00    0.000000E+00    0.000000E+00    6.914134E+01    2.847118E+02    4.026180E-01    0.000000E+00    0.000000E+00    0.000000E+00
5.295000E-01    1.349090E+02   -3.313768E+01   -1.791515E+02    0.000000E+00    0.000000E+00    0.000000E+00    7.227808E+01    2.955699E+02   -1.518643E-02    0.000000E+00    0.000000E+00    0.000000E+00
5.305000E-01    1.307267E+02   -3.174425E+01   -1.946300E+02    0.000000E+00    0.000000E+00    0.000000E+00    7.462081E+01    3.063182E+02    2.588009E-01    0.000000E+00    0.000000E+00    0.000000E+00
5.315000E-01    1.675957E+02   -3.926847E+01   -1.611129E+02    0.000000E+00    0.000000E+00    0.000000E+00    7.396906E+01    3.087350E+02    1.724994E+00    0.000000E+00    0.000000E+00    0.000000E+00
5.325000E-01    1.469623E+02   -3.596361E+01   -1.624763E+02    0.000000E+00    0.000000E+00    0.000000E+00    7.128967E+01    2.918672E+02    6.991968E-02    0.000000E+00    0.000000E+00    0.000000E+00
5.335000E-01    1.196392E+02   -3.219525E+01   -1.801529E+02    0.000000E+00    0.000000E+00    0.000000E+00    7.227455E+01    2.850970E+02   -2.815992E+00    0.000000E+00    0.000000E+00    0.000000E+00
5.345000E-01    1.568683E+02   -3.828099E+01   -1.625068E+02    0.000000E+00    0.000000E+00    0.000000E+00    7.405464E+01    3.031724E+02    1.543825E-01    0.000000E+00    0.000000E+00    0.000000E+00
5.355000E-01    1.280170E+02   -3.196451E+01   -1.902370E+02    0.000000E+00    0.000000E+00    0.000000E+00    7.503848E+01    3.044935E+02   -5.522872E-01    0.000000E+00    0.000000E+00    0.000000E+00
5.365000E-01    1.461559E+02   -3.550747E+01   -1.745523E+02    0.000000E+00    0.000000E+00    0.000000E+00    7.468124E+01    3.062437E+02    2.944039E-01    0.000000E+00    0.000000E+00    0.000000E+00
5.375000E-01    1.275024E+02   -3.178125E+01   -1.791357E+02    0.000000E+00    0.000000E+00    0.000000E+00    7.256628E+01    2.947891E+02   -4.031845E-01    0.000000E+00    0.000000E+00    0.000000E+00
5.385000E-01    1.706495E+02   -4.136441E+01   -1.588463E+02    0.000000E+00    0.000000E+00    0.000000E+00    7.670303E+01    3.148321E+02    3.955154E-01    0.000000E+00    0.000000E+00    0.000000E+00
5.395000E-01    1.138399E+02   -2.415411E+01   -1.642200E+02    0.000000E+00    0.000000E+00    0.000000E+00    6.235137E+01    2.689630E+02    3.858456E+00    0.000000E+00    0.000000E+00    0.000000E+00
5.405000E-01    1.603627E+02   -4.223507E+01   -1.603476E+02    0.000000E+00    0.000000E+00    0.000000E+00    7.800949E+01    3.079593E+02   -2.982579E+00    0.000000E+00    0.000000E+00    0.000000E+00
5.415000E-01    1.234522E+02   -2.856833E+01   -1.930193E+02    0.000000E+00    0.000000E+00    0.000000E+00    7.374383E+01    3.077689E+02    1.771289E+00    0.000000E+00    0.000000E+00    0.000000E+00
5.425000E-01    1.375791E+02   -3.271601E+01   -1.891069E+02    0.000000E+00    0.000000E+00    0.000000E+00    7.676337E+01    3.175096E+02    1.035669E+00    0.000000E+00    0.000000E+00    0.000000E+00
5.435000E-01    1.433848E+02   -3.853571E+01   -1.461420E+02    0.000000E+00    0.000000E+00    0.000000E+00    7.186768E+01    2.808652E+02   -3.429155E+00    0.000000E+00    0.000000E+00    0.000000E+00
5.445000E-01    1.415768E+02   -3.429789E+01   -1.479282E+02    0.000000E+00    0.000000E+00    0.000000E+00    6.842057E+01    2.809191E+02    4.369482E-01    0.000000E+00    0.000000E+00    0.000000E+00
5.455000E-01    1.133912E+02   -2.813206E+01   -1.500447E+02    0.000000E+00    0.000000E+00    0.000000E+00    6.353754E+01    2.579956E+02   -2.753478E-01    0.000000E+00    0.000000E+00    0.000000E+00
5.465000E-01    1.240742E+02   -2.693971E+01   -1.726474E+02    0.000000E+00    0.000000E+00    0.000000E+00    6.816502E+01    2.913334E+02    3.606205E+00    0.000000E+00    0.000000E+00    0.000000E+00
5.475000E-01    1.519217E+02   -3.796321E+01   -1.700947E+02    0.000000E+00    0.000000E+00    0.000000E+00    7.797261E+01    3.155070E+02   -7.513874E-01    0.000000E+00    0.000000E+00    0.000000E+00
5.485000E-01    1.197935E+02   -2.620341E+01   -1.600652E+02    0.000000E+00    0.000000E+00    0.000000E+00    6.475993E+01    2.765090E+02    3.289772E+00    0.000000E+00    0.000000E+00    0.000000E+00
5.495000E-01    1.311707E+02   -3.444268E+01   -1.616858E+02    0.000000E+00    0.000000E+00    0.000000E+00    7.287209E+01    2.886967E+02   -2.446836E+00    0.000000E+00    0.000000E+00    0.000000E+00
5.505000E-01    1.241116E+02   -3.179705E+01   -1.569728E+02    0.000000E+00    0.000000E+00    0.000000E+00    6.957430E+01    2.785566E+02   -1.393801E+00    0.000000E+00    0.000000E+00    0.000000E+00
5.515000E-01    1.500329E+02   -4.067556E+01   -1.580278E+02    0.000000E+00    0.000000E+00    0.000000E+00    7.820877E+01    3.042526E+02   -4.051912E+00    0.000000E+00    0.000000E+00    0.000000E+00
5.525000E-01    1.110418E+02   -2.747666E+01   -1.533959E+02    0.000000E+00    0.000000E+00    0.000000E+00    6.487010E+01    2.633117E+02   -1.780440E-01    0.000000E+00    0.000000E+00    0.000000E+00
5.535000E-01    1.512416E+02   -3.562408E+01   -1.660154E+02    0.000000E+00    0.000000E+00    0.000000E+00    7.589416E+01    3.149327E+02    1.562323E+00    0.000000E+00    0.000000E+00    0.000000E+00
5.545000E-01    1.151267E+02   -2.587412E+01   -1.529701E+02    0.000000E+00    0.000000E+00    0.000000E+00    6.356705E+01    2.679729E+02    2.534110E+00    0.000000E+00    0.000000E+00    0.000000E+00
5.555000E-01    1.342045E+02   -3.138211E+01   -1.596735E+02    0.000000E+00    0.000000E+00    0.000000E+00    7.060305E+01    2.935961E+02    1.549820E+00    0.000000E+00    0.000000E+00    0.000000E+00
5.565000E-01    1.205850E+02   -2.836193E+01   -1.482069E+02    0.000000E+00    0.000000E+00    0.000000E+00    6.493943E+01    2.693051E+02    1.245165E+00    0.000000E+00    0.000000E+00    0.000000E+00
5.575000E-01    1.194354E+02   -3.062301E+01   -1.679891E+02    0.000000E+00    0.000000E+00    0.000000E+00    7.206458E+01    2.886828E+02   -1.453682E+00    0.000000E+00    0.000000E+00    0.000000E+00
5.585000E-01    1.233813E+02   -2.986019E+01   -1.673481E+02    0.000000E+00    0.000000E+00    0.000000E+00    7.150344E+01    2.929125E+02    4.016248E-01    0.000000E+00    0.000000E+00    0.000000E+00
5.595000E-01    1.046690E+02   -2.405723E+01   -1.530124E+02    0.000000E+00    0.000000E+00    0.000000E+00    6.223016E+01    2.599245E+02    1.681986E+00    0.000000E+00    0.000000E+00    0.000000E+00
5.605000E-01    1.106640E+02   -3.093712E+01   -1.630217E+02    0.000000E+00    0.000000E+00    0.000000E+00    7.175180E+01    2.775654E+02   -3.968127E+00    0.000000E+00    0.000000E+00    0.000000E+00
5.615000E-01    1.324423E+02   -3.396172E+01   -1.559179E+02    0.000000E+00    0.000000E+00    0.000000E+00    7.283185E+01    2.907495E+02   -1.502005E+00    0.000000E+00    0.000000E+00    0.000000E+00
5.625000E-01    1.390411E+02   -2.768580E+01   -1.502404E+02    0.000000E+00    0.000000E+00    0.000000E+00    6.568402E+01    2.923531E+02    6.808008E+00    0.000000E+00    0.000000E+00    0.000000E+00
5.635000E-01    1.163686E+02   -2.455316E+01   -1.468644E+02    0.000000E+00    0.000000E+00    0.000000E+00    6.169678E+01    2.670014E+02    4.304581E+00    0.000000E+00    0.000000E+00    0.000000E+00
5.645000E-01    1.315033E+02   -2.785797E+01   -1.568876E+02    0.000000E+00    0.000000E+00    0.000000E+00    6.765995E+01    2.931519E+02    4.563844E+00    0.000000E+00    0.000000E+00    0.000000E+00
5.655000E-01    1.399647E+02   -3.799962E+01   -1.588347E+02    0.000000E+00    0.000000E+00    0.000000E+00    7.804512E+01    3.037121E+02   -4.003235E+00    0.000000E+00    0.000000E+00    0.000000E+00
5.665000E-01    1.216393E+02   -3.933347E+01   -1.541302E+02    0.000000E+00    0.000000E+00    0.000000E+00    7.818407E+01    2.812440E+02   -1.019323E+01    0.000000E+00    0.000000E+00    0.000000E+00
5.675000E-01    1.209315E+02   -2.669441E+01   -1.416305E+02    0.000000E+00    0.000000E+00    0.000000E+00    6.305260E+01    2.683047E+02    3.217878E+00    0.000000E+00    0.000000E+00    0.000000E+00
5.685000E-01    1.312688E+02   -2.816557E+01   -1.485042E+02    0.000000E+00    0.000000E+00    0.000000E+00    6.627962E+01    2.857369E+02    4.314610E+00    0.000000E+00    0.000000E+00    0.000000E+00
5.695000E-01    1.152893E+02   -3.206260E+01   -1.411966E+02    0.000000E+00    0.000000E+00    0.000000E+00    6.824837E+01    2.628574E+02   -4.081371E+00    0.000000E+00    0.000000E+00    0.000000E+00
5.705000E-01    1.355682E+02   -3.025941E+01   -1.470937E+02    0.000000E+00    0.000000E+00    0.000000E+00    6.832827E+01    2.899942E+02    3.223573E+00    0.000000E+00    0.000000E+00    0.000000E+00
5.715000E-01    1.233436E+02   -2.072809E+01   -1.349258E+02    0.000000E+00    0.000000E+00    0.000000E+00    5.573366E+01    2.648915E+02    1.013588E+01    0.000000E+00    0.000000E+00    0.000000E+00
5.725000E-01    1.171924E+02   -3.503948E+01   -1.512424E+02    0.000000E+00    0.000000E+00    0.000000E+00    7.399650E+01    2.765778E+02   -6.903423E+00    0.000000E+00    0.000000E+00    0.000000E+00
5.735000E-01    1.252034E+02   -3.106211E+01   -1.617276E+02    0.000000E+00    0.000000E+00    0.000000E+00    7.305619E+01    2.964208E+02   -5.367541E-01    0.000000E+00    0.000000E+00    0.000000E+00
5.745000E-01    1.251196E+02   -2.819713E+01   -1.608684E+02    0.000000E+00    0.000000E+00    0.000000E+00    7.002660E+01    2.954524E+02    2.522992E+00    0.000000E+00    0.000000E+00    0.000000E+00
5.755000E-01    1.167533E+02   -3.286541E+01   -1.547791E+02    0.000000E+00    0.000000E+00    0.000000E+00    7.308460E+01    2.810881E+02   -4.676539E+00    0.000000E+00    0.000000E+00    0.000000E+00
5.765000E-01    1.183269E+02   -2.787319E+01   -1.507070E+02    0.000000E+00    0.000000E+00    0.000000E+00    6.730731E+01    2.789711E+02    1.160524E+00    0.000000E+00    0.000000E+00    0.000000E+00
5.775000E-01    1.253433E+02   -3.220199E+01   -1.479539E+02    0.000000E+00    0.000000E+00    0.000000E+00    7.093152E+01    2.831461E+02   -1.685333E+00    0.000000E+00    0.000000E+00    0.000000E+00
5.785000E-01    1.280426E+02   -2.516162E+01   -1.639421E+02    0.000000E+00    0.000000E+00    0.000000E+00    6.833105E+01    3.036207E+02    6.604990E+00    0.000000E+00    0.000000E+00    0.000000E+00
5.795000E-01    1.179099E+02   -2.619630E+01   -1.292212E+02    0.000000E+00    0.000000E+00    0.000000E+00    6.020650E+01    2.567372E+02    2.744846E+00    0.000000E+00    0.000000E+00    0.000000E+00
5.805000E-01    1.185443E+02   -2.304745E+01   -1.488152E+02    0.000000E+00    0.000000E+00    0.000000E+00    6.223445E+01    2.786203E+02    6.239602E+00    0.000000E+00    0.000000E+00    0.000000E+00
5.815000E-01    1.161082E+02   -4.001084E+01   -1.493887E+02    0.000000E+00    0.000000E+00    0.000000E+00    7.922702E+01    2.771243E+02   -1.283945E+01    0.000000E+00    0.000000E+00    0.000000E+00
5.825000E-01    1.418235E+02   -3.144393E+01   -1.428726E+02    0.000000E+00    0.000000E+00    0.000000E+00    6.923327E+01    2.962683E+02    3.285396E+00    0.000000E+00    0.000000E+00    0.000000E+00
5.835000E-01    1.185955E+02   -2.757918E+01   -1.372658E+02    0.000000E+00    0.000000E+00    0.000000E+00    6.398566E+01    2.675858E+02    1.341691E+00    0.000000E+00    0.000000E+00    0.000000E+00
5.845000E-01    1.193126E+02   -2.781169E+01   -1.494152E+02    0.000000E+00    0.000000E+00    0.000000E+00    6.744608E+01    2.813593E+02    1.327526E+00    0.000000E+00    0.000000E+00    0.000000E+00
5.855000E-01    1.244839E+02   -3.487767E+01   -1.360616E+02    0.000000E+00    0.000000E+00    0.000000E+00    7.095415E+01    2.723725E+02   -5.077854E+00    0.000000E+00    0.000000E+00    0.000000E+00
5.865000E-01    1.252677E+02   -2.061907E+01   -1.422225E+02    0.000000E+00    0.000000E+00    0.000000E+00    5.854936E+01    2.802860E+02    1.078683E+01    0.000000E+00    0.000000E+00    0.000000E+00
5.875000E-01    1.272068E+02   -3.403957E+01   -1.518967E+02    0.000000E+00    0.000000E+00    0.000000E+00    7.435079E+01    2.929123E+02   -3.539198E+00    0.000000E+00    0.000000E+00    0.000000E+00
5.885000E-01    1.240997E+02   -2.719494E+01   -1.433478E+02    0.000000E+00    0.000000E+00    0.000000E+00    6.542512E+01    2.810702E+02    3.105732E+00    0.000000E+00    0.000000E+00    0.000000E+00
5.895000E-01    1.368986E+02   -3.196773E+01   -1.312958E+02    0.000000E+00    0.000000E+00    0.000000E+00    6.688662E+01    2.809595E+02    1.135415E+00    0.000000E+00    0.000000E+00    0.000000E+00
5.905000E-01    1.212648E+02   -3.635233E+01   -1.239102E+02    0.000000E+00    0.000000E+00    0.000000E+00    6.942068E+01    2.572420E+02   -7.782355E+00    0.000000E+00    0.000000E+00    0.000000E+00
5.915000E-01    1.126993E+02   -2.292754E+01   -1.338218E+02    0.000000E+00    0.000000E+00    0.000000E+00    5.875322E+01    2.600079E+02    4.718836E+00    0.000000E+00    0.000000E+00    0.000000E+00
5.925000E-01    1.214228E+02   -2.641934E+01   -1.473435E+02    0.000000E+00    0.000000E+00    0.000000E+00    6.582090E+01    2.832957E+02    3.236234E+00    0.000000E+00    0.000000E+00    0.000000E+00
5.935000E-01    1.060604E+02   -3.355010E+01   -1.383388E+02    0.000000E+00    0.000000E+00    0.000000E+00    7.060238E+01    2.584150E+02   -8.703091E+00    0.000000E+00    0.000000E+00    0.000000E+00
5.945000E-01    1.380999E+02   -2.823927E+01   -1.364964E+02    0.000000E+00    0.000000E+00    0.000000E+00    6.476593E+01    2.890864E+02    5.504087E+00    0.000000E+00    0.000000E+00    0.000000E+00
5.955000E-01    1.158292E+02   -1.956077E+01   -1.280095E+02    0.000000E+00    0.000000E+00    0.000000E+00    5.382540E+01    2.574732E+02    9.154046E+00    0.000000E+00    0.000000E+00    0.000000E+00
5.965000E-01    1.096789E+02   -2.801375E+01   -1.247257E+02    0.000000E+00    0.000000E+00    0.000000E+00    6.136818E+01    2.479872E+02   -1.942457E+00    0.000000E+00    0.000000E+00    0.000000E+00
5.975000E-01    1.171273E+02   -3.081635E+01   -1.330181E+02    0.000000E+00    0.000000E+00    0.000000E+00    6.641796E+01    2.646029E+02   -3.089143E+00    0.000000E+00    0.000000E+00    0.000000E+00
5.985000E-01    1.029375E+02   -3.127542E+01   -1.483522E+02    0.000000E+00    0.000000E+00    0.000000E+00    7.108030E+01    2.669299E+02   -7.211589E+00    0.000000E+00    0.000000E+00    0.000000E+00
5.995000E-01    1.296809E+02   -2.737559E+01   -1.298993E+02    0.000000E+00    0.000000E+00    0.000000E+00    6.223351E+01    2.745101E+02    3.942532E+00    0.000000E+00    0.000000E+00    0.000000E+00
6.005000E-01    1.172153E+02   -2.493842E+01   -1.266459E+02    0.000000E+00    0.000000E+00    0.000000E+00    5.879740E+01    2.581324E+02    3.350527E+00    0.000000E+00    0.000000E+00    0.000000E+00
6.015000E-01    1.187787E+02   -3.243622E+01   -1.305083E+02    0.000000E+00    0.000000E+00    0.000000E+00    6.750466E+01    2.643581E+02   -4.486210E+00    0.000000E+00    0.000000E+00    0.000000E+00
6.025000E-01    1.135674E+02   -2.569564E+01   -1.354674E+02    0.000000E+00    0.000000E+00    0.000000E+00    6.204857E+01    2.645460E+02    1.573072E+00    0.000000E+00    0.000000E+00    0.000000E+00
6.035000E-01    1.196777E+02   -1.971938E+01   -1.314928E+02    0.000000E+00    0.000000E+00    0.000000E+00    5.482427E+01    2.666090E+02    9.672821E+00    0.000000E+00    0.000000E+00    0.000000E+00
6.045000E-01    1.314366E+02   -2.673696E+01   -1.385378E+02    0.000000E+00    0.000000E+00    0.000000E+00    6.361469E+01    2.861492E+02    4.920813E+00    0.000000E+00    0.000000E+00    0.000000E+00
6.055000E-01    1.196119E+02   -4.264862E+01   -1.450750E+02    0.000000E+00    0.000000E+00    0.000000E+00    8.158303E+01    2.814380E+02   -1.578428E+01    0.000000E+00    0.000000E+00    0.000000E+00
6.065000E-01    1.151856E+02   -3.214479E+01   -1.329315E+02    0.000000E+00    0.000000E+00    0.000000E+00    6.776076E+01    2.638786E+02   -5.403571E+00    0.000000E+00    0.000000E+00    0.000000E+00
6.075000E-01    1.129238E+02   -2.885998E+01   -1.492589E+02    0.000000E+00    0.000000E+00    0.000000E+00    6.884413E+01    2.795538E+02   -2.239578E+00    0.000000E+00    0.000000E+00    0.000000E+00
6.085000E-01    1.276678E+02   -1.889699E+01   -1.122626E+02    0.000000E+00    0.000000E+00    0.000000E+00    4.851565E+01    2.543175E+02    1.219287E+01    0.000000E+00    0.000000E+00    0.000000E+00
6.095000E-01    1.097741E+02   -2.831229E+01   -1.251453E+02    0.000000E+00    0.000000E+00    0.000000E+00    6.173952E+01    2.502624E+02   -2.704635E+00    0.000000E+00    0.000000E+00    0.000000E+00
6.105000E-01    1.268812E+02   -2.499366E+01   -1.322653E+02    0.000000E+00    0.000000E+00    0.000000E+00    6.006972E+01    2.753549E+02    5.383279E+00    0.000000E+00    0.000000E+00    0.000000E+00
6.115000E-01    1.089715E+02   -2.657496E+01   -1.255563E+02    0.000000E+00    0.000000E+00    0.000000E+00    6.005210E+01    2.501430E+02   -1.039482E+00    0.000000E+00    0.000000E+00    0.000000E+00
6.125000E-01    1.025208E+02   -2.858947E+01   -1.215050E+02    0.000000E+00    0.000000E+00    0.000000E+00    6.099168E+01    2.387714E+02   -4.982813E+00    0.000000E+00    0.000000E+00    0.000000E+00
6.135000E-01    1.127363E+02   -9.798060E+00   -1.110010E+02    0.000000E+00    0.000000E+00    0.000000E+00    3.878599E+01    2.381364E+02    1.815265E+01    0.000000E+00    0.000000E+00    0.000000E+00
6.145000E-01    9.883585E+01   -2.661688E+01   -1.054213E+02    0.000000E+00    0.000000E+00    0.000000E+00    5.445348E+01    2.174673E+02   -4.069829E+00    0.000000E+00    0.000000E+00    0.000000E+00
6.155000E-01    1.004824E+02   -2.468190E+01   -1.140309E+02    0.000000E+00    0.000000E+00    0.000000E+00    5.481054E+01    2.288311E+02   -1.479651E+00    0.000000E+00    0.000000E+00    0.000000E+00
6.165000E-01    1.246691E+02   -3.276121E+01   -1.347990E+02    0.000000E+00    0.000000E+00    0.000000E+00    6.844342E+01    2.764553E+02   -4.176565E+00    0.000000E+00    0.000000E+00    0.000000E+00
6.175000E-01    1.127249E+02   -4.044874E+01   -1.357153E+02    0.000000E+00    0.000000E+00    0.000000E+00    7.685167E+01    2.653012E+02   -1.554502E+01    0.000000E+00    0.000000E+00    0.000000E+00
6.185000E-01    1.186569E+02   -2.061675E+01   -1.256826E+02    0.000000E+00    0.000000E+00    0.000000E+00    5.334194E+01    2.603573E+02    7.422283E+00    0.000000E+00    0.000000E+00    0.000000E+00
6.195000E-01    1.049766E+02   -3.715797E+01   -1.217875E+02    0.000000E+00    0.000000E+00    0.000000E+00    6.948394E+01    2.419551E+02   -1.422701E+01    0.000000E+00    0.000000E+00    0.000000E+00
6.205000E-01    1.242429E+02   -1.540520E+01   -1.395452E+02    0.000000E+00    0.000000E+00    0.000000E+00    5.125161E+01    2.815999E+02    1.437192E+01    0.000000E+00    0.000000E+00    0.000000E+00
6.215000E-01    1.165474E+02   -6.915083E+01   -1.349794E+02    0.000000E+00    0.000000E+00    0.000000E+00    1.060326E+02    2.683150E+02   -4.643337E+01    0.000000E+00    0.000000E+00    0.000000E+00
6.225000E-01    1.126859E+02   -1.873650E+01   -1.233615E+02    0.000000E+00    0.000000E+00    0.000000E+00    5.036626E+01    2.515514E+02    7.574043E+00    0.000000E+00    0.000000E+00    0.000000E+00
6.235000E-01    1.049665E+02   -2.875081E+01   -1.178698E+02    0.000000E+00    0.000000E+00    0.000000E+00    5.925864E+01    2.380254E+02   -5.490097E+00    0.000000E+00    0.000000E+00    0.000000E+00
6.245000E-01    9.546087E+01   -3.318201E+01   -1.085316E+02    0.000000E+00    0.000000E+00    0.000000E+00    6.164413E+01    2.176521E+02   -1.266857E+01    0.000000E+00    0.000000E+00    0.000000E+00
6.255000E-01    1.178202E+02   -8.361918E+00   -1.217949E+02    0.000000E+00    0.000000E+00    0.000000E+00    3.863207E+01    2.551893E+02    1.976886E+01    0.000000E+00    0.000000E+00    0.000000E+00
6.265000E-01    1.257426E+02   -3.053439E+01   -1.383672E+02    0.000000E+00    0.000000E+00    0.000000E+00    6.605698E+01    2.819127E+02   -2.394844E+00    0.000000E+00    0.000000E+00    0.000000E+00
6.275000E-01    1.204350E+02   -2.876225E+01   -1.315584E+02    0.000000E+00    0.000000E+00    0.000000E+00    6.243663E+01    2.688373E+02   -1.928648E+00    0.000000E+00    0.000000E+00    0.000000E+00
6.285000E-01    1.259006E+02   -4.126065E+01   -1.270173E+02    0.000000E+00    0.000000E+00    0.000000E+00    7.424174E+01    2.693193E+02   -1.432000E+01    0.000000E+00    0.000000E+00    0.000000E+00
6.295000E-01    9.999515E+01   -2.516476E+01   -1.207792E+02    0.000000E+00    0.000000E+00    0.000000E+00    5.537390E+01    2.359760E+02   -3.557317E+00    0.000000E+00    0.000000E+00    0.000000E+00
6.305000E-01    1.125396E+02   -3.113549E+01   -1.169891E+02    0.000000E+00    0.000000E+00    0.000000E+00    6.073684E+01    2.445328E+02   -6.920621E+00    0.000000E+00    0.000000E+00    0.000000E+00
6.315000E-01    1.080922E+02   -4.355054E+01   -1.112350E+02    0.000000E+00    0.000000E+00    0.000000E+00    7.232155E+01    2.335032E+02   -2.155784E+01    0.000000E+00    0.000000E+00    0.000000E+00
6.325000E-01    1.119404E+02    4.656992E+00   -1.300096E+02    0.000000E+00    0.000000E+00    0.000000E+00    2.623648E+01    2.581072E+02    3.173845E+01    0.000000E+00    0.000000E+00    0.000000E+00
6.335000E-01    1.172026E+02   -3.125882E+01   -1.263091E+02    0.000000E+00    0.000000E+00    0.000000E+00    6.277518E+01    2.595824E+02   -6.198823E+00    0.000000E+00    0.000000E+00    0.000000E+00
6.345000E-01    1.112516E+02   -2.677644E+01   -1.165841E+02    0.000000E+00    0.000000E+00    0.000000E+00    5.536357E+01    2.424503E+02   -3.089935E+00    0.000000E+00    0.000000E+00    0.000000E+00
6.355000E-01    1.161610E+02   -2.904169E+01   -1.302762E+02    0.000000E+00    0.000000E+00    0.000000E+00    6.102257E+01    2.627323E+02   -4.399911E+00    0.000000E+00    0.000000E+00    0.000000E+00
6.365000E-01    1.213754E+02   -3.430682E+01   -1.290510E+02    0.000000E+00    0.000000E+00    0.000000E+00    6.617453E+01    2.666110E+02   -8.969804E+00    0.000000E+00    0.000000E+00    0.000000E+00
6.375000E-01    1.252512E+02   -1.198147E+01   -1.362896E+02    0.000000E+00    0.000000E+00    0.000000E+00    4.444391E+01    2.784257E+02    1.620761E+01    0.000000E+00    0.000000E+00    0.000000E+00
6.385000E-01    1.059653E+02   -4.281810E+01   -1.189477E+02    0.000000E+00    0.000000E+00    0.000000E+00    7.191136E+01    2.395753E+02   -2.243720E+01    0.000000E+00    0.000000E+00    0.000000E+00
6.395000E-01    9.689992E+01   -1.858644E+01   -1.061273E+02    0.000000E+00    0.000000E+00    0.000000E+00    4.380189E+01    2.159165E+02    1.951906E+00    0.000000E+00    0.000000E+00    0.000000E+00
6.405000E-01    1.153764E+02   -2.764530E+01   -1.258627E+02    0.000000E+00    0.000000E+00    0.000000E+00    5.763037E+01    2.565181E+02   -3.754870E+00    0.000000E+00    0.000000E+00    0.000000E+00
6.415000E-01    1.141027E+02   -1.371430E+01   -1.213442E+02    0.000000E+00    0.000000E+00    0.000000E+00    4.210221E+01    2.500377E+02    1.111882E+01    0.000000E+00    0.000000E+00    0.000000E+00
6.425000E-01    9.888909E+01   -2.137177E+01   -1.099457E+02    0.000000E+00    0.000000E+00    0.000000E+00    4.713448E+01    2.221538E+02   -1.005712E+00    0.000000E+00    0.000000E+00    0.000000E+00
6.435000E-01    1.217975E+02   -6.134681E+01   -1.076005E+02    0.000000E+00    0.000000E+00    0.000000E+00    8.794304E+01    2.429220E+02   -3.955699E+01    0.000000E+00    0.000000E+00    0.000000E+00
6.445000E-01    9.680605E+01   -4.046978E+00   -1.211100E+02    0.000000E+00    0.000000E+00    0.000000E+00    3.110037E+01    2.318148E+02    1.692037E+01    0.000000E+00    0.000000E+00    0.000000E+00
6.455000E-01    1.207740E+02   -5.727079E+01   -1.048705E+02    0.000000E+00    0.000000E+00    0.000000E+00    8.318183E+01    2.390426E+02   -3.529111E+01    0.000000E+00    0.000000E+00    0.000000E+00
6.465000E-01    1.115371E+02   -1.993855E+01   -1.214552E+02    0.000000E+00    0.000000E+00    0.000000E+00    4.693696E+01    2.469469E+02    2.377615E+00    0.000000E+00    0.000000E+00    0.000000E+00
6.475000E-01    1.025633E+02   -2.252811E+01   -1.154339E+02    0.000000E+00    0.000000E+00    0.000000E+00    4.847688E+01    2.313368E+02   -2.294447E+00    0.000000E+00    0.000000E+00    0.000000E+00
6.485000E-01    1.119735E+02   -3.546947E+01   -1.127887E+02    0.000000E+00    0.000000E+00    0.000000E+00    6.107927E+01    2.378745E+02   -1.445887E+01    0.000000E+00    0.000000E+00    0.000000E+00
6.495000E-01    1.116304E+02    8.035674E+00   -1.337995E+02    0.000000E+00    0.000000E+00    0.000000E+00    2.035009E+01    2.601664E+02    3.251510E+01    0.000000E+00    0.000000E+00    0.000000E+00
6.505000E-01    1.117904E+02   -2.409309E+01   -1.216264E+02    0.000000E+00    0.000000E+00    0.000000E+00    5.066262E+01    2.470782E+02   -2.581415E+00    0.000000E+00    0.000000E+00    0.000000E+00
6.515000E-01    1.110794E+02   -1.346916E+01   -1.201845E+02    0.000000E+00    0.000000E+00    0.000000E+00    3.943603E+01    2.446968E+02    8.794046E+00    0.000000E+00    0.000000E+00    0.000000E+00
6.525000E-01    1.106597E+02   -2.989361E+01   -1.210718E+02    0.000000E+00    0.000000E+00    0.000000E+00    5.599542E+01    2.450897E+02   -9.536745E+00    0.000000E+00    0.000000E+00    0.000000E+00
6.535000E-01    1.177063E+02   -2.207303E+01   -1.273049E+02    0.000000E+00    0.000000E+00    0.000000E+00    4.921516E+01    2.588598E+02    3.384287E-01    0.000000E+00    0.000000E+00    0.000000E+00
6.545000E-01    1.161294E+02   -1.310215E+01   -1.279476E+02    0.000000E+00    0.000000E+00    0.000000E+00    3.991211E+01    2.577550E+02    9.614367E+00    0.000000E+00    0.000000E+00    0.000000E+00
6.555000E-01    1.161115E+02   -2.209507E+01   -1.308159E+02    0.000000E+00    0.000000E+00    0.000000E+00    4.936183E+01    2.608053E+02   -4.535617E-01    0.000000E+00    0.000000E+00    0.000000E+00
6.565000E-01    1.165476E+02   -2.601157E+01   -1.212703E+02    0.000000E+00    0.000000E+00    0.000000E+00    5.136425E+01    2.507298E+02   -4.677618E+00    0.000000E+00    0.000000E+00    0.000000E+00
6.575000E-01    9.839699E+01   -1.269197E+01   -1.131043E+02    0.000000E+00    0.000000E+00    0.000000E+00    3.573121E+01    2.230820E+02    5.817706E+00    0.000000E+00    0.000000E+00    0.000000E+00
6.585000E-01    1.075492E+02   -2.003025E+01   -1.140326E+02    0.000000E+00    0.000000E+00    0.000000E+00    4.341249E+01    2.334034E+02   -3.428177E-01    0.000000E+00    0.000000E+00    0.000000E+00
6.595000E-01    1.115733E+02   -8.718357E+00   -1.182537E+02    0.000000E+00    0.000000E+00    0.000000E+00    3.229883E+01    2.418206E+02    1.245319E+01    0.000000E+00    0.000000E+00    0.000000E+00
6.605000E-01    1.085553E+02   -2.123452E+01   -1.300317E+02    0.000000E+00    0.000000E+00    0.000000E+00    4.692782E+01    2.516200E+02   -2.100553E+00    0.000000E+00    0.000000E+00    0.000000E+00
6.615000E-01    1.123697E+02   -2.099624E+01   -1.224260E+02    0.000000E+00    0.000000E+00    0.000000E+00    4.521309E+01    2.469303E+02   -1.119778E+00    0.000000E+00    0.000000E+00    0.000000E+00
6.625000E-01    1.070200E+02   -9.883720E+00   -1.184563E+02    0.000000E+00    0.000000E+00    0.000000E+00    3.291174E+01    2.370342E+02    9.681990E+00    0.000000E+00    0.000000E+00    0.000000E+00
6.635000E-01    1.168569E+02   -3.733636E+01   -1.220458E+02    0.000000E+00    0.000000E+00    0.000000E+00    6.154010E+01    2.509083E+02   -1.821337E+01    0.000000E+00    0.000000E+00    0.000000E+00
6.645000E-01    1.217675E+02   -2.183221E+01   -1.294638E+02    0.000000E+00    0.000000E+00    0.000000E+00    4.667873E+01    2.636211E+02   -8.626634E-01    0.000000E+00    0.000000E+00    0.000000E+00
6.655000E-01    1.155999E+02   -3.709257E+01   -1.207933E+02    0.000000E+00    0.000000E+00    0.000000E+00    6.043681E+01    2.478615E+02   -1.863996E+01    0.000000E+00    0.000000E+00    0.000000E+00
6.665000E-01    1.136598E+02   -1.852317E+01   -1.179357E+02    0.000000E+00    0.000000E+00    0.000000E+00    4.070645E+01    2.422928E+02    7.648033E-01    0.000000E+00    0.000000E+00    0.000000E+00
6.675000E-01    1.054349E+02    1.641653E+00   -1.276651E+02    0.000000E+00    0.000000E+00    0.000000E+00    2.137953E+01    2.444226E+02    2.057183E+01    0.000000E+00    0.000000E+00    0.000000E+00
6.685000E-01    1.163905E+02   -3.738020E+01   -1.130572E+02    0.000000E+00    0.000000E+00    0.000000E+00    5.866485E+01    2.398758E+02   -1.928697E+01    0.000000E+00    0.000000E+00    0.000000E+00
6.695000E-01    1.065356E+02   -1.525481E+01   -1.229504E+02    0.000000E+00    0.000000E+00    0.000000E+00    3.693700E+01    2.400625E+02    1.899245E+00    0.000000E+00    0.000000E+00    0.000000E+00
6.705000E-01    1.226666E+02   -7.062483E+01   -8.808776E+01    0.000000E+00    0.000000E+00    0.000000E+00    8.814428E+01    2.192109E+02   -5.405083E+01    0.000000E+00    0.000000E+00    0.000000E+00
6.715000E-01    9.841376E+01    6.308322E+00   -1.294747E+02    0.000000E+00    0.000000E+00    0.000000E+00    1.532471E+01    2.383477E+02    2.301182E+01    0.000000E+00    0.000000E+00    0.000000E+00
6.725000E-01    9.456447E+01    2.073016E+01   -1.331421E+02    0.000000E+00    0.000000E+00    0.000000E+00    1.166518E+00    2.382585E+02    3.785852E+01    0.000000E+00    0.000000E+00    0.000000E+00
6.735000E-01    1.282575E+02   -6.352908E+01   -1.014837E+02    0.000000E+00    0.000000E+00    0.000000E+00    8.218360E+01    2.386803E+02   -4.625315E+01    0.000000E+00    0.000000E+00    0.000000E+00
6.745000E-01    1.245490E+02   -2.769395E+01   -1.372011E+02    0.000000E+00    0.000000E+00    0.000000E+00    5.038372E+01    2.723939E+02   -9.685391E+00    0.000000E+00    0.000000E+00    0.000000E+00
6.755000E-01    1.083426E+02    1.293016E+01   -1.389990E+02    0.000000E+00    0.000000E+00    0.000000E+00    8.976477E+00    2.576106E+02    3.102116E+01    0.000000E+00    0.000000E+00    0.000000E+00
6.765000E-01    9.750832E+01   -2.546759E+00   -1.079495E+02    0.000000E+00    0.000000E+00    0.000000E+00    2.037967E+01    2.137572E+02    1.314421E+01    0.000000E+00    0.000000E+00    0.000000E+00
6.775000E-01    1.006942E+02   -2.418205E+01   -1.100713E+02    0.000000E+00    0.000000E+00    0.000000E+00    4.160067E+01    2.188842E+02   -1.046109E+01    0.000000E+00    0.000000E+00    0.000000E+00
6.785000E-01    1.217770E+02   -3.287553E+01   -1.266813E+02    0.000000E+00    0.000000E+00    0.000000E+00    5.304942E+01    2.578582E+02   -1.637102E+01    0.000000E+00    0.000000E+00    0.000000E+00
6.795000E-01    1.290956E+02   -1.998555E+01   -1.366580E+02    0.000000E+00    0.000000E+00    0.000000E+00    4.105939E+01    2.753907E+02   -1.845288E+00    0.000000E+00    0.000000E+00    0.000000E+00
6.805000E-01    1.255698E+02   -5.260759E+01   -1.107567E+02    0.000000E+00    0.000000E+00    0.000000E+00    7.014125E+01    2.442384E+02   -3.712886E+01    0.000000E+00    0.000000E+00    0.000000E+00
6.815000E-01    9.930258E+01   -1.259962E+01   -1.144595E+02    0.000000E+00    0.000000E+00    0.000000E+00    2.942255E+01    2.213573E+02    8.287384E-01    0.000000E+00    0.000000E+00    0.000000E+00
6.825000E-01    1.141003E+02   -5.053604E+01   -1.006726E+02    0.000000E+00    0.000000E+00    0.000000E+00    6.602577E+01    2.216919E+02   -3.701853E+01    0.000000E+00    0.000000E+00    0.000000E+00
6.835000E-01    1.306372E+02   -7.117391E+01   -1.033577E+02    0.000000E+00    0.000000E+00    0.000000E+00    8.672649E+01    2.407492E+02   -5.700492E+01    0.000000E+00    0.000000E+00    0.000000E+00
6.845000E-01    1.228489E+02    7.884621E-01   -1.421202E+02    0.000000E+00    0.000000E+00    0.000000E+00    1.849672E+01    2.731276E+02    1.723997E+01    0.000000E+00    0.000000E+00    0.000000E+00
6.855000E-01    1.096730E+02   -2.112073E+00   -1.300746E+02    0.000000E+00    0.000000E+00    0.000000E+00    1.942284E+01    2.472089E+02    1.215151E+01    0.000000E+00    0.000000E+00    0.000000E+00
6.865000E-01    1.093078E+02   -3.145542E+01   -1.128120E+02    0.000000E+00    0.000000E+00    0.000000E+00    4.604226E+01    2.283612E+02   -1.934691E+01    0.000000E+00    0.000000E+00    0.000000E+00
6.875000E-01    1.006515E+02    5.343586E+00   -1.337213E+02    0.000000E+00    0.000000E+00    0.000000E+00    1.132026E+01    2.414655E+02    1.790089E+01    0.000000E+00    0.000000E+00    0.000000E+00
6.885000E-01    1.197704E+02   -1.739233E+01   -1.231047E+02    0.000000E+00    0.000000E+00    0.000000E+00    3.318844E+01    2.492941E+02   -3.338991E+00    0.000000E+00    0.000000E+00    0.000000E+00
6.895000E-01    1.149666E+02    1.321734E+01   -1.515867E+02    0.000000E+00    0.000000E+00    0.000000E+00    4.662504E+00    2.738925E+02    2.729727E+01    0.000000E+00    0.000000E+00    0.000000E+00
6.905000E-01    1.142305E+02   -2.934184E+01   -1.199513E+02    0.000000E+00    0.000000E+00    0.000000E+00    4.377944E+01    2.401211E+02   -1.735889E+01    0.000000E+00    0.000000E+00    0.000000E+00
6.915000E-01    1.020992E+02    9.797228E+00   -1.322496E+02    0.000000E+00    0.000000E+00    0.000000E+00    5.387874E+00    2.403950E+02    2.176563E+01    0.000000E+00    0.000000E+00    0.000000E+00
6.925000E-01    1.088750E+02   -2.525301E+01   -1.091116E+02    0.000000E+00    0.000000E+00    0.000000E+00    3.812392E+01    2.230709E+02   -1.396478E+01    0.000000E+00    0.000000E+00    0.000000E+00
6.935000E-01    1.181856E+02    1.377935E+01   -1.520517E+02    0.000000E+00    0.000000E+00    0.000000E+00    2.544107E+00    2.765168E+02    2.684578E+01    0.000000E+00    0.000000E+00    0.000000E+00
6.945000E-01    1.160981E+02   -1.766972E+01   -1.226572E+02    0.000000E+00    0.000000E+00    0.000000E+00    3.092559E+01    2.438338E+02   -6.145801E+00    0.000000E+00    0.000000E+00    0.000000E+00
6.955000E-01    1.193891E+02   -1.849212E+01   -1.306894E+02    0.000000E+00    0.000000E+00    0.000000E+00    3.189490E+01    2.550462E+02   -7.291406E+00    0.000000E+00    0.000000E+00    0.000000E+00
6.965000E-01    1.134731E+02   -1.960540E+01   -1.265672E+02    0.000000E+00    0.000000E+00    0.000000E+00    3.210657E+01    2.448289E+02   -9.444719E+00    0.000000E+00    0.000000E+00    0.000000E+00
6.975000E-01    1.089486E+02   -3.688919E+00   -1.279725E+02    0.000000E+00    0.000000E+00    0.000000E+00    1.619472E+01    2.414427E+02    6.533539E+00    0.000000E+00    0.000000E+00    0.000000E+00
6.985000E-01    1.193638E+02   -2.222658E+01   -1.250623E+02    0.000000E+00    0.000000E+00    0.000000E+00    3.397318E+01    2.484618E+02   -1.214791E+01    0.000000E+00    0.000000E+00    0.000000E+00
6.995000E-01    1.158688E+02    2.665079E+00   -1.450157E+02    0.000000E+00    0.000000E+00    0.000000E+00    1.038965E+01    2.654705E+02    1.292182E+01    0.000000E+00    0.000000E+00    0.000000E+00
7.005000E-01    1.101370E+02   -4.622366E+00   -1.251993E+02    0.000000E+00    0.000000E+00    0.000000E+00    1.566500E+01    2.389846E+02    4.616800E+00    0.000000E+00    0.000000E+00    0.000000E+00
7.015000E-01    1.065301E+02    9.783432E+00   -1.370286E+02    0.000000E+00    0.000000E+00    0.000000E+00    1.459152E+00    2.471650E+02    1.854796E+01    0.000000E+00    0.000000E+00    0.000000E+00
7.025000E-01    1.056531E+02    9.832225E+00   -1.303427E+02    0.000000E+00    0.000000E+00    0.000000E+00    9.609509E-01    2.395315E+02    1.853687E+01    0.000000E+00    0.000000E+00    0.000000E+00
7.035000E-01    1.133839E+02    3.573752E+00   -1.375969E+02    0.000000E+00    0.000000E+00    0.000000E+00    7.056265E+00    2.541612E+02    1.212648E+01    0.000000E+00    0.000000E+00    0.000000E+00
7.045000E-01    1.112162E+02   -5.371253E+00   -1.291965E+02    0.000000E+00    0.000000E+00    0.000000E+00    1.492048E+01    2.433367E+02    2.385836E+00    0.000000E+00    0.000000E+00    0.000000E+00
7.055000E-01    1.212253E+02   -1.461400E+01   -1.385818E+02    0.000000E+00    0.000000E+00    0.000000E+00    2.426847E+01    2.625616E+02   -6.791261E+00    0.000000E+00    0.000000E+00    0.000000E+00
7.065000E-01    1.107055E+02    1.116519E+01   -1.373135E+02    0.000000E+00    0.000000E+00    0.000000E+00   -1.340679E+00    2.508660E+02    1.903418E+01    0.000000E+00    0.000000E+00    0.000000E+00
7.075000E-01    1.105176E+02    3.549373E+00   -1.350987E+02    0.000000E+00    0.000000E+00    0.000000E+00    5.160224E+00    2.478623E+02    1.049531E+01    0.000000E+00    0.000000E+00    0.000000E+00
7.085000E-01    1.088748E+02    8.690165E+00   -1.364424E+02    0.000000E+00    0.000000E+00    0.000000E+00    6.174550E-02    2.476033E+02    1.549880E+01    0.000000E+00    0.000000E+00    0.000000E+00
7.095000E-01    1.177860E+02    1.210509E+01   -1.486417E+02    0.000000E+00    0.000000E+00    0.000000E+00   -3.167106E+00    2.686146E+02    1.915986E+01    0.000000E+00    0.000000E+00    0.000000E+00
7.105000E-01    1.333593E+02   -7.250666E+01   -1.100347E+02    0.000000E+00    0.000000E+00    0.000000E+00    7.784946E+01    2.440161E+02   -6.718766E+01    0.000000E+00    0.000000E+00    0.000000E+00
7.115000E-01    1.257543E+02    3.443929E+01   -1.678651E+02    0.000000E+00    0.000000E+00    0.000000E+00   -2.533593E+01    2.953574E+02    4.140430E+01    0.000000E+00    0.000000E+00    0.000000E+00
7.125000E-01    1.211643E+02   -1.803618E+01   -1.325758E+02    0.000000E+00    0.000000E+00    0.000000E+00    2.454552E+01    2.550788E+02   -1.256304E+01    0.000000E+00    0.000000E+00    0.000000E+00
7.135000E-01    1.059458E+02    6.160976E-01   -1.295617E+02    0.000000E+00    0.000000E+00    0.000000E+00    4.989862E+00    2.363477E+02    4.856225E+00    0.000000E+00    0.000000E+00    0.000000E+00
7.145000E-01    1.093089E+02    7.947722E+00   -1.348008E+02    0.000000E+00    0.000000E+00    0.000000E+00   -2.298693E+00    2.448957E+02    1.234200E+01    0.000000E+00    0.000000E+00    0.000000E+00
7.155000E-01    1.188486E+02    1.205843E+01   -1.414753E+02    0.000000E+00    0.000000E+00    0.000000E+00   -5.980201E+00    2.609462E+02    1.693941E+01    0.000000E+00    0.000000E+00    0.000000E+00
7.165000E-01    1.099785E+02    2.142794E+01   -1.444655E+02    0.000000E+00    0.000000E+00    0.000000E+00   -1.616628E+01    2.550026E+02    2.530915E+01    0.000000E+00    0.000000E+00    0.000000E+00
7.175000E-01    1.188656E+02    1.202681E+01   -1.499773E+02    0.000000E+00    0.000000E+00    0.000000E+00   -7.038241E+00    2.691436E+02    1.583829E+01    0.000000E+00    0.000000E+00    0.000000E+00
7.185000E-01    1.176168E+02   -9.467741E+00   -1.302941E+02    0.000000E+00    0.000000E+00    0.000000E+00    1.319901E+01    2.477505E+02   -6.403912E+00    0.000000E+00    0.000000E+00    0.000000E+00
7.195000E-01    1.232907E+02    1.972708E+00   -1.470660E+02    0.000000E+00    0.000000E+00    0.000000E+00    1.638845E+00    2.698674E+02    4.765482E+00    0.000000E+00    0.000000E+00    0.000000E+00
7.205000E-01    1.205563E+02    3.404571E-01   -1.348647E+02    0.000000E+00    0.000000E+00    0.000000E+00    3.028791E+00    2.548208E+02    2.983853E+00    0.000000E+00    0.000000E+00    0.000000E+00
7.215000E-01    1.212201E+02    3.196339E+00   -1.491440E+02    0.000000E+00    0.000000E+00    0.000000E+00   -1.564084E-01    2.700325E+02    5.482617E+00    0.000000E+00    0.000000E+00    0.000000E+00
7.225000E-01    1.184343E+02   -1.214498E+01   -1.340669E+02    0.000000E+00    0.000000E+00    0.000000E+00    1.418417E+01    2.516853E+02   -1.059710E+01    0.000000E+00    0.000000E+00    0.000000E+00
7.235000E-01    1.145534E+02    7.127218E+00   -1.439142E+02    0.000000E+00    0.000000E+00    0.000000E+00   -5.316810E+00    2.576259E+02    8.314997E+00    0.000000E+00    0.000000E+00    0.000000E+00
7.245000E-01    1.186785E+02    1.036926E+01   -1.412283E+02    0.000000E+00    0.000000E+00    0.000000E+00   -8.366266E+00    2.587744E+02    1.172051E+01    0.000000E+00    0.000000E+00    0.000000E+00
7.255000E-01    1.248930E+02   -1.436247E+01   -1.415575E+02    0.000000E+00    0.000000E+00    0.000000E+00    1.437386E+01    2.647392E+02   -1.441469E+01    0.000000E+00    0.000000E+00    0.000000E+00
7.265000E-01    1.216558E+02    3.183273E+01   -1.623696E+02    0.000000E+00    0.000000E+00    0.000000E+00   -3.079694E+01    2.826305E+02    3.221938E+01    0.000000E+00    0.000000E+00    0.000000E+00
7.275000E-01    1.163607E+02   -3.117123E+00   -1.297515E+02    0.000000E+00    0.000000E+00    0.000000E+00    2.655262E+00    2.440753E+02   -3.642933E+00    0.000000E+00    0.000000E+00    0.000000E+00
7.285000E-01    1.151455E+02    3.648449E+00   -1.406687E+02    0.000000E+00    0.000000E+00    0.000000E+00   -4.228191E+00    2.539251E+02    2.883026E+00    0.000000E+00    0.000000E+00    0.000000E+00
7.295000E-01    1.082894E+02    6.981922E+00   -1.298179E+02    0.000000E+00    0.000000E+00    0.000000E+00   -7.741194E+00    2.363412E+02    6.048007E+00    0.000000E+00    0.000000E+00    0.000000E+00
7.305000E-01    1.310732E+02    1.972032E+01   -1.654797E+02    0.000000E+00    0.000000E+00    0.000000E+00   -2.115744E+01    2.941961E+02    1.814652E+01    0.000000E+00    0.000000E+00    0.000000E+00
7.315000E-01    1.171168E+02    6.257885E+00   -1.464867E+02    0.000000E+00    0.000000E+00    0.000000E+00   -8.435308E+00    2.614176E+02    4.326899E+00    0.000000E+00    0.000000E+00    0.000000E+00
7.325000E-01    1.166587E+02    2.182596E+01   -1.432217E+02    0.000000E+00    0.000000E+00    0.000000E+00   -2.382638E+01    2.572557E+02    1.970964E+01    0.000000E+00    0.000000E+00    0.000000E+00
7.335000E-01    1.141386E+02    2.751306E+01   -1.432830E+02    0.000000E+00    0.000000E+00    0.000000E+00   -2.996940E+01    2.547954E+02    2.500423E+01    0.000000E+00    0.000000E+00    0.000000E+00
7.345000E-01    1.127565E+02    4.793233E+00   -1.388063E+02    0.000000E+00    0.000000E+00    0.000000E+00   -7.936929E+00    2.491020E+02    1.962221E+00    0.000000E+00    0.000000E+00    0.000000E+00
7.355000E-01    1.257638E+02   -5.180239E-01   -1.520077E+02    0.000000E+00    0.000000E+00    0.000000E+00   -4.073628E+00    2.746781E+02   -4.464570E+00    0.000000E+00    0.000000E+00    0.000000E+00
7.365000E-01    1.242239E+02    8.971691E-01   -1.400476E+02    0.000000E+00    0.000000E+00    0.000000E+00   -5.373783E+00    2.607745E+02   -3.306388E+00    0.000000E+00    0.000000E+00    0.000000E+00
7.375000E-01    1.258979E+02    2.066774E+01   -1.585902E+02    0.000000E+00    0.000000E+00    0.000000E+00   -2.559735E+01    2.811469E+02    1.622895E+01    0.000000E+00    0.000000E+00    0.000000E+00
7.385000E-01    1.140213E+02    1.831814E+00   -1.371695E+02    0.000000E+00    0.000000E+00    0.000000E+00   -7.077906E+00    2.480698E+02   -2.727527E+00    0.000000E+00    0.000000E+00    0.000000E+00
7.395000E-01    1.164620E+02    2.082623E+01   -1.517521E+02    0.000000E+00    0.000000E+00    0.000000E+00   -2.622592E+01    2.651186E+02    1.607685E+01    0.000000E+00    0.000000E+00    0.000000E+00
7.405000E-01    1.398494E+02    2.732051E+00   -1.600604E+02    0.000000E+00    0.000000E+00    0.000000E+00   -9.994088E+00    2.953557E+02   -3.844463E+00    0.000000E+00    0.000000E+00    0.000000E+00
7.415000E-01    1.195938E+02    2.211944E+01   -1.499819E+02    0.000000E+00    0.000000E+00    0.000000E+00   -2.886458E+01    2.659172E+02    1.606713E+01    0.000000E+00    0.000000E+00    0.000000E+00
7.425000E-01    1.187975E+02    4.595517E+00   -1.456140E+02    0.000000E+00    0.000000E+00    0.000000E+00   -1.190260E+01    2.606356E+02   -1.647438E+00    0.000000E+00    0.000000E+00    0.000000E+00
7.435000E-01    1.201525E+02    8.705997E+00   -1.459871E+02    0.000000E+00    0.000000E+00    0.000000E+00   -1.655386E+01    2.621467E+02    1.847861E+00    0.000000E+00    0.000000E+00    0.000000E+00
7.445000E-01    1.280206E+02    2.032112E+01   -1.526884E+02    0.000000E+00    0.000000E+00    0.000000E+00   -2.861509E+01    2.762249E+02    1.265511E+01    0.000000E+00    0.000000E+00    0.000000E+00
7.455000E-01    1.202581E+02   -9.916829E+00   -1.363426E+02    0.000000E+00    0.000000E+00    0.000000E+00    7.480896E-01    2.522734E+02   -1.784671E+01    0.000000E+00    0.000000E+00    0.000000E+00
7.465000E-01    1.151269E+02    2.273761E+01   -1.504563E+02    0.000000E+00    0.000000E+00    0.000000E+00   -3.156073E+01    2.618205E+02    1.527252E+01    0.000000E+00    0.000000E+00    0.000000E+00
7.475000E-01    1.210237E+02    3.083852E+01   -1.593162E+02    0.000000E+00    0.000000E+00    0.000000E+00   -4.061771E+01    2.760784E+02    2.257403E+01    0.000000E+00    0.000000E+00    0.000000E+00
7.485000E-01    1.296775E+02    2.910380E+01   -1.526218E+02    0.000000E+00    0.000000E+00    0.000000E+00   -3.931332E+01    2.770649E+02    1.946859E+01    0.000000E+00    0.000000E+00    0.000000E+00
7.495000E-01    1.101171E+02    1.562888E+01   -1.408039E+02    0.000000E+00    0.000000E+00    0.000000E+00   -2.579328E+01    2.468853E+02    7.166252E+00    0.000000E+00    0.000000E+00    0.000000E+00
7.505000E-01    1.266581E+02    2.669413E+01   -1.576427E+02    0.000000E+00    0.000000E+00    0.000000E+00   -3.821511E+01    2.792338E+02    1.656880E+01    0.000000E+00    0.000000E+00    0.000000E+00
7.515000E-01    1.276172E+02    1.281848E+01   -1.621522E+02    0.000000E+00    0.000000E+00    0.000000E+00   -2.569399E+01    2.849267E+02    2.266023E+00    0.000000E+00    0.000000E+00    0.000000E+00
7.525000E-01    1.284168E+02   -5.664517E+00   -1.472390E+02    0.000000E+00    0.000000E+00    0.000000E+00   -7.315504E+00    2.702187E+02   -1.689390E+01    0.000000E+00    0.000000E+00    0.000000E+00
7.535000E-01    1.257993E+02    2.202428E+01   -1.519600E+02    0.000000E+00    0.000000E+00    0.000000E+00   -3.473818E+01    2.725726E+02    1.067411E+01    0.000000E+00    0.000000E+00    0.000000E+00
7.545000E-01    1.229674E+02    1.520684E+01   -1.576799E+02    0.000000E+00    0.000000E+00    0.000000E+00   -2.900442E+01    2.757490E+02    3.907492E+00    0.000000E+00    0.000000E+00    0.000000E+00
7.555000E-01    1.265695E+02    1.850288E+01   -1.611200E+02    0.000000E+00    0.000000E+00    0.000000E+00   -3.339074E+01    2.825211E+02    6.188257E+00    0.000000E+00    0.000000E+00    0.000000E+00
7.565000E-01    1.278414E+02    1.209465E+01   -1.574461E+02    0.000000E+00    0.000000E+00    0.000000E+00   -2.736328E+01    2.797444E+02   -7.383707E-01    0.000000E+00    0.000000E+00    0.000000E+00
7.575000E-01    1.282355E+02    2.326377E+01   -1.530989E+02    0.000000E+00    0.000000E+00    0.000000E+00   -3.824133E+01    2.755675E+02    9.842263E+00    0.000000E+00    0.000000E+00    0.000000E+00
7.585000E-01    1.336457E+02    2.481239E+01   -1.554992E+02    0.000000E+00    0.000000E+00    0.000000E+00   -4.033969E+01    2.830717E+02    1.049853E+01    0.000000E+00    0.000000E+00    0.000000E+00
7.595000E-01    1.217879E+02    2.351461E+01   -1.602549E+02    0.000000E+00    0.000000E+00    0.000000E+00   -4.015497E+01    2.768498E+02    1.004156E+01    0.000000E+00    0.000000E+00    0.000000E+00
7.605000E-01    1.092478E+02    2.012347E+01   -1.428885E+02    0.000000E+00    0.000000E+00    0.000000E+00   -3.522552E+01    2.475363E+02    7.879801E+00    0.000000E+00    0.000000E+00    0.000000E+00
7.615000E-01    1.280455E+02    3.403461E+01   -1.537687E+02    0.000000E+00    0.000000E+00    0.000000E+00   -5.069010E+01    2.757625E+02    1.897255E+01    0.000000E+00    0.000000E+00    0.000000E+00
7.625000E-01    1.220808E+02    9.246363E+00   -1.401953E+02    0.000000E+00    0.000000E+00    0.000000E+00   -2.582855E+01    2.565472E+02   -5.595841E+00    0.000000E+00    0.000000E+00    0.000000E+00
7.635000E-01    1.216198E+02    1.902203E+01   -1.592683E+02    0.000000E+00    0.000000E+00    0.000000E+00   -3.780353E+01    2.756497E+02    4.048999E+00    0.000000E+00    0.000000E+00    0.000000E+00
7.645000E-01    1.382368E+02   -3.441747E+00   -1.649077E+02    0.000000E+00    0.000000E+00    0.000000E+00   -1.730810E+01    2.967819E+02   -2.074084E+01    0.000000E+00    0.000000E+00    0.000000E+00
7.655000E-01    1.243238E+02   -4.878981E+00   -1.466193E+02    0.000000E+00    0.000000E+00    0.000000E+00   -1.460055E+01    2.650512E+02   -2.131279E+01    0.000000E+00    0.000000E+00    0.000000E+00
7.665000E-01    1.242027E+02   -7.305417E+00   -1.536021E+02    0.000000E+00    0.000000E+00    0.000000E+00   -1.361094E+01    2.721015E+02   -2.398381E+01    0.000000E+00    0.000000E+00    0.000000E+00
7.675000E-01    1.298847E+02    3.003318E+01   -1.628105E+02    0.000000E+00    0.000000E+00    0.000000E+00   -5.123125E+01    2.865799E+02    1.199918E+01    0.000000E+00    0.000000E+00    0.000000E+00
7.685000E-01    1.367043E+02    1.769753E+01   -1.637254E+02    0.000000E+00    0.000000E+00    0.000000E+00   -4.036068E+01    2.936920E+02   -1.885070E+00    0.000000E+00    0.000000E+00    0.000000E+00
7.695000E-01    1.312282E+02    2.508943E+01   -1.697004E+02    0.000000E+00    0.000000E+00    0.000000E+00   -4.866498E+01    2.947826E+02    6.002969E+00    0.000000E+00    0.000000E+00    0.000000E+00
7.705000E-01    1.265228E+02    3.916176E+01   -1.583532E+02    0.000000E+00    0.000000E+00    0.000000E+00   -6.086487E+01    2.786097E+02    2.038160E+01    0.000000E+00    0.000000E+00    0.000000E+00
7.715000E-01    1.196242E+02    1.024193E+01   -1.444787E+02    0.000000E+00    0.000000E+00    0.000000E+00   -3.191244E+01    2.581988E+02   -8.109455E+00    0.000000E+00    0.000000E+00    0.000000E+00
7.725000E-01    1.319580E+02    4.090082E+01   -1.714389E+02    0.000000E+00    0.000000E+00    0.000000E+00   -6.598441E+01    2.969584E+02    2.015065E+01    0.000000E+00    0.000000E+00    0.000000E+00
7.735000E-01    1.335690E+02    3.497711E+01   -1.675463E+02    0.000000E+00    0.000000E+00    0.000000E+00   -5.987824E+01    2.945288E+02    1.386034E+01    0.000000E+00    0.000000E+00    0.000000E+00
7.745000E-01    1.330266E+02    2.459260E+01   -1.604887E+02    0.000000E+00    0.000000E+00    0.000000E+00   -4.956986E+01    2.867503E+02    2.917937E+00    0.000000E+00    0.000000E+00    0.000000E+00
7.755000E-01    1.244744E+02    1.640103E+01   -1.484073E+02    0.000000E+00    0.000000E+00    0.000000E+00   -4.027086E+01    2.666108E+02   -4.322983E+00    0.000000E+00    0.000000E+00    0.000000E+00
7.765000E-01    1.112272E+02    3.072068E+01   -1.513941E+02    0.000000E+00    0.000000E+00    0.000000E+00   -5.491478E+01    2.573859E+02    1.194855E+01    0.000000E+00    0.000000E+00    0.000000E+00
7.775000E-01    1.266910E+02    4.120278E+01   -1.529522E+02    0.000000E+00    0.000000E+00    0.000000E+00   -6.575721E+01    2.730203E+02    1.921861E+01    0.000000E+00    0.000000E+00    0.000000E+00
7.785000E-01    1.284228E+02    2.996809E+01   -1.708466E+02    0.000000E+00    0.000000E+00    0.000000E+00   -5.865743E+01    2.930489E+02    7.387662E+00    0.000000E+00    0.000000E+00    0.000000E+00
7.795000E-01    1.390311E+02    2.250077E+01   -1.627010E+02    0.000000E+00    0.000000E+00    0.000000E+00   -5.086729E+01    2.943726E+02   -2.686749E+00    0.000000E+00    0.000000E+00    0.000000E+00
7.805000E-01    1.261639E+02    2.040305E+01   -1.577074E+02    0.000000E+00    0.000000E+00    0.000000E+00   -4.855897E+01    2.774800E+02   -2.903629E+00    0.000000E+00    0.000000E+00    0.000000E+00
7.815000E-01    1.242186E+02    1.888335E+01   -1.483851E+02    0.000000E+00    0.000000E+00    0.000000E+00   -4.589800E+01    2.661754E+02   -4.490913E+00    0.000000E+00    0.000000E+00    0.000000E+00
7.825000E-01    1.153215E+02    2.779302E+01   -1.495906E+02    0.000000E+00    0.000000E+00    0.000000E+00   -5.465293E+01    2.591995E+02    6.035761E+00    0.000000E+00    0.000000E+00    0.000000E+00
7.835000E-01    1.262118E+02    1.875207E+01   -1.559942E+02    0.000000E+00    0.000000E+00    0.000000E+00   -4.818411E+01    2.758428E+02   -5.824449E+00    0.000000E+00    0.000000E+00    0.000000E+00
7.845000E-01    1.433214E+02    5.607349E+01   -1.725016E+02    0.000000E+00    0.000000E+00    0.000000E+00   -8.756168E+01    3.081777E+02    2.761263E+01    0.000000E+00    0.000000E+00    0.000000E+00
7.855000E-01    1.261819E+02    2.849859E+01   -1.653377E+02    0.000000E+00    0.000000E+00    0.000000E+00   -6.043230E+01    2.852690E+02    3.080578E+00    0.000000E+00    0.000000E+00    0.000000E+00
7.865000E-01    1.146804E+02    3.571089E+01   -1.539684E+02    0.000000E+00    0.000000E+00    0.000000E+00   -6.577230E+01    2.628235E+02    1.204225E+01    0.000000E+00    0.000000E+00    0.000000E+00
7.875000E-01    1.309364E+02    1.593013E+01   -1.554351E+02    0.000000E+00    0.000000E+00    0.000000E+00   -4.748745E+01    2.793513E+02   -1.129646E+01    0.000000E+00    0.000000E+00    0.000000E+00
7.885000E-01    1.466242E+02    3.630076E+01   -1.713751E+02    0.000000E+00    0.000000E+00    0.000000E+00   -7.058139E+01    3.100530E+02    5.295463E+00    0.000000E+00    0.000000E+00    0.000000E+00
7.895000E-01    1.281380E+02    1.634776E+01   -1.669891E+02    0.000000E+00    0.000000E+00    0.000000E+00   -5.142625E+01    2.887498E+02   -1.123111E+01    0.000000E+00    0.000000E+00    0.000000E+00
7.905000E-01    1.210591E+02    5.205526E+01   -1.628933E+02    0.000000E+00    0.000000E+00    0.000000E+00   -8.520326E+01    2.776937E+02    2.547259E+01    0.000000E+00    0.000000E+00    0.000000E+00
7.915000E-01    1.284241E+02    3.019165E+01   -1.451472E+02    0.000000E+00    0.000000E+00    0.000000E+00   -6.065032E+01    2.664840E+02    1.916314E+00    0.000000E+00    0.000000E+00    0.000000E+00
7.925000E-01    1.298109E+02    2.513277E+01   -1.540337E+02    0.000000E+00    0.000000E+00    0.000000E+00   -5.848302E+01    2.770998E+02   -4.074294E+00    0.000000E+00    0.000000E+00    0.000000E+00
7.935000E-01    1.241982E+02    1.819482E+01   -1.790623E+02    0.000000E+00    0.000000E+00    0.000000E+00   -5.813234E+01    2.973626E+02   -1.013271E+01    0.000000E+00    0.000000E+00    0.000000E+00
7.945000E-01    1.377427E+02    2.382604E+01   -1.592329E+02    0.000000E+00    0.000000E+00    0.000000E+00   -5.960764E+01    2.894935E+02   -8.212536E+00    0.000000E+00    0.000000E+00    0.000000E+00
7.955000E-01    1.253637E+02    4.617411E+01   -1.518366E+02    0.000000E+00    0.000000E+00    0.000000E+00   -7.952003E+01    2.703867E+02    1.670548E+01    0.000000E+00    0.000000E+00    0.000000E+00
7.965000E-01    1.185550E+02    3.602769E+01   -1.546816E+02    0.000000E+00    0.000000E+00    0.000000E+00   -7.094952E+01    2.671294E+02    7.880707E+00    0.000000E+00    0.000000E+00    0.000000E+00
7.975000E-01    1.264805E+02    2.390297E+01   -1.550468E+02    0.000000E+00    0.000000E+00    0.000000E+00   -6.012136E+01    2.748525E+02   -6.687513E+00    0.000000E+00    0.000000E+00    0.000000E+00
7.985000E-01    1.206462E+02    2.050806E+01   -1.526309E+02    0.000000E+00    0.000000E+00    0.000000E+00   -5.653193E+01    2.670886E+02   -8.842524E+00    0.000000E+00    0.000000E+00    0.000000E+00
7.995000E-01    1.234117E+02    3.729028E+01   -1.576263E+02    0.000000E+00    0.000000E+00    0.000000E+00   -7.439084E+01    2.745695E+02    6.754698E+00    0.000000E+00    0.000000E+00    0.000000E+00
8.005000E-01    1.235477E+02    1.129281E+01   -1.486805E+02    0.000000E+00    0.000000E+00    0.000000E+00   -4.816736E+01    2.656781E+02   -1.980747E+01    0.000000E+00    0.000000E+00    0.000000E+00
8.015000E-01    1.291477E+02    5.180477E+01   -1.600559E+02    0.000000E+00    0.000000E+00    0.000000E+00   -8.992793E+01    2.823587E+02    1.895121E+01    0.000000E+00    0.000000E+00    0.000000E+00
8.025000E-01    1.258302E+02    3.064945E+01   -1.679880E+02    0.000000E+00    0.000000E+00    0.000000E+00   -7.286170E+01    2.874751E+02   -2.020071E+00    0.000000E+00    0.000000E+00    0.000000E+00
8.035000E-01    1.267540E+02    3.131639E+01   -1.526376E+02    0.000000E+00    0.000000E+00    0.000000E+00   -6.971476E+01    2.725534E+02   -1.828853E+00    0.000000E+00    0.000000E+00    0.000000E+00
8.045000E-01    1.410788E+02    3.637347E+01   -1.649191E+02    0.000000E+00    0.000000E+00    0.000000E+00   -7.803280E+01    2.984597E+02   -8.537192E-01    0.000000E+00    0.000000E+00    0.000000E+00
8.055000E-01    1.221818E+02    3.160527E+01   -1.632078E+02    0.000000E+00    0.000000E+00    0.000000E+00   -7.388332E+01    2.793273E+02   -1.209913E+00    0.000000E+00    0.000000E+00    0.000000E+00
8.065000E-01    1.308518E+02    4.121036E+01   -1.637812E+02    0.000000E+00    0.000000E+00    0.000000E+00   -8.327002E+01    2.876183E+02    5.894579E+00    0.000000E+00    0.000000E+00    0.000000E+00
8.075000E-01    1.291454E+02    5.582342E+01   -1.625089E+02    0.000000E+00    0.000000E+00    0.000000E+00   -9.752404E+01    2.846928E+02    2.042589E+01    0.000000E+00    0.000000E+00    0.000000E+00
8.085000E-01    1.203027E+02    4.439028E+01   -1.597065E+02    0.000000E+00    0.000000E+00    0.000000E+00   -8.643085E+01    2.736432E+02    1.108480E+01    0.000000E+00    0.000000E+00    0.000000E+00
8.095000E-01    1.313333E+02    4.702180E+01   -1.666483E+02    0.000000E+00    0.000000E+00    0.000000E+00   -9.108793E+01    2.908769E+02    1.045623E+01    0.000000E+00    0.000000E+00    0.000000E+00
8.105000E-01    1.291762E+02    3.327657E+01   -1.561354E+02    0.000000E+00    0.000000E+00    0.000000E+00   -7.568873E+01    2.782891E+02   -3.216988E+00    0.000000E+00    0.000000E+00    0.000000E+00
8.115000E-01    1.230105E+02    6.948603E+01   -1.533977E+02    0.000000E+00    0.000000E+00    0.000000E+00   -1.099420E+02    2.695892E+02    3.416248E+01    0.000000E+00    0.000000E+00    0.000000E+00
8.125000E-01    1.189200E+02    5.262415E+01   -1.464874E+02    0.000000E+00    0.000000E+00    0.000000E+00   -9.222966E+01    2.589536E+02    1.838461E+01    0.000000E+00    0.000000E+00    0.000000E+00
8.135000E-01    1.220647E+02    5.038550E+01   -1.501462E+02    0.000000E+00    0.000000E+00    0.000000E+00   -9.152953E+01    2.656221E+02    1.486678E+01    0.000000E+00    0.000000E+00    0.000000E+00
8.145000E-01    1.242115E+02    5.223301E+01   -1.632620E+02    0.000000E+00    0.000000E+00    0.000000E+00   -9.763303E+01    2.809136E+02    1.564348E+01    0.000000E+00    0.000000E+00    0.000000E+00
8.155000E-01    1.297824E+02    4.012238E+01   -1.656972E+02    0.000000E+00    0.000000E+00    0.000000E+00   -8.677511E+01    2.885068E+02    1.929954E+00    0.000000E+00    0.000000E+00    0.000000E+00
8.165000E-01    1.365373E+02    4.230732E+01   -1.607370E+02    0.000000E+00    0.000000E+00    0.000000E+00   -8.813380E+01    2.897777E+02    1.480959E+00    0.000000E+00    0.000000E+00    0.000000E+00
8.175000E-01    1.141135E+02    2.479192E+01   -1.580091E+02    0.000000E+00    0.000000E+00    0.000000E+00   -7.114849E+01    2.661834E+02   -9.629831E+00    0.000000E+00    0.000000E+00    0.000000E+00
8.185000E-01    1.283602E+02    5.001022E+01   -1.623149E+02    0.000000E+00    0.000000E+00    0.000000E+00   -9.683010E+01    2.835635E+02    1.088577E+01    0.000000E+00    0.000000E+00    0.000000E+00
8.195000E-01    1.234950E+02    3.025611E+01   -1.490509E+02    0.000000E+00    0.000000E+00    0.000000E+00   -7.449131E+01    2.657384E+02   -7.762929E+00    0.000000E+00    0.000000E+00    0.000000E+00
8.205000E-01    1.177188E+02    3.238952E+01   -1.406310E+02    0.000000E+00    0.000000E+00    0.000000E+00   -7.421669E+01    2.518486E+02   -4.095769E+00    0.000000E+00    0.000000E+00    0.000000E+00
8.215000E-01    1.189851E+02    6.470453E+01   -1.460952E+02    0.000000E+00    0.000000E+00    0.000000E+00   -1.074073E+02    2.585073E+02    2.717770E+01    0.000000E+00    0.000000E+00    0.000000E+00
8.225000E-01    1.097804E+02    3.201348E+01   -1.490736E+02    0.000000E+00    0.000000E+00    0.000000E+00   -7.729771E+01    2.530728E+02   -2.495771E+00    0.000000E+00    0.000000E+00    0.000000E+00
8.235000E-01    1.214673E+02    5.766984E+01   -1.519781E+02    0.000000E+00    0.000000E+00    0.000000E+00   -1.029179E+02    2.666469E+02    1.903327E+01    0.000000E+00    0.000000E+00    0.000000E+00
8.245000E-01    1.161209E+02    2.332047E+01   -1.512671E+02    0.000000E+00    0.000000E+00    0.000000E+00   -7.021835E+01    2.612575E+02   -1.365741E+01    0.000000E+00    0.000000E+00    0.000000E+00
8.255000E-01    1.255437E+02    3.741079E+01   -1.583340E+02    0.000000E+00    0.000000E+00    0.000000E+00   -8.645758E+01    2.768997E+02   -3.101943E+00    0.000000E+00    0.000000E+00    0.000000E+00
8.265000E-01    1.173060E+02    5.244691E+01   -1.550901E+02    0.000000E+00    0.000000E+00    0.000000E+00   -1.003016E+02    2.659176E+02    1.413623E+01    0.000000E+00    0.000000E+00    0.000000E+00
8.275000E-01    1.232721E+02    3.922379E+01   -1.511186E+02    0.000000E+00    0.000000E+00    0.000000E+00   -8.642412E+01    2.674244E+02   -1.037837E+00    0.000000E+00    0.000000E+00    0.000000E+00
8.285000E-01    1.211353E+02    4.537997E+01   -1.451715E+02    0.000000E+00    0.000000E+00    0.000000E+00   -9.085212E+01    2.593764E+02    5.301923E+00    0.000000E+00    0.000000E+00    0.000000E+00
8.295000E-01    1.342462E+02    4.496841E+01   -1.553751E+02    0.000000E+00    0.000000E+00    0.000000E+00   -9.418507E+01    2.820720E+02    3.560403E-01    0.000000E+00    0.000000E+00    0.000000E+00
8.305000E-01    1.238112E+02    5.706201E+01   -1.726877E+02    0.000000E+00    0.000000E+00    0.000000E+00   -1.118762E+02    2.897055E+02    1.552893E+01    0.000000E+00    0.000000E+00    0.000000E+00
8.315000E-01    1.210545E+02    3.729748E+01   -1.490962E+02    0.000000E+00    0.000000E+00    0.000000E+00   -8.543111E+01    2.633107E+02   -3.386341E+00    0.000000E+00    0.000000E+00    0.000000E+00
8.325000E-01    1.115956E+02    4.705876E+01   -1.497776E+02    0.000000E+00    0.000000E+00    0.000000E+00   -9.533313E+01    2.550984E+02    9.166317E+00    0.000000E+00    0.000000E+00    0.000000E+00
8.335000E-01    1.161324E+02    4.051183E+01   -1.452066E+02    0.000000E+00    0.000000E+00    0.000000E+00   -8.795051E+01    2.546534E+02    8.331790E-01    0.000000E+00    0.000000E+00    0.000000E+00
8.345000E-01    1.204473E+02    5.867170E+01   -1.533614E+02    0.000000E+00    0.000000E+00    0.000000E+00   -1.083200E+02    2.667473E+02    1.712874E+01    0.000000E+00    0.000000E+00    0.000000E+00
8.355000E-01    1.229170E+02    4.126474E+01   -1.577971E+02    0.000000E+00    0.000000E+00    0.000000E+00   -9.311562E+01    2.736909E+02   -8.845156E-01    0.000000E+00    0.000000E+00    0.000000E+00
8.365000E-01    1.202838E+02    4.319772E+01   -1.426828E+02    0.000000E+00    0.000000E+00    0.000000E+00   -9.024756E+01    2.558557E+02    1.465603E+00    0.000000E+00    0.000000E+00    0.000000E+00
8.375000E-01    1.189270E+02    4.689262E+01   -1.488177E+02    0.000000E+00    0.000000E+00    0.000000E+00   -9.619359E+01    2.608822E+02    5.459815E+00    0.000000E+00    0.000000E+00    0.000000E+00
8.385000E-01    1.213216E+02    3.830387E+01   -1.457833E+02    0.000000E+00    0.000000E+00    0.000000E+00   -8.724036E+01    2.601990E+02   -4.091751E+00    0.000000E+00    0.000000E+00    0.000000E+00
8.395000E-01    1.136067E+02    3.493118E+01   -1.514905E+02    0.000000E+00    0.000000E+00    0.000000E+00   -8.607965E+01    2.586397E+02   -4.845420E+00    0.000000E+00    0.000000E+00    0.000000E+00
8.405000E-01    1.200220E+02    3.491432E+01   -1.594822E+02    0.000000E+00    0.000000E+00    0.000000E+00   -8.948284E+01    2.725972E+02   -7.537828E+00    0.000000E+00    0.000000E+00    0.000000E+00
8.415000E-01    1.129779E+02    4.574984E+01   -1.399219E+02    0.000000E+00    0.000000E+00    0.000000E+00   -9.317039E+01    2.460356E+02    5.346956E+00    0.000000E+00    0.000000E+00    0.000000E+00
8.425000E-01    1.185818E+02    4.593440E+01   -1.525734E+02    0.000000E+00    0.000000E+00    0.000000E+00   -9.818024E+01    2.641008E+02    3.360730E+00    0.000000E+00    0.000000E+00    0.000000E+00
8.435000E-01    1.112458E+02    5.699750E+01   -1.448281E+02    0.000000E+00    0.000000E+00    0.000000E+00   -1.066837E+02    2.492601E+02    1.634163E+01    0.000000E+00    0.000000E+00    0.000000E+00
8.445000E-01    1.258510E+02    5.637990E+01   -1.544843E+02    0.000000E+00    0.000000E+00    0.000000E+00   -1.092856E+02    2.725884E+02    1.066240E+01    0.000000E+00    0.000000E+00    0.000000E+00
8.455000E-01    1.192233E+02    3.014833E+01   -1.448868E+02    0.000000E+00    0.000000E+00    0.000000E+00   -8.100592E+01    2.570338E+02   -1.303495E+01    0.000000E+00    0.000000E+00    0.000000E+00
8.465000E-01    1.131126E+02    4.126127E+01   -1.448908E+02    0.000000E+00    0.000000E+00    0.000000E+00   -9.185768E+01    2.511568E+02   -1.166620E-01    0.000000E+00    0.000000E+00    0.000000E+00
8.475000E-01    1.161228E+02    6.629747E+01   -1.442322E+02    0.000000E+00    0.000000E+00    0.000000E+00   -1.162281E+02    2.530977E+02    2.303123E+01    0.000000E+00    0.000000E+00    0.000000E+00
8.485000E-01    1.089470E+02    3.938053E+01   -1.497041E+02    0.000000E+00    0.000000E+00    0.000000E+00   -9.248132E+01    2.520975E+02   -8.343841E-01    0.000000E+00    0.000000E+00    0.000000E+00
8.495000E-01    1.141470E+02    5.544825E+01   -1.559496E+02    0.000000E+00    0.000000E+00    0.000000E+00   -1.105738E+02    2.628040E+02    1.266832E+01    0.000000E+00    0.000000E+00    0.000000E+00
8.505000E-01    1.271709E+02    3.372084E+01   -1.500397E+02    0.000000E+00    0.000000E+00    0.000000E+00   -8.716062E+01    2.694461E+02   -1.332428E+01    0.000000E+00    0.000000E+00    0.000000E+00
8.515000E-01    1.140909E+02    4.742179E+01   -1.455113E+02    0.000000E+00    0.000000E+00    0.000000E+00   -9.967432E+01    2.522911E+02    4.212758E+00    0.000000E+00    0.000000E+00    0.000000E+00
8.525000E-01    1.185445E+02    4.747305E+01   -1.510377E+02    0.000000E+00    0.000000E+00    0.000000E+00   -1.015999E+02    2.620757E+02    2.763857E+00    0.000000E+00    0.000000E+00    0.000000E+00
8.535000E-01    1.262442E+02    2.241964E+01   -1.468980E+02    0.000000E+00    0.000000E+00    0.000000E+00   -7.602968E+01    2.654451E+02   -2.481602E+01    0.000000E+00    0.000000E+00    0.000000E+00
8.545000E-01    1.091473E+02    5.391500E+01   -1.409991E+02    0.000000E+00    0.000000E+00    0.000000E+00   -1.049137E+02    2.430268E+02    1.182291E+01    0.000000E+00    0.000000E+00    0.000000E+00
8.555000E-01    1.249573E+02    5.848927E+00   -1.596559E+02    0.000000E+00    0.000000E+00    0.000000E+00   -6.491285E+01    2.769663E+02   -4.054695E+01    0.000000E+00    0.000000E+00    0.000000E+00
8.565000E-01    1.277853E+02    8.194893E+01   -1.634611E+02    0.000000E+00    0.000000E+00    0.000000E+00   -1.407274E+02    2.825188E+02    3.186649E+01    0.000000E+00    0.000000E+00    0.000000E+00
8.575000E-01    1.213219E+02    2.191133E+01   -1.545143E+02    0.000000E+00    0.000000E+00    0.000000E+00   -7.949210E+01    2.682424E+02   -2.423479E+01    0.000000E+00    0.000000E+00    0.000000E+00
8.585000E-01    1.071502E+02    3.602618E+01   -1.424797E+02    0.000000E+00    0.000000E+00    0.000000E+00   -8.911454E+01    2.422860E+02   -5.661541E+00    0.000000E+00    0.000000E+00    0.000000E+00
8.595000E-01    1.068465E+02    4.274734E+01   -1.238827E+02    0.000000E+00    0.000000E+00    0.000000E+00   -8.832798E+01    2.236361E+02    1.125200E+00    0.000000E+00    0.000000E+00    0.000000E+00
8.605000E-01    1.121120E+02    3.787635E+01   -1.403897E+02    0.000000E+00    0.000000E+00    0.000000E+00   -9.028325E+01    2.451307E+02   -5.847933E+00    0.000000E+00    0.000000E+00    0.000000E+00
8.615000E-01    1.182206E+02    5.979725E+01   -1.605151E+02    0.000000E+00    0.000000E+00    0.000000E+00   -1.199109E+02    2.705135E+02    1.260879E+01    0.000000E+00    0.000000E+00    0.000000E+00
8.625000E-01    1.146214E+02    4.535008E+01   -1.362773E+02    0.000000E+00    0.000000E+00    0.000000E+00   -9.619884E+01    2.432980E+02    2.255294E-01    0.000000E+00    0.000000E+00    0.000000E+00
8.635000E-01    1.137936E+02    3.290413E+01   -1.405751E+02    0.000000E+00    0.000000E+00    0.000000E+00   -8.615473E+01    2.467641E+02   -1.184673E+01    0.000000E+00    0.000000E+00    0.000000E+00
8.645000E-01    1.064508E+02    4.104911E+01   -1.443713E+02    0.000000E+00    0.000000E+00    0.000000E+00   -9.608069E+01    2.435123E+02   -1.420024E+00    0.000000E+00    0.000000E+00    0.000000E+00
8.655000E-01    1.233366E+02    5.277788E+01   -1.553840E+02    0.000000E+00    0.000000E+00    0.000000E+00   -1.114779E+02    2.701213E+02    3.428440E+00    0.000000E+00    0.000000E+00    0.000000E+00
8.665000E-01    1.266929E+02    3.966300E+01   -1.547977E+02    0.000000E+00    0.000000E+00    0.000000E+00   -9.932120E+01    2.727084E+02   -1.120943E+01    0.000000E+00    0.000000E+00    0.000000E+00
8.675000E-01    1.136465E+02    4.104456E+01   -1.540078E+02    0.000000E+00    0.000000E+00    0.000000E+00   -1.005369E+02    2.593940E+02   -4.912087E+00    0.000000E+00    0.000000E+00    0.000000E+00
8.685000E-01    1.113315E+02    4.458269E+01   -1.323906E+02    0.000000E+00    0.000000E+00    0.000000E+00   -9.540483E+01    2.358142E+02   -6.631581E-01    0.000000E+00    0.000000E+00    0.000000E+00
8.695000E-01    1.233152E+02    5.736381E+01   -1.550517E+02    0.000000E+00    0.000000E+00    0.000000E+00   -1.170447E+02    2.693560E+02    6.814723E+00    0.000000E+00    0.000000E+00    0.000000E+00
8.705000E-01    1.235546E+02    3.843068E+01   -1.611850E+02    0.000000E+00    0.000000E+00    0.000000E+00   -1.017676E+02    2.758868E+02   -1.202692E+01    0.000000E+00    0.000000E+00    0.000000E+00
8.715000E-01    1.118661E+02    6.507484E+01   -1.550166E+02    0.000000E+00    0.000000E+00    0.000000E+00   -1.250319E+02    2.582037E+02    1.836923E+01    0.000000E+00    0.000000E+00    0.000000E+00
8.725000E-01    1.139682E+02    4.771928E+01   -1.372103E+02    0.000000E+00    0.000000E+00    0.000000E+00   -1.010536E+02    2.428481E+02    6.764172E-01    0.000000E+00    0.000000E+00    0.000000E+00
8.735000E-01    1.105651E+02    3.793230E+01   -1.390459E+02    0.000000E+00    0.000000E+00    0.000000E+00   -9.258586E+01    2.414647E+02   -7.632027E+00    0.000000E+00    0.000000E+00    0.000000E+00
8.745000E-01    1.177954E+02    5.686659E+01   -1.609257E+02    0.000000E+00    0.000000E+00    0.000000E+00   -1.203487E+02    2.695811E+02    7.303960E+00    0.000000E+00    0.000000E+00    0.000000E+00
8.755000E-01    1.292778E+02    3.971141E+01   -1.597332E+02    0.000000E+00    0.000000E+00    0.000000E+00   -1.029464E+02    2.793795E+02   -1.375725E+01    0.000000E+00    0.000000E+00    0.000000E+00
8.765000E-01    1.157925E+02    4.572235E+01   -1.451565E+02    0.000000E+00    0.000000E+00    0.000000E+00   -1.032840E+02    2.521927E+02   -2.874646E+00    0.000000E+00    0.000000E+00    0.000000E+00
8.775000E-01    1.158602E+02    3.960966E+01   -1.330388E+02    0.000000E+00    0.000000E+00    0.000000E+00   -9.249417E+01    2.403360E+02   -8.924311E+00    0.000000E+00    0.000000E+00    0.000000E+00
8.785000E-01    1.194509E+02    1.679582E+01   -1.449798E+02    0.000000E+00    0.000000E+00    0.000000E+00   -7.545752E+01    2.558189E+02   -3.245097E+01    0.000000E+00    0.000000E+00    0.000000E+00
8.795000E-01    9.958986E+01    4.747976E+01   -1.407747E+02    0.000000E+00    0.000000E+00    0.000000E+00   -1.043189E+02    2.323772E+02    4.629070E+00    0.000000E+00    0.000000E+00    0.000000E+00
8.805000E-01    1.184238E+02    4.046372E+01   -1.426956E+02    0.000000E+00    0.000000E+00    0.000000E+00   -9.783969E+01    2.519626E+02   -9.676977E+00    0.000000E+00    0.000000E+00    0.000000E+00
8.815000E-01    1.136834E+02    3.283257E+01   -1.299891E+02    0.000000E+00    0.000000E+00    0.000000E+00   -8.551184E+01    2.349882E+02   -1.542894E+01    0.000000E+00    0.000000E+00    0.000000E+00
8.825000E-01    1.057098E+02    6.524694E+01   -1.432456E+02    0.000000E+00    0.000000E+00    0.000000E+00   -1.232027E+02    2.401047E+02    1.860374E+01    0.000000E+00    0.000000E+00    0.000000E+00
8.835000E-01    1.076250E+02    5.585380E+01   -1.524557E+02    0.000000E+00    0.000000E+00    0.000000E+00   -1.181345E+02    2.509055E+02    8.682089E+00    0.000000E+00    0.000000E+00    0.000000E+00
8.845000E-01    1.172852E+02    4.499990E+01   -1.495578E+02    0.000000E+00    0.000000E+00    0.000000E+00   -1.061931E+02    2.572061E+02   -5.739509E+00    0.000000E+00    0.000000E+00    0.000000E+00
8.855000E-01    1.243575E+02    5.685965E+01   -1.498593E+02    0.000000E+00    0.000000E+00    0.000000E+00   -1.180854E+02    2.641376E+02    2.391278E+00    0.000000E+00    0.000000E+00    0.000000E+00
8.865000E-01    1.191438E+02    2.978681E+01   -1.443491E+02    0.000000E+00    0.000000E+00    0.000000E+00   -8.948502E+01    2.541674E+02   -2.136876E+01    0.000000E+00    0.000000E+00    0.000000E+00
8.875000E-01    1.087731E+02    2.033665E+01   -1.404456E+02    0.000000E+00    0.000000E+00    0.000000E+00   -7.907609E+01    2.403740E+02   -2.631887E+01    0.000000E+00    0.000000E+00    0.000000E+00
8.885000E-01    1.125079E+02    3.800651E+01   -1.322264E+02    0.000000E+00    0.000000E+00    0.000000E+00   -9.294951E+01    2.356673E+02   -1.121795E+01    0.000000E+00    0.000000E+00    0.000000E+00
8.895000E-01    1.175907E+02    3.348752E+01   -1.494304E+02    0.000000E+00    0.000000E+00    0.000000E+00   -9.585989E+01    2.571923E+02   -1.767580E+01    0.000000E+00    0.000000E+00    0.000000E+00
8.905000E-01    1.353020E+02    4.253338E+01   -1.585071E+02    0.000000E+00    0.000000E+00    0.000000E+00   -1.090744E+02    2.826529E+02   -1.712029E+01    0.000000E+00    0.000000E+00    0.000000E+00
8.915000E-01    1.333830E+02    4.826814E+01   -1.648044E+02    0.000000E+00    0.000000E+00    0.000000E+00   -1.176803E+02    2.868069E+02   -1.111302E+01    0.000000E+00    0.000000E+00    0.000000E+00
8.925000E-01    1.184443E+02    4.161292E+01   -1.547439E+02    0.000000E+00    0.000000E+00    0.000000E+00   -1.072648E+02    2.626753E+02   -1.133426E+01    0.000000E+00    0.000000E+00    0.000000E+00
8.935000E-01    1.163164E+02    3.419002E+01   -1.331703E+02    0.000000E+00    0.000000E+00    0.000000E+00   -9.071575E+01    2.398096E+02   -1.755413E+01    0.000000E+00    0.000000E+00    0.000000E+00
8.945000E-01    1.040101E+02    4.421509E+01   -1.478483E+02    0.000000E+00    0.000000E+00    0.000000E+00   -1.076034E+02    2.420958E+02   -3.175609E+00    0.000000E+00    0.000000E+00    0.000000E+00
8.955000E-01    1.350671E+02    3.128540E+01   -1.398005E+02    0.000000E+00    0.000000E+00    0.000000E+00   -9.099909E+01    2.639233E+02   -2.885814E+01    0.000000E+00    0.000000E+00    0.000000E+00
8.965000E-01    8.566653E+01    7.823174E+01   -1.466466E+02    0.000000E+00    0.000000E+00    0.000000E+00   -1.408953E+02    2.229273E+02    3.673492E+01    0.000000E+00    0.000000E+00    0.000000E+00
8.975000E-01    1.234670E+02    5.365800E+01   -1.419277E+02    0.000000E+00    0.000000E+00    0.000000E+00   -1.143687E+02    2.545445E+02   -3.041699E+00    0.000000E+00    0.000000E+00    0.000000E+00
8.985000E-01    1.015123E+02    2.796957E+01   -1.342192E+02    0.000000E+00    0.000000E+00    0.000000E+00   -8.636831E+01    2.263499E+02   -1.803086E+01    0.000000E+00    0.000000E+00    0.000000E+00
8.995000E-01    1.248986E+02    2.339462E+01   -1.301960E+02    0.000000E+00    0.000000E+00    0.000000E+00   -7.988071E+01    2.447873E+02   -3.275726E+01    0.000000E+00    0.000000E+00    0.000000E+00
9.005000E-01    1.247867E+02    2.430115E+01   -1.606551E+02    0.000000E+00    0.000000E+00    0.000000E+00   -9.524228E+01    2.740845E+02   -3.236447E+01    0.000000E+00    0.000000E+00    0.000000E+00
9.015000E-01    1.212381E+02    5.383449E+01   -1.522233E+02    0.000000E+00    0.000000E+00    0.000000E+00   -1.202158E+02    2.617941E+02   -3.061893E+00    0.000000E+00    0.000000E+00    0.000000E+00
9.025000E-01    1.143641E+02    7.156283E+01   -1.526406E+02    0.000000E+00    0.000000E+00    0.000000E+00   -1.386111E+02    2.554681E+02    1.616627E+01    0.000000E+00    0.000000E+00    0.000000E+00
9.035000E-01    9.730576E+01    4.888225E+01   -1.338225E+02    0.000000E+00    0.000000E+00    0.000000E+00   -1.076636E+02    2.212827E+02    2.685429E+00    0.000000E+00    0.000000E+00    0.000000E+00
9.045000E-01    1.045776E+02    5.384358E+01   -1.321229E+02    0.000000E+00    0.000000E+00    0.000000E+00   -1.119631E+02    2.263392E+02    3.724551E+00    0.000000E+00    0.000000E+00    0.000000E+00
9.055000E-01    1.359972E+02   -2.698501E+00   -1.486617E+02    0.000000E+00    0.000000E+00    0.000000E+00   -6.429345E+01    2.730070E+02   -6.375506E+01    0.000000E+00    0.000000E+00    0.000000E+00
9.065000E-01    1.107943E+02    7.375900E+01   -1.623722E+02    0.000000E+00    0.000000E+00    0.000000E+00   -1.456936E+02    2.609843E+02    1.918477E+01    0.000000E+00    0.000000E+00    0.000000E+00
9.075000E-01    1.189016E+02    5.743863E+01   -1.414381E+02    0.000000E+00    0.000000E+00    0.000000E+00   -1.205554E+02    2.485325E+02   -2.260878E-01    0.000000E+00    0.000000E+00    0.000000E+00
9.085000E-01    9.716158E+01    3.492864E+01   -1.314143E+02    0.000000E+00    0.000000E+00    0.000000E+00   -9.431083E+01    2.185192E+02   -1.156997E+01    0.000000E+00    0.000000E+00    0.000000E+00
9.095000E-01    1.168440E+02    4.974282E+01   -1.426669E+02    0.000000E+00    0.000000E+00    0.000000E+00   -1.140467E+02    2.477306E+02   -6.984634E+00    0.000000E+00    0.000000E+00    0.000000E+00
9.105000E-01    1.133357E+02    8.947727E+01   -1.640723E+02    0.000000E+00    0.000000E+00    0.000000E+00   -1.631663E+02    2.644188E+02    3.168561E+01    0.000000E+00    0.000000E+00    0.000000E+00
9.115000E-01    1.144825E+02    4.209963E+01   -1.479063E+02    0.000000E+00    0.000000E+00    0.000000E+00   -1.093970E+02    2.505513E+02   -1.328694E+01    0.000000E+00    0.000000E+00    0.000000E+00
9.125000E-01    1.465690E+02   -1.963857E+01   -1.479387E+02    0.000000E+00    0.000000E+00    0.000000E+00   -4.919619E+01    2.817345E+02   -8.631381E+01    0.000000E+00    0.000000E+00    0.000000E+00
9.135000E-01    1.266625E+02    7.328634E+01   -1.575255E+02    0.000000E+00    0.000000E+00    0.000000E+00   -1.451276E+02    2.705721E+02    9.216750E+00    0.000000E+00    0.000000E+00    0.000000E+00
9.145000E-01    9.956692E+01    6.135856E+01   -1.511630E+02    0.000000E+00    0.000000E+00    0.000000E+00   -1.306282E+02    2.389469E+02    1.102550E+01    0.000000E+00    0.000000E+00    0.000000E+00
9.155000E-01    1.155062E+02    5.772007E+01   -1.503848E+02    0.000000E+00    0.000000E+00    0.000000E+00   -1.273488E+02    2.529717E+02   -6.075139E-01    0.000000E+00    0.000000E+00    0.000000E+00
9.165000E-01    1.134294E+02    8.297406E+01   -1.493295E+02    0.000000E+00    0.000000E+00    0.000000E+00   -1.515865E+02    2.496300E+02    2.378742E+01    0.000000E+00    0.000000E+00    0.000000E+00
9.175000E-01    1.079618E+02    6.462000E+01   -1.444173E+02    0.000000E+00    0.000000E+00    0.000000E+00   -1.315251E+02    2.400784E+02    9.145667E+00    0.000000E+00    0.000000E+00    0.000000E+00
9.185000E-01    9.401563E+01    8.701886E+01   -1.490217E+02    0.000000E+00    0.000000E+00    0.000000E+00   -1.558917E+02    2.305522E+02    3.641598E+01    0.000000E+00    0.000000E+00    0.000000E+00
9.195000E-01    1.138775E+02    4.404414E+01   -1.413731E+02    0.000000E+00    0.000000E+00    0.000000E+00   -1.103129E+02    2.428887E+02   -1.312729E+01    0.000000E+00    0.000000E+00    0.000000E+00
9.205000E-01    1.087020E+02    6.925318E+01   -1.490133E+02    0.000000E+00    0.000000E+00    0.000000E+00   -1.388364E+02    2.447108E+02    1.249388E+01    0.000000E+00    0.000000E+00    0.000000E+00
9.215000E-01    1.166222E+02    3.662177E+01   -1.481606E+02    0.000000E+00    0.000000E+00    0.000000E+00   -1.067365E+02    2.517893E+02   -2.178097E+01    0.000000E+00    0.000000E+00    0.000000E+00
9.225000E-01    1.249490E+02    3.037679E+01   -1.357199E+02    0.000000E+00    0.000000E+00    0.000000E+00   -9.466667E+01    2.479746E+02   -3.190704E+01    0.000000E+00    0.000000E+00    0.000000E+00
9.235000E-01    9.430877E+01    8.786194E+01   -1.475428E+02    0.000000E+00    0.000000E+00    0.000000E+00   -1.573369E+02    2.290269E+02    3.591100E+01    0.000000E+00    0.000000E+00    0.000000E+00
9.245000E-01    1.120180E+02    4.640622E+01   -1.476105E+02    0.000000E+00    0.000000E+00    0.000000E+00   -1.168784E+02    2.465899E+02   -1.112044E+01    0.000000E+00    0.000000E+00    0.000000E+00
9.255000E-01    1.420418E+02    2.239607E+01   -1.499817E+02    0.000000E+00    0.000000E+00    0.000000E+00   -9.478421E+01    2.774568E+02   -4.860466E+01    0.000000E+00    0.000000E+00    0.000000E+00
9.265000E-01    9.603781E+01    7.276611E+01   -1.474719E+02    0.000000E+00    0.000000E+00    0.000000E+00   -1.434251E+02    2.305865E+02    2.027582E+01    0.000000E+00    0.000000E+00    0.000000E+00
9.275000E-01    1.073013E+02    6.576865E+01   -1.429950E+02    0.000000E+00    0.000000E+00    0.000000E+00   -1.344309E+02    2.369753E+02    8.203954E+00    0.000000E+00    0.000000E+00    0.000000E+00
9.285000E-01    1.173487E+02    4.969882E+01   -1.495367E+02    0.000000E+00    0.000000E+00    0.000000E+00   -1.224623E+02    2.528004E+02   -1.204474E+01    0.000000E+00    0.000000E+00    0.000000E+00
9.295000E-01    1.097771E+02    6.167105E+01   -1.508375E+02    0.000000E+00    0.000000E+00    0.000000E+00   -1.348769E+02    2.465444E+02    2.620023E+00    0.000000E+00    0.000000E+00    0.000000E+00
9.305000E-01    1.185475E+02    6.213779E+01   -1.410041E+02    0.000000E+00    0.000000E+00    0.000000E+00   -1.305028E+02    2.456775E+02   -1.434611E+00    0.000000E+00    0.000000E+00    0.000000E+00
9.315000E-01    1.056995E+02    5.783189E+01   -1.532403E+02    0.000000E+00    0.000000E+00    0.000000E+00   -1.328217E+02    2.449499E+02    8.209010E-01    0.000000E+00    0.000000E+00    0.000000E+00
9.325000E-01    1.182816E+02    5.752689E+01   -1.368953E+02    0.000000E+00    0.000000E+00    0.000000E+00   -1.244453E+02    2.414697E+02   -6.063105E+00    0.000000E+00    0.000000E+00    0.000000E+00
9.335000E-01    1.086537E+02    4.029465E+01   -1.460093E+02    0.000000E+00    0.000000E+00    0.000000E+00   -1.127146E+02    2.410589E+02   -1.735224E+01    0.000000E+00    0.000000E+00    0.000000E+00
9.345000E-01    1.107235E+02    5.418938E+01   -1.523462E+02    0.000000E+00    0.000000E+00    0.000000E+00   -1.297900E+02    2.484969E+02   -5.954339E+00    0.000000E+00    0.000000E+00    0.000000E+00
9.355000E-01    1.178900E+02    5.290561E+01   -1.370838E+02    0.000000E+00    0.000000E+00    0.000000E+00   -1.208479E+02    2.409317E+02   -1.096062E+01    0.000000E+00    0.000000E+00    0.000000E+00
9.365000E-01    1.006546E+02    9.633543E+01   -1.590984E+02    0.000000E+00    0.000000E+00    0.000000E+00   -1.749458E+02    2.444779E+02    3.750612E+01    0.000000E+00    0.000000E+00    0.000000E+00
9.375000E-01    1.126978E+02    4.423716E+01   -1.404766E+02    0.000000E+00    0.000000E+00    0.000000E+00   -1.146919E+02    2.390988E+02   -1.666634E+01    0.000000E+00    0.000000E+00    0.000000E+00
9.385000E-01    1.071703E+02    6.822523E+01   -1.438330E+02    0.000000E+00    0.000000E+00    0.000000E+00   -1.399302E+02    2.364900E+02    7.974356E+00    0.000000E+00    0.000000E+00    0.000000E+00
9.395000E-01    1.261891E+02    4.769363E+01   -1.462423E+02    0.000000E+00    0.000000E+00    0.000000E+00   -1.212231E+02    2.573253E+02   -2.071009E+01    0.000000E+00    0.000000E+00    0.000000E+00
9.405000E-01    9.450078E+01    8.822234E+01   -1.526934E+02    0.000000E+00    0.000000E+00    0.000000E+00   -1.650073E+02    2.325148E+02    3.223380E+01    0.000000E+00    0.000000E+00    0.000000E+00
9.415000E-01    9.826444E+01    8.325224E+01   -1.513561E+02    0.000000E+00    0.000000E+00    0.000000E+00   -1.594603E+02    2.347511E+02    2.572907E+01    0.000000E+00    0.000000E+00    0.000000E+00
9.425000E-01    1.250184E+02    2.237796E+01   -1.464949E+02    0.000000E+00    0.000000E+00    0.000000E+00   -9.723029E+01    2.562053E+02   -4.394022E+01    0.000000E+00    0.000000E+00    0.000000E+00
9.435000E-01    1.129348E+02    7.662095E+01   -1.511059E+02    0.000000E+00    0.000000E+00    0.000000E+00   -1.532859E+02    2.482715E+02    1.136583E+01    0.000000E+00    0.000000E+00    0.000000E+00
9.445000E-01    1.263920E+02    6.379073E+01   -1.659792E+02    0.000000E+00    0.000000E+00    0.000000E+00   -1.483047E+02    2.753860E+02   -7.099800E+00    0.000000E+00    0.000000E+00    0.000000E+00
9.455000E-01    9.666223E+01    7.208548E+01   -1.314567E+02    0.000000E+00    0.000000E+00    0.000000E+00   -1.390131E+02    2.141046E+02    1.533127E+01    0.000000E+00    0.000000E+00    0.000000E+00
9.465000E-01    1.201489E+02    2.570533E+01   -1.445549E+02    0.000000E+00    0.000000E+00    0.000000E+00   -1.004327E+02    2.496192E+02   -3.915343E+01    0.000000E+00    0.000000E+00    0.000000E+00
9.475000E-01    1.073642E+02    7.591460E+01   -1.443258E+02    0.000000E+00    0.000000E+00    0.000000E+00   -1.503184E+02    2.363008E+02    1.256483E+01    0.000000E+00    0.000000E+00    0.000000E+00
9.485000E-01    1.145545E+02    6.666819E+01   -1.597929E+02    0.000000E+00    0.000000E+00    0.000000E+00   -1.487019E+02    2.579010E+02    9.846803E-01    0.000000E+00    0.000000E+00    0.000000E+00
9.495000E-01    1.337050E+02    2.551889E+01   -1.666644E+02    0.000000E+00    0.000000E+00    0.000000E+00   -1.126938E+02    2.829847E+02   -4.711591E+01    0.000000E+00    0.000000E+00    0.000000E+00
9.505000E-01    1.090488E+02    6.311372E+01   -1.464928E+02    0.000000E+00    0.000000E+00    0.000000E+00   -1.396491E+02    2.397161E+02   -6.936354E-01    0.000000E+00    0.000000E+00    0.000000E+00
9.515000E-01    1.125904E+02    5.151555E+01   -1.401178E+02    0.000000E+00    0.000000E+00    0.000000E+00   -1.245245E+02    2.373359E+02   -1.284109E+01    0.000000E+00    0.000000E+00    0.000000E+00
9.525000E-01    1.250279E+02    2.888637E+01   -1.460456E+02    0.000000E+00    0.000000E+00    0.000000E+00   -1.057025E+02    2.552743E+02   -4.007661E+01    0.000000E+00    0.000000E+00    0.000000E+00
9.535000E-01    1.082781E+02    6.827325E+01   -1.409258E+02    0.000000E+00    0.000000E+00    0.000000E+00   -1.426339E+02    2.335385E+02    3.572869E+00    0.000000E+00    0.000000E+00    0.000000E+00
9.545000E-01    1.155163E+02    6.133654E+01   -1.546695E+02    0.000000E+00    0.000000E+00    0.000000E+00   -1.429940E+02    2.534028E+02   -6.265269E+00    0.000000E+00    0.000000E+00    0.000000E+00
9.555000E-01    1.124316E+02    7.566774E+01   -1.478881E+02    0.000000E+00    0.000000E+00    0.000000E+00   -1.539316E+02    2.439183E+02    7.875933E+00    0.000000E+00    0.000000E+00    0.000000E+00
9.565000E-01    9.676307E+01    6.605973E+01   -1.401089E+02    0.000000E+00    0.000000E+00    0.000000E+00   -1.405333E+02    2.216913E+02    7.466481E+00    0.000000E+00    0.000000E+00    0.000000E+00
9.575000E-01    1.070091E+02    6.406766E+01   -1.439852E+02    0.000000E+00    0.000000E+00    0.000000E+00   -1.408070E+02    2.349997E+02   -6.033403E-02    0.000000E+00    0.000000E+00    0.000000E+00
9.585000E-01    1.009067E+02    5.989881E+01   -1.506486E+02    0.000000E+00    0.000000E+00    0.000000E+00   -1.405977E+02    2.354052E+02   -5.015453E-01    0.000000E+00    0.000000E+00    0.000000E+00
9.595000E-01    1.165035E+02    7.491303E+01   -1.491781E+02    0.000000E+00    0.000000E+00    0.000000E+00   -1.553682E+02    2.481055E+02    3.488681E+00    0.000000E+00    0.000000E+00    0.000000E+00
9.605000E-01    1.278555E+02    2.242672E+01   -1.455565E+02    0.000000E+00    0.000000E+00    0.000000E+00   -1.010176E+02    2.568310E+02   -4.926640E+01    0.000000E+00    0.000000E+00    0.000000E+00
9.615000E-01    1.087939E+02    8.078439E+01   -1.477630E+02    0.000000E+00    0.000000E+00    0.000000E+00   -1.603668E+02    2.396519E+02    1.291164E+01    0.000000E+00    0.000000E+00    0.000000E+00
9.625000E-01    1.087589E+02    5.889886E+01   -1.491153E+02    0.000000E+00    0.000000E+00    0.000000E+00   -1.398459E+02    2.410741E+02   -6.778847E+00    0.000000E+00    0.000000E+00    0.000000E+00
9.635000E-01    1.254277E+02    2.616559E+01   -1.522751E+02    0.000000E+00    0.000000E+00    0.000000E+00   -1.096974E+02    2.602689E+02   -4.565865E+01    0.000000E+00    0.000000E+00    0.000000E+00
9.645000E-01    1.202757E+02    5.378880E+01   -1.600219E+02    0.000000E+00    0.000000E+00    0.000000E+00   -1.418465E+02    2.618486E+02   -1.871662E+01    0.000000E+00    0.000000E+00    0.000000E+00
9.655000E-01    1.086349E+02    7.757103E+01   -1.542916E+02    0.000000E+00    0.000000E+00    0.000000E+00   -1.624711E+02    2.449478E+02    8.892328E+00    0.000000E+00    0.000000E+00    0.000000E+00
9.665000E-01    1.145059E+02    8.788587E+01   -1.646940E+02    0.000000E+00    0.000000E+00    0.000000E+00   -1.786015E+02    2.599238E+02    1.471922E+01    0.000000E+00    0.000000E+00    0.000000E+00
9.675000E-01    1.247184E+02    2.838059E+01   -1.519355E+02    0.000000E+00    0.000000E+00    0.000000E+00   -1.131748E+02    2.585768E+02   -4.466521E+01    0.000000E+00    0.000000E+00    0.000000E+00
9.685000E-01    1.099849E+02    5.461305E+01   -1.357844E+02    0.000000E+00    0.000000E+00    0.000000E+00   -1.303104E+02    2.291419E+02   -1.341666E+01    0.000000E+00    0.000000E+00    0.000000E+00
9.695000E-01    1.140245E+02    7.634855E+01   -1.597656E+02    0.000000E+00    0.000000E+00    0.000000E+00   -1.655012E+02    2.547240E+02    3.752556E+00    0.000000E+00    0.000000E+00    0.000000E+00
9.705000E-01    1.193564E+02    7.710048E+01   -1.528474E+02    0.000000E+00    0.000000E+00    0.000000E+00   -1.634844E+02    2.533855E+02    5.054527E-01    0.000000E+00    0.000000E+00    0.000000E+00
9.715000E-01    8.058269E+01    1.052695E+02   -1.368770E+02    0.000000E+00    0.000000E+00    0.000000E+00   -1.820843E+02    2.011902E+02    4.791632E+01    0.000000E+00    0.000000E+00    0.000000E+00
9.725000E-01    1.199459E+02    2.928999E+01   -1.469715E+02    0.000000E+00    0.000000E+00    0.000000E+00   -1.123513E+02    2.491479E+02   -4.212651E+01    0.000000E+00    0.000000E+00    0.000000E+00
9.735000E-01    1.014205E+02    8.505610E+01   -1.534501E+02    0.000000E+00    0.000000E+00    0.000000E+00   -1.720782E+02    2.363568E+02    1.709736E+01    0.000000E+00    0.000000E+00    0.000000E+00
9.745000E-01    1.349302E+02    5.364729E+01   -1.618606E+02    0.000000E+00    0.000000E+00    0.000000E+00   -1.453892E+02    2.764548E+02   -2.974750E+01    0.000000E+00    0.000000E+00    0.000000E+00
9.755000E-01    1.298849E+02    1.529337E+01   -1.654536E+02    0.000000E+00    0.000000E+00    0.000000E+00   -1.106492E+02    2.753148E+02   -6.139670E+01    0.000000E+00    0.000000E+00    0.000000E+00
9.765000E-01    1.157139E+02    4.693042E+01   -1.352714E+02    0.000000E+00    0.000000E+00    0.000000E+00   -1.248442E+02    2.333181E+02   -2.602501E+01    0.000000E+00    0.000000E+00    0.000000E+00
9.775000E-01    1.006795E+02    8.355321E+01   -1.400076E+02    0.000000E+00    0.000000E+00    0.000000E+00   -1.638063E+02    2.228415E+02    1.539330E+01    0.000000E+00    0.000000E+00    0.000000E+00
9.785000E-01    1.242984E+02    3.398943E+01   -1.535311E+02    0.000000E+00    0.000000E+00    0.000000E+00   -1.234496E+02    2.586375E+02   -4.258634E+01    0.000000E+00    0.000000E+00    0.000000E+00
9.795000E-01    1.363630E+02    2.913659E+01   -1.545711E+02    0.000000E+00    0.000000E+00    0.000000E+00   -1.195484E+02    2.708282E+02   -5.464670E+01    0.000000E+00    0.000000E+00    0.000000E+00
9.805000E-01    1.211630E+02    7.235237E+00   -1.490695E+02    0.000000E+00    0.000000E+00    0.000000E+00   -9.530445E+01    2.514742E+02   -6.533047E+01    0.000000E+00    0.000000E+00    0.000000E+00
9.815000E-01    1.048427E+02    7.534036E+01   -1.537410E+02    0.000000E+00    0.000000E+00    0.000000E+00   -1.659433E+02    2.386908E+02    3.824500E+00    0.000000E+00    0.000000E+00    0.000000E+00
9.825000E-01    1.166956E+02    5.812232E+01   -1.478934E+02    0.000000E+00    0.000000E+00    0.000000E+00   -1.456643E+02    2.449977E+02   -1.868220E+01    0.000000E+00    0.000000E+00    0.000000E+00
9.835000E-01    1.183347E+02    7.312704E+01   -1.644443E+02    0.000000E+00    0.000000E+00    0.000000E+00   -1.709966E+02    2.608217E+02   -7.140571E+00    0.000000E+00    0.000000E+00    0.000000E+00
9.845000E-01    1.360339E+02    1.409649E+01   -1.520218E+02    0.000000E+00    0.000000E+00    0.000000E+00   -1.055370E+02    2.676654E+02   -6.973313E+01    0.000000E+00    0.000000E+00    0.000000E+00
9.855000E-01    1.072596E+02    6.912689E+01   -1.470542E+02    0.000000E+00    0.000000E+00    0.000000E+00   -1.577194E+02    2.342378E+02   -5.014066E+00    0.000000E+00    0.000000E+00    0.000000E+00
9.865000E-01    1.215766E+02    5.206631E+01   -1.525030E+02    0.000000E+00    0.000000E+00    0.000000E+00   -1.443838E+02    2.531809E+02   -2.862797E+01    0.000000E+00    0.000000E+00    0.000000E+00
9.875000E-01    1.060780E+02    1.093763E+02   -1.655592E+02    0.000000E+00    0.000000E+00    0.000000E+00   -2.097161E+02    2.490423E+02    3.034990E+01    0.000000E+00    0.000000E+00    0.000000E+00
9.885000E-01    1.428543E+02   -2.260482E+00   -1.640483E+02    0.000000E+00    0.000000E+00    0.000000E+00   -9.851144E+01    2.845082E+02   -8.967502E+01    0.000000E+00    0.000000E+00    0.000000E+00
9.895000E-01    1.034401E+02    6.984742E+01   -1.474153E+02    0.000000E+00    0.000000E+00    0.000000E+00   -1.605922E+02    2.301177E+02   -3.702058E+00    0.000000E+00    0.000000E+00    0.000000E+00
9.905000E-01    1.067285E+02    9.302004E+01   -1.588892E+02    0.000000E+00    0.000000E+00    0.000000E+00   -1.908568E+02    2.430873E+02    1.433284E+01    0.000000E+00    0.000000E+00    0.000000E+00
9.915000E-01    1.064625E+02    1.009051E+02   -1.563883E+02    0.000000E+00    0.000000E+00    0.000000E+00   -1.974632E+02    2.404024E+02    2.088488E+01    0.000000E+00    0.000000E+00    0.000000E+00
9.925000E-01    1.137290E+02    7.306084E+01   -1.538425E+02    0.000000E+00    0.000000E+00    0.000000E+00   -1.688726E+02    2.452022E+02   -8.406749E+00    0.000000E+00    0.000000E+00    0.000000E+00
9.935000E-01    1.024690E+02    8.930569E+01   -1.475573E+02    0.000000E+00    0.000000E+00    0.000000E+00   -1.814696E+02    2.284087E+02    1.232940E+01    0.000000E+00    0.000000E+00    0.000000E+00
9.945000E-01    1.045570E+02    8.687734E+01   -1.501398E+02    0.000000E+00    0.000000E+00    0.000000E+00   -1.807568E+02    2.327212E+02    8.842992E+00    0.000000E+00    0.000000E+00    0.000000E+00
9.955000E-01    9.832246E+01    9.219401E+01   -1.602073E+02    0.000000E+00    0.000000E+00    0.000000E+00   -1.932077E+02    2.351513E+02    1.681599E+01    0.000000E+00    0.000000E+00    0.000000E+00
9.965000E-01    1.015387E+02    8.587975E+01   -1.601206E+02    0.000000E+00    0.000000E+00    0.000000E+00   -1.870411E+02    2.380507E+02    9.100617E+00    0.000000E+00    0.000000E+00    0.000000E+00
9.975000E-01    9.282043E+01    1.184788E+02   -1.517845E+02    0.000000E+00    0.000000E+00    0.000000E+00   -2.145740E+02    2.214465E+02    4.207194E+01    0.000000E+00    0.000000E+00    0.000000E+00
9.985000E-01    9.648632E+01    9.136153E+01   -1.517452E+02    0.000000E+00    0.000000E+00    0.000000E+00   -1.877193E+02    2.252877E+02    1.628436E+01    0.000000E+00    0.000000E+00    0.000000E+00
9.995000E-01    9.622053E+01    1.079302E+02   -1.560998E+02    0.000000E+00    0.000000E+00    0.000000E+00   -2.075618E+02    2.283106E+02    3.010423E+01    0.000000E+00    0.000000E+00    0.000000E+00
