 LS-DYNA keyword deck by LS-PrePost                                      
                    ls-dyna mpp d R14 R14.1.1_16_fadfb4 date 05/14/2025
ICFD Drag Forces and Moments
time,            Fpx,Fpy,            Fpz,Fvx,            Fvy,Fvz,            Mpx,Mpy,            Mpz,Mvx,            Mvy,Mvz
5.000000E-04    6.681951E-01    2.847572E+00   -4.469744E+01    0.000000E+00    0.000000E+00    0.000000E+00   -1.028525E+00    2.755359E-01    1.844144E-01    0.000000E+00    0.000000E+00    0.000000E+00
1.500000E-03    2.079444E-01    7.019353E-01   -3.697027E+01    0.000000E+00    0.000000E+00    0.000000E+00   -1.309396E-01    9.337579E-02   -1.801691E-02    0.000000E+00    0.000000E+00    0.000000E+00
2.500000E-03    6.742898E-02    4.429982E-02   -3.199104E+01    0.000000E+00    0.000000E+00    0.000000E+00    1.015652E-01    6.467979E-02   -1.514794E-02    0.000000E+00    0.000000E+00    0.000000E+00
3.500000E-03   -1.803360E-02   -2.826204E-02   -3.169129E+01    0.000000E+00    0.000000E+00    0.000000E+00    5.681254E-02    1.801990E-02   -1.724573E-02    0.000000E+00    0.000000E+00    0.000000E+00
4.500000E-03   -1.209954E-01    3.172915E-02   -3.185168E+01    0.000000E+00    0.000000E+00    0.000000E+00   -3.998794E-03   -3.497632E-02   -1.287574E-02    0.000000E+00    0.000000E+00    0.000000E+00
5.500000E-03   -1.361165E-01    8.757200E-02   -3.157655E+01    0.000000E+00    0.000000E+00    0.000000E+00   -2.871349E-02   -4.388989E-02   -1.198428E-02    0.000000E+00    0.000000E+00    0.000000E+00
6.500000E-03    8.000053E-02    1.964474E-01   -6.064281E+00    0.000000E+00    0.000000E+00    0.000000E+00   -6.481562E-02    1.547550E-02    2.856610E-03    0.000000E+00    0.000000E+00    0.000000E+00
7.500000E-03   -5.956917E-03    2.627644E-02    6.712419E+00    0.000000E+00    0.000000E+00    0.000000E+00   -1.223764E-02   -3.161150E-03    1.270135E-02    0.000000E+00    0.000000E+00    0.000000E+00
8.500000E-03   -2.329774E-01   -2.089840E-01   -2.057794E-01    0.000000E+00    0.000000E+00    0.000000E+00    7.056024E-02   -6.710364E-02    1.180886E-02    0.000000E+00    0.000000E+00    0.000000E+00
9.500000E-03   -1.382085E-01   -7.929138E-02   -4.984146E+00    0.000000E+00    0.000000E+00    0.000000E+00    3.510300E-02   -4.671211E-02    1.884961E-03    0.000000E+00    0.000000E+00    0.000000E+00
1.050000E-02    5.612266E-02    1.131011E-01   -4.963875E+00    0.000000E+00    0.000000E+00    0.000000E+00   -2.309264E-02    6.651912E-03   -1.345176E-04    0.000000E+00    0.000000E+00    0.000000E+00
1.150000E-02    3.967365E-02    9.028309E-02   -4.108389E+00    0.000000E+00    0.000000E+00    0.000000E+00   -2.408925E-02    5.007476E-03   -3.088555E-04    0.000000E+00    0.000000E+00    0.000000E+00
1.250000E-02   -8.345885E-02   -7.671457E-02   -3.446084E+00    0.000000E+00    0.000000E+00    0.000000E+00    3.098341E-02   -2.967329E-02    1.859129E-03    0.000000E+00    0.000000E+00    0.000000E+00
1.350000E-02   -1.289688E-01   -3.475513E-02   -3.721513E+00    0.000000E+00    0.000000E+00    0.000000E+00    1.054413E-02   -4.848173E-02    1.977485E-04    0.000000E+00    0.000000E+00    0.000000E+00
1.450000E-02   -4.843450E-02    1.673785E-02   -4.795397E+00    0.000000E+00    0.000000E+00    0.000000E+00    3.025184E-03   -1.984868E-02   -5.642598E-04    0.000000E+00    0.000000E+00    0.000000E+00
1.550000E-02   -2.488762E-02    3.348761E-02   -5.346079E+00    0.000000E+00    0.000000E+00    0.000000E+00   -3.300044E-03   -9.761049E-03   -9.663479E-04    0.000000E+00    0.000000E+00    0.000000E+00
1.650000E-02   -3.828269E-02   -4.978591E-04   -5.333967E+00    0.000000E+00    0.000000E+00    0.000000E+00    5.629538E-03   -1.273981E-02   -2.908042E-04    0.000000E+00    0.000000E+00    0.000000E+00
1.750000E-02   -4.891487E-02   -2.793416E-02   -5.466860E+00    0.000000E+00    0.000000E+00    0.000000E+00    1.497251E-02   -1.680917E-02    2.151070E-04    0.000000E+00    0.000000E+00    0.000000E+00
1.850000E-02   -4.571067E-02   -1.930341E-02   -5.911981E+00    0.000000E+00    0.000000E+00    0.000000E+00    1.323524E-02   -1.573411E-02   -2.761907E-04    0.000000E+00    0.000000E+00    0.000000E+00
1.950000E-02   -3.622178E-02   -9.477165E-03   -6.324146E+00    0.000000E+00    0.000000E+00    0.000000E+00    1.028989E-02   -1.246831E-02   -8.194311E-04    0.000000E+00    0.000000E+00    0.000000E+00
2.050000E-02   -2.812110E-02   -1.017487E-02   -6.620818E+00    0.000000E+00    0.000000E+00    0.000000E+00    1.034613E-02   -9.204374E-03   -9.478893E-04    0.000000E+00    0.000000E+00    0.000000E+00
2.150000E-02   -2.389832E-02   -2.293901E-02   -6.894795E+00    0.000000E+00    0.000000E+00    0.000000E+00    1.484495E-02   -6.509448E-03   -5.412469E-04    0.000000E+00    0.000000E+00    0.000000E+00
2.250000E-02   -2.075583E-02   -2.765550E-02   -7.187348E+00    0.000000E+00    0.000000E+00    0.000000E+00    1.686507E-02   -4.868441E-03   -6.903634E-04    0.000000E+00    0.000000E+00    0.000000E+00
2.350000E-02   -1.557817E-02   -2.609633E-02   -7.494685E+00    0.000000E+00    0.000000E+00    0.000000E+00    1.647326E-02   -2.366935E-03   -1.273868E-03    0.000000E+00    0.000000E+00    0.000000E+00
2.450000E-02   -8.013312E-03   -2.580067E-02   -7.788466E+00    0.000000E+00    0.000000E+00    0.000000E+00    1.660776E-02    7.226843E-04   -1.572783E-03    0.000000E+00    0.000000E+00    0.000000E+00
2.550000E-02    5.906540E-04   -2.829294E-02   -8.058233E+00    0.000000E+00    0.000000E+00    0.000000E+00    1.767440E-02    3.897466E-03   -1.888001E-03    0.000000E+00    0.000000E+00    0.000000E+00
2.650000E-02    7.580511E-03   -3.139070E-02   -8.307947E+00    0.000000E+00    0.000000E+00    0.000000E+00    1.886631E-02    6.377108E-03   -2.199564E-03    0.000000E+00    0.000000E+00    0.000000E+00
2.750000E-02    1.323333E-02   -3.364778E-02   -8.541628E+00    0.000000E+00    0.000000E+00    0.000000E+00    1.962300E-02    8.406776E-03   -2.497596E-03    0.000000E+00    0.000000E+00    0.000000E+00
2.850000E-02    1.901829E-02   -3.514334E-02   -8.758715E+00    0.000000E+00    0.000000E+00    0.000000E+00    2.001179E-02    1.056014E-02   -2.797528E-03    0.000000E+00    0.000000E+00    0.000000E+00
2.950000E-02    2.505694E-02   -3.676655E-02   -8.958195E+00    0.000000E+00    0.000000E+00    0.000000E+00    2.038342E-02    1.276085E-02   -3.098592E-03    0.000000E+00    0.000000E+00    0.000000E+00
3.050000E-02    3.105415E-02   -3.869660E-02   -9.141026E+00    0.000000E+00    0.000000E+00    0.000000E+00    2.084378E-02    1.478129E-02   -3.390162E-03    0.000000E+00    0.000000E+00    0.000000E+00
3.150000E-02    3.692753E-02   -4.080046E-02   -9.308062E+00    0.000000E+00    0.000000E+00    0.000000E+00    2.140538E-02    1.659242E-02   -3.666618E-03    0.000000E+00    0.000000E+00    0.000000E+00
3.250000E-02    4.208868E-02   -4.273949E-02   -9.458502E+00    0.000000E+00    0.000000E+00    0.000000E+00    2.191191E-02    1.809702E-02   -3.919434E-03    0.000000E+00    0.000000E+00    0.000000E+00
3.350000E-02    4.621982E-02   -4.458505E-02   -9.592077E+00    0.000000E+00    0.000000E+00    0.000000E+00    2.236027E-02    1.923839E-02   -4.134800E-03    0.000000E+00    0.000000E+00    0.000000E+00
3.450000E-02    4.958346E-02   -4.705859E-02   -9.709474E+00    0.000000E+00    0.000000E+00    0.000000E+00    2.299399E-02    2.008921E-02   -4.305588E-03    0.000000E+00    0.000000E+00    0.000000E+00
3.550000E-02    5.237241E-02   -5.016151E-02   -9.814161E+00    0.000000E+00    0.000000E+00    0.000000E+00    2.380721E-02    2.066857E-02   -4.438613E-03    0.000000E+00    0.000000E+00    0.000000E+00
3.650000E-02    5.319904E-02   -5.297687E-02   -9.909999E+00    0.000000E+00    0.000000E+00    0.000000E+00    2.446812E-02    2.031621E-02   -4.319673E-03    0.000000E+00    0.000000E+00    0.000000E+00
3.750000E-02    5.482983E-02   -5.674417E-02   -9.997734E+00    0.000000E+00    0.000000E+00    0.000000E+00    2.551507E-02    2.035559E-02   -4.547478E-03    0.000000E+00    0.000000E+00    0.000000E+00
3.850000E-02    5.518445E-02   -5.640715E-02   -1.007677E+01    0.000000E+00    0.000000E+00    0.000000E+00    2.635117E-02    1.977281E-02   -4.522257E-03    0.000000E+00    0.000000E+00    0.000000E+00
3.950000E-02    5.092692E-02   -6.006223E-02   -1.014853E+01    0.000000E+00    0.000000E+00    0.000000E+00    2.708024E-02    1.890693E-02   -4.556843E-03    0.000000E+00    0.000000E+00    0.000000E+00
4.050000E-02    4.910211E-02   -6.285257E-02   -1.021380E+01    0.000000E+00    0.000000E+00    0.000000E+00    2.765291E-02    1.770093E-02   -4.467387E-03    0.000000E+00    0.000000E+00    0.000000E+00
4.150000E-02    5.049984E-02   -6.980552E-02   -1.027253E+01    0.000000E+00    0.000000E+00    0.000000E+00    2.809895E-02    1.621096E-02   -4.365723E-03    0.000000E+00    0.000000E+00    0.000000E+00
4.250000E-02    4.760992E-02   -7.229934E-02   -1.032669E+01    0.000000E+00    0.000000E+00    0.000000E+00    2.840683E-02    1.453204E-02   -4.245148E-03    0.000000E+00    0.000000E+00    0.000000E+00
4.350000E-02    3.893340E-02   -6.653499E-02   -1.037616E+01    0.000000E+00    0.000000E+00    0.000000E+00    2.826843E-02    1.161076E-02   -3.644416E-03    0.000000E+00    0.000000E+00    0.000000E+00
4.450000E-02    3.573560E-02   -6.812071E-02   -1.042258E+01    0.000000E+00    0.000000E+00    0.000000E+00    2.848461E-02    1.007011E-02   -3.866312E-03    0.000000E+00    0.000000E+00    0.000000E+00
4.550000E-02    3.115593E-02   -6.839793E-02   -1.046561E+01    0.000000E+00    0.000000E+00    0.000000E+00    2.813679E-02    7.879992E-03   -3.813566E-03    0.000000E+00    0.000000E+00    0.000000E+00
4.650000E-02    2.900317E-02   -7.165349E-02   -1.050537E+01    0.000000E+00    0.000000E+00    0.000000E+00    2.772209E-02    5.718744E-03   -3.683823E-03    0.000000E+00    0.000000E+00    0.000000E+00
4.750000E-02    2.073976E-02   -7.067995E-02   -1.053906E+01    0.000000E+00    0.000000E+00    0.000000E+00    2.738145E-02    3.849595E-03   -3.574048E-03    0.000000E+00    0.000000E+00    0.000000E+00
4.850000E-02    1.555653E-02   -6.944677E-02   -1.057896E+01    0.000000E+00    0.000000E+00    0.000000E+00    2.664314E-02    1.422485E-03   -3.598846E-03    0.000000E+00    0.000000E+00    0.000000E+00
4.950000E-02    1.665716E-02   -6.937995E-02   -1.061142E+01    0.000000E+00    0.000000E+00    0.000000E+00    2.606905E-02   -2.090975E-04   -3.775227E-03    0.000000E+00    0.000000E+00    0.000000E+00
5.050000E-02    1.227944E-02   -6.834322E-02   -1.064593E+01    0.000000E+00    0.000000E+00    0.000000E+00    2.539766E-02   -2.157976E-03   -3.905087E-03    0.000000E+00    0.000000E+00    0.000000E+00
5.150000E-02    9.161185E-03   -6.756062E-02   -1.067534E+01    0.000000E+00    0.000000E+00    0.000000E+00    2.502340E-02   -3.592874E-03   -4.035374E-03    0.000000E+00    0.000000E+00    0.000000E+00
5.250000E-02    3.864571E-03   -6.244766E-02   -1.070540E+01    0.000000E+00    0.000000E+00    0.000000E+00    2.451263E-02   -4.881078E-03   -4.294482E-03    0.000000E+00    0.000000E+00    0.000000E+00
5.350000E-02    1.616026E-03   -6.059447E-02   -1.073461E+01    0.000000E+00    0.000000E+00    0.000000E+00    2.394123E-02   -5.903059E-03   -4.456484E-03    0.000000E+00    0.000000E+00    0.000000E+00
5.450000E-02   -4.044738E-04   -5.945517E-02   -1.076210E+01    0.000000E+00    0.000000E+00    0.000000E+00    2.374234E-02   -6.759718E-03   -4.449076E-03    0.000000E+00    0.000000E+00    0.000000E+00
5.550000E-02    1.354287E-03   -6.218237E-02   -1.078613E+01    0.000000E+00    0.000000E+00    0.000000E+00    2.343434E-02   -7.276504E-03   -4.705847E-03    0.000000E+00    0.000000E+00    0.000000E+00
5.650000E-02    2.251296E-04   -5.968277E-02   -1.081323E+01    0.000000E+00    0.000000E+00    0.000000E+00    2.286776E-02   -7.683777E-03   -4.861232E-03    0.000000E+00    0.000000E+00    0.000000E+00
5.750000E-02   -3.859867E-05   -5.664071E-02   -1.084106E+01    0.000000E+00    0.000000E+00    0.000000E+00    2.227179E-02   -7.747305E-03   -4.756779E-03    0.000000E+00    0.000000E+00    0.000000E+00
5.850000E-02    9.372557E-05   -5.495128E-02   -1.086240E+01    0.000000E+00    0.000000E+00    0.000000E+00    2.199845E-02   -7.723487E-03   -4.839144E-03    0.000000E+00    0.000000E+00    0.000000E+00
5.950000E-02    1.654247E-03   -5.004824E-02   -1.088881E+01    0.000000E+00    0.000000E+00    0.000000E+00    2.130352E-02   -7.226947E-03   -4.940980E-03    0.000000E+00    0.000000E+00    0.000000E+00
6.050000E-02    2.555993E-03   -4.832541E-02   -1.090710E+01    0.000000E+00    0.000000E+00    0.000000E+00    2.101627E-02   -6.948251E-03   -4.993686E-03    0.000000E+00    0.000000E+00    0.000000E+00
6.150000E-02    4.336954E-03   -4.615177E-02   -1.092692E+01    0.000000E+00    0.000000E+00    0.000000E+00    2.064707E-02   -6.400227E-03   -5.034517E-03    0.000000E+00    0.000000E+00    0.000000E+00
6.250000E-02    7.545543E-03   -4.178118E-02   -1.095106E+01    0.000000E+00    0.000000E+00    0.000000E+00    1.975261E-02   -5.297860E-03   -5.090752E-03    0.000000E+00    0.000000E+00    0.000000E+00
6.350000E-02    4.616891E-03   -4.245833E-02   -1.096630E+01    0.000000E+00    0.000000E+00    0.000000E+00    1.945394E-02   -4.838267E-03   -5.235110E-03    0.000000E+00    0.000000E+00    0.000000E+00
6.450000E-02    6.256466E-03   -3.978563E-02   -1.098188E+01    0.000000E+00    0.000000E+00    0.000000E+00    1.911648E-02   -4.194942E-03   -5.237352E-03    0.000000E+00    0.000000E+00    0.000000E+00
6.550000E-02    1.224935E-02   -3.914341E-02   -1.100017E+01    0.000000E+00    0.000000E+00    0.000000E+00    1.868045E-02   -3.374723E-03   -5.110844E-03    0.000000E+00    0.000000E+00    0.000000E+00
6.650000E-02    1.462083E-02   -3.555954E-02   -1.101808E+01    0.000000E+00    0.000000E+00    0.000000E+00    1.818029E-02   -2.513638E-03   -5.103403E-03    0.000000E+00    0.000000E+00    0.000000E+00
6.750000E-02    1.703572E-02   -3.218625E-02   -1.103393E+01    0.000000E+00    0.000000E+00    0.000000E+00    1.769346E-02   -1.666757E-03   -5.095012E-03    0.000000E+00    0.000000E+00    0.000000E+00
6.850000E-02    1.892715E-02   -3.071074E-02   -1.104780E+01    0.000000E+00    0.000000E+00    0.000000E+00    1.804497E-02   -1.048263E-03   -4.719249E-03    0.000000E+00    0.000000E+00    0.000000E+00
6.950000E-02    2.144048E-02   -2.711247E-02   -1.106068E+01    0.000000E+00    0.000000E+00    0.000000E+00    1.730107E-02   -8.522809E-05   -4.918219E-03    0.000000E+00    0.000000E+00    0.000000E+00
7.050000E-02    2.331738E-02   -2.438045E-02   -1.107325E+01    0.000000E+00    0.000000E+00    0.000000E+00    1.696782E-02    5.907906E-04   -4.919062E-03    0.000000E+00    0.000000E+00    0.000000E+00
7.150000E-02    2.521794E-02   -2.169612E-02   -1.108572E+01    0.000000E+00    0.000000E+00    0.000000E+00    1.666541E-02    1.254887E-03   -4.919367E-03    0.000000E+00    0.000000E+00    0.000000E+00
7.250000E-02    2.725158E-02   -1.909048E-02   -1.109805E+01    0.000000E+00    0.000000E+00    0.000000E+00    1.638914E-02    1.924373E-03   -4.916245E-03    0.000000E+00    0.000000E+00    0.000000E+00
7.350000E-02    2.940975E-02   -1.656467E-02   -1.111006E+01    0.000000E+00    0.000000E+00    0.000000E+00    1.611721E-02    2.586366E-03   -4.909366E-03    0.000000E+00    0.000000E+00    0.000000E+00
7.450000E-02    3.156160E-02   -1.409412E-02   -1.112164E+01    0.000000E+00    0.000000E+00    0.000000E+00    1.583782E-02    3.213593E-03   -4.898381E-03    0.000000E+00    0.000000E+00    0.000000E+00
7.550000E-02    3.362788E-02   -1.167228E-02   -1.113259E+01    0.000000E+00    0.000000E+00    0.000000E+00    1.555590E-02    3.805053E-03   -4.886597E-03    0.000000E+00    0.000000E+00    0.000000E+00
7.650000E-02    3.557705E-02   -9.331050E-03   -1.114294E+01    0.000000E+00    0.000000E+00    0.000000E+00    1.527570E-02    4.358865E-03   -4.876550E-03    0.000000E+00    0.000000E+00    0.000000E+00
7.750000E-02    3.736620E-02   -7.178737E-03   -1.115269E+01    0.000000E+00    0.000000E+00    0.000000E+00    1.505069E-02    4.831177E-03   -4.871847E-03    0.000000E+00    0.000000E+00    0.000000E+00
7.850000E-02    3.906860E-02   -5.108323E-03   -1.116230E+01    0.000000E+00    0.000000E+00    0.000000E+00    1.485040E-02    5.233569E-03   -4.866174E-03    0.000000E+00    0.000000E+00    0.000000E+00
7.950000E-02    4.073302E-02   -3.038786E-03   -1.117253E+01    0.000000E+00    0.000000E+00    0.000000E+00    1.464599E-02    5.585947E-03   -4.858778E-03    0.000000E+00    0.000000E+00    0.000000E+00
8.050000E-02    4.238060E-02   -1.091387E-03   -1.118295E+01    0.000000E+00    0.000000E+00    0.000000E+00    1.446720E-02    5.895854E-03   -4.851534E-03    0.000000E+00    0.000000E+00    0.000000E+00
8.150000E-02    4.365862E-02    1.733202E-03   -1.119270E+01    0.000000E+00    0.000000E+00    0.000000E+00    1.379918E-02    6.009319E-03   -5.089687E-03    0.000000E+00    0.000000E+00    0.000000E+00
8.250000E-02    4.504668E-02    3.457288E-03   -1.120169E+01    0.000000E+00    0.000000E+00    0.000000E+00    1.361797E-02    6.167842E-03   -5.084844E-03    0.000000E+00    0.000000E+00    0.000000E+00
8.350000E-02    4.729905E-02    6.845708E-03   -1.121037E+01    0.000000E+00    0.000000E+00    0.000000E+00    1.259056E-02    6.765485E-03   -5.514372E-03    0.000000E+00    0.000000E+00    0.000000E+00
8.450000E-02    4.844470E-02    8.445256E-03   -1.121929E+01    0.000000E+00    0.000000E+00    0.000000E+00    1.239610E-02    6.807027E-03   -5.506066E-03    0.000000E+00    0.000000E+00    0.000000E+00
8.550000E-02    4.951743E-02    9.910116E-03   -1.122831E+01    0.000000E+00    0.000000E+00    0.000000E+00    1.221233E-02    6.814769E-03   -5.497435E-03    0.000000E+00    0.000000E+00    0.000000E+00
8.650000E-02    5.069463E-02    1.264552E-02   -1.123687E+01    0.000000E+00    0.000000E+00    0.000000E+00    1.202257E-02    6.773678E-03   -5.452454E-03    0.000000E+00    0.000000E+00    0.000000E+00
8.750000E-02    5.140889E-02    1.387008E-02   -1.124540E+01    0.000000E+00    0.000000E+00    0.000000E+00    1.183884E-02    6.677319E-03   -5.445097E-03    0.000000E+00    0.000000E+00    0.000000E+00
8.850000E-02    5.192724E-02    1.506728E-02   -1.125383E+01    0.000000E+00    0.000000E+00    0.000000E+00    1.164262E-02    6.519942E-03   -5.436852E-03    0.000000E+00    0.000000E+00    0.000000E+00
8.950000E-02    5.313494E-02    1.618177E-02   -1.126218E+01    0.000000E+00    0.000000E+00    0.000000E+00    1.189599E-02    6.606463E-03   -5.146140E-03    0.000000E+00    0.000000E+00    0.000000E+00
9.050000E-02    5.109659E-02    1.771741E-02   -1.127033E+01    0.000000E+00    0.000000E+00    0.000000E+00    1.170233E-02    6.362872E-03   -5.078441E-03    0.000000E+00    0.000000E+00    0.000000E+00
9.150000E-02    5.130575E-02    1.865075E-02   -1.127875E+01    0.000000E+00    0.000000E+00    0.000000E+00    1.151873E-02    6.104912E-03   -5.071050E-03    0.000000E+00    0.000000E+00    0.000000E+00
9.250000E-02    5.086839E-02    1.845847E-02   -1.128682E+01    0.000000E+00    0.000000E+00    0.000000E+00    1.135351E-02    5.798597E-03   -5.122815E-03    0.000000E+00    0.000000E+00    0.000000E+00
9.350000E-02    5.084791E-02    1.927660E-02   -1.129516E+01    0.000000E+00    0.000000E+00    0.000000E+00    1.120274E-02    5.470043E-03   -5.108741E-03    0.000000E+00    0.000000E+00    0.000000E+00
9.450000E-02    5.147730E-02    1.862866E-02   -1.130323E+01    0.000000E+00    0.000000E+00    0.000000E+00    1.107779E-02    5.113337E-03   -5.112608E-03    0.000000E+00    0.000000E+00    0.000000E+00
9.550000E-02    5.120950E-02    1.991159E-02   -1.131134E+01    0.000000E+00    0.000000E+00    0.000000E+00    1.094715E-02    4.729633E-03   -5.115702E-03    0.000000E+00    0.000000E+00    0.000000E+00
9.650000E-02    5.098545E-02    2.036794E-02   -1.131954E+01    0.000000E+00    0.000000E+00    0.000000E+00    1.083338E-02    4.318905E-03   -5.110436E-03    0.000000E+00    0.000000E+00    0.000000E+00
9.750000E-02    4.986586E-02    2.074571E-02   -1.132780E+01    0.000000E+00    0.000000E+00    0.000000E+00    1.072689E-02    3.882856E-03   -5.115852E-03    0.000000E+00    0.000000E+00    0.000000E+00
9.850000E-02    4.864629E-02    2.166434E-02   -1.133612E+01    0.000000E+00    0.000000E+00    0.000000E+00    1.062230E-02    3.430752E-03   -5.122950E-03    0.000000E+00    0.000000E+00    0.000000E+00
9.950000E-02    4.905948E-02    2.192187E-02   -1.134439E+01    0.000000E+00    0.000000E+00    0.000000E+00    1.053133E-02    2.991851E-03   -5.090251E-03    0.000000E+00    0.000000E+00    0.000000E+00
1.005000E-01    4.943236E-02    2.192553E-02   -1.135259E+01    0.000000E+00    0.000000E+00    0.000000E+00    1.045338E-02    2.560066E-03   -5.089965E-03    0.000000E+00    0.000000E+00    0.000000E+00
1.015000E-01    4.962944E-02    2.469397E-02   -1.136085E+01    0.000000E+00    0.000000E+00    0.000000E+00    9.082136E-03    2.417698E-03   -5.875612E-03    0.000000E+00    0.000000E+00    0.000000E+00
1.025000E-01    4.912195E-02    2.502242E-02   -1.136949E+01    0.000000E+00    0.000000E+00    0.000000E+00    9.019970E-03    1.995682E-03   -5.869242E-03    0.000000E+00    0.000000E+00    0.000000E+00
1.035000E-01    4.860363E-02    2.542633E-02   -1.137816E+01    0.000000E+00    0.000000E+00    0.000000E+00    8.928149E-03    1.577884E-03   -5.862838E-03    0.000000E+00    0.000000E+00    0.000000E+00
1.045000E-01    4.577023E-02    2.568308E-02   -1.138653E+01    0.000000E+00    0.000000E+00    0.000000E+00    9.142613E-03    6.124425E-04   -5.596923E-03    0.000000E+00    0.000000E+00    0.000000E+00
1.055000E-01    4.511735E-02    2.596156E-02   -1.139524E+01    0.000000E+00    0.000000E+00    0.000000E+00    9.058418E-03    1.616349E-04   -5.586148E-03    0.000000E+00    0.000000E+00    0.000000E+00
1.065000E-01    4.496575E-02    2.621766E-02   -1.140397E+01    0.000000E+00    0.000000E+00    0.000000E+00    8.980620E-03   -2.578376E-04   -5.579597E-03    0.000000E+00    0.000000E+00    0.000000E+00
1.075000E-01    4.459719E-02    2.662793E-02   -1.141278E+01    0.000000E+00    0.000000E+00    0.000000E+00    8.909918E-03   -6.517128E-04   -5.545783E-03    0.000000E+00    0.000000E+00    0.000000E+00
1.085000E-01    4.321824E-02    2.633592E-02   -1.142143E+01    0.000000E+00    0.000000E+00    0.000000E+00    8.855043E-03   -1.043926E-03   -5.541345E-03    0.000000E+00    0.000000E+00    0.000000E+00
1.095000E-01    4.257072E-02    2.628772E-02   -1.143022E+01    0.000000E+00    0.000000E+00    0.000000E+00    8.818554E-03   -1.443675E-03   -5.511005E-03    0.000000E+00    0.000000E+00    0.000000E+00
1.105000E-01    4.234540E-02    2.633492E-02   -1.143907E+01    0.000000E+00    0.000000E+00    0.000000E+00    8.770811E-03   -1.824019E-03   -5.495899E-03    0.000000E+00    0.000000E+00    0.000000E+00
1.115000E-01    4.241170E-02    2.724630E-02   -1.144789E+01    0.000000E+00    0.000000E+00    0.000000E+00    8.674211E-03   -2.184443E-03   -5.448454E-03    0.000000E+00    0.000000E+00    0.000000E+00
1.125000E-01    4.199211E-02    2.754899E-02   -1.145689E+01    0.000000E+00    0.000000E+00    0.000000E+00    8.572363E-03   -2.552295E-03   -5.425193E-03    0.000000E+00    0.000000E+00    0.000000E+00
1.135000E-01    4.282694E-02    2.505230E-02   -1.146569E+01    0.000000E+00    0.000000E+00    0.000000E+00    9.526173E-03   -2.275289E-03   -4.887164E-03    0.000000E+00    0.000000E+00    0.000000E+00
1.145000E-01    4.224348E-02    2.526426E-02   -1.147447E+01    0.000000E+00    0.000000E+00    0.000000E+00    9.428125E-03   -2.603035E-03   -4.899217E-03    0.000000E+00    0.000000E+00    0.000000E+00
1.155000E-01    4.211032E-02    2.513840E-02   -1.148337E+01    0.000000E+00    0.000000E+00    0.000000E+00    9.343625E-03   -2.914602E-03   -4.887949E-03    0.000000E+00    0.000000E+00    0.000000E+00
1.165000E-01    4.161459E-02    2.513306E-02   -1.149230E+01    0.000000E+00    0.000000E+00    0.000000E+00    9.259042E-03   -3.209200E-03   -4.855339E-03    0.000000E+00    0.000000E+00    0.000000E+00
1.175000E-01    4.137838E-02    2.508002E-02   -1.150130E+01    0.000000E+00    0.000000E+00    0.000000E+00    9.163253E-03   -3.490375E-03   -4.831029E-03    0.000000E+00    0.000000E+00    0.000000E+00
1.185000E-01    4.088037E-02    2.447372E-02   -1.151007E+01    0.000000E+00    0.000000E+00    0.000000E+00    9.068452E-03   -3.775779E-03   -4.843410E-03    0.000000E+00    0.000000E+00    0.000000E+00
1.195000E-01    4.049285E-02    2.463501E-02   -1.151889E+01    0.000000E+00    0.000000E+00    0.000000E+00    8.972704E-03   -4.061158E-03   -4.795313E-03    0.000000E+00    0.000000E+00    0.000000E+00
1.205000E-01    4.000814E-02    2.413620E-02   -1.152768E+01    0.000000E+00    0.000000E+00    0.000000E+00    8.876638E-03   -4.355173E-03   -4.790471E-03    0.000000E+00    0.000000E+00    0.000000E+00
1.215000E-01    3.999698E-02    2.433731E-02   -1.153642E+01    0.000000E+00    0.000000E+00    0.000000E+00    8.767170E-03   -4.651067E-03   -4.740678E-03    0.000000E+00    0.000000E+00    0.000000E+00
1.225000E-01    3.970191E-02    2.417928E-02   -1.154525E+01    0.000000E+00    0.000000E+00    0.000000E+00    8.662368E-03   -4.930077E-03   -4.725441E-03    0.000000E+00    0.000000E+00    0.000000E+00
1.235000E-01    4.176489E-02    2.490371E-02   -1.155399E+01    0.000000E+00    0.000000E+00    0.000000E+00    8.225799E-03   -3.895094E-03   -5.322334E-03    0.000000E+00    0.000000E+00    0.000000E+00
1.245000E-01    4.121571E-02    2.483226E-02   -1.156281E+01    0.000000E+00    0.000000E+00    0.000000E+00    8.103101E-03   -4.175686E-03   -5.293671E-03    0.000000E+00    0.000000E+00    0.000000E+00
1.255000E-01    4.068802E-02    2.482697E-02   -1.157158E+01    0.000000E+00    0.000000E+00    0.000000E+00    7.961947E-03   -4.448366E-03   -5.265906E-03    0.000000E+00    0.000000E+00    0.000000E+00
1.265000E-01    4.019752E-02    2.483114E-02   -1.158029E+01    0.000000E+00    0.000000E+00    0.000000E+00    7.811245E-03   -4.706967E-03   -5.240050E-03    0.000000E+00    0.000000E+00    0.000000E+00
1.275000E-01    3.972257E-02    2.480521E-02   -1.158894E+01    0.000000E+00    0.000000E+00    0.000000E+00    7.664590E-03   -4.964962E-03   -5.215625E-03    0.000000E+00    0.000000E+00    0.000000E+00
1.285000E-01    3.922979E-02    2.474730E-02   -1.159753E+01    0.000000E+00    0.000000E+00    0.000000E+00    7.527955E-03   -5.231343E-03   -5.191061E-03    0.000000E+00    0.000000E+00    0.000000E+00
1.295000E-01    3.655169E-02    2.342851E-02   -1.160603E+01    0.000000E+00    0.000000E+00    0.000000E+00    8.037293E-03   -6.559219E-03   -4.599665E-03    0.000000E+00    0.000000E+00    0.000000E+00
1.305000E-01    3.606992E-02    2.347363E-02   -1.161453E+01    0.000000E+00    0.000000E+00    0.000000E+00    7.886198E-03   -6.793285E-03   -4.578885E-03    0.000000E+00    0.000000E+00    0.000000E+00
1.315000E-01    3.558260E-02    2.353747E-02   -1.162297E+01    0.000000E+00    0.000000E+00    0.000000E+00    7.734306E-03   -7.025937E-03   -4.559155E-03    0.000000E+00    0.000000E+00    0.000000E+00
1.325000E-01    3.509813E-02    2.359734E-02   -1.163137E+01    0.000000E+00    0.000000E+00    0.000000E+00    7.584227E-03   -7.273847E-03   -4.539627E-03    0.000000E+00    0.000000E+00    0.000000E+00
1.335000E-01    3.462460E-02    2.368105E-02   -1.163971E+01    0.000000E+00    0.000000E+00    0.000000E+00    7.432608E-03   -7.523150E-03   -4.521874E-03    0.000000E+00    0.000000E+00    0.000000E+00
1.345000E-01    3.442797E-02    2.384984E-02   -1.164800E+01    0.000000E+00    0.000000E+00    0.000000E+00    7.278437E-03   -7.751548E-03   -4.499856E-03    0.000000E+00    0.000000E+00    0.000000E+00
1.355000E-01    3.410254E-02    2.398744E-02   -1.165617E+01    0.000000E+00    0.000000E+00    0.000000E+00    7.117773E-03   -7.963891E-03   -4.482212E-03    0.000000E+00    0.000000E+00    0.000000E+00
1.365000E-01    3.366831E-02    2.421972E-02   -1.166423E+01    0.000000E+00    0.000000E+00    0.000000E+00    6.947762E-03   -8.180219E-03   -4.465415E-03    0.000000E+00    0.000000E+00    0.000000E+00
1.375000E-01    3.327910E-02    2.462304E-02   -1.167222E+01    0.000000E+00    0.000000E+00    0.000000E+00    6.744649E-03   -8.386885E-03   -4.443958E-03    0.000000E+00    0.000000E+00    0.000000E+00
1.385000E-01    3.274401E-02    2.479144E-02   -1.168013E+01    0.000000E+00    0.000000E+00    0.000000E+00    6.579766E-03   -8.628018E-03   -4.434024E-03    0.000000E+00    0.000000E+00    0.000000E+00
1.395000E-01    3.314577E-02    2.538656E-02   -1.168793E+01    0.000000E+00    0.000000E+00    0.000000E+00    6.169417E-03   -8.429153E-03   -4.186532E-03    0.000000E+00    0.000000E+00    0.000000E+00
1.405000E-01    3.277426E-02    2.556748E-02   -1.169563E+01    0.000000E+00    0.000000E+00    0.000000E+00    6.009436E-03   -8.644830E-03   -4.178296E-03    0.000000E+00    0.000000E+00    0.000000E+00
1.415000E-01    3.182708E-02    2.627104E-02   -1.170319E+01    0.000000E+00    0.000000E+00    0.000000E+00    5.644187E-03   -9.151945E-03   -4.335234E-03    0.000000E+00    0.000000E+00    0.000000E+00
1.425000E-01    3.151740E-02    2.665502E-02   -1.171068E+01    0.000000E+00    0.000000E+00    0.000000E+00    5.456187E-03   -9.339824E-03   -4.322595E-03    0.000000E+00    0.000000E+00    0.000000E+00
1.435000E-01    3.124461E-02    2.699906E-02   -1.171811E+01    0.000000E+00    0.000000E+00    0.000000E+00    5.269073E-03   -9.513780E-03   -4.310305E-03    0.000000E+00    0.000000E+00    0.000000E+00
1.445000E-01    3.101644E-02    2.752582E-02   -1.172565E+01    0.000000E+00    0.000000E+00    0.000000E+00    5.088573E-03   -9.684128E-03   -4.294206E-03    0.000000E+00    0.000000E+00    0.000000E+00
1.455000E-01    3.036786E-02    2.769501E-02   -1.173288E+01    0.000000E+00    0.000000E+00    0.000000E+00    4.906173E-03   -9.866005E-03   -4.299319E-03    0.000000E+00    0.000000E+00    0.000000E+00
1.465000E-01    2.999167E-02    2.803411E-02   -1.173996E+01    0.000000E+00    0.000000E+00    0.000000E+00    4.724659E-03   -1.005020E-02   -4.295357E-03    0.000000E+00    0.000000E+00    0.000000E+00
1.475000E-01    2.960658E-02    2.841414E-02   -1.174692E+01    0.000000E+00    0.000000E+00    0.000000E+00    4.544008E-03   -1.023727E-02   -4.288470E-03    0.000000E+00    0.000000E+00    0.000000E+00
1.485000E-01    2.921882E-02    2.883888E-02   -1.175375E+01    0.000000E+00    0.000000E+00    0.000000E+00    4.362918E-03   -1.042124E-02   -4.280243E-03    0.000000E+00    0.000000E+00    0.000000E+00
1.495000E-01    2.930107E-02    2.967673E-02   -1.176057E+01    0.000000E+00    0.000000E+00    0.000000E+00    4.182616E-03   -1.058954E-02   -4.241829E-03    0.000000E+00    0.000000E+00    0.000000E+00
1.505000E-01    2.894407E-02    3.012177E-02   -1.176715E+01    0.000000E+00    0.000000E+00    0.000000E+00    4.003831E-03   -1.075552E-02   -4.234754E-03    0.000000E+00    0.000000E+00    0.000000E+00
1.515000E-01    2.858495E-02    3.044861E-02   -1.177360E+01    0.000000E+00    0.000000E+00    0.000000E+00    3.831070E-03   -1.092956E-02   -4.232572E-03    0.000000E+00    0.000000E+00    0.000000E+00
1.525000E-01    2.813230E-02    3.088947E-02   -1.177994E+01    0.000000E+00    0.000000E+00    0.000000E+00    3.660306E-03   -1.112256E-02   -4.228662E-03    0.000000E+00    0.000000E+00    0.000000E+00
1.535000E-01    2.755592E-02    3.129572E-02   -1.178613E+01    0.000000E+00    0.000000E+00    0.000000E+00    3.495411E-03   -1.132673E-02   -4.222045E-03    0.000000E+00    0.000000E+00    0.000000E+00
1.545000E-01    2.732372E-02    3.183690E-02   -1.179226E+01    0.000000E+00    0.000000E+00    0.000000E+00    3.342086E-03   -1.152414E-02   -4.203062E-03    0.000000E+00    0.000000E+00    0.000000E+00
1.555000E-01    2.683978E-02    3.219576E-02   -1.179817E+01    0.000000E+00    0.000000E+00    0.000000E+00    3.202387E-03   -1.171524E-02   -4.200074E-03    0.000000E+00    0.000000E+00    0.000000E+00
1.565000E-01    2.637075E-02    3.254225E-02   -1.180395E+01    0.000000E+00    0.000000E+00    0.000000E+00    3.069741E-03   -1.189595E-02   -4.196931E-03    0.000000E+00    0.000000E+00    0.000000E+00
1.575000E-01    2.567011E-02    3.274406E-02   -1.180968E+01    0.000000E+00    0.000000E+00    0.000000E+00    2.941056E-03   -1.207537E-02   -4.208005E-03    0.000000E+00    0.000000E+00    0.000000E+00
1.585000E-01    2.549145E-02    3.334313E-02   -1.181521E+01    0.000000E+00    0.000000E+00    0.000000E+00    2.800846E-03   -1.225469E-02   -4.195776E-03    0.000000E+00    0.000000E+00    0.000000E+00
1.595000E-01    2.501264E-02    3.378549E-02   -1.182064E+01    0.000000E+00    0.000000E+00    0.000000E+00    2.668855E-03   -1.243695E-02   -4.189795E-03    0.000000E+00    0.000000E+00    0.000000E+00
1.605000E-01    2.452243E-02    3.421395E-02   -1.182596E+01    0.000000E+00    0.000000E+00    0.000000E+00    2.549348E-03   -1.261838E-02   -4.182872E-03    0.000000E+00    0.000000E+00    0.000000E+00
1.615000E-01    2.365621E-02    3.383064E-02   -1.183112E+01    0.000000E+00    0.000000E+00    0.000000E+00    2.444973E-03   -1.279566E-02   -4.207446E-03    0.000000E+00    0.000000E+00    0.000000E+00
1.625000E-01    2.322045E-02    3.429232E-02   -1.183625E+01    0.000000E+00    0.000000E+00    0.000000E+00    2.342335E-03   -1.296069E-02   -4.200126E-03    0.000000E+00    0.000000E+00    0.000000E+00
1.635000E-01    2.286494E-02    3.469505E-02   -1.184130E+01    0.000000E+00    0.000000E+00    0.000000E+00    2.248560E-03   -1.312031E-02   -4.189462E-03    0.000000E+00    0.000000E+00    0.000000E+00
1.645000E-01    2.243825E-02    3.513560E-02   -1.184623E+01    0.000000E+00    0.000000E+00    0.000000E+00    2.163465E-03   -1.327932E-02   -4.181966E-03    0.000000E+00    0.000000E+00    0.000000E+00
1.655000E-01    2.212281E-02    3.562186E-02   -1.185106E+01    0.000000E+00    0.000000E+00    0.000000E+00    2.081663E-03   -1.343192E-02   -4.177534E-03    0.000000E+00    0.000000E+00    0.000000E+00
1.665000E-01    2.179447E-02    3.598840E-02   -1.185581E+01    0.000000E+00    0.000000E+00    0.000000E+00    2.003226E-03   -1.358128E-02   -4.166152E-03    0.000000E+00    0.000000E+00    0.000000E+00
1.675000E-01    2.137746E-02    3.640545E-02   -1.186048E+01    0.000000E+00    0.000000E+00    0.000000E+00    1.927175E-03   -1.372914E-02   -4.161576E-03    0.000000E+00    0.000000E+00    0.000000E+00
1.685000E-01    2.094341E-02    3.686023E-02   -1.186509E+01    0.000000E+00    0.000000E+00    0.000000E+00    1.859075E-03   -1.388141E-02   -4.154901E-03    0.000000E+00    0.000000E+00    0.000000E+00
1.695000E-01    2.051259E-02    3.721769E-02   -1.186961E+01    0.000000E+00    0.000000E+00    0.000000E+00    1.800855E-03   -1.404071E-02   -4.153082E-03    0.000000E+00    0.000000E+00    0.000000E+00
1.705000E-01    2.005277E-02    3.752814E-02   -1.187407E+01    0.000000E+00    0.000000E+00    0.000000E+00    1.747961E-03   -1.420254E-02   -4.149152E-03    0.000000E+00    0.000000E+00    0.000000E+00
1.715000E-01    1.962666E-02    3.787535E-02   -1.187846E+01    0.000000E+00    0.000000E+00    0.000000E+00    1.697287E-03   -1.436247E-02   -4.147582E-03    0.000000E+00    0.000000E+00    0.000000E+00
1.725000E-01    1.928234E-02    3.820709E-02   -1.188280E+01    0.000000E+00    0.000000E+00    0.000000E+00    1.647532E-03   -1.452173E-02   -4.149786E-03    0.000000E+00    0.000000E+00    0.000000E+00
1.735000E-01    1.884651E-02    3.852763E-02   -1.188706E+01    0.000000E+00    0.000000E+00    0.000000E+00    1.603355E-03   -1.468366E-02   -4.147040E-03    0.000000E+00    0.000000E+00    0.000000E+00
1.745000E-01    1.842131E-02    3.881040E-02   -1.189127E+01    0.000000E+00    0.000000E+00    0.000000E+00    1.568482E-03   -1.484122E-02   -4.144223E-03    0.000000E+00    0.000000E+00    0.000000E+00
1.755000E-01    1.528867E-02    4.014735E-02   -1.189534E+01    0.000000E+00    0.000000E+00    0.000000E+00    8.557665E-04   -1.613886E-02   -4.745992E-03    0.000000E+00    0.000000E+00    0.000000E+00
1.765000E-01    1.482491E-02    4.028122E-02   -1.189940E+01    0.000000E+00    0.000000E+00    0.000000E+00    8.388344E-04   -1.630225E-02   -4.745582E-03    0.000000E+00    0.000000E+00    0.000000E+00
1.775000E-01    1.745267E-02    4.228613E-02   -1.190336E+01    0.000000E+00    0.000000E+00    0.000000E+00   -7.356344E-05   -1.497776E-02   -3.952711E-03    0.000000E+00    0.000000E+00    0.000000E+00
1.785000E-01    1.674870E-02    4.243920E-02   -1.190740E+01    0.000000E+00    0.000000E+00    0.000000E+00   -7.881760E-05   -1.515537E-02   -3.937159E-03    0.000000E+00    0.000000E+00    0.000000E+00
1.795000E-01    1.628841E-02    4.260525E-02   -1.191136E+01    0.000000E+00    0.000000E+00    0.000000E+00   -7.774874E-05   -1.533747E-02   -3.933850E-03    0.000000E+00    0.000000E+00    0.000000E+00
1.805000E-01    1.593778E-02    4.279562E-02   -1.191532E+01    0.000000E+00    0.000000E+00    0.000000E+00   -7.381030E-05   -1.552441E-02   -3.940792E-03    0.000000E+00    0.000000E+00    0.000000E+00
1.815000E-01    1.545320E-02    4.289840E-02   -1.191918E+01    0.000000E+00    0.000000E+00    0.000000E+00   -6.191349E-05   -1.571685E-02   -3.934473E-03    0.000000E+00    0.000000E+00    0.000000E+00
1.825000E-01    1.497510E-02    4.297427E-02   -1.192300E+01    0.000000E+00    0.000000E+00    0.000000E+00   -4.265567E-05   -1.591189E-02   -3.927536E-03    0.000000E+00    0.000000E+00    0.000000E+00
1.835000E-01    1.435840E-02    4.322986E-02   -1.192683E+01    0.000000E+00    0.000000E+00    0.000000E+00   -2.234417E-05   -1.610625E-02   -3.923640E-03    0.000000E+00    0.000000E+00    0.000000E+00
1.845000E-01    1.388683E-02    4.328920E-02   -1.193055E+01    0.000000E+00    0.000000E+00    0.000000E+00    5.576518E-06   -1.629829E-02   -3.916237E-03    0.000000E+00    0.000000E+00    0.000000E+00
1.855000E-01    1.321328E-02    4.320275E-02   -1.193427E+01    0.000000E+00    0.000000E+00    0.000000E+00    4.172661E-05   -1.649719E-02   -3.911280E-03    0.000000E+00    0.000000E+00    0.000000E+00
1.865000E-01    1.271878E-02    4.321443E-02   -1.193790E+01    0.000000E+00    0.000000E+00    0.000000E+00    8.014060E-05   -1.669378E-02   -3.902934E-03    0.000000E+00    0.000000E+00    0.000000E+00
1.875000E-01    1.222650E-02    4.321852E-02   -1.194148E+01    0.000000E+00    0.000000E+00    0.000000E+00    1.219731E-04   -1.689130E-02   -3.894809E-03    0.000000E+00    0.000000E+00    0.000000E+00
1.885000E-01    1.197971E-02    4.251446E-02   -1.194519E+01    0.000000E+00    0.000000E+00    0.000000E+00    1.758794E-04   -1.709422E-02   -3.876953E-03    0.000000E+00    0.000000E+00    0.000000E+00
1.895000E-01    1.184151E-02    4.288096E-02   -1.194879E+01    0.000000E+00    0.000000E+00    0.000000E+00    2.196100E-04   -1.729693E-02   -3.896103E-03    0.000000E+00    0.000000E+00    0.000000E+00
1.905000E-01    1.135005E-02    4.285039E-02   -1.195225E+01    0.000000E+00    0.000000E+00    0.000000E+00    2.737732E-04   -1.750572E-02   -3.889662E-03    0.000000E+00    0.000000E+00    0.000000E+00
1.915000E-01    1.085756E-02    4.263403E-02   -1.195574E+01    0.000000E+00    0.000000E+00    0.000000E+00    3.329479E-04   -1.772170E-02   -3.902065E-03    0.000000E+00    0.000000E+00    0.000000E+00
1.925000E-01    1.034274E-02    4.253002E-02   -1.195913E+01    0.000000E+00    0.000000E+00    0.000000E+00    3.937895E-04   -1.794562E-02   -3.896383E-03    0.000000E+00    0.000000E+00    0.000000E+00
1.935000E-01    8.693996E-03    4.218155E-02   -1.196245E+01    0.000000E+00    0.000000E+00    0.000000E+00    5.908581E-04   -1.872045E-02   -4.161580E-03    0.000000E+00    0.000000E+00    0.000000E+00
1.945000E-01    8.168660E-03    4.212044E-02   -1.196575E+01    0.000000E+00    0.000000E+00    0.000000E+00    6.519301E-04   -1.895256E-02   -4.159044E-03    0.000000E+00    0.000000E+00    0.000000E+00
1.955000E-01    7.627559E-03    4.206143E-02   -1.196901E+01    0.000000E+00    0.000000E+00    0.000000E+00    7.149473E-04   -1.920230E-02   -4.157625E-03    0.000000E+00    0.000000E+00    0.000000E+00
1.965000E-01    7.088474E-03    4.198540E-02   -1.197224E+01    0.000000E+00    0.000000E+00    0.000000E+00    7.815558E-04   -1.945219E-02   -4.157316E-03    0.000000E+00    0.000000E+00    0.000000E+00
1.975000E-01    5.978977E-03    4.286263E-02   -1.197541E+01    0.000000E+00    0.000000E+00    0.000000E+00    3.888767E-04   -1.998038E-02   -3.901373E-03    0.000000E+00    0.000000E+00    0.000000E+00
1.985000E-01    5.523524E-03    4.268200E-02   -1.197863E+01    0.000000E+00    0.000000E+00    0.000000E+00    4.584914E-04   -2.023423E-02   -3.906708E-03    0.000000E+00    0.000000E+00    0.000000E+00
1.995000E-01    5.813498E-03    4.238221E-02   -1.198174E+01    0.000000E+00    0.000000E+00    0.000000E+00    6.323202E-04   -2.007715E-02   -3.701050E-03    0.000000E+00    0.000000E+00    0.000000E+00
2.005000E-01    5.549640E-03    4.273570E-02   -1.198493E+01    0.000000E+00    0.000000E+00    0.000000E+00    7.000402E-04   -2.033762E-02   -3.677502E-03    0.000000E+00    0.000000E+00    0.000000E+00
2.015000E-01    4.977568E-03    4.263833E-02   -1.198799E+01    0.000000E+00    0.000000E+00    0.000000E+00    7.700216E-04   -2.060449E-02   -3.676461E-03    0.000000E+00    0.000000E+00    0.000000E+00
2.025000E-01    4.392124E-03    4.254337E-02   -1.199101E+01    0.000000E+00    0.000000E+00    0.000000E+00    8.387010E-04   -2.087742E-02   -3.674075E-03    0.000000E+00    0.000000E+00    0.000000E+00
2.035000E-01    3.887259E-03    4.244655E-02   -1.199401E+01    0.000000E+00    0.000000E+00    0.000000E+00    8.973331E-04   -2.115779E-02   -3.672941E-03    0.000000E+00    0.000000E+00    0.000000E+00
2.045000E-01    3.259919E-03    4.241260E-02   -1.199695E+01    0.000000E+00    0.000000E+00    0.000000E+00    9.430928E-04   -2.144785E-02   -3.668078E-03    0.000000E+00    0.000000E+00    0.000000E+00
2.055000E-01    2.614775E-03    4.240902E-02   -1.199986E+01    0.000000E+00    0.000000E+00    0.000000E+00    9.776379E-04   -2.174413E-02   -3.663244E-03    0.000000E+00    0.000000E+00    0.000000E+00
2.065000E-01    1.944905E-03    4.244377E-02   -1.200273E+01    0.000000E+00    0.000000E+00    0.000000E+00    9.953919E-04   -2.204706E-02   -3.658445E-03    0.000000E+00    0.000000E+00    0.000000E+00
2.075000E-01    1.436627E-03    4.203599E-02   -1.200579E+01    0.000000E+00    0.000000E+00    0.000000E+00    1.003122E-03   -2.235546E-02   -3.699858E-03    0.000000E+00    0.000000E+00    0.000000E+00
2.085000E-01    7.529727E-04    4.210052E-02   -1.200861E+01    0.000000E+00    0.000000E+00    0.000000E+00    1.012284E-03   -2.268135E-02   -3.700783E-03    0.000000E+00    0.000000E+00    0.000000E+00
2.095000E-01    1.580751E-05    4.215153E-02   -1.201140E+01    0.000000E+00    0.000000E+00    0.000000E+00    1.032392E-03   -2.301342E-02   -3.702363E-03    0.000000E+00    0.000000E+00    0.000000E+00
2.105000E-01   -9.879945E-04    4.256936E-02   -1.201407E+01    0.000000E+00    0.000000E+00    0.000000E+00    1.063959E-03   -2.334421E-02   -3.691102E-03    0.000000E+00    0.000000E+00    0.000000E+00
2.115000E-01   -1.683205E-03    4.255348E-02   -1.201679E+01    0.000000E+00    0.000000E+00    0.000000E+00    1.109923E-03   -2.366172E-02   -3.690049E-03    0.000000E+00    0.000000E+00    0.000000E+00
2.125000E-01   -1.985513E-03    4.227310E-02   -1.201954E+01    0.000000E+00    0.000000E+00    0.000000E+00    1.166715E-03   -2.396993E-02   -3.676760E-03    0.000000E+00    0.000000E+00    0.000000E+00
2.135000E-01   -2.662318E-03    4.224010E-02   -1.202219E+01    0.000000E+00    0.000000E+00    0.000000E+00    1.216109E-03   -2.428043E-02   -3.669610E-03    0.000000E+00    0.000000E+00    0.000000E+00
2.145000E-01   -3.396602E-03    4.217879E-02   -1.202482E+01    0.000000E+00    0.000000E+00    0.000000E+00    1.255527E-03   -2.459894E-02   -3.657593E-03    0.000000E+00    0.000000E+00    0.000000E+00
2.155000E-01   -4.071697E-03    4.210644E-02   -1.202743E+01    0.000000E+00    0.000000E+00    0.000000E+00    1.289240E-03   -2.492699E-02   -3.644008E-03    0.000000E+00    0.000000E+00    0.000000E+00
2.165000E-01   -4.781515E-03    4.219418E-02   -1.203000E+01    0.000000E+00    0.000000E+00    0.000000E+00    1.315813E-03   -2.526419E-02   -3.634831E-03    0.000000E+00    0.000000E+00    0.000000E+00
2.175000E-01   -5.491481E-03    4.231134E-02   -1.203254E+01    0.000000E+00    0.000000E+00    0.000000E+00    1.332493E-03   -2.560386E-02   -3.627774E-03    0.000000E+00    0.000000E+00    0.000000E+00
2.185000E-01   -6.200601E-03    4.243717E-02   -1.203505E+01    0.000000E+00    0.000000E+00    0.000000E+00    1.344339E-03   -2.594265E-02   -3.622306E-03    0.000000E+00    0.000000E+00    0.000000E+00
2.195000E-01   -7.110063E-03    4.271757E-02   -1.203757E+01    0.000000E+00    0.000000E+00    0.000000E+00    1.351021E-03   -2.628593E-02   -3.604950E-03    0.000000E+00    0.000000E+00    0.000000E+00
2.205000E-01   -7.852905E-03    4.286763E-02   -1.204002E+01    0.000000E+00    0.000000E+00    0.000000E+00    1.354855E-03   -2.663781E-02   -3.598692E-03    0.000000E+00    0.000000E+00    0.000000E+00
2.215000E-01   -8.628005E-03    4.305210E-02   -1.204244E+01    0.000000E+00    0.000000E+00    0.000000E+00    1.346715E-03   -2.700154E-02   -3.590760E-03    0.000000E+00    0.000000E+00    0.000000E+00
2.225000E-01   -9.230350E-03    4.355349E-02   -1.204490E+01    0.000000E+00    0.000000E+00    0.000000E+00    1.322852E-03   -2.736579E-02   -3.569852E-03    0.000000E+00    0.000000E+00    0.000000E+00
2.235000E-01   -9.987592E-03    4.381480E-02   -1.204726E+01    0.000000E+00    0.000000E+00    0.000000E+00    1.284521E-03   -2.772472E-02   -3.561119E-03    0.000000E+00    0.000000E+00    0.000000E+00
2.245000E-01   -1.073695E-02    4.410316E-02   -1.204959E+01    0.000000E+00    0.000000E+00    0.000000E+00    1.232243E-03   -2.808060E-02   -3.553875E-03    0.000000E+00    0.000000E+00    0.000000E+00
2.255000E-01   -1.151974E-02    4.441656E-02   -1.205190E+01    0.000000E+00    0.000000E+00    0.000000E+00    1.173439E-03   -2.844735E-02   -3.546229E-03    0.000000E+00    0.000000E+00    0.000000E+00
2.265000E-01   -1.248593E-02    4.480120E-02   -1.205422E+01    0.000000E+00    0.000000E+00    0.000000E+00    1.107933E-03   -2.882838E-02   -3.542520E-03    0.000000E+00    0.000000E+00    0.000000E+00
2.275000E-01   -1.329329E-02    4.518798E-02   -1.205648E+01    0.000000E+00    0.000000E+00    0.000000E+00    1.030445E-03   -2.920977E-02   -3.532899E-03    0.000000E+00    0.000000E+00    0.000000E+00
2.285000E-01   -1.378136E-02    4.513880E-02   -1.205881E+01    0.000000E+00    0.000000E+00    0.000000E+00    9.417989E-04   -2.958989E-02   -3.538365E-03    0.000000E+00    0.000000E+00    0.000000E+00
2.295000E-01   -1.459960E-02    4.556974E-02   -1.206102E+01    0.000000E+00    0.000000E+00    0.000000E+00    8.419008E-04   -2.998119E-02   -3.529955E-03    0.000000E+00    0.000000E+00    0.000000E+00
2.305000E-01   -1.540930E-02    4.602137E-02   -1.206320E+01    0.000000E+00    0.000000E+00    0.000000E+00    7.344912E-04   -3.036992E-02   -3.521746E-03    0.000000E+00    0.000000E+00    0.000000E+00
2.315000E-01   -1.620716E-02    4.649407E-02   -1.206535E+01    0.000000E+00    0.000000E+00    0.000000E+00    6.188487E-04   -3.075273E-02   -3.513611E-03    0.000000E+00    0.000000E+00    0.000000E+00
2.325000E-01   -1.703791E-02    4.689884E-02   -1.206748E+01    0.000000E+00    0.000000E+00    0.000000E+00    4.936416E-04   -3.113808E-02   -3.507846E-03    0.000000E+00    0.000000E+00    0.000000E+00
2.335000E-01   -1.784996E-02    4.743164E-02   -1.206959E+01    0.000000E+00    0.000000E+00    0.000000E+00    3.547652E-04   -3.152742E-02   -3.498314E-03    0.000000E+00    0.000000E+00    0.000000E+00
2.345000E-01   -1.873291E-02    4.786459E-02   -1.207167E+01    0.000000E+00    0.000000E+00    0.000000E+00    2.108114E-04   -3.192017E-02   -3.484572E-03    0.000000E+00    0.000000E+00    0.000000E+00
2.355000E-01   -1.954434E-02    4.843801E-02   -1.207372E+01    0.000000E+00    0.000000E+00    0.000000E+00    5.934179E-05   -3.231099E-02   -3.475194E-03    0.000000E+00    0.000000E+00    0.000000E+00
2.365000E-01   -2.043198E-02    4.913223E-02   -1.207577E+01    0.000000E+00    0.000000E+00    0.000000E+00   -9.714681E-05   -3.270511E-02   -3.470393E-03    0.000000E+00    0.000000E+00    0.000000E+00
2.375000E-01   -2.127132E-02    4.973689E-02   -1.207777E+01    0.000000E+00    0.000000E+00    0.000000E+00   -2.581409E-04   -3.310511E-02   -3.460857E-03    0.000000E+00    0.000000E+00    0.000000E+00
2.385000E-01   -2.212939E-02    5.035705E-02   -1.207975E+01    0.000000E+00    0.000000E+00    0.000000E+00   -4.243457E-04   -3.351209E-02   -3.451223E-03    0.000000E+00    0.000000E+00    0.000000E+00
2.395000E-01   -2.297948E-02    5.094223E-02   -1.208172E+01    0.000000E+00    0.000000E+00    0.000000E+00   -5.954613E-04   -3.392137E-02   -3.440237E-03    0.000000E+00    0.000000E+00    0.000000E+00
2.405000E-01   -2.383341E-02    5.159217E-02   -1.208366E+01    0.000000E+00    0.000000E+00    0.000000E+00   -7.748123E-04   -3.432801E-02   -3.430942E-03    0.000000E+00    0.000000E+00    0.000000E+00
2.415000E-01   -2.468278E-02    5.226467E-02   -1.208558E+01    0.000000E+00    0.000000E+00    0.000000E+00   -9.702742E-04   -3.472577E-02   -3.421630E-03    0.000000E+00    0.000000E+00    0.000000E+00
2.425000E-01   -2.551068E-02    5.295951E-02   -1.208752E+01    0.000000E+00    0.000000E+00    0.000000E+00   -1.203532E-03   -3.509005E-02   -3.415379E-03    0.000000E+00    0.000000E+00    0.000000E+00
2.435000E-01   -2.633657E-02    5.352754E-02   -1.208937E+01    0.000000E+00    0.000000E+00    0.000000E+00   -1.326770E-03   -3.551916E-02   -3.406239E-03    0.000000E+00    0.000000E+00    0.000000E+00
2.445000E-01   -2.723423E-02    5.441422E-02   -1.209118E+01    0.000000E+00    0.000000E+00    0.000000E+00   -1.508578E-03   -3.596699E-02   -3.390852E-03    0.000000E+00    0.000000E+00    0.000000E+00
2.455000E-01   -2.807696E-02    5.547843E-02   -1.209298E+01    0.000000E+00    0.000000E+00    0.000000E+00   -1.830331E-03   -3.638180E-02   -3.370874E-03    0.000000E+00    0.000000E+00    0.000000E+00
2.465000E-01   -2.891595E-02    5.645088E-02   -1.209477E+01    0.000000E+00    0.000000E+00    0.000000E+00   -2.128154E-03   -3.678258E-02   -3.361080E-03    0.000000E+00    0.000000E+00    0.000000E+00
2.475000E-01   -2.973199E-02    5.719321E-02   -1.209655E+01    0.000000E+00    0.000000E+00    0.000000E+00   -2.326377E-03   -3.718648E-02   -3.356841E-03    0.000000E+00    0.000000E+00    0.000000E+00
2.485000E-01   -3.055992E-02    5.792027E-02   -1.209832E+01    0.000000E+00    0.000000E+00    0.000000E+00   -2.511170E-03   -3.759934E-02   -3.349027E-03    0.000000E+00    0.000000E+00    0.000000E+00
2.495000E-01   -3.145447E-02    5.875353E-02   -1.210007E+01    0.000000E+00    0.000000E+00    0.000000E+00   -2.737672E-03   -3.803062E-02   -3.336008E-03    0.000000E+00    0.000000E+00    0.000000E+00
2.505000E-01   -3.241066E-02    5.962479E-02   -1.210180E+01    0.000000E+00    0.000000E+00    0.000000E+00   -2.980048E-03   -3.847938E-02   -3.321721E-03    0.000000E+00    0.000000E+00    0.000000E+00
2.515000E-01   -3.337617E-02    6.047198E-02   -1.210351E+01    0.000000E+00    0.000000E+00    0.000000E+00   -3.212075E-03   -3.893198E-02   -3.309099E-03    0.000000E+00    0.000000E+00    0.000000E+00
2.525000E-01   -3.432496E-02    6.131316E-02   -1.210521E+01    0.000000E+00    0.000000E+00    0.000000E+00   -3.440963E-03   -3.937996E-02   -3.298675E-03    0.000000E+00    0.000000E+00    0.000000E+00
2.535000E-01   -3.527100E-02    6.217837E-02   -1.210688E+01    0.000000E+00    0.000000E+00    0.000000E+00   -3.678600E-03   -3.982727E-02   -3.290137E-03    0.000000E+00    0.000000E+00    0.000000E+00
2.545000E-01   -3.623022E-02    6.307235E-02   -1.210853E+01    0.000000E+00    0.000000E+00    0.000000E+00   -3.925398E-03   -4.028033E-02   -3.282417E-03    0.000000E+00    0.000000E+00    0.000000E+00
2.555000E-01   -3.720397E-02    6.399595E-02   -1.211016E+01    0.000000E+00    0.000000E+00    0.000000E+00   -4.180258E-03   -4.074112E-02   -3.273769E-03    0.000000E+00    0.000000E+00    0.000000E+00
2.565000E-01   -3.762042E-02    6.398521E-02   -1.211180E+01    0.000000E+00    0.000000E+00    0.000000E+00   -3.977829E-03   -4.092782E-02   -3.520170E-03    0.000000E+00    0.000000E+00    0.000000E+00
2.575000E-01   -3.861729E-02    6.498408E-02   -1.211341E+01    0.000000E+00    0.000000E+00    0.000000E+00   -4.253453E-03   -4.140199E-02   -3.508686E-03    0.000000E+00    0.000000E+00    0.000000E+00
2.585000E-01   -3.960927E-02    6.602581E-02   -1.211499E+01    0.000000E+00    0.000000E+00    0.000000E+00   -4.541947E-03   -4.187619E-02   -3.496846E-03    0.000000E+00    0.000000E+00    0.000000E+00
2.595000E-01   -4.058678E-02    6.708761E-02   -1.211655E+01    0.000000E+00    0.000000E+00    0.000000E+00   -4.837855E-03   -4.234590E-02   -3.485620E-03    0.000000E+00    0.000000E+00    0.000000E+00
2.605000E-01   -4.155281E-02    6.816142E-02   -1.211810E+01    0.000000E+00    0.000000E+00    0.000000E+00   -5.137754E-03   -4.281301E-02   -3.475285E-03    0.000000E+00    0.000000E+00    0.000000E+00
2.615000E-01   -4.251417E-02    6.926261E-02   -1.211963E+01    0.000000E+00    0.000000E+00    0.000000E+00   -5.442120E-03   -4.328037E-02   -3.465543E-03    0.000000E+00    0.000000E+00    0.000000E+00
2.625000E-01   -4.348365E-02    7.037412E-02   -1.212114E+01    0.000000E+00    0.000000E+00    0.000000E+00   -5.752849E-03   -4.374956E-02   -3.455215E-03    0.000000E+00    0.000000E+00    0.000000E+00
2.635000E-01   -4.446385E-02    7.150528E-02   -1.212264E+01    0.000000E+00    0.000000E+00    0.000000E+00   -6.070452E-03   -4.422275E-02   -3.444971E-03    0.000000E+00    0.000000E+00    0.000000E+00
2.645000E-01   -4.545180E-02    7.265117E-02   -1.212411E+01    0.000000E+00    0.000000E+00    0.000000E+00   -6.392740E-03   -4.470000E-02   -3.435209E-03    0.000000E+00    0.000000E+00    0.000000E+00
2.655000E-01   -4.644313E-02    7.380933E-02   -1.212557E+01    0.000000E+00    0.000000E+00    0.000000E+00   -6.717995E-03   -4.517930E-02   -3.425707E-03    0.000000E+00    0.000000E+00    0.000000E+00
2.665000E-01   -4.744334E-02    7.498517E-02   -1.212702E+01    0.000000E+00    0.000000E+00    0.000000E+00   -7.048940E-03   -4.566214E-02   -3.415973E-03    0.000000E+00    0.000000E+00    0.000000E+00
2.675000E-01   -4.844743E-02    7.617553E-02   -1.212844E+01    0.000000E+00    0.000000E+00    0.000000E+00   -7.386209E-03   -4.614700E-02   -3.406621E-03    0.000000E+00    0.000000E+00    0.000000E+00
2.685000E-01   -4.944634E-02    7.737203E-02   -1.212986E+01    0.000000E+00    0.000000E+00    0.000000E+00   -7.727563E-03   -4.663141E-02   -3.398376E-03    0.000000E+00    0.000000E+00    0.000000E+00
2.695000E-01   -5.044871E-02    7.857571E-02   -1.213126E+01    0.000000E+00    0.000000E+00    0.000000E+00   -8.069094E-03   -4.711525E-02   -3.390721E-03    0.000000E+00    0.000000E+00    0.000000E+00
2.705000E-01   -5.146740E-02    7.979884E-02   -1.213264E+01    0.000000E+00    0.000000E+00    0.000000E+00   -8.412421E-03   -4.760229E-02   -3.382738E-03    0.000000E+00    0.000000E+00    0.000000E+00
2.715000E-01   -5.266239E-02    8.100288E-02   -1.213402E+01    0.000000E+00    0.000000E+00    0.000000E+00   -8.764102E-03   -4.810014E-02   -3.369548E-03    0.000000E+00    0.000000E+00    0.000000E+00
2.725000E-01   -5.369314E-02    8.226588E-02   -1.213538E+01    0.000000E+00    0.000000E+00    0.000000E+00   -9.123724E-03   -4.859706E-02   -3.361754E-03    0.000000E+00    0.000000E+00    0.000000E+00
2.735000E-01   -5.481767E-02    8.308658E-02   -1.213681E+01    0.000000E+00    0.000000E+00    0.000000E+00   -9.482334E-03   -4.909230E-02   -3.370546E-03    0.000000E+00    0.000000E+00    0.000000E+00
2.745000E-01   -5.544611E-02    8.449135E-02   -1.213817E+01    0.000000E+00    0.000000E+00    0.000000E+00   -9.852704E-03   -4.958775E-02   -3.353248E-03    0.000000E+00    0.000000E+00    0.000000E+00
2.755000E-01   -5.650642E-02    8.579527E-02   -1.213949E+01    0.000000E+00    0.000000E+00    0.000000E+00   -1.023019E-02   -5.009159E-02   -3.345075E-03    0.000000E+00    0.000000E+00    0.000000E+00
2.765000E-01   -5.757286E-02    8.711088E-02   -1.214079E+01    0.000000E+00    0.000000E+00    0.000000E+00   -1.061320E-02   -5.059897E-02   -3.336380E-03    0.000000E+00    0.000000E+00    0.000000E+00
2.775000E-01   -5.864818E-02    8.843396E-02   -1.214208E+01    0.000000E+00    0.000000E+00    0.000000E+00   -1.099974E-02   -5.111155E-02   -3.327479E-03    0.000000E+00    0.000000E+00    0.000000E+00
2.785000E-01   -5.973518E-02    8.976324E-02   -1.214335E+01    0.000000E+00    0.000000E+00    0.000000E+00   -1.138931E-02   -5.162932E-02   -3.318601E-03    0.000000E+00    0.000000E+00    0.000000E+00
2.795000E-01   -6.082712E-02    9.110027E-02   -1.214461E+01    0.000000E+00    0.000000E+00    0.000000E+00   -1.178189E-02   -5.214903E-02   -3.309659E-03    0.000000E+00    0.000000E+00    0.000000E+00
2.805000E-01   -6.192149E-02    9.244654E-02   -1.214586E+01    0.000000E+00    0.000000E+00    0.000000E+00   -1.217794E-02   -5.266998E-02   -3.300477E-03    0.000000E+00    0.000000E+00    0.000000E+00
2.815000E-01   -6.302294E-02    9.379964E-02   -1.214710E+01    0.000000E+00    0.000000E+00    0.000000E+00   -1.257760E-02   -5.319344E-02   -3.291197E-03    0.000000E+00    0.000000E+00    0.000000E+00
2.825000E-01   -6.412759E-02    9.514284E-02   -1.214832E+01    0.000000E+00    0.000000E+00    0.000000E+00   -1.297752E-02   -5.371913E-02   -3.282576E-03    0.000000E+00    0.000000E+00    0.000000E+00
2.835000E-01   -6.523422E-02    9.647126E-02   -1.214953E+01    0.000000E+00    0.000000E+00    0.000000E+00   -1.337406E-02   -5.424795E-02   -3.274542E-03    0.000000E+00    0.000000E+00    0.000000E+00
2.845000E-01   -6.635711E-02    9.779688E-02   -1.215073E+01    0.000000E+00    0.000000E+00    0.000000E+00   -1.377044E-02   -5.478260E-02   -3.265439E-03    0.000000E+00    0.000000E+00    0.000000E+00
2.855000E-01   -6.750056E-02    9.912338E-02   -1.215192E+01    0.000000E+00    0.000000E+00    0.000000E+00   -1.417057E-02   -5.532418E-02   -3.254499E-03    0.000000E+00    0.000000E+00    0.000000E+00
2.865000E-01   -6.865648E-02    1.004534E-01   -1.215310E+01    0.000000E+00    0.000000E+00    0.000000E+00   -1.457404E-02   -5.587113E-02   -3.242554E-03    0.000000E+00    0.000000E+00    0.000000E+00
2.875000E-01   -6.982304E-02    1.017708E-01   -1.215428E+01    0.000000E+00    0.000000E+00    0.000000E+00   -1.497372E-02   -5.642237E-02   -3.231544E-03    0.000000E+00    0.000000E+00    0.000000E+00
2.885000E-01   -7.099868E-02    1.030729E-01   -1.215544E+01    0.000000E+00    0.000000E+00    0.000000E+00   -1.537257E-02   -5.697702E-02   -3.222320E-03    0.000000E+00    0.000000E+00    0.000000E+00
2.895000E-01   -7.218642E-02    1.043851E-01   -1.215658E+01    0.000000E+00    0.000000E+00    0.000000E+00   -1.577797E-02   -5.753654E-02   -3.213400E-03    0.000000E+00    0.000000E+00    0.000000E+00
2.905000E-01   -7.339912E-02    1.057122E-01   -1.215772E+01    0.000000E+00    0.000000E+00    0.000000E+00   -1.618908E-02   -5.810494E-02   -3.203953E-03    0.000000E+00    0.000000E+00    0.000000E+00
2.915000E-01   -7.463120E-02    1.070380E-01   -1.215885E+01    0.000000E+00    0.000000E+00    0.000000E+00   -1.660169E-02   -5.868007E-02   -3.194812E-03    0.000000E+00    0.000000E+00    0.000000E+00
2.925000E-01   -7.585928E-02    1.083546E-01   -1.215997E+01    0.000000E+00    0.000000E+00    0.000000E+00   -1.701470E-02   -5.925853E-02   -3.186465E-03    0.000000E+00    0.000000E+00    0.000000E+00
2.935000E-01   -7.707990E-02    1.096653E-01   -1.216109E+01    0.000000E+00    0.000000E+00    0.000000E+00   -1.742886E-02   -5.983946E-02   -3.178353E-03    0.000000E+00    0.000000E+00    0.000000E+00
2.945000E-01   -7.830691E-02    1.109722E-01   -1.216221E+01    0.000000E+00    0.000000E+00    0.000000E+00   -1.784495E-02   -6.042295E-02   -3.170041E-03    0.000000E+00    0.000000E+00    0.000000E+00
2.955000E-01   -7.954807E-02    1.122705E-01   -1.216332E+01    0.000000E+00    0.000000E+00    0.000000E+00   -1.826256E-02   -6.100996E-02   -3.161595E-03    0.000000E+00    0.000000E+00    0.000000E+00
2.965000E-01   -8.079654E-02    1.135530E-01   -1.216442E+01    0.000000E+00    0.000000E+00    0.000000E+00   -1.867886E-02   -6.159926E-02   -3.152880E-03    0.000000E+00    0.000000E+00    0.000000E+00
2.975000E-01   -8.205106E-02    1.148250E-01   -1.216551E+01    0.000000E+00    0.000000E+00    0.000000E+00   -1.909536E-02   -6.219233E-02   -3.143764E-03    0.000000E+00    0.000000E+00    0.000000E+00
2.985000E-01   -8.331109E-02    1.160895E-01   -1.216660E+01    0.000000E+00    0.000000E+00    0.000000E+00   -1.951255E-02   -6.278994E-02   -3.134037E-03    0.000000E+00    0.000000E+00    0.000000E+00
2.995000E-01   -8.457591E-02    1.173455E-01   -1.216768E+01    0.000000E+00    0.000000E+00    0.000000E+00   -1.992990E-02   -6.338868E-02   -3.123680E-03    0.000000E+00    0.000000E+00    0.000000E+00
3.005000E-01   -8.590214E-02    1.186271E-01   -1.216878E+01    0.000000E+00    0.000000E+00    0.000000E+00   -2.034554E-02   -6.398654E-02   -3.109860E-03    0.000000E+00    0.000000E+00    0.000000E+00
3.015000E-01   -8.715847E-02    1.198408E-01   -1.216985E+01    0.000000E+00    0.000000E+00    0.000000E+00   -2.075863E-02   -6.458630E-02   -3.099815E-03    0.000000E+00    0.000000E+00    0.000000E+00
3.025000E-01   -8.929448E-02    1.212669E-01   -1.217093E+01    0.000000E+00    0.000000E+00    0.000000E+00   -2.127648E-02   -6.561264E-02   -3.294367E-03    0.000000E+00    0.000000E+00    0.000000E+00
3.035000E-01   -9.057493E-02    1.224579E-01   -1.217199E+01    0.000000E+00    0.000000E+00    0.000000E+00   -2.169071E-02   -6.622191E-02   -3.283803E-03    0.000000E+00    0.000000E+00    0.000000E+00
3.045000E-01   -9.185885E-02    1.236319E-01   -1.217304E+01    0.000000E+00    0.000000E+00    0.000000E+00   -2.210414E-02   -6.683257E-02   -3.272819E-03    0.000000E+00    0.000000E+00    0.000000E+00
3.055000E-01   -9.314215E-02    1.247895E-01   -1.217409E+01    0.000000E+00    0.000000E+00    0.000000E+00   -2.251793E-02   -6.744327E-02   -3.260653E-03    0.000000E+00    0.000000E+00    0.000000E+00
3.065000E-01   -9.442239E-02    1.259442E-01   -1.217513E+01    0.000000E+00    0.000000E+00    0.000000E+00   -2.293428E-02   -6.805711E-02   -3.247830E-03    0.000000E+00    0.000000E+00    0.000000E+00
3.075000E-01   -9.571608E-02    1.270809E-01   -1.217616E+01    0.000000E+00    0.000000E+00    0.000000E+00   -2.334967E-02   -6.867412E-02   -3.234722E-03    0.000000E+00    0.000000E+00    0.000000E+00
3.085000E-01   -9.683818E-02    1.285145E-01   -1.217721E+01    0.000000E+00    0.000000E+00    0.000000E+00   -2.376563E-02   -6.928936E-02   -3.214065E-03    0.000000E+00    0.000000E+00    0.000000E+00
3.095000E-01   -9.810558E-02    1.297536E-01   -1.217825E+01    0.000000E+00    0.000000E+00    0.000000E+00   -2.418062E-02   -6.990421E-02   -3.205357E-03    0.000000E+00    0.000000E+00    0.000000E+00
3.105000E-01   -9.942549E-02    1.308510E-01   -1.217927E+01    0.000000E+00    0.000000E+00    0.000000E+00   -2.459349E-02   -7.052119E-02   -3.192834E-03    0.000000E+00    0.000000E+00    0.000000E+00
3.115000E-01   -1.007584E-01    1.319348E-01   -1.218028E+01    0.000000E+00    0.000000E+00    0.000000E+00   -2.500508E-02   -7.114352E-02   -3.180339E-03    0.000000E+00    0.000000E+00    0.000000E+00
3.125000E-01   -1.020962E-01    1.330062E-01   -1.218129E+01    0.000000E+00    0.000000E+00    0.000000E+00   -2.541498E-02   -7.176924E-02   -3.168266E-03    0.000000E+00    0.000000E+00    0.000000E+00
3.135000E-01   -1.034371E-01    1.340680E-01   -1.218230E+01    0.000000E+00    0.000000E+00    0.000000E+00   -2.582487E-02   -7.239596E-02   -3.156530E-03    0.000000E+00    0.000000E+00    0.000000E+00
3.145000E-01   -1.047811E-01    1.351193E-01   -1.218330E+01    0.000000E+00    0.000000E+00    0.000000E+00   -2.623491E-02   -7.302341E-02   -3.144926E-03    0.000000E+00    0.000000E+00    0.000000E+00
3.155000E-01   -1.049964E-01    1.364530E-01   -1.218432E+01    0.000000E+00    0.000000E+00    0.000000E+00   -2.678101E-02   -7.310181E-02   -2.866468E-03    0.000000E+00    0.000000E+00    0.000000E+00
3.165000E-01   -1.063511E-01    1.374828E-01   -1.218531E+01    0.000000E+00    0.000000E+00    0.000000E+00   -2.719096E-02   -7.373272E-02   -2.855134E-03    0.000000E+00    0.000000E+00    0.000000E+00
3.175000E-01   -1.077209E-01    1.385053E-01   -1.218630E+01    0.000000E+00    0.000000E+00    0.000000E+00   -2.760151E-02   -7.436740E-02   -2.843981E-03    0.000000E+00    0.000000E+00    0.000000E+00
3.185000E-01   -1.091015E-01    1.395185E-01   -1.218728E+01    0.000000E+00    0.000000E+00    0.000000E+00   -2.801263E-02   -7.500501E-02   -2.832680E-03    0.000000E+00    0.000000E+00    0.000000E+00
3.195000E-01   -1.104885E-01    1.405201E-01   -1.218826E+01    0.000000E+00    0.000000E+00    0.000000E+00   -2.842387E-02   -7.564467E-02   -2.820890E-03    0.000000E+00    0.000000E+00    0.000000E+00
3.205000E-01   -1.118841E-01    1.415122E-01   -1.218923E+01    0.000000E+00    0.000000E+00    0.000000E+00   -2.883501E-02   -7.628668E-02   -2.808650E-03    0.000000E+00    0.000000E+00    0.000000E+00
3.215000E-01   -1.132886E-01    1.424937E-01   -1.219020E+01    0.000000E+00    0.000000E+00    0.000000E+00   -2.924596E-02   -7.693113E-02   -2.796059E-03    0.000000E+00    0.000000E+00    0.000000E+00
3.225000E-01   -1.147060E-01    1.434647E-01   -1.219116E+01    0.000000E+00    0.000000E+00    0.000000E+00   -2.965755E-02   -7.757939E-02   -2.783213E-03    0.000000E+00    0.000000E+00    0.000000E+00
3.235000E-01   -1.161416E-01    1.444233E-01   -1.219212E+01    0.000000E+00    0.000000E+00    0.000000E+00   -3.006883E-02   -7.823192E-02   -2.770153E-03    0.000000E+00    0.000000E+00    0.000000E+00
3.245000E-01   -1.175944E-01    1.453667E-01   -1.219308E+01    0.000000E+00    0.000000E+00    0.000000E+00   -3.047857E-02   -7.888889E-02   -2.756855E-03    0.000000E+00    0.000000E+00    0.000000E+00
3.255000E-01   -1.190406E-01    1.462939E-01   -1.219403E+01    0.000000E+00    0.000000E+00    0.000000E+00   -3.088645E-02   -7.954789E-02   -2.744392E-03    0.000000E+00    0.000000E+00    0.000000E+00
3.265000E-01   -1.204768E-01    1.472090E-01   -1.219498E+01    0.000000E+00    0.000000E+00    0.000000E+00   -3.129156E-02   -8.020559E-02   -2.733531E-03    0.000000E+00    0.000000E+00    0.000000E+00
3.275000E-01   -1.219216E-01    1.481206E-01   -1.219592E+01    0.000000E+00    0.000000E+00    0.000000E+00   -3.169602E-02   -8.086306E-02   -2.723887E-03    0.000000E+00    0.000000E+00    0.000000E+00
3.285000E-01   -1.235125E-01    1.491015E-01   -1.219687E+01    0.000000E+00    0.000000E+00    0.000000E+00   -3.210365E-02   -8.152540E-02   -2.710470E-03    0.000000E+00    0.000000E+00    0.000000E+00
3.295000E-01   -1.249861E-01    1.499982E-01   -1.219781E+01    0.000000E+00    0.000000E+00    0.000000E+00   -3.250862E-02   -8.218763E-02   -2.700826E-03    0.000000E+00    0.000000E+00    0.000000E+00
3.305000E-01   -1.264641E-01    1.508781E-01   -1.219875E+01    0.000000E+00    0.000000E+00    0.000000E+00   -3.291063E-02   -8.285142E-02   -2.690745E-03    0.000000E+00    0.000000E+00    0.000000E+00
3.315000E-01   -1.279461E-01    1.517464E-01   -1.219968E+01    0.000000E+00    0.000000E+00    0.000000E+00   -3.331050E-02   -8.351691E-02   -2.680418E-03    0.000000E+00    0.000000E+00    0.000000E+00
3.325000E-01   -1.294331E-01    1.526037E-01   -1.220060E+01    0.000000E+00    0.000000E+00    0.000000E+00   -3.370814E-02   -8.418368E-02   -2.669649E-03    0.000000E+00    0.000000E+00    0.000000E+00
3.335000E-01   -1.309241E-01    1.534517E-01   -1.220152E+01    0.000000E+00    0.000000E+00    0.000000E+00   -3.410441E-02   -8.485123E-02   -2.658497E-03    0.000000E+00    0.000000E+00    0.000000E+00
3.345000E-01   -1.324260E-01    1.542835E-01   -1.220243E+01    0.000000E+00    0.000000E+00    0.000000E+00   -3.449457E-02   -8.552427E-02   -2.647064E-03    0.000000E+00    0.000000E+00    0.000000E+00
3.355000E-01   -1.339364E-01    1.551009E-01   -1.220335E+01    0.000000E+00    0.000000E+00    0.000000E+00   -3.487776E-02   -8.620238E-02   -2.635156E-03    0.000000E+00    0.000000E+00    0.000000E+00
3.365000E-01   -1.353240E-01    1.559797E-01   -1.220427E+01    0.000000E+00    0.000000E+00    0.000000E+00   -3.526145E-02   -8.687670E-02   -2.626549E-03    0.000000E+00    0.000000E+00    0.000000E+00
3.375000E-01   -1.368354E-01    1.567850E-01   -1.220518E+01    0.000000E+00    0.000000E+00    0.000000E+00   -3.564477E-02   -8.755262E-02   -2.613766E-03    0.000000E+00    0.000000E+00    0.000000E+00
3.385000E-01   -1.383539E-01    1.575806E-01   -1.220608E+01    0.000000E+00    0.000000E+00    0.000000E+00   -3.602736E-02   -8.823013E-02   -2.600655E-03    0.000000E+00    0.000000E+00    0.000000E+00
3.395000E-01   -1.403737E-01    1.584566E-01   -1.220707E+01    0.000000E+00    0.000000E+00    0.000000E+00   -3.640663E-02   -8.891182E-02   -2.600318E-03    0.000000E+00    0.000000E+00    0.000000E+00
3.405000E-01   -1.419046E-01    1.592430E-01   -1.220797E+01    0.000000E+00    0.000000E+00    0.000000E+00   -3.678894E-02   -8.959238E-02   -2.586266E-03    0.000000E+00    0.000000E+00    0.000000E+00
3.415000E-01   -1.434472E-01    1.600374E-01   -1.220887E+01    0.000000E+00    0.000000E+00    0.000000E+00   -3.717946E-02   -9.027747E-02   -2.570723E-03    0.000000E+00    0.000000E+00    0.000000E+00
3.425000E-01   -1.449908E-01    1.608268E-01   -1.220976E+01    0.000000E+00    0.000000E+00    0.000000E+00   -3.756153E-02   -9.095981E-02   -2.555992E-03    0.000000E+00    0.000000E+00    0.000000E+00
3.435000E-01   -1.442439E-01    1.602521E-01   -1.221072E+01    0.000000E+00    0.000000E+00    0.000000E+00   -3.725683E-02   -9.051996E-02   -1.951305E-03    0.000000E+00    0.000000E+00    0.000000E+00
3.445000E-01   -1.457772E-01    1.610241E-01   -1.221161E+01    0.000000E+00    0.000000E+00    0.000000E+00   -3.763535E-02   -9.119944E-02   -1.938112E-03    0.000000E+00    0.000000E+00    0.000000E+00
3.455000E-01   -1.473224E-01    1.618052E-01   -1.221250E+01    0.000000E+00    0.000000E+00    0.000000E+00   -3.802043E-02   -9.188362E-02   -1.924218E-03    0.000000E+00    0.000000E+00    0.000000E+00
3.465000E-01   -1.488768E-01    1.625903E-01   -1.221338E+01    0.000000E+00    0.000000E+00    0.000000E+00   -3.840440E-02   -9.256972E-02   -1.909573E-03    0.000000E+00    0.000000E+00    0.000000E+00
3.475000E-01   -1.504405E-01    1.633776E-01   -1.221426E+01    0.000000E+00    0.000000E+00    0.000000E+00   -3.878756E-02   -9.325856E-02   -1.894252E-03    0.000000E+00    0.000000E+00    0.000000E+00
3.485000E-01   -1.551229E-01    1.623676E-01   -1.221523E+01    0.000000E+00    0.000000E+00    0.000000E+00   -3.827841E-02   -9.543253E-02   -2.658508E-03    0.000000E+00    0.000000E+00    0.000000E+00
3.495000E-01   -1.567178E-01    1.631539E-01   -1.221610E+01    0.000000E+00    0.000000E+00    0.000000E+00   -3.866324E-02   -9.613359E-02   -2.643900E-03    0.000000E+00    0.000000E+00    0.000000E+00
3.505000E-01   -1.583211E-01    1.639424E-01   -1.221697E+01    0.000000E+00    0.000000E+00    0.000000E+00   -3.904927E-02   -9.683701E-02   -2.630783E-03    0.000000E+00    0.000000E+00    0.000000E+00
3.515000E-01   -1.599298E-01    1.647307E-01   -1.221783E+01    0.000000E+00    0.000000E+00    0.000000E+00   -3.943454E-02   -9.754065E-02   -2.617989E-03    0.000000E+00    0.000000E+00    0.000000E+00
3.525000E-01   -1.618521E-01    1.655990E-01   -1.221871E+01    0.000000E+00    0.000000E+00    0.000000E+00   -3.981548E-02   -9.824861E-02   -2.610934E-03    0.000000E+00    0.000000E+00    0.000000E+00
3.535000E-01   -1.634758E-01    1.664111E-01   -1.221957E+01    0.000000E+00    0.000000E+00    0.000000E+00   -4.020949E-02   -9.895901E-02   -2.596705E-03    0.000000E+00    0.000000E+00    0.000000E+00
3.545000E-01   -1.650971E-01    1.672380E-01   -1.222043E+01    0.000000E+00    0.000000E+00    0.000000E+00   -4.061698E-02   -9.967489E-02   -2.582285E-03    0.000000E+00    0.000000E+00    0.000000E+00
3.555000E-01   -1.667410E-01    1.680510E-01   -1.222128E+01    0.000000E+00    0.000000E+00    0.000000E+00   -4.102447E-02   -1.004023E-01   -2.569049E-03    0.000000E+00    0.000000E+00    0.000000E+00
3.565000E-01   -1.684141E-01    1.688555E-01   -1.222213E+01    0.000000E+00    0.000000E+00    0.000000E+00   -4.142516E-02   -1.011391E-01   -2.557346E-03    0.000000E+00    0.000000E+00    0.000000E+00
3.575000E-01   -1.700849E-01    1.696767E-01   -1.222298E+01    0.000000E+00    0.000000E+00    0.000000E+00   -4.182911E-02   -1.018753E-01   -2.545245E-03    0.000000E+00    0.000000E+00    0.000000E+00
3.585000E-01   -1.717479E-01    1.705178E-01   -1.222383E+01    0.000000E+00    0.000000E+00    0.000000E+00   -4.224128E-02   -1.026102E-01   -2.532098E-03    0.000000E+00    0.000000E+00    0.000000E+00
3.595000E-01   -1.734090E-01    1.713576E-01   -1.222466E+01    0.000000E+00    0.000000E+00    0.000000E+00   -4.265365E-02   -1.033463E-01   -2.518251E-03    0.000000E+00    0.000000E+00    0.000000E+00
3.605000E-01   -1.750373E-01    1.721580E-01   -1.222550E+01    0.000000E+00    0.000000E+00    0.000000E+00   -4.304507E-02   -1.040660E-01   -2.504064E-03    0.000000E+00    0.000000E+00    0.000000E+00
3.615000E-01   -1.766401E-01    1.729331E-01   -1.222633E+01    0.000000E+00    0.000000E+00    0.000000E+00   -4.341906E-02   -1.047700E-01   -2.489764E-03    0.000000E+00    0.000000E+00    0.000000E+00
3.625000E-01   -1.782608E-01    1.737218E-01   -1.222716E+01    0.000000E+00    0.000000E+00    0.000000E+00   -4.379604E-02   -1.054801E-01   -2.475270E-03    0.000000E+00    0.000000E+00    0.000000E+00
3.635000E-01   -1.799037E-01    1.745204E-01   -1.222799E+01    0.000000E+00    0.000000E+00    0.000000E+00   -4.417761E-02   -1.062005E-01   -2.460573E-03    0.000000E+00    0.000000E+00    0.000000E+00
3.645000E-01   -1.815551E-01    1.753206E-01   -1.222882E+01    0.000000E+00    0.000000E+00    0.000000E+00   -4.456005E-02   -1.069250E-01   -2.445422E-03    0.000000E+00    0.000000E+00    0.000000E+00
3.655000E-01   -1.833136E-01    1.757586E-01   -1.222967E+01    0.000000E+00    0.000000E+00    0.000000E+00   -4.493912E-02   -1.076509E-01   -2.438919E-03    0.000000E+00    0.000000E+00    0.000000E+00
3.665000E-01   -1.849732E-01    1.765640E-01   -1.223049E+01    0.000000E+00    0.000000E+00    0.000000E+00   -4.532297E-02   -1.083775E-01   -2.424998E-03    0.000000E+00    0.000000E+00    0.000000E+00
3.675000E-01   -1.867833E-01    1.773422E-01   -1.223133E+01    0.000000E+00    0.000000E+00    0.000000E+00   -4.570660E-02   -1.091072E-01   -2.408178E-03    0.000000E+00    0.000000E+00    0.000000E+00
3.685000E-01   -1.884531E-01    1.781466E-01   -1.223215E+01    0.000000E+00    0.000000E+00    0.000000E+00   -4.608963E-02   -1.098371E-01   -2.395144E-03    0.000000E+00    0.000000E+00    0.000000E+00
3.695000E-01   -1.902980E-01    1.791897E-01   -1.223301E+01    0.000000E+00    0.000000E+00    0.000000E+00   -4.647496E-02   -1.105697E-01   -2.387788E-03    0.000000E+00    0.000000E+00    0.000000E+00
3.705000E-01   -1.919745E-01    1.800079E-01   -1.223382E+01    0.000000E+00    0.000000E+00    0.000000E+00   -4.686009E-02   -1.113012E-01   -2.374243E-03    0.000000E+00    0.000000E+00    0.000000E+00
3.715000E-01   -1.936010E-01    1.808666E-01   -1.223464E+01    0.000000E+00    0.000000E+00    0.000000E+00   -4.724607E-02   -1.120329E-01   -2.362936E-03    0.000000E+00    0.000000E+00    0.000000E+00
3.725000E-01   -1.952791E-01    1.817011E-01   -1.223544E+01    0.000000E+00    0.000000E+00    0.000000E+00   -4.763242E-02   -1.127650E-01   -2.349554E-03    0.000000E+00    0.000000E+00    0.000000E+00
3.735000E-01   -1.968695E-01    1.822281E-01   -1.223626E+01    0.000000E+00    0.000000E+00    0.000000E+00   -4.801572E-02   -1.134964E-01   -2.328647E-03    0.000000E+00    0.000000E+00    0.000000E+00
3.745000E-01   -1.985519E-01    1.830727E-01   -1.223706E+01    0.000000E+00    0.000000E+00    0.000000E+00   -4.840254E-02   -1.142283E-01   -2.314528E-03    0.000000E+00    0.000000E+00    0.000000E+00
3.755000E-01   -2.002384E-01    1.839222E-01   -1.223785E+01    0.000000E+00    0.000000E+00    0.000000E+00   -4.879005E-02   -1.149608E-01   -2.300547E-03    0.000000E+00    0.000000E+00    0.000000E+00
3.765000E-01   -2.019223E-01    1.847889E-01   -1.223873E+01    0.000000E+00    0.000000E+00    0.000000E+00   -4.917963E-02   -1.156938E-01   -2.275579E-03    0.000000E+00    0.000000E+00    0.000000E+00
3.775000E-01   -2.036103E-01    1.856471E-01   -1.223951E+01    0.000000E+00    0.000000E+00    0.000000E+00   -4.956821E-02   -1.164256E-01   -2.262727E-03    0.000000E+00    0.000000E+00    0.000000E+00
3.785000E-01   -2.052994E-01    1.865031E-01   -1.224030E+01    0.000000E+00    0.000000E+00    0.000000E+00   -4.995418E-02   -1.171570E-01   -2.249396E-03    0.000000E+00    0.000000E+00    0.000000E+00
3.795000E-01   -2.070779E-01    1.875130E-01   -1.224110E+01    0.000000E+00    0.000000E+00    0.000000E+00   -5.034434E-02   -1.178921E-01   -2.239874E-03    0.000000E+00    0.000000E+00    0.000000E+00
3.805000E-01   -2.087769E-01    1.883912E-01   -1.224188E+01    0.000000E+00    0.000000E+00    0.000000E+00   -5.073634E-02   -1.186251E-01   -2.226712E-03    0.000000E+00    0.000000E+00    0.000000E+00
3.815000E-01   -2.104693E-01    1.892653E-01   -1.224265E+01    0.000000E+00    0.000000E+00    0.000000E+00   -5.112622E-02   -1.193548E-01   -2.213000E-03    0.000000E+00    0.000000E+00    0.000000E+00
3.825000E-01   -2.122477E-01    1.900093E-01   -1.224343E+01    0.000000E+00    0.000000E+00    0.000000E+00   -5.151913E-02   -1.200875E-01   -2.196242E-03    0.000000E+00    0.000000E+00    0.000000E+00
3.835000E-01   -2.138713E-01    1.904677E-01   -1.224427E+01    0.000000E+00    0.000000E+00    0.000000E+00   -5.190823E-02   -1.208202E-01   -2.171865E-03    0.000000E+00    0.000000E+00    0.000000E+00
3.845000E-01   -2.155732E-01    1.913154E-01   -1.224503E+01    0.000000E+00    0.000000E+00    0.000000E+00   -5.228064E-02   -1.215541E-01   -2.156762E-03    0.000000E+00    0.000000E+00    0.000000E+00
3.855000E-01   -2.172708E-01    1.922002E-01   -1.224580E+01    0.000000E+00    0.000000E+00    0.000000E+00   -5.263766E-02   -1.222940E-01   -2.141720E-03    0.000000E+00    0.000000E+00    0.000000E+00
3.865000E-01   -2.189799E-01    1.930389E-01   -1.224656E+01    0.000000E+00    0.000000E+00    0.000000E+00   -5.299372E-02   -1.230325E-01   -2.124138E-03    0.000000E+00    0.000000E+00    0.000000E+00
3.875000E-01   -2.208553E-01    1.944774E-01   -1.224737E+01    0.000000E+00    0.000000E+00    0.000000E+00   -5.335981E-02   -1.237685E-01   -2.092891E-03    0.000000E+00    0.000000E+00    0.000000E+00
3.885000E-01   -2.225686E-01    1.953375E-01   -1.224813E+01    0.000000E+00    0.000000E+00    0.000000E+00   -5.371993E-02   -1.245021E-01   -2.075162E-03    0.000000E+00    0.000000E+00    0.000000E+00
3.895000E-01   -2.244649E-01    1.961605E-01   -1.224889E+01    0.000000E+00    0.000000E+00    0.000000E+00   -5.408069E-02   -1.252369E-01   -2.053589E-03    0.000000E+00    0.000000E+00    0.000000E+00
3.905000E-01   -2.261994E-01    1.970403E-01   -1.224964E+01    0.000000E+00    0.000000E+00    0.000000E+00   -5.444098E-02   -1.259733E-01   -2.036714E-03    0.000000E+00    0.000000E+00    0.000000E+00
3.915000E-01   -2.279657E-01    1.979175E-01   -1.225039E+01    0.000000E+00    0.000000E+00    0.000000E+00   -5.479857E-02   -1.267187E-01   -2.019951E-03    0.000000E+00    0.000000E+00    0.000000E+00
3.925000E-01   -2.297436E-01    1.987924E-01   -1.225113E+01    0.000000E+00    0.000000E+00    0.000000E+00   -5.515315E-02   -1.274670E-01   -2.002862E-03    0.000000E+00    0.000000E+00    0.000000E+00
3.935000E-01   -2.315180E-01    1.996708E-01   -1.225188E+01    0.000000E+00    0.000000E+00    0.000000E+00   -5.550581E-02   -1.282130E-01   -1.985149E-03    0.000000E+00    0.000000E+00    0.000000E+00
3.945000E-01   -2.332947E-01    2.005545E-01   -1.225262E+01    0.000000E+00    0.000000E+00    0.000000E+00   -5.585701E-02   -1.289576E-01   -1.966761E-03    0.000000E+00    0.000000E+00    0.000000E+00
3.955000E-01   -2.350807E-01    2.014402E-01   -1.225336E+01    0.000000E+00    0.000000E+00    0.000000E+00   -5.620604E-02   -1.297027E-01   -1.947896E-03    0.000000E+00    0.000000E+00    0.000000E+00
3.965000E-01   -2.368820E-01    2.023301E-01   -1.225410E+01    0.000000E+00    0.000000E+00    0.000000E+00   -5.655370E-02   -1.304506E-01   -1.929141E-03    0.000000E+00    0.000000E+00    0.000000E+00
3.975000E-01   -2.387043E-01    2.032300E-01   -1.225483E+01    0.000000E+00    0.000000E+00    0.000000E+00   -5.690200E-02   -1.312029E-01   -1.911292E-03    0.000000E+00    0.000000E+00    0.000000E+00
3.985000E-01   -2.405398E-01    2.041302E-01   -1.225556E+01    0.000000E+00    0.000000E+00    0.000000E+00   -5.724776E-02   -1.319571E-01   -1.893839E-03    0.000000E+00    0.000000E+00    0.000000E+00
3.995000E-01   -2.423804E-01    2.050261E-01   -1.225629E+01    0.000000E+00    0.000000E+00    0.000000E+00   -5.758962E-02   -1.327103E-01   -1.876045E-03    0.000000E+00    0.000000E+00    0.000000E+00
4.005000E-01   -2.442272E-01    2.059201E-01   -1.225701E+01    0.000000E+00    0.000000E+00    0.000000E+00   -5.792838E-02   -1.334634E-01   -1.857780E-03    0.000000E+00    0.000000E+00    0.000000E+00
4.015000E-01   -2.462074E-01    2.075191E-01   -1.225786E+01    0.000000E+00    0.000000E+00    0.000000E+00   -5.826902E-02   -1.342142E-01   -1.820489E-03    0.000000E+00    0.000000E+00    0.000000E+00
4.025000E-01   -2.480669E-01    2.084145E-01   -1.225858E+01    0.000000E+00    0.000000E+00    0.000000E+00   -5.860214E-02   -1.349668E-01   -1.801561E-03    0.000000E+00    0.000000E+00    0.000000E+00
4.035000E-01   -2.499279E-01    2.093119E-01   -1.225929E+01    0.000000E+00    0.000000E+00    0.000000E+00   -5.893376E-02   -1.357178E-01   -1.782746E-03    0.000000E+00    0.000000E+00    0.000000E+00
4.045000E-01   -2.512033E-01    2.100480E-01   -1.226005E+01    0.000000E+00    0.000000E+00    0.000000E+00   -5.926508E-02   -1.364630E-01   -1.778045E-03    0.000000E+00    0.000000E+00    0.000000E+00
4.055000E-01   -2.530910E-01    2.109575E-01   -1.226076E+01    0.000000E+00    0.000000E+00    0.000000E+00   -5.959725E-02   -1.372178E-01   -1.760143E-03    0.000000E+00    0.000000E+00    0.000000E+00
4.065000E-01   -2.549873E-01    2.118661E-01   -1.226146E+01    0.000000E+00    0.000000E+00    0.000000E+00   -5.992839E-02   -1.379720E-01   -1.742319E-03    0.000000E+00    0.000000E+00    0.000000E+00
4.075000E-01   -2.568880E-01    2.127764E-01   -1.226216E+01    0.000000E+00    0.000000E+00    0.000000E+00   -6.025994E-02   -1.387250E-01   -1.724759E-03    0.000000E+00    0.000000E+00    0.000000E+00
4.085000E-01   -2.587988E-01    2.136882E-01   -1.226285E+01    0.000000E+00    0.000000E+00    0.000000E+00   -6.059105E-02   -1.394790E-01   -1.707504E-03    0.000000E+00    0.000000E+00    0.000000E+00
4.095000E-01   -2.607226E-01    2.145822E-01   -1.226354E+01    0.000000E+00    0.000000E+00    0.000000E+00   -6.091153E-02   -1.402334E-01   -1.690449E-03    0.000000E+00    0.000000E+00    0.000000E+00
4.105000E-01   -2.626711E-01    2.154832E-01   -1.226423E+01    0.000000E+00    0.000000E+00    0.000000E+00   -6.122906E-02   -1.409926E-01   -1.675248E-03    0.000000E+00    0.000000E+00    0.000000E+00
4.115000E-01   -2.646388E-01    2.164148E-01   -1.226491E+01    0.000000E+00    0.000000E+00    0.000000E+00   -6.155541E-02   -1.417559E-01   -1.660799E-03    0.000000E+00    0.000000E+00    0.000000E+00
4.125000E-01   -2.666083E-01    2.173585E-01   -1.226558E+01    0.000000E+00    0.000000E+00    0.000000E+00   -6.188633E-02   -1.425177E-01   -1.644726E-03    0.000000E+00    0.000000E+00    0.000000E+00
4.135000E-01   -2.685847E-01    2.182909E-01   -1.226625E+01    0.000000E+00    0.000000E+00    0.000000E+00   -6.221246E-02   -1.432798E-01   -1.627260E-03    0.000000E+00    0.000000E+00    0.000000E+00
4.145000E-01   -2.705828E-01    2.192107E-01   -1.226691E+01    0.000000E+00    0.000000E+00    0.000000E+00   -6.253186E-02   -1.440473E-01   -1.610083E-03    0.000000E+00    0.000000E+00    0.000000E+00
4.155000E-01   -2.725917E-01    2.201296E-01   -1.226757E+01    0.000000E+00    0.000000E+00    0.000000E+00   -6.284853E-02   -1.448164E-01   -1.594323E-03    0.000000E+00    0.000000E+00    0.000000E+00
4.165000E-01   -2.746024E-01    2.210494E-01   -1.226823E+01    0.000000E+00    0.000000E+00    0.000000E+00   -6.316401E-02   -1.455833E-01   -1.579548E-03    0.000000E+00    0.000000E+00    0.000000E+00
4.175000E-01   -2.765934E-01    2.219376E-01   -1.226888E+01    0.000000E+00    0.000000E+00    0.000000E+00   -6.346137E-02   -1.463337E-01   -1.564958E-03    0.000000E+00    0.000000E+00    0.000000E+00
4.185000E-01   -2.785720E-01    2.227925E-01   -1.226953E+01    0.000000E+00    0.000000E+00    0.000000E+00   -6.373521E-02   -1.470660E-01   -1.549977E-03    0.000000E+00    0.000000E+00    0.000000E+00
4.195000E-01   -2.806326E-01    2.233822E-01   -1.227023E+01    0.000000E+00    0.000000E+00    0.000000E+00   -6.400782E-02   -1.478035E-01   -1.542010E-03    0.000000E+00    0.000000E+00    0.000000E+00
4.205000E-01   -2.826215E-01    2.244446E-01   -1.227088E+01    0.000000E+00    0.000000E+00    0.000000E+00   -6.429169E-02   -1.485525E-01   -1.530371E-03    0.000000E+00    0.000000E+00    0.000000E+00
4.215000E-01   -2.846690E-01    2.253295E-01   -1.227152E+01    0.000000E+00    0.000000E+00    0.000000E+00   -6.457388E-02   -1.493042E-01   -1.514011E-03    0.000000E+00    0.000000E+00    0.000000E+00
4.225000E-01   -2.867067E-01    2.263319E-01   -1.227217E+01    0.000000E+00    0.000000E+00    0.000000E+00   -6.485486E-02   -1.500573E-01   -1.500517E-03    0.000000E+00    0.000000E+00    0.000000E+00
4.235000E-01   -2.887795E-01    2.272224E-01   -1.227280E+01    0.000000E+00    0.000000E+00    0.000000E+00   -6.513441E-02   -1.508118E-01   -1.483915E-03    0.000000E+00    0.000000E+00    0.000000E+00
4.245000E-01   -2.908604E-01    2.281131E-01   -1.227342E+01    0.000000E+00    0.000000E+00    0.000000E+00   -6.541254E-02   -1.515673E-01   -1.467100E-03    0.000000E+00    0.000000E+00    0.000000E+00
4.255000E-01   -2.929457E-01    2.289964E-01   -1.227404E+01    0.000000E+00    0.000000E+00    0.000000E+00   -6.568733E-02   -1.523230E-01   -1.449944E-03    0.000000E+00    0.000000E+00    0.000000E+00
4.265000E-01   -2.950380E-01    2.298699E-01   -1.227465E+01    0.000000E+00    0.000000E+00    0.000000E+00   -6.595776E-02   -1.530788E-01   -1.432512E-03    0.000000E+00    0.000000E+00    0.000000E+00
4.275000E-01   -2.963751E-01    2.305969E-01   -1.227539E+01    0.000000E+00    0.000000E+00    0.000000E+00   -6.622641E-02   -1.538311E-01   -1.434840E-03    0.000000E+00    0.000000E+00    0.000000E+00
4.285000E-01   -2.984894E-01    2.314526E-01   -1.227599E+01    0.000000E+00    0.000000E+00    0.000000E+00   -6.648816E-02   -1.545906E-01   -1.416443E-03    0.000000E+00    0.000000E+00    0.000000E+00
4.295000E-01   -3.006155E-01    2.323053E-01   -1.227659E+01    0.000000E+00    0.000000E+00    0.000000E+00   -6.674779E-02   -1.553522E-01   -1.397878E-03    0.000000E+00    0.000000E+00    0.000000E+00
4.305000E-01   -3.027498E-01    2.331479E-01   -1.227717E+01    0.000000E+00    0.000000E+00    0.000000E+00   -6.700375E-02   -1.561146E-01   -1.379795E-03    0.000000E+00    0.000000E+00    0.000000E+00
4.315000E-01   -3.048900E-01    2.339680E-01   -1.227775E+01    0.000000E+00    0.000000E+00    0.000000E+00   -6.725345E-02   -1.568772E-01   -1.363145E-03    0.000000E+00    0.000000E+00    0.000000E+00
4.325000E-01   -3.070296E-01    2.347826E-01   -1.227833E+01    0.000000E+00    0.000000E+00    0.000000E+00   -6.749968E-02   -1.576362E-01   -1.348202E-03    0.000000E+00    0.000000E+00    0.000000E+00
4.335000E-01   -3.091773E-01    2.356074E-01   -1.227890E+01    0.000000E+00    0.000000E+00    0.000000E+00   -6.774557E-02   -1.583925E-01   -1.334065E-03    0.000000E+00    0.000000E+00    0.000000E+00
4.345000E-01   -3.113371E-01    2.364426E-01   -1.227946E+01    0.000000E+00    0.000000E+00    0.000000E+00   -6.799169E-02   -1.591474E-01   -1.320157E-03    0.000000E+00    0.000000E+00    0.000000E+00
4.355000E-01   -3.135080E-01    2.372794E-01   -1.228001E+01    0.000000E+00    0.000000E+00    0.000000E+00   -6.823658E-02   -1.599020E-01   -1.306369E-03    0.000000E+00    0.000000E+00    0.000000E+00
4.365000E-01   -3.156908E-01    2.381055E-01   -1.228056E+01    0.000000E+00    0.000000E+00    0.000000E+00   -6.847812E-02   -1.606580E-01   -1.292304E-03    0.000000E+00    0.000000E+00    0.000000E+00
4.375000E-01   -3.180812E-01    2.390507E-01   -1.228115E+01    0.000000E+00    0.000000E+00    0.000000E+00   -6.871577E-02   -1.614155E-01   -1.271076E-03    0.000000E+00    0.000000E+00    0.000000E+00
4.385000E-01   -3.202760E-01    2.398355E-01   -1.228168E+01    0.000000E+00    0.000000E+00    0.000000E+00   -6.894536E-02   -1.621721E-01   -1.255460E-03    0.000000E+00    0.000000E+00    0.000000E+00
4.395000E-01   -3.218288E-01    2.402276E-01   -1.228223E+01    0.000000E+00    0.000000E+00    0.000000E+00   -6.898320E-02   -1.626172E-01   -1.069034E-03    0.000000E+00    0.000000E+00    0.000000E+00
4.405000E-01   -3.240307E-01    2.409944E-01   -1.228275E+01    0.000000E+00    0.000000E+00    0.000000E+00   -6.920630E-02   -1.633722E-01   -1.053752E-03    0.000000E+00    0.000000E+00    0.000000E+00
4.415000E-01   -3.262368E-01    2.417580E-01   -1.228327E+01    0.000000E+00    0.000000E+00    0.000000E+00   -6.942767E-02   -1.641258E-01   -1.038154E-03    0.000000E+00    0.000000E+00    0.000000E+00
4.425000E-01   -3.284470E-01    2.425066E-01   -1.228378E+01    0.000000E+00    0.000000E+00    0.000000E+00   -6.964156E-02   -1.648771E-01   -1.022598E-03    0.000000E+00    0.000000E+00    0.000000E+00
4.435000E-01   -3.308273E-01    2.433389E-01   -1.228430E+01    0.000000E+00    0.000000E+00    0.000000E+00   -6.985273E-02   -1.656294E-01   -1.003702E-03    0.000000E+00    0.000000E+00    0.000000E+00
4.445000E-01   -3.330570E-01    2.440885E-01   -1.228479E+01    0.000000E+00    0.000000E+00    0.000000E+00   -7.006583E-02   -1.663807E-01   -9.893937E-04    0.000000E+00    0.000000E+00    0.000000E+00
4.455000E-01   -3.352906E-01    2.448402E-01   -1.228528E+01    0.000000E+00    0.000000E+00    0.000000E+00   -7.028075E-02   -1.671302E-01   -9.745378E-04    0.000000E+00    0.000000E+00    0.000000E+00
4.465000E-01   -3.375209E-01    2.455803E-01   -1.228575E+01    0.000000E+00    0.000000E+00    0.000000E+00   -7.049270E-02   -1.678752E-01   -9.586839E-04    0.000000E+00    0.000000E+00    0.000000E+00
4.475000E-01   -3.397508E-01    2.463057E-01   -1.228623E+01    0.000000E+00    0.000000E+00    0.000000E+00   -7.070002E-02   -1.686176E-01   -9.416015E-04    0.000000E+00    0.000000E+00    0.000000E+00
4.485000E-01   -3.419845E-01    2.470203E-01   -1.228669E+01    0.000000E+00    0.000000E+00    0.000000E+00   -7.090354E-02   -1.693591E-01   -9.234512E-04    0.000000E+00    0.000000E+00    0.000000E+00
4.495000E-01   -3.442159E-01    2.477281E-01   -1.228715E+01    0.000000E+00    0.000000E+00    0.000000E+00   -7.110422E-02   -1.700964E-01   -9.054844E-04    0.000000E+00    0.000000E+00    0.000000E+00
4.505000E-01   -3.473382E-01    2.479064E-01   -1.228762E+01    0.000000E+00    0.000000E+00    0.000000E+00   -7.104452E-02   -1.712584E-01   -1.124841E-03    0.000000E+00    0.000000E+00    0.000000E+00
4.515000E-01   -3.495873E-01    2.485993E-01   -1.228806E+01    0.000000E+00    0.000000E+00    0.000000E+00   -7.124095E-02   -1.719938E-01   -1.107659E-03    0.000000E+00    0.000000E+00    0.000000E+00
4.525000E-01   -3.518552E-01    2.492780E-01   -1.228848E+01    0.000000E+00    0.000000E+00    0.000000E+00   -7.143290E-02   -1.727341E-01   -1.090129E-03    0.000000E+00    0.000000E+00    0.000000E+00
4.535000E-01   -3.541225E-01    2.499430E-01   -1.228889E+01    0.000000E+00    0.000000E+00    0.000000E+00   -7.162046E-02   -1.734732E-01   -1.072929E-03    0.000000E+00    0.000000E+00    0.000000E+00
4.545000E-01   -3.561299E-01    2.507791E-01   -1.228935E+01    0.000000E+00    0.000000E+00    0.000000E+00   -7.180762E-02   -1.742088E-01   -1.064179E-03    0.000000E+00    0.000000E+00    0.000000E+00
4.555000E-01   -3.582292E-01    2.515336E-01   -1.228975E+01    0.000000E+00    0.000000E+00    0.000000E+00   -7.199356E-02   -1.749430E-01   -1.051504E-03    0.000000E+00    0.000000E+00    0.000000E+00
4.565000E-01   -3.604967E-01    2.521915E-01   -1.229014E+01    0.000000E+00    0.000000E+00    0.000000E+00   -7.217684E-02   -1.756781E-01   -1.034964E-03    0.000000E+00    0.000000E+00    0.000000E+00
4.575000E-01   -3.627583E-01    2.528348E-01   -1.229052E+01    0.000000E+00    0.000000E+00    0.000000E+00   -7.235710E-02   -1.764090E-01   -1.019613E-03    0.000000E+00    0.000000E+00    0.000000E+00
4.585000E-01   -3.650124E-01    2.534643E-01   -1.229090E+01    0.000000E+00    0.000000E+00    0.000000E+00   -7.253479E-02   -1.771339E-01   -1.004927E-03    0.000000E+00    0.000000E+00    0.000000E+00
4.595000E-01   -3.672714E-01    2.540743E-01   -1.229127E+01    0.000000E+00    0.000000E+00    0.000000E+00   -7.270636E-02   -1.778572E-01   -9.893259E-04    0.000000E+00    0.000000E+00    0.000000E+00
4.605000E-01   -3.695348E-01    2.546608E-01   -1.229164E+01    0.000000E+00    0.000000E+00    0.000000E+00   -7.286871E-02   -1.785795E-01   -9.723321E-04    0.000000E+00    0.000000E+00    0.000000E+00
4.615000E-01   -3.718005E-01    2.552535E-01   -1.229201E+01    0.000000E+00    0.000000E+00    0.000000E+00   -7.303250E-02   -1.793010E-01   -9.562187E-04    0.000000E+00    0.000000E+00    0.000000E+00
4.625000E-01   -3.740645E-01    2.558579E-01   -1.229237E+01    0.000000E+00    0.000000E+00    0.000000E+00   -7.320093E-02   -1.800208E-01   -9.414434E-04    0.000000E+00    0.000000E+00    0.000000E+00
4.635000E-01   -3.763177E-01    2.564461E-01   -1.229272E+01    0.000000E+00    0.000000E+00    0.000000E+00   -7.336487E-02   -1.807358E-01   -9.261560E-04    0.000000E+00    0.000000E+00    0.000000E+00
4.645000E-01   -3.785593E-01    2.570102E-01   -1.229307E+01    0.000000E+00    0.000000E+00    0.000000E+00   -7.352177E-02   -1.814459E-01   -9.099319E-04    0.000000E+00    0.000000E+00    0.000000E+00
4.655000E-01   -3.807934E-01    2.575606E-01   -1.229341E+01    0.000000E+00    0.000000E+00    0.000000E+00   -7.367516E-02   -1.821522E-01   -8.937882E-04    0.000000E+00    0.000000E+00    0.000000E+00
4.665000E-01   -3.830172E-01    2.581040E-01   -1.229374E+01    0.000000E+00    0.000000E+00    0.000000E+00   -7.382630E-02   -1.828522E-01   -8.777388E-04    0.000000E+00    0.000000E+00    0.000000E+00
4.675000E-01   -3.852339E-01    2.586475E-01   -1.229407E+01    0.000000E+00    0.000000E+00    0.000000E+00   -7.397795E-02   -1.835474E-01   -8.619091E-04    0.000000E+00    0.000000E+00    0.000000E+00
4.685000E-01   -3.874478E-01    2.591907E-01   -1.229439E+01    0.000000E+00    0.000000E+00    0.000000E+00   -7.413086E-02   -1.842404E-01   -8.460219E-04    0.000000E+00    0.000000E+00    0.000000E+00
4.695000E-01   -3.896554E-01    2.597259E-01   -1.229470E+01    0.000000E+00    0.000000E+00    0.000000E+00   -7.428214E-02   -1.849307E-01   -8.297528E-04    0.000000E+00    0.000000E+00    0.000000E+00
4.705000E-01   -3.918528E-01    2.602502E-01   -1.229501E+01    0.000000E+00    0.000000E+00    0.000000E+00   -7.443006E-02   -1.856181E-01   -8.132158E-04    0.000000E+00    0.000000E+00    0.000000E+00
4.715000E-01   -3.940413E-01    2.607652E-01   -1.229531E+01    0.000000E+00    0.000000E+00    0.000000E+00   -7.457563E-02   -1.863021E-01   -7.963477E-04    0.000000E+00    0.000000E+00    0.000000E+00
4.725000E-01   -3.962169E-01    2.612710E-01   -1.229561E+01    0.000000E+00    0.000000E+00    0.000000E+00   -7.471880E-02   -1.869820E-01   -7.796787E-04    0.000000E+00    0.000000E+00    0.000000E+00
4.735000E-01   -3.983805E-01    2.617700E-01   -1.229590E+01    0.000000E+00    0.000000E+00    0.000000E+00   -7.486021E-02   -1.876584E-01   -7.630428E-04    0.000000E+00    0.000000E+00    0.000000E+00
4.745000E-01   -4.005363E-01    2.622618E-01   -1.229618E+01    0.000000E+00    0.000000E+00    0.000000E+00   -7.500067E-02   -1.883304E-01   -7.456318E-04    0.000000E+00    0.000000E+00    0.000000E+00
4.755000E-01   -4.026843E-01    2.627414E-01   -1.229646E+01    0.000000E+00    0.000000E+00    0.000000E+00   -7.513895E-02   -1.889977E-01   -7.276738E-04    0.000000E+00    0.000000E+00    0.000000E+00
4.765000E-01   -4.048218E-01    2.632126E-01   -1.229673E+01    0.000000E+00    0.000000E+00    0.000000E+00   -7.527528E-02   -1.896619E-01   -7.098344E-04    0.000000E+00    0.000000E+00    0.000000E+00
4.775000E-01   -4.069468E-01    2.636745E-01   -1.229699E+01    0.000000E+00    0.000000E+00    0.000000E+00   -7.540939E-02   -1.903226E-01   -6.924631E-04    0.000000E+00    0.000000E+00    0.000000E+00
4.785000E-01   -4.090571E-01    2.641181E-01   -1.229725E+01    0.000000E+00    0.000000E+00    0.000000E+00   -7.553901E-02   -1.909775E-01   -6.757008E-04    0.000000E+00    0.000000E+00    0.000000E+00
4.795000E-01   -4.111567E-01    2.645427E-01   -1.229751E+01    0.000000E+00    0.000000E+00    0.000000E+00   -7.566381E-02   -1.916272E-01   -6.593384E-04    0.000000E+00    0.000000E+00    0.000000E+00
4.805000E-01   -4.132535E-01    2.649578E-01   -1.229776E+01    0.000000E+00    0.000000E+00    0.000000E+00   -7.578639E-02   -1.922747E-01   -6.431369E-04    0.000000E+00    0.000000E+00    0.000000E+00
4.815000E-01   -4.153461E-01    2.653656E-01   -1.229800E+01    0.000000E+00    0.000000E+00    0.000000E+00   -7.590747E-02   -1.929209E-01   -6.269101E-04    0.000000E+00    0.000000E+00    0.000000E+00
4.825000E-01   -4.174245E-01    2.657598E-01   -1.229824E+01    0.000000E+00    0.000000E+00    0.000000E+00   -7.602519E-02   -1.935632E-01   -6.104718E-04    0.000000E+00    0.000000E+00    0.000000E+00
4.835000E-01   -4.194871E-01    2.661391E-01   -1.229847E+01    0.000000E+00    0.000000E+00    0.000000E+00   -7.613916E-02   -1.942006E-01   -5.938641E-04    0.000000E+00    0.000000E+00    0.000000E+00
4.845000E-01   -4.215396E-01    2.665079E-01   -1.229870E+01    0.000000E+00    0.000000E+00    0.000000E+00   -7.625045E-02   -1.948347E-01   -5.771349E-04    0.000000E+00    0.000000E+00    0.000000E+00
4.855000E-01   -4.235833E-01    2.668678E-01   -1.229892E+01    0.000000E+00    0.000000E+00    0.000000E+00   -7.635994E-02   -1.954663E-01   -5.603370E-04    0.000000E+00    0.000000E+00    0.000000E+00
4.865000E-01   -4.256144E-01    2.672172E-01   -1.229914E+01    0.000000E+00    0.000000E+00    0.000000E+00   -7.646730E-02   -1.960945E-01   -5.435893E-04    0.000000E+00    0.000000E+00    0.000000E+00
4.875000E-01   -4.276316E-01    2.675523E-01   -1.229936E+01    0.000000E+00    0.000000E+00    0.000000E+00   -7.657108E-02   -1.967187E-01   -5.268586E-04    0.000000E+00    0.000000E+00    0.000000E+00
4.885000E-01   -4.296375E-01    2.678743E-01   -1.229957E+01    0.000000E+00    0.000000E+00    0.000000E+00   -7.667142E-02   -1.973397E-01   -5.100216E-04    0.000000E+00    0.000000E+00    0.000000E+00
4.895000E-01   -4.316317E-01    2.681867E-01   -1.229977E+01    0.000000E+00    0.000000E+00    0.000000E+00   -7.676950E-02   -1.979575E-01   -4.931404E-04    0.000000E+00    0.000000E+00    0.000000E+00
4.905000E-01   -4.336111E-01    2.684886E-01   -1.229997E+01    0.000000E+00    0.000000E+00    0.000000E+00   -7.686538E-02   -1.985712E-01   -4.764487E-04    0.000000E+00    0.000000E+00    0.000000E+00
4.915000E-01   -4.355760E-01    2.687818E-01   -1.230016E+01    0.000000E+00    0.000000E+00    0.000000E+00   -7.695929E-02   -1.991808E-01   -4.599263E-04    0.000000E+00    0.000000E+00    0.000000E+00
4.925000E-01   -4.375241E-01    2.690617E-01   -1.230035E+01    0.000000E+00    0.000000E+00    0.000000E+00   -7.705016E-02   -1.997858E-01   -4.444287E-04    0.000000E+00    0.000000E+00    0.000000E+00
4.935000E-01   -4.394529E-01    2.693239E-01   -1.230054E+01    0.000000E+00    0.000000E+00    0.000000E+00   -7.713650E-02   -2.003853E-01   -4.301732E-04    0.000000E+00    0.000000E+00    0.000000E+00
4.945000E-01   -4.413539E-01    2.695576E-01   -1.230072E+01    0.000000E+00    0.000000E+00    0.000000E+00   -7.721480E-02   -2.009773E-01   -4.154441E-04    0.000000E+00    0.000000E+00    0.000000E+00
4.955000E-01   -4.432442E-01    2.697882E-01   -1.230089E+01    0.000000E+00    0.000000E+00    0.000000E+00   -7.729226E-02   -2.015666E-01   -4.009266E-04    0.000000E+00    0.000000E+00    0.000000E+00
4.965000E-01   -4.451384E-01    2.700396E-01   -1.230106E+01    0.000000E+00    0.000000E+00    0.000000E+00   -7.737631E-02   -2.021565E-01   -3.889296E-04    0.000000E+00    0.000000E+00    0.000000E+00
4.975000E-01   -4.470401E-01    2.703125E-01   -1.230122E+01    0.000000E+00    0.000000E+00    0.000000E+00   -7.746877E-02   -2.027476E-01   -3.805409E-04    0.000000E+00    0.000000E+00    0.000000E+00
4.985000E-01   -4.489391E-01    2.705752E-01   -1.230138E+01    0.000000E+00    0.000000E+00    0.000000E+00   -7.756064E-02   -2.033378E-01   -3.734810E-04    0.000000E+00    0.000000E+00    0.000000E+00
4.995000E-01   -4.508209E-01    2.708040E-01   -1.230154E+01    0.000000E+00    0.000000E+00    0.000000E+00   -7.764337E-02   -2.039237E-01   -3.648280E-04    0.000000E+00    0.000000E+00    0.000000E+00
5.005000E-01   -4.526880E-01    2.710248E-01   -1.230169E+01    0.000000E+00    0.000000E+00    0.000000E+00   -7.772328E-02   -2.045065E-01   -3.550301E-04    0.000000E+00    0.000000E+00    0.000000E+00
5.015000E-01   -4.545432E-01    2.712513E-01   -1.230184E+01    0.000000E+00    0.000000E+00    0.000000E+00   -7.780532E-02   -2.050869E-01   -3.448577E-04    0.000000E+00    0.000000E+00    0.000000E+00
5.025000E-01   -4.563780E-01    2.714701E-01   -1.230199E+01    0.000000E+00    0.000000E+00    0.000000E+00   -7.788622E-02   -2.056619E-01   -3.340717E-04    0.000000E+00    0.000000E+00    0.000000E+00
5.035000E-01   -4.581892E-01    2.716740E-01   -1.230214E+01    0.000000E+00    0.000000E+00    0.000000E+00   -7.796352E-02   -2.062306E-01   -3.225118E-04    0.000000E+00    0.000000E+00    0.000000E+00
5.045000E-01   -4.599845E-01    2.718689E-01   -1.230229E+01    0.000000E+00    0.000000E+00    0.000000E+00   -7.803877E-02   -2.067955E-01   -3.105626E-04    0.000000E+00    0.000000E+00    0.000000E+00
5.055000E-01   -4.617684E-01    2.720595E-01   -1.230244E+01    0.000000E+00    0.000000E+00    0.000000E+00   -7.811340E-02   -2.073578E-01   -2.985266E-04    0.000000E+00    0.000000E+00    0.000000E+00
5.065000E-01   -4.635388E-01    2.722432E-01   -1.230259E+01    0.000000E+00    0.000000E+00    0.000000E+00   -7.818674E-02   -2.079169E-01   -2.864124E-04    0.000000E+00    0.000000E+00    0.000000E+00
5.075000E-01   -4.652961E-01    2.724180E-01   -1.230274E+01    0.000000E+00    0.000000E+00    0.000000E+00   -7.825767E-02   -2.084729E-01   -2.743671E-04    0.000000E+00    0.000000E+00    0.000000E+00
5.085000E-01   -4.670435E-01    2.725868E-01   -1.230287E+01    0.000000E+00    0.000000E+00    0.000000E+00   -7.832667E-02   -2.090262E-01   -2.624772E-04    0.000000E+00    0.000000E+00    0.000000E+00
5.095000E-01   -4.687793E-01    2.727504E-01   -1.230301E+01    0.000000E+00    0.000000E+00    0.000000E+00   -7.839416E-02   -2.095763E-01   -2.506544E-04    0.000000E+00    0.000000E+00    0.000000E+00
5.105000E-01   -4.705025E-01    2.729073E-01   -1.230315E+01    0.000000E+00    0.000000E+00    0.000000E+00   -7.845990E-02   -2.101228E-01   -2.389824E-04    0.000000E+00    0.000000E+00    0.000000E+00
5.115000E-01   -4.722149E-01    2.730582E-01   -1.230328E+01    0.000000E+00    0.000000E+00    0.000000E+00   -7.852406E-02   -2.106661E-01   -2.275620E-04    0.000000E+00    0.000000E+00    0.000000E+00
5.125000E-01   -4.739182E-01    2.732068E-01   -1.230341E+01    0.000000E+00    0.000000E+00    0.000000E+00   -7.858774E-02   -2.112067E-01   -2.163185E-04    0.000000E+00    0.000000E+00    0.000000E+00
5.135000E-01   -4.756118E-01    2.733534E-01   -1.230353E+01    0.000000E+00    0.000000E+00    0.000000E+00   -7.865099E-02   -2.117444E-01   -2.051762E-04    0.000000E+00    0.000000E+00    0.000000E+00
5.145000E-01   -4.772935E-01    2.734975E-01   -1.230366E+01    0.000000E+00    0.000000E+00    0.000000E+00   -7.871413E-02   -2.122796E-01   -1.940449E-04    0.000000E+00    0.000000E+00    0.000000E+00
5.155000E-01   -4.789660E-01    2.736413E-01   -1.230378E+01    0.000000E+00    0.000000E+00    0.000000E+00   -7.877802E-02   -2.128132E-01   -1.830344E-04    0.000000E+00    0.000000E+00    0.000000E+00
5.165000E-01   -4.806314E-01    2.737866E-01   -1.230389E+01    0.000000E+00    0.000000E+00    0.000000E+00   -7.884243E-02   -2.133451E-01   -1.722066E-04    0.000000E+00    0.000000E+00    0.000000E+00
5.175000E-01   -4.822821E-01    2.739333E-01   -1.230401E+01    0.000000E+00    0.000000E+00    0.000000E+00   -7.890908E-02   -2.138753E-01   -1.612346E-04    0.000000E+00    0.000000E+00    0.000000E+00
5.185000E-01   -4.839200E-01    2.740808E-01   -1.230413E+01    0.000000E+00    0.000000E+00    0.000000E+00   -7.897761E-02   -2.144040E-01   -1.501593E-04    0.000000E+00    0.000000E+00    0.000000E+00
5.195000E-01   -4.855514E-01    2.742326E-01   -1.230424E+01    0.000000E+00    0.000000E+00    0.000000E+00   -7.904762E-02   -2.149311E-01   -1.389580E-04    0.000000E+00    0.000000E+00    0.000000E+00
5.205000E-01   -4.871770E-01    2.743889E-01   -1.230434E+01    0.000000E+00    0.000000E+00    0.000000E+00   -7.911799E-02   -2.154556E-01   -1.275438E-04    0.000000E+00    0.000000E+00    0.000000E+00
5.215000E-01   -4.887947E-01    2.745468E-01   -1.230445E+01    0.000000E+00    0.000000E+00    0.000000E+00   -7.918824E-02   -2.159774E-01   -1.158804E-04    0.000000E+00    0.000000E+00    0.000000E+00
5.225000E-01   -4.904032E-01    2.747032E-01   -1.230455E+01    0.000000E+00    0.000000E+00    0.000000E+00   -7.925836E-02   -2.164970E-01   -1.040278E-04    0.000000E+00    0.000000E+00    0.000000E+00
5.235000E-01   -4.920049E-01    2.748586E-01   -1.230465E+01    0.000000E+00    0.000000E+00    0.000000E+00   -7.932864E-02   -2.170149E-01   -9.213147E-05    0.000000E+00    0.000000E+00    0.000000E+00
5.245000E-01   -4.936032E-01    2.750148E-01   -1.230475E+01    0.000000E+00    0.000000E+00    0.000000E+00   -7.939922E-02   -2.175316E-01   -8.050828E-05    0.000000E+00    0.000000E+00    0.000000E+00
5.255000E-01   -4.951977E-01    2.751707E-01   -1.230484E+01    0.000000E+00    0.000000E+00    0.000000E+00   -7.946938E-02   -2.180473E-01   -6.994548E-05    0.000000E+00    0.000000E+00    0.000000E+00
5.265000E-01   -4.967798E-01    2.753230E-01   -1.230493E+01    0.000000E+00    0.000000E+00    0.000000E+00   -7.953714E-02   -2.185605E-01   -6.200620E-05    0.000000E+00    0.000000E+00    0.000000E+00
5.275000E-01   -4.983657E-01    2.754806E-01   -1.230502E+01    0.000000E+00    0.000000E+00    0.000000E+00   -7.960735E-02   -2.190735E-01   -5.211439E-05    0.000000E+00    0.000000E+00    0.000000E+00
5.285000E-01   -4.999506E-01    2.756399E-01   -1.230511E+01    0.000000E+00    0.000000E+00    0.000000E+00   -7.967868E-02   -2.195849E-01   -4.142190E-05    0.000000E+00    0.000000E+00    0.000000E+00
5.295000E-01   -5.015191E-01    2.757888E-01   -1.230519E+01    0.000000E+00    0.000000E+00    0.000000E+00   -7.974482E-02   -2.200938E-01   -3.430447E-05    0.000000E+00    0.000000E+00    0.000000E+00
5.305000E-01   -5.030803E-01    2.759412E-01   -1.230527E+01    0.000000E+00    0.000000E+00    0.000000E+00   -7.981129E-02   -2.206012E-01   -2.792589E-05    0.000000E+00    0.000000E+00    0.000000E+00
5.315000E-01   -5.046416E-01    2.761072E-01   -1.230535E+01    0.000000E+00    0.000000E+00    0.000000E+00   -7.988290E-02   -2.211063E-01   -1.941023E-05    0.000000E+00    0.000000E+00    0.000000E+00
5.325000E-01   -5.062032E-01    2.762780E-01   -1.230542E+01    0.000000E+00    0.000000E+00    0.000000E+00   -7.995610E-02   -2.216097E-01   -9.694121E-06    0.000000E+00    0.000000E+00    0.000000E+00
5.335000E-01   -5.077630E-01    2.764487E-01   -1.230549E+01    0.000000E+00    0.000000E+00    0.000000E+00   -8.002853E-02   -2.221126E-01   -3.438959E-07    0.000000E+00    0.000000E+00    0.000000E+00
5.345000E-01   -5.093171E-01    2.766275E-01   -1.230556E+01    0.000000E+00    0.000000E+00    0.000000E+00   -8.010307E-02   -2.226141E-01    8.347244E-06    0.000000E+00    0.000000E+00    0.000000E+00
5.355000E-01   -5.108578E-01    2.768220E-01   -1.230563E+01    0.000000E+00    0.000000E+00    0.000000E+00   -8.018293E-02   -2.231098E-01    1.647672E-05    0.000000E+00    0.000000E+00    0.000000E+00
5.365000E-01   -5.123882E-01    2.770258E-01   -1.230569E+01    0.000000E+00    0.000000E+00    0.000000E+00   -8.026607E-02   -2.235997E-01    2.413570E-05    0.000000E+00    0.000000E+00    0.000000E+00
5.375000E-01   -5.139228E-01    2.772257E-01   -1.230575E+01    0.000000E+00    0.000000E+00    0.000000E+00   -8.034728E-02   -2.240907E-01    3.154578E-05    0.000000E+00    0.000000E+00    0.000000E+00
5.385000E-01   -5.154616E-01    2.774242E-01   -1.230580E+01    0.000000E+00    0.000000E+00    0.000000E+00   -8.042692E-02   -2.245835E-01    3.855199E-05    0.000000E+00    0.000000E+00    0.000000E+00
5.395000E-01   -5.169987E-01    2.776304E-01   -1.230586E+01    0.000000E+00    0.000000E+00    0.000000E+00   -8.050803E-02   -2.250758E-01    4.480097E-05    0.000000E+00    0.000000E+00    0.000000E+00
5.405000E-01   -5.185297E-01    2.778452E-01   -1.230591E+01    0.000000E+00    0.000000E+00    0.000000E+00   -8.059146E-02   -2.255664E-01    5.028808E-05    0.000000E+00    0.000000E+00    0.000000E+00
5.415000E-01   -5.200512E-01    2.780619E-01   -1.230596E+01    0.000000E+00    0.000000E+00    0.000000E+00   -8.067514E-02   -2.260540E-01    5.525326E-05    0.000000E+00    0.000000E+00    0.000000E+00
5.425000E-01   -5.215663E-01    2.782782E-01   -1.230600E+01    0.000000E+00    0.000000E+00    0.000000E+00   -8.075860E-02   -2.265392E-01    5.990110E-05    0.000000E+00    0.000000E+00    0.000000E+00
5.435000E-01   -5.230805E-01    2.784944E-01   -1.230604E+01    0.000000E+00    0.000000E+00    0.000000E+00   -8.084177E-02   -2.270234E-01    6.426831E-05    0.000000E+00    0.000000E+00    0.000000E+00
5.445000E-01   -5.246022E-01    2.787163E-01   -1.230608E+01    0.000000E+00    0.000000E+00    0.000000E+00   -8.092571E-02   -2.275092E-01    6.833913E-05    0.000000E+00    0.000000E+00    0.000000E+00
5.455000E-01   -5.261368E-01    2.789387E-01   -1.230611E+01    0.000000E+00    0.000000E+00    0.000000E+00   -8.100786E-02   -2.279993E-01    7.207480E-05    0.000000E+00    0.000000E+00    0.000000E+00
5.465000E-01   -5.276707E-01    2.791627E-01   -1.230614E+01    0.000000E+00    0.000000E+00    0.000000E+00   -8.108911E-02   -2.284902E-01    7.571748E-05    0.000000E+00    0.000000E+00    0.000000E+00
5.475000E-01   -5.291969E-01    2.793935E-01   -1.230617E+01    0.000000E+00    0.000000E+00    0.000000E+00   -8.117178E-02   -2.289793E-01    7.935850E-05    0.000000E+00    0.000000E+00    0.000000E+00
5.485000E-01   -5.307222E-01    2.796332E-01   -1.230619E+01    0.000000E+00    0.000000E+00    0.000000E+00   -8.125657E-02   -2.294678E-01    8.284074E-05    0.000000E+00    0.000000E+00    0.000000E+00
5.495000E-01   -5.322510E-01    2.798795E-01   -1.230621E+01    0.000000E+00    0.000000E+00    0.000000E+00   -8.134258E-02   -2.299565E-01    8.613901E-05    0.000000E+00    0.000000E+00    0.000000E+00
5.505000E-01   -5.337838E-01    2.801334E-01   -1.230623E+01    0.000000E+00    0.000000E+00    0.000000E+00   -8.142981E-02   -2.304462E-01    8.925923E-05    0.000000E+00    0.000000E+00    0.000000E+00
5.515000E-01   -5.353207E-01    2.803947E-01   -1.230625E+01    0.000000E+00    0.000000E+00    0.000000E+00   -8.151893E-02   -2.309375E-01    9.223311E-05    0.000000E+00    0.000000E+00    0.000000E+00
5.525000E-01   -5.368627E-01    2.806600E-01   -1.230626E+01    0.000000E+00    0.000000E+00    0.000000E+00   -8.160928E-02   -2.314303E-01    9.520477E-05    0.000000E+00    0.000000E+00    0.000000E+00
5.535000E-01   -5.384100E-01    2.809260E-01   -1.230627E+01    0.000000E+00    0.000000E+00    0.000000E+00   -8.169956E-02   -2.319245E-01    9.830118E-05    0.000000E+00    0.000000E+00    0.000000E+00
5.545000E-01   -5.399611E-01    2.811923E-01   -1.230627E+01    0.000000E+00    0.000000E+00    0.000000E+00   -8.178871E-02   -2.324198E-01    1.015713E-04    0.000000E+00    0.000000E+00    0.000000E+00
5.555000E-01   -5.415132E-01    2.814666E-01   -1.230627E+01    0.000000E+00    0.000000E+00    0.000000E+00   -8.187883E-02   -2.329157E-01    1.050188E-04    0.000000E+00    0.000000E+00    0.000000E+00
5.565000E-01   -5.430657E-01    2.817494E-01   -1.230627E+01    0.000000E+00    0.000000E+00    0.000000E+00   -8.197028E-02   -2.334117E-01    1.085527E-04    0.000000E+00    0.000000E+00    0.000000E+00
5.575000E-01   -5.446214E-01    2.820367E-01   -1.230626E+01    0.000000E+00    0.000000E+00    0.000000E+00   -8.206246E-02   -2.339082E-01    1.122526E-04    0.000000E+00    0.000000E+00    0.000000E+00
5.585000E-01   -5.461808E-01    2.823280E-01   -1.230624E+01    0.000000E+00    0.000000E+00    0.000000E+00   -8.215539E-02   -2.344054E-01    1.161448E-04    0.000000E+00    0.000000E+00    0.000000E+00
5.595000E-01   -5.477429E-01    2.826241E-01   -1.230623E+01    0.000000E+00    0.000000E+00    0.000000E+00   -8.224914E-02   -2.349036E-01    1.200685E-04    0.000000E+00    0.000000E+00    0.000000E+00
5.605000E-01   -5.493045E-01    2.829247E-01   -1.230621E+01    0.000000E+00    0.000000E+00    0.000000E+00   -8.234338E-02   -2.354018E-01    1.239048E-04    0.000000E+00    0.000000E+00    0.000000E+00
5.615000E-01   -5.508599E-01    2.832323E-01   -1.230619E+01    0.000000E+00    0.000000E+00    0.000000E+00   -8.243965E-02   -2.358974E-01    1.277622E-04    0.000000E+00    0.000000E+00    0.000000E+00
5.625000E-01   -5.524128E-01    2.835473E-01   -1.230616E+01    0.000000E+00    0.000000E+00    0.000000E+00   -8.253834E-02   -2.363913E-01    1.318256E-04    0.000000E+00    0.000000E+00    0.000000E+00
5.635000E-01   -5.539675E-01    2.838671E-01   -1.230613E+01    0.000000E+00    0.000000E+00    0.000000E+00   -8.263820E-02   -2.368851E-01    1.361006E-04    0.000000E+00    0.000000E+00    0.000000E+00
5.645000E-01   -5.555177E-01    2.841914E-01   -1.230610E+01    0.000000E+00    0.000000E+00    0.000000E+00   -8.273896E-02   -2.373767E-01    1.404536E-04    0.000000E+00    0.000000E+00    0.000000E+00
5.655000E-01   -5.570564E-01    2.845244E-01   -1.230606E+01    0.000000E+00    0.000000E+00    0.000000E+00   -8.284251E-02   -2.378635E-01    1.447290E-04    0.000000E+00    0.000000E+00    0.000000E+00
5.665000E-01   -5.585921E-01    2.848654E-01   -1.230602E+01    0.000000E+00    0.000000E+00    0.000000E+00   -8.294845E-02   -2.383486E-01    1.490185E-04    0.000000E+00    0.000000E+00    0.000000E+00
5.675000E-01   -5.601385E-01    2.852087E-01   -1.230598E+01    0.000000E+00    0.000000E+00    0.000000E+00   -8.305369E-02   -2.388373E-01    1.535868E-04    0.000000E+00    0.000000E+00    0.000000E+00
5.685000E-01   -5.617086E-01    2.855495E-01   -1.230593E+01    0.000000E+00    0.000000E+00    0.000000E+00   -8.315527E-02   -2.393356E-01    1.586742E-04    0.000000E+00    0.000000E+00    0.000000E+00
5.695000E-01   -5.632839E-01    2.858925E-01   -1.230588E+01    0.000000E+00    0.000000E+00    0.000000E+00   -8.325599E-02   -2.398364E-01    1.639448E-04    0.000000E+00    0.000000E+00    0.000000E+00
5.705000E-01   -5.648112E-01    2.862591E-01   -1.230582E+01    0.000000E+00    0.000000E+00    0.000000E+00   -8.336798E-02   -2.403181E-01    1.683641E-04    0.000000E+00    0.000000E+00    0.000000E+00
5.715000E-01   -5.663741E-01    2.866361E-01   -1.230576E+01    0.000000E+00    0.000000E+00    0.000000E+00   -8.348271E-02   -2.408118E-01    1.739319E-04    0.000000E+00    0.000000E+00    0.000000E+00
5.725000E-01   -5.680047E-01    2.869958E-01   -1.230570E+01    0.000000E+00    0.000000E+00    0.000000E+00   -8.358666E-02   -2.413309E-01    1.819575E-04    0.000000E+00    0.000000E+00    0.000000E+00
5.735000E-01   -5.696236E-01    2.873431E-01   -1.230564E+01    0.000000E+00    0.000000E+00    0.000000E+00   -8.368418E-02   -2.418469E-01    1.906498E-04    0.000000E+00    0.000000E+00    0.000000E+00
5.745000E-01   -5.712082E-01    2.876969E-01   -1.230557E+01    0.000000E+00    0.000000E+00    0.000000E+00   -8.378478E-02   -2.423515E-01    1.986618E-04    0.000000E+00    0.000000E+00    0.000000E+00
5.755000E-01   -5.728086E-01    2.880644E-01   -1.230550E+01    0.000000E+00    0.000000E+00    0.000000E+00   -8.389044E-02   -2.428621E-01    2.067268E-04    0.000000E+00    0.000000E+00    0.000000E+00
5.765000E-01   -5.744410E-01    2.884377E-01   -1.230543E+01    0.000000E+00    0.000000E+00    0.000000E+00   -8.399717E-02   -2.433839E-01    2.158741E-04    0.000000E+00    0.000000E+00    0.000000E+00
5.775000E-01   -5.760787E-01    2.888081E-01   -1.230535E+01    0.000000E+00    0.000000E+00    0.000000E+00   -8.410149E-02   -2.439070E-01    2.260695E-04    0.000000E+00    0.000000E+00    0.000000E+00
5.785000E-01   -5.777045E-01    2.891758E-01   -1.230528E+01    0.000000E+00    0.000000E+00    0.000000E+00   -8.420382E-02   -2.444252E-01    2.365832E-04    0.000000E+00    0.000000E+00    0.000000E+00
5.795000E-01   -5.793216E-01    2.895441E-01   -1.230521E+01    0.000000E+00    0.000000E+00    0.000000E+00   -8.430550E-02   -2.449400E-01    2.465373E-04    0.000000E+00    0.000000E+00    0.000000E+00
5.805000E-01   -5.809363E-01    2.899155E-01   -1.230513E+01    0.000000E+00    0.000000E+00    0.000000E+00   -8.440776E-02   -2.454540E-01    2.555689E-04    0.000000E+00    0.000000E+00    0.000000E+00
5.815000E-01   -5.825494E-01    2.902903E-01   -1.230504E+01    0.000000E+00    0.000000E+00    0.000000E+00   -8.451081E-02   -2.459681E-01    2.636702E-04    0.000000E+00    0.000000E+00    0.000000E+00
5.825000E-01   -5.841617E-01    2.906671E-01   -1.230495E+01    0.000000E+00    0.000000E+00    0.000000E+00   -8.461413E-02   -2.464824E-01    2.709873E-04    0.000000E+00    0.000000E+00    0.000000E+00
5.835000E-01   -5.857763E-01    2.910471E-01   -1.230486E+01    0.000000E+00    0.000000E+00    0.000000E+00   -8.471790E-02   -2.469977E-01    2.777847E-04    0.000000E+00    0.000000E+00    0.000000E+00
5.845000E-01   -5.873939E-01    2.914322E-01   -1.230477E+01    0.000000E+00    0.000000E+00    0.000000E+00   -8.482263E-02   -2.475144E-01    2.842147E-04    0.000000E+00    0.000000E+00    0.000000E+00
5.855000E-01   -5.890135E-01    2.918216E-01   -1.230467E+01    0.000000E+00    0.000000E+00    0.000000E+00   -8.492796E-02   -2.480321E-01    2.902247E-04    0.000000E+00    0.000000E+00    0.000000E+00
5.865000E-01   -5.906354E-01    2.922140E-01   -1.230458E+01    0.000000E+00    0.000000E+00    0.000000E+00   -8.503363E-02   -2.485508E-01    2.958834E-04    0.000000E+00    0.000000E+00    0.000000E+00
5.875000E-01   -5.922612E-01    2.926075E-01   -1.230447E+01    0.000000E+00    0.000000E+00    0.000000E+00   -8.513908E-02   -2.490708E-01    3.012821E-04    0.000000E+00    0.000000E+00    0.000000E+00
5.885000E-01   -5.938895E-01    2.930011E-01   -1.230437E+01    0.000000E+00    0.000000E+00    0.000000E+00   -8.524400E-02   -2.495917E-01    3.062870E-04    0.000000E+00    0.000000E+00    0.000000E+00
5.895000E-01   -5.955204E-01    2.933932E-01   -1.230426E+01    0.000000E+00    0.000000E+00    0.000000E+00   -8.534807E-02   -2.501134E-01    3.110305E-04    0.000000E+00    0.000000E+00    0.000000E+00
5.905000E-01   -5.971566E-01    2.937823E-01   -1.230415E+01    0.000000E+00    0.000000E+00    0.000000E+00   -8.545099E-02   -2.506366E-01    3.159596E-04    0.000000E+00    0.000000E+00    0.000000E+00
5.915000E-01   -5.987963E-01    2.941708E-01   -1.230404E+01    0.000000E+00    0.000000E+00    0.000000E+00   -8.555333E-02   -2.511609E-01    3.209075E-04    0.000000E+00    0.000000E+00    0.000000E+00
5.925000E-01   -6.004377E-01    2.945584E-01   -1.230392E+01    0.000000E+00    0.000000E+00    0.000000E+00   -8.565503E-02   -2.516859E-01    3.258069E-04    0.000000E+00    0.000000E+00    0.000000E+00
5.935000E-01   -6.020789E-01    2.949433E-01   -1.230380E+01    0.000000E+00    0.000000E+00    0.000000E+00   -8.575566E-02   -2.522110E-01    3.306878E-04    0.000000E+00    0.000000E+00    0.000000E+00
5.945000E-01   -6.037181E-01    2.953226E-01   -1.230368E+01    0.000000E+00    0.000000E+00    0.000000E+00   -8.585447E-02   -2.527356E-01    3.357359E-04    0.000000E+00    0.000000E+00    0.000000E+00
5.955000E-01   -6.053564E-01    2.956979E-01   -1.230356E+01    0.000000E+00    0.000000E+00    0.000000E+00   -8.595145E-02   -2.532599E-01    3.408752E-04    0.000000E+00    0.000000E+00    0.000000E+00
5.965000E-01   -6.069932E-01    2.960717E-01   -1.230343E+01    0.000000E+00    0.000000E+00    0.000000E+00   -8.604730E-02   -2.537838E-01    3.457201E-04    0.000000E+00    0.000000E+00    0.000000E+00
5.975000E-01   -6.086258E-01    2.964439E-01   -1.230330E+01    0.000000E+00    0.000000E+00    0.000000E+00   -8.614242E-02   -2.543065E-01    3.501795E-04    0.000000E+00    0.000000E+00    0.000000E+00
5.985000E-01   -6.102558E-01    2.968134E-01   -1.230317E+01    0.000000E+00    0.000000E+00    0.000000E+00   -8.623688E-02   -2.548277E-01    3.543028E-04    0.000000E+00    0.000000E+00    0.000000E+00
5.995000E-01   -6.118860E-01    2.971785E-01   -1.230304E+01    0.000000E+00    0.000000E+00    0.000000E+00   -8.632986E-02   -2.553483E-01    3.580095E-04    0.000000E+00    0.000000E+00    0.000000E+00
6.005000E-01   -6.135164E-01    2.975380E-01   -1.230290E+01    0.000000E+00    0.000000E+00    0.000000E+00   -8.642079E-02   -2.558688E-01    3.612648E-04    0.000000E+00    0.000000E+00    0.000000E+00
6.015000E-01   -6.151456E-01    2.978914E-01   -1.230276E+01    0.000000E+00    0.000000E+00    0.000000E+00   -8.650963E-02   -2.563887E-01    3.643706E-04    0.000000E+00    0.000000E+00    0.000000E+00
6.025000E-01   -6.167728E-01    2.982387E-01   -1.230262E+01    0.000000E+00    0.000000E+00    0.000000E+00   -8.659646E-02   -2.569081E-01    3.675924E-04    0.000000E+00    0.000000E+00    0.000000E+00
6.035000E-01   -6.183995E-01    2.985828E-01   -1.230248E+01    0.000000E+00    0.000000E+00    0.000000E+00   -8.668194E-02   -2.574272E-01    3.708340E-04    0.000000E+00    0.000000E+00    0.000000E+00
6.045000E-01   -6.200232E-01    2.989259E-01   -1.230233E+01    0.000000E+00    0.000000E+00    0.000000E+00   -8.676705E-02   -2.579450E-01    3.739726E-04    0.000000E+00    0.000000E+00    0.000000E+00
6.055000E-01   -6.216445E-01    2.992667E-01   -1.230218E+01    0.000000E+00    0.000000E+00    0.000000E+00   -8.685141E-02   -2.584617E-01    3.770595E-04    0.000000E+00    0.000000E+00    0.000000E+00
6.065000E-01   -6.232642E-01    2.996027E-01   -1.230203E+01    0.000000E+00    0.000000E+00    0.000000E+00   -8.693409E-02   -2.589778E-01    3.801817E-04    0.000000E+00    0.000000E+00    0.000000E+00
6.075000E-01   -6.248812E-01    2.999338E-01   -1.230188E+01    0.000000E+00    0.000000E+00    0.000000E+00   -8.701503E-02   -2.594927E-01    3.833075E-04    0.000000E+00    0.000000E+00    0.000000E+00
6.085000E-01   -6.264967E-01    3.002624E-01   -1.230172E+01    0.000000E+00    0.000000E+00    0.000000E+00   -8.709497E-02   -2.600066E-01    3.863593E-04    0.000000E+00    0.000000E+00    0.000000E+00
6.095000E-01   -6.281119E-01    3.005919E-01   -1.230156E+01    0.000000E+00    0.000000E+00    0.000000E+00   -8.717544E-02   -2.605201E-01    3.889939E-04    0.000000E+00    0.000000E+00    0.000000E+00
6.105000E-01   -6.297292E-01    3.009228E-01   -1.230140E+01    0.000000E+00    0.000000E+00    0.000000E+00   -8.725671E-02   -2.610339E-01    3.911525E-04    0.000000E+00    0.000000E+00    0.000000E+00
6.115000E-01   -6.313473E-01    3.012455E-01   -1.230123E+01    0.000000E+00    0.000000E+00    0.000000E+00   -8.733519E-02   -2.615473E-01    3.937316E-04    0.000000E+00    0.000000E+00    0.000000E+00
6.125000E-01   -6.329685E-01    3.015657E-01   -1.230106E+01    0.000000E+00    0.000000E+00    0.000000E+00   -8.741289E-02   -2.620610E-01    3.961738E-04    0.000000E+00    0.000000E+00    0.000000E+00
6.135000E-01   -6.345964E-01    3.018909E-01   -1.230089E+01    0.000000E+00    0.000000E+00    0.000000E+00   -8.749277E-02   -2.625761E-01    3.975070E-04    0.000000E+00    0.000000E+00    0.000000E+00
6.145000E-01   -6.362334E-01    3.022178E-01   -1.230072E+01    0.000000E+00    0.000000E+00    0.000000E+00   -8.757399E-02   -2.630933E-01    3.975793E-04    0.000000E+00    0.000000E+00    0.000000E+00
6.155000E-01   -6.378768E-01    3.025400E-01   -1.230055E+01    0.000000E+00    0.000000E+00    0.000000E+00   -8.765399E-02   -2.636115E-01    3.970575E-04    0.000000E+00    0.000000E+00    0.000000E+00
6.165000E-01   -6.395235E-01    3.028563E-01   -1.230038E+01    0.000000E+00    0.000000E+00    0.000000E+00   -8.773175E-02   -2.641297E-01    3.964961E-04    0.000000E+00    0.000000E+00    0.000000E+00
6.175000E-01   -6.411739E-01    3.031688E-01   -1.230020E+01    0.000000E+00    0.000000E+00    0.000000E+00   -8.780773E-02   -2.646484E-01    3.961478E-04    0.000000E+00    0.000000E+00    0.000000E+00
6.185000E-01   -6.428285E-01    3.034791E-01   -1.230003E+01    0.000000E+00    0.000000E+00    0.000000E+00   -8.788280E-02   -2.651681E-01    3.960494E-04    0.000000E+00    0.000000E+00    0.000000E+00
6.195000E-01   -6.444865E-01    3.037865E-01   -1.229985E+01    0.000000E+00    0.000000E+00    0.000000E+00   -8.795687E-02   -2.656882E-01    3.962222E-04    0.000000E+00    0.000000E+00    0.000000E+00
6.205000E-01   -6.461514E-01    3.040964E-01   -1.229967E+01    0.000000E+00    0.000000E+00    0.000000E+00   -8.803191E-02   -2.662100E-01    3.968740E-04    0.000000E+00    0.000000E+00    0.000000E+00
6.215000E-01   -6.478263E-01    3.044108E-01   -1.229949E+01    0.000000E+00    0.000000E+00    0.000000E+00   -8.810851E-02   -2.667348E-01    3.980167E-04    0.000000E+00    0.000000E+00    0.000000E+00
6.225000E-01   -6.495088E-01    3.047234E-01   -1.229931E+01    0.000000E+00    0.000000E+00    0.000000E+00   -8.818440E-02   -2.672622E-01    3.994864E-04    0.000000E+00    0.000000E+00    0.000000E+00
6.235000E-01   -6.511954E-01    3.050343E-01   -1.229914E+01    0.000000E+00    0.000000E+00    0.000000E+00   -8.825964E-02   -2.677909E-01    4.013558E-04    0.000000E+00    0.000000E+00    0.000000E+00
6.245000E-01   -6.528867E-01    3.053466E-01   -1.229896E+01    0.000000E+00    0.000000E+00    0.000000E+00   -8.833560E-02   -2.683209E-01    4.036497E-04    0.000000E+00    0.000000E+00    0.000000E+00
6.255000E-01   -6.545842E-01    3.056629E-01   -1.229878E+01    0.000000E+00    0.000000E+00    0.000000E+00   -8.841438E-02   -2.688540E-01    4.062376E-04    0.000000E+00    0.000000E+00    0.000000E+00
6.265000E-01   -6.562788E-01    3.059757E-01   -1.229860E+01    0.000000E+00    0.000000E+00    0.000000E+00   -8.849300E-02   -2.693868E-01    4.090847E-04    0.000000E+00    0.000000E+00    0.000000E+00
6.275000E-01   -6.579673E-01    3.062775E-01   -1.229842E+01    0.000000E+00    0.000000E+00    0.000000E+00   -8.856772E-02   -2.699172E-01    4.120669E-04    0.000000E+00    0.000000E+00    0.000000E+00
6.285000E-01   -6.596555E-01    3.065719E-01   -1.229824E+01    0.000000E+00    0.000000E+00    0.000000E+00   -8.863942E-02   -2.704469E-01    4.151105E-04    0.000000E+00    0.000000E+00    0.000000E+00
6.295000E-01   -6.613579E-01    3.068890E-01   -1.229806E+01    0.000000E+00    0.000000E+00    0.000000E+00   -8.871978E-02   -2.709811E-01    4.195110E-04    0.000000E+00    0.000000E+00    0.000000E+00
6.305000E-01   -6.630672E-01    3.072011E-01   -1.229789E+01    0.000000E+00    0.000000E+00    0.000000E+00   -8.879882E-02   -2.715172E-01    4.243101E-04    0.000000E+00    0.000000E+00    0.000000E+00
6.315000E-01   -6.647596E-01    3.074751E-01   -1.229771E+01    0.000000E+00    0.000000E+00    0.000000E+00   -8.886414E-02   -2.720471E-01    4.271921E-04    0.000000E+00    0.000000E+00    0.000000E+00
6.325000E-01   -6.664344E-01    3.077273E-01   -1.229753E+01    0.000000E+00    0.000000E+00    0.000000E+00   -8.892113E-02   -2.725709E-01    4.283441E-04    0.000000E+00    0.000000E+00    0.000000E+00
6.335000E-01   -6.681070E-01    3.079774E-01   -1.229735E+01    0.000000E+00    0.000000E+00    0.000000E+00   -8.897656E-02   -2.730937E-01    4.292349E-04    0.000000E+00    0.000000E+00    0.000000E+00
6.345000E-01   -6.697831E-01    3.082238E-01   -1.229717E+01    0.000000E+00    0.000000E+00    0.000000E+00   -8.903006E-02   -2.736174E-01    4.302130E-04    0.000000E+00    0.000000E+00    0.000000E+00
6.355000E-01   -6.714601E-01    3.084617E-01   -1.229698E+01    0.000000E+00    0.000000E+00    0.000000E+00   -8.907999E-02   -2.741415E-01    4.309485E-04    0.000000E+00    0.000000E+00    0.000000E+00
6.365000E-01   -6.731346E-01    3.086916E-01   -1.229680E+01    0.000000E+00    0.000000E+00    0.000000E+00   -8.912650E-02   -2.746649E-01    4.314479E-04    0.000000E+00    0.000000E+00    0.000000E+00
6.375000E-01   -6.748076E-01    3.089206E-01   -1.229662E+01    0.000000E+00    0.000000E+00    0.000000E+00   -8.917195E-02   -2.751877E-01    4.320386E-04    0.000000E+00    0.000000E+00    0.000000E+00
6.385000E-01   -6.764814E-01    3.091510E-01   -1.229644E+01    0.000000E+00    0.000000E+00    0.000000E+00   -8.921694E-02   -2.757107E-01    4.329615E-04    0.000000E+00    0.000000E+00    0.000000E+00
6.395000E-01   -6.781589E-01    3.093844E-01   -1.229626E+01    0.000000E+00    0.000000E+00    0.000000E+00   -8.926223E-02   -2.762349E-01    4.343109E-04    0.000000E+00    0.000000E+00    0.000000E+00
6.405000E-01   -6.798436E-01    3.096278E-01   -1.229608E+01    0.000000E+00    0.000000E+00    0.000000E+00   -8.931071E-02   -2.767616E-01    4.365124E-04    0.000000E+00    0.000000E+00    0.000000E+00
6.415000E-01   -6.815318E-01    3.098718E-01   -1.229590E+01    0.000000E+00    0.000000E+00    0.000000E+00   -8.935899E-02   -2.772897E-01    4.393280E-04    0.000000E+00    0.000000E+00    0.000000E+00
6.425000E-01   -6.832179E-01    3.101073E-01   -1.229573E+01    0.000000E+00    0.000000E+00    0.000000E+00   -8.940383E-02   -2.778176E-01    4.423004E-04    0.000000E+00    0.000000E+00    0.000000E+00
6.435000E-01   -6.849010E-01    3.103377E-01   -1.229555E+01    0.000000E+00    0.000000E+00    0.000000E+00   -8.944643E-02   -2.783449E-01    4.454239E-04    0.000000E+00    0.000000E+00    0.000000E+00
6.445000E-01   -6.865802E-01    3.105678E-01   -1.229537E+01    0.000000E+00    0.000000E+00    0.000000E+00   -8.948847E-02   -2.788719E-01    4.487494E-04    0.000000E+00    0.000000E+00    0.000000E+00
6.455000E-01   -6.882546E-01    3.107962E-01   -1.229520E+01    0.000000E+00    0.000000E+00    0.000000E+00   -8.952951E-02   -2.793980E-01    4.523415E-04    0.000000E+00    0.000000E+00    0.000000E+00
6.465000E-01   -6.899240E-01    3.110211E-01   -1.229502E+01    0.000000E+00    0.000000E+00    0.000000E+00   -8.956899E-02   -2.799230E-01    4.562308E-04    0.000000E+00    0.000000E+00    0.000000E+00
6.475000E-01   -6.915894E-01    3.112423E-01   -1.229484E+01    0.000000E+00    0.000000E+00    0.000000E+00   -8.960686E-02   -2.804473E-01    4.604028E-04    0.000000E+00    0.000000E+00    0.000000E+00
6.485000E-01   -6.932514E-01    3.114596E-01   -1.229467E+01    0.000000E+00    0.000000E+00    0.000000E+00   -8.964288E-02   -2.809712E-01    4.648537E-04    0.000000E+00    0.000000E+00    0.000000E+00
6.495000E-01   -6.949098E-01    3.116744E-01   -1.229449E+01    0.000000E+00    0.000000E+00    0.000000E+00   -8.967749E-02   -2.814948E-01    4.695164E-04    0.000000E+00    0.000000E+00    0.000000E+00
6.505000E-01   -6.965630E-01    3.118865E-01   -1.229431E+01    0.000000E+00    0.000000E+00    0.000000E+00   -8.971064E-02   -2.820174E-01    4.743035E-04    0.000000E+00    0.000000E+00    0.000000E+00
6.515000E-01   -6.982100E-01    3.120961E-01   -1.229414E+01    0.000000E+00    0.000000E+00    0.000000E+00   -8.974248E-02   -2.825385E-01    4.790571E-04    0.000000E+00    0.000000E+00    0.000000E+00
6.525000E-01   -6.998529E-01    3.123023E-01   -1.229396E+01    0.000000E+00    0.000000E+00    0.000000E+00   -8.977277E-02   -2.830590E-01    4.837875E-04    0.000000E+00    0.000000E+00    0.000000E+00
6.535000E-01   -7.014917E-01    3.125032E-01   -1.229378E+01    0.000000E+00    0.000000E+00    0.000000E+00   -8.980096E-02   -2.835792E-01    4.885391E-04    0.000000E+00    0.000000E+00    0.000000E+00
6.545000E-01   -7.031242E-01    3.126985E-01   -1.229361E+01    0.000000E+00    0.000000E+00    0.000000E+00   -8.982696E-02   -2.840982E-01    4.932927E-04    0.000000E+00    0.000000E+00    0.000000E+00
6.555000E-01   -7.047489E-01    3.128888E-01   -1.229343E+01    0.000000E+00    0.000000E+00    0.000000E+00   -8.985085E-02   -2.846157E-01    4.980653E-04    0.000000E+00    0.000000E+00    0.000000E+00
6.565000E-01   -7.063659E-01    3.130738E-01   -1.229325E+01    0.000000E+00    0.000000E+00    0.000000E+00   -8.987254E-02   -2.851315E-01    5.028558E-04    0.000000E+00    0.000000E+00    0.000000E+00
6.575000E-01   -7.079752E-01    3.132551E-01   -1.229308E+01    0.000000E+00    0.000000E+00    0.000000E+00   -8.989255E-02   -2.856458E-01    5.076039E-04    0.000000E+00    0.000000E+00    0.000000E+00
6.585000E-01   -7.095764E-01    3.134320E-01   -1.229290E+01    0.000000E+00    0.000000E+00    0.000000E+00   -8.991065E-02   -2.861583E-01    5.122928E-04    0.000000E+00    0.000000E+00    0.000000E+00
6.595000E-01   -7.111697E-01    3.136043E-01   -1.229272E+01    0.000000E+00    0.000000E+00    0.000000E+00   -8.992688E-02   -2.866693E-01    5.169142E-04    0.000000E+00    0.000000E+00    0.000000E+00
6.605000E-01   -7.127551E-01    3.137711E-01   -1.229255E+01    0.000000E+00    0.000000E+00    0.000000E+00   -8.994100E-02   -2.871786E-01    5.214821E-04    0.000000E+00    0.000000E+00    0.000000E+00
6.615000E-01   -7.143334E-01    3.139322E-01   -1.229237E+01    0.000000E+00    0.000000E+00    0.000000E+00   -8.995284E-02   -2.876863E-01    5.258858E-04    0.000000E+00    0.000000E+00    0.000000E+00
6.625000E-01   -7.159055E-01    3.140881E-01   -1.229219E+01    0.000000E+00    0.000000E+00    0.000000E+00   -8.996263E-02   -2.881926E-01    5.299334E-04    0.000000E+00    0.000000E+00    0.000000E+00
6.635000E-01   -7.174719E-01    3.142393E-01   -1.229202E+01    0.000000E+00    0.000000E+00    0.000000E+00   -8.997068E-02   -2.886982E-01    5.335347E-04    0.000000E+00    0.000000E+00    0.000000E+00
6.645000E-01   -7.190283E-01    3.143854E-01   -1.229184E+01    0.000000E+00    0.000000E+00    0.000000E+00   -8.997710E-02   -2.892016E-01    5.368457E-04    0.000000E+00    0.000000E+00    0.000000E+00
6.655000E-01   -7.205730E-01    3.145248E-01   -1.229166E+01    0.000000E+00    0.000000E+00    0.000000E+00   -8.998125E-02   -2.897022E-01    5.402069E-04    0.000000E+00    0.000000E+00    0.000000E+00
6.665000E-01   -7.221072E-01    3.146567E-01   -1.229148E+01    0.000000E+00    0.000000E+00    0.000000E+00   -8.998246E-02   -2.902003E-01    5.438528E-04    0.000000E+00    0.000000E+00    0.000000E+00
6.675000E-01   -7.236296E-01    3.147832E-01   -1.229131E+01    0.000000E+00    0.000000E+00    0.000000E+00   -8.998146E-02   -2.906958E-01    5.475497E-04    0.000000E+00    0.000000E+00    0.000000E+00
6.685000E-01   -7.251387E-01    3.149059E-01   -1.229113E+01    0.000000E+00    0.000000E+00    0.000000E+00   -8.997906E-02   -2.911883E-01    5.511023E-04    0.000000E+00    0.000000E+00    0.000000E+00
6.695000E-01   -7.245481E-01    3.162569E-01   -1.229101E+01    0.000000E+00    0.000000E+00    0.000000E+00   -9.059417E-02   -2.906547E-01    1.231362E-05    0.000000E+00    0.000000E+00    0.000000E+00
6.705000E-01   -7.260365E-01    3.163683E-01   -1.229083E+01    0.000000E+00    0.000000E+00    0.000000E+00   -9.058813E-02   -2.911422E-01    1.572809E-05    0.000000E+00    0.000000E+00    0.000000E+00
6.715000E-01   -7.275168E-01    3.164726E-01   -1.229065E+01    0.000000E+00    0.000000E+00    0.000000E+00   -9.057973E-02   -2.916280E-01    1.904753E-05    0.000000E+00    0.000000E+00    0.000000E+00
6.725000E-01   -7.289889E-01    3.165701E-01   -1.229047E+01    0.000000E+00    0.000000E+00    0.000000E+00   -9.056905E-02   -2.921120E-01    2.224809E-05    0.000000E+00    0.000000E+00    0.000000E+00
6.735000E-01   -7.304521E-01    3.166607E-01   -1.229029E+01    0.000000E+00    0.000000E+00    0.000000E+00   -9.055599E-02   -2.925938E-01    2.533667E-05    0.000000E+00    0.000000E+00    0.000000E+00
6.745000E-01   -7.319060E-01    3.167433E-01   -1.229011E+01    0.000000E+00    0.000000E+00    0.000000E+00   -9.054029E-02   -2.930731E-01    2.814056E-05    0.000000E+00    0.000000E+00    0.000000E+00
6.755000E-01   -7.333537E-01    3.168180E-01   -1.228993E+01    0.000000E+00    0.000000E+00    0.000000E+00   -9.052182E-02   -2.935503E-01    3.035348E-05    0.000000E+00    0.000000E+00    0.000000E+00
6.765000E-01   -7.347987E-01    3.168857E-01   -1.228975E+01    0.000000E+00    0.000000E+00    0.000000E+00   -9.050067E-02   -2.940269E-01    3.189259E-05    0.000000E+00    0.000000E+00    0.000000E+00
6.775000E-01   -7.362381E-01    3.169484E-01   -1.228957E+01    0.000000E+00    0.000000E+00    0.000000E+00   -9.047775E-02   -2.945026E-01    3.301955E-05    0.000000E+00    0.000000E+00    0.000000E+00
6.785000E-01   -7.376686E-01    3.170052E-01   -1.228939E+01    0.000000E+00    0.000000E+00    0.000000E+00   -9.045282E-02   -2.949761E-01    3.388224E-05    0.000000E+00    0.000000E+00    0.000000E+00
6.795000E-01   -7.390936E-01    3.170529E-01   -1.228921E+01    0.000000E+00    0.000000E+00    0.000000E+00   -9.042475E-02   -2.954484E-01    3.439437E-05    0.000000E+00    0.000000E+00    0.000000E+00
6.805000E-01   -7.405190E-01    3.170862E-01   -1.228902E+01    0.000000E+00    0.000000E+00    0.000000E+00   -9.039141E-02   -2.959221E-01    3.461923E-05    0.000000E+00    0.000000E+00    0.000000E+00
6.815000E-01   -7.419374E-01    3.171109E-01   -1.228884E+01    0.000000E+00    0.000000E+00    0.000000E+00   -9.035449E-02   -2.963951E-01    3.476587E-05    0.000000E+00    0.000000E+00    0.000000E+00
6.825000E-01   -7.433424E-01    3.171326E-01   -1.228865E+01    0.000000E+00    0.000000E+00    0.000000E+00   -9.031594E-02   -2.968649E-01    3.497868E-05    0.000000E+00    0.000000E+00    0.000000E+00
6.835000E-01   -7.447363E-01    3.171501E-01   -1.228847E+01    0.000000E+00    0.000000E+00    0.000000E+00   -9.027571E-02   -2.973315E-01    3.522932E-05    0.000000E+00    0.000000E+00    0.000000E+00
6.845000E-01   -7.461235E-01    3.171608E-01   -1.228828E+01    0.000000E+00    0.000000E+00    0.000000E+00   -9.023311E-02   -2.977961E-01    3.542279E-05    0.000000E+00    0.000000E+00    0.000000E+00
6.855000E-01   -7.475048E-01    3.171648E-01   -1.228809E+01    0.000000E+00    0.000000E+00    0.000000E+00   -9.018811E-02   -2.982593E-01    3.554537E-05    0.000000E+00    0.000000E+00    0.000000E+00
6.865000E-01   -7.488789E-01    3.171627E-01   -1.228791E+01    0.000000E+00    0.000000E+00    0.000000E+00   -9.014087E-02   -2.987205E-01    3.558189E-05    0.000000E+00    0.000000E+00    0.000000E+00
6.875000E-01   -7.502467E-01    3.171556E-01   -1.228772E+01    0.000000E+00    0.000000E+00    0.000000E+00   -9.009167E-02   -2.991801E-01    3.552961E-05    0.000000E+00    0.000000E+00    0.000000E+00
6.885000E-01   -7.516096E-01    3.171425E-01   -1.228753E+01    0.000000E+00    0.000000E+00    0.000000E+00   -9.004018E-02   -2.996384E-01    3.542269E-05    0.000000E+00    0.000000E+00    0.000000E+00
6.895000E-01   -7.529668E-01    3.171218E-01   -1.228734E+01    0.000000E+00    0.000000E+00    0.000000E+00   -8.998591E-02   -3.000953E-01    3.527464E-05    0.000000E+00    0.000000E+00    0.000000E+00
6.905000E-01   -7.543165E-01    3.170958E-01   -1.228714E+01    0.000000E+00    0.000000E+00    0.000000E+00   -8.992949E-02   -3.005505E-01    3.510947E-05    0.000000E+00    0.000000E+00    0.000000E+00
6.915000E-01   -7.556589E-01    3.170659E-01   -1.228695E+01    0.000000E+00    0.000000E+00    0.000000E+00   -8.987143E-02   -3.010038E-01    3.500375E-05    0.000000E+00    0.000000E+00    0.000000E+00
6.925000E-01   -7.569958E-01    3.170318E-01   -1.228676E+01    0.000000E+00    0.000000E+00    0.000000E+00   -8.981150E-02   -3.014556E-01    3.496664E-05    0.000000E+00    0.000000E+00    0.000000E+00
6.935000E-01   -7.583289E-01    3.169936E-01   -1.228657E+01    0.000000E+00    0.000000E+00    0.000000E+00   -8.974944E-02   -3.019060E-01    3.499339E-05    0.000000E+00    0.000000E+00    0.000000E+00
6.945000E-01   -7.596581E-01    3.169526E-01   -1.228638E+01    0.000000E+00    0.000000E+00    0.000000E+00   -8.968550E-02   -3.023551E-01    3.507900E-05    0.000000E+00    0.000000E+00    0.000000E+00
6.955000E-01   -7.609818E-01    3.169094E-01   -1.228619E+01    0.000000E+00    0.000000E+00    0.000000E+00   -8.962003E-02   -3.028025E-01    3.518952E-05    0.000000E+00    0.000000E+00    0.000000E+00
6.965000E-01   -7.622985E-01    3.168641E-01   -1.228599E+01    0.000000E+00    0.000000E+00    0.000000E+00   -8.955328E-02   -3.032481E-01    3.533145E-05    0.000000E+00    0.000000E+00    0.000000E+00
6.975000E-01   -7.636089E-01    3.168153E-01   -1.228579E+01    0.000000E+00    0.000000E+00    0.000000E+00   -8.948501E-02   -3.036919E-01    3.559800E-05    0.000000E+00    0.000000E+00    0.000000E+00
6.985000E-01   -7.649132E-01    3.167609E-01   -1.228559E+01    0.000000E+00    0.000000E+00    0.000000E+00   -8.941468E-02   -3.041344E-01    3.596721E-05    0.000000E+00    0.000000E+00    0.000000E+00
6.995000E-01   -7.662104E-01    3.167011E-01   -1.228540E+01    0.000000E+00    0.000000E+00    0.000000E+00   -8.934236E-02   -3.045751E-01    3.634997E-05    0.000000E+00    0.000000E+00    0.000000E+00
7.005000E-01   -7.675011E-01    3.166384E-01   -1.228520E+01    0.000000E+00    0.000000E+00    0.000000E+00   -8.926851E-02   -3.050142E-01    3.678756E-05    0.000000E+00    0.000000E+00    0.000000E+00
7.015000E-01   -7.687861E-01    3.165742E-01   -1.228500E+01    0.000000E+00    0.000000E+00    0.000000E+00   -8.919342E-02   -3.054516E-01    3.735881E-05    0.000000E+00    0.000000E+00    0.000000E+00
7.025000E-01   -7.700665E-01    3.165087E-01   -1.228479E+01    0.000000E+00    0.000000E+00    0.000000E+00   -8.911713E-02   -3.058878E-01    3.807935E-05    0.000000E+00    0.000000E+00    0.000000E+00
7.035000E-01   -7.713421E-01    3.164405E-01   -1.228459E+01    0.000000E+00    0.000000E+00    0.000000E+00   -8.903928E-02   -3.063227E-01    3.891500E-05    0.000000E+00    0.000000E+00    0.000000E+00
7.045000E-01   -7.726126E-01    3.163696E-01   -1.228438E+01    0.000000E+00    0.000000E+00    0.000000E+00   -8.895987E-02   -3.067561E-01    3.983857E-05    0.000000E+00    0.000000E+00    0.000000E+00
7.055000E-01   -7.738776E-01    3.162968E-01   -1.228417E+01    0.000000E+00    0.000000E+00    0.000000E+00   -8.887907E-02   -3.071878E-01    4.079117E-05    0.000000E+00    0.000000E+00    0.000000E+00
7.065000E-01   -7.751359E-01    3.162206E-01   -1.228396E+01    0.000000E+00    0.000000E+00    0.000000E+00   -8.879629E-02   -3.076171E-01    4.169480E-05    0.000000E+00    0.000000E+00    0.000000E+00
7.075000E-01   -7.763877E-01    3.161393E-01   -1.228375E+01    0.000000E+00    0.000000E+00    0.000000E+00   -8.871070E-02   -3.080438E-01    4.256812E-05    0.000000E+00    0.000000E+00    0.000000E+00
7.085000E-01   -7.776370E-01    3.160562E-01   -1.228354E+01    0.000000E+00    0.000000E+00    0.000000E+00   -8.862318E-02   -3.084695E-01    4.331289E-05    0.000000E+00    0.000000E+00    0.000000E+00
7.095000E-01   -7.788852E-01    3.159721E-01   -1.228332E+01    0.000000E+00    0.000000E+00    0.000000E+00   -8.853429E-02   -3.088949E-01    4.390303E-05    0.000000E+00    0.000000E+00    0.000000E+00
7.105000E-01   -7.801306E-01    3.158842E-01   -1.228310E+01    0.000000E+00    0.000000E+00    0.000000E+00   -8.844346E-02   -3.093194E-01    4.443103E-05    0.000000E+00    0.000000E+00    0.000000E+00
7.115000E-01   -7.813715E-01    3.157914E-01   -1.228288E+01    0.000000E+00    0.000000E+00    0.000000E+00   -8.835020E-02   -3.097428E-01    4.494693E-05    0.000000E+00    0.000000E+00    0.000000E+00
7.125000E-01   -7.826066E-01    3.156945E-01   -1.228267E+01    0.000000E+00    0.000000E+00    0.000000E+00   -8.825475E-02   -3.101647E-01    4.548029E-05    0.000000E+00    0.000000E+00    0.000000E+00
7.135000E-01   -7.838360E-01    3.155959E-01   -1.228244E+01    0.000000E+00    0.000000E+00    0.000000E+00   -8.815814E-02   -3.105851E-01    4.603693E-05    0.000000E+00    0.000000E+00    0.000000E+00
7.145000E-01   -7.850617E-01    3.154948E-01   -1.228222E+01    0.000000E+00    0.000000E+00    0.000000E+00   -8.806024E-02   -3.110041E-01    4.654160E-05    0.000000E+00    0.000000E+00    0.000000E+00
7.155000E-01   -7.862841E-01    3.153911E-01   -1.228200E+01    0.000000E+00    0.000000E+00    0.000000E+00   -8.796067E-02   -3.114218E-01    4.699796E-05    0.000000E+00    0.000000E+00    0.000000E+00
7.165000E-01   -7.875018E-01    3.152848E-01   -1.228177E+01    0.000000E+00    0.000000E+00    0.000000E+00   -8.785919E-02   -3.118380E-01    4.749058E-05    0.000000E+00    0.000000E+00    0.000000E+00
7.175000E-01   -7.887137E-01    3.151754E-01   -1.228155E+01    0.000000E+00    0.000000E+00    0.000000E+00   -8.775574E-02   -3.122527E-01    4.807026E-05    0.000000E+00    0.000000E+00    0.000000E+00
7.185000E-01   -7.899206E-01    3.150618E-01   -1.228132E+01    0.000000E+00    0.000000E+00    0.000000E+00   -8.765021E-02   -3.126660E-01    4.870531E-05    0.000000E+00    0.000000E+00    0.000000E+00
7.195000E-01   -7.911237E-01    3.149437E-01   -1.228109E+01    0.000000E+00    0.000000E+00    0.000000E+00   -8.754248E-02   -3.130781E-01    4.938374E-05    0.000000E+00    0.000000E+00    0.000000E+00
7.205000E-01   -7.923230E-01    3.148220E-01   -1.228085E+01    0.000000E+00    0.000000E+00    0.000000E+00   -8.743270E-02   -3.134890E-01    5.010285E-05    0.000000E+00    0.000000E+00    0.000000E+00
7.215000E-01   -7.935180E-01    3.146972E-01   -1.228062E+01    0.000000E+00    0.000000E+00    0.000000E+00   -8.732095E-02   -3.138988E-01    5.088527E-05    0.000000E+00    0.000000E+00    0.000000E+00
7.225000E-01   -7.947086E-01    3.145682E-01   -1.228039E+01    0.000000E+00    0.000000E+00    0.000000E+00   -8.720705E-02   -3.143075E-01    5.167116E-05    0.000000E+00    0.000000E+00    0.000000E+00
7.235000E-01   -7.958951E-01    3.144355E-01   -1.228015E+01    0.000000E+00    0.000000E+00    0.000000E+00   -8.709114E-02   -3.147150E-01    5.241083E-05    0.000000E+00    0.000000E+00    0.000000E+00
7.245000E-01   -7.970768E-01    3.142999E-01   -1.227992E+01    0.000000E+00    0.000000E+00    0.000000E+00   -8.697351E-02   -3.151211E-01    5.307796E-05    0.000000E+00    0.000000E+00    0.000000E+00
7.255000E-01   -7.982533E-01    3.141616E-01   -1.227968E+01    0.000000E+00    0.000000E+00    0.000000E+00   -8.685435E-02   -3.155256E-01    5.362461E-05    0.000000E+00    0.000000E+00    0.000000E+00
7.265000E-01   -7.994240E-01    3.140185E-01   -1.227944E+01    0.000000E+00    0.000000E+00    0.000000E+00   -8.673303E-02   -3.159283E-01    5.399940E-05    0.000000E+00    0.000000E+00    0.000000E+00
7.275000E-01   -8.005882E-01    3.138695E-01   -1.227920E+01    0.000000E+00    0.000000E+00    0.000000E+00   -8.660917E-02   -3.163290E-01    5.413008E-05    0.000000E+00    0.000000E+00    0.000000E+00
7.285000E-01   -8.017445E-01    3.137178E-01   -1.227896E+01    0.000000E+00    0.000000E+00    0.000000E+00   -8.648369E-02   -3.167272E-01    5.390002E-05    0.000000E+00    0.000000E+00    0.000000E+00
7.295000E-01   -8.028934E-01    3.135627E-01   -1.227872E+01    0.000000E+00    0.000000E+00    0.000000E+00   -8.635654E-02   -3.171227E-01    5.352080E-05    0.000000E+00    0.000000E+00    0.000000E+00
7.305000E-01   -8.040389E-01    3.134024E-01   -1.227848E+01    0.000000E+00    0.000000E+00    0.000000E+00   -8.622710E-02   -3.175170E-01    5.322472E-05    0.000000E+00    0.000000E+00    0.000000E+00
7.315000E-01   -8.051827E-01    3.132361E-01   -1.227823E+01    0.000000E+00    0.000000E+00    0.000000E+00   -8.609513E-02   -3.179108E-01    5.299395E-05    0.000000E+00    0.000000E+00    0.000000E+00
7.325000E-01   -8.063232E-01    3.130649E-01   -1.227799E+01    0.000000E+00    0.000000E+00    0.000000E+00   -8.596098E-02   -3.183036E-01    5.278029E-05    0.000000E+00    0.000000E+00    0.000000E+00
7.335000E-01   -8.074586E-01    3.128898E-01   -1.227774E+01    0.000000E+00    0.000000E+00    0.000000E+00   -8.582503E-02   -3.186949E-01    5.256630E-05    0.000000E+00    0.000000E+00    0.000000E+00
7.345000E-01   -8.085887E-01    3.127108E-01   -1.227749E+01    0.000000E+00    0.000000E+00    0.000000E+00   -8.568727E-02   -3.190844E-01    5.230191E-05    0.000000E+00    0.000000E+00    0.000000E+00
7.355000E-01   -8.097131E-01    3.125272E-01   -1.227724E+01    0.000000E+00    0.000000E+00    0.000000E+00   -8.554754E-02   -3.194722E-01    5.190230E-05    0.000000E+00    0.000000E+00    0.000000E+00
7.365000E-01   -8.108319E-01    3.123391E-01   -1.227699E+01    0.000000E+00    0.000000E+00    0.000000E+00   -8.540579E-02   -3.198582E-01    5.139813E-05    0.000000E+00    0.000000E+00    0.000000E+00
7.375000E-01   -8.119465E-01    3.121462E-01   -1.227674E+01    0.000000E+00    0.000000E+00    0.000000E+00   -8.526195E-02   -3.202425E-01    5.090710E-05    0.000000E+00    0.000000E+00    0.000000E+00
7.385000E-01   -8.130578E-01    3.119478E-01   -1.227649E+01    0.000000E+00    0.000000E+00    0.000000E+00   -8.511598E-02   -3.206255E-01    5.044519E-05    0.000000E+00    0.000000E+00    0.000000E+00
7.395000E-01   -8.141657E-01    3.117433E-01   -1.227624E+01    0.000000E+00    0.000000E+00    0.000000E+00   -8.496784E-02   -3.210074E-01    4.997127E-05    0.000000E+00    0.000000E+00    0.000000E+00
7.405000E-01   -8.152695E-01    3.115320E-01   -1.227598E+01    0.000000E+00    0.000000E+00    0.000000E+00   -8.481745E-02   -3.213878E-01    4.950736E-05    0.000000E+00    0.000000E+00    0.000000E+00
7.415000E-01   -8.163691E-01    3.113132E-01   -1.227573E+01    0.000000E+00    0.000000E+00    0.000000E+00   -8.466461E-02   -3.217665E-01    4.914293E-05    0.000000E+00    0.000000E+00    0.000000E+00
7.425000E-01   -8.174652E-01    3.110874E-01   -1.227548E+01    0.000000E+00    0.000000E+00    0.000000E+00   -8.450918E-02   -3.221441E-01    4.884405E-05    0.000000E+00    0.000000E+00    0.000000E+00
7.435000E-01   -8.210814E-01    3.102068E-01   -1.227528E+01    0.000000E+00    0.000000E+00    0.000000E+00   -8.404440E-02   -3.237687E-01    6.312210E-04    0.000000E+00    0.000000E+00    0.000000E+00
7.445000E-01   -8.221704E-01    3.099704E-01   -1.227503E+01    0.000000E+00    0.000000E+00    0.000000E+00   -8.388450E-02   -3.241445E-01    6.312004E-04    0.000000E+00    0.000000E+00    0.000000E+00
7.455000E-01   -8.232549E-01    3.097296E-01   -1.227478E+01    0.000000E+00    0.000000E+00    0.000000E+00   -8.372313E-02   -3.245187E-01    6.311844E-04    0.000000E+00    0.000000E+00    0.000000E+00
7.465000E-01   -8.243345E-01    3.094830E-01   -1.227452E+01    0.000000E+00    0.000000E+00    0.000000E+00   -8.355983E-02   -3.248912E-01    6.311227E-04    0.000000E+00    0.000000E+00    0.000000E+00
7.475000E-01   -8.254096E-01    3.092289E-01   -1.227426E+01    0.000000E+00    0.000000E+00    0.000000E+00   -8.339399E-02   -3.252623E-01    6.310371E-04    0.000000E+00    0.000000E+00    0.000000E+00
7.485000E-01   -8.264809E-01    3.089667E-01   -1.227401E+01    0.000000E+00    0.000000E+00    0.000000E+00   -8.322558E-02   -3.256321E-01    6.309544E-04    0.000000E+00    0.000000E+00    0.000000E+00
7.495000E-01   -8.275492E-01    3.086977E-01   -1.227375E+01    0.000000E+00    0.000000E+00    0.000000E+00   -8.305506E-02   -3.260008E-01    6.309264E-04    0.000000E+00    0.000000E+00    0.000000E+00
7.505000E-01   -8.286147E-01    3.084219E-01   -1.227350E+01    0.000000E+00    0.000000E+00    0.000000E+00   -8.288239E-02   -3.263684E-01    6.309584E-04    0.000000E+00    0.000000E+00    0.000000E+00
7.515000E-01   -8.296772E-01    3.081385E-01   -1.227324E+01    0.000000E+00    0.000000E+00    0.000000E+00   -8.270732E-02   -3.267350E-01    6.310234E-04    0.000000E+00    0.000000E+00    0.000000E+00
7.525000E-01   -8.307362E-01    3.078475E-01   -1.227298E+01    0.000000E+00    0.000000E+00    0.000000E+00   -8.252995E-02   -3.271003E-01    6.311039E-04    0.000000E+00    0.000000E+00    0.000000E+00
7.535000E-01   -8.317912E-01    3.075488E-01   -1.227272E+01    0.000000E+00    0.000000E+00    0.000000E+00   -8.235043E-02   -3.274642E-01    6.311887E-04    0.000000E+00    0.000000E+00    0.000000E+00
7.545000E-01   -8.328421E-01    3.072418E-01   -1.227247E+01    0.000000E+00    0.000000E+00    0.000000E+00   -8.216860E-02   -3.278266E-01    6.312488E-04    0.000000E+00    0.000000E+00    0.000000E+00
7.555000E-01   -8.338897E-01    3.069257E-01   -1.227221E+01    0.000000E+00    0.000000E+00    0.000000E+00   -8.198424E-02   -3.281878E-01    6.313308E-04    0.000000E+00    0.000000E+00    0.000000E+00
7.565000E-01   -8.349354E-01    3.065999E-01   -1.227195E+01    0.000000E+00    0.000000E+00    0.000000E+00   -8.179721E-02   -3.285479E-01    6.315387E-04    0.000000E+00    0.000000E+00    0.000000E+00
7.575000E-01   -8.359790E-01    3.062649E-01   -1.227169E+01    0.000000E+00    0.000000E+00    0.000000E+00   -8.160765E-02   -3.289071E-01    6.318086E-04    0.000000E+00    0.000000E+00    0.000000E+00
7.585000E-01   -8.370200E-01    3.059208E-01   -1.227143E+01    0.000000E+00    0.000000E+00    0.000000E+00   -8.141565E-02   -3.292650E-01    6.320559E-04    0.000000E+00    0.000000E+00    0.000000E+00
7.595000E-01   -8.380592E-01    3.055672E-01   -1.227117E+01    0.000000E+00    0.000000E+00    0.000000E+00   -8.122109E-02   -3.296218E-01    6.322520E-04    0.000000E+00    0.000000E+00    0.000000E+00
7.605000E-01   -8.390959E-01    3.052036E-01   -1.227091E+01    0.000000E+00    0.000000E+00    0.000000E+00   -8.102380E-02   -3.299773E-01    6.323751E-04    0.000000E+00    0.000000E+00    0.000000E+00
7.615000E-01   -8.401289E-01    3.048306E-01   -1.227066E+01    0.000000E+00    0.000000E+00    0.000000E+00   -8.082396E-02   -3.303319E-01    6.324214E-04    0.000000E+00    0.000000E+00    0.000000E+00
7.625000E-01   -8.411576E-01    3.044511E-01   -1.227040E+01    0.000000E+00    0.000000E+00    0.000000E+00   -8.062303E-02   -3.306860E-01    6.324084E-04    0.000000E+00    0.000000E+00    0.000000E+00
7.635000E-01   -8.421806E-01    3.040640E-01   -1.227014E+01    0.000000E+00    0.000000E+00    0.000000E+00   -8.042064E-02   -3.310382E-01    6.324558E-04    0.000000E+00    0.000000E+00    0.000000E+00
7.645000E-01   -8.432005E-01    3.036698E-01   -1.226988E+01    0.000000E+00    0.000000E+00    0.000000E+00   -8.021667E-02   -3.313881E-01    6.326321E-04    0.000000E+00    0.000000E+00    0.000000E+00
7.655000E-01   -8.442209E-01    3.032679E-01   -1.226962E+01    0.000000E+00    0.000000E+00    0.000000E+00   -8.001105E-02   -3.317368E-01    6.328015E-04    0.000000E+00    0.000000E+00    0.000000E+00
7.665000E-01   -8.452433E-01    3.028553E-01   -1.226937E+01    0.000000E+00    0.000000E+00    0.000000E+00   -7.980318E-02   -3.320848E-01    6.328007E-04    0.000000E+00    0.000000E+00    0.000000E+00
7.675000E-01   -8.462672E-01    3.024300E-01   -1.226911E+01    0.000000E+00    0.000000E+00    0.000000E+00   -7.959244E-02   -3.324322E-01    6.326212E-04    0.000000E+00    0.000000E+00    0.000000E+00
7.685000E-01   -8.472938E-01    3.019905E-01   -1.226885E+01    0.000000E+00    0.000000E+00    0.000000E+00   -7.937833E-02   -3.327792E-01    6.323999E-04    0.000000E+00    0.000000E+00    0.000000E+00
7.695000E-01   -8.483237E-01    3.015374E-01   -1.226859E+01    0.000000E+00    0.000000E+00    0.000000E+00   -7.916085E-02   -3.331258E-01    6.322524E-04    0.000000E+00    0.000000E+00    0.000000E+00
7.705000E-01   -8.493565E-01    3.010725E-01   -1.226833E+01    0.000000E+00    0.000000E+00    0.000000E+00   -7.894044E-02   -3.334722E-01    6.321903E-04    0.000000E+00    0.000000E+00    0.000000E+00
7.715000E-01   -8.503915E-01    3.005963E-01   -1.226807E+01    0.000000E+00    0.000000E+00    0.000000E+00   -7.871727E-02   -3.338183E-01    6.321888E-04    0.000000E+00    0.000000E+00    0.000000E+00
7.725000E-01   -8.514279E-01    3.001095E-01   -1.226781E+01    0.000000E+00    0.000000E+00    0.000000E+00   -7.849154E-02   -3.341640E-01    6.322287E-04    0.000000E+00    0.000000E+00    0.000000E+00
7.735000E-01   -8.524653E-01    2.996123E-01   -1.226755E+01    0.000000E+00    0.000000E+00    0.000000E+00   -7.826330E-02   -3.345091E-01    6.323404E-04    0.000000E+00    0.000000E+00    0.000000E+00
7.745000E-01   -8.535034E-01    2.991058E-01   -1.226729E+01    0.000000E+00    0.000000E+00    0.000000E+00   -7.803280E-02   -3.348535E-01    6.325589E-04    0.000000E+00    0.000000E+00    0.000000E+00
7.755000E-01   -8.545420E-01    2.985920E-01   -1.226703E+01    0.000000E+00    0.000000E+00    0.000000E+00   -7.780065E-02   -3.351970E-01    6.329101E-04    0.000000E+00    0.000000E+00    0.000000E+00
7.765000E-01   -8.555811E-01    2.980700E-01   -1.226678E+01    0.000000E+00    0.000000E+00    0.000000E+00   -7.756675E-02   -3.355398E-01    6.334083E-04    0.000000E+00    0.000000E+00    0.000000E+00
7.775000E-01   -8.566208E-01    2.975391E-01   -1.226652E+01    0.000000E+00    0.000000E+00    0.000000E+00   -7.733091E-02   -3.358820E-01    6.340096E-04    0.000000E+00    0.000000E+00    0.000000E+00
7.785000E-01   -8.576606E-01    2.969990E-01   -1.226627E+01    0.000000E+00    0.000000E+00    0.000000E+00   -7.709294E-02   -3.362234E-01    6.347102E-04    0.000000E+00    0.000000E+00    0.000000E+00
7.795000E-01   -8.587001E-01    2.964500E-01   -1.226601E+01    0.000000E+00    0.000000E+00    0.000000E+00   -7.685280E-02   -3.365637E-01    6.356174E-04    0.000000E+00    0.000000E+00    0.000000E+00
7.805000E-01   -8.597411E-01    2.958913E-01   -1.226575E+01    0.000000E+00    0.000000E+00    0.000000E+00   -7.661039E-02   -3.369035E-01    6.368232E-04    0.000000E+00    0.000000E+00    0.000000E+00
7.815000E-01   -8.607845E-01    2.953255E-01   -1.226550E+01    0.000000E+00    0.000000E+00    0.000000E+00   -7.636673E-02   -3.372430E-01    6.381930E-04    0.000000E+00    0.000000E+00    0.000000E+00
7.825000E-01   -8.618289E-01    2.947521E-01   -1.226525E+01    0.000000E+00    0.000000E+00    0.000000E+00   -7.612183E-02   -3.375819E-01    6.396007E-04    0.000000E+00    0.000000E+00    0.000000E+00
7.835000E-01   -8.628735E-01    2.941694E-01   -1.226499E+01    0.000000E+00    0.000000E+00    0.000000E+00   -7.587530E-02   -3.379199E-01    6.411413E-04    0.000000E+00    0.000000E+00    0.000000E+00
7.845000E-01   -8.639184E-01    2.935773E-01   -1.226474E+01    0.000000E+00    0.000000E+00    0.000000E+00   -7.562712E-02   -3.382569E-01    6.429395E-04    0.000000E+00    0.000000E+00    0.000000E+00
7.855000E-01   -8.649635E-01    2.929761E-01   -1.226449E+01    0.000000E+00    0.000000E+00    0.000000E+00   -7.537741E-02   -3.385927E-01    6.450404E-04    0.000000E+00    0.000000E+00    0.000000E+00
7.865000E-01   -8.660098E-01    2.923667E-01   -1.226423E+01    0.000000E+00    0.000000E+00    0.000000E+00   -7.512631E-02   -3.389278E-01    6.473518E-04    0.000000E+00    0.000000E+00    0.000000E+00
7.875000E-01   -8.670578E-01    2.917491E-01   -1.226398E+01    0.000000E+00    0.000000E+00    0.000000E+00   -7.487383E-02   -3.392625E-01    6.497735E-04    0.000000E+00    0.000000E+00    0.000000E+00
7.885000E-01   -8.681070E-01    2.911231E-01   -1.226373E+01    0.000000E+00    0.000000E+00    0.000000E+00   -7.461995E-02   -3.395965E-01    6.523447E-04    0.000000E+00    0.000000E+00    0.000000E+00
7.895000E-01   -8.691579E-01    2.904898E-01   -1.226348E+01    0.000000E+00    0.000000E+00    0.000000E+00   -7.436499E-02   -3.399300E-01    6.550610E-04    0.000000E+00    0.000000E+00    0.000000E+00
7.905000E-01   -8.702101E-01    2.898493E-01   -1.226323E+01    0.000000E+00    0.000000E+00    0.000000E+00   -7.410904E-02   -3.402628E-01    6.579392E-04    0.000000E+00    0.000000E+00    0.000000E+00
7.915000E-01   -8.712633E-01    2.892007E-01   -1.226298E+01    0.000000E+00    0.000000E+00    0.000000E+00   -7.385193E-02   -3.405947E-01    6.609083E-04    0.000000E+00    0.000000E+00    0.000000E+00
7.925000E-01   -8.723167E-01    2.885441E-01   -1.226273E+01    0.000000E+00    0.000000E+00    0.000000E+00   -7.359369E-02   -3.409258E-01    6.639486E-04    0.000000E+00    0.000000E+00    0.000000E+00
7.935000E-01   -8.733713E-01    2.878800E-01   -1.226248E+01    0.000000E+00    0.000000E+00    0.000000E+00   -7.333450E-02   -3.412561E-01    6.670651E-04    0.000000E+00    0.000000E+00    0.000000E+00
7.945000E-01   -8.744275E-01    2.872084E-01   -1.226223E+01    0.000000E+00    0.000000E+00    0.000000E+00   -7.307436E-02   -3.415859E-01    6.702109E-04    0.000000E+00    0.000000E+00    0.000000E+00
7.955000E-01   -8.754853E-01    2.865294E-01   -1.226198E+01    0.000000E+00    0.000000E+00    0.000000E+00   -7.281337E-02   -3.419152E-01    6.733777E-04    0.000000E+00    0.000000E+00    0.000000E+00
7.965000E-01   -8.765447E-01    2.858426E-01   -1.226174E+01    0.000000E+00    0.000000E+00    0.000000E+00   -7.255148E-02   -3.422439E-01    6.765617E-04    0.000000E+00    0.000000E+00    0.000000E+00
7.975000E-01   -8.776057E-01    2.851475E-01   -1.226149E+01    0.000000E+00    0.000000E+00    0.000000E+00   -7.228854E-02   -3.425719E-01    6.797745E-04    0.000000E+00    0.000000E+00    0.000000E+00
7.985000E-01   -8.786681E-01    2.844447E-01   -1.226124E+01    0.000000E+00    0.000000E+00    0.000000E+00   -7.202473E-02   -3.428992E-01    6.829559E-04    0.000000E+00    0.000000E+00    0.000000E+00
7.995000E-01   -8.797316E-01    2.837355E-01   -1.226099E+01    0.000000E+00    0.000000E+00    0.000000E+00   -7.176029E-02   -3.432256E-01    6.861031E-04    0.000000E+00    0.000000E+00    0.000000E+00
8.005000E-01   -8.807951E-01    2.830188E-01   -1.226074E+01    0.000000E+00    0.000000E+00    0.000000E+00   -7.149490E-02   -3.435509E-01    6.891619E-04    0.000000E+00    0.000000E+00    0.000000E+00
8.015000E-01   -8.818590E-01    2.822942E-01   -1.226049E+01    0.000000E+00    0.000000E+00    0.000000E+00   -7.122875E-02   -3.438752E-01    6.921438E-04    0.000000E+00    0.000000E+00    0.000000E+00
8.025000E-01   -8.829252E-01    2.815617E-01   -1.226024E+01    0.000000E+00    0.000000E+00    0.000000E+00   -7.096209E-02   -3.441988E-01    6.952239E-04    0.000000E+00    0.000000E+00    0.000000E+00
8.035000E-01   -8.839976E-01    2.808211E-01   -1.225998E+01    0.000000E+00    0.000000E+00    0.000000E+00   -7.069504E-02   -3.445222E-01    6.987058E-04    0.000000E+00    0.000000E+00    0.000000E+00
8.045000E-01   -8.850825E-01    2.800691E-01   -1.225972E+01    0.000000E+00    0.000000E+00    0.000000E+00   -7.042754E-02   -3.448463E-01    7.029652E-04    0.000000E+00    0.000000E+00    0.000000E+00
8.055000E-01   -8.861745E-01    2.793002E-01   -1.225945E+01    0.000000E+00    0.000000E+00    0.000000E+00   -7.015667E-02   -3.451709E-01    7.074756E-04    0.000000E+00    0.000000E+00    0.000000E+00
8.065000E-01   -8.872596E-01    2.785216E-01   -1.225918E+01    0.000000E+00    0.000000E+00    0.000000E+00   -6.988310E-02   -3.454940E-01    7.115431E-04    0.000000E+00    0.000000E+00    0.000000E+00
8.075000E-01   -8.883260E-01    2.777487E-01   -1.225892E+01    0.000000E+00    0.000000E+00    0.000000E+00   -6.961097E-02   -3.458129E-01    7.147352E-04    0.000000E+00    0.000000E+00    0.000000E+00
8.085000E-01   -8.893699E-01    2.769898E-01   -1.225869E+01    0.000000E+00    0.000000E+00    0.000000E+00   -6.934294E-02   -3.461266E-01    7.169317E-04    0.000000E+00    0.000000E+00    0.000000E+00
8.095000E-01   -8.903948E-01    2.762418E-01   -1.225847E+01    0.000000E+00    0.000000E+00    0.000000E+00   -6.907838E-02   -3.464357E-01    7.182575E-04    0.000000E+00    0.000000E+00    0.000000E+00
8.105000E-01   -8.914061E-01    2.754984E-01   -1.225826E+01    0.000000E+00    0.000000E+00    0.000000E+00   -6.881577E-02   -3.467415E-01    7.189685E-04    0.000000E+00    0.000000E+00    0.000000E+00
8.115000E-01   -8.924077E-01    2.747545E-01   -1.225804E+01    0.000000E+00    0.000000E+00    0.000000E+00   -6.855386E-02   -3.470448E-01    7.192480E-04    0.000000E+00    0.000000E+00    0.000000E+00
8.125000E-01   -8.934012E-01    2.740066E-01   -1.225781E+01    0.000000E+00    0.000000E+00    0.000000E+00   -6.829164E-02   -3.473460E-01    7.192246E-04    0.000000E+00    0.000000E+00    0.000000E+00
8.135000E-01   -8.943882E-01    2.732559E-01   -1.225758E+01    0.000000E+00    0.000000E+00    0.000000E+00   -6.802937E-02   -3.476452E-01    7.190189E-04    0.000000E+00    0.000000E+00    0.000000E+00
8.145000E-01   -8.953702E-01    2.725046E-01   -1.225735E+01    0.000000E+00    0.000000E+00    0.000000E+00   -6.776751E-02   -3.479428E-01    7.187198E-04    0.000000E+00    0.000000E+00    0.000000E+00
8.155000E-01   -8.963477E-01    2.717510E-01   -1.225713E+01    0.000000E+00    0.000000E+00    0.000000E+00   -6.750579E-02   -3.482388E-01    7.183981E-04    0.000000E+00    0.000000E+00    0.000000E+00
8.165000E-01   -8.973203E-01    2.709943E-01   -1.225691E+01    0.000000E+00    0.000000E+00    0.000000E+00   -6.724410E-02   -3.485331E-01    7.180564E-04    0.000000E+00    0.000000E+00    0.000000E+00
8.175000E-01   -8.982878E-01    2.702357E-01   -1.225669E+01    0.000000E+00    0.000000E+00    0.000000E+00   -6.698266E-02   -3.488256E-01    7.176837E-04    0.000000E+00    0.000000E+00    0.000000E+00
8.185000E-01   -8.992494E-01    2.694764E-01   -1.225646E+01    0.000000E+00    0.000000E+00    0.000000E+00   -6.672169E-02   -3.491162E-01    7.172800E-04    0.000000E+00    0.000000E+00    0.000000E+00
8.195000E-01   -9.002053E-01    2.687174E-01   -1.225624E+01    0.000000E+00    0.000000E+00    0.000000E+00   -6.646142E-02   -3.494051E-01    7.168099E-04    0.000000E+00    0.000000E+00    0.000000E+00
8.205000E-01   -9.011546E-01    2.679584E-01   -1.225603E+01    0.000000E+00    0.000000E+00    0.000000E+00   -6.620185E-02   -3.496922E-01    7.162721E-04    0.000000E+00    0.000000E+00    0.000000E+00
8.215000E-01   -9.020967E-01    2.672003E-01   -1.225581E+01    0.000000E+00    0.000000E+00    0.000000E+00   -6.594322E-02   -3.499771E-01    7.156598E-04    0.000000E+00    0.000000E+00    0.000000E+00
8.225000E-01   -9.030311E-01    2.664423E-01   -1.225559E+01    0.000000E+00    0.000000E+00    0.000000E+00   -6.568522E-02   -3.502599E-01    7.149614E-04    0.000000E+00    0.000000E+00    0.000000E+00
8.235000E-01   -9.039588E-01    2.656844E-01   -1.225537E+01    0.000000E+00    0.000000E+00    0.000000E+00   -6.542793E-02   -3.505407E-01    7.141520E-04    0.000000E+00    0.000000E+00    0.000000E+00
8.245000E-01   -9.048805E-01    2.649263E-01   -1.225516E+01    0.000000E+00    0.000000E+00    0.000000E+00   -6.517121E-02   -3.508196E-01    7.132501E-04    0.000000E+00    0.000000E+00    0.000000E+00
8.255000E-01   -9.057965E-01    2.641688E-01   -1.225494E+01    0.000000E+00    0.000000E+00    0.000000E+00   -6.491533E-02   -3.510967E-01    7.122580E-04    0.000000E+00    0.000000E+00    0.000000E+00
8.265000E-01   -9.067075E-01    2.634119E-01   -1.225472E+01    0.000000E+00    0.000000E+00    0.000000E+00   -6.466018E-02   -3.513724E-01    7.111864E-04    0.000000E+00    0.000000E+00    0.000000E+00
8.275000E-01   -9.076136E-01    2.626563E-01   -1.225451E+01    0.000000E+00    0.000000E+00    0.000000E+00   -6.440604E-02   -3.516466E-01    7.101363E-04    0.000000E+00    0.000000E+00    0.000000E+00
8.285000E-01   -9.085148E-01    2.619018E-01   -1.225429E+01    0.000000E+00    0.000000E+00    0.000000E+00   -6.415278E-02   -3.519194E-01    7.091238E-04    0.000000E+00    0.000000E+00    0.000000E+00
8.295000E-01   -9.094112E-01    2.611498E-01   -1.225407E+01    0.000000E+00    0.000000E+00    0.000000E+00   -6.390070E-02   -3.521907E-01    7.081829E-04    0.000000E+00    0.000000E+00    0.000000E+00
8.305000E-01   -9.103031E-01    2.604014E-01   -1.225386E+01    0.000000E+00    0.000000E+00    0.000000E+00   -6.364990E-02   -3.524607E-01    7.073116E-04    0.000000E+00    0.000000E+00    0.000000E+00
8.315000E-01   -9.111911E-01    2.596584E-01   -1.225364E+01    0.000000E+00    0.000000E+00    0.000000E+00   -6.340075E-02   -3.527296E-01    7.065202E-04    0.000000E+00    0.000000E+00    0.000000E+00
8.325000E-01   -9.120749E-01    2.589207E-01   -1.225343E+01    0.000000E+00    0.000000E+00    0.000000E+00   -6.315324E-02   -3.529973E-01    7.059192E-04    0.000000E+00    0.000000E+00    0.000000E+00
8.335000E-01   -9.129545E-01    2.581886E-01   -1.225321E+01    0.000000E+00    0.000000E+00    0.000000E+00   -6.290752E-02   -3.532637E-01    7.055342E-04    0.000000E+00    0.000000E+00    0.000000E+00
8.345000E-01   -9.138307E-01    2.574613E-01   -1.225300E+01    0.000000E+00    0.000000E+00    0.000000E+00   -6.266329E-02   -3.535290E-01    7.053362E-04    0.000000E+00    0.000000E+00    0.000000E+00
8.355000E-01   -9.147031E-01    2.567398E-01   -1.225279E+01    0.000000E+00    0.000000E+00    0.000000E+00   -6.242087E-02   -3.537931E-01    7.053570E-04    0.000000E+00    0.000000E+00    0.000000E+00
8.365000E-01   -9.155718E-01    2.560235E-01   -1.225257E+01    0.000000E+00    0.000000E+00    0.000000E+00   -6.218006E-02   -3.540559E-01    7.056067E-04    0.000000E+00    0.000000E+00    0.000000E+00
8.375000E-01   -9.164371E-01    2.553135E-01   -1.225236E+01    0.000000E+00    0.000000E+00    0.000000E+00   -6.194116E-02   -3.543176E-01    7.061090E-04    0.000000E+00    0.000000E+00    0.000000E+00
8.385000E-01   -9.172993E-01    2.546092E-01   -1.225215E+01    0.000000E+00    0.000000E+00    0.000000E+00   -6.170380E-02   -3.545783E-01    7.068192E-04    0.000000E+00    0.000000E+00    0.000000E+00
8.395000E-01   -9.181583E-01    2.539108E-01   -1.225193E+01    0.000000E+00    0.000000E+00    0.000000E+00   -6.146773E-02   -3.548380E-01    7.077544E-04    0.000000E+00    0.000000E+00    0.000000E+00
8.405000E-01   -9.190145E-01    2.532221E-01   -1.225172E+01    0.000000E+00    0.000000E+00    0.000000E+00   -6.123399E-02   -3.550967E-01    7.089370E-04    0.000000E+00    0.000000E+00    0.000000E+00
8.415000E-01   -9.198671E-01    2.525436E-01   -1.225151E+01    0.000000E+00    0.000000E+00    0.000000E+00   -6.100301E-02   -3.553539E-01    7.102171E-04    0.000000E+00    0.000000E+00    0.000000E+00
8.425000E-01   -9.207143E-01    2.518695E-01   -1.225130E+01    0.000000E+00    0.000000E+00    0.000000E+00   -6.077338E-02   -3.556092E-01    7.114999E-04    0.000000E+00    0.000000E+00    0.000000E+00
8.435000E-01   -9.215568E-01    2.511980E-01   -1.225108E+01    0.000000E+00    0.000000E+00    0.000000E+00   -6.054463E-02   -3.558628E-01    7.128857E-04    0.000000E+00    0.000000E+00    0.000000E+00
8.445000E-01   -9.223964E-01    2.505312E-01   -1.225087E+01    0.000000E+00    0.000000E+00    0.000000E+00   -6.031744E-02   -3.561150E-01    7.144689E-04    0.000000E+00    0.000000E+00    0.000000E+00
8.455000E-01   -9.232336E-01    2.498701E-01   -1.225066E+01    0.000000E+00    0.000000E+00    0.000000E+00   -6.009197E-02   -3.563660E-01    7.162589E-04    0.000000E+00    0.000000E+00    0.000000E+00
8.465000E-01   -9.240694E-01    2.492182E-01   -1.225045E+01    0.000000E+00    0.000000E+00    0.000000E+00   -5.986929E-02   -3.566163E-01    7.184868E-04    0.000000E+00    0.000000E+00    0.000000E+00
8.475000E-01   -9.249029E-01    2.485768E-01   -1.225023E+01    0.000000E+00    0.000000E+00    0.000000E+00   -5.964974E-02   -3.568658E-01    7.211111E-04    0.000000E+00    0.000000E+00    0.000000E+00
8.485000E-01   -9.257321E-01    2.479426E-01   -1.225002E+01    0.000000E+00    0.000000E+00    0.000000E+00   -5.943196E-02   -3.571137E-01    7.238196E-04    0.000000E+00    0.000000E+00    0.000000E+00
8.495000E-01   -9.265563E-01    2.473150E-01   -1.224981E+01    0.000000E+00    0.000000E+00    0.000000E+00   -5.921572E-02   -3.573599E-01    7.266005E-04    0.000000E+00    0.000000E+00    0.000000E+00
8.505000E-01   -9.273754E-01    2.466950E-01   -1.224959E+01    0.000000E+00    0.000000E+00    0.000000E+00   -5.900144E-02   -3.576040E-01    7.295256E-04    0.000000E+00    0.000000E+00    0.000000E+00
8.515000E-01   -9.281898E-01    2.460830E-01   -1.224938E+01    0.000000E+00    0.000000E+00    0.000000E+00   -5.878923E-02   -3.578462E-01    7.325602E-04    0.000000E+00    0.000000E+00    0.000000E+00
8.525000E-01   -9.289996E-01    2.454790E-01   -1.224917E+01    0.000000E+00    0.000000E+00    0.000000E+00   -5.857909E-02   -3.580866E-01    7.356218E-04    0.000000E+00    0.000000E+00    0.000000E+00
8.535000E-01   -9.298043E-01    2.448827E-01   -1.224896E+01    0.000000E+00    0.000000E+00    0.000000E+00   -5.837088E-02   -3.583250E-01    7.386420E-04    0.000000E+00    0.000000E+00    0.000000E+00
8.545000E-01   -9.306057E-01    2.442974E-01   -1.224874E+01    0.000000E+00    0.000000E+00    0.000000E+00   -5.816607E-02   -3.585622E-01    7.418858E-04    0.000000E+00    0.000000E+00    0.000000E+00
8.555000E-01   -9.314048E-01    2.437234E-01   -1.224853E+01    0.000000E+00    0.000000E+00    0.000000E+00   -5.796501E-02   -3.587987E-01    7.454788E-04    0.000000E+00    0.000000E+00    0.000000E+00
8.565000E-01   -9.322000E-01    2.431553E-01   -1.224832E+01    0.000000E+00    0.000000E+00    0.000000E+00   -5.776579E-02   -3.590332E-01    7.491773E-04    0.000000E+00    0.000000E+00    0.000000E+00
8.575000E-01   -9.329906E-01    2.425923E-01   -1.224810E+01    0.000000E+00    0.000000E+00    0.000000E+00   -5.756784E-02   -3.592658E-01    7.529146E-04    0.000000E+00    0.000000E+00    0.000000E+00
8.585000E-01   -9.337762E-01    2.420360E-01   -1.224789E+01    0.000000E+00    0.000000E+00    0.000000E+00   -5.737118E-02   -3.594964E-01    7.566661E-04    0.000000E+00    0.000000E+00    0.000000E+00
8.595000E-01   -9.345563E-01    2.414882E-01   -1.224767E+01    0.000000E+00    0.000000E+00    0.000000E+00   -5.717640E-02   -3.597252E-01    7.603072E-04    0.000000E+00    0.000000E+00    0.000000E+00
8.605000E-01   -9.353314E-01    2.409500E-01   -1.224746E+01    0.000000E+00    0.000000E+00    0.000000E+00   -5.698403E-02   -3.599519E-01    7.637182E-04    0.000000E+00    0.000000E+00    0.000000E+00
8.615000E-01   -9.361015E-01    2.404206E-01   -1.224725E+01    0.000000E+00    0.000000E+00    0.000000E+00   -5.679413E-02   -3.601765E-01    7.669337E-04    0.000000E+00    0.000000E+00    0.000000E+00
8.625000E-01   -9.368662E-01    2.398986E-01   -1.224703E+01    0.000000E+00    0.000000E+00    0.000000E+00   -5.660627E-02   -3.603990E-01    7.700314E-04    0.000000E+00    0.000000E+00    0.000000E+00
8.635000E-01   -9.376256E-01    2.393840E-01   -1.224682E+01    0.000000E+00    0.000000E+00    0.000000E+00   -5.642023E-02   -3.606195E-01    7.730163E-04    0.000000E+00    0.000000E+00    0.000000E+00
8.645000E-01   -9.383797E-01    2.388776E-01   -1.224660E+01    0.000000E+00    0.000000E+00    0.000000E+00   -5.623616E-02   -3.608381E-01    7.758653E-04    0.000000E+00    0.000000E+00    0.000000E+00
8.655000E-01   -9.391296E-01    2.383788E-01   -1.224639E+01    0.000000E+00    0.000000E+00    0.000000E+00   -5.605409E-02   -3.610548E-01    7.786267E-04    0.000000E+00    0.000000E+00    0.000000E+00
8.665000E-01   -9.398756E-01    2.378875E-01   -1.224617E+01    0.000000E+00    0.000000E+00    0.000000E+00   -5.587404E-02   -3.612699E-01    7.813608E-04    0.000000E+00    0.000000E+00    0.000000E+00
8.675000E-01   -9.406176E-01    2.374031E-01   -1.224596E+01    0.000000E+00    0.000000E+00    0.000000E+00   -5.569571E-02   -3.614831E-01    7.840696E-04    0.000000E+00    0.000000E+00    0.000000E+00
8.685000E-01   -9.413553E-01    2.369259E-01   -1.224575E+01    0.000000E+00    0.000000E+00    0.000000E+00   -5.551921E-02   -3.616946E-01    7.867507E-04    0.000000E+00    0.000000E+00    0.000000E+00
8.695000E-01   -9.420892E-01    2.364565E-01   -1.224553E+01    0.000000E+00    0.000000E+00    0.000000E+00   -5.534484E-02   -3.619045E-01    7.893952E-04    0.000000E+00    0.000000E+00    0.000000E+00
8.705000E-01   -9.428189E-01    2.359940E-01   -1.224532E+01    0.000000E+00    0.000000E+00    0.000000E+00   -5.517236E-02   -3.621127E-01    7.920169E-04    0.000000E+00    0.000000E+00    0.000000E+00
8.715000E-01   -9.435446E-01    2.355385E-01   -1.224510E+01    0.000000E+00    0.000000E+00    0.000000E+00   -5.500182E-02   -3.623191E-01    7.946462E-04    0.000000E+00    0.000000E+00    0.000000E+00
8.725000E-01   -9.442674E-01    2.350896E-01   -1.224489E+01    0.000000E+00    0.000000E+00    0.000000E+00   -5.483311E-02   -3.625241E-01    7.972308E-04    0.000000E+00    0.000000E+00    0.000000E+00
8.735000E-01   -9.449874E-01    2.346472E-01   -1.224467E+01    0.000000E+00    0.000000E+00    0.000000E+00   -5.466614E-02   -3.627277E-01    7.997215E-04    0.000000E+00    0.000000E+00    0.000000E+00
8.745000E-01   -9.457036E-01    2.342116E-01   -1.224446E+01    0.000000E+00    0.000000E+00    0.000000E+00   -5.450094E-02   -3.629298E-01    8.021487E-04    0.000000E+00    0.000000E+00    0.000000E+00
8.755000E-01   -9.464154E-01    2.337830E-01   -1.224425E+01    0.000000E+00    0.000000E+00    0.000000E+00   -5.433765E-02   -3.631302E-01    8.045466E-04    0.000000E+00    0.000000E+00    0.000000E+00
8.765000E-01   -9.471227E-01    2.333617E-01   -1.224403E+01    0.000000E+00    0.000000E+00    0.000000E+00   -5.417641E-02   -3.633288E-01    8.069148E-04    0.000000E+00    0.000000E+00    0.000000E+00
8.775000E-01   -9.478252E-01    2.329463E-01   -1.224382E+01    0.000000E+00    0.000000E+00    0.000000E+00   -5.401680E-02   -3.635255E-01    8.092624E-04    0.000000E+00    0.000000E+00    0.000000E+00
8.785000E-01   -9.485227E-01    2.325367E-01   -1.224361E+01    0.000000E+00    0.000000E+00    0.000000E+00   -5.385874E-02   -3.637203E-01    8.116013E-04    0.000000E+00    0.000000E+00    0.000000E+00
8.795000E-01   -9.492150E-01    2.321326E-01   -1.224339E+01    0.000000E+00    0.000000E+00    0.000000E+00   -5.370227E-02   -3.639132E-01    8.139401E-04    0.000000E+00    0.000000E+00    0.000000E+00
8.805000E-01   -9.499020E-01    2.317346E-01   -1.224318E+01    0.000000E+00    0.000000E+00    0.000000E+00   -5.354757E-02   -3.641042E-01    8.162824E-04    0.000000E+00    0.000000E+00    0.000000E+00
8.815000E-01   -9.505844E-01    2.313418E-01   -1.224297E+01    0.000000E+00    0.000000E+00    0.000000E+00   -5.339440E-02   -3.642934E-01    8.186205E-04    0.000000E+00    0.000000E+00    0.000000E+00
8.825000E-01   -9.512624E-01    2.309538E-01   -1.224276E+01    0.000000E+00    0.000000E+00    0.000000E+00   -5.324253E-02   -3.644809E-01    8.209517E-04    0.000000E+00    0.000000E+00    0.000000E+00
8.835000E-01   -9.519357E-01    2.305711E-01   -1.224255E+01    0.000000E+00    0.000000E+00    0.000000E+00   -5.309200E-02   -3.646666E-01    8.232597E-04    0.000000E+00    0.000000E+00    0.000000E+00
8.845000E-01   -9.526046E-01    2.301948E-01   -1.224233E+01    0.000000E+00    0.000000E+00    0.000000E+00   -5.294319E-02   -3.648504E-01    8.255432E-04    0.000000E+00    0.000000E+00    0.000000E+00
8.855000E-01   -9.532685E-01    2.298243E-01   -1.224212E+01    0.000000E+00    0.000000E+00    0.000000E+00   -5.279596E-02   -3.650325E-01    8.278229E-04    0.000000E+00    0.000000E+00    0.000000E+00
8.865000E-01   -9.539273E-01    2.294589E-01   -1.224191E+01    0.000000E+00    0.000000E+00    0.000000E+00   -5.265024E-02   -3.652127E-01    8.300852E-04    0.000000E+00    0.000000E+00    0.000000E+00
8.875000E-01   -9.545809E-01    2.290973E-01   -1.224170E+01    0.000000E+00    0.000000E+00    0.000000E+00   -5.250566E-02   -3.653910E-01    8.323250E-04    0.000000E+00    0.000000E+00    0.000000E+00
8.885000E-01   -9.552298E-01    2.287402E-01   -1.224149E+01    0.000000E+00    0.000000E+00    0.000000E+00   -5.236238E-02   -3.655676E-01    8.345575E-04    0.000000E+00    0.000000E+00    0.000000E+00
8.895000E-01   -9.558737E-01    2.283873E-01   -1.224128E+01    0.000000E+00    0.000000E+00    0.000000E+00   -5.222041E-02   -3.657424E-01    8.367844E-04    0.000000E+00    0.000000E+00    0.000000E+00
8.905000E-01   -9.565129E-01    2.280383E-01   -1.224107E+01    0.000000E+00    0.000000E+00    0.000000E+00   -5.207967E-02   -3.659154E-01    8.390200E-04    0.000000E+00    0.000000E+00    0.000000E+00
8.915000E-01   -9.571476E-01    2.276928E-01   -1.224086E+01    0.000000E+00    0.000000E+00    0.000000E+00   -5.194004E-02   -3.660866E-01    8.412695E-04    0.000000E+00    0.000000E+00    0.000000E+00
8.925000E-01   -9.577774E-01    2.273508E-01   -1.224065E+01    0.000000E+00    0.000000E+00    0.000000E+00   -5.180152E-02   -3.662561E-01    8.435134E-04    0.000000E+00    0.000000E+00    0.000000E+00
8.935000E-01   -9.584026E-01    2.270122E-01   -1.224044E+01    0.000000E+00    0.000000E+00    0.000000E+00   -5.166399E-02   -3.664237E-01    8.457674E-04    0.000000E+00    0.000000E+00    0.000000E+00
8.945000E-01   -9.590235E-01    2.266773E-01   -1.224023E+01    0.000000E+00    0.000000E+00    0.000000E+00   -5.152770E-02   -3.665897E-01    8.480040E-04    0.000000E+00    0.000000E+00    0.000000E+00
8.955000E-01   -9.596402E-01    2.263457E-01   -1.224003E+01    0.000000E+00    0.000000E+00    0.000000E+00   -5.139252E-02   -3.667540E-01    8.501719E-04    0.000000E+00    0.000000E+00    0.000000E+00
8.965000E-01   -9.602526E-01    2.260176E-01   -1.223982E+01    0.000000E+00    0.000000E+00    0.000000E+00   -5.125843E-02   -3.669167E-01    8.522371E-04    0.000000E+00    0.000000E+00    0.000000E+00
8.975000E-01   -9.608606E-01    2.256923E-01   -1.223961E+01    0.000000E+00    0.000000E+00    0.000000E+00   -5.112534E-02   -3.670778E-01    8.542974E-04    0.000000E+00    0.000000E+00    0.000000E+00
8.985000E-01   -9.614642E-01    2.253684E-01   -1.223941E+01    0.000000E+00    0.000000E+00    0.000000E+00   -5.099285E-02   -3.672378E-01    8.565884E-04    0.000000E+00    0.000000E+00    0.000000E+00
8.995000E-01   -9.620631E-01    2.250468E-01   -1.223920E+01    0.000000E+00    0.000000E+00    0.000000E+00   -5.086137E-02   -3.673960E-01    8.589699E-04    0.000000E+00    0.000000E+00    0.000000E+00
9.005000E-01   -9.626568E-01    2.247278E-01   -1.223899E+01    0.000000E+00    0.000000E+00    0.000000E+00   -5.073084E-02   -3.675523E-01    8.612832E-04    0.000000E+00    0.000000E+00    0.000000E+00
9.015000E-01   -9.632448E-01    2.244115E-01   -1.223879E+01    0.000000E+00    0.000000E+00    0.000000E+00   -5.060127E-02   -3.677065E-01    8.634853E-04    0.000000E+00    0.000000E+00    0.000000E+00
9.025000E-01   -9.638272E-01    2.240981E-01   -1.223858E+01    0.000000E+00    0.000000E+00    0.000000E+00   -5.047277E-02   -3.678588E-01    8.656250E-04    0.000000E+00    0.000000E+00    0.000000E+00
9.035000E-01   -9.644044E-01    2.237870E-01   -1.223838E+01    0.000000E+00    0.000000E+00    0.000000E+00   -5.034520E-02   -3.680093E-01    8.677669E-04    0.000000E+00    0.000000E+00    0.000000E+00
9.045000E-01   -9.649768E-01    2.234779E-01   -1.223817E+01    0.000000E+00    0.000000E+00    0.000000E+00   -5.021851E-02   -3.681582E-01    8.699346E-04    0.000000E+00    0.000000E+00    0.000000E+00
9.055000E-01   -9.655438E-01    2.231702E-01   -1.223797E+01    0.000000E+00    0.000000E+00    0.000000E+00   -5.009254E-02   -3.683051E-01    8.721388E-04    0.000000E+00    0.000000E+00    0.000000E+00
9.065000E-01   -9.661054E-01    2.228632E-01   -1.223777E+01    0.000000E+00    0.000000E+00    0.000000E+00   -4.996704E-02   -3.684501E-01    8.743982E-04    0.000000E+00    0.000000E+00    0.000000E+00
9.075000E-01   -9.666617E-01    2.225575E-01   -1.223757E+01    0.000000E+00    0.000000E+00    0.000000E+00   -4.984211E-02   -3.685934E-01    8.766939E-04    0.000000E+00    0.000000E+00    0.000000E+00
9.085000E-01   -9.672122E-01    2.222529E-01   -1.223737E+01    0.000000E+00    0.000000E+00    0.000000E+00   -4.971786E-02   -3.687347E-01    8.789961E-04    0.000000E+00    0.000000E+00    0.000000E+00
9.095000E-01   -9.677571E-01    2.219489E-01   -1.223716E+01    0.000000E+00    0.000000E+00    0.000000E+00   -4.959405E-02   -3.688741E-01    8.813192E-04    0.000000E+00    0.000000E+00    0.000000E+00
9.105000E-01   -9.682964E-01    2.216466E-01   -1.223696E+01    0.000000E+00    0.000000E+00    0.000000E+00   -4.947103E-02   -3.690116E-01    8.836360E-04    0.000000E+00    0.000000E+00    0.000000E+00
9.115000E-01   -9.688302E-01    2.213458E-01   -1.223676E+01    0.000000E+00    0.000000E+00    0.000000E+00   -4.934874E-02   -3.691472E-01    8.859433E-04    0.000000E+00    0.000000E+00    0.000000E+00
9.125000E-01   -9.693582E-01    2.210459E-01   -1.223656E+01    0.000000E+00    0.000000E+00    0.000000E+00   -4.922701E-02   -3.692809E-01    8.883009E-04    0.000000E+00    0.000000E+00    0.000000E+00
9.135000E-01   -9.698797E-01    2.207476E-01   -1.223636E+01    0.000000E+00    0.000000E+00    0.000000E+00   -4.910605E-02   -3.694124E-01    8.907785E-04    0.000000E+00    0.000000E+00    0.000000E+00
9.145000E-01   -9.703955E-01    2.204506E-01   -1.223617E+01    0.000000E+00    0.000000E+00    0.000000E+00   -4.898570E-02   -3.695418E-01    8.933410E-04    0.000000E+00    0.000000E+00    0.000000E+00
9.155000E-01   -9.709065E-01    2.201546E-01   -1.223597E+01    0.000000E+00    0.000000E+00    0.000000E+00   -4.886591E-02   -3.696696E-01    8.959298E-04    0.000000E+00    0.000000E+00    0.000000E+00
9.165000E-01   -9.714125E-01    2.198594E-01   -1.223577E+01    0.000000E+00    0.000000E+00    0.000000E+00   -4.874672E-02   -3.697956E-01    8.985099E-04    0.000000E+00    0.000000E+00    0.000000E+00
9.175000E-01   -9.719135E-01    2.195644E-01   -1.223557E+01    0.000000E+00    0.000000E+00    0.000000E+00   -4.862794E-02   -3.699198E-01    9.010945E-04    0.000000E+00    0.000000E+00    0.000000E+00
9.185000E-01   -9.724091E-01    2.192695E-01   -1.223537E+01    0.000000E+00    0.000000E+00    0.000000E+00   -4.850949E-02   -3.700423E-01    9.036968E-04    0.000000E+00    0.000000E+00    0.000000E+00
9.195000E-01   -9.728988E-01    2.189747E-01   -1.223517E+01    0.000000E+00    0.000000E+00    0.000000E+00   -4.839136E-02   -3.701628E-01    9.063239E-04    0.000000E+00    0.000000E+00    0.000000E+00
9.205000E-01   -9.733828E-01    2.186798E-01   -1.223497E+01    0.000000E+00    0.000000E+00    0.000000E+00   -4.827355E-02   -3.702813E-01    9.089719E-04    0.000000E+00    0.000000E+00    0.000000E+00
9.215000E-01   -9.738613E-01    2.183849E-01   -1.223477E+01    0.000000E+00    0.000000E+00    0.000000E+00   -4.815596E-02   -3.703978E-01    9.116451E-04    0.000000E+00    0.000000E+00    0.000000E+00
9.225000E-01   -9.755544E-01    2.201572E-01   -1.223463E+01    0.000000E+00    0.000000E+00    0.000000E+00   -4.905166E-02   -3.711250E-01    3.777605E-04    0.000000E+00    0.000000E+00    0.000000E+00
9.235000E-01   -9.760208E-01    2.198638E-01   -1.223443E+01    0.000000E+00    0.000000E+00    0.000000E+00   -4.893524E-02   -3.712375E-01    3.804355E-04    0.000000E+00    0.000000E+00    0.000000E+00
9.245000E-01   -9.764825E-01    2.195709E-01   -1.223424E+01    0.000000E+00    0.000000E+00    0.000000E+00   -4.881914E-02   -3.713482E-01    3.831174E-04    0.000000E+00    0.000000E+00    0.000000E+00
9.255000E-01   -9.769389E-01    2.192790E-01   -1.223404E+01    0.000000E+00    0.000000E+00    0.000000E+00   -4.870363E-02   -3.714572E-01    3.857707E-04    0.000000E+00    0.000000E+00    0.000000E+00
9.265000E-01   -9.773895E-01    2.189878E-01   -1.223384E+01    0.000000E+00    0.000000E+00    0.000000E+00   -4.858862E-02   -3.715643E-01    3.884170E-04    0.000000E+00    0.000000E+00    0.000000E+00
9.275000E-01   -9.778341E-01    2.186964E-01   -1.223365E+01    0.000000E+00    0.000000E+00    0.000000E+00   -4.847386E-02   -3.716695E-01    3.910769E-04    0.000000E+00    0.000000E+00    0.000000E+00
9.285000E-01   -9.782729E-01    2.184055E-01   -1.223345E+01    0.000000E+00    0.000000E+00    0.000000E+00   -4.835954E-02   -3.717727E-01    3.937147E-04    0.000000E+00    0.000000E+00    0.000000E+00
9.295000E-01   -9.787057E-01    2.181145E-01   -1.223325E+01    0.000000E+00    0.000000E+00    0.000000E+00   -4.824549E-02   -3.718738E-01    3.963178E-04    0.000000E+00    0.000000E+00    0.000000E+00
9.305000E-01   -9.791329E-01    2.178234E-01   -1.223306E+01    0.000000E+00    0.000000E+00    0.000000E+00   -4.813168E-02   -3.719728E-01    3.988802E-04    0.000000E+00    0.000000E+00    0.000000E+00
9.315000E-01   -9.795550E-01    2.175325E-01   -1.223286E+01    0.000000E+00    0.000000E+00    0.000000E+00   -4.801820E-02   -3.720701E-01    4.013866E-04    0.000000E+00    0.000000E+00    0.000000E+00
9.325000E-01   -9.799717E-01    2.172421E-01   -1.223267E+01    0.000000E+00    0.000000E+00    0.000000E+00   -4.790511E-02   -3.721656E-01    4.038168E-04    0.000000E+00    0.000000E+00    0.000000E+00
9.335000E-01   -9.803824E-01    2.169519E-01   -1.223247E+01    0.000000E+00    0.000000E+00    0.000000E+00   -4.779235E-02   -3.722593E-01    4.062038E-04    0.000000E+00    0.000000E+00    0.000000E+00
9.345000E-01   -9.807867E-01    2.166615E-01   -1.223228E+01    0.000000E+00    0.000000E+00    0.000000E+00   -4.767972E-02   -3.723510E-01    4.085777E-04    0.000000E+00    0.000000E+00    0.000000E+00
9.355000E-01   -9.811850E-01    2.163710E-01   -1.223208E+01    0.000000E+00    0.000000E+00    0.000000E+00   -4.756724E-02   -3.724407E-01    4.109210E-04    0.000000E+00    0.000000E+00    0.000000E+00
9.365000E-01   -9.815771E-01    2.160801E-01   -1.223189E+01    0.000000E+00    0.000000E+00    0.000000E+00   -4.745488E-02   -3.725284E-01    4.132189E-04    0.000000E+00    0.000000E+00    0.000000E+00
9.375000E-01   -9.819629E-01    2.157887E-01   -1.223169E+01    0.000000E+00    0.000000E+00    0.000000E+00   -4.734243E-02   -3.726141E-01    4.154943E-04    0.000000E+00    0.000000E+00    0.000000E+00
9.385000E-01   -9.823424E-01    2.154974E-01   -1.223150E+01    0.000000E+00    0.000000E+00    0.000000E+00   -4.723019E-02   -3.726977E-01    4.177636E-04    0.000000E+00    0.000000E+00    0.000000E+00
9.395000E-01   -9.827167E-01    2.152063E-01   -1.223131E+01    0.000000E+00    0.000000E+00    0.000000E+00   -4.711813E-02   -3.727794E-01    4.200023E-04    0.000000E+00    0.000000E+00    0.000000E+00
9.405000E-01   -9.830871E-01    2.149155E-01   -1.223111E+01    0.000000E+00    0.000000E+00    0.000000E+00   -4.700635E-02   -3.728597E-01    4.221597E-04    0.000000E+00    0.000000E+00    0.000000E+00
9.415000E-01   -9.834534E-01    2.146249E-01   -1.223092E+01    0.000000E+00    0.000000E+00    0.000000E+00   -4.689454E-02   -3.729384E-01    4.242349E-04    0.000000E+00    0.000000E+00    0.000000E+00
9.425000E-01   -9.838145E-01    2.143348E-01   -1.223073E+01    0.000000E+00    0.000000E+00    0.000000E+00   -4.678286E-02   -3.730155E-01    4.262550E-04    0.000000E+00    0.000000E+00    0.000000E+00
9.435000E-01   -9.841702E-01    2.140458E-01   -1.223054E+01    0.000000E+00    0.000000E+00    0.000000E+00   -4.667148E-02   -3.730907E-01    4.282628E-04    0.000000E+00    0.000000E+00    0.000000E+00
9.445000E-01   -9.845202E-01    2.137577E-01   -1.223035E+01    0.000000E+00    0.000000E+00    0.000000E+00   -4.656044E-02   -3.731641E-01    4.302738E-04    0.000000E+00    0.000000E+00    0.000000E+00
9.455000E-01   -9.848645E-01    2.134705E-01   -1.223015E+01    0.000000E+00    0.000000E+00    0.000000E+00   -4.644964E-02   -3.732355E-01    4.322840E-04    0.000000E+00    0.000000E+00    0.000000E+00
9.465000E-01   -9.852027E-01    2.131846E-01   -1.222996E+01    0.000000E+00    0.000000E+00    0.000000E+00   -4.633902E-02   -3.733051E-01    4.342454E-04    0.000000E+00    0.000000E+00    0.000000E+00
9.475000E-01   -9.855354E-01    2.128998E-01   -1.222977E+01    0.000000E+00    0.000000E+00    0.000000E+00   -4.622869E-02   -3.733728E-01    4.362306E-04    0.000000E+00    0.000000E+00    0.000000E+00
9.485000E-01   -9.858630E-01    2.126152E-01   -1.222958E+01    0.000000E+00    0.000000E+00    0.000000E+00   -4.611863E-02   -3.734387E-01    4.383516E-04    0.000000E+00    0.000000E+00    0.000000E+00
9.495000E-01   -9.861851E-01    2.123303E-01   -1.222939E+01    0.000000E+00    0.000000E+00    0.000000E+00   -4.600860E-02   -3.735028E-01    4.405979E-04    0.000000E+00    0.000000E+00    0.000000E+00
9.505000E-01   -9.865020E-01    2.120453E-01   -1.222920E+01    0.000000E+00    0.000000E+00    0.000000E+00   -4.589849E-02   -3.735651E-01    4.428912E-04    0.000000E+00    0.000000E+00    0.000000E+00
9.515000E-01   -9.868136E-01    2.117605E-01   -1.222901E+01    0.000000E+00    0.000000E+00    0.000000E+00   -4.578841E-02   -3.736257E-01    4.452056E-04    0.000000E+00    0.000000E+00    0.000000E+00
9.525000E-01   -9.871200E-01    2.114764E-01   -1.222882E+01    0.000000E+00    0.000000E+00    0.000000E+00   -4.567842E-02   -3.736845E-01    4.475315E-04    0.000000E+00    0.000000E+00    0.000000E+00
9.535000E-01   -9.874207E-01    2.111932E-01   -1.222863E+01    0.000000E+00    0.000000E+00    0.000000E+00   -4.556860E-02   -3.737414E-01    4.498677E-04    0.000000E+00    0.000000E+00    0.000000E+00
9.545000E-01   -9.877158E-01    2.109104E-01   -1.222844E+01    0.000000E+00    0.000000E+00    0.000000E+00   -4.545900E-02   -3.737965E-01    4.522852E-04    0.000000E+00    0.000000E+00    0.000000E+00
9.555000E-01   -9.880062E-01    2.106276E-01   -1.222825E+01    0.000000E+00    0.000000E+00    0.000000E+00   -4.534947E-02   -3.738498E-01    4.548122E-04    0.000000E+00    0.000000E+00    0.000000E+00
9.565000E-01   -9.882921E-01    2.103443E-01   -1.222806E+01    0.000000E+00    0.000000E+00    0.000000E+00   -4.523984E-02   -3.739016E-01    4.574327E-04    0.000000E+00    0.000000E+00    0.000000E+00
9.575000E-01   -9.885731E-01    2.100610E-01   -1.222788E+01    0.000000E+00    0.000000E+00    0.000000E+00   -4.513015E-02   -3.739516E-01    4.601058E-04    0.000000E+00    0.000000E+00    0.000000E+00
9.585000E-01   -9.888489E-01    2.097779E-01   -1.222769E+01    0.000000E+00    0.000000E+00    0.000000E+00   -4.502051E-02   -3.739998E-01    4.627955E-04    0.000000E+00    0.000000E+00    0.000000E+00
9.595000E-01   -9.891195E-01    2.094957E-01   -1.222751E+01    0.000000E+00    0.000000E+00    0.000000E+00   -4.491110E-02   -3.740463E-01    4.654591E-04    0.000000E+00    0.000000E+00    0.000000E+00
9.605000E-01   -9.893852E-01    2.092138E-01   -1.222733E+01    0.000000E+00    0.000000E+00    0.000000E+00   -4.480181E-02   -3.740911E-01    4.681045E-04    0.000000E+00    0.000000E+00    0.000000E+00
9.615000E-01   -9.896459E-01    2.089316E-01   -1.222715E+01    0.000000E+00    0.000000E+00    0.000000E+00   -4.469241E-02   -3.741342E-01    4.707657E-04    0.000000E+00    0.000000E+00    0.000000E+00
9.625000E-01   -9.899018E-01    2.086488E-01   -1.222697E+01    0.000000E+00    0.000000E+00    0.000000E+00   -4.458285E-02   -3.741755E-01    4.734258E-04    0.000000E+00    0.000000E+00    0.000000E+00
9.635000E-01   -9.901524E-01    2.083658E-01   -1.222680E+01    0.000000E+00    0.000000E+00    0.000000E+00   -4.447318E-02   -3.742150E-01    4.760576E-04    0.000000E+00    0.000000E+00    0.000000E+00
9.645000E-01   -9.903976E-01    2.080825E-01   -1.222662E+01    0.000000E+00    0.000000E+00    0.000000E+00   -4.436345E-02   -3.742527E-01    4.786525E-04    0.000000E+00    0.000000E+00    0.000000E+00
9.655000E-01   -9.906376E-01    2.077990E-01   -1.222644E+01    0.000000E+00    0.000000E+00    0.000000E+00   -4.425363E-02   -3.742886E-01    4.812295E-04    0.000000E+00    0.000000E+00    0.000000E+00
9.665000E-01   -9.908726E-01    2.075156E-01   -1.222626E+01    0.000000E+00    0.000000E+00    0.000000E+00   -4.414373E-02   -3.743230E-01    4.837940E-04    0.000000E+00    0.000000E+00    0.000000E+00
9.675000E-01   -9.911025E-01    2.072322E-01   -1.222608E+01    0.000000E+00    0.000000E+00    0.000000E+00   -4.403375E-02   -3.743556E-01    4.863323E-04    0.000000E+00    0.000000E+00    0.000000E+00
9.685000E-01   -9.913272E-01    2.069489E-01   -1.222591E+01    0.000000E+00    0.000000E+00    0.000000E+00   -4.392370E-02   -3.743866E-01    4.888295E-04    0.000000E+00    0.000000E+00    0.000000E+00
9.695000E-01   -9.915468E-01    2.066656E-01   -1.222573E+01    0.000000E+00    0.000000E+00    0.000000E+00   -4.381361E-02   -3.744158E-01    4.912891E-04    0.000000E+00    0.000000E+00    0.000000E+00
9.705000E-01   -9.917615E-01    2.063819E-01   -1.222555E+01    0.000000E+00    0.000000E+00    0.000000E+00   -4.370341E-02   -3.744434E-01    4.937197E-04    0.000000E+00    0.000000E+00    0.000000E+00
9.715000E-01   -9.919714E-01    2.060975E-01   -1.222538E+01    0.000000E+00    0.000000E+00    0.000000E+00   -4.359300E-02   -3.744694E-01    4.960992E-04    0.000000E+00    0.000000E+00    0.000000E+00
9.725000E-01   -9.921760E-01    2.058124E-01   -1.222520E+01    0.000000E+00    0.000000E+00    0.000000E+00   -4.348235E-02   -3.744937E-01    4.984027E-04    0.000000E+00    0.000000E+00    0.000000E+00
9.735000E-01   -9.923753E-01    2.055267E-01   -1.222503E+01    0.000000E+00    0.000000E+00    0.000000E+00   -4.337153E-02   -3.745164E-01    5.006593E-04    0.000000E+00    0.000000E+00    0.000000E+00
9.745000E-01   -9.925696E-01    2.052405E-01   -1.222485E+01    0.000000E+00    0.000000E+00    0.000000E+00   -4.326055E-02   -3.745374E-01    5.029104E-04    0.000000E+00    0.000000E+00    0.000000E+00
9.755000E-01   -9.927592E-01    2.049538E-01   -1.222468E+01    0.000000E+00    0.000000E+00    0.000000E+00   -4.314937E-02   -3.745568E-01    5.051661E-04    0.000000E+00    0.000000E+00    0.000000E+00
9.765000E-01   -9.929438E-01    2.046668E-01   -1.222450E+01    0.000000E+00    0.000000E+00    0.000000E+00   -4.303805E-02   -3.745747E-01    5.074073E-04    0.000000E+00    0.000000E+00    0.000000E+00
9.775000E-01   -9.931237E-01    2.043798E-01   -1.222433E+01    0.000000E+00    0.000000E+00    0.000000E+00   -4.292669E-02   -3.745909E-01    5.095872E-04    0.000000E+00    0.000000E+00    0.000000E+00
9.785000E-01   -9.932995E-01    2.040926E-01   -1.222415E+01    0.000000E+00    0.000000E+00    0.000000E+00   -4.281523E-02   -3.746058E-01    5.117309E-04    0.000000E+00    0.000000E+00    0.000000E+00
9.795000E-01   -9.934714E-01    2.038048E-01   -1.222398E+01    0.000000E+00    0.000000E+00    0.000000E+00   -4.270357E-02   -3.746192E-01    5.138750E-04    0.000000E+00    0.000000E+00    0.000000E+00
9.805000E-01   -9.936390E-01    2.035162E-01   -1.222381E+01    0.000000E+00    0.000000E+00    0.000000E+00   -4.259171E-02   -3.746313E-01    5.160185E-04    0.000000E+00    0.000000E+00    0.000000E+00
9.815000E-01   -9.938026E-01    2.032269E-01   -1.222364E+01    0.000000E+00    0.000000E+00    0.000000E+00   -4.247965E-02   -3.746419E-01    5.181452E-04    0.000000E+00    0.000000E+00    0.000000E+00
9.825000E-01   -9.939621E-01    2.029368E-01   -1.222346E+01    0.000000E+00    0.000000E+00    0.000000E+00   -4.236744E-02   -3.746511E-01    5.202423E-04    0.000000E+00    0.000000E+00    0.000000E+00
9.835000E-01   -9.941173E-01    2.026460E-01   -1.222329E+01    0.000000E+00    0.000000E+00    0.000000E+00   -4.225508E-02   -3.746588E-01    5.223122E-04    0.000000E+00    0.000000E+00    0.000000E+00
9.845000E-01   -9.942681E-01    2.023541E-01   -1.222312E+01    0.000000E+00    0.000000E+00    0.000000E+00   -4.214247E-02   -3.746652E-01    5.243739E-04    0.000000E+00    0.000000E+00    0.000000E+00
9.855000E-01   -9.944147E-01    2.020613E-01   -1.222295E+01    0.000000E+00    0.000000E+00    0.000000E+00   -4.202960E-02   -3.746702E-01    5.264273E-04    0.000000E+00    0.000000E+00    0.000000E+00
9.865000E-01   -9.945574E-01    2.017674E-01   -1.222278E+01    0.000000E+00    0.000000E+00    0.000000E+00   -4.191646E-02   -3.746739E-01    5.284553E-04    0.000000E+00    0.000000E+00    0.000000E+00
9.875000E-01   -9.946965E-01    2.014725E-01   -1.222262E+01    0.000000E+00    0.000000E+00    0.000000E+00   -4.180295E-02   -3.746765E-01    5.304290E-04    0.000000E+00    0.000000E+00    0.000000E+00
9.885000E-01   -9.948316E-01    2.011768E-01   -1.222245E+01    0.000000E+00    0.000000E+00    0.000000E+00   -4.168925E-02   -3.746779E-01    5.323382E-04    0.000000E+00    0.000000E+00    0.000000E+00
9.895000E-01   -9.949626E-01    2.008804E-01   -1.222228E+01    0.000000E+00    0.000000E+00    0.000000E+00   -4.157535E-02   -3.746779E-01    5.341901E-04    0.000000E+00    0.000000E+00    0.000000E+00
9.905000E-01   -9.950888E-01    2.005832E-01   -1.222211E+01    0.000000E+00    0.000000E+00    0.000000E+00   -4.146121E-02   -3.746765E-01    5.360476E-04    0.000000E+00    0.000000E+00    0.000000E+00
9.915000E-01   -9.952102E-01    2.002863E-01   -1.222195E+01    0.000000E+00    0.000000E+00    0.000000E+00   -4.134713E-02   -3.746736E-01    5.379320E-04    0.000000E+00    0.000000E+00    0.000000E+00
9.925000E-01   -9.953276E-01    1.999899E-01   -1.222178E+01    0.000000E+00    0.000000E+00    0.000000E+00   -4.123315E-02   -3.746694E-01    5.398069E-04    0.000000E+00    0.000000E+00    0.000000E+00
9.935000E-01   -9.954415E-01    1.996932E-01   -1.222162E+01    0.000000E+00    0.000000E+00    0.000000E+00   -4.111914E-02   -3.746641E-01    5.416600E-04    0.000000E+00    0.000000E+00    0.000000E+00
9.945000E-01   -9.955517E-01    1.993959E-01   -1.222145E+01    0.000000E+00    0.000000E+00    0.000000E+00   -4.100497E-02   -3.746576E-01    5.434905E-04    0.000000E+00    0.000000E+00    0.000000E+00
9.955000E-01   -9.956578E-01    1.990979E-01   -1.222129E+01    0.000000E+00    0.000000E+00    0.000000E+00   -4.089060E-02   -3.746499E-01    5.453158E-04    0.000000E+00    0.000000E+00    0.000000E+00
9.965000E-01   -9.957589E-01    1.987997E-01   -1.222112E+01    0.000000E+00    0.000000E+00    0.000000E+00   -4.077617E-02   -3.746407E-01    5.472195E-04    0.000000E+00    0.000000E+00    0.000000E+00
9.975000E-01   -9.958554E-01    1.985011E-01   -1.222096E+01    0.000000E+00    0.000000E+00    0.000000E+00   -4.066158E-02   -3.746299E-01    5.491948E-04    0.000000E+00    0.000000E+00    0.000000E+00
9.985000E-01   -9.959484E-01    1.982019E-01   -1.222079E+01    0.000000E+00    0.000000E+00    0.000000E+00   -4.054678E-02   -3.746180E-01    5.511919E-04    0.000000E+00    0.000000E+00    0.000000E+00
9.995000E-01   -9.960378E-01    1.979023E-01   -1.222063E+01    0.000000E+00    0.000000E+00    0.000000E+00   -4.043190E-02   -3.746050E-01    5.532032E-04    0.000000E+00    0.000000E+00    0.000000E+00
1.000500E+00   -9.961240E-01    1.976017E-01   -1.222047E+01    0.000000E+00    0.000000E+00    0.000000E+00   -4.031667E-02   -3.745910E-01    5.552058E-04    0.000000E+00    0.000000E+00    0.000000E+00
1.001500E+00   -9.962062E-01    1.973002E-01   -1.222031E+01    0.000000E+00    0.000000E+00    0.000000E+00   -4.020120E-02   -3.745758E-01    5.572064E-04    0.000000E+00    0.000000E+00    0.000000E+00
1.002500E+00   -9.962848E-01    1.969979E-01   -1.222014E+01    0.000000E+00    0.000000E+00    0.000000E+00   -4.008546E-02   -3.745596E-01    5.592046E-04    0.000000E+00    0.000000E+00    0.000000E+00
1.003500E+00   -9.963593E-01    1.966949E-01   -1.221998E+01    0.000000E+00    0.000000E+00    0.000000E+00   -3.996957E-02   -3.745421E-01    5.612062E-04    0.000000E+00    0.000000E+00    0.000000E+00
1.004500E+00   -9.964296E-01    1.963915E-01   -1.221982E+01    0.000000E+00    0.000000E+00    0.000000E+00   -3.985358E-02   -3.745234E-01    5.632326E-04    0.000000E+00    0.000000E+00    0.000000E+00
1.005500E+00   -9.964963E-01    1.960868E-01   -1.221966E+01    0.000000E+00    0.000000E+00    0.000000E+00   -3.973726E-02   -3.745037E-01    5.652833E-04    0.000000E+00    0.000000E+00    0.000000E+00
1.006500E+00   -9.965590E-01    1.957812E-01   -1.221950E+01    0.000000E+00    0.000000E+00    0.000000E+00   -3.962072E-02   -3.744828E-01    5.673719E-04    0.000000E+00    0.000000E+00    0.000000E+00
1.007500E+00   -9.966185E-01    1.954747E-01   -1.221934E+01    0.000000E+00    0.000000E+00    0.000000E+00   -3.950393E-02   -3.744609E-01    5.694934E-04    0.000000E+00    0.000000E+00    0.000000E+00
1.008500E+00   -9.966749E-01    1.951672E-01   -1.221919E+01    0.000000E+00    0.000000E+00    0.000000E+00   -3.938690E-02   -3.744380E-01    5.716415E-04    0.000000E+00    0.000000E+00    0.000000E+00
1.009500E+00   -9.967282E-01    1.948588E-01   -1.221903E+01    0.000000E+00    0.000000E+00    0.000000E+00   -3.926963E-02   -3.744141E-01    5.738062E-04    0.000000E+00    0.000000E+00    0.000000E+00
1.010500E+00   -9.967783E-01    1.945495E-01   -1.221887E+01    0.000000E+00    0.000000E+00    0.000000E+00   -3.915214E-02   -3.743893E-01    5.759779E-04    0.000000E+00    0.000000E+00    0.000000E+00
1.011500E+00   -9.968251E-01    1.942392E-01   -1.221871E+01    0.000000E+00    0.000000E+00    0.000000E+00   -3.903438E-02   -3.743634E-01    5.781523E-04    0.000000E+00    0.000000E+00    0.000000E+00
1.012500E+00   -9.968687E-01    1.939278E-01   -1.221856E+01    0.000000E+00    0.000000E+00    0.000000E+00   -3.891630E-02   -3.743365E-01    5.803328E-04    0.000000E+00    0.000000E+00    0.000000E+00
1.013500E+00   -9.969083E-01    1.936154E-01   -1.221840E+01    0.000000E+00    0.000000E+00    0.000000E+00   -3.879796E-02   -3.743088E-01    5.825463E-04    0.000000E+00    0.000000E+00    0.000000E+00
1.014500E+00   -9.969441E-01    1.933026E-01   -1.221824E+01    0.000000E+00    0.000000E+00    0.000000E+00   -3.867947E-02   -3.742801E-01    5.847984E-04    0.000000E+00    0.000000E+00    0.000000E+00
1.015500E+00   -9.969768E-01    1.929890E-01   -1.221809E+01    0.000000E+00    0.000000E+00    0.000000E+00   -3.856080E-02   -3.742505E-01    5.871063E-04    0.000000E+00    0.000000E+00    0.000000E+00
1.016500E+00   -9.970068E-01    1.926740E-01   -1.221793E+01    0.000000E+00    0.000000E+00    0.000000E+00   -3.844186E-02   -3.742198E-01    5.894883E-04    0.000000E+00    0.000000E+00    0.000000E+00
1.017500E+00   -9.970346E-01    1.923574E-01   -1.221778E+01    0.000000E+00    0.000000E+00    0.000000E+00   -3.832254E-02   -3.741882E-01    5.919463E-04    0.000000E+00    0.000000E+00    0.000000E+00
1.018500E+00   -9.970610E-01    1.920396E-01   -1.221763E+01    0.000000E+00    0.000000E+00    0.000000E+00   -3.820281E-02   -3.741561E-01    5.944747E-04    0.000000E+00    0.000000E+00    0.000000E+00
1.019500E+00   -9.970850E-01    1.917210E-01   -1.221747E+01    0.000000E+00    0.000000E+00    0.000000E+00   -3.808289E-02   -3.741232E-01    5.970504E-04    0.000000E+00    0.000000E+00    0.000000E+00
1.020500E+00   -9.971061E-01    1.914014E-01   -1.221732E+01    0.000000E+00    0.000000E+00    0.000000E+00   -3.796264E-02   -3.740893E-01    5.996187E-04    0.000000E+00    0.000000E+00    0.000000E+00
1.021500E+00   -9.971241E-01    1.910800E-01   -1.221717E+01    0.000000E+00    0.000000E+00    0.000000E+00   -3.784181E-02   -3.740545E-01    6.020892E-04    0.000000E+00    0.000000E+00    0.000000E+00
1.022500E+00   -9.971385E-01    1.907571E-01   -1.221701E+01    0.000000E+00    0.000000E+00    0.000000E+00   -3.772051E-02   -3.740186E-01    6.044273E-04    0.000000E+00    0.000000E+00    0.000000E+00
1.023500E+00   -9.971497E-01    1.904327E-01   -1.221686E+01    0.000000E+00    0.000000E+00    0.000000E+00   -3.759876E-02   -3.739815E-01    6.066782E-04    0.000000E+00    0.000000E+00    0.000000E+00
1.024500E+00   -9.971583E-01    1.901071E-01   -1.221671E+01    0.000000E+00    0.000000E+00    0.000000E+00   -3.747656E-02   -3.739436E-01    6.088858E-04    0.000000E+00    0.000000E+00    0.000000E+00
1.025500E+00   -9.971645E-01    1.897805E-01   -1.221656E+01    0.000000E+00    0.000000E+00    0.000000E+00   -3.735409E-02   -3.739048E-01    6.110741E-04    0.000000E+00    0.000000E+00    0.000000E+00
1.026500E+00   -9.971681E-01    1.894531E-01   -1.221640E+01    0.000000E+00    0.000000E+00    0.000000E+00   -3.723139E-02   -3.738652E-01    6.132444E-04    0.000000E+00    0.000000E+00    0.000000E+00
1.027500E+00   -9.971692E-01    1.891248E-01   -1.221625E+01    0.000000E+00    0.000000E+00    0.000000E+00   -3.710848E-02   -3.738248E-01    6.153876E-04    0.000000E+00    0.000000E+00    0.000000E+00
1.028500E+00   -9.971672E-01    1.887957E-01   -1.221610E+01    0.000000E+00    0.000000E+00    0.000000E+00   -3.698539E-02   -3.737833E-01    6.174953E-04    0.000000E+00    0.000000E+00    0.000000E+00
1.029500E+00   -9.971628E-01    1.884649E-01   -1.221595E+01    0.000000E+00    0.000000E+00    0.000000E+00   -3.686184E-02   -3.737411E-01    6.195591E-04    0.000000E+00    0.000000E+00    0.000000E+00
1.030500E+00   -9.971556E-01    1.881322E-01   -1.221580E+01    0.000000E+00    0.000000E+00    0.000000E+00   -3.673789E-02   -3.736980E-01    6.215930E-04    0.000000E+00    0.000000E+00    0.000000E+00
1.031500E+00   -9.971457E-01    1.877976E-01   -1.221565E+01    0.000000E+00    0.000000E+00    0.000000E+00   -3.661355E-02   -3.736540E-01    6.235940E-04    0.000000E+00    0.000000E+00    0.000000E+00
1.032500E+00   -9.971331E-01    1.874614E-01   -1.221550E+01    0.000000E+00    0.000000E+00    0.000000E+00   -3.648878E-02   -3.736093E-01    6.255434E-04    0.000000E+00    0.000000E+00    0.000000E+00
1.033500E+00   -9.971178E-01    1.871243E-01   -1.221535E+01    0.000000E+00    0.000000E+00    0.000000E+00   -3.636377E-02   -3.735638E-01    6.274278E-04    0.000000E+00    0.000000E+00    0.000000E+00
1.034500E+00   -9.970996E-01    1.867867E-01   -1.221520E+01    0.000000E+00    0.000000E+00    0.000000E+00   -3.623861E-02   -3.735173E-01    6.292366E-04    0.000000E+00    0.000000E+00    0.000000E+00
1.035500E+00   -9.970789E-01    1.864479E-01   -1.221506E+01    0.000000E+00    0.000000E+00    0.000000E+00   -3.611319E-02   -3.734701E-01    6.309684E-04    0.000000E+00    0.000000E+00    0.000000E+00
1.036500E+00   -9.970555E-01    1.861077E-01   -1.221491E+01    0.000000E+00    0.000000E+00    0.000000E+00   -3.598745E-02   -3.734220E-01    6.325917E-04    0.000000E+00    0.000000E+00    0.000000E+00
1.037500E+00   -9.970292E-01    1.857661E-01   -1.221476E+01    0.000000E+00    0.000000E+00    0.000000E+00   -3.586140E-02   -3.733729E-01    6.341222E-04    0.000000E+00    0.000000E+00    0.000000E+00
1.038500E+00   -9.970000E-01    1.854234E-01   -1.221461E+01    0.000000E+00    0.000000E+00    0.000000E+00   -3.573510E-02   -3.733230E-01    6.356106E-04    0.000000E+00    0.000000E+00    0.000000E+00
1.039500E+00   -9.969682E-01    1.850795E-01   -1.221447E+01    0.000000E+00    0.000000E+00    0.000000E+00   -3.560850E-02   -3.732723E-01    6.370977E-04    0.000000E+00    0.000000E+00    0.000000E+00
1.040500E+00   -9.969338E-01    1.847344E-01   -1.221432E+01    0.000000E+00    0.000000E+00    0.000000E+00   -3.548157E-02   -3.732208E-01    6.385931E-04    0.000000E+00    0.000000E+00    0.000000E+00
1.041500E+00   -9.968968E-01    1.843881E-01   -1.221417E+01    0.000000E+00    0.000000E+00    0.000000E+00   -3.535426E-02   -3.731686E-01    6.401319E-04    0.000000E+00    0.000000E+00    0.000000E+00
1.042500E+00   -9.968568E-01    1.840410E-01   -1.221403E+01    0.000000E+00    0.000000E+00    0.000000E+00   -3.522670E-02   -3.731155E-01    6.417182E-04    0.000000E+00    0.000000E+00    0.000000E+00
1.043500E+00   -9.968140E-01    1.836931E-01   -1.221388E+01    0.000000E+00    0.000000E+00    0.000000E+00   -3.509905E-02   -3.730615E-01    6.433349E-04    0.000000E+00    0.000000E+00    0.000000E+00
1.044500E+00   -9.967687E-01    1.833437E-01   -1.221374E+01    0.000000E+00    0.000000E+00    0.000000E+00   -3.497118E-02   -3.730067E-01    6.449703E-04    0.000000E+00    0.000000E+00    0.000000E+00
1.045500E+00   -9.967210E-01    1.829928E-01   -1.221359E+01    0.000000E+00    0.000000E+00    0.000000E+00   -3.484302E-02   -3.729513E-01    6.466088E-04    0.000000E+00    0.000000E+00    0.000000E+00
1.046500E+00   -9.956286E-01    1.832553E-01   -1.221347E+01    0.000000E+00    0.000000E+00    0.000000E+00   -3.501785E-02   -3.723928E-01    3.718277E-04    0.000000E+00    0.000000E+00    0.000000E+00
1.047500E+00   -9.955765E-01    1.829026E-01   -1.221333E+01    0.000000E+00    0.000000E+00    0.000000E+00   -3.488929E-02   -3.723361E-01    3.735395E-04    0.000000E+00    0.000000E+00    0.000000E+00
1.048500E+00   -9.955221E-01    1.825494E-01   -1.221318E+01    0.000000E+00    0.000000E+00    0.000000E+00   -3.476059E-02   -3.722788E-01    3.752493E-04    0.000000E+00    0.000000E+00    0.000000E+00
1.049500E+00   -9.954657E-01    1.821956E-01   -1.221304E+01    0.000000E+00    0.000000E+00    0.000000E+00   -3.463173E-02   -3.722208E-01    3.769625E-04    0.000000E+00    0.000000E+00    0.000000E+00
1.050500E+00   -9.954071E-01    1.818410E-01   -1.221289E+01    0.000000E+00    0.000000E+00    0.000000E+00   -3.450263E-02   -3.721623E-01    3.786980E-04    0.000000E+00    0.000000E+00    0.000000E+00
1.051500E+00   -9.953467E-01    1.814854E-01   -1.221275E+01    0.000000E+00    0.000000E+00    0.000000E+00   -3.437327E-02   -3.721032E-01    3.804694E-04    0.000000E+00    0.000000E+00    0.000000E+00
1.052500E+00   -9.952847E-01    1.811285E-01   -1.221261E+01    0.000000E+00    0.000000E+00    0.000000E+00   -3.424359E-02   -3.720436E-01    3.822752E-04    0.000000E+00    0.000000E+00    0.000000E+00
1.053500E+00   -9.952210E-01    1.807703E-01   -1.221246E+01    0.000000E+00    0.000000E+00    0.000000E+00   -3.411361E-02   -3.719835E-01    3.841101E-04    0.000000E+00    0.000000E+00    0.000000E+00
1.054500E+00   -9.951562E-01    1.804108E-01   -1.221232E+01    0.000000E+00    0.000000E+00    0.000000E+00   -3.398335E-02   -3.719230E-01    3.859690E-04    0.000000E+00    0.000000E+00    0.000000E+00
1.055500E+00   -9.950901E-01    1.800503E-01   -1.221218E+01    0.000000E+00    0.000000E+00    0.000000E+00   -3.385282E-02   -3.718621E-01    3.878411E-04    0.000000E+00    0.000000E+00    0.000000E+00
1.056500E+00   -9.950225E-01    1.796889E-01   -1.221203E+01    0.000000E+00    0.000000E+00    0.000000E+00   -3.372202E-02   -3.718008E-01    3.897230E-04    0.000000E+00    0.000000E+00    0.000000E+00
1.057500E+00   -9.949530E-01    1.793269E-01   -1.221189E+01    0.000000E+00    0.000000E+00    0.000000E+00   -3.359104E-02   -3.717390E-01    3.916112E-04    0.000000E+00    0.000000E+00    0.000000E+00
1.058500E+00   -9.948809E-01    1.789639E-01   -1.221174E+01    0.000000E+00    0.000000E+00    0.000000E+00   -3.345990E-02   -3.716767E-01    3.935069E-04    0.000000E+00    0.000000E+00    0.000000E+00
1.059500E+00   -9.948062E-01    1.785998E-01   -1.221160E+01    0.000000E+00    0.000000E+00    0.000000E+00   -3.332853E-02   -3.716137E-01    3.954072E-04    0.000000E+00    0.000000E+00    0.000000E+00
1.060500E+00   -9.947296E-01    1.782346E-01   -1.221146E+01    0.000000E+00    0.000000E+00    0.000000E+00   -3.319695E-02   -3.715501E-01    3.973135E-04    0.000000E+00    0.000000E+00    0.000000E+00
1.061500E+00   -9.946522E-01    1.778692E-01   -1.221131E+01    0.000000E+00    0.000000E+00    0.000000E+00   -3.306526E-02   -3.714863E-01    3.992662E-04    0.000000E+00    0.000000E+00    0.000000E+00
1.062500E+00   -9.945748E-01    1.775037E-01   -1.221117E+01    0.000000E+00    0.000000E+00    0.000000E+00   -3.293348E-02   -3.714222E-01    4.012621E-04    0.000000E+00    0.000000E+00    0.000000E+00
1.063500E+00   -9.944966E-01    1.771374E-01   -1.221103E+01    0.000000E+00    0.000000E+00    0.000000E+00   -3.280149E-02   -3.713579E-01    4.032759E-04    0.000000E+00    0.000000E+00    0.000000E+00
1.064500E+00   -9.944172E-01    1.767699E-01   -1.221088E+01    0.000000E+00    0.000000E+00    0.000000E+00   -3.266916E-02   -3.712932E-01    4.053126E-04    0.000000E+00    0.000000E+00    0.000000E+00
1.065500E+00   -9.943366E-01    1.764017E-01   -1.221074E+01    0.000000E+00    0.000000E+00    0.000000E+00   -3.253659E-02   -3.712282E-01    4.073860E-04    0.000000E+00    0.000000E+00    0.000000E+00
1.066500E+00   -9.942550E-01    1.760331E-01   -1.221060E+01    0.000000E+00    0.000000E+00    0.000000E+00   -3.240380E-02   -3.711630E-01    4.094786E-04    0.000000E+00    0.000000E+00    0.000000E+00
1.067500E+00   -9.941724E-01    1.756638E-01   -1.221046E+01    0.000000E+00    0.000000E+00    0.000000E+00   -3.227079E-02   -3.710975E-01    4.115772E-04    0.000000E+00    0.000000E+00    0.000000E+00
1.068500E+00   -9.940884E-01    1.752945E-01   -1.221032E+01    0.000000E+00    0.000000E+00    0.000000E+00   -3.213775E-02   -3.710316E-01    4.136746E-04    0.000000E+00    0.000000E+00    0.000000E+00
1.069500E+00   -9.940032E-01    1.749251E-01   -1.221017E+01    0.000000E+00    0.000000E+00    0.000000E+00   -3.200471E-02   -3.709654E-01    4.157690E-04    0.000000E+00    0.000000E+00    0.000000E+00
1.070500E+00   -9.939172E-01    1.745554E-01   -1.221003E+01    0.000000E+00    0.000000E+00    0.000000E+00   -3.187155E-02   -3.708990E-01    4.178696E-04    0.000000E+00    0.000000E+00    0.000000E+00
1.071500E+00   -9.938300E-01    1.741855E-01   -1.220989E+01    0.000000E+00    0.000000E+00    0.000000E+00   -3.173833E-02   -3.708324E-01    4.199686E-04    0.000000E+00    0.000000E+00    0.000000E+00
1.072500E+00   -9.937410E-01    1.738161E-01   -1.220975E+01    0.000000E+00    0.000000E+00    0.000000E+00   -3.160517E-02   -3.707654E-01    4.221043E-04    0.000000E+00    0.000000E+00    0.000000E+00
1.073500E+00   -9.936493E-01    1.734472E-01   -1.220961E+01    0.000000E+00    0.000000E+00    0.000000E+00   -3.147218E-02   -3.706976E-01    4.242988E-04    0.000000E+00    0.000000E+00    0.000000E+00
1.074500E+00   -9.935554E-01    1.730785E-01   -1.220947E+01    0.000000E+00    0.000000E+00    0.000000E+00   -3.133940E-02   -3.706294E-01    4.265034E-04    0.000000E+00    0.000000E+00    0.000000E+00
1.075500E+00   -9.934596E-01    1.727093E-01   -1.220933E+01    0.000000E+00    0.000000E+00    0.000000E+00   -3.120679E-02   -3.705607E-01    4.286744E-04    0.000000E+00    0.000000E+00    0.000000E+00
1.076500E+00   -9.933618E-01    1.723398E-01   -1.220919E+01    0.000000E+00    0.000000E+00    0.000000E+00   -3.107430E-02   -3.704917E-01    4.308070E-04    0.000000E+00    0.000000E+00    0.000000E+00
1.077500E+00   -9.932628E-01    1.719702E-01   -1.220905E+01    0.000000E+00    0.000000E+00    0.000000E+00   -3.094183E-02   -3.704223E-01    4.329000E-04    0.000000E+00    0.000000E+00    0.000000E+00
1.078500E+00   -9.931626E-01    1.716007E-01   -1.220891E+01    0.000000E+00    0.000000E+00    0.000000E+00   -3.080937E-02   -3.703528E-01    4.349582E-04    0.000000E+00    0.000000E+00    0.000000E+00
1.079500E+00   -9.930615E-01    1.712318E-01   -1.220877E+01    0.000000E+00    0.000000E+00    0.000000E+00   -3.067707E-02   -3.702830E-01    4.370113E-04    0.000000E+00    0.000000E+00    0.000000E+00
1.080500E+00   -9.929607E-01    1.708641E-01   -1.220863E+01    0.000000E+00    0.000000E+00    0.000000E+00   -3.054493E-02   -3.702131E-01    4.391152E-04    0.000000E+00    0.000000E+00    0.000000E+00
1.081500E+00   -9.928599E-01    1.704975E-01   -1.220849E+01    0.000000E+00    0.000000E+00    0.000000E+00   -3.041291E-02   -3.701433E-01    4.412438E-04    0.000000E+00    0.000000E+00    0.000000E+00
1.082500E+00   -9.927585E-01    1.701306E-01   -1.220835E+01    0.000000E+00    0.000000E+00    0.000000E+00   -3.028084E-02   -3.700732E-01    4.433689E-04    0.000000E+00    0.000000E+00    0.000000E+00
1.083500E+00   -9.920643E-01    1.674640E-01   -1.220827E+01    0.000000E+00    0.000000E+00    0.000000E+00   -2.901211E-02   -3.697233E-01    9.758478E-04    0.000000E+00    0.000000E+00    0.000000E+00
1.084500E+00   -9.919587E-01    1.670919E-01   -1.220813E+01    0.000000E+00    0.000000E+00    0.000000E+00   -2.887847E-02   -3.696522E-01    9.778913E-04    0.000000E+00    0.000000E+00    0.000000E+00
1.085500E+00   -9.918515E-01    1.667197E-01   -1.220799E+01    0.000000E+00    0.000000E+00    0.000000E+00   -2.874477E-02   -3.695807E-01    9.798966E-04    0.000000E+00    0.000000E+00    0.000000E+00
1.086500E+00   -9.917434E-01    1.663485E-01   -1.220785E+01    0.000000E+00    0.000000E+00    0.000000E+00   -2.861147E-02   -3.695090E-01    9.819480E-04    0.000000E+00    0.000000E+00    0.000000E+00
1.087500E+00   -9.916345E-01    1.659777E-01   -1.220771E+01    0.000000E+00    0.000000E+00    0.000000E+00   -2.847845E-02   -3.694372E-01    9.840159E-04    0.000000E+00    0.000000E+00    0.000000E+00
1.088500E+00   -9.915241E-01    1.656063E-01   -1.220757E+01    0.000000E+00    0.000000E+00    0.000000E+00   -2.834528E-02   -3.693651E-01    9.860818E-04    0.000000E+00    0.000000E+00    0.000000E+00
1.089500E+00   -9.914124E-01    1.652357E-01   -1.220743E+01    0.000000E+00    0.000000E+00    0.000000E+00   -2.821238E-02   -3.692928E-01    9.881703E-04    0.000000E+00    0.000000E+00    0.000000E+00
1.090500E+00   -9.912991E-01    1.648653E-01   -1.220729E+01    0.000000E+00    0.000000E+00    0.000000E+00   -2.807951E-02   -3.692201E-01    9.903630E-04    0.000000E+00    0.000000E+00    0.000000E+00
1.091500E+00   -9.911848E-01    1.644954E-01   -1.220716E+01    0.000000E+00    0.000000E+00    0.000000E+00   -2.794678E-02   -3.691472E-01    9.926420E-04    0.000000E+00    0.000000E+00    0.000000E+00
1.092500E+00   -9.910704E-01    1.641263E-01   -1.220702E+01    0.000000E+00    0.000000E+00    0.000000E+00   -2.781439E-02   -3.690741E-01    9.949344E-04    0.000000E+00    0.000000E+00    0.000000E+00
1.093500E+00   -9.909554E-01    1.637568E-01   -1.220688E+01    0.000000E+00    0.000000E+00    0.000000E+00   -2.768198E-02   -3.690010E-01    9.972236E-04    0.000000E+00    0.000000E+00    0.000000E+00
1.094500E+00   -9.908396E-01    1.633871E-01   -1.220674E+01    0.000000E+00    0.000000E+00    0.000000E+00   -2.754965E-02   -3.689278E-01    9.995261E-04    0.000000E+00    0.000000E+00    0.000000E+00
1.095500E+00   -9.907231E-01    1.630167E-01   -1.220660E+01    0.000000E+00    0.000000E+00    0.000000E+00   -2.741719E-02   -3.688545E-01    1.001821E-03    0.000000E+00    0.000000E+00    0.000000E+00
1.096500E+00   -9.906074E-01    1.626467E-01   -1.220646E+01    0.000000E+00    0.000000E+00    0.000000E+00   -2.728472E-02   -3.687814E-01    1.004026E-03    0.000000E+00    0.000000E+00    0.000000E+00
1.097500E+00   -9.904916E-01    1.622758E-01   -1.220632E+01    0.000000E+00    0.000000E+00    0.000000E+00   -2.715205E-02   -3.687084E-01    1.006124E-03    0.000000E+00    0.000000E+00    0.000000E+00
1.098500E+00   -9.903741E-01    1.619027E-01   -1.220618E+01    0.000000E+00    0.000000E+00    0.000000E+00   -2.701862E-02   -3.686350E-01    1.008134E-03    0.000000E+00    0.000000E+00    0.000000E+00
1.099500E+00   -9.902559E-01    1.615303E-01   -1.220605E+01    0.000000E+00    0.000000E+00    0.000000E+00   -2.688542E-02   -3.685615E-01    1.010138E-03    0.000000E+00    0.000000E+00    0.000000E+00
1.100500E+00    5.706247E+00    5.024144E+00   -3.044686E+00    0.000000E+00    0.000000E+00    0.000000E+00   -1.877173E+00    2.071467E+00    2.192299E-01    0.000000E+00    0.000000E+00    0.000000E+00
1.101500E+00    1.665982E-01   -5.481889E-01    3.746725E+01    0.000000E+00    0.000000E+00    0.000000E+00    2.142851E-01    3.424970E-01    4.204568E-01    0.000000E+00    0.000000E+00    0.000000E+00
1.102500E+00    3.940955E-01    9.204228E-01    1.421958E+01    0.000000E+00    0.000000E+00    0.000000E+00   -3.432527E-01    3.339636E-01    6.139115E-01    0.000000E+00    0.000000E+00    0.000000E+00
1.103500E+00   -1.700153E+00    2.369753E-01    3.048536E+01    0.000000E+00    0.000000E+00    0.000000E+00   -1.915577E-01   -3.839577E-01   -8.449835E-01    0.000000E+00    0.000000E+00    0.000000E+00
1.104500E+00    8.906235E-01   -9.745571E+00    3.360899E+01    0.000000E+00    0.000000E+00    0.000000E+00    3.258599E+00    3.866311E-01   -7.971399E-01    0.000000E+00    0.000000E+00    0.000000E+00
1.105500E+00    1.701035E+00   -1.992401E+00   -1.067080E+01    0.000000E+00    0.000000E+00    0.000000E+00    9.537900E-01    7.470727E-01   -7.611869E-01    0.000000E+00    0.000000E+00    0.000000E+00
1.106500E+00    4.683406E+00   -5.014052E+00    1.417525E+01    0.000000E+00    0.000000E+00    0.000000E+00    1.864400E+00    1.615975E+00   -8.299252E-01    0.000000E+00    0.000000E+00    0.000000E+00
1.107500E+00   -2.390671E+00   -1.538385E+00    2.369009E+01    0.000000E+00    0.000000E+00    0.000000E+00    5.878739E-01   -1.028706E+00   -1.799355E-01    0.000000E+00    0.000000E+00    0.000000E+00
1.108500E+00   -1.013350E+00    1.917539E+00    6.334577E+00    0.000000E+00    0.000000E+00    0.000000E+00   -4.472809E-01   -5.308923E-01   -2.371492E-01    0.000000E+00    0.000000E+00    0.000000E+00
1.109500E+00    2.916135E+00    2.351680E+00   -1.232631E+01    0.000000E+00    0.000000E+00    0.000000E+00   -5.276097E-01    1.039548E+00   -3.114370E-01    0.000000E+00    0.000000E+00    0.000000E+00
1.110500E+00    2.146743E+00    1.122590E+00    1.595227E+01    0.000000E+00    0.000000E+00    0.000000E+00   -7.772421E-02    6.126357E-01   -3.457107E-01    0.000000E+00    0.000000E+00    0.000000E+00
1.111500E+00   -1.454336E+00    1.452840E+00    8.534363E-01    0.000000E+00    0.000000E+00    0.000000E+00   -2.986617E-01   -5.587049E-01   -1.991920E-01    0.000000E+00    0.000000E+00    0.000000E+00
1.112500E+00   -4.175145E+00    4.333497E-01    1.042645E-02    0.000000E+00    0.000000E+00    0.000000E+00   -8.092004E-03   -1.703583E+00   -9.306021E-02    0.000000E+00    0.000000E+00    0.000000E+00
1.113500E+00    1.219313E+00    5.787508E-01    6.786127E+00    0.000000E+00    0.000000E+00    0.000000E+00    1.117754E-01    1.234533E-01   -7.979537E-02    0.000000E+00    0.000000E+00    0.000000E+00
1.114500E+00   -2.303221E+00    5.271275E-02   -1.125665E+00    0.000000E+00    0.000000E+00    0.000000E+00    4.242354E-01   -1.245094E+00    1.961433E-04    0.000000E+00    0.000000E+00    0.000000E+00
1.115500E+00   -3.565075E+00   -1.811819E-01   -6.233357E+00    0.000000E+00    0.000000E+00    0.000000E+00    3.553923E-01   -1.956198E+00   -1.057636E-01    0.000000E+00    0.000000E+00    0.000000E+00
1.116500E+00    1.150265E+00    6.174459E-01   -2.987900E+00    0.000000E+00    0.000000E+00    0.000000E+00   -2.327992E-01    4.402695E-01   -5.026388E-02    0.000000E+00    0.000000E+00    0.000000E+00
1.117500E+00    6.687994E-01    8.897587E-01   -6.414387E+00    0.000000E+00    0.000000E+00    0.000000E+00   -1.525962E-01    8.444979E-02   -8.347909E-02    0.000000E+00    0.000000E+00    0.000000E+00
1.118500E+00   -2.518422E+00    1.505969E-01   -6.503874E+00    0.000000E+00    0.000000E+00    0.000000E+00    7.025909E-03   -1.208334E+00   -3.459305E-02    0.000000E+00    0.000000E+00    0.000000E+00
1.119500E+00   -8.766115E-01    4.929884E-02   -5.926380E+00    0.000000E+00    0.000000E+00    0.000000E+00   -1.344782E-02   -4.648867E-01   -7.725666E-02    0.000000E+00    0.000000E+00    0.000000E+00
1.120500E+00   -6.198468E-01   -1.373679E+00   -3.365645E+00    0.000000E+00    0.000000E+00    0.000000E+00    6.874202E-01   -2.587821E-01   -4.193240E-02    0.000000E+00    0.000000E+00    0.000000E+00
1.121500E+00   -2.182163E+00   -1.836476E+00   -9.413406E+00    0.000000E+00    0.000000E+00    0.000000E+00    1.229833E+00   -9.526221E-01   -6.857120E-02    0.000000E+00    0.000000E+00    0.000000E+00
1.122500E+00   -2.143514E+00   -2.244694E+00   -1.290900E+01    0.000000E+00    0.000000E+00    0.000000E+00    1.094216E+00   -1.018771E+00   -6.194031E-02    0.000000E+00    0.000000E+00    0.000000E+00
1.123500E+00   -1.100249E+00    2.097137E-02   -7.337878E+00    0.000000E+00    0.000000E+00    0.000000E+00   -7.973688E-02   -5.206680E-01    4.744927E-02    0.000000E+00    0.000000E+00    0.000000E+00
1.124500E+00    1.233121E+00    2.759490E+00   -9.618959E+00    0.000000E+00    0.000000E+00    0.000000E+00   -1.132226E+00    2.598197E-01    4.164829E-02    0.000000E+00    0.000000E+00    0.000000E+00
1.125500E+00    4.753542E-01    3.768062E-01   -1.063455E+01    0.000000E+00    0.000000E+00    0.000000E+00   -1.105606E-01    1.364921E-01    6.069058E-03    0.000000E+00    0.000000E+00    0.000000E+00
1.126500E+00    2.225894E-01   -2.482968E+00   -2.633336E+01    0.000000E+00    0.000000E+00    0.000000E+00    1.757574E+00   -2.496087E-01   -2.677268E-01    0.000000E+00    0.000000E+00    0.000000E+00
1.127500E+00    1.896748E+00    2.988055E+00   -1.160151E+01    0.000000E+00    0.000000E+00    0.000000E+00   -1.296719E+00    6.260218E-01    3.499665E-02    0.000000E+00    0.000000E+00    0.000000E+00
1.128500E+00    9.836287E-01    8.835501E-02   -7.176902E+00    0.000000E+00    0.000000E+00    0.000000E+00    4.350808E-02    5.410698E-01    1.363901E-01    0.000000E+00    0.000000E+00    0.000000E+00
1.129500E+00    5.460556E-01   -1.469788E+00   -1.793617E+01    0.000000E+00    0.000000E+00    0.000000E+00    7.562124E-01    1.917558E-01    1.255768E-01    0.000000E+00    0.000000E+00    0.000000E+00
1.130500E+00    2.364610E+00   -2.364534E+00   -2.955356E+01    0.000000E+00    0.000000E+00    0.000000E+00    1.136346E+00    9.881995E-01    7.502032E-02    0.000000E+00    0.000000E+00    0.000000E+00
1.131500E+00    3.094745E-01   -1.603115E+00   -2.571214E+01    0.000000E+00    0.000000E+00    0.000000E+00    7.042695E-01    1.231721E-01    2.010829E-01    0.000000E+00    0.000000E+00    0.000000E+00
1.132500E+00   -1.321535E+00    8.030007E-01    7.680092E+00    0.000000E+00    0.000000E+00    0.000000E+00   -7.358396E-04   -8.109458E-01    4.654194E-02    0.000000E+00    0.000000E+00    0.000000E+00
1.133500E+00    6.305214E-01    3.203521E-01   -3.088067E+01    0.000000E+00    0.000000E+00    0.000000E+00   -1.500318E-01    3.405958E-01    1.700700E-01    0.000000E+00    0.000000E+00    0.000000E+00
1.134500E+00    5.226017E-01   -3.696443E+00   -2.444972E+01    0.000000E+00    0.000000E+00    0.000000E+00    2.388885E+00    5.933742E-01    1.297636E-01    0.000000E+00    0.000000E+00    0.000000E+00
1.135500E+00   -6.949762E-01   -2.490110E+00   -4.186910E+01    0.000000E+00    0.000000E+00    0.000000E+00    1.414651E+00   -7.758405E-02   -7.030816E-02    0.000000E+00    0.000000E+00    0.000000E+00
1.136500E+00    4.199003E+00   -3.859532E+00   -2.167707E+01    0.000000E+00    0.000000E+00    0.000000E+00    2.286664E+00    2.996812E+00    2.707747E-01    0.000000E+00    0.000000E+00    0.000000E+00
1.137500E+00   -1.943507E+00    3.961922E+00   -2.637599E+01    0.000000E+00    0.000000E+00    0.000000E+00   -2.294695E+00   -1.102645E+00    6.853047E-01    0.000000E+00    0.000000E+00    0.000000E+00
1.138500E+00   -9.704982E-01   -9.508627E-01   -3.384559E+01    0.000000E+00    0.000000E+00    0.000000E+00    1.124152E+00   -7.495569E-01    6.606574E-01    0.000000E+00    0.000000E+00    0.000000E+00
1.139500E+00    8.374715E-02   -1.464961E-01   -3.248465E+01    0.000000E+00    0.000000E+00    0.000000E+00    9.626562E-01   -3.784315E-01    1.224873E+00    0.000000E+00    0.000000E+00    0.000000E+00
1.140500E+00    1.175544E+01    8.051875E+00   -4.725043E+01    0.000000E+00    0.000000E+00    0.000000E+00   -4.067543E+00    6.545149E+00    1.346538E+00    0.000000E+00    0.000000E+00    0.000000E+00
1.141500E+00    3.302557E+00    3.559556E-01   -6.532463E+01    0.000000E+00    0.000000E+00    0.000000E+00   -5.092435E-01    1.428760E+00    4.468955E-01    0.000000E+00    0.000000E+00    0.000000E+00
1.142500E+00   -2.151257E+00   -1.837291E+00   -3.694323E-01    0.000000E+00    0.000000E+00    0.000000E+00    6.470609E-01   -1.655161E+00   -1.978930E-01    0.000000E+00    0.000000E+00    0.000000E+00
1.143500E+00    3.111842E+00   -6.785100E+00   -3.296328E+01    0.000000E+00    0.000000E+00    0.000000E+00    3.544432E+00    1.412231E+00    2.291382E-01    0.000000E+00    0.000000E+00    0.000000E+00
1.144500E+00    5.647681E+00    3.123841E-01   -9.625212E+00    0.000000E+00    0.000000E+00    0.000000E+00   -8.844659E-01    3.138903E+00    6.466360E-01    0.000000E+00    0.000000E+00    0.000000E+00
1.145500E+00    5.909655E-01   -5.146210E+00   -9.548825E+00    0.000000E+00    0.000000E+00    0.000000E+00    2.831506E+00    4.923991E-01    1.225163E+00    0.000000E+00    0.000000E+00    0.000000E+00
1.146500E+00    7.189540E-01   -3.555023E+00   -8.190062E+01    0.000000E+00    0.000000E+00    0.000000E+00    6.435450E-01    1.301632E+00    6.415038E-01    0.000000E+00    0.000000E+00    0.000000E+00
1.147500E+00   -7.432356E+00   -6.309746E+00   -5.833310E+00    0.000000E+00    0.000000E+00    0.000000E+00    2.847685E+00   -3.611782E+00    1.223252E+00    0.000000E+00    0.000000E+00    0.000000E+00
1.148500E+00   -6.448359E+00    6.369868E+00   -1.762479E+02    0.000000E+00    0.000000E+00    0.000000E+00   -7.780794E+00   -1.137436E+00   -2.139727E-01    0.000000E+00    0.000000E+00    0.000000E+00
1.149500E+00   -3.962482E+00    3.367654E+00   -4.137423E+01    0.000000E+00    0.000000E+00    0.000000E+00   -5.364560E+00    6.525815E-01    4.822110E-01    0.000000E+00    0.000000E+00    0.000000E+00
1.150500E+00    1.344012E+01    4.912775E+00   -4.177985E+01    0.000000E+00    0.000000E+00    0.000000E+00   -4.826411E+00    1.131020E+01   -1.367888E+00    0.000000E+00    0.000000E+00    0.000000E+00
1.151500E+00    5.575924E+00    1.338931E+00   -1.716641E+02    0.000000E+00    0.000000E+00    0.000000E+00   -3.968491E+00    1.024443E+01   -1.034532E+00    0.000000E+00    0.000000E+00    0.000000E+00
1.152500E+00    1.802156E+01   -3.548762E+00   -1.764268E+02    0.000000E+00    0.000000E+00    0.000000E+00   -3.183906E+00    1.169094E+01   -2.959935E+00    0.000000E+00    0.000000E+00    0.000000E+00
1.153500E+00   -3.496732E+00    2.425728E+01   -4.100144E+02    0.000000E+00    0.000000E+00    0.000000E+00   -1.956340E+01   -8.362468E-02   -1.267766E+00    0.000000E+00    0.000000E+00    0.000000E+00
1.154500E+00    9.919977E+00    6.229840E+01   -2.066062E+02    0.000000E+00    0.000000E+00    0.000000E+00   -3.321371E+01    7.255805E-02    1.779666E+00    0.000000E+00    0.000000E+00    0.000000E+00
1.155500E+00    2.488110E+01   -3.375894E+01   -1.118100E+02    0.000000E+00    0.000000E+00    0.000000E+00    1.848744E+01    1.909347E+01   -1.820330E+00    0.000000E+00    0.000000E+00    0.000000E+00
1.156500E+00   -1.163803E+01    1.974658E+01   -8.718255E+01    0.000000E+00    0.000000E+00    0.000000E+00   -1.089321E+01   -9.675210E+00   -1.268893E+00    0.000000E+00    0.000000E+00    0.000000E+00
1.157500E+00    1.797732E+01    1.656360E+01   -8.317876E+01    0.000000E+00    0.000000E+00    0.000000E+00   -1.024509E+01    9.364332E+00   -5.159721E-01    0.000000E+00    0.000000E+00    0.000000E+00
1.158500E+00    2.546092E+01    1.085047E+01   -1.802663E+02    0.000000E+00    0.000000E+00    0.000000E+00   -6.778970E+00    1.526351E+01    3.138915E-01    0.000000E+00    0.000000E+00    0.000000E+00
1.159500E+00   -1.228173E+01    1.953525E+01   -1.988678E+02    0.000000E+00    0.000000E+00    0.000000E+00   -1.097950E+01   -5.660913E+00   -1.775322E+00    0.000000E+00    0.000000E+00    0.000000E+00
1.160500E+00    2.292227E+00   -5.093002E+00   -3.092911E+02    0.000000E+00    0.000000E+00    0.000000E+00    6.052240E+00    1.429568E+00    1.650696E+00    0.000000E+00    0.000000E+00    0.000000E+00
1.161500E+00    1.126188E+01   -3.218973E+01   -4.299205E+02    0.000000E+00    0.000000E+00    0.000000E+00    1.992658E+01    3.204119E+00    2.123494E+00    0.000000E+00    0.000000E+00    0.000000E+00
1.162500E+00   -3.807208E+01    3.733866E+01   -5.067584E+02    0.000000E+00    0.000000E+00    0.000000E+00   -2.661198E+01   -2.689713E+01    1.407801E+00    0.000000E+00    0.000000E+00    0.000000E+00
1.163500E+00   -2.726608E+01   -9.431443E+00   -4.968611E+02    0.000000E+00    0.000000E+00    0.000000E+00    4.083655E+00   -1.493070E+01   -1.753612E+00    0.000000E+00    0.000000E+00    0.000000E+00
1.164500E+00    1.995817E+01   -4.537026E+01   -4.645268E+02    0.000000E+00    0.000000E+00    0.000000E+00    2.769926E+01    1.471571E+01    3.072181E-01    0.000000E+00    0.000000E+00    0.000000E+00
1.165500E+00   -5.476371E+01   -2.541114E+01   -4.812142E+02    0.000000E+00    0.000000E+00    0.000000E+00    1.734583E+01   -3.162602E+01    1.142938E+00    0.000000E+00    0.000000E+00    0.000000E+00
1.166500E+00    9.641390E+01    3.574937E+01   -5.757433E+02    0.000000E+00    0.000000E+00    0.000000E+00   -1.945180E+01    6.277258E+01   -1.520442E+00    0.000000E+00    0.000000E+00    0.000000E+00
1.167500E+00   -6.746095E+01    6.240220E+00   -5.076527E+02    0.000000E+00    0.000000E+00    0.000000E+00   -2.715571E+00   -4.010306E+01   -1.475772E+00    0.000000E+00    0.000000E+00    0.000000E+00
1.168500E+00   -5.713031E+01   -8.345378E+01   -4.922855E+02    0.000000E+00    0.000000E+00    0.000000E+00    4.471367E+01   -3.348418E+01    1.628656E+00    0.000000E+00    0.000000E+00    0.000000E+00
1.169500E+00   -6.782395E+01   -7.325272E+01   -4.610830E+02    0.000000E+00    0.000000E+00    0.000000E+00    3.808081E+01   -3.806526E+01    1.431828E+00    0.000000E+00    0.000000E+00    0.000000E+00
1.170500E+00   -1.833158E+01    6.936353E+00   -3.379765E+02    0.000000E+00    0.000000E+00    0.000000E+00   -2.367304E+00   -1.109247E+01    7.460043E-01    0.000000E+00    0.000000E+00    0.000000E+00
1.171500E+00   -5.353632E+00   -1.280006E+00   -2.520521E+02    0.000000E+00    0.000000E+00    0.000000E+00    4.619123E-01   -2.466879E+00    6.213170E-01    0.000000E+00    0.000000E+00    0.000000E+00
1.172500E+00    2.395602E+01    7.937973E+00   -2.399424E+02    0.000000E+00    0.000000E+00    0.000000E+00   -3.880807E+00    1.482669E+01    1.091110E+00    0.000000E+00    0.000000E+00    0.000000E+00
1.173500E+00   -1.964180E+00    2.184805E+00   -2.177413E+02    0.000000E+00    0.000000E+00    0.000000E+00   -8.459688E-01    1.391306E+00    5.440386E-01    0.000000E+00    0.000000E+00    0.000000E+00
1.174500E+00    4.973844E+00    1.355166E+01   -2.873563E+02    0.000000E+00    0.000000E+00    0.000000E+00   -7.708472E+00    6.216929E+00    2.864342E-01    0.000000E+00    0.000000E+00    0.000000E+00
1.175500E+00    2.003174E+01   -6.300843E+00   -2.219752E+02    0.000000E+00    0.000000E+00    0.000000E+00    2.377926E+00    1.220671E+01   -1.426057E+00    0.000000E+00    0.000000E+00    0.000000E+00
1.176500E+00    3.478478E+01    2.322472E+01   -2.026473E+02    0.000000E+00    0.000000E+00    0.000000E+00   -1.261508E+01    1.840032E+01   -2.006808E+00    0.000000E+00    0.000000E+00    0.000000E+00
1.177500E+00    7.601793E+00    7.432941E+00   -1.902018E+02    0.000000E+00    0.000000E+00    0.000000E+00   -4.016974E+00    3.918148E+00   -1.034304E+00    0.000000E+00    0.000000E+00    0.000000E+00
1.178500E+00    2.544569E+01    2.019842E+01   -2.276324E+02    0.000000E+00    0.000000E+00    0.000000E+00   -1.151584E+01    1.486020E+01    5.643546E-02    0.000000E+00    0.000000E+00    0.000000E+00
1.179500E+00    2.043835E+01    2.963832E+01   -1.214761E+02    0.000000E+00    0.000000E+00    0.000000E+00   -1.645434E+01    1.112442E+01    4.609968E-02    0.000000E+00    0.000000E+00    0.000000E+00
1.180500E+00    3.826237E+01   -2.794205E+00   -1.890795E+02    0.000000E+00    0.000000E+00    0.000000E+00    6.805514E-01    2.165071E+01    1.242285E-01    0.000000E+00    0.000000E+00    0.000000E+00
1.181500E+00    3.154762E+01    5.083181E+00   -1.323359E+02    0.000000E+00    0.000000E+00    0.000000E+00   -3.255463E+00    1.792335E+01    3.196169E-01    0.000000E+00    0.000000E+00    0.000000E+00
1.182500E+00    2.405439E+01    2.358323E+01   -1.605265E+02    0.000000E+00    0.000000E+00    0.000000E+00   -1.310901E+01    1.457133E+01    5.536594E-01    0.000000E+00    0.000000E+00    0.000000E+00
1.183500E+00    8.788576E+00   -2.532778E+00   -1.039226E+02    0.000000E+00    0.000000E+00    0.000000E+00    8.542204E-01    5.668140E+00    2.841938E-01    0.000000E+00    0.000000E+00    0.000000E+00
1.184500E+00   -1.119788E+01   -7.766678E+00   -1.751871E+02    0.000000E+00    0.000000E+00    0.000000E+00    3.509284E+00   -4.100545E+00    2.990744E-01    0.000000E+00    0.000000E+00    0.000000E+00
1.185500E+00   -1.183830E+00    4.062749E+00   -2.149551E+02    0.000000E+00    0.000000E+00    0.000000E+00   -2.900244E+00    1.176784E+00    4.877517E-01    0.000000E+00    0.000000E+00    0.000000E+00
1.186500E+00   -1.550743E+01   -3.285280E+00   -2.117160E+02    0.000000E+00    0.000000E+00    0.000000E+00    1.085632E+00   -6.570465E+00    1.656807E-01    0.000000E+00    0.000000E+00    0.000000E+00
1.187500E+00   -9.022976E-01   -2.628600E+00   -1.783333E+02    0.000000E+00    0.000000E+00    0.000000E+00    1.086364E+00    5.849915E-01   -8.103256E-02    0.000000E+00    0.000000E+00    0.000000E+00
1.188500E+00    3.926914E+00   -2.087054E+01   -2.453171E+02    0.000000E+00    0.000000E+00    0.000000E+00    1.123601E+01    4.201899E+00   -2.827166E-01    0.000000E+00    0.000000E+00    0.000000E+00
1.189500E+00   -3.085395E+01   -2.406915E+01   -2.889850E+02    0.000000E+00    0.000000E+00    0.000000E+00    1.369134E+01   -1.462885E+01   -5.356317E-01    0.000000E+00    0.000000E+00    0.000000E+00
1.190500E+00   -1.473467E+01   -8.532496E+00   -3.249861E+02    0.000000E+00    0.000000E+00    0.000000E+00    5.491484E+00   -5.499541E+00   -4.784835E-01    0.000000E+00    0.000000E+00    0.000000E+00
1.191500E+00   -1.276439E+01    1.018209E+01   -3.555577E+02    0.000000E+00    0.000000E+00    0.000000E+00   -5.310119E+00   -3.047977E+00   -1.636552E-01    0.000000E+00    0.000000E+00    0.000000E+00
1.192500E+00    6.144859E+00    1.119458E+01   -3.854218E+02    0.000000E+00    0.000000E+00    0.000000E+00   -6.785174E+00    9.112452E+00   -1.994235E-01    0.000000E+00    0.000000E+00    0.000000E+00
1.193500E+00    3.615634E+00   -6.861491E-01   -4.002400E+02    0.000000E+00    0.000000E+00    0.000000E+00   -1.528139E+00    8.593676E+00   -2.001549E-01    0.000000E+00    0.000000E+00    0.000000E+00
1.194500E+00   -2.235639E+01    4.001405E+00   -4.025595E+02    0.000000E+00    0.000000E+00    0.000000E+00   -5.769810E+00   -5.384660E+00    5.368843E-01    0.000000E+00    0.000000E+00    0.000000E+00
1.195500E+00   -1.048881E+01   -2.375935E+01   -3.885668E+02    0.000000E+00    0.000000E+00    0.000000E+00    1.110036E+01    2.632818E+00    4.970146E-02    0.000000E+00    0.000000E+00    0.000000E+00
1.196500E+00   -1.199902E+01   -3.310847E+01   -4.174442E+02    0.000000E+00    0.000000E+00    0.000000E+00    1.805574E+01    1.935953E+00   -7.237389E-01    0.000000E+00    0.000000E+00    0.000000E+00
1.197500E+00   -9.890610E+00    1.995986E+01   -4.219603E+02    0.000000E+00    0.000000E+00    0.000000E+00   -1.445617E+01    4.255842E+00   -1.310053E-02    0.000000E+00    0.000000E+00    0.000000E+00
1.198500E+00   -3.237976E+00    9.158024E+00   -3.244528E+02    0.000000E+00    0.000000E+00    0.000000E+00   -7.679499E+00    7.712635E+00   -3.052622E-01    0.000000E+00    0.000000E+00    0.000000E+00
1.199500E+00    8.155410E+00   -3.947482E+01   -3.492495E+02    0.000000E+00    0.000000E+00    0.000000E+00    2.038194E+01    1.533215E+01   -1.651756E+00    0.000000E+00    0.000000E+00    0.000000E+00
1.200500E+00    2.962301E+00   -1.133796E+01   -2.390712E+02    0.000000E+00    0.000000E+00    0.000000E+00    4.767772E+00    7.859446E+00   -8.493334E-01    0.000000E+00    0.000000E+00    0.000000E+00
1.201500E+00    2.944920E+01    1.091361E+01   -2.681980E+02    0.000000E+00    0.000000E+00    0.000000E+00   -7.845361E+00    2.699334E+01    6.787579E-03    0.000000E+00    0.000000E+00    0.000000E+00
1.202500E+00    1.108314E+01    3.314879E+00   -2.842712E+02    0.000000E+00    0.000000E+00    0.000000E+00   -2.318498E+00    1.396529E+01    7.687151E-03    0.000000E+00    0.000000E+00    0.000000E+00
1.203500E+00   -9.470075E+00   -2.082981E+01   -1.591268E+02    0.000000E+00    0.000000E+00    0.000000E+00    1.222421E+01   -2.950268E+00   -3.451153E-01    0.000000E+00    0.000000E+00    0.000000E+00
1.204500E+00    1.273766E+01   -5.505781E+00   -1.523304E+02    0.000000E+00    0.000000E+00    0.000000E+00    3.407462E+00    1.173514E+01    2.169103E-02    0.000000E+00    0.000000E+00    0.000000E+00
1.205500E+00   -4.671686E+00    1.025371E+01   -1.055953E+02    0.000000E+00    0.000000E+00    0.000000E+00   -6.114472E+00   -1.351617E+00    4.910270E-01    0.000000E+00    0.000000E+00    0.000000E+00
1.206500E+00    1.770781E+00   -1.193986E+01   -1.735960E+02    0.000000E+00    0.000000E+00    0.000000E+00    7.596565E+00    5.694064E+00   -1.356028E-01    0.000000E+00    0.000000E+00    0.000000E+00
1.207500E+00    9.087941E+00   -1.203499E+01   -1.794619E+02    0.000000E+00    0.000000E+00    0.000000E+00    6.599259E+00    1.025272E+01   -1.057046E-01    0.000000E+00    0.000000E+00    0.000000E+00
1.208500E+00    1.460694E+01   -1.533229E+01   -2.265806E+02    0.000000E+00    0.000000E+00    0.000000E+00    9.344720E+00    1.607354E+01   -2.895622E-01    0.000000E+00    0.000000E+00    0.000000E+00
1.209500E+00    1.676443E+01   -2.450151E+00   -1.422653E+02    0.000000E+00    0.000000E+00    0.000000E+00    9.607790E-01    1.470589E+01    7.462737E-02    0.000000E+00    0.000000E+00    0.000000E+00
1.210500E+00    3.803464E+00   -6.529690E+00   -1.964785E+02    0.000000E+00    0.000000E+00    0.000000E+00    3.637355E+00    7.977799E+00   -1.336486E-01    0.000000E+00    0.000000E+00    0.000000E+00
1.211500E+00   -8.077337E+00    2.727573E+00   -1.794419E+02    0.000000E+00    0.000000E+00    0.000000E+00   -2.086380E+00   -3.618352E-01    9.057271E-02    0.000000E+00    0.000000E+00    0.000000E+00
1.212500E+00    7.312541E+00    5.151339E+00   -2.921643E+02    0.000000E+00    0.000000E+00    0.000000E+00   -3.592771E+00    1.276653E+01   -5.959773E-02    0.000000E+00    0.000000E+00    0.000000E+00
1.213500E+00    1.418657E+01    1.557206E+01   -2.582593E+02    0.000000E+00    0.000000E+00    0.000000E+00   -1.068631E+01    1.576946E+01    2.086778E-01    0.000000E+00    0.000000E+00    0.000000E+00
1.214500E+00    1.250540E+01    1.096091E-01   -1.920489E+02    0.000000E+00    0.000000E+00    0.000000E+00   -7.210659E-01    1.333865E+01   -1.559186E-01    0.000000E+00    0.000000E+00    0.000000E+00
1.215500E+00    9.437580E+00    1.559996E+01   -2.884980E+02    0.000000E+00    0.000000E+00    0.000000E+00   -1.069569E+01    1.436944E+01    3.923397E-01    0.000000E+00    0.000000E+00    0.000000E+00
1.216500E+00    2.248207E+01    2.180610E+01   -3.125409E+02    0.000000E+00    0.000000E+00    0.000000E+00   -1.493235E+01    2.354105E+01    6.147908E-01    0.000000E+00    0.000000E+00    0.000000E+00
1.217500E+00    8.709894E+00    1.050456E+01   -2.705124E+02    0.000000E+00    0.000000E+00    0.000000E+00   -6.946421E+00    1.390036E+01    4.091175E-01    0.000000E+00    0.000000E+00    0.000000E+00
1.218500E+00    1.664138E+01    8.050083E-01   -2.201800E+02    0.000000E+00    0.000000E+00    0.000000E+00   -4.815870E-02    1.793111E+01    1.800721E-01    0.000000E+00    0.000000E+00    0.000000E+00
1.219500E+00   -1.328635E+00    8.913911E-01   -2.148592E+02    0.000000E+00    0.000000E+00    0.000000E+00    1.612183E-02    6.454865E+00    1.453042E-01    0.000000E+00    0.000000E+00    0.000000E+00
1.220500E+00    1.639062E+01    5.943220E+00   -2.072477E+02    0.000000E+00    0.000000E+00    0.000000E+00   -2.406804E+00    1.742997E+01    1.957062E-01    0.000000E+00    0.000000E+00    0.000000E+00
1.221500E+00    3.175929E+01    6.629210E+00   -2.458825E+02    0.000000E+00    0.000000E+00    0.000000E+00   -2.931027E+00    2.798051E+01    1.436523E-01    0.000000E+00    0.000000E+00    0.000000E+00
1.222500E+00    4.292800E+00   -4.273913E+00   -2.080697E+02    0.000000E+00    0.000000E+00    0.000000E+00    3.406948E+00    9.429494E+00   -3.192506E-01    0.000000E+00    0.000000E+00    0.000000E+00
1.223500E+00    1.193428E+01    4.223389E+00   -2.252939E+02    0.000000E+00    0.000000E+00    0.000000E+00   -2.109599E+00    1.526639E+01   -1.023846E-01    0.000000E+00    0.000000E+00    0.000000E+00
1.224500E+00    1.278044E+01    2.737072E+00   -2.936833E+02    0.000000E+00    0.000000E+00    0.000000E+00   -1.469562E+00    1.801322E+01   -2.013662E-01    0.000000E+00    0.000000E+00    0.000000E+00
1.225500E+00   -5.046844E+00    1.788589E+00   -1.999589E+02    0.000000E+00    0.000000E+00    0.000000E+00   -8.071136E-01    3.679413E+00   -2.018305E-01    0.000000E+00    0.000000E+00    0.000000E+00
1.226500E+00    1.040638E+01    9.772435E+00   -2.716502E+02    0.000000E+00    0.000000E+00    0.000000E+00   -5.533765E+00    1.622623E+01    1.553621E-01    0.000000E+00    0.000000E+00    0.000000E+00
1.227500E+00   -9.090439E+00    5.769806E+00   -2.216447E+02    0.000000E+00    0.000000E+00    0.000000E+00   -3.297413E+00    1.780840E+00    1.707187E-02    0.000000E+00    0.000000E+00    0.000000E+00
1.228500E+00   -7.311554E+00    5.752775E+00   -1.728069E+02    0.000000E+00    0.000000E+00    0.000000E+00   -3.511774E+00    1.515865E+00    1.915042E-01    0.000000E+00    0.000000E+00    0.000000E+00
1.229500E+00    1.228661E+00    4.200029E+00   -2.619498E+02    0.000000E+00    0.000000E+00    0.000000E+00   -1.549110E+00    1.090745E+01    4.515352E-01    0.000000E+00    0.000000E+00    0.000000E+00
1.230500E+00   -3.416107E+00    1.030187E+01   -1.818463E+02    0.000000E+00    0.000000E+00    0.000000E+00   -5.650954E+00    4.664792E+00    6.666889E-01    0.000000E+00    0.000000E+00    0.000000E+00
1.231500E+00   -1.966740E+01   -4.671211E+00   -2.336565E+02    0.000000E+00    0.000000E+00    0.000000E+00    3.672835E+00   -3.047206E+00   -4.723970E-02    0.000000E+00    0.000000E+00    0.000000E+00
1.232500E+00   -3.335901E+00   -1.089617E+01   -2.199152E+02    0.000000E+00    0.000000E+00    0.000000E+00    7.361684E+00    7.941385E+00   -3.026617E-01    0.000000E+00    0.000000E+00    0.000000E+00
1.233500E+00   -2.388797E+01    8.206210E+00   -2.387913E+02    0.000000E+00    0.000000E+00    0.000000E+00   -4.248346E+00   -4.183463E+00    5.087596E-01    0.000000E+00    0.000000E+00    0.000000E+00
1.234500E+00   -5.748403E+00    2.786456E+00   -2.202076E+02    0.000000E+00    0.000000E+00    0.000000E+00   -9.996095E-01    7.370665E+00    2.143455E-01    0.000000E+00    0.000000E+00    0.000000E+00
1.235500E+00   -1.543617E+01    4.016430E+00   -2.705769E+02    0.000000E+00    0.000000E+00    0.000000E+00   -1.902609E+00    3.799691E+00    6.477599E-02    0.000000E+00    0.000000E+00    0.000000E+00
1.236500E+00   -1.334670E+01    9.861858E+00   -2.297088E+02    0.000000E+00    0.000000E+00    0.000000E+00   -5.259007E+00    3.592417E+00    3.622049E-01    0.000000E+00    0.000000E+00    0.000000E+00
1.237500E+00   -8.454743E+00   -1.096831E+01   -2.080471E+02    0.000000E+00    0.000000E+00    0.000000E+00    7.468721E+00    5.449081E+00   -7.854912E-01    0.000000E+00    0.000000E+00    0.000000E+00
1.238500E+00   -2.237397E+00    1.277428E+01   -1.978771E+02    0.000000E+00    0.000000E+00    0.000000E+00   -6.946769E+00    9.065939E+00    5.078185E-01    0.000000E+00    0.000000E+00    0.000000E+00
1.239500E+00   -3.901381E+01    5.478469E+00   -2.130729E+02    0.000000E+00    0.000000E+00    0.000000E+00   -2.259116E+00   -1.186427E+01   -6.764974E-02    0.000000E+00    0.000000E+00    0.000000E+00
1.240500E+00    1.317542E+01   -2.904366E+01   -2.161190E+02    0.000000E+00    0.000000E+00    0.000000E+00    1.827163E+01    2.156472E+01   -1.675961E+00    0.000000E+00    0.000000E+00    0.000000E+00
1.241500E+00   -1.136056E+01    1.265894E+01   -2.227687E+02    0.000000E+00    0.000000E+00    0.000000E+00   -6.329644E+00    7.519879E+00    8.649800E-01    0.000000E+00    0.000000E+00    0.000000E+00
1.242500E+00   -3.412231E+00   -6.324540E+00   -2.017115E+02    0.000000E+00    0.000000E+00    0.000000E+00    5.150546E+00    1.154739E+01   -3.017169E-01    0.000000E+00    0.000000E+00    0.000000E+00
1.243500E+00   -3.098512E+01    3.223092E+00   -2.490966E+02    0.000000E+00    0.000000E+00    0.000000E+00   -4.578500E-01   -2.484964E+00    9.597925E-02    0.000000E+00    0.000000E+00    0.000000E+00
1.244500E+00   -2.006957E+01    1.950595E+00   -2.694408E+02    0.000000E+00    0.000000E+00    0.000000E+00    5.668449E-01    7.422080E+00    1.304064E-01    0.000000E+00    0.000000E+00    0.000000E+00
1.245500E+00   -1.421369E+01   -1.899414E+01   -2.814692E+02    0.000000E+00    0.000000E+00    0.000000E+00    1.318817E+01    1.198039E+01   -1.448808E+00    0.000000E+00    0.000000E+00    0.000000E+00
1.246500E+00   -1.814721E+01    1.582933E+00   -2.337633E+02    0.000000E+00    0.000000E+00    0.000000E+00    5.000788E-01    6.762479E+00   -3.566776E-02    0.000000E+00    0.000000E+00    0.000000E+00
1.247500E+00   -1.441165E+01   -6.246594E+00   -2.306058E+02    0.000000E+00    0.000000E+00    0.000000E+00    5.548180E+00    9.497436E+00   -8.416818E-01    0.000000E+00    0.000000E+00    0.000000E+00
1.248500E+00   -1.906620E+01    2.977253E+00   -2.594056E+02    0.000000E+00    0.000000E+00    0.000000E+00    2.938006E-01    1.015733E+01   -2.035438E-01    0.000000E+00    0.000000E+00    0.000000E+00
1.249500E+00   -3.150183E+01    1.382384E-01   -2.698638E+02    0.000000E+00    0.000000E+00    0.000000E+00    1.918830E+00    3.053415E+00   -6.131593E-01    0.000000E+00    0.000000E+00    0.000000E+00
1.250500E+00   -1.887361E+01   -5.956104E+00   -2.780312E+02    0.000000E+00    0.000000E+00    0.000000E+00    6.064303E+00    1.292534E+01   -9.482610E-01    0.000000E+00    0.000000E+00    0.000000E+00
1.251500E+00   -9.658041E+00    3.141699E+00   -2.150189E+02    0.000000E+00    0.000000E+00    0.000000E+00    2.587893E-01    1.419292E+01    1.311284E-01    0.000000E+00    0.000000E+00    0.000000E+00
1.252500E+00   -2.109665E+01    9.021336E+00   -2.511013E+02    0.000000E+00    0.000000E+00    0.000000E+00   -3.028019E+00    1.002980E+01    6.855695E-01    0.000000E+00    0.000000E+00    0.000000E+00
1.253500E+00   -4.386456E+00   -1.378950E+00   -2.281879E+02    0.000000E+00    0.000000E+00    0.000000E+00    3.516177E+00    1.971414E+01   -1.486554E-01    0.000000E+00    0.000000E+00    0.000000E+00
1.254500E+00   -3.312382E+01    1.126141E+01   -2.333988E+02    0.000000E+00    0.000000E+00    0.000000E+00   -3.868318E+00    2.606980E+00    1.021315E+00    0.000000E+00    0.000000E+00    0.000000E+00
1.255500E+00   -2.216547E+01    2.290284E+00   -2.388209E+02    0.000000E+00    0.000000E+00    0.000000E+00    2.087337E+00    1.114396E+01    2.962879E-01    0.000000E+00    0.000000E+00    0.000000E+00
1.256500E+00   -4.951761E-01    9.611814E+00   -2.220497E+02    0.000000E+00    0.000000E+00    0.000000E+00   -1.581328E+00    2.496983E+01    1.453340E+00    0.000000E+00    0.000000E+00    0.000000E+00
1.257500E+00   -3.329536E+01    7.374331E+00   -2.497440E+02    0.000000E+00    0.000000E+00    0.000000E+00   -1.993918E-01    7.442417E+00    5.759551E-01    0.000000E+00    0.000000E+00    0.000000E+00
1.258500E+00    1.477448E-01    1.148234E+01   -2.406252E+02    0.000000E+00    0.000000E+00    0.000000E+00   -2.477638E+00    2.888696E+01    1.546811E+00    0.000000E+00    0.000000E+00    0.000000E+00
1.259500E+00   -3.016371E+01    1.331932E+01   -2.719943E+02    0.000000E+00    0.000000E+00    0.000000E+00   -3.106839E+00    1.477986E+01    1.083737E+00    0.000000E+00    0.000000E+00    0.000000E+00
1.260500E+00   -1.776837E+01    1.297994E+01   -2.563877E+02    0.000000E+00    0.000000E+00    0.000000E+00   -2.761510E+00    2.220131E+01    1.243521E+00    0.000000E+00    0.000000E+00    0.000000E+00
1.261500E+00    3.171265E-01    6.712708E+00   -2.564286E+02    0.000000E+00    0.000000E+00    0.000000E+00    1.521529E+00    3.469944E+01    7.629613E-01    0.000000E+00    0.000000E+00    0.000000E+00
1.262500E+00   -1.597125E+01    9.186202E+00   -2.604707E+02    0.000000E+00    0.000000E+00    0.000000E+00    8.422196E-01    2.653825E+01    6.978812E-01    0.000000E+00    0.000000E+00    0.000000E+00
1.263500E+00    1.518767E+01   -4.746202E+00   -2.293869E+02    0.000000E+00    0.000000E+00    0.000000E+00    9.578002E+00    4.368389E+01   -4.375728E-01    0.000000E+00    0.000000E+00    0.000000E+00
1.264500E+00    8.808312E+00    8.369958E+00   -2.669038E+02    0.000000E+00    0.000000E+00    0.000000E+00    3.000864E+00    4.587321E+01    1.422584E+00    0.000000E+00    0.000000E+00    0.000000E+00
1.265500E+00   -1.707781E+01    2.160562E+01   -2.739451E+02    0.000000E+00    0.000000E+00    0.000000E+00   -4.703629E+00    3.160619E+01    2.810946E+00    0.000000E+00    0.000000E+00    0.000000E+00
1.266500E+00    4.855231E+01   -1.744372E+01   -1.967278E+02    0.000000E+00    0.000000E+00    0.000000E+00    1.848385E+01    6.524521E+01   -1.438581E+00    0.000000E+00    0.000000E+00    0.000000E+00
1.267500E+00    1.923671E+01    8.451392E+00   -2.703931E+02    0.000000E+00    0.000000E+00    0.000000E+00    4.226597E+00    5.762163E+01    1.938495E+00    0.000000E+00    0.000000E+00    0.000000E+00
1.268500E+00    6.789861E+01   -1.930083E+01   -1.823375E+02    0.000000E+00    0.000000E+00    0.000000E+00    2.016839E+01    7.736967E+01   -9.163943E-01    0.000000E+00    0.000000E+00    0.000000E+00
1.269500E+00    3.347957E+01   -2.113367E+00   -2.398369E+02    0.000000E+00    0.000000E+00    0.000000E+00    1.121091E+01    6.492668E+01    9.856065E-01    0.000000E+00    0.000000E+00    0.000000E+00
1.270500E+00    5.069721E+01   -2.089149E+00   -2.476240E+02    0.000000E+00    0.000000E+00    0.000000E+00    1.245854E+01    8.069872E+01    1.701002E+00    0.000000E+00    0.000000E+00    0.000000E+00
1.271500E+00    4.536245E+01    1.458101E+00   -2.477943E+02    0.000000E+00    0.000000E+00    0.000000E+00    1.073186E+01    7.869385E+01    2.182157E+00    0.000000E+00    0.000000E+00    0.000000E+00
1.272500E+00   -4.175102E+00    1.438958E+01   -3.097713E+02    0.000000E+00    0.000000E+00    0.000000E+00    4.418056E+00    5.906698E+01    2.558583E+00    0.000000E+00    0.000000E+00    0.000000E+00
1.273500E+00    1.714272E+01    7.508332E+00   -2.779092E+02    0.000000E+00    0.000000E+00    0.000000E+00    7.953212E+00    6.920273E+01    2.130144E+00    0.000000E+00    0.000000E+00    0.000000E+00
1.274500E+00    2.356949E+01    3.321525E+00   -3.013638E+02    0.000000E+00    0.000000E+00    0.000000E+00    1.176097E+01    8.040402E+01    1.515521E+00    0.000000E+00    0.000000E+00    0.000000E+00
1.275500E+00    3.959687E+01   -3.588071E+00   -2.464474E+02    0.000000E+00    0.000000E+00    0.000000E+00    1.378039E+01    8.099959E+01    8.080756E-01    0.000000E+00    0.000000E+00    0.000000E+00
1.276500E+00    2.555486E+01    3.839461E+00   -3.165942E+02    0.000000E+00    0.000000E+00    0.000000E+00    1.274547E+01    8.831571E+01    1.797010E+00    0.000000E+00    0.000000E+00    0.000000E+00
1.277500E+00    3.414516E+01   -3.844563E+00   -2.728495E+02    0.000000E+00    0.000000E+00    0.000000E+00    1.667653E+01    8.800531E+01    7.293694E-01    0.000000E+00    0.000000E+00    0.000000E+00
1.278500E+00    4.266143E+00    1.640080E+00   -2.873197E+02    0.000000E+00    0.000000E+00    0.000000E+00    1.426780E+01    7.304591E+01    6.627697E-01    0.000000E+00    0.000000E+00    0.000000E+00
1.279500E+00    3.062779E+01    4.916857E-01   -2.538751E+02    0.000000E+00    0.000000E+00    0.000000E+00    1.470488E+01    8.587402E+01    2.254571E+00    0.000000E+00    0.000000E+00    0.000000E+00
1.280500E+00    7.061646E+01   -1.243203E+01   -2.254831E+02    0.000000E+00    0.000000E+00    0.000000E+00    2.142343E+01    1.050385E+02    9.584468E-01    0.000000E+00    0.000000E+00    0.000000E+00
1.281500E+00    3.784806E+01   -1.286263E+01   -2.889611E+02    0.000000E+00    0.000000E+00    0.000000E+00    2.567493E+01    1.042777E+02   -1.142494E+00    0.000000E+00    0.000000E+00    0.000000E+00
1.282500E+00    3.465803E+01   -3.760937E+00   -2.267177E+02    0.000000E+00    0.000000E+00    0.000000E+00    1.626369E+01    8.587539E+01    1.169355E+00    0.000000E+00    0.000000E+00    0.000000E+00
1.283500E+00   -2.806620E+00   -1.610320E+00   -2.797400E+02    0.000000E+00    0.000000E+00    0.000000E+00    1.831350E+01    7.919191E+01   -7.745591E-01    0.000000E+00    0.000000E+00    0.000000E+00
1.284500E+00    1.603805E+01   -6.207350E-01   -2.496596E+02    0.000000E+00    0.000000E+00    0.000000E+00    1.646342E+01    8.482531E+01    6.820855E-01    0.000000E+00    0.000000E+00    0.000000E+00
1.285500E+00    4.053181E+01   -1.628959E+01   -2.806938E+02    0.000000E+00    0.000000E+00    0.000000E+00    2.934764E+01    1.129706E+02   -2.362414E+00    0.000000E+00    0.000000E+00    0.000000E+00
1.286500E+00    1.784537E+00    4.751790E+00   -2.884342E+02    0.000000E+00    0.000000E+00    0.000000E+00    1.678369E+01    9.184849E+01    1.411714E+00    0.000000E+00    0.000000E+00    0.000000E+00
1.287500E+00    3.306451E+01   -9.376611E+00   -2.613787E+02    0.000000E+00    0.000000E+00    0.000000E+00    2.495286E+01    1.071837E+02   -7.282506E-01    0.000000E+00    0.000000E+00    0.000000E+00
1.288500E+00    4.586090E+01   -1.018795E+01   -2.713266E+02    0.000000E+00    0.000000E+00    0.000000E+00    2.650895E+01    1.204322E+02   -1.154988E-01    0.000000E+00    0.000000E+00    0.000000E+00
1.289500E+00    3.377120E+01   -1.913705E+01   -2.616052E+02    0.000000E+00    0.000000E+00    0.000000E+00    3.191493E+01    1.122255E+02   -4.127909E+00    0.000000E+00    0.000000E+00    0.000000E+00
1.290500E+00    4.411102E+01   -9.157753E+00   -2.716499E+02    0.000000E+00    0.000000E+00    0.000000E+00    2.706111E+01    1.257412E+02    1.072872E-01    0.000000E+00    0.000000E+00    0.000000E+00
1.291500E+00    3.210542E+01   -5.366224E+00   -3.034236E+02    0.000000E+00    0.000000E+00    0.000000E+00    2.783855E+01    1.314755E+02    6.270734E-01    0.000000E+00    0.000000E+00    0.000000E+00
1.292500E+00    6.606373E+01   -1.876585E+01   -2.552494E+02    0.000000E+00    0.000000E+00    0.000000E+00    3.355753E+01    1.394326E+02   -1.420415E+00    0.000000E+00    0.000000E+00    0.000000E+00
1.293500E+00    4.715060E+01   -7.250859E+00   -2.378870E+02    0.000000E+00    0.000000E+00    0.000000E+00    2.530249E+01    1.227531E+02    1.303318E+00    0.000000E+00    0.000000E+00    0.000000E+00
1.294500E+00    7.652123E+01   -1.527974E+01   -2.733357E+02    0.000000E+00    0.000000E+00    0.000000E+00    3.432646E+01    1.581985E+02    7.688561E-01    0.000000E+00    0.000000E+00    0.000000E+00
1.295500E+00    4.863490E+01   -1.130318E+01   -2.819489E+02    0.000000E+00    0.000000E+00    0.000000E+00    3.260754E+01    1.444130E+02   -8.315437E-02    0.000000E+00    0.000000E+00    0.000000E+00
1.296500E+00    7.993116E+01   -1.648185E+01   -3.245092E+02    0.000000E+00    0.000000E+00    0.000000E+00    4.085665E+01    1.855699E+02    5.904899E-01    0.000000E+00    0.000000E+00    0.000000E+00
1.297500E+00    7.203402E+01   -2.174555E+01   -2.797086E+02    0.000000E+00    0.000000E+00    0.000000E+00    4.088870E+01    1.655839E+02   -2.398017E+00    0.000000E+00    0.000000E+00    0.000000E+00
1.298500E+00    1.109712E+02   -2.369216E+01   -2.907548E+02    0.000000E+00    0.000000E+00    0.000000E+00    4.404374E+01    1.980413E+02    4.713397E-01    0.000000E+00    0.000000E+00    0.000000E+00
1.299500E+00    4.767656E+01   -1.758224E+01   -3.312460E+02    0.000000E+00    0.000000E+00    0.000000E+00    4.416053E+01    1.749463E+02   -2.894670E+00    0.000000E+00    0.000000E+00    0.000000E+00
1.300500E+00    6.394658E+01   -7.607302E+00   -3.064697E+02    0.000000E+00    0.000000E+00    0.000000E+00    3.636526E+01    1.781657E+02    3.325303E+00    0.000000E+00    0.000000E+00    0.000000E+00
1.301500E+00    6.270805E+01   -8.224323E+00   -2.887227E+02    0.000000E+00    0.000000E+00    0.000000E+00    3.612779E+01    1.729098E+02    3.196612E+00    0.000000E+00    0.000000E+00    0.000000E+00
1.302500E+00    1.025213E+02   -1.898765E+01   -2.919410E+02    0.000000E+00    0.000000E+00    0.000000E+00    4.425954E+01    2.035157E+02    2.510966E+00    0.000000E+00    0.000000E+00    0.000000E+00
1.303500E+00    1.148236E+02   -2.985127E+01   -2.745647E+02    0.000000E+00    0.000000E+00    0.000000E+00    5.018045E+01    2.061242E+02   -1.266270E+00    0.000000E+00    0.000000E+00    0.000000E+00
1.304500E+00    8.430032E+01   -1.354298E+01   -2.939617E+02    0.000000E+00    0.000000E+00    0.000000E+00    4.256073E+01    1.979115E+02    2.964296E+00    0.000000E+00    0.000000E+00    0.000000E+00
1.305500E+00    6.396477E+01   -1.281845E+01   -2.917317E+02    0.000000E+00    0.000000E+00    0.000000E+00    4.263883E+01    1.861334E+02    1.048625E+00    0.000000E+00    0.000000E+00    0.000000E+00
1.306500E+00    1.086092E+02   -2.280729E+01   -2.662291E+02    0.000000E+00    0.000000E+00    0.000000E+00    4.724598E+01    2.062461E+02    1.446253E+00    0.000000E+00    0.000000E+00    0.000000E+00
1.307500E+00    9.490761E+01   -2.110443E+01   -2.708855E+02    0.000000E+00    0.000000E+00    0.000000E+00    4.730765E+01    2.019723E+02    7.012229E-01    0.000000E+00    0.000000E+00    0.000000E+00
1.308500E+00    1.309315E+02   -3.262502E+01   -2.686641E+02    0.000000E+00    0.000000E+00    0.000000E+00    5.522409E+01    2.266321E+02   -7.704511E-01    0.000000E+00    0.000000E+00    0.000000E+00
1.309500E+00    1.022922E+02   -1.697667E+01   -3.068212E+02    0.000000E+00    0.000000E+00    0.000000E+00    5.060602E+01    2.320803E+02    3.484006E+00    0.000000E+00    0.000000E+00    0.000000E+00
1.310500E+00    9.370347E+01   -2.986239E+01   -2.866936E+02    0.000000E+00    0.000000E+00    0.000000E+00    5.671903E+01    2.159926E+02   -4.071058E+00    0.000000E+00    0.000000E+00    0.000000E+00
1.311500E+00    8.291866E+01   -1.593152E+01   -2.793555E+02    0.000000E+00    0.000000E+00    0.000000E+00    4.736687E+01    2.087724E+02    1.849080E+00    0.000000E+00    0.000000E+00    0.000000E+00
1.312500E+00    1.013679E+02   -1.430284E+01   -2.490209E+02    0.000000E+00    0.000000E+00    0.000000E+00    4.281210E+01    2.055303E+02    5.360735E+00    0.000000E+00    0.000000E+00    0.000000E+00
1.313500E+00    7.677428E+01   -1.568510E+01   -2.799857E+02    0.000000E+00    0.000000E+00    0.000000E+00    4.852883E+01    2.098791E+02    1.327683E+00    0.000000E+00    0.000000E+00    0.000000E+00
1.314500E+00    1.324671E+02   -3.002477E+01   -2.506941E+02    0.000000E+00    0.000000E+00    0.000000E+00    5.497991E+01    2.343253E+02    9.694496E-01    0.000000E+00    0.000000E+00    0.000000E+00
1.315500E+00    1.098454E+02   -2.374313E+01   -2.669025E+02    0.000000E+00    0.000000E+00    0.000000E+00    5.284039E+01    2.271387E+02    1.444451E+00    0.000000E+00    0.000000E+00    0.000000E+00
1.316500E+00    1.208645E+02   -2.104226E+01   -2.422465E+02    0.000000E+00    0.000000E+00    0.000000E+00    4.908844E+01    2.263527E+02    4.709384E+00    0.000000E+00    0.000000E+00    0.000000E+00
1.317500E+00    1.002834E+02   -2.419594E+01   -2.680652E+02    0.000000E+00    0.000000E+00    0.000000E+00    5.436250E+01    2.258305E+02   -1.218252E-01    0.000000E+00    0.000000E+00    0.000000E+00
1.318500E+00    9.533070E+01   -2.021643E+01   -2.614765E+02    0.000000E+00    0.000000E+00    0.000000E+00    5.195998E+01    2.238864E+02    1.604303E+00    0.000000E+00    0.000000E+00    0.000000E+00
1.319500E+00    8.603990E+01   -1.946225E+01   -2.467060E+02    0.000000E+00    0.000000E+00    0.000000E+00    4.977276E+01    2.095559E+02    6.753755E-01    0.000000E+00    0.000000E+00    0.000000E+00
1.320500E+00    1.296554E+02   -2.420586E+01   -2.487375E+02    0.000000E+00    0.000000E+00    0.000000E+00    5.379764E+01    2.432954E+02    4.249076E+00    0.000000E+00    0.000000E+00    0.000000E+00
1.321500E+00    1.066940E+02   -2.321682E+01   -2.483872E+02    0.000000E+00    0.000000E+00    0.000000E+00    5.350417E+01    2.290722E+02    1.531772E+00    0.000000E+00    0.000000E+00    0.000000E+00
1.322500E+00    1.056785E+02   -2.404506E+01   -2.605201E+02    0.000000E+00    0.000000E+00    0.000000E+00    5.646133E+01    2.385865E+02    8.447919E-01    0.000000E+00    0.000000E+00    0.000000E+00
1.323500E+00    1.067644E+02   -1.610837E+01   -2.513600E+02    0.000000E+00    0.000000E+00    0.000000E+00    4.983449E+01    2.348127E+02    6.031539E+00    0.000000E+00    0.000000E+00    0.000000E+00
1.324500E+00    1.052155E+02   -3.921630E+01   -2.653680E+02    0.000000E+00    0.000000E+00    0.000000E+00    6.893320E+01    2.460224E+02   -9.153822E+00    0.000000E+00    0.000000E+00    0.000000E+00
1.325500E+00    1.103605E+02   -2.732584E+01   -2.507660E+02    0.000000E+00    0.000000E+00    0.000000E+00    5.919744E+01    2.429507E+02   -6.296680E-01    0.000000E+00    0.000000E+00    0.000000E+00
1.326500E+00    1.131501E+02   -1.818093E+01   -2.667780E+02    0.000000E+00    0.000000E+00    0.000000E+00    5.557229E+01    2.571400E+02    5.889064E+00    0.000000E+00    0.000000E+00    0.000000E+00
1.327500E+00    9.334524E+01   -2.349336E+01   -2.492627E+02    0.000000E+00    0.000000E+00    0.000000E+00    5.724130E+01    2.337813E+02   -7.719983E-01    0.000000E+00    0.000000E+00    0.000000E+00
1.328500E+00    1.348257E+02   -4.938519E+01   -2.358133E+02    0.000000E+00    0.000000E+00    0.000000E+00    7.392166E+01    2.566741E+02   -1.159853E+01    0.000000E+00    0.000000E+00    0.000000E+00
1.329500E+00    1.469067E+02   -2.714993E+01   -2.512293E+02    0.000000E+00    0.000000E+00    0.000000E+00    6.154634E+01    2.782265E+02    5.611401E+00    0.000000E+00    0.000000E+00    0.000000E+00
1.330500E+00    1.090533E+02   -3.381350E+01   -2.502640E+02    0.000000E+00    0.000000E+00    0.000000E+00    6.687230E+01    2.530659E+02   -5.089177E+00    0.000000E+00    0.000000E+00    0.000000E+00
1.331500E+00    1.006613E+02   -3.395302E+01   -2.602956E+02    0.000000E+00    0.000000E+00    0.000000E+00    6.899612E+01    2.554661E+02   -6.637608E+00    0.000000E+00    0.000000E+00    0.000000E+00
1.332500E+00    1.417426E+02   -3.701967E+01   -2.419506E+02    0.000000E+00    0.000000E+00    0.000000E+00    6.850450E+01    2.741084E+02   -1.999266E+00    0.000000E+00    0.000000E+00    0.000000E+00
1.333500E+00    1.030923E+02   -2.240105E+01   -2.562248E+02    0.000000E+00    0.000000E+00    0.000000E+00    6.108649E+01    2.588746E+02    1.860244E+00    0.000000E+00    0.000000E+00    0.000000E+00
1.334500E+00    1.126988E+02   -2.733424E+01   -2.227127E+02    0.000000E+00    0.000000E+00    0.000000E+00    5.931375E+01    2.441266E+02   -6.826661E-02    0.000000E+00    0.000000E+00    0.000000E+00
1.335500E+00    1.408361E+02   -3.874041E+01   -2.918031E+02    0.000000E+00    0.000000E+00    0.000000E+00    7.979873E+01    3.144201E+02   -3.289432E+00    0.000000E+00    0.000000E+00    0.000000E+00
1.336500E+00    1.032823E+02   -3.183206E+01   -2.354805E+02    0.000000E+00    0.000000E+00    0.000000E+00    6.527724E+01    2.487227E+02   -5.064118E+00    0.000000E+00    0.000000E+00    0.000000E+00
1.337500E+00    1.444346E+02   -3.746118E+01   -2.451976E+02    0.000000E+00    0.000000E+00    0.000000E+00    7.220097E+01    2.886956E+02   -1.674350E+00    0.000000E+00    0.000000E+00    0.000000E+00
1.338500E+00    1.182503E+02   -2.629867E+01   -2.482219E+02    0.000000E+00    0.000000E+00    0.000000E+00    6.488277E+01    2.731500E+02    1.891126E+00    0.000000E+00    0.000000E+00    0.000000E+00
1.339500E+00    1.275908E+02   -3.908872E+01   -2.500349E+02    0.000000E+00    0.000000E+00    0.000000E+00    7.493540E+01    2.823449E+02   -5.775375E+00    0.000000E+00    0.000000E+00    0.000000E+00
1.340500E+00    1.583261E+02   -3.699435E+01   -2.644654E+02    0.000000E+00    0.000000E+00    0.000000E+00    7.679261E+01    3.186610E+02    1.410066E+00    0.000000E+00    0.000000E+00    0.000000E+00
1.341500E+00    1.000006E+02   -1.848422E+01   -2.189563E+02    0.000000E+00    0.000000E+00    0.000000E+00    5.481259E+01    2.420160E+02    4.620849E+00    0.000000E+00    0.000000E+00    0.000000E+00
1.342500E+00    1.525331E+02   -4.074809E+01   -2.592448E+02    0.000000E+00    0.000000E+00    0.000000E+00    7.964825E+01    3.139543E+02   -2.452973E+00    0.000000E+00    0.000000E+00    0.000000E+00
1.343500E+00    1.110925E+02   -2.573964E+01   -2.052604E+02    0.000000E+00    0.000000E+00    0.000000E+00    5.850729E+01    2.431511E+02    1.025775E+00    0.000000E+00    0.000000E+00    0.000000E+00
1.344500E+00    1.267160E+02   -2.899921E+01   -2.298988E+02    0.000000E+00    0.000000E+00    0.000000E+00    6.631740E+01    2.758024E+02    1.567550E+00    0.000000E+00    0.000000E+00    0.000000E+00
1.345500E+00    9.926535E+01   -1.615099E+01   -2.197492E+02    0.000000E+00    0.000000E+00    0.000000E+00    5.510962E+01    2.484420E+02    6.298207E+00    0.000000E+00    0.000000E+00    0.000000E+00
1.346500E+00    1.449389E+02   -3.433504E+01   -2.170051E+02    0.000000E+00    0.000000E+00    0.000000E+00    6.926229E+01    2.843742E+02    9.875965E-01    0.000000E+00    0.000000E+00    0.000000E+00
1.347500E+00    1.035333E+02   -2.121723E+01   -1.736812E+02    0.000000E+00    0.000000E+00    0.000000E+00    5.082436E+01    2.188011E+02    3.271791E+00    0.000000E+00    0.000000E+00    0.000000E+00
1.348500E+00    1.054456E+02   -2.459650E+01   -1.911846E+02    0.000000E+00    0.000000E+00    0.000000E+00    5.709861E+01    2.347609E+02    1.078945E+00    0.000000E+00    0.000000E+00    0.000000E+00
1.349500E+00    1.462349E+02   -3.777486E+01   -2.480038E+02    0.000000E+00    0.000000E+00    0.000000E+00    7.865945E+01    3.121447E+02   -1.241555E+00    0.000000E+00    0.000000E+00    0.000000E+00
1.350500E+00    9.064833E+01   -1.903053E+01   -2.335267E+02    0.000000E+00    0.000000E+00    0.000000E+00    6.139880E+01    2.580991E+02    2.754938E+00    0.000000E+00    0.000000E+00    0.000000E+00
1.351500E+00    1.312527E+02   -3.467595E+01   -2.196832E+02    0.000000E+00    0.000000E+00    0.000000E+00    7.183817E+01    2.824300E+02   -1.664421E+00    0.000000E+00    0.000000E+00    0.000000E+00
1.352500E+00    1.173642E+02   -2.114649E+01   -2.554437E+02    0.000000E+00    0.000000E+00    0.000000E+00    6.809336E+01    2.995936E+02    6.456127E+00    0.000000E+00    0.000000E+00    0.000000E+00
1.353500E+00    1.109038E+02   -2.423757E+01   -2.180931E+02    0.000000E+00    0.000000E+00    0.000000E+00    6.399803E+01    2.677063E+02    2.708723E+00    0.000000E+00    0.000000E+00    0.000000E+00
1.354500E+00    9.322998E+01   -1.646280E+01   -1.973940E+02    0.000000E+00    0.000000E+00    0.000000E+00    5.341934E+01    2.364986E+02    5.305776E+00    0.000000E+00    0.000000E+00    0.000000E+00
1.355500E+00    1.141468E+02   -2.949519E+01   -2.259690E+02    0.000000E+00    0.000000E+00    0.000000E+00    7.024788E+01    2.790132E+02   -9.629079E-01    0.000000E+00    0.000000E+00    0.000000E+00
1.356500E+00    1.333815E+02   -2.910872E+01   -2.600947E+02    0.000000E+00    0.000000E+00    0.000000E+00    7.702507E+01    3.231665E+02    3.247208E+00    0.000000E+00    0.000000E+00    0.000000E+00
1.357500E+00    1.055427E+02   -2.021395E+01   -2.066837E+02    0.000000E+00    0.000000E+00    0.000000E+00    5.950445E+01    2.588566E+02    4.973298E+00    0.000000E+00    0.000000E+00    0.000000E+00
1.358500E+00    1.021454E+02   -2.762490E+01   -2.012170E+02    0.000000E+00    0.000000E+00    0.000000E+00    6.463196E+01    2.523399E+02   -1.883297E+00    0.000000E+00    0.000000E+00    0.000000E+00
1.359500E+00    1.053233E+02   -2.146877E+01   -2.079910E+02    0.000000E+00    0.000000E+00    0.000000E+00    6.131296E+01    2.620298E+02    4.044695E+00    0.000000E+00    0.000000E+00    0.000000E+00
1.360500E+00    1.166457E+02   -2.721672E+01   -2.424081E+02    0.000000E+00    0.000000E+00    0.000000E+00    7.346892E+01    3.011731E+02    1.590578E+00    0.000000E+00    0.000000E+00    0.000000E+00
1.361500E+00    1.164728E+02   -2.602019E+01   -2.021010E+02    0.000000E+00    0.000000E+00    0.000000E+00    6.448989E+01    2.697312E+02    2.527665E+00    0.000000E+00    0.000000E+00    0.000000E+00
1.362500E+00    1.161981E+02   -3.904332E+01   -2.403300E+02    0.000000E+00    0.000000E+00    0.000000E+00    8.307455E+01    3.007752E+02   -8.691324E+00    0.000000E+00    0.000000E+00    0.000000E+00
1.363500E+00    6.610098E+01   -8.341945E+00   -1.925264E+02    0.000000E+00    0.000000E+00    0.000000E+00    4.839181E+01    2.211443E+02    7.035888E+00    0.000000E+00    0.000000E+00    0.000000E+00
1.364500E+00    1.294971E+02   -2.661424E+01   -1.829388E+02    0.000000E+00    0.000000E+00    0.000000E+00    6.196078E+01    2.678172E+02    4.896664E+00    0.000000E+00    0.000000E+00    0.000000E+00
1.365500E+00    1.029313E+02   -3.829959E+01   -1.996003E+02    0.000000E+00    0.000000E+00    0.000000E+00    7.535370E+01    2.611795E+02   -1.110088E+01    0.000000E+00    0.000000E+00    0.000000E+00
1.366500E+00    1.390857E+02   -2.647309E+01   -1.780760E+02    0.000000E+00    0.000000E+00    0.000000E+00    6.099824E+01    2.732389E+02    6.952097E+00    0.000000E+00    0.000000E+00    0.000000E+00
1.367500E+00    1.053772E+02   -2.314130E+01   -1.884352E+02    0.000000E+00    0.000000E+00    0.000000E+00    6.085815E+01    2.556954E+02    2.572887E+00    0.000000E+00    0.000000E+00    0.000000E+00
1.368500E+00    1.251065E+02   -3.755887E+01   -2.189082E+02    0.000000E+00    0.000000E+00    0.000000E+00    7.980766E+01    2.993966E+02   -5.850153E+00    0.000000E+00    0.000000E+00    0.000000E+00
1.369500E+00    1.053184E+02   -2.770640E+01   -2.012972E+02    0.000000E+00    0.000000E+00    0.000000E+00    6.794857E+01    2.684358E+02   -1.587025E+00    0.000000E+00    0.000000E+00    0.000000E+00
1.370500E+00    1.447069E+02   -3.569900E+01   -2.025931E+02    0.000000E+00    0.000000E+00    0.000000E+00    7.560448E+01    3.040102E+02    7.485358E-02    0.000000E+00    0.000000E+00    0.000000E+00
1.371500E+00    1.391788E+02   -3.201676E+01   -1.954438E+02    0.000000E+00    0.000000E+00    0.000000E+00    7.055735E+01    2.930157E+02    2.114209E+00    0.000000E+00    0.000000E+00    0.000000E+00
1.372500E+00    1.204804E+02   -3.263430E+01   -1.972953E+02    0.000000E+00    0.000000E+00    0.000000E+00    7.209990E+01    2.808527E+02   -2.517732E+00    0.000000E+00    0.000000E+00    0.000000E+00
1.373500E+00    8.675111E+01   -2.854943E+01   -2.147619E+02    0.000000E+00    0.000000E+00    0.000000E+00    7.238578E+01    2.675193E+02   -6.370608E+00    0.000000E+00    0.000000E+00    0.000000E+00
1.374500E+00    1.099316E+02   -2.842828E+01   -1.812163E+02    0.000000E+00    0.000000E+00    0.000000E+00    6.541213E+01    2.593163E+02   -1.100216E+00    0.000000E+00    0.000000E+00    0.000000E+00
1.375500E+00    1.265058E+02   -2.558361E+01   -2.461650E+02    0.000000E+00    0.000000E+00    0.000000E+00    7.733090E+01    3.315115E+02    5.262531E+00    0.000000E+00    0.000000E+00    0.000000E+00
1.376500E+00    1.175262E+02   -4.157511E+01   -2.189441E+02    0.000000E+00    0.000000E+00    0.000000E+00    8.546622E+01    3.013352E+02   -1.140680E+01    0.000000E+00    0.000000E+00    0.000000E+00
1.377500E+00    1.369721E+02   -3.414017E+01   -2.142931E+02    0.000000E+00    0.000000E+00    0.000000E+00    7.832420E+01    3.148928E+02   -2.279443E-01    0.000000E+00    0.000000E+00    0.000000E+00
1.378500E+00    1.324843E+02   -2.737239E+01   -1.798196E+02    0.000000E+00    0.000000E+00    0.000000E+00    6.515398E+01    2.811007E+02    5.040952E+00    0.000000E+00    0.000000E+00    0.000000E+00
1.379500E+00    1.170365E+02   -3.913076E+01   -2.175947E+02    0.000000E+00    0.000000E+00    0.000000E+00    8.392842E+01    3.025503E+02   -9.339106E+00    0.000000E+00    0.000000E+00    0.000000E+00
1.380500E+00    1.380422E+02   -3.106402E+01   -1.867787E+02    0.000000E+00    0.000000E+00    0.000000E+00    7.063652E+01    2.956795E+02    2.890715E+00    0.000000E+00    0.000000E+00    0.000000E+00
1.381500E+00    1.099677E+02   -3.025724E+01   -1.757558E+02    0.000000E+00    0.000000E+00    0.000000E+00    6.712313E+01    2.598943E+02   -2.802176E+00    0.000000E+00    0.000000E+00    0.000000E+00
1.382500E+00    1.523174E+02   -3.935298E+01   -1.822991E+02    0.000000E+00    0.000000E+00    0.000000E+00    7.722226E+01    3.052719E+02   -1.516555E+00    0.000000E+00    0.000000E+00    0.000000E+00
1.383500E+00    9.564836E+01   -2.133701E+01   -1.695011E+02    0.000000E+00    0.000000E+00    0.000000E+00    5.813983E+01    2.429244E+02    2.145506E+00    0.000000E+00    0.000000E+00    0.000000E+00
1.384500E+00    9.713482E+01   -2.520461E+01   -1.840137E+02    0.000000E+00    0.000000E+00    0.000000E+00    6.536496E+01    2.591325E+02   -1.098668E+00    0.000000E+00    0.000000E+00    0.000000E+00
1.385500E+00    1.108919E+02   -2.256929E+01   -1.654310E+02    0.000000E+00    0.000000E+00    0.000000E+00    5.855492E+01    2.538434E+02    4.599925E+00    0.000000E+00    0.000000E+00    0.000000E+00
1.386500E+00    1.063489E+02   -3.190367E+01   -1.829667E+02    0.000000E+00    0.000000E+00    0.000000E+00    7.143145E+01    2.676265E+02   -5.188919E+00    0.000000E+00    0.000000E+00    0.000000E+00
1.387500E+00    1.108317E+02   -2.033600E+01   -1.635053E+02    0.000000E+00    0.000000E+00    0.000000E+00    5.681659E+01    2.540121E+02    6.796769E+00    0.000000E+00    0.000000E+00    0.000000E+00
1.388500E+00    1.043970E+02   -2.536544E+01   -1.914422E+02    0.000000E+00    0.000000E+00    0.000000E+00    6.800251E+01    2.753618E+02    5.563977E-01    0.000000E+00    0.000000E+00    0.000000E+00
1.389500E+00    1.055207E+02   -3.703989E+01   -1.845829E+02    0.000000E+00    0.000000E+00    0.000000E+00    7.664095E+01    2.696267E+02   -1.036547E+01    0.000000E+00    0.000000E+00    0.000000E+00
1.390500E+00    1.128394E+02   -1.298415E+01   -2.087012E+02    0.000000E+00    0.000000E+00    0.000000E+00    6.138358E+01    3.003784E+02    1.431544E+01    0.000000E+00    0.000000E+00    0.000000E+00
1.391500E+00    1.103223E+02   -2.952987E+01   -2.155716E+02    0.000000E+00    0.000000E+00    0.000000E+00    7.810883E+01    3.056886E+02   -2.100717E+00    0.000000E+00    0.000000E+00    0.000000E+00
1.392500E+00    1.271457E+02   -3.612742E+01   -2.162138E+02    0.000000E+00    0.000000E+00    0.000000E+00    8.407548E+01    3.219176E+02   -4.454816E+00    0.000000E+00    0.000000E+00    0.000000E+00
1.393500E+00    9.545799E+01   -1.167630E+01   -2.212317E+02    0.000000E+00    0.000000E+00    0.000000E+00    6.360764E+01    2.992446E+02    1.152330E+01    0.000000E+00    0.000000E+00    0.000000E+00
1.394500E+00    1.057754E+02   -3.112448E+01   -2.258129E+02    0.000000E+00    0.000000E+00    0.000000E+00    8.241398E+01    3.134487E+02   -4.730661E+00    0.000000E+00    0.000000E+00    0.000000E+00
1.395500E+00    1.025886E+02   -2.600479E+01   -2.125496E+02    0.000000E+00    0.000000E+00    0.000000E+00    7.501999E+01    2.999905E+02   -6.386103E-01    0.000000E+00    0.000000E+00    0.000000E+00
1.396500E+00    1.283307E+02   -2.637511E+01   -2.411844E+02    0.000000E+00    0.000000E+00    0.000000E+00    8.252301E+01    3.518601E+02    5.431777E+00    0.000000E+00    0.000000E+00    0.000000E+00
1.397500E+00    9.902722E+01   -2.575378E+01   -1.780350E+02    0.000000E+00    0.000000E+00    0.000000E+00    6.681005E+01    2.644939E+02   -1.166453E+00    0.000000E+00    0.000000E+00    0.000000E+00
1.398500E+00    9.752210E+01   -1.892693E+01   -1.967805E+02    0.000000E+00    0.000000E+00    0.000000E+00    6.543137E+01    2.829146E+02    5.131442E+00    0.000000E+00    0.000000E+00    0.000000E+00
1.399500E+00    1.134664E+02   -3.265388E+01   -1.883778E+02    0.000000E+00    0.000000E+00    0.000000E+00    7.610141E+01    2.903933E+02   -4.462730E+00    0.000000E+00    0.000000E+00    0.000000E+00
1.400500E+00    1.115250E+02   -1.696237E+01   -1.959912E+02    0.000000E+00    0.000000E+00    0.000000E+00    6.391165E+01    2.975805E+02    1.052185E+01    0.000000E+00    0.000000E+00    0.000000E+00
1.401500E+00    1.013060E+02   -3.073747E+01   -1.861329E+02    0.000000E+00    0.000000E+00    0.000000E+00    7.421740E+01    2.786026E+02   -5.649529E+00    0.000000E+00    0.000000E+00    0.000000E+00
1.402500E+00    7.999035E+01   -2.048817E+01   -1.797618E+02    0.000000E+00    0.000000E+00    0.000000E+00    6.351914E+01    2.542372E+02   -7.649126E-01    0.000000E+00    0.000000E+00    0.000000E+00
1.403500E+00    9.537687E+01   -1.864896E+01   -1.912483E+02    0.000000E+00    0.000000E+00    0.000000E+00    6.467009E+01    2.801480E+02    4.901727E+00    0.000000E+00    0.000000E+00    0.000000E+00
1.404500E+00    1.000435E+02   -3.138899E+01   -1.946106E+02    0.000000E+00    0.000000E+00    0.000000E+00    7.773958E+01    2.894114E+02   -6.644720E+00    0.000000E+00    0.000000E+00    0.000000E+00
1.405500E+00    1.194843E+02   -2.362988E+01   -1.760759E+02    0.000000E+00    0.000000E+00    0.000000E+00    6.606117E+01    2.909573E+02    5.790315E+00    0.000000E+00    0.000000E+00    0.000000E+00
1.406500E+00    1.140751E+02   -2.403900E+01   -1.649594E+02    0.000000E+00    0.000000E+00    0.000000E+00    6.371847E+01    2.746484E+02    4.123235E+00    0.000000E+00    0.000000E+00    0.000000E+00
1.407500E+00    1.120078E+02   -3.534692E+01   -1.685212E+02    0.000000E+00    0.000000E+00    0.000000E+00    7.549572E+01    2.780463E+02   -7.897750E+00    0.000000E+00    0.000000E+00    0.000000E+00
1.408500E+00    1.139147E+02   -2.504686E+01   -2.065289E+02    0.000000E+00    0.000000E+00    0.000000E+00    7.520659E+01    3.180386E+02    2.945928E+00    0.000000E+00    0.000000E+00    0.000000E+00
1.409500E+00    1.176251E+02   -2.813198E+01   -1.771436E+02    0.000000E+00    0.000000E+00    0.000000E+00    7.107101E+01    2.927120E+02    8.154901E-01    0.000000E+00    0.000000E+00    0.000000E+00
1.410500E+00    1.362807E+02   -3.978322E+01   -2.302850E+02    0.000000E+00    0.000000E+00    0.000000E+00    9.544056E+01    3.650274E+02   -6.555496E+00    0.000000E+00    0.000000E+00    0.000000E+00
1.411500E+00    1.332604E+02   -3.602107E+01   -2.248267E+02    0.000000E+00    0.000000E+00    0.000000E+00    9.070628E+01    3.575068E+02   -3.602488E+00    0.000000E+00    0.000000E+00    0.000000E+00
1.412500E+00    1.269881E+02   -3.151425E+01   -2.656856E+02    0.000000E+00    0.000000E+00    0.000000E+00    9.687598E+01    3.941235E+02   -4.356217E-01    0.000000E+00    0.000000E+00    0.000000E+00
1.413500E+00    1.378014E+02   -4.446778E+01   -2.192554E+02    0.000000E+00    0.000000E+00    0.000000E+00    9.777498E+01    3.581651E+02   -1.124071E+01    0.000000E+00    0.000000E+00    0.000000E+00
1.414500E+00    1.448207E+02   -2.867355E+01   -2.279851E+02    0.000000E+00    0.000000E+00    0.000000E+00    8.518578E+01    3.755062E+02    6.813614E+00    0.000000E+00    0.000000E+00    0.000000E+00
1.415500E+00    1.225391E+02   -3.380588E+01   -2.271105E+02    0.000000E+00    0.000000E+00    0.000000E+00    8.986928E+01    3.537683E+02   -4.230143E+00    0.000000E+00    0.000000E+00    0.000000E+00
1.416500E+00    1.245575E+02   -4.493709E+01   -2.076524E+02    0.000000E+00    0.000000E+00    0.000000E+00    9.617076E+01    3.373916E+02   -1.539872E+01    0.000000E+00    0.000000E+00    0.000000E+00
1.417500E+00    9.305192E+01   -1.626717E+01   -1.535388E+02    0.000000E+00    0.000000E+00    0.000000E+00    5.506680E+01    2.529813E+02    6.434289E+00    0.000000E+00    0.000000E+00    0.000000E+00
1.418500E+00    1.344114E+02   -3.852565E+01   -1.927077E+02    0.000000E+00    0.000000E+00    0.000000E+00    8.655725E+01    3.335271E+02   -6.235166E+00    0.000000E+00    0.000000E+00    0.000000E+00
1.419500E+00    1.127338E+02   -3.718604E+01   -2.137368E+02    0.000000E+00    0.000000E+00    0.000000E+00    9.068622E+01    3.347986E+02   -1.053748E+01    0.000000E+00    0.000000E+00    0.000000E+00
1.420500E+00    1.106481E+02   -3.641619E+01   -1.965304E+02    0.000000E+00    0.000000E+00    0.000000E+00    8.611913E+01    3.175841E+02   -1.033889E+01    0.000000E+00    0.000000E+00    0.000000E+00
1.421500E+00    1.178728E+02   -1.468292E+01   -1.926341E+02    0.000000E+00    0.000000E+00    0.000000E+00    6.369229E+01    3.206584E+02    1.458605E+01    0.000000E+00    0.000000E+00    0.000000E+00
1.422500E+00    1.265804E+02   -5.077722E+01   -2.158188E+02    0.000000E+00    0.000000E+00    0.000000E+00    1.053227E+02    3.550128E+02   -2.165815E+01    0.000000E+00    0.000000E+00    0.000000E+00
1.423500E+00    1.195242E+02   -2.806704E+01   -1.869243E+02    0.000000E+00    0.000000E+00    0.000000E+00    7.572951E+01    3.184840E+02    6.111328E-01    0.000000E+00    0.000000E+00    0.000000E+00
1.424500E+00    1.144342E+02   -3.427687E+01   -2.165329E+02    0.000000E+00    0.000000E+00    0.000000E+00    8.969004E+01    3.459398E+02   -7.363141E+00    0.000000E+00    0.000000E+00    0.000000E+00
1.425500E+00    1.226641E+02   -3.820706E+01   -2.133130E+02    0.000000E+00    0.000000E+00    0.000000E+00    9.283951E+01    3.513972E+02   -9.553931E+00    0.000000E+00    0.000000E+00    0.000000E+00
1.426500E+00    1.095052E+02   -2.819927E+01   -1.918609E+02    0.000000E+00    0.000000E+00    0.000000E+00    7.761176E+01    3.173005E+02   -2.348938E+00    0.000000E+00    0.000000E+00    0.000000E+00
1.427500E+00    1.156291E+02   -3.067754E+01   -1.876877E+02    0.000000E+00    0.000000E+00    0.000000E+00    7.930756E+01    3.199845E+02   -3.478008E+00    0.000000E+00    0.000000E+00    0.000000E+00
1.428500E+00    1.331482E+02   -5.265192E+01   -2.037095E+02    0.000000E+00    0.000000E+00    0.000000E+00    1.054357E+02    3.555567E+02   -2.292083E+01    0.000000E+00    0.000000E+00    0.000000E+00
1.429500E+00    1.339334E+02   -1.066775E+01   -1.369927E+02    0.000000E+00    0.000000E+00    0.000000E+00    4.651667E+01    2.855572E+02    2.293503E+01    0.000000E+00    0.000000E+00    0.000000E+00
1.430500E+00    1.376792E+02   -4.385142E+01   -2.053232E+02    0.000000E+00    0.000000E+00    0.000000E+00    9.752469E+01    3.645649E+02   -1.231177E+01    0.000000E+00    0.000000E+00    0.000000E+00
1.431500E+00    1.318558E+02   -3.250800E+01   -1.665209E+02    0.000000E+00    0.000000E+00    0.000000E+00    7.597199E+01    3.166734E+02   -1.639222E+00    0.000000E+00    0.000000E+00    0.000000E+00
1.432500E+00    1.127749E+02   -4.175568E+01   -1.777638E+02    0.000000E+00    0.000000E+00    0.000000E+00    8.838891E+01    3.105318E+02   -1.673781E+01    0.000000E+00    0.000000E+00    0.000000E+00
1.433500E+00    1.138821E+02   -1.568234E+01   -2.124651E+02    0.000000E+00    0.000000E+00    0.000000E+00    7.117810E+01    3.506499E+02    1.219947E+01    0.000000E+00    0.000000E+00    0.000000E+00
1.434500E+00    1.346966E+02   -4.532720E+01   -1.843801E+02    0.000000E+00    0.000000E+00    0.000000E+00    9.390050E+01    3.412256E+02   -1.520662E+01    0.000000E+00    0.000000E+00    0.000000E+00
1.435500E+00    1.423079E+02   -4.010386E+01   -2.289889E+02    0.000000E+00    0.000000E+00    0.000000E+00    1.002920E+02    3.993316E+02   -7.628371E+00    0.000000E+00    0.000000E+00    0.000000E+00
1.436500E+00    1.472769E+02   -3.826806E+01   -1.977948E+02    0.000000E+00    0.000000E+00    0.000000E+00    9.052510E+01    3.709463E+02   -4.293335E+00    0.000000E+00    0.000000E+00    0.000000E+00
1.437500E+00    1.072425E+02   -3.240734E+01   -1.658838E+02    0.000000E+00    0.000000E+00    0.000000E+00    7.643441E+01    2.962690E+02   -8.432861E+00    0.000000E+00    0.000000E+00    0.000000E+00
1.438500E+00    1.284106E+02   -1.227048E+01   -1.785093E+02    0.000000E+00    0.000000E+00    0.000000E+00    5.896177E+01    3.315733E+02    1.948865E+01    0.000000E+00    0.000000E+00    0.000000E+00
1.439500E+00    1.265537E+02   -4.050386E+01   -1.689053E+02    0.000000E+00    0.000000E+00    0.000000E+00    8.564409E+01    3.213470E+02   -1.287403E+01    0.000000E+00    0.000000E+00    0.000000E+00
1.440500E+00    1.391577E+02   -4.209497E+01   -1.920590E+02    0.000000E+00    0.000000E+00    0.000000E+00    9.324769E+01    3.599173E+02   -1.139280E+01    0.000000E+00    0.000000E+00    0.000000E+00
1.441500E+00    1.323595E+02   -3.578517E+01   -1.901067E+02    0.000000E+00    0.000000E+00    0.000000E+00    8.641015E+01    3.515152E+02   -6.013805E+00    0.000000E+00    0.000000E+00    0.000000E+00
1.442500E+00    9.895972E+01   -2.263385E+01   -1.733708E+02    0.000000E+00    0.000000E+00    0.000000E+00    6.862973E+01    2.993347E+02   -5.337055E-02    0.000000E+00    0.000000E+00    0.000000E+00
1.443500E+00    1.051017E+02   -3.427808E+01   -1.899816E+02    0.000000E+00    0.000000E+00    0.000000E+00    8.503619E+01    3.252388E+02   -1.173945E+01    0.000000E+00    0.000000E+00    0.000000E+00
1.444500E+00    1.296926E+02   -3.468461E+01   -1.512729E+02    0.000000E+00    0.000000E+00    0.000000E+00    7.542478E+01    3.080984E+02   -5.972640E+00    0.000000E+00    0.000000E+00    0.000000E+00
1.445500E+00    1.186663E+02   -1.981294E+01   -1.797152E+02    0.000000E+00    0.000000E+00    0.000000E+00    6.735444E+01    3.295140E+02    8.067587E+00    0.000000E+00    0.000000E+00    0.000000E+00
1.446500E+00    1.175429E+02   -4.138321E+01   -1.809926E+02    0.000000E+00    0.000000E+00    0.000000E+00    9.034981E+01    3.307675E+02   -1.699358E+01    0.000000E+00    0.000000E+00    0.000000E+00
1.447500E+00    9.536140E+01   -1.716005E+01   -1.303105E+02    0.000000E+00    0.000000E+00    0.000000E+00    5.176474E+01    2.516642E+02    4.559062E+00    0.000000E+00    0.000000E+00    0.000000E+00
1.448500E+00    1.420785E+02   -4.064546E+01   -1.835205E+02    0.000000E+00    0.000000E+00    0.000000E+00    9.005359E+01    3.606494E+02   -1.011219E+01    0.000000E+00    0.000000E+00    0.000000E+00
1.449500E+00    1.148925E+02   -3.530997E+01   -1.492043E+02    0.000000E+00    0.000000E+00    0.000000E+00    7.573070E+01    2.942457E+02   -1.121161E+01    0.000000E+00    0.000000E+00    0.000000E+00
1.450500E+00    1.340346E+02   -1.867189E+01   -1.907037E+02    0.000000E+00    0.000000E+00    0.000000E+00    6.876235E+01    3.617532E+02    1.292324E+01    0.000000E+00    0.000000E+00    0.000000E+00
1.451500E+00    1.138008E+02   -4.580359E+01   -1.625712E+02    0.000000E+00    0.000000E+00    0.000000E+00    9.024107E+01    3.096406E+02   -2.386705E+01    0.000000E+00    0.000000E+00    0.000000E+00
1.452500E+00    9.162647E+01   -3.182364E+01   -1.818141E+02    0.000000E+00    0.000000E+00    0.000000E+00    8.043990E+01    3.084963E+02   -1.341666E+01    0.000000E+00    0.000000E+00    0.000000E+00
1.453500E+00    1.185533E+02   -3.943342E+01   -1.698150E+02    0.000000E+00    0.000000E+00    0.000000E+00    8.530870E+01    3.239086E+02   -1.557387E+01    0.000000E+00    0.000000E+00    0.000000E+00
1.454500E+00    1.150942E+02   -1.598397E+01   -1.265613E+02    0.000000E+00    0.000000E+00    0.000000E+00    4.927386E+01    2.717731E+02    1.046188E+01    0.000000E+00    0.000000E+00    0.000000E+00
1.455500E+00    1.051919E+02   -4.064547E+01   -1.914168E+02    0.000000E+00    0.000000E+00    0.000000E+00    9.210657E+01    3.362442E+02   -2.068090E+01    0.000000E+00    0.000000E+00    0.000000E+00
1.456500E+00    9.721078E+01   -3.578029E+01   -1.696282E+02    0.000000E+00    0.000000E+00    0.000000E+00    8.134116E+01    3.035275E+02   -1.745544E+01    0.000000E+00    0.000000E+00    0.000000E+00
1.457500E+00    1.284955E+02   -4.965315E+01   -1.640601E+02    0.000000E+00    0.000000E+00    0.000000E+00    9.459910E+01    3.311093E+02   -2.611708E+01    0.000000E+00    0.000000E+00    0.000000E+00
1.458500E+00    1.187013E+02   -3.089836E+01   -1.946817E+02    0.000000E+00    0.000000E+00    0.000000E+00    8.235729E+01    3.573207E+02   -6.439837E+00    0.000000E+00    0.000000E+00    0.000000E+00
1.459500E+00    1.334152E+02   -3.634534E+01   -1.773797E+02    0.000000E+00    0.000000E+00    0.000000E+00    8.358832E+01    3.531062E+02   -9.487121E+00    0.000000E+00    0.000000E+00    0.000000E+00
1.460500E+00    1.191884E+02   -3.765533E+01   -1.353279E+02    0.000000E+00    0.000000E+00    0.000000E+00    7.415337E+01    2.907843E+02   -1.531024E+01    0.000000E+00    0.000000E+00    0.000000E+00
1.461500E+00    1.054031E+02   -4.330609E+01   -1.780164E+02    0.000000E+00    0.000000E+00    0.000000E+00    9.116809E+01    3.248576E+02   -2.491820E+01    0.000000E+00    0.000000E+00    0.000000E+00
1.462500E+00    1.276522E+02   -3.529970E+01   -1.527720E+02    0.000000E+00    0.000000E+00    0.000000E+00    7.604566E+01    3.205162E+02   -1.050821E+01    0.000000E+00    0.000000E+00    0.000000E+00
1.463500E+00    1.238251E+02   -3.409338E+01   -1.824907E+02    0.000000E+00    0.000000E+00    0.000000E+00    8.202783E+01    3.522511E+02   -1.010629E+01    0.000000E+00    0.000000E+00    0.000000E+00
1.464500E+00    1.347232E+02   -4.937949E+01   -1.956706E+02    0.000000E+00    0.000000E+00    0.000000E+00    1.014902E+02    3.805978E+02   -2.613808E+01    0.000000E+00    0.000000E+00    0.000000E+00
1.465500E+00    1.209753E+02   -4.865106E+01   -1.689490E+02    0.000000E+00    0.000000E+00    0.000000E+00    9.407321E+01    3.345609E+02   -2.901556E+01    0.000000E+00    0.000000E+00    0.000000E+00
1.466500E+00    9.767055E+01   -5.510987E+01   -1.619591E+02    0.000000E+00    0.000000E+00    0.000000E+00    9.952907E+01    3.014949E+02   -4.250849E+01    0.000000E+00    0.000000E+00    0.000000E+00
1.467500E+00    1.305552E+02   -3.005013E+01   -1.608165E+02    0.000000E+00    0.000000E+00    0.000000E+00    7.164359E+01    3.364966E+02   -4.773763E+00    0.000000E+00    0.000000E+00    0.000000E+00
1.468500E+00    1.266605E+02   -2.881580E+01   -1.659295E+02    0.000000E+00    0.000000E+00    0.000000E+00    7.115885E+01    3.396957E+02   -4.621792E+00    0.000000E+00    0.000000E+00    0.000000E+00
1.469500E+00    1.244714E+02   -7.027584E+01   -1.936349E+02    0.000000E+00    0.000000E+00    0.000000E+00    1.231394E+02    3.707320E+02   -5.536752E+01    0.000000E+00    0.000000E+00    0.000000E+00
1.470500E+00    1.222104E+02   -5.066671E+01   -1.722761E+02    0.000000E+00    0.000000E+00    0.000000E+00    9.633168E+01    3.435795E+02   -3.270278E+01    0.000000E+00    0.000000E+00    0.000000E+00
1.471500E+00    1.148529E+02   -1.874008E+01   -1.282144E+02    0.000000E+00    0.000000E+00    0.000000E+00    5.038980E+01    2.839224E+02    3.582976E+00    0.000000E+00    0.000000E+00    0.000000E+00
1.472500E+00    1.184681E+02   -4.734558E+01   -1.723533E+02    0.000000E+00    0.000000E+00    0.000000E+00    9.225789E+01    3.405956E+02   -3.000793E+01    0.000000E+00    0.000000E+00    0.000000E+00
1.473500E+00    1.259072E+02   -3.173012E+01   -1.274863E+02    0.000000E+00    0.000000E+00    0.000000E+00    6.372262E+01    2.961408E+02   -1.048588E+01    0.000000E+00    0.000000E+00    0.000000E+00
1.474500E+00    1.187392E+02   -4.861762E+01   -1.581169E+02    0.000000E+00    0.000000E+00    0.000000E+00    8.985688E+01    3.252162E+02   -3.239209E+01    0.000000E+00    0.000000E+00    0.000000E+00
1.475500E+00    1.391121E+02   -3.586272E+01   -1.661593E+02    0.000000E+00    0.000000E+00    0.000000E+00    7.725489E+01    3.580738E+02   -1.257921E+01    0.000000E+00    0.000000E+00    0.000000E+00
1.476500E+00    1.248303E+02   -3.436755E+01   -1.504485E+02    0.000000E+00    0.000000E+00    0.000000E+00    7.151823E+01    3.241161E+02   -1.467210E+01    0.000000E+00    0.000000E+00    0.000000E+00
1.477500E+00    1.061709E+02   -3.738367E+01   -1.462564E+02    0.000000E+00    0.000000E+00    0.000000E+00    7.370494E+01    2.990950E+02   -2.278490E+01    0.000000E+00    0.000000E+00    0.000000E+00
1.478500E+00    1.138964E+02   -3.007199E+01   -1.149155E+02    0.000000E+00    0.000000E+00    0.000000E+00    5.784977E+01    2.693796E+02   -1.274978E+01    0.000000E+00    0.000000E+00    0.000000E+00
1.479500E+00    1.452542E+02   -5.108724E+01   -1.585072E+02    0.000000E+00    0.000000E+00    0.000000E+00    9.077619E+01    3.579287E+02   -3.173697E+01    0.000000E+00    0.000000E+00    0.000000E+00
1.480500E+00    1.415867E+02   -1.665903E+01   -1.544561E+02    0.000000E+00    0.000000E+00    0.000000E+00    5.165104E+01    3.492341E+02    9.601650E+00    0.000000E+00    0.000000E+00    0.000000E+00
1.481500E+00    1.351184E+02   -6.946198E+01   -1.898451E+02    0.000000E+00    0.000000E+00    0.000000E+00    1.180129E+02    3.866877E+02   -5.736947E+01    0.000000E+00    0.000000E+00    0.000000E+00
1.482500E+00    1.129419E+02   -3.585419E+01   -1.218593E+02    0.000000E+00    0.000000E+00    0.000000E+00    6.521821E+01    2.785079E+02   -2.144113E+01    0.000000E+00    0.000000E+00    0.000000E+00
1.483500E+00    9.104674E+01   -1.991532E+01   -1.072210E+02    0.000000E+00    0.000000E+00    0.000000E+00    4.386688E+01    2.362704E+02   -6.558215E+00    0.000000E+00    0.000000E+00    0.000000E+00
1.484500E+00    1.123282E+02   -1.192298E+01   -9.460381E+01    0.000000E+00    0.000000E+00    0.000000E+00    3.175190E+01    2.447671E+02    7.205935E+00    0.000000E+00    0.000000E+00    0.000000E+00
1.485500E+00    1.341559E+02   -4.559381E+01   -1.503176E+02    0.000000E+00    0.000000E+00    0.000000E+00    8.114657E+01    3.384451E+02   -3.005274E+01    0.000000E+00    0.000000E+00    0.000000E+00
1.486500E+00    1.340928E+02   -2.306342E+01   -1.443278E+02    0.000000E+00    0.000000E+00    0.000000E+00    5.320908E+01    3.318574E+02   -3.421582E+00    0.000000E+00    0.000000E+00    0.000000E+00
1.487500E+00    1.375815E+02   -7.524010E+01   -1.472374E+02    0.000000E+00    0.000000E+00    0.000000E+00    1.142464E+02    3.383322E+02   -6.634329E+01    0.000000E+00    0.000000E+00    0.000000E+00
1.488500E+00    1.166339E+02   -5.447736E+01   -1.490882E+02    0.000000E+00    0.000000E+00    0.000000E+00    9.020329E+01    3.180152E+02   -4.578241E+01    0.000000E+00    0.000000E+00    0.000000E+00
1.489500E+00    1.269446E+02   -5.025840E+01   -1.518538E+02    0.000000E+00    0.000000E+00    0.000000E+00    8.523326E+01    3.336475E+02   -3.902014E+01    0.000000E+00    0.000000E+00    0.000000E+00
1.490500E+00    1.358353E+02   -4.493712E+01   -1.368521E+02    0.000000E+00    0.000000E+00    0.000000E+00    7.639134E+01    3.248226E+02   -3.101501E+01    0.000000E+00    0.000000E+00    0.000000E+00
1.491500E+00    1.079541E+02   -6.003723E+01   -1.476310E+02    0.000000E+00    0.000000E+00    0.000000E+00    9.403105E+01    3.078810E+02   -5.616487E+01    0.000000E+00    0.000000E+00    0.000000E+00
1.492500E+00    1.311201E+02   -6.858826E+01   -1.411931E+02    0.000000E+00    0.000000E+00    0.000000E+00    1.029740E+02    3.255685E+02   -6.255072E+01    0.000000E+00    0.000000E+00    0.000000E+00
1.493500E+00    1.045618E+02   -2.406301E+01   -1.126604E+02    0.000000E+00    0.000000E+00    0.000000E+00    4.592645E+01    2.607335E+02   -1.302780E+01    0.000000E+00    0.000000E+00    0.000000E+00
1.494500E+00    1.198389E+02   -6.103888E+01   -1.152539E+02    0.000000E+00    0.000000E+00    0.000000E+00    8.826463E+01    2.814195E+02   -5.674950E+01    0.000000E+00    0.000000E+00    0.000000E+00
1.495500E+00    9.305994E+01   -4.624465E+01   -1.237933E+02    0.000000E+00    0.000000E+00    0.000000E+00    7.221258E+01    2.622126E+02   -4.335233E+01    0.000000E+00    0.000000E+00    0.000000E+00
1.496500E+00    1.131626E+02   -3.800122E+01   -1.163556E+02    0.000000E+00    0.000000E+00    0.000000E+00    6.130479E+01    2.756090E+02   -3.029208E+01    0.000000E+00    0.000000E+00    0.000000E+00
1.497500E+00    1.108937E+02   -5.840860E+01   -1.176065E+02    0.000000E+00    0.000000E+00    0.000000E+00    8.407827E+01    2.748401E+02   -5.691990E+01    0.000000E+00    0.000000E+00    0.000000E+00
1.498500E+00    1.159265E+02   -1.794410E+01   -1.147158E+02    0.000000E+00    0.000000E+00    0.000000E+00    3.660341E+01    2.770871E+02   -6.256334E+00    0.000000E+00    0.000000E+00    0.000000E+00
1.499500E+00    1.118778E+02   -2.828276E+01   -1.035782E+02    0.000000E+00    0.000000E+00    0.000000E+00    4.631633E+01    2.588721E+02   -2.039421E+01    0.000000E+00    0.000000E+00    0.000000E+00
1.500500E+00    1.141117E+02   -3.530232E+01   -1.228295E+02    0.000000E+00    0.000000E+00    0.000000E+00    5.653672E+01    2.854542E+02   -2.925831E+01    0.000000E+00    0.000000E+00    0.000000E+00
1.501500E+00    1.117933E+02   -4.174625E+01   -1.134615E+02    0.000000E+00    0.000000E+00    0.000000E+00    6.179281E+01    2.714536E+02   -3.859594E+01    0.000000E+00    0.000000E+00    0.000000E+00
1.502500E+00    1.169751E+02   -1.171993E+01   -1.106707E+02    0.000000E+00    0.000000E+00    0.000000E+00    2.580196E+01    2.734903E+02   -1.439283E+00    0.000000E+00    0.000000E+00    0.000000E+00
1.503500E+00    1.300265E+02   -3.388842E+01   -1.161092E+02    0.000000E+00    0.000000E+00    0.000000E+00    5.256532E+01    2.953685E+02   -2.712851E+01    0.000000E+00    0.000000E+00    0.000000E+00
1.504500E+00    1.267253E+02   -2.918608E+01   -1.186890E+02    0.000000E+00    0.000000E+00    0.000000E+00    4.627749E+01    2.947877E+02   -2.285813E+01    0.000000E+00    0.000000E+00    0.000000E+00
1.505500E+00    1.213167E+02   -3.983572E+01   -1.298366E+02    0.000000E+00    0.000000E+00    0.000000E+00    5.914385E+01    3.029020E+02   -3.738681E+01    0.000000E+00    0.000000E+00    0.000000E+00
1.506500E+00    1.592242E+02   -4.948770E+01   -1.508918E+02    0.000000E+00    0.000000E+00    0.000000E+00    7.208160E+01    3.722797E+02   -4.588639E+01    0.000000E+00    0.000000E+00    0.000000E+00
1.507500E+00    1.171166E+02   -5.549849E+00   -1.033368E+02    0.000000E+00    0.000000E+00    0.000000E+00    1.514491E+01    2.640842E+02    3.346799E+00    0.000000E+00    0.000000E+00    0.000000E+00
1.508500E+00    1.357045E+02   -5.843992E+01   -1.259869E+02    0.000000E+00    0.000000E+00    0.000000E+00    7.862711E+01    3.139413E+02   -6.090788E+01    0.000000E+00    0.000000E+00    0.000000E+00
1.509500E+00    1.316195E+02   -4.643358E+01   -1.169824E+02    0.000000E+00    0.000000E+00    0.000000E+00    6.297388E+01    2.976381E+02   -4.755243E+01    0.000000E+00    0.000000E+00    0.000000E+00
1.510500E+00    1.208739E+02   -3.617241E+01   -1.182169E+02    0.000000E+00    0.000000E+00    0.000000E+00    5.025787E+01    2.870953E+02   -3.628633E+01    0.000000E+00    0.000000E+00    0.000000E+00
1.511500E+00    1.415474E+02   -4.223081E+01   -1.305055E+02    0.000000E+00    0.000000E+00    0.000000E+00    5.726372E+01    3.258284E+02   -4.314846E+01    0.000000E+00    0.000000E+00    0.000000E+00
1.512500E+00    1.445182E+02   -2.393171E+01   -1.269163E+02    0.000000E+00    0.000000E+00    0.000000E+00    3.507678E+01    3.244729E+02   -2.125735E+01    0.000000E+00    0.000000E+00    0.000000E+00
1.513500E+00    1.323250E+02   -5.431159E+01   -1.154286E+02    0.000000E+00    0.000000E+00    0.000000E+00    6.888297E+01    2.960334E+02   -6.035581E+01    0.000000E+00    0.000000E+00    0.000000E+00
1.514500E+00    1.229105E+02   -3.157154E+01   -1.205528E+02    0.000000E+00    0.000000E+00    0.000000E+00    4.185199E+01    2.916691E+02   -3.367642E+01    0.000000E+00    0.000000E+00    0.000000E+00
1.515500E+00    1.322516E+02   -3.339331E+01   -1.116573E+02    0.000000E+00    0.000000E+00    0.000000E+00    4.279605E+01    2.909387E+02   -3.626794E+01    0.000000E+00    0.000000E+00    0.000000E+00
1.516500E+00    1.271941E+02   -2.994554E+01   -1.221049E+02    0.000000E+00    0.000000E+00    0.000000E+00    3.817339E+01    2.980974E+02   -3.325348E+01    0.000000E+00    0.000000E+00    0.000000E+00
1.517500E+00    1.313435E+02   -2.889582E+01   -1.066913E+02    0.000000E+00    0.000000E+00    0.000000E+00    3.543838E+01    2.831579E+02   -3.283213E+01    0.000000E+00    0.000000E+00    0.000000E+00
1.518500E+00    1.269111E+02   -2.595870E+01   -1.106588E+02    0.000000E+00    0.000000E+00    0.000000E+00    3.149583E+01    2.827948E+02   -3.010213E+01    0.000000E+00    0.000000E+00    0.000000E+00
1.519500E+00    1.144925E+02   -2.378994E+01   -1.069911E+02    0.000000E+00    0.000000E+00    0.000000E+00    2.803602E+01    2.639160E+02   -2.854835E+01    0.000000E+00    0.000000E+00    0.000000E+00
1.520500E+00    1.278687E+02   -2.642128E+01   -1.097477E+02    0.000000E+00    0.000000E+00    0.000000E+00    2.996625E+01    2.820331E+02   -3.267917E+01    0.000000E+00    0.000000E+00    0.000000E+00
1.521500E+00    1.320738E+02   -2.862654E+01   -1.129508E+02    0.000000E+00    0.000000E+00    0.000000E+00    3.195487E+01    2.905381E+02   -3.614716E+01    0.000000E+00    0.000000E+00    0.000000E+00
1.522500E+00    1.244342E+02   -1.710654E+00   -1.213987E+02    0.000000E+00    0.000000E+00    0.000000E+00   -2.121408E-01    2.915421E+02   -4.093567E+00    0.000000E+00    0.000000E+00    0.000000E+00
1.523500E+00    1.413583E+02   -1.231785E+01   -1.117093E+02    0.000000E+00    0.000000E+00    0.000000E+00    1.215673E+01    2.987716E+02   -1.748191E+01    0.000000E+00    0.000000E+00    0.000000E+00
1.524500E+00    1.434175E+02   -2.643906E+01   -1.388222E+02    0.000000E+00    0.000000E+00    0.000000E+00    2.606162E+01    3.340233E+02   -3.639439E+01    0.000000E+00    0.000000E+00    0.000000E+00
1.525500E+00    1.596781E+02   -1.825663E+01   -1.419371E+02    0.000000E+00    0.000000E+00    0.000000E+00    1.578091E+01    3.557703E+02   -2.774937E+01    0.000000E+00    0.000000E+00    0.000000E+00
1.526500E+00    1.431515E+02    6.357957E+00   -1.414050E+02    0.000000E+00    0.000000E+00    0.000000E+00   -1.407325E+01    3.354460E+02    1.047848E+00    0.000000E+00    0.000000E+00    0.000000E+00
1.527500E+00    1.474835E+02   -2.955890E+01   -1.220751E+02    0.000000E+00    0.000000E+00    0.000000E+00    2.741918E+01    3.165293E+02   -4.337613E+01    0.000000E+00    0.000000E+00    0.000000E+00
1.528500E+00    1.291118E+02   -2.047893E+01   -1.061528E+02    0.000000E+00    0.000000E+00    0.000000E+00    1.609472E+01    2.755782E+02   -3.327130E+01    0.000000E+00    0.000000E+00    0.000000E+00
1.529500E+00    1.278541E+02   -1.416446E+01   -1.248502E+02    0.000000E+00    0.000000E+00    0.000000E+00    7.114998E+00    2.963773E+02   -2.598399E+01    0.000000E+00    0.000000E+00    0.000000E+00
1.530500E+00    1.311655E+02    1.715776E+01   -1.233533E+02    0.000000E+00    0.000000E+00    0.000000E+00   -2.876839E+01    2.976579E+02    1.116626E+01    0.000000E+00    0.000000E+00    0.000000E+00
1.531500E+00    1.490718E+02   -3.042210E+01   -1.161715E+02    0.000000E+00    0.000000E+00    0.000000E+00    2.449784E+01    3.086854E+02   -4.920498E+01    0.000000E+00    0.000000E+00    0.000000E+00
1.532500E+00    1.432307E+02   -1.925297E+01   -1.311147E+02    0.000000E+00    0.000000E+00    0.000000E+00    9.354496E+00    3.196993E+02   -3.646534E+01    0.000000E+00    0.000000E+00    0.000000E+00
1.533500E+00    1.239618E+02    6.887180E+00   -1.209774E+02    0.000000E+00    0.000000E+00    0.000000E+00   -2.006149E+01    2.850921E+02   -4.103292E+00    0.000000E+00    0.000000E+00    0.000000E+00
1.534500E+00    1.408919E+02   -1.778321E+01   -1.171744E+02    0.000000E+00    0.000000E+00    0.000000E+00    7.029517E+00    2.988442E+02   -3.645343E+01    0.000000E+00    0.000000E+00    0.000000E+00
1.535500E+00    1.181678E+02   -2.306531E+00   -1.125190E+02    0.000000E+00    0.000000E+00    0.000000E+00   -1.126177E+01    2.671485E+02   -1.683830E+01    0.000000E+00    0.000000E+00    0.000000E+00
1.536500E+00    1.206305E+02   -7.609870E+00   -1.078733E+02    0.000000E+00    0.000000E+00    0.000000E+00   -5.574797E+00    2.639555E+02   -2.440016E+01    0.000000E+00    0.000000E+00    0.000000E+00
1.537500E+00    1.301310E+02   -5.882233E+00   -1.176482E+02    0.000000E+00    0.000000E+00    0.000000E+00   -9.584289E+00    2.852216E+02   -2.451982E+01    0.000000E+00    0.000000E+00    0.000000E+00
1.538500E+00    1.271209E+02   -8.118728E-01   -1.019389E+02    0.000000E+00    0.000000E+00    0.000000E+00   -1.409596E+01    2.625414E+02   -1.927552E+01    0.000000E+00    0.000000E+00    0.000000E+00
1.539500E+00    1.335014E+02   -4.317912E+00   -1.273430E+02    0.000000E+00    0.000000E+00    0.000000E+00   -1.489022E+01    2.989714E+02   -2.542608E+01    0.000000E+00    0.000000E+00    0.000000E+00
1.540500E+00    1.251222E+02    9.366447E+00   -1.240385E+02    0.000000E+00    0.000000E+00    0.000000E+00   -3.097011E+01    2.848969E+02   -9.347986E+00    0.000000E+00    0.000000E+00    0.000000E+00
1.541500E+00    1.376304E+02    4.761176E+00   -1.099200E+02    0.000000E+00    0.000000E+00    0.000000E+00   -2.442937E+01    2.812188E+02   -1.792672E+01    0.000000E+00    0.000000E+00    0.000000E+00
1.542500E+00    1.415035E+02    5.647868E+00   -1.390193E+02    0.000000E+00    0.000000E+00    0.000000E+00   -3.137774E+01    3.187224E+02   -1.879417E+01    0.000000E+00    0.000000E+00    0.000000E+00
1.543500E+00    1.441867E+02    4.271676E+00   -1.320234E+02    0.000000E+00    0.000000E+00    0.000000E+00   -2.987284E+01    3.128513E+02   -2.228459E+01    0.000000E+00    0.000000E+00    0.000000E+00
1.544500E+00    1.589163E+02    1.098521E+01   -1.533638E+02    0.000000E+00    0.000000E+00    0.000000E+00   -4.239130E+01    3.523769E+02   -1.839589E+01    0.000000E+00    0.000000E+00    0.000000E+00
1.545500E+00    1.615827E+02    5.811813E+00   -1.374758E+02    0.000000E+00    0.000000E+00    0.000000E+00   -3.479577E+01    3.358510E+02   -2.643954E+01    0.000000E+00    0.000000E+00    0.000000E+00
1.546500E+00    1.527011E+02    1.987081E+01   -1.527714E+02    0.000000E+00    0.000000E+00    0.000000E+00   -5.488859E+01    3.424710E+02   -1.033606E+01    0.000000E+00    0.000000E+00    0.000000E+00
1.547500E+00    1.399135E+02   -2.829374E+00   -1.246707E+02    0.000000E+00    0.000000E+00    0.000000E+00   -2.510974E+01    2.956051E+02   -3.475521E+01    0.000000E+00    0.000000E+00    0.000000E+00
1.548500E+00    1.552850E+02    1.119178E+01   -1.427952E+02    0.000000E+00    0.000000E+00    0.000000E+00   -4.592148E+01    3.314869E+02   -2.370946E+01    0.000000E+00    0.000000E+00    0.000000E+00
1.549500E+00    1.397468E+02    6.243263E+00   -1.335311E+02    0.000000E+00    0.000000E+00    0.000000E+00   -3.973546E+01    3.030437E+02   -2.700425E+01    0.000000E+00    0.000000E+00    0.000000E+00
1.550500E+00    1.446058E+02    1.742087E+01   -1.434681E+02    0.000000E+00    0.000000E+00    0.000000E+00   -5.524116E+01    3.184177E+02   -1.671756E+01    0.000000E+00    0.000000E+00    0.000000E+00
1.551500E+00    1.197642E+02    1.761210E+01   -1.173538E+02    0.000000E+00    0.000000E+00    0.000000E+00   -5.015620E+01    2.612667E+02   -1.178846E+01    0.000000E+00    0.000000E+00    0.000000E+00
1.552500E+00    1.254658E+02    1.135002E+01   -1.160463E+02    0.000000E+00    0.000000E+00    0.000000E+00   -4.430876E+01    2.646439E+02   -2.163083E+01    0.000000E+00    0.000000E+00    0.000000E+00
1.553500E+00    1.047638E+02    2.551452E+01   -1.135801E+02    0.000000E+00    0.000000E+00    0.000000E+00   -6.022880E+01    2.388771E+02   -1.498083E+00    0.000000E+00    0.000000E+00    0.000000E+00
1.554500E+00    1.146192E+02    1.623102E+01   -1.242092E+02    0.000000E+00    0.000000E+00    0.000000E+00   -5.407027E+01    2.602566E+02   -1.565833E+01    0.000000E+00    0.000000E+00    0.000000E+00
1.555500E+00    9.034929E+01    4.141783E+00   -8.374987E+01    0.000000E+00    0.000000E+00    0.000000E+00   -3.166936E+01    1.874584E+02   -2.437650E+01    0.000000E+00    0.000000E+00    0.000000E+00
1.556500E+00    1.252465E+02    5.878549E+01   -1.603924E+02    0.000000E+00    0.000000E+00    0.000000E+00   -1.123405E+02    3.092488E+02    2.590635E+01    0.000000E+00    0.000000E+00    0.000000E+00
1.557500E+00    1.347389E+02    2.686972E+01   -1.340818E+02    0.000000E+00    0.000000E+00    0.000000E+00   -7.124234E+01    2.893568E+02   -1.340643E+01    0.000000E+00    0.000000E+00    0.000000E+00
1.558500E+00    1.595656E+02    4.832921E+00   -1.573556E+02    0.000000E+00    0.000000E+00    0.000000E+00   -5.717042E+01    3.387859E+02   -4.761154E+01    0.000000E+00    0.000000E+00    0.000000E+00
1.559500E+00    1.353912E+02    2.736521E+01   -1.474694E+02    0.000000E+00    0.000000E+00    0.000000E+00   -7.875557E+01    3.017980E+02   -1.624915E+01    0.000000E+00    0.000000E+00    0.000000E+00
1.560500E+00    1.408982E+02    2.970356E+01   -1.394722E+02    0.000000E+00    0.000000E+00    0.000000E+00   -7.945115E+01    2.973686E+02   -1.667719E+01    0.000000E+00    0.000000E+00    0.000000E+00
1.561500E+00    1.475429E+02    2.241639E+01   -1.519601E+02    0.000000E+00    0.000000E+00    0.000000E+00   -7.782493E+01    3.163170E+02   -2.856549E+01    0.000000E+00    0.000000E+00    0.000000E+00
1.562500E+00    1.404694E+02    2.388557E+01   -1.473346E+02    0.000000E+00    0.000000E+00    0.000000E+00   -7.902069E+01    3.025040E+02   -2.610960E+01    0.000000E+00    0.000000E+00    0.000000E+00
1.563500E+00    1.598066E+02    3.566158E+01   -1.598269E+02    0.000000E+00    0.000000E+00    0.000000E+00   -9.702832E+01    3.342771E+02   -2.224151E+01    0.000000E+00    0.000000E+00    0.000000E+00
1.564500E+00    1.325329E+02    3.041700E+01   -1.369505E+02    0.000000E+00    0.000000E+00    0.000000E+00   -8.460603E+01    2.801785E+02   -1.942822E+01    0.000000E+00    0.000000E+00    0.000000E+00
1.565500E+00    1.425608E+02    4.611139E+01   -1.698444E+02    0.000000E+00    0.000000E+00    0.000000E+00   -1.152599E+02    3.229892E+02   -8.736315E+00    0.000000E+00    0.000000E+00    0.000000E+00
1.566500E+00    1.404619E+02    3.685244E+01   -1.618935E+02    0.000000E+00    0.000000E+00    0.000000E+00   -1.032282E+02    3.115828E+02   -1.845559E+01    0.000000E+00    0.000000E+00    0.000000E+00
1.567500E+00    1.571195E+02    4.939602E+01   -1.650084E+02    0.000000E+00    0.000000E+00    0.000000E+00   -1.191357E+02    3.296942E+02   -1.444278E+01    0.000000E+00    0.000000E+00    0.000000E+00
1.568500E+00    1.438841E+02    3.020032E+01   -1.485581E+02    0.000000E+00    0.000000E+00    0.000000E+00   -9.405417E+01    2.974773E+02   -3.058021E+01    0.000000E+00    0.000000E+00    0.000000E+00
1.569500E+00    1.448665E+02    4.184565E+01   -1.610155E+02    0.000000E+00    0.000000E+00    0.000000E+00   -1.123942E+02    3.097738E+02   -2.048748E+01    0.000000E+00    0.000000E+00    0.000000E+00
1.570500E+00    1.576172E+02    3.264107E+01   -1.968199E+02    0.000000E+00    0.000000E+00    0.000000E+00   -1.224637E+02    3.576955E+02   -3.897885E+01    0.000000E+00    0.000000E+00    0.000000E+00
1.571500E+00    1.244708E+02    4.779911E+01   -1.418017E+02    0.000000E+00    0.000000E+00    0.000000E+00   -1.121817E+02    2.660714E+02   -8.686218E+00    0.000000E+00    0.000000E+00    0.000000E+00
1.572500E+00    1.470900E+02    4.428837E+01   -1.657013E+02    0.000000E+00    0.000000E+00    0.000000E+00   -1.212378E+02    3.113043E+02   -2.444801E+01    0.000000E+00    0.000000E+00    0.000000E+00
1.573500E+00    1.210092E+02    4.028083E+01   -1.419326E+02    0.000000E+00    0.000000E+00    0.000000E+00   -1.076156E+02    2.597512E+02   -1.811060E+01    0.000000E+00    0.000000E+00    0.000000E+00
1.574500E+00    1.063267E+02    4.316320E+01   -1.278330E+02    0.000000E+00    0.000000E+00    0.000000E+00   -1.048329E+02    2.299071E+02   -9.450298E+00    0.000000E+00    0.000000E+00    0.000000E+00
1.575500E+00    1.462284E+02    4.772421E+01   -1.753348E+02    0.000000E+00    0.000000E+00    0.000000E+00   -1.333745E+02    3.138640E+02   -2.564673E+01    0.000000E+00    0.000000E+00    0.000000E+00
1.576500E+00    1.469353E+02    5.500263E+01   -1.766382E+02    0.000000E+00    0.000000E+00    0.000000E+00   -1.428805E+02    3.135029E+02   -2.097215E+01    0.000000E+00    0.000000E+00    0.000000E+00
1.577500E+00    1.135369E+02    5.464128E+01   -1.460282E+02    0.000000E+00    0.000000E+00    0.000000E+00   -1.280305E+02    2.495075E+02   -5.818449E+00    0.000000E+00    0.000000E+00    0.000000E+00
1.578500E+00    1.371194E+02    3.260699E+01   -1.491653E+02    0.000000E+00    0.000000E+00    0.000000E+00   -1.090718E+02    2.739689E+02   -4.037880E+01    0.000000E+00    0.000000E+00    0.000000E+00
1.579500E+00    1.267493E+02    5.138991E+01   -1.637544E+02    0.000000E+00    0.000000E+00    0.000000E+00   -1.362884E+02    2.755200E+02   -1.884951E+01    0.000000E+00    0.000000E+00    0.000000E+00
1.580500E+00    1.384066E+02    6.168297E+01   -1.723637E+02    0.000000E+00    0.000000E+00    0.000000E+00   -1.520703E+02    2.927138E+02   -1.706291E+01    0.000000E+00    0.000000E+00    0.000000E+00
1.581500E+00    1.365116E+02    5.227452E+01   -1.637474E+02    0.000000E+00    0.000000E+00    0.000000E+00   -1.401313E+02    2.806200E+02   -2.708584E+01    0.000000E+00    0.000000E+00    0.000000E+00
1.582500E+00    1.381697E+02    5.241428E+01   -1.767077E+02    0.000000E+00    0.000000E+00    0.000000E+00   -1.486818E+02    2.917561E+02   -2.954699E+01    0.000000E+00    0.000000E+00    0.000000E+00
1.583500E+00    1.222670E+02    6.816398E+01   -1.625207E+02    0.000000E+00    0.000000E+00    0.000000E+00   -1.569065E+02    2.620094E+02   -7.842271E+00    0.000000E+00    0.000000E+00    0.000000E+00
1.584500E+00    1.348426E+02    5.857520E+01   -1.672490E+02    0.000000E+00    0.000000E+00    0.000000E+00   -1.517062E+02    2.762820E+02   -2.547283E+01    0.000000E+00    0.000000E+00    0.000000E+00
1.585500E+00    1.276856E+02    6.627661E+01   -1.719188E+02    0.000000E+00    0.000000E+00    0.000000E+00   -1.632844E+02    2.710720E+02   -1.662178E+01    0.000000E+00    0.000000E+00    0.000000E+00
1.586500E+00    1.332188E+02    6.759953E+01   -1.696131E+02    0.000000E+00    0.000000E+00    0.000000E+00   -1.645790E+02    2.720451E+02   -2.043795E+01    0.000000E+00    0.000000E+00    0.000000E+00
1.587500E+00    1.241723E+02    6.908549E+01   -1.669948E+02    0.000000E+00    0.000000E+00    0.000000E+00   -1.655558E+02    2.589186E+02   -1.564396E+01    0.000000E+00    0.000000E+00    0.000000E+00
1.588500E+00    1.119311E+02    7.940498E+01   -1.729198E+02    0.000000E+00    0.000000E+00    0.000000E+00   -1.799867E+02    2.502909E+02   -1.403038E+00    0.000000E+00    0.000000E+00    0.000000E+00
1.589500E+00    1.252003E+02    7.434181E+01   -1.766432E+02    0.000000E+00    0.000000E+00    0.000000E+00   -1.787667E+02    2.638559E+02   -1.550874E+01    0.000000E+00    0.000000E+00    0.000000E+00
1.590500E+00    1.235954E+02    7.110304E+01   -1.784988E+02    0.000000E+00    0.000000E+00    0.000000E+00   -1.781311E+02    2.613827E+02   -1.907422E+01    0.000000E+00    0.000000E+00    0.000000E+00
1.591500E+00    1.288383E+02    8.041838E+01   -1.826736E+02    0.000000E+00    0.000000E+00    0.000000E+00   -1.906077E+02    2.672115E+02   -1.655854E+01    0.000000E+00    0.000000E+00    0.000000E+00
1.592500E+00    1.205724E+02    8.424097E+01   -1.868906E+02    0.000000E+00    0.000000E+00    0.000000E+00   -1.980005E+02    2.604894E+02   -1.021057E+01    0.000000E+00    0.000000E+00    0.000000E+00
1.593500E+00    1.213019E+02    8.693433E+01   -1.890844E+02    0.000000E+00    0.000000E+00    0.000000E+00   -2.030466E+02    2.605901E+02   -1.040890E+01    0.000000E+00    0.000000E+00    0.000000E+00
1.594500E+00    1.227444E+02    7.960392E+01   -1.976493E+02    0.000000E+00    0.000000E+00    0.000000E+00   -2.031369E+02    2.661706E+02   -1.895427E+01    0.000000E+00    0.000000E+00    0.000000E+00
1.595500E+00    1.173202E+02    1.013856E+02   -1.953185E+02    0.000000E+00    0.000000E+00    0.000000E+00   -2.225112E+02    2.564295E+02   -3.625012E-01    0.000000E+00    0.000000E+00    0.000000E+00
1.596500E+00    1.251283E+02    8.866751E+01   -1.931584E+02    0.000000E+00    0.000000E+00    0.000000E+00   -2.109071E+02    2.595672E+02   -1.746838E+01    0.000000E+00    0.000000E+00    0.000000E+00
1.597500E+00    1.102413E+02    9.575437E+01   -2.016488E+02    0.000000E+00    0.000000E+00    0.000000E+00   -2.238124E+02    2.501779E+02   -3.680840E+00    0.000000E+00    0.000000E+00    0.000000E+00
1.598500E+00    1.209596E+02    8.310102E+01   -1.869481E+02    0.000000E+00    0.000000E+00    0.000000E+00   -2.042392E+02    2.459016E+02   -2.289983E+01    0.000000E+00    0.000000E+00    0.000000E+00
1.599500E+00    1.019182E+02    1.007871E+02   -1.912264E+02    0.000000E+00    0.000000E+00    0.000000E+00   -2.239843E+02    2.292641E+02    1.756626E+00    0.000000E+00    0.000000E+00    0.000000E+00
