 LS-DYNA keyword deck by LS-PrePost                                      
                    ls-dyna mpp d R14 R14.1.1_16_fadfb4 date 05/14/2025
ICFD Drag Forces and Moments
time,            Fpx,Fpy,            Fpz,Fvx,            Fvy,Fvz,            Mpx,Mpy,            Mpz,Mvx,            Mvy,Mvz
5.000000E-04   -1.871024E-02    7.388452E-01   -5.283541E+01    0.000000E+00    0.000000E+00    0.000000E+00   -3.061953E-01   -5.186965E-02   -3.181666E-02    0.000000E+00    0.000000E+00    0.000000E+00
1.500000E-03   -2.825104E-01    4.700231E-01   -4.587827E+01    0.000000E+00    0.000000E+00    0.000000E+00   -2.064290E-01   -1.051595E-01    1.355952E-02    0.000000E+00    0.000000E+00    0.000000E+00
2.500000E-03   -2.403217E-01    2.087187E-01   -3.977548E+01    0.000000E+00    0.000000E+00    0.000000E+00   -1.203739E-01   -8.564734E-02    1.101249E-02    0.000000E+00    0.000000E+00    0.000000E+00
3.500000E-03   -1.989505E-01    3.230893E-01   -3.832346E+01    0.000000E+00    0.000000E+00    0.000000E+00   -1.685348E-01   -6.207898E-02    1.254110E-02    0.000000E+00    0.000000E+00    0.000000E+00
4.500000E-03   -1.601820E-01    2.549940E-01   -3.746166E+01    0.000000E+00    0.000000E+00    0.000000E+00   -1.413276E-01   -4.401012E-02    1.285453E-02    0.000000E+00    0.000000E+00    0.000000E+00
5.500000E-03   -1.030710E-01    1.226509E-01   -3.656234E+01    0.000000E+00    0.000000E+00    0.000000E+00   -8.897371E-02   -2.361418E-02    1.076651E-02    0.000000E+00    0.000000E+00    0.000000E+00
6.500000E-03   -2.387053E-02    5.906251E-03   -4.151518E+00    0.000000E+00    0.000000E+00    0.000000E+00   -1.170964E-02    1.151911E-03    5.363692E-03    0.000000E+00    0.000000E+00    0.000000E+00
7.500000E-03    3.724180E-02    7.987299E-02    8.929833E+00    0.000000E+00    0.000000E+00    0.000000E+00   -1.801724E-02    5.606246E-03   -4.714138E-03    0.000000E+00    0.000000E+00    0.000000E+00
8.500000E-03    7.648378E-02    1.206322E-01   -2.741129E+00    0.000000E+00    0.000000E+00    0.000000E+00   -3.796054E-02    1.703030E-02   -3.189128E-03    0.000000E+00    0.000000E+00    0.000000E+00
9.500000E-03    1.477033E-02    7.469089E-02   -6.712165E+00    0.000000E+00    0.000000E+00    0.000000E+00   -2.852282E-02    6.722589E-03    1.003366E-03    0.000000E+00    0.000000E+00    0.000000E+00
1.050000E-02   -6.155740E-02    8.498921E-02   -3.330917E+00    0.000000E+00    0.000000E+00    0.000000E+00   -3.193934E-02   -1.711508E-02    1.511794E-04    0.000000E+00    0.000000E+00    0.000000E+00
1.150000E-02   -2.931460E-02    1.054951E-01   -2.457191E+00    0.000000E+00    0.000000E+00    0.000000E+00   -3.694408E-02   -1.061935E-02   -7.495752E-04    0.000000E+00    0.000000E+00    0.000000E+00
1.250000E-02    5.205004E-02    8.298909E-02   -3.669839E+00    0.000000E+00    0.000000E+00    0.000000E+00   -2.734644E-02    1.890241E-02   -1.087724E-03    0.000000E+00    0.000000E+00    0.000000E+00
1.350000E-02    2.044819E-02    8.742544E-02   -4.408777E+00    0.000000E+00    0.000000E+00    0.000000E+00   -2.989648E-02    5.531703E-03   -6.879812E-04    0.000000E+00    0.000000E+00    0.000000E+00
1.450000E-02   -9.210188E-03    1.116534E-01   -4.605628E+00    0.000000E+00    0.000000E+00    0.000000E+00   -3.981988E-02   -1.962023E-03   -4.579904E-04    0.000000E+00    0.000000E+00    0.000000E+00
1.550000E-02   -2.404037E-02    1.083632E-01   -4.730289E+00    0.000000E+00    0.000000E+00    0.000000E+00   -3.893162E-02   -1.021396E-02   -8.764850E-04    0.000000E+00    0.000000E+00    0.000000E+00
1.650000E-02   -9.889315E-03    9.909807E-02   -5.027276E+00    0.000000E+00    0.000000E+00    0.000000E+00   -3.555533E-02   -7.075867E-03   -5.485372E-04    0.000000E+00    0.000000E+00    0.000000E+00
1.750000E-02    2.012202E-03    9.255433E-02   -5.451032E+00    0.000000E+00    0.000000E+00    0.000000E+00   -3.085113E-02   -1.415328E-03   -8.884303E-04    0.000000E+00    0.000000E+00    0.000000E+00
1.850000E-02   -3.239205E-03    1.022991E-01   -5.839009E+00    0.000000E+00    0.000000E+00    0.000000E+00   -3.476664E-02   -2.092280E-03    2.142281E-04    0.000000E+00    0.000000E+00    0.000000E+00
1.950000E-02   -4.592056E-03    8.857327E-02   -6.154213E+00    0.000000E+00    0.000000E+00    0.000000E+00   -2.875858E-02   -3.037937E-03   -1.334225E-03    0.000000E+00    0.000000E+00    0.000000E+00
2.050000E-02   -3.380085E-03    8.526215E-02   -6.501143E+00    0.000000E+00    0.000000E+00    0.000000E+00   -2.739403E-02   -2.472132E-03   -1.517814E-03    0.000000E+00    0.000000E+00    0.000000E+00
2.150000E-02   -3.729144E-04    8.244162E-02   -6.857440E+00    0.000000E+00    0.000000E+00    0.000000E+00   -2.546918E-02   -1.721113E-03   -1.597802E-03    0.000000E+00    0.000000E+00    0.000000E+00
2.250000E-02   -3.568175E-03    8.204780E-02   -7.198670E+00    0.000000E+00    0.000000E+00    0.000000E+00   -2.547651E-02   -3.320817E-03   -1.350103E-03    0.000000E+00    0.000000E+00    0.000000E+00
2.350000E-02   -2.179293E-03    7.809978E-02   -7.535291E+00    0.000000E+00    0.000000E+00    0.000000E+00   -2.350660E-02   -2.562283E-03   -1.470962E-03    0.000000E+00    0.000000E+00    0.000000E+00
2.450000E-02   -7.698869E-04    7.231324E-02   -7.864658E+00    0.000000E+00    0.000000E+00    0.000000E+00   -2.081786E-02   -1.662657E-03   -1.609027E-03    0.000000E+00    0.000000E+00    0.000000E+00
2.550000E-02    1.553258E-03    6.484265E-02   -8.174931E+00    0.000000E+00    0.000000E+00    0.000000E+00   -1.745066E-02   -4.127710E-04   -1.756048E-03    0.000000E+00    0.000000E+00    0.000000E+00
2.650000E-02    5.035185E-03    5.584532E-02   -8.464041E+00    0.000000E+00    0.000000E+00    0.000000E+00   -1.349213E-02    1.213008E-03   -1.892270E-03    0.000000E+00    0.000000E+00    0.000000E+00
2.750000E-02    8.806198E-03    4.567756E-02   -8.736469E+00    0.000000E+00    0.000000E+00    0.000000E+00   -9.068895E-03    3.093142E-03   -2.010901E-03    0.000000E+00    0.000000E+00    0.000000E+00
2.850000E-02    1.277933E-02    3.355568E-02   -8.994189E+00    0.000000E+00    0.000000E+00    0.000000E+00   -4.212526E-03    5.048712E-03   -2.085166E-03    0.000000E+00    0.000000E+00    0.000000E+00
2.950000E-02    1.739560E-02    2.363259E-02   -9.236270E+00    0.000000E+00    0.000000E+00    0.000000E+00    1.039289E-03    6.925477E-03   -2.168816E-03    0.000000E+00    0.000000E+00    0.000000E+00
3.050000E-02    2.072871E-02    1.096758E-02   -9.463564E+00    0.000000E+00    0.000000E+00    0.000000E+00    6.629177E-03    8.630457E-03   -2.242176E-03    0.000000E+00    0.000000E+00    0.000000E+00
3.150000E-02    2.342284E-02   -2.571590E-03   -9.676156E+00    0.000000E+00    0.000000E+00    0.000000E+00    1.238351E-02    1.016703E-02   -2.294099E-03    0.000000E+00    0.000000E+00    0.000000E+00
3.250000E-02    2.699486E-02   -1.596610E-02   -9.875831E+00    0.000000E+00    0.000000E+00    0.000000E+00    1.806866E-02    1.153212E-02   -2.335370E-03    0.000000E+00    0.000000E+00    0.000000E+00
3.350000E-02    2.917084E-02   -2.852525E-02   -1.006359E+01    0.000000E+00    0.000000E+00    0.000000E+00    2.344090E-02    1.258929E-02   -2.345003E-03    0.000000E+00    0.000000E+00    0.000000E+00
3.450000E-02    3.045307E-02   -4.033438E-02   -1.023967E+01    0.000000E+00    0.000000E+00    0.000000E+00    2.832805E-02    1.326048E-02   -2.337534E-03    0.000000E+00    0.000000E+00    0.000000E+00
3.550000E-02    2.991014E-02   -5.021513E-02   -1.040415E+01    0.000000E+00    0.000000E+00    0.000000E+00    3.256089E-02    1.350942E-02   -2.350129E-03    0.000000E+00    0.000000E+00    0.000000E+00
3.650000E-02    2.887986E-02   -5.932893E-02   -1.055656E+01    0.000000E+00    0.000000E+00    0.000000E+00    3.623785E-02    1.333396E-02   -2.312817E-03    0.000000E+00    0.000000E+00    0.000000E+00
3.750000E-02    2.695879E-02   -6.837423E-02   -1.069447E+01    0.000000E+00    0.000000E+00    0.000000E+00    3.957660E-02    1.283620E-02   -2.262531E-03    0.000000E+00    0.000000E+00    0.000000E+00
3.850000E-02    2.520460E-02   -7.701888E-02   -1.081624E+01    0.000000E+00    0.000000E+00    0.000000E+00    4.238502E-02    1.211194E-02   -2.152364E-03    0.000000E+00    0.000000E+00    0.000000E+00
3.950000E-02    2.271856E-02   -8.423777E-02   -1.092208E+01    0.000000E+00    0.000000E+00    0.000000E+00    4.456690E-02    1.128970E-02   -2.067441E-03    0.000000E+00    0.000000E+00    0.000000E+00
4.050000E-02    1.995732E-02   -8.959040E-02   -1.101263E+01    0.000000E+00    0.000000E+00    0.000000E+00    4.618622E-02    1.043278E-02   -1.978549E-03    0.000000E+00    0.000000E+00    0.000000E+00
4.150000E-02    1.742320E-02   -9.409512E-02   -1.108974E+01    0.000000E+00    0.000000E+00    0.000000E+00    4.730883E-02    9.604259E-03   -1.862030E-03    0.000000E+00    0.000000E+00    0.000000E+00
4.250000E-02    1.500367E-02   -9.746424E-02   -1.115498E+01    0.000000E+00    0.000000E+00    0.000000E+00    4.798757E-02    8.823973E-03   -1.723255E-03    0.000000E+00    0.000000E+00    0.000000E+00
4.350000E-02    1.278072E-02   -9.994396E-02   -1.120989E+01    0.000000E+00    0.000000E+00    0.000000E+00    4.829770E-02    8.084814E-03   -1.570339E-03    0.000000E+00    0.000000E+00    0.000000E+00
4.450000E-02    1.048211E-02   -1.030019E-01   -1.125553E+01    0.000000E+00    0.000000E+00    0.000000E+00    4.827921E-02    7.327463E-03   -1.456309E-03    0.000000E+00    0.000000E+00    0.000000E+00
4.550000E-02    7.266397E-03   -1.028316E-01   -1.129158E+01    0.000000E+00    0.000000E+00    0.000000E+00    4.797227E-02    6.556896E-03   -1.324219E-03    0.000000E+00    0.000000E+00    0.000000E+00
4.650000E-02    4.001368E-03   -1.036167E-01   -1.132664E+01    0.000000E+00    0.000000E+00    0.000000E+00    4.747632E-02    5.655505E-03   -1.162585E-03    0.000000E+00    0.000000E+00    0.000000E+00
4.750000E-02    3.051738E-03   -1.032626E-01   -1.134938E+01    0.000000E+00    0.000000E+00    0.000000E+00    4.690210E-02    5.037988E-03   -1.053043E-03    0.000000E+00    0.000000E+00    0.000000E+00
4.850000E-02    2.671281E-03   -1.021479E-01   -1.136947E+01    0.000000E+00    0.000000E+00    0.000000E+00    4.609975E-02    4.405205E-03   -8.810928E-04    0.000000E+00    0.000000E+00    0.000000E+00
4.950000E-02    1.931388E-03   -1.006117E-01   -1.138664E+01    0.000000E+00    0.000000E+00    0.000000E+00    4.516168E-02    3.900568E-03   -7.794299E-04    0.000000E+00    0.000000E+00    0.000000E+00
5.050000E-02    1.852148E-03   -9.873376E-02   -1.139860E+01    0.000000E+00    0.000000E+00    0.000000E+00    4.410195E-02    3.502697E-03   -6.832494E-04    0.000000E+00    0.000000E+00    0.000000E+00
5.150000E-02    9.837266E-04   -9.524774E-02   -1.140819E+01    0.000000E+00    0.000000E+00    0.000000E+00    4.273550E-02    3.043886E-03   -5.769276E-04    0.000000E+00    0.000000E+00    0.000000E+00
5.250000E-02    2.683340E-04   -9.333988E-02   -1.141630E+01    0.000000E+00    0.000000E+00    0.000000E+00    4.185710E-02    2.838981E-03   -4.441770E-04    0.000000E+00    0.000000E+00    0.000000E+00
5.350000E-02    1.155681E-03   -8.854695E-02   -1.142302E+01    0.000000E+00    0.000000E+00    0.000000E+00    4.040669E-02    2.728327E-03   -3.645211E-04    0.000000E+00    0.000000E+00    0.000000E+00
5.450000E-02    1.463536E-03   -8.567635E-02   -1.143201E+01    0.000000E+00    0.000000E+00    0.000000E+00    3.946240E-02    2.745198E-03   -2.835321E-04    0.000000E+00    0.000000E+00    0.000000E+00
5.550000E-02    8.177621E-04   -8.009180E-02   -1.144412E+01    0.000000E+00    0.000000E+00    0.000000E+00    3.772065E-02    2.624889E-03   -2.009460E-04    0.000000E+00    0.000000E+00    0.000000E+00
5.650000E-02    2.503685E-03   -7.841255E-02   -1.145284E+01    0.000000E+00    0.000000E+00    0.000000E+00    3.691290E-02    2.752277E-03   -8.738140E-05    0.000000E+00    0.000000E+00    0.000000E+00
5.750000E-02    2.952921E-03   -7.484931E-02   -1.146553E+01    0.000000E+00    0.000000E+00    0.000000E+00    3.597212E-02    2.901069E-03   -2.865913E-05    0.000000E+00    0.000000E+00    0.000000E+00
5.850000E-02    6.140999E-03   -6.963055E-02   -1.148282E+01    0.000000E+00    0.000000E+00    0.000000E+00    3.493868E-02    3.109022E-03    1.779207E-05    0.000000E+00    0.000000E+00    0.000000E+00
5.950000E-02    7.208870E-03   -6.772533E-02   -1.149953E+01    0.000000E+00    0.000000E+00    0.000000E+00    3.404623E-02    3.484295E-03   -9.157477E-05    0.000000E+00    0.000000E+00    0.000000E+00
6.050000E-02    7.928729E-03   -6.243758E-02   -1.151442E+01    0.000000E+00    0.000000E+00    0.000000E+00    3.306440E-02    3.662477E-03    1.287008E-05    0.000000E+00    0.000000E+00    0.000000E+00
6.150000E-02    8.653514E-03   -5.819964E-02   -1.152934E+01    0.000000E+00    0.000000E+00    0.000000E+00    3.209621E-02    3.830716E-03    2.860378E-05    0.000000E+00    0.000000E+00    0.000000E+00
6.250000E-02    8.031225E-03   -5.544979E-02   -1.154545E+01    0.000000E+00    0.000000E+00    0.000000E+00    3.119693E-02    4.011749E-03    9.031861E-05    0.000000E+00    0.000000E+00    0.000000E+00
6.350000E-02    8.466637E-03   -5.358557E-02   -1.156186E+01    0.000000E+00    0.000000E+00    0.000000E+00    3.040501E-02    4.207367E-03    1.397987E-04    0.000000E+00    0.000000E+00    0.000000E+00
6.450000E-02    1.008585E-02   -5.020611E-02   -1.157765E+01    0.000000E+00    0.000000E+00    0.000000E+00    2.968774E-02    4.402791E-03    2.089943E-04    0.000000E+00    0.000000E+00    0.000000E+00
6.550000E-02    6.828268E-03   -4.896223E-02   -1.159356E+01    0.000000E+00    0.000000E+00    0.000000E+00    2.907424E-02    4.557947E-03    1.812844E-04    0.000000E+00    0.000000E+00    0.000000E+00
6.650000E-02    5.714466E-03   -4.584000E-02   -1.160897E+01    0.000000E+00    0.000000E+00    0.000000E+00    2.852066E-02    4.720133E-03    1.763227E-04    0.000000E+00    0.000000E+00    0.000000E+00
6.750000E-02    6.601022E-03   -4.345177E-02   -1.162429E+01    0.000000E+00    0.000000E+00    0.000000E+00    2.806817E-02    4.828623E-03    2.892653E-04    0.000000E+00    0.000000E+00    0.000000E+00
6.850000E-02    6.906428E-03   -4.095427E-02   -1.163931E+01    0.000000E+00    0.000000E+00    0.000000E+00    2.763485E-02    5.099035E-03    4.232438E-04    0.000000E+00    0.000000E+00    0.000000E+00
6.950000E-02    8.391148E-03   -3.804921E-02   -1.165398E+01    0.000000E+00    0.000000E+00    0.000000E+00    2.723313E-02    5.310243E-03    4.297777E-04    0.000000E+00    0.000000E+00    0.000000E+00
7.050000E-02    9.051522E-03   -3.662964E-02   -1.166807E+01    0.000000E+00    0.000000E+00    0.000000E+00    2.688969E-02    5.534693E-03    4.816217E-04    0.000000E+00    0.000000E+00    0.000000E+00
7.150000E-02    9.781845E-03   -3.362632E-02   -1.168178E+01    0.000000E+00    0.000000E+00    0.000000E+00    2.655181E-02    5.690572E-03    4.597001E-04    0.000000E+00    0.000000E+00    0.000000E+00
7.250000E-02    1.051473E-02   -3.173410E-02   -1.169519E+01    0.000000E+00    0.000000E+00    0.000000E+00    2.630464E-02    5.909236E-03    4.723663E-04    0.000000E+00    0.000000E+00    0.000000E+00
7.350000E-02    1.095987E-02   -3.003759E-02   -1.170824E+01    0.000000E+00    0.000000E+00    0.000000E+00    2.611993E-02    6.131718E-03    5.298048E-04    0.000000E+00    0.000000E+00    0.000000E+00
7.450000E-02    1.166370E-02   -2.928789E-02   -1.172089E+01    0.000000E+00    0.000000E+00    0.000000E+00    2.611653E-02    6.493073E-03    6.962218E-04    0.000000E+00    0.000000E+00    0.000000E+00
7.550000E-02    1.212502E-02   -2.852722E-02   -1.173328E+01    0.000000E+00    0.000000E+00    0.000000E+00    2.604600E-02    6.724901E-03    7.309017E-04    0.000000E+00    0.000000E+00    0.000000E+00
7.650000E-02    1.265619E-02   -2.773484E-02   -1.174549E+01    0.000000E+00    0.000000E+00    0.000000E+00    2.602934E-02    6.954855E-03    7.646931E-04    0.000000E+00    0.000000E+00    0.000000E+00
7.750000E-02    1.276389E-02   -2.731512E-02   -1.175746E+01    0.000000E+00    0.000000E+00    0.000000E+00    2.597988E-02    7.029580E-03    7.122750E-04    0.000000E+00    0.000000E+00    0.000000E+00
7.850000E-02    1.330422E-02   -2.762953E-02   -1.176926E+01    0.000000E+00    0.000000E+00    0.000000E+00    2.607077E-02    7.251734E-03    7.315015E-04    0.000000E+00    0.000000E+00    0.000000E+00
7.950000E-02    1.366971E-02   -2.783927E-02   -1.178094E+01    0.000000E+00    0.000000E+00    0.000000E+00    2.621241E-02    7.469455E-03    7.571952E-04    0.000000E+00    0.000000E+00    0.000000E+00
8.050000E-02    1.402765E-02   -2.826220E-02   -1.179245E+01    0.000000E+00    0.000000E+00    0.000000E+00    2.639098E-02    7.676848E-03    7.810048E-04    0.000000E+00    0.000000E+00    0.000000E+00
8.150000E-02    1.462241E-02   -2.894652E-02   -1.180377E+01    0.000000E+00    0.000000E+00    0.000000E+00    2.665486E-02    8.013632E-03    7.380613E-04    0.000000E+00    0.000000E+00    0.000000E+00
8.250000E-02    1.496387E-02   -2.964736E-02   -1.181496E+01    0.000000E+00    0.000000E+00    0.000000E+00    2.678972E-02    8.209068E-03    7.597587E-04    0.000000E+00    0.000000E+00    0.000000E+00
8.350000E-02    1.547550E-02   -3.060562E-02   -1.182606E+01    0.000000E+00    0.000000E+00    0.000000E+00    2.704730E-02    8.389665E-03    7.803657E-04    0.000000E+00    0.000000E+00    0.000000E+00
8.450000E-02    1.580664E-02   -3.153442E-02   -1.183700E+01    0.000000E+00    0.000000E+00    0.000000E+00    2.720287E-02    8.539325E-03    7.473172E-04    0.000000E+00    0.000000E+00    0.000000E+00
8.550000E-02    1.627566E-02   -3.269347E-02   -1.184780E+01    0.000000E+00    0.000000E+00    0.000000E+00    2.748761E-02    8.719205E-03    7.681891E-04    0.000000E+00    0.000000E+00    0.000000E+00
8.650000E-02    1.698623E-02   -3.383704E-02   -1.185849E+01    0.000000E+00    0.000000E+00    0.000000E+00    2.779434E-02    8.890292E-03    8.053040E-04    0.000000E+00    0.000000E+00    0.000000E+00
8.750000E-02    1.726080E-02   -3.527558E-02   -1.186910E+01    0.000000E+00    0.000000E+00    0.000000E+00    2.800879E-02    9.011363E-03    7.791110E-04    0.000000E+00    0.000000E+00    0.000000E+00
8.850000E-02    1.782203E-02   -3.696560E-02   -1.187970E+01    0.000000E+00    0.000000E+00    0.000000E+00    2.845045E-02    9.207799E-03    8.793839E-04    0.000000E+00    0.000000E+00    0.000000E+00
8.950000E-02    1.829202E-02   -3.854005E-02   -1.189026E+01    0.000000E+00    0.000000E+00    0.000000E+00    2.879468E-02    9.329223E-03    9.106073E-04    0.000000E+00    0.000000E+00    0.000000E+00
9.050000E-02    1.799435E-02   -4.050247E-02   -1.190072E+01    0.000000E+00    0.000000E+00    0.000000E+00    2.914421E-02    9.432455E-03    9.339964E-04    0.000000E+00    0.000000E+00    0.000000E+00
9.150000E-02    1.809343E-02   -4.211479E-02   -1.191118E+01    0.000000E+00    0.000000E+00    0.000000E+00    2.946989E-02    9.522677E-03    9.648395E-04    0.000000E+00    0.000000E+00    0.000000E+00
9.250000E-02    1.862220E-02   -4.390788E-02   -1.192166E+01    0.000000E+00    0.000000E+00    0.000000E+00    2.988139E-02    9.668144E-03    1.064473E-03    0.000000E+00    0.000000E+00    0.000000E+00
9.350000E-02    1.880703E-02   -4.569732E-02   -1.193207E+01    0.000000E+00    0.000000E+00    0.000000E+00    3.018082E-02    9.738562E-03    1.094354E-03    0.000000E+00    0.000000E+00    0.000000E+00
9.450000E-02    1.905467E-02   -4.732331E-02   -1.194249E+01    0.000000E+00    0.000000E+00    0.000000E+00    3.048230E-02    9.794210E-03    1.127831E-03    0.000000E+00    0.000000E+00    0.000000E+00
9.550000E-02    1.922178E-02   -4.915768E-02   -1.195284E+01    0.000000E+00    0.000000E+00    0.000000E+00    3.077877E-02    9.836048E-03    1.156694E-03    0.000000E+00    0.000000E+00    0.000000E+00
9.650000E-02    1.937503E-02   -5.100991E-02   -1.196309E+01    0.000000E+00    0.000000E+00    0.000000E+00    3.106425E-02    9.877144E-03    1.180871E-03    0.000000E+00    0.000000E+00    0.000000E+00
9.750000E-02    1.954549E-02   -5.294383E-02   -1.197336E+01    0.000000E+00    0.000000E+00    0.000000E+00    3.134786E-02    9.923734E-03    1.207478E-03    0.000000E+00    0.000000E+00    0.000000E+00
9.850000E-02    1.974410E-02   -5.452639E-02   -1.198363E+01    0.000000E+00    0.000000E+00    0.000000E+00    3.152190E-02    1.000003E-02    1.297502E-03    0.000000E+00    0.000000E+00    0.000000E+00
9.950000E-02    1.981585E-02   -5.635098E-02   -1.199387E+01    0.000000E+00    0.000000E+00    0.000000E+00    3.180700E-02    1.004937E-02    1.337722E-03    0.000000E+00    0.000000E+00    0.000000E+00
1.005000E-01    1.992345E-02   -5.844643E-02   -1.200405E+01    0.000000E+00    0.000000E+00    0.000000E+00    3.219150E-02    1.004001E-02    1.314613E-03    0.000000E+00    0.000000E+00    0.000000E+00
1.015000E-01    2.003793E-02   -6.027175E-02   -1.201421E+01    0.000000E+00    0.000000E+00    0.000000E+00    3.247419E-02    1.009835E-02    1.356648E-03    0.000000E+00    0.000000E+00    0.000000E+00
1.025000E-01    2.024999E-02   -6.204526E-02   -1.202436E+01    0.000000E+00    0.000000E+00    0.000000E+00    3.275411E-02    1.016595E-02    1.394505E-03    0.000000E+00    0.000000E+00    0.000000E+00
1.035000E-01    2.061752E-02   -6.385124E-02   -1.203447E+01    0.000000E+00    0.000000E+00    0.000000E+00    3.303302E-02    1.024079E-02    1.433650E-03    0.000000E+00    0.000000E+00    0.000000E+00
1.045000E-01    2.092126E-02   -6.561032E-02   -1.204452E+01    0.000000E+00    0.000000E+00    0.000000E+00    3.331261E-02    1.031841E-02    1.474290E-03    0.000000E+00    0.000000E+00    0.000000E+00
1.055000E-01    2.106423E-02   -6.753237E-02   -1.205454E+01    0.000000E+00    0.000000E+00    0.000000E+00    3.359353E-02    1.039879E-02    1.513608E-03    0.000000E+00    0.000000E+00    0.000000E+00
1.065000E-01    2.139558E-02   -6.924878E-02   -1.206455E+01    0.000000E+00    0.000000E+00    0.000000E+00    3.397449E-02    1.065580E-02    1.464742E-03    0.000000E+00    0.000000E+00    0.000000E+00
1.075000E-01    2.159113E-02   -7.089994E-02   -1.207446E+01    0.000000E+00    0.000000E+00    0.000000E+00    3.424786E-02    1.074580E-02    1.503745E-03    0.000000E+00    0.000000E+00    0.000000E+00
1.085000E-01    2.174947E-02   -7.269586E-02   -1.208439E+01    0.000000E+00    0.000000E+00    0.000000E+00    3.451695E-02    1.084194E-02    1.537269E-03    0.000000E+00    0.000000E+00    0.000000E+00
1.095000E-01    2.209936E-02   -7.433533E-02   -1.209433E+01    0.000000E+00    0.000000E+00    0.000000E+00    3.472284E-02    1.090185E-02    1.602578E-03    0.000000E+00    0.000000E+00    0.000000E+00
1.105000E-01    2.209779E-02   -7.541430E-02   -1.210424E+01    0.000000E+00    0.000000E+00    0.000000E+00    3.498409E-02    1.099360E-02    1.642715E-03    0.000000E+00    0.000000E+00    0.000000E+00
1.115000E-01    2.228010E-02   -7.701629E-02   -1.211397E+01    0.000000E+00    0.000000E+00    0.000000E+00    3.524420E-02    1.108777E-02    1.665095E-03    0.000000E+00    0.000000E+00    0.000000E+00
1.125000E-01    2.193147E-02   -7.837003E-02   -1.212369E+01    0.000000E+00    0.000000E+00    0.000000E+00    3.543599E-02    1.093883E-02    1.806844E-03    0.000000E+00    0.000000E+00    0.000000E+00
1.135000E-01    2.263896E-02   -7.955384E-02   -1.213333E+01    0.000000E+00    0.000000E+00    0.000000E+00    3.555634E-02    1.107989E-02    1.913764E-03    0.000000E+00    0.000000E+00    0.000000E+00
1.145000E-01    2.298154E-02   -8.097205E-02   -1.214297E+01    0.000000E+00    0.000000E+00    0.000000E+00    3.579443E-02    1.119728E-02    1.941546E-03    0.000000E+00    0.000000E+00    0.000000E+00
1.155000E-01    2.345193E-02   -8.228971E-02   -1.215254E+01    0.000000E+00    0.000000E+00    0.000000E+00    3.603122E-02    1.132468E-02    1.979723E-03    0.000000E+00    0.000000E+00    0.000000E+00
1.165000E-01    2.362468E-02   -8.362464E-02   -1.216197E+01    0.000000E+00    0.000000E+00    0.000000E+00    3.625809E-02    1.145388E-02    2.017759E-03    0.000000E+00    0.000000E+00    0.000000E+00
1.175000E-01    2.394237E-02   -8.490486E-02   -1.217136E+01    0.000000E+00    0.000000E+00    0.000000E+00    3.655811E-02    1.153303E-02    2.008014E-03    0.000000E+00    0.000000E+00    0.000000E+00
1.185000E-01    2.384855E-02   -8.522320E-02   -1.218070E+01    0.000000E+00    0.000000E+00    0.000000E+00    3.645981E-02    1.153169E-02    2.061823E-03    0.000000E+00    0.000000E+00    0.000000E+00
1.195000E-01    2.415071E-02   -8.635928E-02   -1.219002E+01    0.000000E+00    0.000000E+00    0.000000E+00    3.665715E-02    1.167709E-02    2.085546E-03    0.000000E+00    0.000000E+00    0.000000E+00
1.205000E-01    2.456696E-02   -8.753010E-02   -1.219922E+01    0.000000E+00    0.000000E+00    0.000000E+00    3.683370E-02    1.182420E-02    2.123208E-03    0.000000E+00    0.000000E+00    0.000000E+00
1.215000E-01    2.508404E-02   -8.882551E-02   -1.220842E+01    0.000000E+00    0.000000E+00    0.000000E+00    3.699348E-02    1.197344E-02    2.139208E-03    0.000000E+00    0.000000E+00    0.000000E+00
1.225000E-01    2.552139E-02   -8.992592E-02   -1.221753E+01    0.000000E+00    0.000000E+00    0.000000E+00    3.714625E-02    1.212506E-02    2.170269E-03    0.000000E+00    0.000000E+00    0.000000E+00
1.235000E-01    2.607858E-02   -9.064628E-02   -1.222654E+01    0.000000E+00    0.000000E+00    0.000000E+00    3.729061E-02    1.227884E-02    2.197890E-03    0.000000E+00    0.000000E+00    0.000000E+00
1.245000E-01    2.668879E-02   -9.150513E-02   -1.223551E+01    0.000000E+00    0.000000E+00    0.000000E+00    3.743249E-02    1.242783E-02    2.237132E-03    0.000000E+00    0.000000E+00    0.000000E+00
1.255000E-01    2.702812E-02   -9.259437E-02   -1.224438E+01    0.000000E+00    0.000000E+00    0.000000E+00    3.777702E-02    1.252399E-02    2.371280E-03    0.000000E+00    0.000000E+00    0.000000E+00
1.265000E-01    2.750520E-02   -9.317063E-02   -1.225319E+01    0.000000E+00    0.000000E+00    0.000000E+00    3.789845E-02    1.267648E-02    2.402410E-03    0.000000E+00    0.000000E+00    0.000000E+00
1.275000E-01    2.799690E-02   -9.364513E-02   -1.226194E+01    0.000000E+00    0.000000E+00    0.000000E+00    3.800506E-02    1.283485E-02    2.435027E-03    0.000000E+00    0.000000E+00    0.000000E+00
1.285000E-01    2.811853E-02   -9.426391E-02   -1.227059E+01    0.000000E+00    0.000000E+00    0.000000E+00    3.817472E-02    1.286553E-02    2.541569E-03    0.000000E+00    0.000000E+00    0.000000E+00
1.295000E-01    2.890481E-02   -9.433964E-02   -1.227919E+01    0.000000E+00    0.000000E+00    0.000000E+00    3.814232E-02    1.316155E-02    2.428983E-03    0.000000E+00    0.000000E+00    0.000000E+00
1.305000E-01    2.916744E-02   -9.438408E-02   -1.228774E+01    0.000000E+00    0.000000E+00    0.000000E+00    3.812733E-02    1.319591E-02    2.395305E-03    0.000000E+00    0.000000E+00    0.000000E+00
1.315000E-01    2.981424E-02   -9.435859E-02   -1.229615E+01    0.000000E+00    0.000000E+00    0.000000E+00    3.820569E-02    1.350492E-02    2.499548E-03    0.000000E+00    0.000000E+00    0.000000E+00
1.325000E-01    3.034075E-02   -9.432425E-02   -1.230454E+01    0.000000E+00    0.000000E+00    0.000000E+00    3.822432E-02    1.366010E-02    2.533681E-03    0.000000E+00    0.000000E+00    0.000000E+00
1.335000E-01    3.071269E-02   -9.416705E-02   -1.231281E+01    0.000000E+00    0.000000E+00    0.000000E+00    3.821944E-02    1.380495E-02    2.570836E-03    0.000000E+00    0.000000E+00    0.000000E+00
1.345000E-01    3.120526E-02   -9.377363E-02   -1.232087E+01    0.000000E+00    0.000000E+00    0.000000E+00    3.819255E-02    1.393806E-02    2.597377E-03    0.000000E+00    0.000000E+00    0.000000E+00
1.355000E-01    3.149152E-02   -9.329868E-02   -1.232886E+01    0.000000E+00    0.000000E+00    0.000000E+00    3.813500E-02    1.407124E-02    2.631323E-03    0.000000E+00    0.000000E+00    0.000000E+00
1.365000E-01    3.188804E-02   -9.310643E-02   -1.233664E+01    0.000000E+00    0.000000E+00    0.000000E+00    3.824060E-02    1.415570E-02    2.754545E-03    0.000000E+00    0.000000E+00    0.000000E+00
1.375000E-01    3.223622E-02   -9.229236E-02   -1.234440E+01    0.000000E+00    0.000000E+00    0.000000E+00    3.813843E-02    1.428373E-02    2.785604E-03    0.000000E+00    0.000000E+00    0.000000E+00
1.385000E-01    3.255905E-02   -9.159620E-02   -1.235200E+01    0.000000E+00    0.000000E+00    0.000000E+00    3.801880E-02    1.441030E-02    2.814517E-03    0.000000E+00    0.000000E+00    0.000000E+00
1.395000E-01    3.282017E-02   -9.119930E-02   -1.235935E+01    0.000000E+00    0.000000E+00    0.000000E+00    3.788420E-02    1.452998E-02    2.830777E-03    0.000000E+00    0.000000E+00    0.000000E+00
1.405000E-01    3.325330E-02   -9.085950E-02   -1.236660E+01    0.000000E+00    0.000000E+00    0.000000E+00    3.772824E-02    1.464510E-02    2.874062E-03    0.000000E+00    0.000000E+00    0.000000E+00
1.415000E-01    3.385442E-02   -8.969282E-02   -1.237342E+01    0.000000E+00    0.000000E+00    0.000000E+00    3.736584E-02    1.486430E-02    2.821207E-03    0.000000E+00    0.000000E+00    0.000000E+00
1.425000E-01    3.425732E-02   -8.919196E-02   -1.238041E+01    0.000000E+00    0.000000E+00    0.000000E+00    3.716301E-02    1.497228E-02    2.834171E-03    0.000000E+00    0.000000E+00    0.000000E+00
1.435000E-01    3.511420E-02   -8.834158E-02   -1.238713E+01    0.000000E+00    0.000000E+00    0.000000E+00    3.706551E-02    1.514872E-02    2.930444E-03    0.000000E+00    0.000000E+00    0.000000E+00
1.445000E-01    3.573383E-02   -8.706751E-02   -1.239380E+01    0.000000E+00    0.000000E+00    0.000000E+00    3.683713E-02    1.525511E-02    2.968270E-03    0.000000E+00    0.000000E+00    0.000000E+00
1.455000E-01    3.647721E-02   -8.661215E-02   -1.240036E+01    0.000000E+00    0.000000E+00    0.000000E+00    3.660315E-02    1.535855E-02    2.979347E-03    0.000000E+00    0.000000E+00    0.000000E+00
1.465000E-01    3.729653E-02   -8.593304E-02   -1.240681E+01    0.000000E+00    0.000000E+00    0.000000E+00    3.656986E-02    1.551048E-02    2.915692E-03    0.000000E+00    0.000000E+00    0.000000E+00
1.475000E-01    3.749164E-02   -8.450470E-02   -1.241312E+01    0.000000E+00    0.000000E+00    0.000000E+00    3.630579E-02    1.560254E-02    2.935308E-03    0.000000E+00    0.000000E+00    0.000000E+00
1.485000E-01    3.798272E-02   -8.336760E-02   -1.241931E+01    0.000000E+00    0.000000E+00    0.000000E+00    3.602716E-02    1.569070E-02    2.964207E-03    0.000000E+00    0.000000E+00    0.000000E+00
1.495000E-01    3.856697E-02   -8.210414E-02   -1.242530E+01    0.000000E+00    0.000000E+00    0.000000E+00    3.573469E-02    1.577570E-02    2.978562E-03    0.000000E+00    0.000000E+00    0.000000E+00
1.505000E-01    3.910158E-02   -8.090616E-02   -1.243123E+01    0.000000E+00    0.000000E+00    0.000000E+00    3.543043E-02    1.585709E-02    3.006904E-03    0.000000E+00    0.000000E+00    0.000000E+00
1.515000E-01    3.948680E-02   -7.963923E-02   -1.243703E+01    0.000000E+00    0.000000E+00    0.000000E+00    3.511518E-02    1.593346E-02    3.033542E-03    0.000000E+00    0.000000E+00    0.000000E+00
1.525000E-01    3.985231E-02   -7.848690E-02   -1.244265E+01    0.000000E+00    0.000000E+00    0.000000E+00    3.479212E-02    1.600868E-02    3.053870E-03    0.000000E+00    0.000000E+00    0.000000E+00
1.535000E-01    4.036218E-02   -7.704064E-02   -1.244810E+01    0.000000E+00    0.000000E+00    0.000000E+00    3.446379E-02    1.608252E-02    3.080933E-03    0.000000E+00    0.000000E+00    0.000000E+00
1.545000E-01    4.096307E-02   -7.556471E-02   -1.245346E+01    0.000000E+00    0.000000E+00    0.000000E+00    3.412974E-02    1.615750E-02    3.099414E-03    0.000000E+00    0.000000E+00    0.000000E+00
1.555000E-01    4.123378E-02   -7.421483E-02   -1.245873E+01    0.000000E+00    0.000000E+00    0.000000E+00    3.378470E-02    1.622982E-02    3.125223E-03    0.000000E+00    0.000000E+00    0.000000E+00
1.565000E-01    4.164548E-02   -7.292934E-02   -1.246392E+01    0.000000E+00    0.000000E+00    0.000000E+00    3.343148E-02    1.630413E-02    3.152913E-03    0.000000E+00    0.000000E+00    0.000000E+00
1.575000E-01    4.202192E-02   -7.165275E-02   -1.246899E+01    0.000000E+00    0.000000E+00    0.000000E+00    3.307980E-02    1.637572E-02    3.180872E-03    0.000000E+00    0.000000E+00    0.000000E+00
1.585000E-01    4.241021E-02   -7.045959E-02   -1.247397E+01    0.000000E+00    0.000000E+00    0.000000E+00    3.273477E-02    1.644074E-02    3.206911E-03    0.000000E+00    0.000000E+00    0.000000E+00
1.595000E-01    4.282692E-02   -6.927568E-02   -1.247886E+01    0.000000E+00    0.000000E+00    0.000000E+00    3.239308E-02    1.649937E-02    3.230663E-03    0.000000E+00    0.000000E+00    0.000000E+00
1.605000E-01    4.317288E-02   -6.815209E-02   -1.248367E+01    0.000000E+00    0.000000E+00    0.000000E+00    3.205280E-02    1.655517E-02    3.256864E-03    0.000000E+00    0.000000E+00    0.000000E+00
1.615000E-01    4.351245E-02   -6.702074E-02   -1.248839E+01    0.000000E+00    0.000000E+00    0.000000E+00    3.171636E-02    1.660756E-02    3.282561E-03    0.000000E+00    0.000000E+00    0.000000E+00
1.625000E-01    4.383703E-02   -6.591828E-02   -1.249304E+01    0.000000E+00    0.000000E+00    0.000000E+00    3.138476E-02    1.665409E-02    3.308489E-03    0.000000E+00    0.000000E+00    0.000000E+00
1.635000E-01    4.413823E-02   -6.484191E-02   -1.249762E+01    0.000000E+00    0.000000E+00    0.000000E+00    3.105733E-02    1.669342E-02    3.335058E-03    0.000000E+00    0.000000E+00    0.000000E+00
1.645000E-01    4.442450E-02   -6.381350E-02   -1.250212E+01    0.000000E+00    0.000000E+00    0.000000E+00    3.073868E-02    1.672478E-02    3.362319E-03    0.000000E+00    0.000000E+00    0.000000E+00
1.655000E-01    4.468358E-02   -6.277897E-02   -1.250656E+01    0.000000E+00    0.000000E+00    0.000000E+00    3.041573E-02    1.674288E-02    3.390424E-03    0.000000E+00    0.000000E+00    0.000000E+00
1.665000E-01    4.492783E-02   -6.174521E-02   -1.251092E+01    0.000000E+00    0.000000E+00    0.000000E+00    3.008490E-02    1.675423E-02    3.417061E-03    0.000000E+00    0.000000E+00    0.000000E+00
1.675000E-01    4.500591E-02   -6.069802E-02   -1.251521E+01    0.000000E+00    0.000000E+00    0.000000E+00    2.975619E-02    1.677067E-02    3.447062E-03    0.000000E+00    0.000000E+00    0.000000E+00
1.685000E-01    4.529339E-02   -5.956767E-02   -1.251946E+01    0.000000E+00    0.000000E+00    0.000000E+00    2.942738E-02    1.679464E-02    3.473215E-03    0.000000E+00    0.000000E+00    0.000000E+00
1.695000E-01    4.551540E-02   -5.857587E-02   -1.252366E+01    0.000000E+00    0.000000E+00    0.000000E+00    2.910420E-02    1.681779E-02    3.497420E-03    0.000000E+00    0.000000E+00    0.000000E+00
1.705000E-01    4.573758E-02   -5.762957E-02   -1.252781E+01    0.000000E+00    0.000000E+00    0.000000E+00    2.879727E-02    1.683240E-02    3.523084E-03    0.000000E+00    0.000000E+00    0.000000E+00
1.715000E-01    4.593867E-02   -5.670544E-02   -1.253191E+01    0.000000E+00    0.000000E+00    0.000000E+00    2.850210E-02    1.683905E-02    3.549281E-03    0.000000E+00    0.000000E+00    0.000000E+00
1.725000E-01    4.614077E-02   -5.578780E-02   -1.253596E+01    0.000000E+00    0.000000E+00    0.000000E+00    2.820794E-02    1.684381E-02    3.576225E-03    0.000000E+00    0.000000E+00    0.000000E+00
1.735000E-01    4.633851E-02   -5.487415E-02   -1.253997E+01    0.000000E+00    0.000000E+00    0.000000E+00    2.791366E-02    1.684976E-02    3.603294E-03    0.000000E+00    0.000000E+00    0.000000E+00
1.745000E-01    4.678934E-02   -5.389142E-02   -1.254392E+01    0.000000E+00    0.000000E+00    0.000000E+00    2.758432E-02    1.698398E-02    3.569659E-03    0.000000E+00    0.000000E+00    0.000000E+00
1.755000E-01    4.708758E-02   -5.303281E-02   -1.254782E+01    0.000000E+00    0.000000E+00    0.000000E+00    2.727633E-02    1.698246E-02    3.595587E-03    0.000000E+00    0.000000E+00    0.000000E+00
1.765000E-01    4.731604E-02   -5.213734E-02   -1.255168E+01    0.000000E+00    0.000000E+00    0.000000E+00    2.697143E-02    1.697568E-02    3.623995E-03    0.000000E+00    0.000000E+00    0.000000E+00
1.775000E-01    4.747096E-02   -5.124555E-02   -1.255550E+01    0.000000E+00    0.000000E+00    0.000000E+00    2.667617E-02    1.696118E-02    3.654742E-03    0.000000E+00    0.000000E+00    0.000000E+00
1.785000E-01    4.764817E-02   -5.037665E-02   -1.255927E+01    0.000000E+00    0.000000E+00    0.000000E+00    2.639550E-02    1.694460E-02    3.685892E-03    0.000000E+00    0.000000E+00    0.000000E+00
1.795000E-01    4.778870E-02   -4.956995E-02   -1.256300E+01    0.000000E+00    0.000000E+00    0.000000E+00    2.613011E-02    1.692811E-02    3.715383E-03    0.000000E+00    0.000000E+00    0.000000E+00
1.805000E-01    4.792894E-02   -4.877717E-02   -1.256668E+01    0.000000E+00    0.000000E+00    0.000000E+00    2.587507E-02    1.691119E-02    3.745964E-03    0.000000E+00    0.000000E+00    0.000000E+00
1.815000E-01    4.808889E-02   -4.801262E-02   -1.257032E+01    0.000000E+00    0.000000E+00    0.000000E+00    2.562738E-02    1.689430E-02    3.778218E-03    0.000000E+00    0.000000E+00    0.000000E+00
1.825000E-01    4.822625E-02   -4.724587E-02   -1.257391E+01    0.000000E+00    0.000000E+00    0.000000E+00    2.538535E-02    1.687654E-02    3.809277E-03    0.000000E+00    0.000000E+00    0.000000E+00
1.835000E-01    4.835594E-02   -4.649577E-02   -1.257745E+01    0.000000E+00    0.000000E+00    0.000000E+00    2.515050E-02    1.685735E-02    3.840548E-03    0.000000E+00    0.000000E+00    0.000000E+00
1.845000E-01    4.848334E-02   -4.576201E-02   -1.258096E+01    0.000000E+00    0.000000E+00    0.000000E+00    2.492714E-02    1.683678E-02    3.872968E-03    0.000000E+00    0.000000E+00    0.000000E+00
1.855000E-01    4.860740E-02   -4.506033E-02   -1.258442E+01    0.000000E+00    0.000000E+00    0.000000E+00    2.471551E-02    1.681674E-02    3.904861E-03    0.000000E+00    0.000000E+00    0.000000E+00
1.865000E-01    4.873237E-02   -4.438626E-02   -1.258784E+01    0.000000E+00    0.000000E+00    0.000000E+00    2.451480E-02    1.679611E-02    3.936566E-03    0.000000E+00    0.000000E+00    0.000000E+00
1.875000E-01    4.886166E-02   -4.372855E-02   -1.259122E+01    0.000000E+00    0.000000E+00    0.000000E+00    2.431998E-02    1.677827E-02    3.967985E-03    0.000000E+00    0.000000E+00    0.000000E+00
1.885000E-01    4.900371E-02   -4.308799E-02   -1.259455E+01    0.000000E+00    0.000000E+00    0.000000E+00    2.413152E-02    1.676620E-02    3.999006E-03    0.000000E+00    0.000000E+00    0.000000E+00
1.895000E-01    4.915320E-02   -4.248260E-02   -1.259784E+01    0.000000E+00    0.000000E+00    0.000000E+00    2.395303E-02    1.675709E-02    4.030133E-03    0.000000E+00    0.000000E+00    0.000000E+00
1.905000E-01    4.930128E-02   -4.188973E-02   -1.260108E+01    0.000000E+00    0.000000E+00    0.000000E+00    2.378317E-02    1.675053E-02    4.060299E-03    0.000000E+00    0.000000E+00    0.000000E+00
1.915000E-01    4.945374E-02   -4.132010E-02   -1.260427E+01    0.000000E+00    0.000000E+00    0.000000E+00    2.362267E-02    1.674804E-02    4.090042E-03    0.000000E+00    0.000000E+00    0.000000E+00
1.925000E-01    4.961759E-02   -4.078438E-02   -1.260742E+01    0.000000E+00    0.000000E+00    0.000000E+00    2.347171E-02    1.674909E-02    4.119872E-03    0.000000E+00    0.000000E+00    0.000000E+00
1.935000E-01    4.977672E-02   -4.026171E-02   -1.261052E+01    0.000000E+00    0.000000E+00    0.000000E+00    2.332953E-02    1.675255E-02    4.148467E-03    0.000000E+00    0.000000E+00    0.000000E+00
1.945000E-01    4.993628E-02   -3.976450E-02   -1.261358E+01    0.000000E+00    0.000000E+00    0.000000E+00    2.319650E-02    1.675904E-02    4.176273E-03    0.000000E+00    0.000000E+00    0.000000E+00
1.955000E-01    5.010593E-02   -3.929049E-02   -1.261660E+01    0.000000E+00    0.000000E+00    0.000000E+00    2.307305E-02    1.676902E-02    4.203295E-03    0.000000E+00    0.000000E+00    0.000000E+00
1.965000E-01    5.017767E-02   -3.839623E-02   -1.261957E+01    0.000000E+00    0.000000E+00    0.000000E+00    2.274019E-02    1.673240E-02    4.132224E-03    0.000000E+00    0.000000E+00    0.000000E+00
1.975000E-01    5.036348E-02   -3.795094E-02   -1.262250E+01    0.000000E+00    0.000000E+00    0.000000E+00    2.262845E-02    1.675176E-02    4.158574E-03    0.000000E+00    0.000000E+00    0.000000E+00
1.985000E-01    5.055285E-02   -3.752378E-02   -1.262540E+01    0.000000E+00    0.000000E+00    0.000000E+00    2.252168E-02    1.677528E-02    4.184361E-03    0.000000E+00    0.000000E+00    0.000000E+00
1.995000E-01    5.074451E-02   -3.711629E-02   -1.262826E+01    0.000000E+00    0.000000E+00    0.000000E+00    2.242013E-02    1.680201E-02    4.209343E-03    0.000000E+00    0.000000E+00    0.000000E+00
2.005000E-01    5.093958E-02   -3.672116E-02   -1.263108E+01    0.000000E+00    0.000000E+00    0.000000E+00    2.232181E-02    1.683180E-02    4.233765E-03    0.000000E+00    0.000000E+00    0.000000E+00
2.015000E-01    5.112883E-02   -3.634886E-02   -1.263385E+01    0.000000E+00    0.000000E+00    0.000000E+00    2.223163E-02    1.686003E-02    4.257787E-03    0.000000E+00    0.000000E+00    0.000000E+00
2.025000E-01    5.132153E-02   -3.598268E-02   -1.263660E+01    0.000000E+00    0.000000E+00    0.000000E+00    2.214266E-02    1.688994E-02    4.282636E-03    0.000000E+00    0.000000E+00    0.000000E+00
2.035000E-01    5.151458E-02   -3.563411E-02   -1.263930E+01    0.000000E+00    0.000000E+00    0.000000E+00    2.205687E-02    1.692174E-02    4.306651E-03    0.000000E+00    0.000000E+00    0.000000E+00
2.045000E-01    5.171268E-02   -3.528995E-02   -1.264197E+01    0.000000E+00    0.000000E+00    0.000000E+00    2.197290E-02    1.695556E-02    4.330745E-03    0.000000E+00    0.000000E+00    0.000000E+00
2.055000E-01    5.189407E-02   -3.497135E-02   -1.264459E+01    0.000000E+00    0.000000E+00    0.000000E+00    2.190196E-02    1.697998E-02    4.354835E-03    0.000000E+00    0.000000E+00    0.000000E+00
2.065000E-01    5.209784E-02   -3.462462E-02   -1.264720E+01    0.000000E+00    0.000000E+00    0.000000E+00    2.181689E-02    1.701510E-02    4.379157E-03    0.000000E+00    0.000000E+00    0.000000E+00
2.075000E-01    5.223518E-02   -3.436277E-02   -1.264975E+01    0.000000E+00    0.000000E+00    0.000000E+00    2.176265E-02    1.702907E-02    4.403319E-03    0.000000E+00    0.000000E+00    0.000000E+00
2.085000E-01    5.240954E-02   -3.408828E-02   -1.265228E+01    0.000000E+00    0.000000E+00    0.000000E+00    2.170060E-02    1.706110E-02    4.426825E-03    0.000000E+00    0.000000E+00    0.000000E+00
2.095000E-01    5.262097E-02   -3.378750E-02   -1.265480E+01    0.000000E+00    0.000000E+00    0.000000E+00    2.163083E-02    1.710502E-02    4.450200E-03    0.000000E+00    0.000000E+00    0.000000E+00
2.105000E-01    5.271211E-02   -3.365638E-02   -1.265726E+01    0.000000E+00    0.000000E+00    0.000000E+00    2.162598E-02    1.709737E-02    4.475327E-03    0.000000E+00    0.000000E+00    0.000000E+00
2.115000E-01    5.286116E-02   -3.347252E-02   -1.265970E+01    0.000000E+00    0.000000E+00    0.000000E+00    2.160186E-02    1.711247E-02    4.501066E-03    0.000000E+00    0.000000E+00    0.000000E+00
2.125000E-01    5.302326E-02   -3.328240E-02   -1.266209E+01    0.000000E+00    0.000000E+00    0.000000E+00    2.158137E-02    1.712550E-02    4.527525E-03    0.000000E+00    0.000000E+00    0.000000E+00
2.135000E-01    5.321622E-02   -3.306419E-02   -1.266446E+01    0.000000E+00    0.000000E+00    0.000000E+00    2.153872E-02    1.715894E-02    4.551957E-03    0.000000E+00    0.000000E+00    0.000000E+00
2.145000E-01    5.336807E-02   -3.288005E-02   -1.266681E+01    0.000000E+00    0.000000E+00    0.000000E+00    2.151291E-02    1.717521E-02    4.576568E-03    0.000000E+00    0.000000E+00    0.000000E+00
2.155000E-01    5.344642E-02   -3.270049E-02   -1.266911E+01    0.000000E+00    0.000000E+00    0.000000E+00    2.149898E-02    1.717826E-02    4.600266E-03    0.000000E+00    0.000000E+00    0.000000E+00
2.165000E-01    5.368966E-02   -3.261677E-02   -1.267139E+01    0.000000E+00    0.000000E+00    0.000000E+00    2.152121E-02    1.724207E-02    4.594553E-03    0.000000E+00    0.000000E+00    0.000000E+00
2.175000E-01    5.380530E-02   -3.247971E-02   -1.267364E+01    0.000000E+00    0.000000E+00    0.000000E+00    2.150644E-02    1.724675E-02    4.618629E-03    0.000000E+00    0.000000E+00    0.000000E+00
2.185000E-01    5.394059E-02   -3.234270E-02   -1.267587E+01    0.000000E+00    0.000000E+00    0.000000E+00    2.149456E-02    1.725508E-02    4.643203E-03    0.000000E+00    0.000000E+00    0.000000E+00
2.195000E-01    5.409435E-02   -3.220935E-02   -1.267808E+01    0.000000E+00    0.000000E+00    0.000000E+00    2.148173E-02    1.726892E-02    4.666961E-03    0.000000E+00    0.000000E+00    0.000000E+00
2.205000E-01    5.430440E-02   -3.203626E-02   -1.268028E+01    0.000000E+00    0.000000E+00    0.000000E+00    2.145354E-02    1.730290E-02    4.690781E-03    0.000000E+00    0.000000E+00    0.000000E+00
2.215000E-01    5.453877E-02   -3.182788E-02   -1.268248E+01    0.000000E+00    0.000000E+00    0.000000E+00    2.141227E-02    1.734515E-02    4.716118E-03    0.000000E+00    0.000000E+00    0.000000E+00
2.225000E-01    5.460692E-02   -3.177193E-02   -1.268462E+01    0.000000E+00    0.000000E+00    0.000000E+00    2.143240E-02    1.731704E-02    4.743245E-03    0.000000E+00    0.000000E+00    0.000000E+00
2.235000E-01    5.464544E-02   -3.173990E-02   -1.268671E+01    0.000000E+00    0.000000E+00    0.000000E+00    2.146120E-02    1.727873E-02    4.771290E-03    0.000000E+00    0.000000E+00    0.000000E+00
2.245000E-01    5.482874E-02   -3.157274E-02   -1.268882E+01    0.000000E+00    0.000000E+00    0.000000E+00    2.143120E-02    1.730736E-02    4.798659E-03    0.000000E+00    0.000000E+00    0.000000E+00
2.255000E-01    5.506475E-02   -3.135771E-02   -1.269091E+01    0.000000E+00    0.000000E+00    0.000000E+00    2.138442E-02    1.736067E-02    4.823948E-03    0.000000E+00    0.000000E+00    0.000000E+00
2.265000E-01    5.524179E-02   -3.123596E-02   -1.269297E+01    0.000000E+00    0.000000E+00    0.000000E+00    2.136892E-02    1.739357E-02    4.846694E-03    0.000000E+00    0.000000E+00    0.000000E+00
2.275000E-01    5.542904E-02   -3.114788E-02   -1.269499E+01    0.000000E+00    0.000000E+00    0.000000E+00    2.136897E-02    1.742395E-02    4.869089E-03    0.000000E+00    0.000000E+00    0.000000E+00
2.285000E-01    5.564870E-02   -3.103440E-02   -1.269700E+01    0.000000E+00    0.000000E+00    0.000000E+00    2.136271E-02    1.746473E-02    4.892408E-03    0.000000E+00    0.000000E+00    0.000000E+00
2.295000E-01    5.587882E-02   -3.092704E-02   -1.269900E+01    0.000000E+00    0.000000E+00    0.000000E+00    2.135209E-02    1.751518E-02    4.916138E-03    0.000000E+00    0.000000E+00    0.000000E+00
2.305000E-01    5.612381E-02   -3.080468E-02   -1.270097E+01    0.000000E+00    0.000000E+00    0.000000E+00    2.134102E-02    1.757070E-02    4.940706E-03    0.000000E+00    0.000000E+00    0.000000E+00
2.315000E-01    5.636756E-02   -3.068040E-02   -1.270292E+01    0.000000E+00    0.000000E+00    0.000000E+00    2.132518E-02    1.763051E-02    4.966298E-03    0.000000E+00    0.000000E+00    0.000000E+00
2.325000E-01    5.662291E-02   -3.056050E-02   -1.270486E+01    0.000000E+00    0.000000E+00    0.000000E+00    2.130441E-02    1.769879E-02    4.992017E-03    0.000000E+00    0.000000E+00    0.000000E+00
2.335000E-01    5.689881E-02   -3.042365E-02   -1.270678E+01    0.000000E+00    0.000000E+00    0.000000E+00    2.127960E-02    1.777340E-02    5.016367E-03    0.000000E+00    0.000000E+00    0.000000E+00
2.345000E-01    5.718889E-02   -3.027613E-02   -1.270868E+01    0.000000E+00    0.000000E+00    0.000000E+00    2.125010E-02    1.784899E-02    5.039719E-03    0.000000E+00    0.000000E+00    0.000000E+00
2.355000E-01    5.747418E-02   -3.013666E-02   -1.271056E+01    0.000000E+00    0.000000E+00    0.000000E+00    2.121857E-02    1.792650E-02    5.064589E-03    0.000000E+00    0.000000E+00    0.000000E+00
2.365000E-01    5.777361E-02   -2.998540E-02   -1.271243E+01    0.000000E+00    0.000000E+00    0.000000E+00    2.118536E-02    1.801011E-02    5.088529E-03    0.000000E+00    0.000000E+00    0.000000E+00
2.375000E-01    5.808950E-02   -2.982736E-02   -1.271428E+01    0.000000E+00    0.000000E+00    0.000000E+00    2.115151E-02    1.809697E-02    5.112034E-03    0.000000E+00    0.000000E+00    0.000000E+00
2.385000E-01    5.841814E-02   -2.967238E-02   -1.271613E+01    0.000000E+00    0.000000E+00    0.000000E+00    2.111705E-02    1.818383E-02    5.135507E-03    0.000000E+00    0.000000E+00    0.000000E+00
2.395000E-01    5.877214E-02   -2.953304E-02   -1.271795E+01    0.000000E+00    0.000000E+00    0.000000E+00    2.108633E-02    1.827347E-02    5.159481E-03    0.000000E+00    0.000000E+00    0.000000E+00
2.405000E-01    5.911328E-02   -2.939544E-02   -1.271976E+01    0.000000E+00    0.000000E+00    0.000000E+00    2.105987E-02    1.836457E-02    5.182354E-03    0.000000E+00    0.000000E+00    0.000000E+00
2.415000E-01    5.945627E-02   -2.925140E-02   -1.272155E+01    0.000000E+00    0.000000E+00    0.000000E+00    2.103249E-02    1.845499E-02    5.205483E-03    0.000000E+00    0.000000E+00    0.000000E+00
2.425000E-01    5.979832E-02   -2.909876E-02   -1.272333E+01    0.000000E+00    0.000000E+00    0.000000E+00    2.100347E-02    1.854312E-02    5.228821E-03    0.000000E+00    0.000000E+00    0.000000E+00
2.435000E-01    6.013373E-02   -2.894352E-02   -1.272509E+01    0.000000E+00    0.000000E+00    0.000000E+00    2.097184E-02    1.862604E-02    5.251648E-03    0.000000E+00    0.000000E+00    0.000000E+00
2.445000E-01    6.045473E-02   -2.876874E-02   -1.272685E+01    0.000000E+00    0.000000E+00    0.000000E+00    2.093534E-02    1.869938E-02    5.274366E-03    0.000000E+00    0.000000E+00    0.000000E+00
2.455000E-01    6.077529E-02   -2.856560E-02   -1.272858E+01    0.000000E+00    0.000000E+00    0.000000E+00    2.088846E-02    1.876331E-02    5.296882E-03    0.000000E+00    0.000000E+00    0.000000E+00
2.465000E-01    6.109638E-02   -2.837073E-02   -1.273030E+01    0.000000E+00    0.000000E+00    0.000000E+00    2.084824E-02    1.883034E-02    5.317124E-03    0.000000E+00    0.000000E+00    0.000000E+00
2.475000E-01    6.143079E-02   -2.823078E-02   -1.273202E+01    0.000000E+00    0.000000E+00    0.000000E+00    2.084068E-02    1.890511E-02    5.338594E-03    0.000000E+00    0.000000E+00    0.000000E+00
2.485000E-01    6.173493E-02   -2.811499E-02   -1.273372E+01    0.000000E+00    0.000000E+00    0.000000E+00    2.084425E-02    1.896447E-02    5.362094E-03    0.000000E+00    0.000000E+00    0.000000E+00
2.495000E-01    6.202237E-02   -2.793792E-02   -1.273541E+01    0.000000E+00    0.000000E+00    0.000000E+00    2.082640E-02    1.900485E-02    5.384290E-03    0.000000E+00    0.000000E+00    0.000000E+00
2.505000E-01    6.231492E-02   -2.772855E-02   -1.273709E+01    0.000000E+00    0.000000E+00    0.000000E+00    2.079613E-02    1.904510E-02    5.404060E-03    0.000000E+00    0.000000E+00    0.000000E+00
2.515000E-01    6.261563E-02   -2.754084E-02   -1.273876E+01    0.000000E+00    0.000000E+00    0.000000E+00    2.077565E-02    1.908735E-02    5.424199E-03    0.000000E+00    0.000000E+00    0.000000E+00
2.525000E-01    6.287867E-02   -2.732457E-02   -1.274042E+01    0.000000E+00    0.000000E+00    0.000000E+00    2.075556E-02    1.912404E-02    5.443604E-03    0.000000E+00    0.000000E+00    0.000000E+00
2.535000E-01    6.316975E-02   -2.709666E-02   -1.274209E+01    0.000000E+00    0.000000E+00    0.000000E+00    2.072527E-02    1.916128E-02    5.463945E-03    0.000000E+00    0.000000E+00    0.000000E+00
2.545000E-01    6.347806E-02   -2.686957E-02   -1.274375E+01    0.000000E+00    0.000000E+00    0.000000E+00    2.069365E-02    1.920598E-02    5.483134E-03    0.000000E+00    0.000000E+00    0.000000E+00
2.555000E-01    6.381491E-02   -2.664333E-02   -1.274539E+01    0.000000E+00    0.000000E+00    0.000000E+00    2.066749E-02    1.925481E-02    5.500173E-03    0.000000E+00    0.000000E+00    0.000000E+00
2.565000E-01    6.414948E-02   -2.642387E-02   -1.274703E+01    0.000000E+00    0.000000E+00    0.000000E+00    2.064571E-02    1.930108E-02    5.517598E-03    0.000000E+00    0.000000E+00    0.000000E+00
2.575000E-01    6.448141E-02   -2.621064E-02   -1.274866E+01    0.000000E+00    0.000000E+00    0.000000E+00    2.062667E-02    1.934472E-02    5.535579E-03    0.000000E+00    0.000000E+00    0.000000E+00
2.585000E-01    6.482115E-02   -2.600161E-02   -1.275029E+01    0.000000E+00    0.000000E+00    0.000000E+00    2.060930E-02    1.938766E-02    5.553751E-03    0.000000E+00    0.000000E+00    0.000000E+00
2.595000E-01    6.517637E-02   -2.580619E-02   -1.275191E+01    0.000000E+00    0.000000E+00    0.000000E+00    2.059524E-02    1.942687E-02    5.572924E-03    0.000000E+00    0.000000E+00    0.000000E+00
2.605000E-01    6.553138E-02   -2.559976E-02   -1.275353E+01    0.000000E+00    0.000000E+00    0.000000E+00    2.058463E-02    1.946584E-02    5.591910E-03    0.000000E+00    0.000000E+00    0.000000E+00
2.615000E-01    6.590893E-02   -2.538942E-02   -1.275515E+01    0.000000E+00    0.000000E+00    0.000000E+00    2.057536E-02    1.951042E-02    5.610538E-03    0.000000E+00    0.000000E+00    0.000000E+00
2.625000E-01    6.626679E-02   -2.519278E-02   -1.275675E+01    0.000000E+00    0.000000E+00    0.000000E+00    2.056579E-02    1.955635E-02    5.629352E-03    0.000000E+00    0.000000E+00    0.000000E+00
2.635000E-01    6.663144E-02   -2.497876E-02   -1.275836E+01    0.000000E+00    0.000000E+00    0.000000E+00    2.055671E-02    1.960155E-02    5.649997E-03    0.000000E+00    0.000000E+00    0.000000E+00
2.645000E-01    6.700784E-02   -2.475722E-02   -1.275996E+01    0.000000E+00    0.000000E+00    0.000000E+00    2.054752E-02    1.964554E-02    5.670268E-03    0.000000E+00    0.000000E+00    0.000000E+00
2.655000E-01    6.737727E-02   -2.452559E-02   -1.276157E+01    0.000000E+00    0.000000E+00    0.000000E+00    2.053651E-02    1.968940E-02    5.690034E-03    0.000000E+00    0.000000E+00    0.000000E+00
2.665000E-01    6.774668E-02   -2.427316E-02   -1.276317E+01    0.000000E+00    0.000000E+00    0.000000E+00    2.052119E-02    1.973365E-02    5.708551E-03    0.000000E+00    0.000000E+00    0.000000E+00
2.675000E-01    6.813293E-02   -2.401815E-02   -1.276477E+01    0.000000E+00    0.000000E+00    0.000000E+00    2.050550E-02    1.977940E-02    5.726696E-03    0.000000E+00    0.000000E+00    0.000000E+00
2.685000E-01    6.851814E-02   -2.377323E-02   -1.276635E+01    0.000000E+00    0.000000E+00    0.000000E+00    2.049153E-02    1.982518E-02    5.744527E-03    0.000000E+00    0.000000E+00    0.000000E+00
2.695000E-01    6.889522E-02   -2.353787E-02   -1.276793E+01    0.000000E+00    0.000000E+00    0.000000E+00    2.048404E-02    1.986423E-02    5.760915E-03    0.000000E+00    0.000000E+00    0.000000E+00
2.705000E-01    6.926947E-02   -2.331314E-02   -1.276952E+01    0.000000E+00    0.000000E+00    0.000000E+00    2.048842E-02    1.989503E-02    5.775758E-03    0.000000E+00    0.000000E+00    0.000000E+00
2.715000E-01    6.965309E-02   -2.308126E-02   -1.277111E+01    0.000000E+00    0.000000E+00    0.000000E+00    2.049332E-02    1.992953E-02    5.791904E-03    0.000000E+00    0.000000E+00    0.000000E+00
2.725000E-01    7.004460E-02   -2.285793E-02   -1.277269E+01    0.000000E+00    0.000000E+00    0.000000E+00    2.049750E-02    1.996786E-02    5.809095E-03    0.000000E+00    0.000000E+00    0.000000E+00
2.735000E-01    7.041830E-02   -2.265163E-02   -1.277427E+01    0.000000E+00    0.000000E+00    0.000000E+00    2.051276E-02    1.999392E-02    5.824290E-03    0.000000E+00    0.000000E+00    0.000000E+00
2.745000E-01    7.078260E-02   -2.246882E-02   -1.277586E+01    0.000000E+00    0.000000E+00    0.000000E+00    2.053120E-02    2.001358E-02    5.838740E-03    0.000000E+00    0.000000E+00    0.000000E+00
2.755000E-01    7.115886E-02   -2.229522E-02   -1.277744E+01    0.000000E+00    0.000000E+00    0.000000E+00    2.054994E-02    2.003591E-02    5.853257E-03    0.000000E+00    0.000000E+00    0.000000E+00
2.765000E-01    7.156774E-02   -2.214126E-02   -1.277903E+01    0.000000E+00    0.000000E+00    0.000000E+00    2.057487E-02    2.005860E-02    5.867752E-03    0.000000E+00    0.000000E+00    0.000000E+00
2.775000E-01    7.194216E-02   -2.197547E-02   -1.278061E+01    0.000000E+00    0.000000E+00    0.000000E+00    2.060414E-02    2.007683E-02    5.881029E-03    0.000000E+00    0.000000E+00    0.000000E+00
2.785000E-01    7.230637E-02   -2.182982E-02   -1.278220E+01    0.000000E+00    0.000000E+00    0.000000E+00    2.064313E-02    2.008972E-02    5.894694E-03    0.000000E+00    0.000000E+00    0.000000E+00
2.795000E-01    7.278634E-02   -2.172405E-02   -1.278379E+01    0.000000E+00    0.000000E+00    0.000000E+00    2.068680E-02    2.009819E-02    5.903546E-03    0.000000E+00    0.000000E+00    0.000000E+00
2.805000E-01    7.312378E-02   -2.160352E-02   -1.278538E+01    0.000000E+00    0.000000E+00    0.000000E+00    2.073348E-02    2.010076E-02    5.917625E-03    0.000000E+00    0.000000E+00    0.000000E+00
2.815000E-01    7.346811E-02   -2.148646E-02   -1.278696E+01    0.000000E+00    0.000000E+00    0.000000E+00    2.078439E-02    2.009770E-02    5.930573E-03    0.000000E+00    0.000000E+00    0.000000E+00
2.825000E-01    7.381169E-02   -2.137534E-02   -1.278855E+01    0.000000E+00    0.000000E+00    0.000000E+00    2.084055E-02    2.009114E-02    5.943801E-03    0.000000E+00    0.000000E+00    0.000000E+00
2.835000E-01    7.415753E-02   -2.127413E-02   -1.279014E+01    0.000000E+00    0.000000E+00    0.000000E+00    2.090704E-02    2.007908E-02    5.956451E-03    0.000000E+00    0.000000E+00    0.000000E+00
2.845000E-01    7.448257E-02   -2.116701E-02   -1.279174E+01    0.000000E+00    0.000000E+00    0.000000E+00    2.097943E-02    2.005972E-02    5.968883E-03    0.000000E+00    0.000000E+00    0.000000E+00
2.855000E-01    7.484237E-02   -2.106849E-02   -1.279334E+01    0.000000E+00    0.000000E+00    0.000000E+00    2.105044E-02    2.004823E-02    5.980282E-03    0.000000E+00    0.000000E+00    0.000000E+00
2.865000E-01    7.520028E-02   -2.100362E-02   -1.279494E+01    0.000000E+00    0.000000E+00    0.000000E+00    2.112478E-02    2.003595E-02    5.990902E-03    0.000000E+00    0.000000E+00    0.000000E+00
2.875000E-01    7.554102E-02   -2.093165E-02   -1.279653E+01    0.000000E+00    0.000000E+00    0.000000E+00    2.120387E-02    2.001861E-02    6.001268E-03    0.000000E+00    0.000000E+00    0.000000E+00
2.885000E-01    7.586820E-02   -2.088110E-02   -1.279813E+01    0.000000E+00    0.000000E+00    0.000000E+00    2.128958E-02    1.999861E-02    6.011001E-03    0.000000E+00    0.000000E+00    0.000000E+00
2.895000E-01    7.620435E-02   -2.082985E-02   -1.279972E+01    0.000000E+00    0.000000E+00    0.000000E+00    2.137922E-02    1.997376E-02    6.021696E-03    0.000000E+00    0.000000E+00    0.000000E+00
2.905000E-01    7.652274E-02   -2.079434E-02   -1.280132E+01    0.000000E+00    0.000000E+00    0.000000E+00    2.147141E-02    1.994489E-02    6.030948E-03    0.000000E+00    0.000000E+00    0.000000E+00
2.915000E-01    7.680412E-02   -2.075262E-02   -1.280291E+01    0.000000E+00    0.000000E+00    0.000000E+00    2.156419E-02    1.991368E-02    6.039895E-03    0.000000E+00    0.000000E+00    0.000000E+00
2.925000E-01    7.710517E-02   -2.075148E-02   -1.280451E+01    0.000000E+00    0.000000E+00    0.000000E+00    2.166142E-02    1.988031E-02    6.049597E-03    0.000000E+00    0.000000E+00    0.000000E+00
2.935000E-01    7.740470E-02   -2.076522E-02   -1.280611E+01    0.000000E+00    0.000000E+00    0.000000E+00    2.176502E-02    1.984438E-02    6.059066E-03    0.000000E+00    0.000000E+00    0.000000E+00
2.945000E-01    7.767754E-02   -2.078087E-02   -1.280771E+01    0.000000E+00    0.000000E+00    0.000000E+00    2.187662E-02    1.980788E-02    6.068722E-03    0.000000E+00    0.000000E+00    0.000000E+00
2.955000E-01    7.795710E-02   -2.080622E-02   -1.280932E+01    0.000000E+00    0.000000E+00    0.000000E+00    2.199295E-02    1.977060E-02    6.079638E-03    0.000000E+00    0.000000E+00    0.000000E+00
2.965000E-01    7.822165E-02   -2.085891E-02   -1.281093E+01    0.000000E+00    0.000000E+00    0.000000E+00    2.210801E-02    1.972667E-02    6.089876E-03    0.000000E+00    0.000000E+00    0.000000E+00
2.975000E-01    7.847187E-02   -2.093562E-02   -1.281254E+01    0.000000E+00    0.000000E+00    0.000000E+00    2.222608E-02    1.967767E-02    6.099464E-03    0.000000E+00    0.000000E+00    0.000000E+00
2.985000E-01    7.871862E-02   -2.102571E-02   -1.281415E+01    0.000000E+00    0.000000E+00    0.000000E+00    2.235348E-02    1.963076E-02    6.109803E-03    0.000000E+00    0.000000E+00    0.000000E+00
2.995000E-01    7.897026E-02   -2.113030E-02   -1.281577E+01    0.000000E+00    0.000000E+00    0.000000E+00    2.248735E-02    1.958360E-02    6.121160E-03    0.000000E+00    0.000000E+00    0.000000E+00
3.005000E-01    7.920669E-02   -2.124432E-02   -1.281739E+01    0.000000E+00    0.000000E+00    0.000000E+00    2.262294E-02    1.953149E-02    6.132162E-03    0.000000E+00    0.000000E+00    0.000000E+00
3.015000E-01    7.942883E-02   -2.136674E-02   -1.281901E+01    0.000000E+00    0.000000E+00    0.000000E+00    2.275977E-02    1.947526E-02    6.142899E-03    0.000000E+00    0.000000E+00    0.000000E+00
3.025000E-01    7.964240E-02   -2.149945E-02   -1.282062E+01    0.000000E+00    0.000000E+00    0.000000E+00    2.289831E-02    1.941664E-02    6.153879E-03    0.000000E+00    0.000000E+00    0.000000E+00
3.035000E-01    7.984508E-02   -2.164499E-02   -1.282224E+01    0.000000E+00    0.000000E+00    0.000000E+00    2.303756E-02    1.935677E-02    6.164815E-03    0.000000E+00    0.000000E+00    0.000000E+00
3.045000E-01    8.003112E-02   -2.178324E-02   -1.282386E+01    0.000000E+00    0.000000E+00    0.000000E+00    2.317534E-02    1.929357E-02    6.176138E-03    0.000000E+00    0.000000E+00    0.000000E+00
3.055000E-01    8.019970E-02   -2.193245E-02   -1.282549E+01    0.000000E+00    0.000000E+00    0.000000E+00    2.331458E-02    1.922504E-02    6.187307E-03    0.000000E+00    0.000000E+00    0.000000E+00
3.065000E-01    8.036019E-02   -2.209318E-02   -1.282711E+01    0.000000E+00    0.000000E+00    0.000000E+00    2.345635E-02    1.915418E-02    6.198884E-03    0.000000E+00    0.000000E+00    0.000000E+00
3.075000E-01    8.051249E-02   -2.228025E-02   -1.282874E+01    0.000000E+00    0.000000E+00    0.000000E+00    2.360253E-02    1.908265E-02    6.211235E-03    0.000000E+00    0.000000E+00    0.000000E+00
3.085000E-01    8.065387E-02   -2.247993E-02   -1.283035E+01    0.000000E+00    0.000000E+00    0.000000E+00    2.375339E-02    1.901006E-02    6.225281E-03    0.000000E+00    0.000000E+00    0.000000E+00
3.095000E-01    8.079361E-02   -2.268889E-02   -1.283188E+01    0.000000E+00    0.000000E+00    0.000000E+00    2.390088E-02    1.894290E-02    6.240457E-03    0.000000E+00    0.000000E+00    0.000000E+00
3.105000E-01    8.094634E-02   -2.291854E-02   -1.283362E+01    0.000000E+00    0.000000E+00    0.000000E+00    2.404696E-02    1.887401E-02    6.258826E-03    0.000000E+00    0.000000E+00    0.000000E+00
3.115000E-01    8.103148E-02   -2.322550E-02   -1.283539E+01    0.000000E+00    0.000000E+00    0.000000E+00    2.422288E-02    1.877788E-02    6.271694E-03    0.000000E+00    0.000000E+00    0.000000E+00
3.125000E-01    8.111656E-02   -2.353138E-02   -1.283698E+01    0.000000E+00    0.000000E+00    0.000000E+00    2.439650E-02    1.868874E-02    6.283413E-03    0.000000E+00    0.000000E+00    0.000000E+00
3.135000E-01    8.122855E-02   -2.380975E-02   -1.283860E+01    0.000000E+00    0.000000E+00    0.000000E+00    2.455871E-02    1.861271E-02    6.297806E-03    0.000000E+00    0.000000E+00    0.000000E+00
3.145000E-01    8.133165E-02   -2.409415E-02   -1.284031E+01    0.000000E+00    0.000000E+00    0.000000E+00    2.472213E-02    1.853353E-02    6.313514E-03    0.000000E+00    0.000000E+00    0.000000E+00
3.155000E-01    8.143412E-02   -2.438701E-02   -1.284200E+01    0.000000E+00    0.000000E+00    0.000000E+00    2.488465E-02    1.845044E-02    6.330218E-03    0.000000E+00    0.000000E+00    0.000000E+00
3.165000E-01    8.154490E-02   -2.467918E-02   -1.284368E+01    0.000000E+00    0.000000E+00    0.000000E+00    2.504289E-02    1.836918E-02    6.347616E-03    0.000000E+00    0.000000E+00    0.000000E+00
3.175000E-01    8.164563E-02   -2.497978E-02   -1.284536E+01    0.000000E+00    0.000000E+00    0.000000E+00    2.520166E-02    1.828917E-02    6.364706E-03    0.000000E+00    0.000000E+00    0.000000E+00
3.185000E-01    8.172213E-02   -2.529832E-02   -1.284705E+01    0.000000E+00    0.000000E+00    0.000000E+00    2.536334E-02    1.820510E-02    6.381286E-03    0.000000E+00    0.000000E+00    0.000000E+00
3.195000E-01    8.177664E-02   -2.562966E-02   -1.284874E+01    0.000000E+00    0.000000E+00    0.000000E+00    2.552709E-02    1.811477E-02    6.397325E-03    0.000000E+00    0.000000E+00    0.000000E+00
3.205000E-01    8.181235E-02   -2.597685E-02   -1.285043E+01    0.000000E+00    0.000000E+00    0.000000E+00    2.569412E-02    1.801876E-02    6.412439E-03    0.000000E+00    0.000000E+00    0.000000E+00
3.215000E-01    8.182008E-02   -2.633551E-02   -1.285212E+01    0.000000E+00    0.000000E+00    0.000000E+00    2.586434E-02    1.791567E-02    6.426713E-03    0.000000E+00    0.000000E+00    0.000000E+00
3.225000E-01    8.180747E-02   -2.671116E-02   -1.285382E+01    0.000000E+00    0.000000E+00    0.000000E+00    2.603685E-02    1.780524E-02    6.439540E-03    0.000000E+00    0.000000E+00    0.000000E+00
3.235000E-01    8.178093E-02   -2.709857E-02   -1.285552E+01    0.000000E+00    0.000000E+00    0.000000E+00    2.621124E-02    1.769019E-02    6.451621E-03    0.000000E+00    0.000000E+00    0.000000E+00
3.245000E-01    8.176170E-02   -2.750991E-02   -1.285723E+01    0.000000E+00    0.000000E+00    0.000000E+00    2.638795E-02    1.757266E-02    6.461821E-03    0.000000E+00    0.000000E+00    0.000000E+00
3.255000E-01    8.183778E-02   -2.794864E-02   -1.285895E+01    0.000000E+00    0.000000E+00    0.000000E+00    2.656814E-02    1.744967E-02    6.467966E-03    0.000000E+00    0.000000E+00    0.000000E+00
3.265000E-01    8.178990E-02   -2.837918E-02   -1.286066E+01    0.000000E+00    0.000000E+00    0.000000E+00    2.674739E-02    1.732722E-02    6.479523E-03    0.000000E+00    0.000000E+00    0.000000E+00
3.275000E-01    8.157500E-02   -2.871597E-02   -1.286239E+01    0.000000E+00    0.000000E+00    0.000000E+00    2.692724E-02    1.719892E-02    6.495771E-03    0.000000E+00    0.000000E+00    0.000000E+00
3.285000E-01    8.146115E-02   -2.917321E-02   -1.286410E+01    0.000000E+00    0.000000E+00    0.000000E+00    2.711371E-02    1.705601E-02    6.502476E-03    0.000000E+00    0.000000E+00    0.000000E+00
3.295000E-01    8.133314E-02   -2.963723E-02   -1.286582E+01    0.000000E+00    0.000000E+00    0.000000E+00    2.730097E-02    1.690795E-02    6.509524E-03    0.000000E+00    0.000000E+00    0.000000E+00
3.305000E-01    8.123219E-02   -3.011643E-02   -1.286755E+01    0.000000E+00    0.000000E+00    0.000000E+00    2.748667E-02    1.676245E-02    6.516111E-03    0.000000E+00    0.000000E+00    0.000000E+00
3.315000E-01    8.114713E-02   -3.062747E-02   -1.286928E+01    0.000000E+00    0.000000E+00    0.000000E+00    2.767488E-02    1.661839E-02    6.525270E-03    0.000000E+00    0.000000E+00    0.000000E+00
3.325000E-01    8.094001E-02   -3.108477E-02   -1.287103E+01    0.000000E+00    0.000000E+00    0.000000E+00    2.786803E-02    1.647675E-02    6.536175E-03    0.000000E+00    0.000000E+00    0.000000E+00
3.335000E-01    8.081174E-02   -3.159179E-02   -1.287278E+01    0.000000E+00    0.000000E+00    0.000000E+00    2.806434E-02    1.633750E-02    6.544103E-03    0.000000E+00    0.000000E+00    0.000000E+00
3.345000E-01    8.067268E-02   -3.211135E-02   -1.287453E+01    0.000000E+00    0.000000E+00    0.000000E+00    2.825645E-02    1.619603E-02    6.552906E-03    0.000000E+00    0.000000E+00    0.000000E+00
3.355000E-01    8.051396E-02   -3.264427E-02   -1.287629E+01    0.000000E+00    0.000000E+00    0.000000E+00    2.844369E-02    1.605073E-02    6.560157E-03    0.000000E+00    0.000000E+00    0.000000E+00
3.365000E-01    8.031444E-02   -3.319566E-02   -1.287804E+01    0.000000E+00    0.000000E+00    0.000000E+00    2.863147E-02    1.589340E-02    6.564840E-03    0.000000E+00    0.000000E+00    0.000000E+00
3.375000E-01    8.007376E-02   -3.376211E-02   -1.287979E+01    0.000000E+00    0.000000E+00    0.000000E+00    2.882271E-02    1.572023E-02    6.566872E-03    0.000000E+00    0.000000E+00    0.000000E+00
3.385000E-01    7.979791E-02   -3.433855E-02   -1.288154E+01    0.000000E+00    0.000000E+00    0.000000E+00    2.901609E-02    1.554227E-02    6.570615E-03    0.000000E+00    0.000000E+00    0.000000E+00
3.395000E-01    7.953660E-02   -3.493003E-02   -1.288330E+01    0.000000E+00    0.000000E+00    0.000000E+00    2.921051E-02    1.536286E-02    6.573854E-03    0.000000E+00    0.000000E+00    0.000000E+00
3.405000E-01    7.925796E-02   -3.552919E-02   -1.288505E+01    0.000000E+00    0.000000E+00    0.000000E+00    2.940450E-02    1.517857E-02    6.577500E-03    0.000000E+00    0.000000E+00    0.000000E+00
3.415000E-01    7.895799E-02   -3.613004E-02   -1.288681E+01    0.000000E+00    0.000000E+00    0.000000E+00    2.959485E-02    1.498896E-02    6.580597E-03    0.000000E+00    0.000000E+00    0.000000E+00
3.425000E-01    7.864112E-02   -3.674487E-02   -1.288856E+01    0.000000E+00    0.000000E+00    0.000000E+00    2.978251E-02    1.479560E-02    6.582462E-03    0.000000E+00    0.000000E+00    0.000000E+00
3.435000E-01    7.830849E-02   -3.735312E-02   -1.289031E+01    0.000000E+00    0.000000E+00    0.000000E+00    2.996769E-02    1.459989E-02    6.585282E-03    0.000000E+00    0.000000E+00    0.000000E+00
3.445000E-01    7.796173E-02   -3.796729E-02   -1.289206E+01    0.000000E+00    0.000000E+00    0.000000E+00    3.015066E-02    1.440281E-02    6.587906E-03    0.000000E+00    0.000000E+00    0.000000E+00
3.455000E-01    7.759210E-02   -3.859397E-02   -1.289381E+01    0.000000E+00    0.000000E+00    0.000000E+00    3.033402E-02    1.419981E-02    6.590149E-03    0.000000E+00    0.000000E+00    0.000000E+00
3.465000E-01    7.720276E-02   -3.923179E-02   -1.289555E+01    0.000000E+00    0.000000E+00    0.000000E+00    3.051775E-02    1.399092E-02    6.592444E-03    0.000000E+00    0.000000E+00    0.000000E+00
3.475000E-01    7.679933E-02   -3.987366E-02   -1.289730E+01    0.000000E+00    0.000000E+00    0.000000E+00    3.069997E-02    1.377880E-02    6.594949E-03    0.000000E+00    0.000000E+00    0.000000E+00
3.485000E-01    7.637925E-02   -4.052202E-02   -1.289904E+01    0.000000E+00    0.000000E+00    0.000000E+00    3.088153E-02    1.356293E-02    6.597086E-03    0.000000E+00    0.000000E+00    0.000000E+00
3.495000E-01    7.594022E-02   -4.117661E-02   -1.290079E+01    0.000000E+00    0.000000E+00    0.000000E+00    3.106203E-02    1.334310E-02    6.599378E-03    0.000000E+00    0.000000E+00    0.000000E+00
3.505000E-01    7.547522E-02   -4.183318E-02   -1.290252E+01    0.000000E+00    0.000000E+00    0.000000E+00    3.124173E-02    1.311872E-02    6.601051E-03    0.000000E+00    0.000000E+00    0.000000E+00
3.515000E-01    7.499613E-02   -4.250389E-02   -1.290426E+01    0.000000E+00    0.000000E+00    0.000000E+00    3.142175E-02    1.288919E-02    6.602889E-03    0.000000E+00    0.000000E+00    0.000000E+00
3.525000E-01    7.449676E-02   -4.318169E-02   -1.290599E+01    0.000000E+00    0.000000E+00    0.000000E+00    3.160129E-02    1.265506E-02    6.604489E-03    0.000000E+00    0.000000E+00    0.000000E+00
3.535000E-01    7.398093E-02   -4.386543E-02   -1.290772E+01    0.000000E+00    0.000000E+00    0.000000E+00    3.178007E-02    1.241704E-02    6.605663E-03    0.000000E+00    0.000000E+00    0.000000E+00
3.545000E-01    7.344228E-02   -4.454826E-02   -1.290944E+01    0.000000E+00    0.000000E+00    0.000000E+00    3.195662E-02    1.217413E-02    6.606867E-03    0.000000E+00    0.000000E+00    0.000000E+00
3.555000E-01    7.289094E-02   -4.523758E-02   -1.291116E+01    0.000000E+00    0.000000E+00    0.000000E+00    3.213154E-02    1.192847E-02    6.607383E-03    0.000000E+00    0.000000E+00    0.000000E+00
3.565000E-01    7.232650E-02   -4.593215E-02   -1.291288E+01    0.000000E+00    0.000000E+00    0.000000E+00    3.230567E-02    1.168102E-02    6.607640E-03    0.000000E+00    0.000000E+00    0.000000E+00
3.575000E-01    7.174835E-02   -4.663253E-02   -1.291459E+01    0.000000E+00    0.000000E+00    0.000000E+00    3.247924E-02    1.143130E-02    6.607732E-03    0.000000E+00    0.000000E+00    0.000000E+00
3.585000E-01    7.115539E-02   -4.733710E-02   -1.291630E+01    0.000000E+00    0.000000E+00    0.000000E+00    3.265171E-02    1.117877E-02    6.607495E-03    0.000000E+00    0.000000E+00    0.000000E+00
3.595000E-01    7.054878E-02   -4.804301E-02   -1.291800E+01    0.000000E+00    0.000000E+00    0.000000E+00    3.282244E-02    1.092462E-02    6.606845E-03    0.000000E+00    0.000000E+00    0.000000E+00
3.605000E-01    6.993232E-02   -4.874371E-02   -1.291970E+01    0.000000E+00    0.000000E+00    0.000000E+00    3.298904E-02    1.067030E-02    6.606291E-03    0.000000E+00    0.000000E+00    0.000000E+00
3.615000E-01    6.932569E-02   -4.944572E-02   -1.292139E+01    0.000000E+00    0.000000E+00    0.000000E+00    3.315441E-02    1.041649E-02    6.607383E-03    0.000000E+00    0.000000E+00    0.000000E+00
3.625000E-01    6.867980E-02   -5.014377E-02   -1.292308E+01    0.000000E+00    0.000000E+00    0.000000E+00    3.331900E-02    1.016038E-02    6.606620E-03    0.000000E+00    0.000000E+00    0.000000E+00
3.635000E-01    6.801774E-02   -5.083657E-02   -1.292477E+01    0.000000E+00    0.000000E+00    0.000000E+00    3.347918E-02    9.901166E-03    6.605305E-03    0.000000E+00    0.000000E+00    0.000000E+00
3.645000E-01    6.734313E-02   -5.152489E-02   -1.292645E+01    0.000000E+00    0.000000E+00    0.000000E+00    3.363549E-02    9.641926E-03    6.603378E-03    0.000000E+00    0.000000E+00    0.000000E+00
3.655000E-01    6.665821E-02   -5.221213E-02   -1.292812E+01    0.000000E+00    0.000000E+00    0.000000E+00    3.378927E-02    9.385411E-03    6.600694E-03    0.000000E+00    0.000000E+00    0.000000E+00
3.665000E-01    6.595982E-02   -5.289515E-02   -1.292979E+01    0.000000E+00    0.000000E+00    0.000000E+00    3.394013E-02    9.128218E-03    6.597355E-03    0.000000E+00    0.000000E+00    0.000000E+00
3.675000E-01    6.524703E-02   -5.357318E-02   -1.293146E+01    0.000000E+00    0.000000E+00    0.000000E+00    3.408786E-02    8.868530E-03    6.593678E-03    0.000000E+00    0.000000E+00    0.000000E+00
3.685000E-01    6.452030E-02   -5.424523E-02   -1.293312E+01    0.000000E+00    0.000000E+00    0.000000E+00    3.423210E-02    8.607446E-03    6.589669E-03    0.000000E+00    0.000000E+00    0.000000E+00
3.695000E-01    6.377807E-02   -5.491687E-02   -1.293477E+01    0.000000E+00    0.000000E+00    0.000000E+00    3.437290E-02    8.346928E-03    6.584588E-03    0.000000E+00    0.000000E+00    0.000000E+00
3.705000E-01    6.302165E-02   -5.557250E-02   -1.293641E+01    0.000000E+00    0.000000E+00    0.000000E+00    3.450921E-02    8.087212E-03    6.578914E-03    0.000000E+00    0.000000E+00    0.000000E+00
3.715000E-01    6.225690E-02   -5.622038E-02   -1.293805E+01    0.000000E+00    0.000000E+00    0.000000E+00    3.464177E-02    7.827145E-03    6.572884E-03    0.000000E+00    0.000000E+00    0.000000E+00
3.725000E-01    6.148156E-02   -5.686090E-02   -1.293969E+01    0.000000E+00    0.000000E+00    0.000000E+00    3.477028E-02    7.567409E-03    6.566500E-03    0.000000E+00    0.000000E+00    0.000000E+00
3.735000E-01    6.070173E-02   -5.749487E-02   -1.294131E+01    0.000000E+00    0.000000E+00    0.000000E+00    3.489615E-02    7.310996E-03    6.560255E-03    0.000000E+00    0.000000E+00    0.000000E+00
3.745000E-01    5.990638E-02   -5.812241E-02   -1.294293E+01    0.000000E+00    0.000000E+00    0.000000E+00    3.501937E-02    7.053999E-03    6.552753E-03    0.000000E+00    0.000000E+00    0.000000E+00
3.755000E-01    5.909977E-02   -5.873980E-02   -1.294454E+01    0.000000E+00    0.000000E+00    0.000000E+00    3.513677E-02    6.796704E-03    6.544446E-03    0.000000E+00    0.000000E+00    0.000000E+00
3.765000E-01    5.859711E-02   -5.940838E-02   -1.294617E+01    0.000000E+00    0.000000E+00    0.000000E+00    3.525356E-02    6.545141E-03    6.526007E-03    0.000000E+00    0.000000E+00    0.000000E+00
3.775000E-01    5.777681E-02   -6.001618E-02   -1.294776E+01    0.000000E+00    0.000000E+00    0.000000E+00    3.536886E-02    6.296858E-03    6.516500E-03    0.000000E+00    0.000000E+00    0.000000E+00
3.785000E-01    5.694283E-02   -6.060003E-02   -1.294935E+01    0.000000E+00    0.000000E+00    0.000000E+00    3.547579E-02    6.050269E-03    6.506544E-03    0.000000E+00    0.000000E+00    0.000000E+00
3.795000E-01    5.610319E-02   -6.117493E-02   -1.295093E+01    0.000000E+00    0.000000E+00    0.000000E+00    3.557805E-02    5.807568E-03    6.495569E-03    0.000000E+00    0.000000E+00    0.000000E+00
3.805000E-01    5.526413E-02   -6.174471E-02   -1.295249E+01    0.000000E+00    0.000000E+00    0.000000E+00    3.567820E-02    5.571601E-03    6.483188E-03    0.000000E+00    0.000000E+00    0.000000E+00
3.815000E-01    5.439927E-02   -6.231869E-02   -1.295405E+01    0.000000E+00    0.000000E+00    0.000000E+00    3.577569E-02    5.338757E-03    6.471595E-03    0.000000E+00    0.000000E+00    0.000000E+00
3.825000E-01    5.354199E-02   -6.286514E-02   -1.295559E+01    0.000000E+00    0.000000E+00    0.000000E+00    3.586771E-02    5.109948E-03    6.457938E-03    0.000000E+00    0.000000E+00    0.000000E+00
3.835000E-01    5.267645E-02   -6.339666E-02   -1.295713E+01    0.000000E+00    0.000000E+00    0.000000E+00    3.595434E-02    4.882862E-03    6.443401E-03    0.000000E+00    0.000000E+00    0.000000E+00
3.845000E-01    5.178110E-02   -6.391317E-02   -1.295865E+01    0.000000E+00    0.000000E+00    0.000000E+00    3.603594E-02    4.645792E-03    6.428093E-03    0.000000E+00    0.000000E+00    0.000000E+00
3.855000E-01    5.089564E-02   -6.442072E-02   -1.296016E+01    0.000000E+00    0.000000E+00    0.000000E+00    3.611393E-02    4.415222E-03    6.412524E-03    0.000000E+00    0.000000E+00    0.000000E+00
3.865000E-01    5.002349E-02   -6.491838E-02   -1.296166E+01    0.000000E+00    0.000000E+00    0.000000E+00    3.618906E-02    4.200162E-03    6.396263E-03    0.000000E+00    0.000000E+00    0.000000E+00
3.875000E-01    4.915377E-02   -6.539614E-02   -1.296316E+01    0.000000E+00    0.000000E+00    0.000000E+00    3.625927E-02    3.996218E-03    6.379591E-03    0.000000E+00    0.000000E+00    0.000000E+00
3.885000E-01    4.827407E-02   -6.585727E-02   -1.296464E+01    0.000000E+00    0.000000E+00    0.000000E+00    3.632354E-02    3.796756E-03    6.362746E-03    0.000000E+00    0.000000E+00    0.000000E+00
3.895000E-01    4.739961E-02   -6.630105E-02   -1.296611E+01    0.000000E+00    0.000000E+00    0.000000E+00    3.638286E-02    3.602540E-03    6.346310E-03    0.000000E+00    0.000000E+00    0.000000E+00
3.905000E-01    4.653412E-02   -6.672953E-02   -1.296757E+01    0.000000E+00    0.000000E+00    0.000000E+00    3.643648E-02    3.418765E-03    6.330428E-03    0.000000E+00    0.000000E+00    0.000000E+00
3.915000E-01    4.567224E-02   -6.714285E-02   -1.296902E+01    0.000000E+00    0.000000E+00    0.000000E+00    3.648420E-02    3.244940E-03    6.314411E-03    0.000000E+00    0.000000E+00    0.000000E+00
3.925000E-01    4.480826E-02   -6.754459E-02   -1.297046E+01    0.000000E+00    0.000000E+00    0.000000E+00    3.652793E-02    3.077327E-03    6.297948E-03    0.000000E+00    0.000000E+00    0.000000E+00
3.935000E-01    4.394226E-02   -6.793669E-02   -1.297189E+01    0.000000E+00    0.000000E+00    0.000000E+00    3.656775E-02    2.915881E-03    6.281375E-03    0.000000E+00    0.000000E+00    0.000000E+00
3.945000E-01    4.307291E-02   -6.832045E-02   -1.297331E+01    0.000000E+00    0.000000E+00    0.000000E+00    3.660476E-02    2.759205E-03    6.264720E-03    0.000000E+00    0.000000E+00    0.000000E+00
3.955000E-01    4.222512E-02   -6.867575E-02   -1.297472E+01    0.000000E+00    0.000000E+00    0.000000E+00    3.664047E-02    2.604843E-03    6.249832E-03    0.000000E+00    0.000000E+00    0.000000E+00
3.965000E-01    4.135969E-02   -6.903275E-02   -1.297612E+01    0.000000E+00    0.000000E+00    0.000000E+00    3.667484E-02    2.454086E-03    6.233388E-03    0.000000E+00    0.000000E+00    0.000000E+00
3.975000E-01    4.050369E-02   -6.937401E-02   -1.297750E+01    0.000000E+00    0.000000E+00    0.000000E+00    3.670585E-02    2.312931E-03    6.217156E-03    0.000000E+00    0.000000E+00    0.000000E+00
3.985000E-01    3.966904E-02   -6.970721E-02   -1.297888E+01    0.000000E+00    0.000000E+00    0.000000E+00    3.673559E-02    2.182413E-03    6.200427E-03    0.000000E+00    0.000000E+00    0.000000E+00
3.995000E-01    3.886404E-02   -7.003784E-02   -1.298025E+01    0.000000E+00    0.000000E+00    0.000000E+00    3.676577E-02    2.066588E-03    6.182285E-03    0.000000E+00    0.000000E+00    0.000000E+00
4.005000E-01    3.804798E-02   -7.033825E-02   -1.298160E+01    0.000000E+00    0.000000E+00    0.000000E+00    3.678981E-02    1.948832E-03    6.167733E-03    0.000000E+00    0.000000E+00    0.000000E+00
4.015000E-01    3.726921E-02   -7.058863E-02   -1.298294E+01    0.000000E+00    0.000000E+00    0.000000E+00    3.680441E-02    1.838990E-03    6.153766E-03    0.000000E+00    0.000000E+00    0.000000E+00
4.025000E-01    3.650617E-02   -7.084870E-02   -1.298428E+01    0.000000E+00    0.000000E+00    0.000000E+00    3.681645E-02    1.747361E-03    6.139364E-03    0.000000E+00    0.000000E+00    0.000000E+00
4.035000E-01    3.572682E-02   -7.109889E-02   -1.298560E+01    0.000000E+00    0.000000E+00    0.000000E+00    3.682726E-02    1.645314E-03    6.122830E-03    0.000000E+00    0.000000E+00    0.000000E+00
4.045000E-01    3.495007E-02   -7.133018E-02   -1.298690E+01    0.000000E+00    0.000000E+00    0.000000E+00    3.683429E-02    1.542386E-03    6.106294E-03    0.000000E+00    0.000000E+00    0.000000E+00
4.055000E-01    3.421579E-02   -7.154326E-02   -1.298820E+01    0.000000E+00    0.000000E+00    0.000000E+00    3.683382E-02    1.458827E-03    6.090260E-03    0.000000E+00    0.000000E+00    0.000000E+00
4.065000E-01    3.351451E-02   -7.174579E-02   -1.298950E+01    0.000000E+00    0.000000E+00    0.000000E+00    3.682629E-02    1.390418E-03    6.074353E-03    0.000000E+00    0.000000E+00    0.000000E+00
4.075000E-01    3.283592E-02   -7.193727E-02   -1.299078E+01    0.000000E+00    0.000000E+00    0.000000E+00    3.681646E-02    1.330915E-03    6.058456E-03    0.000000E+00    0.000000E+00    0.000000E+00
4.085000E-01    3.218702E-02   -7.211443E-02   -1.299206E+01    0.000000E+00    0.000000E+00    0.000000E+00    3.680516E-02    1.283029E-03    6.042670E-03    0.000000E+00    0.000000E+00    0.000000E+00
4.095000E-01    3.157043E-02   -7.227287E-02   -1.299332E+01    0.000000E+00    0.000000E+00    0.000000E+00    3.678975E-02    1.247794E-03    6.027183E-03    0.000000E+00    0.000000E+00    0.000000E+00
4.105000E-01    3.098258E-02   -7.241013E-02   -1.299458E+01    0.000000E+00    0.000000E+00    0.000000E+00    3.676922E-02    1.223780E-03    6.012016E-03    0.000000E+00    0.000000E+00    0.000000E+00
4.115000E-01    3.042170E-02   -7.252787E-02   -1.299582E+01    0.000000E+00    0.000000E+00    0.000000E+00    3.674464E-02    1.209954E-03    5.996879E-03    0.000000E+00    0.000000E+00    0.000000E+00
4.125000E-01    2.988689E-02   -7.262519E-02   -1.299706E+01    0.000000E+00    0.000000E+00    0.000000E+00    3.671567E-02    1.205522E-03    5.981637E-03    0.000000E+00    0.000000E+00    0.000000E+00
4.135000E-01    2.937826E-02   -7.270001E-02   -1.299828E+01    0.000000E+00    0.000000E+00    0.000000E+00    3.668172E-02    1.209949E-03    5.966447E-03    0.000000E+00    0.000000E+00    0.000000E+00
4.145000E-01    2.889719E-02   -7.275830E-02   -1.299950E+01    0.000000E+00    0.000000E+00    0.000000E+00    3.664476E-02    1.225605E-03    5.951190E-03    0.000000E+00    0.000000E+00    0.000000E+00
4.155000E-01    2.843943E-02   -7.279905E-02   -1.300070E+01    0.000000E+00    0.000000E+00    0.000000E+00    3.660514E-02    1.252429E-03    5.935930E-03    0.000000E+00    0.000000E+00    0.000000E+00
4.165000E-01    2.800442E-02   -7.281826E-02   -1.300190E+01    0.000000E+00    0.000000E+00    0.000000E+00    3.656154E-02    1.285966E-03    5.920722E-03    0.000000E+00    0.000000E+00    0.000000E+00
4.175000E-01    2.758706E-02   -7.281265E-02   -1.300309E+01    0.000000E+00    0.000000E+00    0.000000E+00    3.651096E-02    1.324266E-03    5.906093E-03    0.000000E+00    0.000000E+00    0.000000E+00
4.185000E-01    2.720065E-02   -7.278286E-02   -1.300426E+01    0.000000E+00    0.000000E+00    0.000000E+00    3.645527E-02    1.368886E-03    5.892275E-03    0.000000E+00    0.000000E+00    0.000000E+00
4.195000E-01    2.684188E-02   -7.274673E-02   -1.300542E+01    0.000000E+00    0.000000E+00    0.000000E+00    3.640119E-02    1.422275E-03    5.877885E-03    0.000000E+00    0.000000E+00    0.000000E+00
4.205000E-01    2.650869E-02   -7.270012E-02   -1.300658E+01    0.000000E+00    0.000000E+00    0.000000E+00    3.634726E-02    1.483454E-03    5.863008E-03    0.000000E+00    0.000000E+00    0.000000E+00
4.215000E-01    2.620020E-02   -7.263460E-02   -1.300772E+01    0.000000E+00    0.000000E+00    0.000000E+00    3.629053E-02    1.551106E-03    5.847926E-03    0.000000E+00    0.000000E+00    0.000000E+00
4.225000E-01    2.592059E-02   -7.255664E-02   -1.300885E+01    0.000000E+00    0.000000E+00    0.000000E+00    3.623221E-02    1.625424E-03    5.832621E-03    0.000000E+00    0.000000E+00    0.000000E+00
4.235000E-01    2.563688E-02   -7.248801E-02   -1.300997E+01    0.000000E+00    0.000000E+00    0.000000E+00    3.617538E-02    1.707343E-03    5.814191E-03    0.000000E+00    0.000000E+00    0.000000E+00
4.245000E-01    2.541095E-02   -7.239616E-02   -1.301108E+01    0.000000E+00    0.000000E+00    0.000000E+00    3.612016E-02    1.799524E-03    5.796810E-03    0.000000E+00    0.000000E+00    0.000000E+00
4.255000E-01    2.521193E-02   -7.228662E-02   -1.301218E+01    0.000000E+00    0.000000E+00    0.000000E+00    3.606240E-02    1.899970E-03    5.779967E-03    0.000000E+00    0.000000E+00    0.000000E+00
4.265000E-01    2.504128E-02   -7.215636E-02   -1.301327E+01    0.000000E+00    0.000000E+00    0.000000E+00    3.600019E-02    2.009245E-03    5.764240E-03    0.000000E+00    0.000000E+00    0.000000E+00
4.275000E-01    2.489939E-02   -7.201167E-02   -1.301434E+01    0.000000E+00    0.000000E+00    0.000000E+00    3.593538E-02    2.127118E-03    5.748923E-03    0.000000E+00    0.000000E+00    0.000000E+00
4.285000E-01    2.478429E-02   -7.187109E-02   -1.301541E+01    0.000000E+00    0.000000E+00    0.000000E+00    3.587538E-02    2.253003E-03    5.731978E-03    0.000000E+00    0.000000E+00    0.000000E+00
4.295000E-01    2.469522E-02   -7.172861E-02   -1.301647E+01    0.000000E+00    0.000000E+00    0.000000E+00    3.581789E-02    2.386727E-03    5.714032E-03    0.000000E+00    0.000000E+00    0.000000E+00
4.305000E-01    2.463141E-02   -7.157390E-02   -1.301751E+01    0.000000E+00    0.000000E+00    0.000000E+00    3.575888E-02    2.528512E-03    5.696189E-03    0.000000E+00    0.000000E+00    0.000000E+00
4.315000E-01    2.459342E-02   -7.140888E-02   -1.301855E+01    0.000000E+00    0.000000E+00    0.000000E+00    3.569895E-02    2.678497E-03    5.678261E-03    0.000000E+00    0.000000E+00    0.000000E+00
4.325000E-01    2.458209E-02   -7.124540E-02   -1.301957E+01    0.000000E+00    0.000000E+00    0.000000E+00    3.564285E-02    2.836880E-03    5.658858E-03    0.000000E+00    0.000000E+00    0.000000E+00
4.335000E-01    2.459662E-02   -7.108974E-02   -1.302059E+01    0.000000E+00    0.000000E+00    0.000000E+00    3.559166E-02    3.002916E-03    5.637656E-03    0.000000E+00    0.000000E+00    0.000000E+00
4.345000E-01    2.463521E-02   -7.092623E-02   -1.302159E+01    0.000000E+00    0.000000E+00    0.000000E+00    3.554108E-02    3.176675E-03    5.615793E-03    0.000000E+00    0.000000E+00    0.000000E+00
4.355000E-01    2.469821E-02   -7.075683E-02   -1.302258E+01    0.000000E+00    0.000000E+00    0.000000E+00    3.549129E-02    3.358177E-03    5.593877E-03    0.000000E+00    0.000000E+00    0.000000E+00
4.365000E-01    2.462165E-02   -7.049147E-02   -1.302357E+01    0.000000E+00    0.000000E+00    0.000000E+00    3.539607E-02    3.468777E-03    5.611074E-03    0.000000E+00    0.000000E+00    0.000000E+00
4.375000E-01    2.472625E-02   -7.032635E-02   -1.302454E+01    0.000000E+00    0.000000E+00    0.000000E+00    3.534900E-02    3.663215E-03    5.587949E-03    0.000000E+00    0.000000E+00    0.000000E+00
4.385000E-01    2.483705E-02   -7.016479E-02   -1.302550E+01    0.000000E+00    0.000000E+00    0.000000E+00    3.531545E-02    3.852596E-03    5.565038E-03    0.000000E+00    0.000000E+00    0.000000E+00
4.395000E-01    2.495181E-02   -7.001626E-02   -1.302644E+01    0.000000E+00    0.000000E+00    0.000000E+00    3.529677E-02    4.035602E-03    5.541768E-03    0.000000E+00    0.000000E+00    0.000000E+00
4.405000E-01    2.510062E-02   -6.985346E-02   -1.302738E+01    0.000000E+00    0.000000E+00    0.000000E+00    3.527635E-02    4.228819E-03    5.518064E-03    0.000000E+00    0.000000E+00    0.000000E+00
4.415000E-01    2.527606E-02   -6.968202E-02   -1.302832E+01    0.000000E+00    0.000000E+00    0.000000E+00    3.525501E-02    4.432426E-03    5.493679E-03    0.000000E+00    0.000000E+00    0.000000E+00
4.425000E-01    2.547637E-02   -6.951478E-02   -1.302924E+01    0.000000E+00    0.000000E+00    0.000000E+00    3.523857E-02    4.641532E-03    5.469028E-03    0.000000E+00    0.000000E+00    0.000000E+00
4.435000E-01    2.569683E-02   -6.934642E-02   -1.303016E+01    0.000000E+00    0.000000E+00    0.000000E+00    3.522580E-02    4.856137E-03    5.444128E-03    0.000000E+00    0.000000E+00    0.000000E+00
4.445000E-01    2.593927E-02   -6.916803E-02   -1.303106E+01    0.000000E+00    0.000000E+00    0.000000E+00    3.521411E-02    5.077157E-03    5.418937E-03    0.000000E+00    0.000000E+00    0.000000E+00
4.455000E-01    2.620501E-02   -6.896758E-02   -1.303196E+01    0.000000E+00    0.000000E+00    0.000000E+00    3.519424E-02    5.303458E-03    5.394386E-03    0.000000E+00    0.000000E+00    0.000000E+00
4.465000E-01    2.647983E-02   -6.876898E-02   -1.303285E+01    0.000000E+00    0.000000E+00    0.000000E+00    3.517037E-02    5.533662E-03    5.369001E-03    0.000000E+00    0.000000E+00    0.000000E+00
4.475000E-01    2.676929E-02   -6.858347E-02   -1.303373E+01    0.000000E+00    0.000000E+00    0.000000E+00    3.515339E-02    5.767604E-03    5.343360E-03    0.000000E+00    0.000000E+00    0.000000E+00
4.485000E-01    2.706417E-02   -6.836239E-02   -1.303460E+01    0.000000E+00    0.000000E+00    0.000000E+00    3.514086E-02    6.004570E-03    5.320061E-03    0.000000E+00    0.000000E+00    0.000000E+00
4.495000E-01    2.737575E-02   -6.818613E-02   -1.303547E+01    0.000000E+00    0.000000E+00    0.000000E+00    3.513262E-02    6.243012E-03    5.293566E-03    0.000000E+00    0.000000E+00    0.000000E+00
4.505000E-01    2.770290E-02   -6.801105E-02   -1.303633E+01    0.000000E+00    0.000000E+00    0.000000E+00    3.512598E-02    6.485117E-03    5.267215E-03    0.000000E+00    0.000000E+00    0.000000E+00
4.515000E-01    2.804689E-02   -6.784118E-02   -1.303718E+01    0.000000E+00    0.000000E+00    0.000000E+00    3.512145E-02    6.731775E-03    5.241433E-03    0.000000E+00    0.000000E+00    0.000000E+00
4.525000E-01    2.840159E-02   -6.768033E-02   -1.303802E+01    0.000000E+00    0.000000E+00    0.000000E+00    3.512076E-02    6.980733E-03    5.216094E-03    0.000000E+00    0.000000E+00    0.000000E+00
4.535000E-01    2.876600E-02   -6.752764E-02   -1.303886E+01    0.000000E+00    0.000000E+00    0.000000E+00    3.512473E-02    7.231192E-03    5.191096E-03    0.000000E+00    0.000000E+00    0.000000E+00
4.545000E-01    2.916811E-02   -6.737617E-02   -1.303969E+01    0.000000E+00    0.000000E+00    0.000000E+00    3.513277E-02    7.483712E-03    5.168157E-03    0.000000E+00    0.000000E+00    0.000000E+00
4.555000E-01    2.955040E-02   -6.723561E-02   -1.304051E+01    0.000000E+00    0.000000E+00    0.000000E+00    3.514500E-02    7.735723E-03    5.143557E-03    0.000000E+00    0.000000E+00    0.000000E+00
4.565000E-01    2.994086E-02   -6.710105E-02   -1.304133E+01    0.000000E+00    0.000000E+00    0.000000E+00    3.516176E-02    7.988559E-03    5.119247E-03    0.000000E+00    0.000000E+00    0.000000E+00
4.575000E-01    3.034229E-02   -6.697314E-02   -1.304213E+01    0.000000E+00    0.000000E+00    0.000000E+00    3.518223E-02    8.242806E-03    5.095055E-03    0.000000E+00    0.000000E+00    0.000000E+00
4.585000E-01    3.075371E-02   -6.685256E-02   -1.304294E+01    0.000000E+00    0.000000E+00    0.000000E+00    3.520677E-02    8.497577E-03    5.070940E-03    0.000000E+00    0.000000E+00    0.000000E+00
4.595000E-01    3.116897E-02   -6.673903E-02   -1.304373E+01    0.000000E+00    0.000000E+00    0.000000E+00    3.523588E-02    8.751799E-03    5.046942E-03    0.000000E+00    0.000000E+00    0.000000E+00
4.605000E-01    3.162227E-02   -6.663716E-02   -1.304452E+01    0.000000E+00    0.000000E+00    0.000000E+00    3.526888E-02    9.006341E-03    5.021120E-03    0.000000E+00    0.000000E+00    0.000000E+00
4.615000E-01    3.205243E-02   -6.653957E-02   -1.304530E+01    0.000000E+00    0.000000E+00    0.000000E+00    3.530672E-02    9.259790E-03    4.997701E-03    0.000000E+00    0.000000E+00    0.000000E+00
4.625000E-01    3.243126E-02   -6.644351E-02   -1.304608E+01    0.000000E+00    0.000000E+00    0.000000E+00    3.535164E-02    9.509180E-03    4.970716E-03    0.000000E+00    0.000000E+00    0.000000E+00
4.635000E-01    3.287518E-02   -6.636311E-02   -1.304684E+01    0.000000E+00    0.000000E+00    0.000000E+00    3.540233E-02    9.757862E-03    4.947471E-03    0.000000E+00    0.000000E+00    0.000000E+00
4.645000E-01    3.332950E-02   -6.628842E-02   -1.304760E+01    0.000000E+00    0.000000E+00    0.000000E+00    3.545644E-02    1.000715E-02    4.924358E-03    0.000000E+00    0.000000E+00    0.000000E+00
4.655000E-01    3.377793E-02   -6.623809E-02   -1.304835E+01    0.000000E+00    0.000000E+00    0.000000E+00    3.552507E-02    1.024657E-02    4.901631E-03    0.000000E+00    0.000000E+00    0.000000E+00
4.665000E-01    3.422817E-02   -6.620245E-02   -1.304910E+01    0.000000E+00    0.000000E+00    0.000000E+00    3.560312E-02    1.048108E-02    4.879104E-03    0.000000E+00    0.000000E+00    0.000000E+00
4.675000E-01    3.470333E-02   -6.616168E-02   -1.304984E+01    0.000000E+00    0.000000E+00    0.000000E+00    3.567733E-02    1.072421E-02    4.856649E-03    0.000000E+00    0.000000E+00    0.000000E+00
4.685000E-01    3.521426E-02   -6.615509E-02   -1.305058E+01    0.000000E+00    0.000000E+00    0.000000E+00    3.575369E-02    1.097116E-02    4.832237E-03    0.000000E+00    0.000000E+00    0.000000E+00
4.695000E-01    3.570859E-02   -6.613732E-02   -1.305131E+01    0.000000E+00    0.000000E+00    0.000000E+00    3.583549E-02    1.121542E-02    4.810305E-03    0.000000E+00    0.000000E+00    0.000000E+00
4.705000E-01    3.621496E-02   -6.612372E-02   -1.305204E+01    0.000000E+00    0.000000E+00    0.000000E+00    3.592111E-02    1.146012E-02    4.788823E-03    0.000000E+00    0.000000E+00    0.000000E+00
4.715000E-01    3.673820E-02   -6.611626E-02   -1.305275E+01    0.000000E+00    0.000000E+00    0.000000E+00    3.600945E-02    1.170611E-02    4.767752E-03    0.000000E+00    0.000000E+00    0.000000E+00
4.725000E-01    3.726501E-02   -6.611999E-02   -1.305346E+01    0.000000E+00    0.000000E+00    0.000000E+00    3.610133E-02    1.195149E-02    4.746777E-03    0.000000E+00    0.000000E+00    0.000000E+00
4.735000E-01    3.779865E-02   -6.613551E-02   -1.305416E+01    0.000000E+00    0.000000E+00    0.000000E+00    3.619775E-02    1.219670E-02    4.725979E-03    0.000000E+00    0.000000E+00    0.000000E+00
4.745000E-01    3.833290E-02   -6.616231E-02   -1.305486E+01    0.000000E+00    0.000000E+00    0.000000E+00    3.629855E-02    1.244215E-02    4.705360E-03    0.000000E+00    0.000000E+00    0.000000E+00
4.755000E-01    3.886970E-02   -6.619958E-02   -1.305556E+01    0.000000E+00    0.000000E+00    0.000000E+00    3.640303E-02    1.268580E-02    4.684776E-03    0.000000E+00    0.000000E+00    0.000000E+00
4.765000E-01    3.941472E-02   -6.624372E-02   -1.305624E+01    0.000000E+00    0.000000E+00    0.000000E+00    3.650825E-02    1.292953E-02    4.664594E-03    0.000000E+00    0.000000E+00    0.000000E+00
4.775000E-01    3.997023E-02   -6.629838E-02   -1.305692E+01    0.000000E+00    0.000000E+00    0.000000E+00    3.661499E-02    1.317479E-02    4.644648E-03    0.000000E+00    0.000000E+00    0.000000E+00
4.785000E-01    4.052945E-02   -6.636774E-02   -1.305759E+01    0.000000E+00    0.000000E+00    0.000000E+00    3.672683E-02    1.341777E-02    4.624859E-03    0.000000E+00    0.000000E+00    0.000000E+00
4.795000E-01    4.109118E-02   -6.645332E-02   -1.305826E+01    0.000000E+00    0.000000E+00    0.000000E+00    3.684458E-02    1.365709E-02    4.605374E-03    0.000000E+00    0.000000E+00    0.000000E+00
4.805000E-01    4.170122E-02   -6.658384E-02   -1.305893E+01    0.000000E+00    0.000000E+00    0.000000E+00    3.696813E-02    1.389623E-02    4.589326E-03    0.000000E+00    0.000000E+00    0.000000E+00
4.815000E-01    4.227928E-02   -6.669433E-02   -1.305958E+01    0.000000E+00    0.000000E+00    0.000000E+00    3.709304E-02    1.413482E-02    4.569948E-03    0.000000E+00    0.000000E+00    0.000000E+00
4.825000E-01    4.289985E-02   -6.682778E-02   -1.306023E+01    0.000000E+00    0.000000E+00    0.000000E+00    3.722628E-02    1.439074E-02    4.541955E-03    0.000000E+00    0.000000E+00    0.000000E+00
4.835000E-01    4.344936E-02   -6.694016E-02   -1.306087E+01    0.000000E+00    0.000000E+00    0.000000E+00    3.735818E-02    1.462425E-02    4.525277E-03    0.000000E+00    0.000000E+00    0.000000E+00
4.845000E-01    4.403921E-02   -6.709589E-02   -1.306151E+01    0.000000E+00    0.000000E+00    0.000000E+00    3.749612E-02    1.485672E-02    4.506037E-03    0.000000E+00    0.000000E+00    0.000000E+00
4.855000E-01    4.463313E-02   -6.726748E-02   -1.306213E+01    0.000000E+00    0.000000E+00    0.000000E+00    3.763882E-02    1.508756E-02    4.486529E-03    0.000000E+00    0.000000E+00    0.000000E+00
4.865000E-01    4.523079E-02   -6.745330E-02   -1.306275E+01    0.000000E+00    0.000000E+00    0.000000E+00    3.778543E-02    1.531691E-02    4.466900E-03    0.000000E+00    0.000000E+00    0.000000E+00
4.875000E-01    4.583047E-02   -6.765389E-02   -1.306336E+01    0.000000E+00    0.000000E+00    0.000000E+00    3.793612E-02    1.554407E-02    4.447262E-03    0.000000E+00    0.000000E+00    0.000000E+00
4.885000E-01    4.643182E-02   -6.786837E-02   -1.306397E+01    0.000000E+00    0.000000E+00    0.000000E+00    3.809048E-02    1.576917E-02    4.427652E-03    0.000000E+00    0.000000E+00    0.000000E+00
4.895000E-01    4.703359E-02   -6.809813E-02   -1.306457E+01    0.000000E+00    0.000000E+00    0.000000E+00    3.824808E-02    1.599291E-02    4.408243E-03    0.000000E+00    0.000000E+00    0.000000E+00
4.905000E-01    4.763198E-02   -6.834677E-02   -1.306517E+01    0.000000E+00    0.000000E+00    0.000000E+00    3.841085E-02    1.621434E-02    4.388983E-03    0.000000E+00    0.000000E+00    0.000000E+00
4.915000E-01    4.822665E-02   -6.861057E-02   -1.306576E+01    0.000000E+00    0.000000E+00    0.000000E+00    3.857832E-02    1.643240E-02    4.369487E-03    0.000000E+00    0.000000E+00    0.000000E+00
4.925000E-01    4.881872E-02   -6.888775E-02   -1.306635E+01    0.000000E+00    0.000000E+00    0.000000E+00    3.874882E-02    1.664717E-02    4.349706E-03    0.000000E+00    0.000000E+00    0.000000E+00
4.935000E-01    4.940846E-02   -6.917655E-02   -1.306693E+01    0.000000E+00    0.000000E+00    0.000000E+00    3.892257E-02    1.685897E-02    4.329241E-03    0.000000E+00    0.000000E+00    0.000000E+00
4.945000E-01    4.999657E-02   -6.948152E-02   -1.306752E+01    0.000000E+00    0.000000E+00    0.000000E+00    3.909663E-02    1.706874E-02    4.306424E-03    0.000000E+00    0.000000E+00    0.000000E+00
4.955000E-01    5.058479E-02   -6.978571E-02   -1.306809E+01    0.000000E+00    0.000000E+00    0.000000E+00    3.927215E-02    1.727687E-02    4.286509E-03    0.000000E+00    0.000000E+00    0.000000E+00
4.965000E-01    5.116722E-02   -7.009769E-02   -1.306865E+01    0.000000E+00    0.000000E+00    0.000000E+00    3.945240E-02    1.748317E-02    4.265875E-03    0.000000E+00    0.000000E+00    0.000000E+00
4.975000E-01    5.179128E-02   -7.040328E-02   -1.306922E+01    0.000000E+00    0.000000E+00    0.000000E+00    3.963591E-02    1.768825E-02    4.242624E-03    0.000000E+00    0.000000E+00    0.000000E+00
4.985000E-01    5.237737E-02   -7.074620E-02   -1.306977E+01    0.000000E+00    0.000000E+00    0.000000E+00    3.982255E-02    1.789185E-02    4.222344E-03    0.000000E+00    0.000000E+00    0.000000E+00
4.995000E-01    5.296389E-02   -7.109216E-02   -1.307033E+01    0.000000E+00    0.000000E+00    0.000000E+00    4.000878E-02    1.809514E-02    4.202857E-03    0.000000E+00    0.000000E+00    0.000000E+00
5.005000E-01    5.355239E-02   -7.143374E-02   -1.307087E+01    0.000000E+00    0.000000E+00    0.000000E+00    4.019149E-02    1.829701E-02    4.184714E-03    0.000000E+00    0.000000E+00    0.000000E+00
5.015000E-01    5.412418E-02   -7.180386E-02   -1.307141E+01    0.000000E+00    0.000000E+00    0.000000E+00    4.038117E-02    1.849431E-02    4.165843E-03    0.000000E+00    0.000000E+00    0.000000E+00
5.025000E-01    5.468400E-02   -7.219071E-02   -1.307195E+01    0.000000E+00    0.000000E+00    0.000000E+00    4.057623E-02    1.868693E-02    4.146431E-03    0.000000E+00    0.000000E+00    0.000000E+00
5.035000E-01    5.523926E-02   -7.258806E-02   -1.307248E+01    0.000000E+00    0.000000E+00    0.000000E+00    4.077304E-02    1.887774E-02    4.126731E-03    0.000000E+00    0.000000E+00    0.000000E+00
5.045000E-01    5.579144E-02   -7.299375E-02   -1.307300E+01    0.000000E+00    0.000000E+00    0.000000E+00    4.096956E-02    1.906745E-02    4.106336E-03    0.000000E+00    0.000000E+00    0.000000E+00
5.055000E-01    5.634037E-02   -7.341476E-02   -1.307352E+01    0.000000E+00    0.000000E+00    0.000000E+00    4.116735E-02    1.925722E-02    4.086058E-03    0.000000E+00    0.000000E+00    0.000000E+00
5.065000E-01    5.689095E-02   -7.383887E-02   -1.307404E+01    0.000000E+00    0.000000E+00    0.000000E+00    4.136679E-02    1.944723E-02    4.066378E-03    0.000000E+00    0.000000E+00    0.000000E+00
5.075000E-01    5.744030E-02   -7.427335E-02   -1.307455E+01    0.000000E+00    0.000000E+00    0.000000E+00    4.156858E-02    1.963715E-02    4.046744E-03    0.000000E+00    0.000000E+00    0.000000E+00
5.085000E-01    5.798442E-02   -7.472012E-02   -1.307505E+01    0.000000E+00    0.000000E+00    0.000000E+00    4.177270E-02    1.982607E-02    4.026602E-03    0.000000E+00    0.000000E+00    0.000000E+00
5.095000E-01    5.852314E-02   -7.518340E-02   -1.307556E+01    0.000000E+00    0.000000E+00    0.000000E+00    4.197883E-02    2.001514E-02    4.005536E-03    0.000000E+00    0.000000E+00    0.000000E+00
5.105000E-01    5.904991E-02   -7.565818E-02   -1.307606E+01    0.000000E+00    0.000000E+00    0.000000E+00    4.218404E-02    2.020479E-02    3.984121E-03    0.000000E+00    0.000000E+00    0.000000E+00
5.115000E-01    5.957055E-02   -7.614925E-02   -1.307656E+01    0.000000E+00    0.000000E+00    0.000000E+00    4.239292E-02    2.039247E-02    3.961710E-03    0.000000E+00    0.000000E+00    0.000000E+00
5.125000E-01    6.008111E-02   -7.665387E-02   -1.307705E+01    0.000000E+00    0.000000E+00    0.000000E+00    4.260617E-02    2.057751E-02    3.938333E-03    0.000000E+00    0.000000E+00    0.000000E+00
5.135000E-01    6.068939E-02   -7.756758E-02   -1.307755E+01    0.000000E+00    0.000000E+00    0.000000E+00    4.302013E-02    2.081073E-02    4.005466E-03    0.000000E+00    0.000000E+00    0.000000E+00
5.145000E-01    6.119067E-02   -7.808449E-02   -1.307804E+01    0.000000E+00    0.000000E+00    0.000000E+00    4.323495E-02    2.099529E-02    3.981596E-03    0.000000E+00    0.000000E+00    0.000000E+00
5.155000E-01    6.168932E-02   -7.859865E-02   -1.307852E+01    0.000000E+00    0.000000E+00    0.000000E+00    4.344755E-02    2.118049E-02    3.958412E-03    0.000000E+00    0.000000E+00    0.000000E+00
5.165000E-01    6.213575E-02   -7.905302E-02   -1.307901E+01    0.000000E+00    0.000000E+00    0.000000E+00    4.365161E-02    2.136429E-02    3.936907E-03    0.000000E+00    0.000000E+00    0.000000E+00
5.175000E-01    6.263882E-02   -7.955998E-02   -1.307949E+01    0.000000E+00    0.000000E+00    0.000000E+00    4.385246E-02    2.154728E-02    3.917583E-03    0.000000E+00    0.000000E+00    0.000000E+00
5.185000E-01    6.310410E-02   -8.006864E-02   -1.307996E+01    0.000000E+00    0.000000E+00    0.000000E+00    4.405437E-02    2.172549E-02    3.895241E-03    0.000000E+00    0.000000E+00    0.000000E+00
5.195000E-01    6.355204E-02   -8.059196E-02   -1.308043E+01    0.000000E+00    0.000000E+00    0.000000E+00    4.425996E-02    2.189905E-02    3.871129E-03    0.000000E+00    0.000000E+00    0.000000E+00
5.205000E-01    6.397162E-02   -8.113781E-02   -1.308089E+01    0.000000E+00    0.000000E+00    0.000000E+00    4.446833E-02    2.206896E-02    3.844353E-03    0.000000E+00    0.000000E+00    0.000000E+00
5.215000E-01    6.439786E-02   -8.167806E-02   -1.308135E+01    0.000000E+00    0.000000E+00    0.000000E+00    4.467717E-02    2.223727E-02    3.817693E-03    0.000000E+00    0.000000E+00    0.000000E+00
5.225000E-01    6.481653E-02   -8.222248E-02   -1.308180E+01    0.000000E+00    0.000000E+00    0.000000E+00    4.488606E-02    2.240427E-02    3.790444E-03    0.000000E+00    0.000000E+00    0.000000E+00
5.235000E-01    6.522813E-02   -8.276981E-02   -1.308225E+01    0.000000E+00    0.000000E+00    0.000000E+00    4.509448E-02    2.257000E-02    3.762876E-03    0.000000E+00    0.000000E+00    0.000000E+00
5.245000E-01    6.563134E-02   -8.331966E-02   -1.308269E+01    0.000000E+00    0.000000E+00    0.000000E+00    4.530253E-02    2.273353E-02    3.735314E-03    0.000000E+00    0.000000E+00    0.000000E+00
5.255000E-01    6.602626E-02   -8.387104E-02   -1.308313E+01    0.000000E+00    0.000000E+00    0.000000E+00    4.550988E-02    2.289537E-02    3.707780E-03    0.000000E+00    0.000000E+00    0.000000E+00
5.265000E-01    6.641149E-02   -8.442361E-02   -1.308357E+01    0.000000E+00    0.000000E+00    0.000000E+00    4.571599E-02    2.305551E-02    3.680283E-03    0.000000E+00    0.000000E+00    0.000000E+00
5.275000E-01    6.677626E-02   -8.495343E-02   -1.308400E+01    0.000000E+00    0.000000E+00    0.000000E+00    4.592063E-02    2.321175E-02    3.653701E-03    0.000000E+00    0.000000E+00    0.000000E+00
5.285000E-01    6.709288E-02   -8.551737E-02   -1.308443E+01    0.000000E+00    0.000000E+00    0.000000E+00    4.612549E-02    2.336311E-02    3.629152E-03    0.000000E+00    0.000000E+00    0.000000E+00
5.295000E-01    6.743952E-02   -8.607728E-02   -1.308485E+01    0.000000E+00    0.000000E+00    0.000000E+00    4.633008E-02    2.351264E-02    3.602049E-03    0.000000E+00    0.000000E+00    0.000000E+00
5.305000E-01    6.777658E-02   -8.664161E-02   -1.308527E+01    0.000000E+00    0.000000E+00    0.000000E+00    4.653428E-02    2.365964E-02    3.575063E-03    0.000000E+00    0.000000E+00    0.000000E+00
5.315000E-01    6.809182E-02   -8.721166E-02   -1.308569E+01    0.000000E+00    0.000000E+00    0.000000E+00    4.673792E-02    2.380404E-02    3.548676E-03    0.000000E+00    0.000000E+00    0.000000E+00
5.325000E-01    6.840522E-02   -8.778314E-02   -1.308610E+01    0.000000E+00    0.000000E+00    0.000000E+00    4.694238E-02    2.394480E-02    3.522235E-03    0.000000E+00    0.000000E+00    0.000000E+00
5.335000E-01    6.872151E-02   -8.836444E-02   -1.308651E+01    0.000000E+00    0.000000E+00    0.000000E+00    4.714798E-02    2.408119E-02    3.495548E-03    0.000000E+00    0.000000E+00    0.000000E+00
5.345000E-01    6.900870E-02   -8.893911E-02   -1.308692E+01    0.000000E+00    0.000000E+00    0.000000E+00    4.735186E-02    2.421424E-02    3.469720E-03    0.000000E+00    0.000000E+00    0.000000E+00
5.355000E-01    6.929568E-02   -8.950257E-02   -1.308732E+01    0.000000E+00    0.000000E+00    0.000000E+00    4.755343E-02    2.434572E-02    3.444039E-03    0.000000E+00    0.000000E+00    0.000000E+00
5.365000E-01    6.957375E-02   -9.007722E-02   -1.308772E+01    0.000000E+00    0.000000E+00    0.000000E+00    4.775360E-02    2.447536E-02    3.419160E-03    0.000000E+00    0.000000E+00    0.000000E+00
5.375000E-01    6.984494E-02   -9.065015E-02   -1.308811E+01    0.000000E+00    0.000000E+00    0.000000E+00    4.795119E-02    2.460324E-02    3.394838E-03    0.000000E+00    0.000000E+00    0.000000E+00
5.385000E-01    7.011330E-02   -9.121981E-02   -1.308850E+01    0.000000E+00    0.000000E+00    0.000000E+00    4.814632E-02    2.472965E-02    3.370830E-03    0.000000E+00    0.000000E+00    0.000000E+00
5.395000E-01    7.041170E-02   -9.180257E-02   -1.308890E+01    0.000000E+00    0.000000E+00    0.000000E+00    4.833959E-02    2.485601E-02    3.346209E-03    0.000000E+00    0.000000E+00    0.000000E+00
5.405000E-01    7.067262E-02   -9.236658E-02   -1.308928E+01    0.000000E+00    0.000000E+00    0.000000E+00    4.852951E-02    2.497985E-02    3.323044E-03    0.000000E+00    0.000000E+00    0.000000E+00
5.415000E-01    7.093099E-02   -9.292815E-02   -1.308966E+01    0.000000E+00    0.000000E+00    0.000000E+00    4.871684E-02    2.510279E-02    3.300461E-03    0.000000E+00    0.000000E+00    0.000000E+00
5.425000E-01    7.118961E-02   -9.348830E-02   -1.309003E+01    0.000000E+00    0.000000E+00    0.000000E+00    4.890252E-02    2.522560E-02    3.278063E-03    0.000000E+00    0.000000E+00    0.000000E+00
5.435000E-01    7.144988E-02   -9.404557E-02   -1.309041E+01    0.000000E+00    0.000000E+00    0.000000E+00    4.908604E-02    2.534906E-02    3.255578E-03    0.000000E+00    0.000000E+00    0.000000E+00
5.445000E-01    7.171039E-02   -9.459770E-02   -1.309078E+01    0.000000E+00    0.000000E+00    0.000000E+00    4.926671E-02    2.547262E-02    3.233179E-03    0.000000E+00    0.000000E+00    0.000000E+00
5.455000E-01    7.196942E-02   -9.514170E-02   -1.309114E+01    0.000000E+00    0.000000E+00    0.000000E+00    4.944390E-02    2.559554E-02    3.211216E-03    0.000000E+00    0.000000E+00    0.000000E+00
5.465000E-01    7.217610E-02   -9.574197E-02   -1.309152E+01    0.000000E+00    0.000000E+00    0.000000E+00    4.961665E-02    2.571626E-02    3.195101E-03    0.000000E+00    0.000000E+00    0.000000E+00
5.475000E-01    7.238298E-02   -9.619898E-02   -1.309189E+01    0.000000E+00    0.000000E+00    0.000000E+00    4.978024E-02    2.583540E-02    3.170490E-03    0.000000E+00    0.000000E+00    0.000000E+00
5.485000E-01    7.263725E-02   -9.671843E-02   -1.309225E+01    0.000000E+00    0.000000E+00    0.000000E+00    4.994398E-02    2.595617E-02    3.149703E-03    0.000000E+00    0.000000E+00    0.000000E+00
5.495000E-01    7.289282E-02   -9.724150E-02   -1.309260E+01    0.000000E+00    0.000000E+00    0.000000E+00    5.010866E-02    2.607729E-02    3.127902E-03    0.000000E+00    0.000000E+00    0.000000E+00
5.505000E-01    7.314545E-02   -9.776518E-02   -1.309295E+01    0.000000E+00    0.000000E+00    0.000000E+00    5.027094E-02    2.619817E-02    3.105883E-03    0.000000E+00    0.000000E+00    0.000000E+00
5.515000E-01    7.339905E-02   -9.827331E-02   -1.309330E+01    0.000000E+00    0.000000E+00    0.000000E+00    5.042899E-02    2.631923E-02    3.084222E-03    0.000000E+00    0.000000E+00    0.000000E+00
5.525000E-01    7.365382E-02   -9.877131E-02   -1.309365E+01    0.000000E+00    0.000000E+00    0.000000E+00    5.058303E-02    2.644048E-02    3.062732E-03    0.000000E+00    0.000000E+00    0.000000E+00
5.535000E-01    7.392989E-02   -9.927766E-02   -1.309400E+01    0.000000E+00    0.000000E+00    0.000000E+00    5.073335E-02    2.656111E-02    3.043594E-03    0.000000E+00    0.000000E+00    0.000000E+00
5.545000E-01    7.417653E-02   -9.975429E-02   -1.309435E+01    0.000000E+00    0.000000E+00    0.000000E+00    5.087863E-02    2.667977E-02    3.023453E-03    0.000000E+00    0.000000E+00    0.000000E+00
5.555000E-01    7.444153E-02   -1.002243E-01   -1.309469E+01    0.000000E+00    0.000000E+00    0.000000E+00    5.101986E-02    2.679762E-02    3.002424E-03    0.000000E+00    0.000000E+00    0.000000E+00
5.565000E-01    7.468451E-02   -1.006797E-01   -1.309503E+01    0.000000E+00    0.000000E+00    0.000000E+00    5.115687E-02    2.691256E-02    2.983245E-03    0.000000E+00    0.000000E+00    0.000000E+00
5.575000E-01    7.491709E-02   -1.011385E-01   -1.309537E+01    0.000000E+00    0.000000E+00    0.000000E+00    5.129339E-02    2.702708E-02    2.962952E-03    0.000000E+00    0.000000E+00    0.000000E+00
5.585000E-01    7.515294E-02   -1.015979E-01   -1.309570E+01    0.000000E+00    0.000000E+00    0.000000E+00    5.142975E-02    2.714311E-02    2.941761E-03    0.000000E+00    0.000000E+00    0.000000E+00
5.595000E-01    7.539103E-02   -1.020482E-01   -1.309603E+01    0.000000E+00    0.000000E+00    0.000000E+00    5.156271E-02    2.726055E-02    2.920227E-03    0.000000E+00    0.000000E+00    0.000000E+00
5.605000E-01    7.562859E-02   -1.024881E-01   -1.309637E+01    0.000000E+00    0.000000E+00    0.000000E+00    5.169118E-02    2.737842E-02    2.898692E-03    0.000000E+00    0.000000E+00    0.000000E+00
5.615000E-01    7.586533E-02   -1.029199E-01   -1.309670E+01    0.000000E+00    0.000000E+00    0.000000E+00    5.181627E-02    2.749699E-02    2.876875E-03    0.000000E+00    0.000000E+00    0.000000E+00
5.625000E-01    7.610242E-02   -1.033463E-01   -1.309703E+01    0.000000E+00    0.000000E+00    0.000000E+00    5.193860E-02    2.761857E-02    2.854527E-03    0.000000E+00    0.000000E+00    0.000000E+00
5.635000E-01    7.633727E-02   -1.037674E-01   -1.309735E+01    0.000000E+00    0.000000E+00    0.000000E+00    5.205811E-02    2.774108E-02    2.831831E-03    0.000000E+00    0.000000E+00    0.000000E+00
5.645000E-01    7.657000E-02   -1.041825E-01   -1.309768E+01    0.000000E+00    0.000000E+00    0.000000E+00    5.217448E-02    2.786361E-02    2.809098E-03    0.000000E+00    0.000000E+00    0.000000E+00
5.655000E-01    7.680188E-02   -1.045939E-01   -1.309801E+01    0.000000E+00    0.000000E+00    0.000000E+00    5.228812E-02    2.798717E-02    2.786106E-03    0.000000E+00    0.000000E+00    0.000000E+00
5.665000E-01    7.702715E-02   -1.050060E-01   -1.309834E+01    0.000000E+00    0.000000E+00    0.000000E+00    5.240185E-02    2.810923E-02    2.761776E-03    0.000000E+00    0.000000E+00    0.000000E+00
5.675000E-01    7.724515E-02   -1.054195E-01   -1.309866E+01    0.000000E+00    0.000000E+00    0.000000E+00    5.251585E-02    2.822945E-02    2.735660E-03    0.000000E+00    0.000000E+00    0.000000E+00
5.685000E-01    7.745309E-02   -1.058315E-01   -1.309899E+01    0.000000E+00    0.000000E+00    0.000000E+00    5.262931E-02    2.834681E-02    2.707609E-03    0.000000E+00    0.000000E+00    0.000000E+00
5.695000E-01    7.765019E-02   -1.062411E-01   -1.309931E+01    0.000000E+00    0.000000E+00    0.000000E+00    5.274259E-02    2.846046E-02    2.677631E-03    0.000000E+00    0.000000E+00    0.000000E+00
5.705000E-01    7.783747E-02   -1.066479E-01   -1.309963E+01    0.000000E+00    0.000000E+00    0.000000E+00    5.285477E-02    2.857142E-02    2.646133E-03    0.000000E+00    0.000000E+00    0.000000E+00
5.715000E-01    7.802141E-02   -1.070455E-01   -1.309995E+01    0.000000E+00    0.000000E+00    0.000000E+00    5.296362E-02    2.868144E-02    2.613697E-03    0.000000E+00    0.000000E+00    0.000000E+00
5.725000E-01    7.820144E-02   -1.074319E-01   -1.310027E+01    0.000000E+00    0.000000E+00    0.000000E+00    5.306890E-02    2.879160E-02    2.580847E-03    0.000000E+00    0.000000E+00    0.000000E+00
5.735000E-01    7.837865E-02   -1.078156E-01   -1.310059E+01    0.000000E+00    0.000000E+00    0.000000E+00    5.317224E-02    2.890111E-02    2.547175E-03    0.000000E+00    0.000000E+00    0.000000E+00
5.745000E-01    7.855831E-02   -1.081869E-01   -1.310090E+01    0.000000E+00    0.000000E+00    0.000000E+00    5.327059E-02    2.901269E-02    2.514033E-03    0.000000E+00    0.000000E+00    0.000000E+00
5.755000E-01    7.874530E-02   -1.085445E-01   -1.310122E+01    0.000000E+00    0.000000E+00    0.000000E+00    5.336332E-02    2.912806E-02    2.481805E-03    0.000000E+00    0.000000E+00    0.000000E+00
5.765000E-01    7.893708E-02   -1.088942E-01   -1.310153E+01    0.000000E+00    0.000000E+00    0.000000E+00    5.345226E-02    2.924676E-02    2.450121E-03    0.000000E+00    0.000000E+00    0.000000E+00
5.775000E-01    7.914114E-02   -1.092271E-01   -1.310184E+01    0.000000E+00    0.000000E+00    0.000000E+00    5.353399E-02    2.937162E-02    2.420265E-03    0.000000E+00    0.000000E+00    0.000000E+00
5.785000E-01    7.936387E-02   -1.095632E-01   -1.310215E+01    0.000000E+00    0.000000E+00    0.000000E+00    5.360986E-02    2.950282E-02    2.392608E-03    0.000000E+00    0.000000E+00    0.000000E+00
5.795000E-01    7.956472E-02   -1.098769E-01   -1.310246E+01    0.000000E+00    0.000000E+00    0.000000E+00    5.368535E-02    2.963474E-02    2.363668E-03    0.000000E+00    0.000000E+00    0.000000E+00
5.805000E-01    7.978180E-02   -1.101967E-01   -1.310277E+01    0.000000E+00    0.000000E+00    0.000000E+00    5.376061E-02    2.976679E-02    2.334073E-03    0.000000E+00    0.000000E+00    0.000000E+00
5.815000E-01    7.999674E-02   -1.105063E-01   -1.310308E+01    0.000000E+00    0.000000E+00    0.000000E+00    5.383243E-02    2.989854E-02    2.303724E-03    0.000000E+00    0.000000E+00    0.000000E+00
5.825000E-01    8.021090E-02   -1.108045E-01   -1.310338E+01    0.000000E+00    0.000000E+00    0.000000E+00    5.389997E-02    3.003030E-02    2.273052E-03    0.000000E+00    0.000000E+00    0.000000E+00
5.835000E-01    8.042783E-02   -1.110915E-01   -1.310369E+01    0.000000E+00    0.000000E+00    0.000000E+00    5.396304E-02    3.016330E-02    2.242393E-03    0.000000E+00    0.000000E+00    0.000000E+00
5.845000E-01    8.065003E-02   -1.113705E-01   -1.310399E+01    0.000000E+00    0.000000E+00    0.000000E+00    5.402267E-02    3.029823E-02    2.211697E-03    0.000000E+00    0.000000E+00    0.000000E+00
5.855000E-01    8.087502E-02   -1.116443E-01   -1.310429E+01    0.000000E+00    0.000000E+00    0.000000E+00    5.408034E-02    3.043461E-02    2.180566E-03    0.000000E+00    0.000000E+00    0.000000E+00
5.865000E-01    8.110070E-02   -1.119118E-01   -1.310459E+01    0.000000E+00    0.000000E+00    0.000000E+00    5.413535E-02    3.057124E-02    2.149241E-03    0.000000E+00    0.000000E+00    0.000000E+00
5.875000E-01    8.132645E-02   -1.121680E-01   -1.310489E+01    0.000000E+00    0.000000E+00    0.000000E+00    5.418599E-02    3.070754E-02    2.118096E-03    0.000000E+00    0.000000E+00    0.000000E+00
5.885000E-01    8.155395E-02   -1.124162E-01   -1.310519E+01    0.000000E+00    0.000000E+00    0.000000E+00    5.423263E-02    3.084415E-02    2.087012E-03    0.000000E+00    0.000000E+00    0.000000E+00
5.895000E-01    8.178735E-02   -1.126604E-01   -1.310549E+01    0.000000E+00    0.000000E+00    0.000000E+00    5.427677E-02    3.098242E-02    2.055483E-03    0.000000E+00    0.000000E+00    0.000000E+00
5.905000E-01    8.202362E-02   -1.128981E-01   -1.310578E+01    0.000000E+00    0.000000E+00    0.000000E+00    5.431761E-02    3.112185E-02    2.023325E-03    0.000000E+00    0.000000E+00    0.000000E+00
5.915000E-01    8.226186E-02   -1.131267E-01   -1.310608E+01    0.000000E+00    0.000000E+00    0.000000E+00    5.435410E-02    3.126160E-02    1.990914E-03    0.000000E+00    0.000000E+00    0.000000E+00
5.925000E-01    8.250122E-02   -1.133485E-01   -1.310637E+01    0.000000E+00    0.000000E+00    0.000000E+00    5.438680E-02    3.140176E-02    1.958389E-03    0.000000E+00    0.000000E+00    0.000000E+00
5.935000E-01    8.274297E-02   -1.135646E-01   -1.310666E+01    0.000000E+00    0.000000E+00    0.000000E+00    5.441696E-02    3.154232E-02    1.925475E-03    0.000000E+00    0.000000E+00    0.000000E+00
5.945000E-01    8.298649E-02   -1.137748E-01   -1.310696E+01    0.000000E+00    0.000000E+00    0.000000E+00    5.444433E-02    3.168309E-02    1.892075E-03    0.000000E+00    0.000000E+00    0.000000E+00
5.955000E-01    8.323430E-02   -1.139783E-01   -1.310725E+01    0.000000E+00    0.000000E+00    0.000000E+00    5.446859E-02    3.182431E-02    1.858183E-03    0.000000E+00    0.000000E+00    0.000000E+00
5.965000E-01    8.347382E-02   -1.142463E-01   -1.310754E+01    0.000000E+00    0.000000E+00    0.000000E+00    5.449121E-02    3.196666E-02    1.820116E-03    0.000000E+00    0.000000E+00    0.000000E+00
5.975000E-01    8.372882E-02   -1.144333E-01   -1.310783E+01    0.000000E+00    0.000000E+00    0.000000E+00    5.450741E-02    3.211040E-02    1.786489E-03    0.000000E+00    0.000000E+00    0.000000E+00
5.985000E-01    8.398958E-02   -1.146117E-01   -1.310812E+01    0.000000E+00    0.000000E+00    0.000000E+00    5.451947E-02    3.225570E-02    1.752955E-03    0.000000E+00    0.000000E+00    0.000000E+00
5.995000E-01    8.425975E-02   -1.147809E-01   -1.310841E+01    0.000000E+00    0.000000E+00    0.000000E+00    5.452823E-02    3.240220E-02    1.719170E-03    0.000000E+00    0.000000E+00    0.000000E+00
6.005000E-01    8.452728E-02   -1.149469E-01   -1.310869E+01    0.000000E+00    0.000000E+00    0.000000E+00    5.453394E-02    3.254900E-02    1.685517E-03    0.000000E+00    0.000000E+00    0.000000E+00
6.015000E-01    8.473193E-02   -1.150562E-01   -1.310899E+01    0.000000E+00    0.000000E+00    0.000000E+00    5.453470E-02    3.269530E-02    1.656827E-03    0.000000E+00    0.000000E+00    0.000000E+00
6.025000E-01    8.500750E-02   -1.152106E-01   -1.310927E+01    0.000000E+00    0.000000E+00    0.000000E+00    5.453460E-02    3.284349E-02    1.623058E-03    0.000000E+00    0.000000E+00    0.000000E+00
6.035000E-01    8.528631E-02   -1.153592E-01   -1.310956E+01    0.000000E+00    0.000000E+00    0.000000E+00    5.453196E-02    3.299207E-02    1.589144E-03    0.000000E+00    0.000000E+00    0.000000E+00
6.045000E-01    8.531818E-02   -1.155593E-01   -1.310984E+01    0.000000E+00    0.000000E+00    0.000000E+00    5.455493E-02    3.301777E-02    1.613548E-03    0.000000E+00    0.000000E+00    0.000000E+00
6.055000E-01    8.560926E-02   -1.156772E-01   -1.311012E+01    0.000000E+00    0.000000E+00    0.000000E+00    5.453980E-02    3.316917E-02    1.581604E-03    0.000000E+00    0.000000E+00    0.000000E+00
6.065000E-01    8.590462E-02   -1.157878E-01   -1.311040E+01    0.000000E+00    0.000000E+00    0.000000E+00    5.452123E-02    3.332134E-02    1.549963E-03    0.000000E+00    0.000000E+00    0.000000E+00
6.075000E-01    8.620461E-02   -1.158953E-01   -1.311068E+01    0.000000E+00    0.000000E+00    0.000000E+00    5.450251E-02    3.347360E-02    1.517851E-03    0.000000E+00    0.000000E+00    0.000000E+00
6.085000E-01    8.650631E-02   -1.160046E-01   -1.311096E+01    0.000000E+00    0.000000E+00    0.000000E+00    5.448313E-02    3.362645E-02    1.485455E-03    0.000000E+00    0.000000E+00    0.000000E+00
6.095000E-01    8.681463E-02   -1.161066E-01   -1.311124E+01    0.000000E+00    0.000000E+00    0.000000E+00    5.446078E-02    3.378051E-02    1.453437E-03    0.000000E+00    0.000000E+00    0.000000E+00
6.105000E-01    8.713003E-02   -1.162007E-01   -1.311151E+01    0.000000E+00    0.000000E+00    0.000000E+00    5.443434E-02    3.393562E-02    1.421811E-03    0.000000E+00    0.000000E+00    0.000000E+00
6.115000E-01    8.744993E-02   -1.162816E-01   -1.311178E+01    0.000000E+00    0.000000E+00    0.000000E+00    5.440388E-02    3.409166E-02    1.390600E-03    0.000000E+00    0.000000E+00    0.000000E+00
6.125000E-01    8.777387E-02   -1.163519E-01   -1.311206E+01    0.000000E+00    0.000000E+00    0.000000E+00    5.436976E-02    3.424852E-02    1.359586E-03    0.000000E+00    0.000000E+00    0.000000E+00
6.135000E-01    8.807616E-02   -1.163161E-01   -1.311234E+01    0.000000E+00    0.000000E+00    0.000000E+00    5.433054E-02    3.440493E-02    1.322820E-03    0.000000E+00    0.000000E+00    0.000000E+00
6.145000E-01    8.841062E-02   -1.163689E-01   -1.311261E+01    0.000000E+00    0.000000E+00    0.000000E+00    5.428970E-02    3.456341E-02    1.292592E-03    0.000000E+00    0.000000E+00    0.000000E+00
6.155000E-01    8.875138E-02   -1.164125E-01   -1.311288E+01    0.000000E+00    0.000000E+00    0.000000E+00    5.424531E-02    3.472333E-02    1.262632E-03    0.000000E+00    0.000000E+00    0.000000E+00
6.165000E-01    8.916324E-02   -1.163999E-01   -1.311316E+01    0.000000E+00    0.000000E+00    0.000000E+00    5.419587E-02    3.488572E-02    1.228083E-03    0.000000E+00    0.000000E+00    0.000000E+00
6.175000E-01    8.951747E-02   -1.164264E-01   -1.311342E+01    0.000000E+00    0.000000E+00    0.000000E+00    5.414498E-02    3.504844E-02    1.198618E-03    0.000000E+00    0.000000E+00    0.000000E+00
6.185000E-01    8.987818E-02   -1.164430E-01   -1.311369E+01    0.000000E+00    0.000000E+00    0.000000E+00    5.409064E-02    3.521239E-02    1.169525E-03    0.000000E+00    0.000000E+00    0.000000E+00
6.195000E-01    9.024407E-02   -1.164500E-01   -1.311395E+01    0.000000E+00    0.000000E+00    0.000000E+00    5.403277E-02    3.537741E-02    1.140659E-03    0.000000E+00    0.000000E+00    0.000000E+00
6.205000E-01    9.061686E-02   -1.164472E-01   -1.311421E+01    0.000000E+00    0.000000E+00    0.000000E+00    5.397156E-02    3.554387E-02    1.112060E-03    0.000000E+00    0.000000E+00    0.000000E+00
6.215000E-01    9.099571E-02   -1.164348E-01   -1.311447E+01    0.000000E+00    0.000000E+00    0.000000E+00    5.390708E-02    3.571151E-02    1.083647E-03    0.000000E+00    0.000000E+00    0.000000E+00
6.225000E-01    9.138042E-02   -1.164134E-01   -1.311473E+01    0.000000E+00    0.000000E+00    0.000000E+00    5.383931E-02    3.588022E-02    1.055476E-03    0.000000E+00    0.000000E+00    0.000000E+00
6.235000E-01    9.176833E-02   -1.163826E-01   -1.311499E+01    0.000000E+00    0.000000E+00    0.000000E+00    5.376854E-02    3.604984E-02    1.027463E-03    0.000000E+00    0.000000E+00    0.000000E+00
6.245000E-01    9.216633E-02   -1.163433E-01   -1.311525E+01    0.000000E+00    0.000000E+00    0.000000E+00    5.369466E-02    3.622084E-02    9.996582E-04    0.000000E+00    0.000000E+00    0.000000E+00
6.255000E-01    9.253072E-02   -1.163432E-01   -1.311551E+01    0.000000E+00    0.000000E+00    0.000000E+00    5.361792E-02    3.639268E-02    9.754708E-04    0.000000E+00    0.000000E+00    0.000000E+00
6.265000E-01    9.293676E-02   -1.162830E-01   -1.311576E+01    0.000000E+00    0.000000E+00    0.000000E+00    5.353691E-02    3.656681E-02    9.480143E-04    0.000000E+00    0.000000E+00    0.000000E+00
6.275000E-01    9.334750E-02   -1.162119E-01   -1.311602E+01    0.000000E+00    0.000000E+00    0.000000E+00    5.345205E-02    3.674191E-02    9.204462E-04    0.000000E+00    0.000000E+00    0.000000E+00
6.285000E-01    9.376010E-02   -1.161358E-01   -1.311627E+01    0.000000E+00    0.000000E+00    0.000000E+00    5.336388E-02    3.691710E-02    8.930129E-04    0.000000E+00    0.000000E+00    0.000000E+00
6.295000E-01    9.417666E-02   -1.160413E-01   -1.311652E+01    0.000000E+00    0.000000E+00    0.000000E+00    5.327277E-02    3.709253E-02    8.654125E-04    0.000000E+00    0.000000E+00    0.000000E+00
6.305000E-01    9.465778E-02   -1.159347E-01   -1.311678E+01    0.000000E+00    0.000000E+00    0.000000E+00    5.317967E-02    3.726883E-02    8.416411E-04    0.000000E+00    0.000000E+00    0.000000E+00
6.315000E-01    9.507832E-02   -1.158292E-01   -1.311702E+01    0.000000E+00    0.000000E+00    0.000000E+00    5.308420E-02    3.744313E-02    8.141138E-04    0.000000E+00    0.000000E+00    0.000000E+00
6.325000E-01    9.549926E-02   -1.157165E-01   -1.311727E+01    0.000000E+00    0.000000E+00    0.000000E+00    5.298680E-02    3.761642E-02    7.865431E-04    0.000000E+00    0.000000E+00    0.000000E+00
6.335000E-01    9.592215E-02   -1.155963E-01   -1.311752E+01    0.000000E+00    0.000000E+00    0.000000E+00    5.288735E-02    3.778932E-02    7.588511E-04    0.000000E+00    0.000000E+00    0.000000E+00
6.345000E-01    9.634526E-02   -1.154694E-01   -1.311776E+01    0.000000E+00    0.000000E+00    0.000000E+00    5.278628E-02    3.796099E-02    7.309969E-04    0.000000E+00    0.000000E+00    0.000000E+00
6.355000E-01    9.676758E-02   -1.153360E-01   -1.311801E+01    0.000000E+00    0.000000E+00    0.000000E+00    5.268359E-02    3.813139E-02    7.030007E-04    0.000000E+00    0.000000E+00    0.000000E+00
6.365000E-01    9.718814E-02   -1.151954E-01   -1.311825E+01    0.000000E+00    0.000000E+00    0.000000E+00    5.257957E-02    3.830013E-02    6.749764E-04    0.000000E+00    0.000000E+00    0.000000E+00
6.375000E-01    9.760814E-02   -1.150498E-01   -1.311849E+01    0.000000E+00    0.000000E+00    0.000000E+00    5.247451E-02    3.846763E-02    6.467885E-04    0.000000E+00    0.000000E+00    0.000000E+00
6.385000E-01    9.802719E-02   -1.148989E-01   -1.311874E+01    0.000000E+00    0.000000E+00    0.000000E+00    5.236855E-02    3.863355E-02    6.185455E-04    0.000000E+00    0.000000E+00    0.000000E+00
6.395000E-01    9.844626E-02   -1.147429E-01   -1.311898E+01    0.000000E+00    0.000000E+00    0.000000E+00    5.226204E-02    3.879855E-02    5.902593E-04    0.000000E+00    0.000000E+00    0.000000E+00
6.405000E-01    9.886391E-02   -1.145815E-01   -1.311922E+01    0.000000E+00    0.000000E+00    0.000000E+00    5.215479E-02    3.896238E-02    5.620402E-04    0.000000E+00    0.000000E+00    0.000000E+00
6.415000E-01    9.928280E-02   -1.144071E-01   -1.311946E+01    0.000000E+00    0.000000E+00    0.000000E+00    5.204532E-02    3.912565E-02    5.337165E-04    0.000000E+00    0.000000E+00    0.000000E+00
6.425000E-01    9.969760E-02   -1.142344E-01   -1.311969E+01    0.000000E+00    0.000000E+00    0.000000E+00    5.193500E-02    3.928732E-02    5.054873E-04    0.000000E+00    0.000000E+00    0.000000E+00
6.435000E-01    1.001101E-01   -1.140588E-01   -1.311993E+01    0.000000E+00    0.000000E+00    0.000000E+00    5.182454E-02    3.944775E-02    4.771309E-04    0.000000E+00    0.000000E+00    0.000000E+00
6.445000E-01    1.005216E-01   -1.138797E-01   -1.312017E+01    0.000000E+00    0.000000E+00    0.000000E+00    5.171400E-02    3.960713E-02    4.489556E-04    0.000000E+00    0.000000E+00    0.000000E+00
6.455000E-01    1.009286E-01   -1.136976E-01   -1.312040E+01    0.000000E+00    0.000000E+00    0.000000E+00    5.160290E-02    3.976602E-02    4.212530E-04    0.000000E+00    0.000000E+00    0.000000E+00
6.465000E-01    1.013430E-01   -1.135403E-01   -1.312064E+01    0.000000E+00    0.000000E+00    0.000000E+00    5.149181E-02    3.992358E-02    3.957861E-04    0.000000E+00    0.000000E+00    0.000000E+00
6.475000E-01    1.017509E-01   -1.133463E-01   -1.312088E+01    0.000000E+00    0.000000E+00    0.000000E+00    5.137920E-02    4.008015E-02    3.685142E-04    0.000000E+00    0.000000E+00    0.000000E+00
6.485000E-01    1.021548E-01   -1.131509E-01   -1.312111E+01    0.000000E+00    0.000000E+00    0.000000E+00    5.126606E-02    4.023517E-02    3.414232E-04    0.000000E+00    0.000000E+00    0.000000E+00
6.495000E-01    1.025579E-01   -1.129474E-01   -1.312134E+01    0.000000E+00    0.000000E+00    0.000000E+00    5.115224E-02    4.038915E-02    3.147602E-04    0.000000E+00    0.000000E+00    0.000000E+00
6.505000E-01    1.029594E-01   -1.127396E-01   -1.312158E+01    0.000000E+00    0.000000E+00    0.000000E+00    5.103796E-02    4.054201E-02    2.884678E-04    0.000000E+00    0.000000E+00    0.000000E+00
6.515000E-01    1.033586E-01   -1.125276E-01   -1.312181E+01    0.000000E+00    0.000000E+00    0.000000E+00    5.092326E-02    4.069359E-02    2.624926E-04    0.000000E+00    0.000000E+00    0.000000E+00
6.525000E-01    1.037556E-01   -1.123118E-01   -1.312204E+01    0.000000E+00    0.000000E+00    0.000000E+00    5.080817E-02    4.084398E-02    2.368380E-04    0.000000E+00    0.000000E+00    0.000000E+00
6.535000E-01    1.041514E-01   -1.120904E-01   -1.312227E+01    0.000000E+00    0.000000E+00    0.000000E+00    5.069263E-02    4.099297E-02    2.116032E-04    0.000000E+00    0.000000E+00    0.000000E+00
6.545000E-01    1.045446E-01   -1.118648E-01   -1.312250E+01    0.000000E+00    0.000000E+00    0.000000E+00    5.057694E-02    4.114039E-02    1.867897E-04    0.000000E+00    0.000000E+00    0.000000E+00
6.555000E-01    1.049362E-01   -1.116361E-01   -1.312273E+01    0.000000E+00    0.000000E+00    0.000000E+00    5.046122E-02    4.128664E-02    1.622024E-04    0.000000E+00    0.000000E+00    0.000000E+00
6.565000E-01    1.052685E-01   -1.114079E-01   -1.312296E+01    0.000000E+00    0.000000E+00    0.000000E+00    5.034418E-02    4.142912E-02    1.413771E-04    0.000000E+00    0.000000E+00    0.000000E+00
6.575000E-01    1.056539E-01   -1.111653E-01   -1.312319E+01    0.000000E+00    0.000000E+00    0.000000E+00    5.022587E-02    4.156989E-02    1.176720E-04    0.000000E+00    0.000000E+00    0.000000E+00
6.585000E-01    1.060389E-01   -1.109189E-01   -1.312342E+01    0.000000E+00    0.000000E+00    0.000000E+00    5.010726E-02    4.171002E-02    9.441787E-05    0.000000E+00    0.000000E+00    0.000000E+00
6.595000E-01    1.064252E-01   -1.106673E-01   -1.312364E+01    0.000000E+00    0.000000E+00    0.000000E+00    4.998820E-02    4.185051E-02    7.157922E-05    0.000000E+00    0.000000E+00    0.000000E+00
6.605000E-01    1.067700E-01   -1.104418E-01   -1.312388E+01    0.000000E+00    0.000000E+00    0.000000E+00    4.986994E-02    4.198893E-02    4.645112E-05    0.000000E+00    0.000000E+00    0.000000E+00
6.615000E-01    1.071397E-01   -1.101085E-01   -1.312412E+01    0.000000E+00    0.000000E+00    0.000000E+00    4.974908E-02    4.212676E-02    2.901777E-05    0.000000E+00    0.000000E+00    0.000000E+00
6.625000E-01    1.075168E-01   -1.098488E-01   -1.312434E+01    0.000000E+00    0.000000E+00    0.000000E+00    4.963050E-02    4.226276E-02    7.344755E-06    0.000000E+00    0.000000E+00    0.000000E+00
6.635000E-01    1.078921E-01   -1.095858E-01   -1.312457E+01    0.000000E+00    0.000000E+00    0.000000E+00    4.951217E-02    4.239753E-02   -1.398937E-05    0.000000E+00    0.000000E+00    0.000000E+00
6.645000E-01    1.083035E-01   -1.092893E-01   -1.312480E+01    0.000000E+00    0.000000E+00    0.000000E+00    4.939337E-02    4.253119E-02   -3.764002E-05    0.000000E+00    0.000000E+00    0.000000E+00
6.655000E-01    1.086729E-01   -1.090211E-01   -1.312503E+01    0.000000E+00    0.000000E+00    0.000000E+00    4.927583E-02    4.266291E-02   -5.836418E-05    0.000000E+00    0.000000E+00    0.000000E+00
6.665000E-01    1.090389E-01   -1.087505E-01   -1.312525E+01    0.000000E+00    0.000000E+00    0.000000E+00    4.915884E-02    4.279324E-02   -7.871777E-05    0.000000E+00    0.000000E+00    0.000000E+00
6.675000E-01    1.094025E-01   -1.084778E-01   -1.312548E+01    0.000000E+00    0.000000E+00    0.000000E+00    4.904264E-02    4.292208E-02   -9.879557E-05    0.000000E+00    0.000000E+00    0.000000E+00
6.685000E-01    1.097627E-01   -1.082034E-01   -1.312571E+01    0.000000E+00    0.000000E+00    0.000000E+00    4.892710E-02    4.304947E-02   -1.185494E-04    0.000000E+00    0.000000E+00    0.000000E+00
6.695000E-01    1.101216E-01   -1.079257E-01   -1.312593E+01    0.000000E+00    0.000000E+00    0.000000E+00    4.881186E-02    4.317598E-02   -1.380524E-04    0.000000E+00    0.000000E+00    0.000000E+00
6.705000E-01    1.104976E-01   -1.076196E-01   -1.312616E+01    0.000000E+00    0.000000E+00    0.000000E+00    4.869681E-02    4.330169E-02   -1.552419E-04    0.000000E+00    0.000000E+00    0.000000E+00
6.715000E-01    1.108064E-01   -1.073077E-01   -1.312639E+01    0.000000E+00    0.000000E+00    0.000000E+00    4.858222E-02    4.342446E-02   -1.713740E-04    0.000000E+00    0.000000E+00    0.000000E+00
6.725000E-01    1.111547E-01   -1.070274E-01   -1.312662E+01    0.000000E+00    0.000000E+00    0.000000E+00    4.846962E-02    4.354647E-02   -1.901898E-04    0.000000E+00    0.000000E+00    0.000000E+00
6.735000E-01    1.115445E-01   -1.068021E-01   -1.312685E+01    0.000000E+00    0.000000E+00    0.000000E+00    4.835849E-02    4.366936E-02   -2.126955E-04    0.000000E+00    0.000000E+00    0.000000E+00
6.745000E-01    1.118892E-01   -1.065174E-01   -1.312708E+01    0.000000E+00    0.000000E+00    0.000000E+00    4.824659E-02    4.379045E-02   -2.305591E-04    0.000000E+00    0.000000E+00    0.000000E+00
6.755000E-01    1.121708E-01   -1.062238E-01   -1.312731E+01    0.000000E+00    0.000000E+00    0.000000E+00    4.813561E-02    4.390931E-02   -2.517151E-04    0.000000E+00    0.000000E+00    0.000000E+00
6.765000E-01    1.125133E-01   -1.059396E-01   -1.312754E+01    0.000000E+00    0.000000E+00    0.000000E+00    4.802573E-02    4.402800E-02   -2.692466E-04    0.000000E+00    0.000000E+00    0.000000E+00
6.775000E-01    1.128456E-01   -1.056577E-01   -1.312776E+01    0.000000E+00    0.000000E+00    0.000000E+00    4.791784E-02    4.414465E-02   -2.871113E-04    0.000000E+00    0.000000E+00    0.000000E+00
6.785000E-01    1.131803E-01   -1.053724E-01   -1.312799E+01    0.000000E+00    0.000000E+00    0.000000E+00    4.781120E-02    4.425999E-02   -3.051980E-04    0.000000E+00    0.000000E+00    0.000000E+00
6.795000E-01    1.135118E-01   -1.050944E-01   -1.312822E+01    0.000000E+00    0.000000E+00    0.000000E+00    4.770566E-02    4.437416E-02   -3.228373E-04    0.000000E+00    0.000000E+00    0.000000E+00
6.805000E-01    1.138335E-01   -1.048131E-01   -1.312844E+01    0.000000E+00    0.000000E+00    0.000000E+00    4.760115E-02    4.448686E-02   -3.406867E-04    0.000000E+00    0.000000E+00    0.000000E+00
6.815000E-01    1.141512E-01   -1.045325E-01   -1.312867E+01    0.000000E+00    0.000000E+00    0.000000E+00    4.749781E-02    4.459817E-02   -3.585697E-04    0.000000E+00    0.000000E+00    0.000000E+00
6.825000E-01    1.144636E-01   -1.042517E-01   -1.312890E+01    0.000000E+00    0.000000E+00    0.000000E+00    4.739582E-02    4.470784E-02   -3.765071E-04    0.000000E+00    0.000000E+00    0.000000E+00
6.835000E-01    1.147722E-01   -1.039735E-01   -1.312912E+01    0.000000E+00    0.000000E+00    0.000000E+00    4.729524E-02    4.481595E-02   -3.946114E-04    0.000000E+00    0.000000E+00    0.000000E+00
6.845000E-01    1.150759E-01   -1.036974E-01   -1.312935E+01    0.000000E+00    0.000000E+00    0.000000E+00    4.719600E-02    4.492259E-02   -4.128885E-04    0.000000E+00    0.000000E+00    0.000000E+00
6.855000E-01    1.153690E-01   -1.034682E-01   -1.312958E+01    0.000000E+00    0.000000E+00    0.000000E+00    4.709901E-02    4.502798E-02   -4.337388E-04    0.000000E+00    0.000000E+00    0.000000E+00
6.865000E-01    1.156631E-01   -1.031957E-01   -1.312981E+01    0.000000E+00    0.000000E+00    0.000000E+00    4.700264E-02    4.513159E-02   -4.522713E-04    0.000000E+00    0.000000E+00    0.000000E+00
6.875000E-01    1.159527E-01   -1.029261E-01   -1.313004E+01    0.000000E+00    0.000000E+00    0.000000E+00    4.690768E-02    4.523380E-02   -4.709098E-04    0.000000E+00    0.000000E+00    0.000000E+00
6.885000E-01    1.162386E-01   -1.026585E-01   -1.313026E+01    0.000000E+00    0.000000E+00    0.000000E+00    4.681425E-02    4.533466E-02   -4.897451E-04    0.000000E+00    0.000000E+00    0.000000E+00
6.895000E-01    1.165183E-01   -1.023934E-01   -1.313049E+01    0.000000E+00    0.000000E+00    0.000000E+00    4.672242E-02    4.543408E-02   -5.089524E-04    0.000000E+00    0.000000E+00    0.000000E+00
6.905000E-01    1.167899E-01   -1.021329E-01   -1.313072E+01    0.000000E+00    0.000000E+00    0.000000E+00    4.663281E-02    4.553048E-02   -5.289667E-04    0.000000E+00    0.000000E+00    0.000000E+00
6.915000E-01    1.170420E-01   -1.018738E-01   -1.313095E+01    0.000000E+00    0.000000E+00    0.000000E+00    4.654407E-02    4.561987E-02   -5.521525E-04    0.000000E+00    0.000000E+00    0.000000E+00
6.925000E-01    1.173228E-01   -1.015674E-01   -1.313120E+01    0.000000E+00    0.000000E+00    0.000000E+00    4.645651E-02    4.569917E-02   -5.780253E-04    0.000000E+00    0.000000E+00    0.000000E+00
6.935000E-01    1.175455E-01   -1.013174E-01   -1.313143E+01    0.000000E+00    0.000000E+00    0.000000E+00    4.637208E-02    4.577454E-02   -6.028236E-04    0.000000E+00    0.000000E+00    0.000000E+00
6.945000E-01    1.177853E-01   -1.010625E-01   -1.313166E+01    0.000000E+00    0.000000E+00    0.000000E+00    4.628688E-02    4.585874E-02   -6.242369E-04    0.000000E+00    0.000000E+00    0.000000E+00
6.955000E-01    1.180809E-01   -1.008374E-01   -1.313190E+01    0.000000E+00    0.000000E+00    0.000000E+00    4.620213E-02    4.595019E-02   -6.410729E-04    0.000000E+00    0.000000E+00    0.000000E+00
6.965000E-01    1.183281E-01   -1.005874E-01   -1.313213E+01    0.000000E+00    0.000000E+00    0.000000E+00    4.611890E-02    4.603871E-02   -6.614668E-04    0.000000E+00    0.000000E+00    0.000000E+00
6.975000E-01    1.185650E-01   -1.003453E-01   -1.313236E+01    0.000000E+00    0.000000E+00    0.000000E+00    4.603907E-02    4.612354E-02   -6.824736E-04    0.000000E+00    0.000000E+00    0.000000E+00
6.985000E-01    1.187564E-01   -1.001146E-01   -1.313259E+01    0.000000E+00    0.000000E+00    0.000000E+00    4.596084E-02    4.620671E-02   -7.011853E-04    0.000000E+00    0.000000E+00    0.000000E+00
6.995000E-01    1.186873E-01   -9.982673E-02   -1.313280E+01    0.000000E+00    0.000000E+00    0.000000E+00    4.588398E-02    4.628986E-02   -7.130789E-04    0.000000E+00    0.000000E+00    0.000000E+00
7.005000E-01    7.403167E-01    6.412468E-01    4.163954E+01    0.000000E+00    0.000000E+00    0.000000E+00   -2.353292E-01    2.947484E-01    1.035882E-01    0.000000E+00    0.000000E+00    0.000000E+00
7.015000E-01   -3.161493E-01    1.563229E+00    2.658619E+01    0.000000E+00    0.000000E+00    0.000000E+00   -5.986196E-01   -1.610306E-01    1.588665E-01    0.000000E+00    0.000000E+00    0.000000E+00
7.025000E-01   -2.586537E+00   -1.870884E+00    1.487192E+01    0.000000E+00    0.000000E+00    0.000000E+00    5.034309E-01   -9.628094E-01   -4.025986E-01    0.000000E+00    0.000000E+00    0.000000E+00
7.035000E-01   -2.526311E+00    1.128993E+00    1.968464E+01    0.000000E+00    0.000000E+00    0.000000E+00   -6.027025E-01   -1.122532E+00   -6.204961E-02    0.000000E+00    0.000000E+00    0.000000E+00
7.045000E-01   -2.075920E+00    1.526356E+00    2.505407E+01    0.000000E+00    0.000000E+00    0.000000E+00   -7.707664E-01   -9.375502E-01    1.711998E-01    0.000000E+00    0.000000E+00    0.000000E+00
7.055000E-01   -4.839538E+00    1.412374E+00    1.693941E+01    0.000000E+00    0.000000E+00    0.000000E+00   -7.176591E-01   -1.875241E+00    1.008458E-01    0.000000E+00    0.000000E+00    0.000000E+00
7.065000E-01   -4.703654E+00    1.106611E+00    2.397707E+01    0.000000E+00    0.000000E+00    0.000000E+00   -7.964605E-01   -1.887510E+00    1.884016E-01    0.000000E+00    0.000000E+00    0.000000E+00
7.075000E-01    8.517350E-01    2.265038E+00    1.042283E+01    0.000000E+00    0.000000E+00    0.000000E+00   -1.216876E+00    8.519212E-02    3.300484E-01    0.000000E+00    0.000000E+00    0.000000E+00
7.085000E-01   -3.388765E+00    5.268865E+00   -5.516915E+00    0.000000E+00    0.000000E+00    0.000000E+00   -1.881052E+00   -1.408999E+00    5.207174E-02    0.000000E+00    0.000000E+00    0.000000E+00
7.095000E-01    1.632914E-01   -1.521977E+00    6.197528E+00    0.000000E+00    0.000000E+00    0.000000E+00    2.182642E-01   -2.581528E-01    7.091134E-02    0.000000E+00    0.000000E+00    0.000000E+00
7.105000E-01    3.178570E+00    5.311583E-01    4.365321E+00    0.000000E+00    0.000000E+00    0.000000E+00   -2.919497E-01    6.658056E-01    2.065030E-01    0.000000E+00    0.000000E+00    0.000000E+00
7.115000E-01    1.030120E+00    8.732424E-01   -5.659057E+00    0.000000E+00    0.000000E+00    0.000000E+00   -9.991675E-02    9.669801E-02    1.738677E-01    0.000000E+00    0.000000E+00    0.000000E+00
7.125000E-01   -1.615301E+00   -1.298063E+00   -1.050796E+00    0.000000E+00    0.000000E+00    0.000000E+00    6.744369E-01   -6.067897E-01    1.068428E-01    0.000000E+00    0.000000E+00    0.000000E+00
7.135000E-01    4.705963E-01    1.285631E+00   -6.697235E+00    0.000000E+00    0.000000E+00    0.000000E+00   -5.141164E-01    3.633103E-01   -8.847172E-02    0.000000E+00    0.000000E+00    0.000000E+00
7.145000E-01    2.915443E-01    1.632909E+00   -7.504252E+00    0.000000E+00    0.000000E+00    0.000000E+00   -6.073914E-01    1.601563E-01   -2.829656E-02    0.000000E+00    0.000000E+00    0.000000E+00
7.155000E-01    1.719507E+00    1.879834E+00    4.694886E+00    0.000000E+00    0.000000E+00    0.000000E+00   -8.471729E-01    3.805476E-01    7.001191E-02    0.000000E+00    0.000000E+00    0.000000E+00
7.165000E-01    5.462808E-01    8.276996E-01    5.305992E-01    0.000000E+00    0.000000E+00    0.000000E+00   -3.983643E-01    1.152914E-01    4.743664E-02    0.000000E+00    0.000000E+00    0.000000E+00
7.175000E-01    1.129532E+00    4.763078E-01   -3.704006E+01    0.000000E+00    0.000000E+00    0.000000E+00   -2.106663E-01    5.619227E-02   -1.283960E-02    0.000000E+00    0.000000E+00    0.000000E+00
7.185000E-01    1.463294E-01    1.088870E+00   -1.077867E+01    0.000000E+00    0.000000E+00    0.000000E+00   -4.342605E-01   -5.526354E-01   -4.515407E-04    0.000000E+00    0.000000E+00    0.000000E+00
7.195000E-01   -3.852316E+00   -1.277619E+00   -2.625553E+01    0.000000E+00    0.000000E+00    0.000000E+00    5.482099E-01   -2.161841E+00   -5.525497E-02    0.000000E+00    0.000000E+00    0.000000E+00
7.205000E-01   -1.277791E+00   -5.379342E-01   -2.130341E+01    0.000000E+00    0.000000E+00    0.000000E+00    2.690869E-01   -1.234014E+00   -1.036817E-01    0.000000E+00    0.000000E+00    0.000000E+00
7.215000E-01   -1.061009E+00   -8.831389E-01   -1.373131E+01    0.000000E+00    0.000000E+00    0.000000E+00    4.772333E-01   -9.831878E-01   -1.339183E-01    0.000000E+00    0.000000E+00    0.000000E+00
7.225000E-01   -3.670533E+00   -1.531338E+00   -3.505115E+01    0.000000E+00    0.000000E+00    0.000000E+00    7.742182E-01   -2.317990E+00    1.442454E-01    0.000000E+00    0.000000E+00    0.000000E+00
7.235000E-01   -1.719481E+00   -2.066826E+00   -2.670448E+01    0.000000E+00    0.000000E+00    0.000000E+00    1.022235E+00   -1.434036E+00   -2.616078E-01    0.000000E+00    0.000000E+00    0.000000E+00
7.245000E-01   -1.712374E+00   -2.260153E+00   -2.851417E+01    0.000000E+00    0.000000E+00    0.000000E+00    1.188289E+00   -1.447866E+00   -2.676490E-01    0.000000E+00    0.000000E+00    0.000000E+00
7.255000E-01   -4.683206E+00   -2.078446E+00   -2.263656E+01    0.000000E+00    0.000000E+00    0.000000E+00    1.154214E+00   -2.886868E+00   -2.658390E-01    0.000000E+00    0.000000E+00    0.000000E+00
7.265000E-01   -1.884784E+00   -2.076109E+00   -4.186355E+01    0.000000E+00    0.000000E+00    0.000000E+00    1.157903E+00   -1.592707E+00   -2.182513E-01    0.000000E+00    0.000000E+00    0.000000E+00
7.275000E-01   -3.795369E+00   -1.864576E+00   -6.439757E+00    0.000000E+00    0.000000E+00    0.000000E+00    1.222341E+00   -2.490704E+00   -4.073938E-01    0.000000E+00    0.000000E+00    0.000000E+00
7.285000E-01   -3.388287E+00   -1.824336E+00   -2.228153E+01    0.000000E+00    0.000000E+00    0.000000E+00    1.138349E+00   -2.329157E+00   -3.826587E-01    0.000000E+00    0.000000E+00    0.000000E+00
7.295000E-01   -1.963403E+00   -1.059545E+00   -3.872131E+01    0.000000E+00    0.000000E+00    0.000000E+00    9.695508E-01   -1.714167E+00   -3.217671E-01    0.000000E+00    0.000000E+00    0.000000E+00
7.305000E-01   -2.955687E+00    1.222081E+00   -5.483062E+01    0.000000E+00    0.000000E+00    0.000000E+00   -2.012600E-02   -2.815001E+00   -6.094287E-01    0.000000E+00    0.000000E+00    0.000000E+00
7.315000E-01   -4.818127E+00    9.122288E-01   -4.456020E+01    0.000000E+00    0.000000E+00    0.000000E+00   -1.075984E-01   -2.864326E+00   -6.006180E-02    0.000000E+00    0.000000E+00    0.000000E+00
7.325000E-01   -3.739591E+00   -1.655153E+00   -5.939361E+00    0.000000E+00    0.000000E+00    0.000000E+00    1.025099E+00   -1.953458E+00    3.907275E-02    0.000000E+00    0.000000E+00    0.000000E+00
7.335000E-01   -5.606234E+00   -1.976858E+00   -5.986268E+01    0.000000E+00    0.000000E+00    0.000000E+00    1.120656E+00   -3.071731E+00   -1.508025E-01    0.000000E+00    0.000000E+00    0.000000E+00
7.345000E-01   -3.265697E+00   -2.211330E+00   -5.131615E+01    0.000000E+00    0.000000E+00    0.000000E+00    1.150797E+00   -1.597359E+00   -8.686017E-02    0.000000E+00    0.000000E+00    0.000000E+00
7.355000E-01    2.644041E+00    2.754800E+00   -5.239553E+01    0.000000E+00    0.000000E+00    0.000000E+00   -1.302783E+00    7.072781E-01    3.028895E-01    0.000000E+00    0.000000E+00    0.000000E+00
7.365000E-01    6.741998E+00    1.963590E+00   -5.695177E+01    0.000000E+00    0.000000E+00    0.000000E+00   -4.600663E-01    3.818097E+00    9.170473E-01    0.000000E+00    0.000000E+00    0.000000E+00
7.375000E-01    2.604555E+00   -3.161133E+00   -4.082025E+01    0.000000E+00    0.000000E+00    0.000000E+00    1.262670E+00    1.664553E+00    1.186568E+00    0.000000E+00    0.000000E+00    0.000000E+00
7.385000E-01    5.393848E+00   -4.926733E+00   -6.202890E+01    0.000000E+00    0.000000E+00    0.000000E+00    2.526021E+00    2.783372E+00    8.339095E-01    0.000000E+00    0.000000E+00    0.000000E+00
7.395000E-01   -3.450519E+00   -7.291562E+00   -6.460202E+01    0.000000E+00    0.000000E+00    0.000000E+00    4.123306E+00   -2.188325E+00    7.192167E-02    0.000000E+00    0.000000E+00    0.000000E+00
7.405000E-01   -1.432579E+01   -1.667263E+01   -5.006634E+01    0.000000E+00    0.000000E+00    0.000000E+00    4.998782E+00   -8.716353E+00    1.374280E+00    0.000000E+00    0.000000E+00    0.000000E+00
7.415000E-01   -5.404088E+01    4.010970E+00   -2.765305E+02    0.000000E+00    0.000000E+00    0.000000E+00    2.486105E+00   -3.575624E+01    1.345681E+00    0.000000E+00    0.000000E+00    0.000000E+00
7.425000E-01    2.111769E+00    1.669085E+01   -1.398155E+02    0.000000E+00    0.000000E+00    0.000000E+00   -8.167199E+00   -3.789372E-01   -3.920488E-01    0.000000E+00    0.000000E+00    0.000000E+00
7.435000E-01   -1.129769E+01   -7.305705E+00   -7.128091E+01    0.000000E+00    0.000000E+00    0.000000E+00    2.723075E+00   -2.689188E+00   -1.959100E+00    0.000000E+00    0.000000E+00    0.000000E+00
7.445000E-01   -4.200217E+00   -1.273178E+01   -1.167144E+02    0.000000E+00    0.000000E+00    0.000000E+00    5.581125E+00   -2.568341E+00   -2.711240E-01    0.000000E+00    0.000000E+00    0.000000E+00
7.455000E-01    1.591405E+00    1.053273E+01   -1.373345E+02    0.000000E+00    0.000000E+00    0.000000E+00   -6.709721E+00    2.264835E+00    1.621528E+00    0.000000E+00    0.000000E+00    0.000000E+00
7.465000E-01    9.879698E+00    4.079651E+00   -1.725214E+02    0.000000E+00    0.000000E+00    0.000000E+00   -1.975125E+00    1.673866E+00    2.363694E+00    0.000000E+00    0.000000E+00    0.000000E+00
7.475000E-01    2.134815E+01    2.078374E+01   -2.196808E+02    0.000000E+00    0.000000E+00    0.000000E+00   -1.024467E+01    8.724182E+00    1.370836E+00    0.000000E+00    0.000000E+00    0.000000E+00
7.485000E-01   -2.107986E+01    2.377710E+01   -2.751547E+02    0.000000E+00    0.000000E+00    0.000000E+00   -8.910683E+00   -1.515781E+01   -6.218095E-01    0.000000E+00    0.000000E+00    0.000000E+00
7.495000E-01   -2.932252E+01   -4.769075E+01   -2.484626E+02    0.000000E+00    0.000000E+00    0.000000E+00    2.413855E+01   -1.884929E+01   -1.544783E+00    0.000000E+00    0.000000E+00    0.000000E+00
7.505000E-01   -6.924695E+00   -1.193833E+01   -2.559218E+02    0.000000E+00    0.000000E+00    0.000000E+00    8.445280E+00   -9.826579E+00   -6.296493E-02    0.000000E+00    0.000000E+00    0.000000E+00
7.515000E-01    4.090466E+01    2.581746E+00   -3.151013E+02    0.000000E+00    0.000000E+00    0.000000E+00    2.045376E+00    1.147671E+01    1.211019E+00    0.000000E+00    0.000000E+00    0.000000E+00
7.525000E-01    9.992630E+00    5.393436E+00   -4.382766E+02    0.000000E+00    0.000000E+00    0.000000E+00    1.376765E+00   -3.558320E+00    3.216655E+00    0.000000E+00    0.000000E+00    0.000000E+00
7.535000E-01    1.598343E+01    2.351303E+01   -5.549761E+02    0.000000E+00    0.000000E+00    0.000000E+00   -6.574376E+00   -2.192377E+00    3.284905E+00    0.000000E+00    0.000000E+00    0.000000E+00
7.545000E-01   -5.060356E+01   -2.116458E+01   -5.856167E+02    0.000000E+00    0.000000E+00    0.000000E+00    1.652184E+01   -3.706551E+01    2.357344E-01    0.000000E+00    0.000000E+00    0.000000E+00
7.555000E-01   -2.030193E+00   -1.940078E+01   -6.277123E+02    0.000000E+00    0.000000E+00    0.000000E+00    1.520876E+01   -1.340431E+01   -1.303489E+00    0.000000E+00    0.000000E+00    0.000000E+00
7.565000E-01    2.072684E+01    4.513822E+00   -7.018379E+02    0.000000E+00    0.000000E+00    0.000000E+00    2.379116E+00   -2.601267E+00   -2.349881E+00    0.000000E+00    0.000000E+00    0.000000E+00
7.575000E-01    3.461212E+01    1.778782E+01   -7.464292E+02    0.000000E+00    0.000000E+00    0.000000E+00   -7.052316E+00    5.949037E+00   -4.472024E+00    0.000000E+00    0.000000E+00    0.000000E+00
7.585000E-01   -5.319036E+01    2.579295E+01   -7.053311E+02    0.000000E+00    0.000000E+00    0.000000E+00   -1.293288E+01   -3.798105E+01   -1.665936E+00    0.000000E+00    0.000000E+00    0.000000E+00
7.595000E-01   -2.425289E+01   -3.366630E+01   -6.494759E+02    0.000000E+00    0.000000E+00    0.000000E+00    2.039354E+01   -2.026149E+01    1.277300E+00    0.000000E+00    0.000000E+00    0.000000E+00
7.605000E-01    1.019568E+01   -2.095014E+01   -5.913113E+02    0.000000E+00    0.000000E+00    0.000000E+00    1.607132E+01   -1.181998E+00    1.687769E+00    0.000000E+00    0.000000E+00    0.000000E+00
7.615000E-01    1.284114E+01   -3.374392E-01   -5.162151E+02    0.000000E+00    0.000000E+00    0.000000E+00    4.401276E+00    1.091333E+00    4.173579E-01    0.000000E+00    0.000000E+00    0.000000E+00
7.625000E-01    3.102670E+01    1.483082E+01   -4.574140E+02    0.000000E+00    0.000000E+00    0.000000E+00   -5.476709E+00    1.075780E+01    6.007162E-01    0.000000E+00    0.000000E+00    0.000000E+00
7.635000E-01   -7.681642E+00    2.648775E+00   -4.707737E+02    0.000000E+00    0.000000E+00    0.000000E+00    4.434325E-01   -1.242190E+01    1.068312E+00    0.000000E+00    0.000000E+00    0.000000E+00
7.645000E-01   -4.581475E+01   -2.128926E+01   -4.591079E+02    0.000000E+00    0.000000E+00    0.000000E+00    1.390855E+01   -3.538938E+01    2.558367E-01    0.000000E+00    0.000000E+00    0.000000E+00
7.655000E-01   -1.354977E+01   -4.768348E+00   -4.254999E+02    0.000000E+00    0.000000E+00    0.000000E+00    4.691790E+00   -1.455052E+01   -8.656429E-01    0.000000E+00    0.000000E+00    0.000000E+00
7.665000E-01   -2.472879E+01   -9.945489E+00   -3.664131E+02    0.000000E+00    0.000000E+00    0.000000E+00    8.607925E+00   -1.927129E+01   -1.790283E-01    0.000000E+00    0.000000E+00    0.000000E+00
7.675000E-01    7.899215E+00   -2.505303E+01   -3.196992E+02    0.000000E+00    0.000000E+00    0.000000E+00    1.754274E+01    1.042083E+00    7.032305E-01    0.000000E+00    0.000000E+00    0.000000E+00
7.685000E-01    6.495974E-01   -1.898005E+00   -3.712437E+02    0.000000E+00    0.000000E+00    0.000000E+00    4.093477E+00   -3.636332E+00    3.683458E-01    0.000000E+00    0.000000E+00    0.000000E+00
7.695000E-01   -4.061156E+00    2.855389E+00   -3.632097E+02    0.000000E+00    0.000000E+00    0.000000E+00    6.849457E-01   -6.456359E+00    1.002570E-01    0.000000E+00    0.000000E+00    0.000000E+00
7.705000E-01   -1.006246E+01   -4.118638E+00   -4.075278E+02    0.000000E+00    0.000000E+00    0.000000E+00    3.920388E+00   -1.138894E+01   -9.579790E-03    0.000000E+00    0.000000E+00    0.000000E+00
7.715000E-01   -3.238609E+01   -1.189298E+00   -4.340277E+02    0.000000E+00    0.000000E+00    0.000000E+00    2.385278E+00   -2.426052E+01   -4.767520E-01    0.000000E+00    0.000000E+00    0.000000E+00
7.725000E-01   -2.144228E+01   -2.632113E+00   -4.726757E+02    0.000000E+00    0.000000E+00    0.000000E+00    4.048363E+00   -1.575671E+01   -5.896850E-01    0.000000E+00    0.000000E+00    0.000000E+00
7.735000E-01    9.014236E+00   -9.931747E-01   -4.983809E+02    0.000000E+00    0.000000E+00    0.000000E+00    2.907174E+00    6.332562E+00   -6.934624E-01    0.000000E+00    0.000000E+00    0.000000E+00
7.745000E-01    8.522782E+00    1.874077E+01   -4.114671E+02    0.000000E+00    0.000000E+00    0.000000E+00   -1.153294E+01    5.941340E+00   -3.988207E-01    0.000000E+00    0.000000E+00    0.000000E+00
7.755000E-01   -8.000255E-01    1.004633E+01   -3.832560E+02    0.000000E+00    0.000000E+00    0.000000E+00   -4.963474E+00   -5.710416E-01   -3.341468E-01    0.000000E+00    0.000000E+00    0.000000E+00
7.765000E-01   -4.452194E+00   -1.209649E+00   -3.276199E+02    0.000000E+00    0.000000E+00    0.000000E+00    3.504295E+00   -3.560840E+00   -2.202920E-01    0.000000E+00    0.000000E+00    0.000000E+00
7.775000E-01   -3.882917E+00   -6.257017E+00   -2.747260E+02    0.000000E+00    0.000000E+00    0.000000E+00    6.975464E+00   -4.496228E+00   -2.712303E-02    0.000000E+00    0.000000E+00    0.000000E+00
7.785000E-01    8.280914E+00   -1.136841E+01   -2.619277E+02    0.000000E+00    0.000000E+00    0.000000E+00    1.170886E+01    4.537177E+00    1.759610E-01    0.000000E+00    0.000000E+00    0.000000E+00
7.795000E-01    8.405226E+00   -9.852290E+00   -1.669374E+02    0.000000E+00    0.000000E+00    0.000000E+00    1.062258E+01    3.483446E+00    2.503058E-01    0.000000E+00    0.000000E+00    0.000000E+00
7.805000E-01    8.843329E+00   -1.926519E+01   -1.980473E+02    0.000000E+00    0.000000E+00    0.000000E+00    1.671960E+01    4.534104E+00    3.050984E-01    0.000000E+00    0.000000E+00    0.000000E+00
7.815000E-01    3.340712E+00   -6.382469E+00   -2.474897E+02    0.000000E+00    0.000000E+00    0.000000E+00    7.249486E+00   -5.387375E-01    1.786600E-01    0.000000E+00    0.000000E+00    0.000000E+00
7.825000E-01    3.074985E+00    5.332067E+00   -1.978530E+02    0.000000E+00    0.000000E+00    0.000000E+00   -2.249212E+00   -2.217097E-01    5.808759E-02    0.000000E+00    0.000000E+00    0.000000E+00
7.835000E-01    6.846845E+00   -2.916171E+00   -3.258417E+02    0.000000E+00    0.000000E+00    0.000000E+00    5.254914E+00    1.570119E+00    9.879431E-02    0.000000E+00    0.000000E+00    0.000000E+00
7.845000E-01    5.066544E+00    1.541456E+00   -1.565075E+02    0.000000E+00    0.000000E+00    0.000000E+00    1.128328E-01    1.825592E+00    6.462423E-02    0.000000E+00    0.000000E+00    0.000000E+00
7.855000E-01    9.956913E+00    4.752119E+00   -7.642009E+01    0.000000E+00    0.000000E+00    0.000000E+00   -3.080561E+00    6.042451E+00    9.560937E-02    0.000000E+00    0.000000E+00    0.000000E+00
7.865000E-01    5.611034E+00   -1.322240E+00   -1.164688E+02    0.000000E+00    0.000000E+00    0.000000E+00    2.061759E+00    2.560357E+00    8.387603E-02    0.000000E+00    0.000000E+00    0.000000E+00
7.875000E-01    8.078932E+00    1.529832E+00   -1.408264E+02    0.000000E+00    0.000000E+00    0.000000E+00   -3.105085E-01    4.519016E+00    1.112411E-01    0.000000E+00    0.000000E+00    0.000000E+00
7.885000E-01    5.405953E+00   -7.638931E+00   -1.511906E+02    0.000000E+00    0.000000E+00    0.000000E+00    6.632258E+00    2.320395E+00    1.338987E-01    0.000000E+00    0.000000E+00    0.000000E+00
7.895000E-01   -8.122655E+00   -9.289010E+00   -2.174046E+02    0.000000E+00    0.000000E+00    0.000000E+00    8.709155E+00   -7.589086E+00    2.612862E-02    0.000000E+00    0.000000E+00    0.000000E+00
7.905000E-01   -9.226921E+00   -8.226162E-01   -1.629816E+02    0.000000E+00    0.000000E+00    0.000000E+00    2.219239E+00   -7.822883E+00    1.157649E-02    0.000000E+00    0.000000E+00    0.000000E+00
7.915000E-01   -1.849304E+00    2.627217E+00   -1.638831E+02    0.000000E+00    0.000000E+00    0.000000E+00    3.925191E-01   -2.849861E+00    8.185480E-02    0.000000E+00    0.000000E+00    0.000000E+00
7.925000E-01   -1.234827E+00   -5.045256E+00   -2.541883E+02    0.000000E+00    0.000000E+00    0.000000E+00    6.684858E+00   -3.042356E+00    1.337254E-01    0.000000E+00    0.000000E+00    0.000000E+00
7.935000E-01    3.328666E-01   -1.128635E+00   -1.087167E+02    0.000000E+00    0.000000E+00    0.000000E+00    2.452714E+00   -1.118348E+00    1.693905E-01    0.000000E+00    0.000000E+00    0.000000E+00
7.945000E-01   -2.908352E-01   -1.272510E+00   -2.520087E+02    0.000000E+00    0.000000E+00    0.000000E+00    4.190188E+00   -2.335923E+00    1.361413E-01    0.000000E+00    0.000000E+00    0.000000E+00
7.955000E-01   -1.353683E+01    8.417512E-01   -2.126419E+02    0.000000E+00    0.000000E+00    0.000000E+00    1.955422E+00   -1.061170E+01    1.120180E-02    0.000000E+00    0.000000E+00    0.000000E+00
7.965000E-01   -1.461951E-01   -2.818445E+00   -2.263326E+02    0.000000E+00    0.000000E+00    0.000000E+00    4.430755E+00   -1.329059E+00    1.532936E-01    0.000000E+00    0.000000E+00    0.000000E+00
7.975000E-01   -1.866935E+00    6.601620E-01   -2.193800E+02    0.000000E+00    0.000000E+00    0.000000E+00    2.313001E+00   -2.386417E+00    1.001053E-01    0.000000E+00    0.000000E+00    0.000000E+00
7.985000E-01   -1.259786E+00    8.578776E+00   -2.862499E+02    0.000000E+00    0.000000E+00    0.000000E+00   -1.958904E+00   -2.077434E+00    2.943633E-05    0.000000E+00    0.000000E+00    0.000000E+00
7.995000E-01   -2.578397E+00    8.668092E+00   -2.147457E+02    0.000000E+00    0.000000E+00    0.000000E+00   -3.197620E+00   -2.486621E+00   -4.702867E-02    0.000000E+00    0.000000E+00    0.000000E+00
8.005000E-01   -4.444257E+00   -1.947001E+00   -2.548344E+02    0.000000E+00    0.000000E+00    0.000000E+00    4.335572E+00   -3.751010E+00   -6.384902E-03    0.000000E+00    0.000000E+00    0.000000E+00
8.015000E-01   -1.631555E+00   -1.073173E+01   -2.772567E+02    0.000000E+00    0.000000E+00    0.000000E+00    1.024859E+01   -1.867030E+00    6.846257E-02    0.000000E+00    0.000000E+00    0.000000E+00
8.025000E-01   -7.982867E+00   -1.399976E+00   -2.586996E+02    0.000000E+00    0.000000E+00    0.000000E+00    4.065387E+00   -5.818347E+00   -4.517645E-02    0.000000E+00    0.000000E+00    0.000000E+00
8.035000E-01    4.002028E+00   -7.950598E-01   -2.614258E+02    0.000000E+00    0.000000E+00    0.000000E+00    3.876671E+00    1.907220E+00    8.814664E-02    0.000000E+00    0.000000E+00    0.000000E+00
8.045000E-01    2.358486E+00   -6.822492E+00   -2.664523E+02    0.000000E+00    0.000000E+00    0.000000E+00    7.848810E+00    6.122446E-01    6.783122E-02    0.000000E+00    0.000000E+00    0.000000E+00
8.055000E-01    1.388749E+00   -3.907133E+00   -2.547325E+02    0.000000E+00    0.000000E+00    0.000000E+00    6.009116E+00    5.343036E-02    4.673445E-02    0.000000E+00    0.000000E+00    0.000000E+00
8.065000E-01    1.020419E+01    7.897629E-01   -2.606876E+02    0.000000E+00    0.000000E+00    0.000000E+00    3.326466E+00    5.545164E+00    1.930356E-01    0.000000E+00    0.000000E+00    0.000000E+00
8.075000E-01   -3.303369E-01   -1.892757E+00   -1.650034E+02    0.000000E+00    0.000000E+00    0.000000E+00    3.665038E+00   -1.006728E+00    1.607397E-01    0.000000E+00    0.000000E+00    0.000000E+00
8.085000E-01   -2.144973E+00   -6.135994E+00   -2.593550E+02    0.000000E+00    0.000000E+00    0.000000E+00    7.861388E+00   -2.394029E+00    2.134530E-01    0.000000E+00    0.000000E+00    0.000000E+00
8.095000E-01    1.305527E+00   -7.014489E+00   -2.375048E+02    0.000000E+00    0.000000E+00    0.000000E+00    8.046343E+00   -3.317221E-01    3.049837E-01    0.000000E+00    0.000000E+00    0.000000E+00
8.105000E-01   -1.736591E+00   -6.820267E+00   -2.043205E+02    0.000000E+00    0.000000E+00    0.000000E+00    7.142254E+00   -2.158586E+00    2.836786E-01    0.000000E+00    0.000000E+00    0.000000E+00
8.115000E-01   -6.713017E-01   -7.357985E+00   -2.606134E+02    0.000000E+00    0.000000E+00    0.000000E+00    8.399514E+00   -1.500499E+00    3.066090E-01    0.000000E+00    0.000000E+00    0.000000E+00
8.125000E-01   -1.818594E+00   -3.401189E+00   -2.535798E+02    0.000000E+00    0.000000E+00    0.000000E+00    5.923135E+00   -2.109470E+00    2.954666E-01    0.000000E+00    0.000000E+00    0.000000E+00
8.135000E-01    2.658343E+00   -2.373891E+00   -2.206364E+02    0.000000E+00    0.000000E+00    0.000000E+00    4.935877E+00    7.254782E-01    3.157557E-01    0.000000E+00    0.000000E+00    0.000000E+00
8.145000E-01   -4.963544E+00   -4.287732E-01   -1.436406E+02    0.000000E+00    0.000000E+00    0.000000E+00    2.609937E+00   -3.602603E+00    1.443196E-01    0.000000E+00    0.000000E+00    0.000000E+00
8.155000E-01   -2.232280E+00   -5.467997E+00   -2.676644E+02    0.000000E+00    0.000000E+00    0.000000E+00    8.091400E+00   -2.393237E+00    1.476380E-01    0.000000E+00    0.000000E+00    0.000000E+00
8.165000E-01   -1.118369E+01   -6.982562E-01   -2.438057E+02    0.000000E+00    0.000000E+00    0.000000E+00    4.747399E+00   -7.864649E+00   -9.210256E-02    0.000000E+00    0.000000E+00    0.000000E+00
8.175000E-01   -9.352570E+00    5.274375E-01   -2.464618E+02    0.000000E+00    0.000000E+00    0.000000E+00    4.105466E+00   -6.656997E+00   -2.375728E-02    0.000000E+00    0.000000E+00    0.000000E+00
8.185000E-01    2.774613E+00   -9.496547E+00   -1.772942E+02    0.000000E+00    0.000000E+00    0.000000E+00    9.275859E+00    1.232662E+00    3.071752E-01    0.000000E+00    0.000000E+00    0.000000E+00
8.195000E-01   -5.125828E+00    1.123129E+01   -1.540357E+02    0.000000E+00    0.000000E+00    0.000000E+00   -4.100996E+00   -3.778702E+00    9.212977E-02    0.000000E+00    0.000000E+00    0.000000E+00
8.205000E-01   -2.026634E-01   -1.746458E+00   -2.493046E+02    0.000000E+00    0.000000E+00    0.000000E+00    5.957371E+00   -8.524804E-01    1.615922E-01    0.000000E+00    0.000000E+00    0.000000E+00
8.215000E-01    5.688168E+00   -3.953694E+00   -1.234318E+02    0.000000E+00    0.000000E+00    0.000000E+00    5.204172E+00    3.287367E+00    2.489061E-01    0.000000E+00    0.000000E+00    0.000000E+00
8.225000E-01    4.849709E+00   -1.497212E+00   -2.077010E+02    0.000000E+00    0.000000E+00    0.000000E+00    5.134694E+00    2.423167E+00    1.330029E-01    0.000000E+00    0.000000E+00    0.000000E+00
8.235000E-01    2.895103E+00   -2.459596E+00   -2.687964E+02    0.000000E+00    0.000000E+00    0.000000E+00    7.017938E+00    1.195428E+00   -2.522728E-02    0.000000E+00    0.000000E+00    0.000000E+00
8.245000E-01    6.431907E+00   -2.785600E-01   -2.366082E+02    0.000000E+00    0.000000E+00    0.000000E+00    5.054517E+00    3.489677E+00   -2.842500E-02    0.000000E+00    0.000000E+00    0.000000E+00
8.255000E-01    5.725446E+00   -8.532622E+00   -1.949888E+02    0.000000E+00    0.000000E+00    0.000000E+00    9.131143E+00    3.281135E+00    1.728401E-02    0.000000E+00    0.000000E+00    0.000000E+00
8.265000E-01   -1.098846E+00   -8.690503E+00   -2.386875E+02    0.000000E+00    0.000000E+00    0.000000E+00    1.015393E+01   -7.909581E-01   -8.712457E-02    0.000000E+00    0.000000E+00    0.000000E+00
8.275000E-01    4.628618E+00   -8.141589E+00   -2.451780E+02    0.000000E+00    0.000000E+00    0.000000E+00    1.038123E+01    2.514481E+00    1.665909E-02    0.000000E+00    0.000000E+00    0.000000E+00
8.285000E-01   -1.216908E+00   -3.368884E+00   -2.153263E+02    0.000000E+00    0.000000E+00    0.000000E+00    7.404955E+00   -1.179044E+00   -9.465290E-02    0.000000E+00    0.000000E+00    0.000000E+00
8.295000E-01   -2.023828E+00   -6.002938E-03   -2.031334E+02    0.000000E+00    0.000000E+00    0.000000E+00    4.932993E+00   -1.746240E+00   -9.579417E-02    0.000000E+00    0.000000E+00    0.000000E+00
8.305000E-01    9.546346E+00   -7.949790E+00   -2.353824E+02    0.000000E+00    0.000000E+00    0.000000E+00    1.079464E+01    4.936616E+00    2.216245E-01    0.000000E+00    0.000000E+00    0.000000E+00
8.315000E-01   -1.932416E+00   -7.064507E+00   -2.440149E+02    0.000000E+00    0.000000E+00    0.000000E+00    1.033175E+01   -1.944288E+00   -1.622024E-02    0.000000E+00    0.000000E+00    0.000000E+00
8.325000E-01   -2.960059E+00   -4.005754E-01   -2.359586E+02    0.000000E+00    0.000000E+00    0.000000E+00    5.914245E+00   -2.511946E+00    9.089472E-03    0.000000E+00    0.000000E+00    0.000000E+00
8.335000E-01   -7.722059E-02   -1.060900E+01   -2.163207E+02    0.000000E+00    0.000000E+00    0.000000E+00    1.200803E+01   -8.370718E-01    1.180592E-01    0.000000E+00    0.000000E+00    0.000000E+00
8.345000E-01   -6.013850E+00   -1.801135E+00   -2.342921E+02    0.000000E+00    0.000000E+00    0.000000E+00    7.010620E+00   -4.437895E+00    4.575997E-02    0.000000E+00    0.000000E+00    0.000000E+00
8.355000E-01    7.311221E-01    3.466537E+00   -2.350534E+02    0.000000E+00    0.000000E+00    0.000000E+00    4.022932E+00   -4.871363E-01    2.213628E-01    0.000000E+00    0.000000E+00    0.000000E+00
8.365000E-01   -7.166739E+00   -3.008902E+00   -2.810182E+02    0.000000E+00    0.000000E+00    0.000000E+00    9.661595E+00   -5.091737E+00    9.843547E-03    0.000000E+00    0.000000E+00    0.000000E+00
8.375000E-01   -2.226285E+00    8.405467E+00   -2.175141E+02    0.000000E+00    0.000000E+00    0.000000E+00    5.522216E-01   -1.955467E+00    9.227522E-02    0.000000E+00    0.000000E+00    0.000000E+00
8.385000E-01    1.115637E+00   -4.213420E+00   -2.060961E+02    0.000000E+00    0.000000E+00    0.000000E+00    8.710148E+00    3.187185E-01    1.505298E-01    0.000000E+00    0.000000E+00    0.000000E+00
8.395000E-01    5.135700E+00    2.246757E+00   -2.128720E+02    0.000000E+00    0.000000E+00    0.000000E+00    4.469707E+00    2.593441E+00    1.856048E-01    0.000000E+00    0.000000E+00    0.000000E+00
8.405000E-01   -1.361167E+01   -2.062765E+00   -2.211466E+02    0.000000E+00    0.000000E+00    0.000000E+00    7.709586E+00   -8.616845E+00   -4.209451E-01    0.000000E+00    0.000000E+00    0.000000E+00
8.415000E-01   -8.713682E+00   -6.442859E+00   -2.802522E+02    0.000000E+00    0.000000E+00    0.000000E+00    1.286334E+01   -5.535811E+00   -3.000346E-01    0.000000E+00    0.000000E+00    0.000000E+00
8.425000E-01    2.432431E+00    4.887419E+00   -1.904605E+02    0.000000E+00    0.000000E+00    0.000000E+00    3.270086E+00    9.577715E-01    5.948849E-02    0.000000E+00    0.000000E+00    0.000000E+00
8.435000E-01    7.459113E-01    4.461906E+00   -2.211350E+02    0.000000E+00    0.000000E+00    0.000000E+00    5.057946E+00    1.006287E-01    1.885299E-02    0.000000E+00    0.000000E+00    0.000000E+00
8.445000E-01    2.247438E+00    3.956842E+00   -2.720660E+02    0.000000E+00    0.000000E+00    0.000000E+00    6.902507E+00    1.245136E+00    5.347879E-02    0.000000E+00    0.000000E+00    0.000000E+00
8.455000E-01    1.018010E+01   -2.219971E+01   -2.065540E+02    0.000000E+00    0.000000E+00    0.000000E+00    2.133896E+01    6.482622E+00    3.091060E-01    0.000000E+00    0.000000E+00    0.000000E+00
8.465000E-01   -1.027610E+01    1.805194E+01   -2.158787E+02    0.000000E+00    0.000000E+00    0.000000E+00   -3.731133E+00   -5.875014E+00   -4.835471E-01    0.000000E+00    0.000000E+00    0.000000E+00
8.475000E-01    1.628459E+01   -7.817859E+00   -2.244494E+02    0.000000E+00    0.000000E+00    0.000000E+00    1.285407E+01    1.055402E+01    4.197224E-01    0.000000E+00    0.000000E+00    0.000000E+00
8.485000E-01    3.523258E+00   -1.666484E+01   -1.849867E+02    0.000000E+00    0.000000E+00    0.000000E+00    1.777437E+01    2.981308E+00   -9.508356E-02    0.000000E+00    0.000000E+00    0.000000E+00
8.495000E-01   -1.756193E+01    7.337778E+00   -2.369490E+02    0.000000E+00    0.000000E+00    0.000000E+00    4.385430E+00   -9.871645E+00   -9.071485E-01    0.000000E+00    0.000000E+00    0.000000E+00
8.505000E-01    1.398497E+01   -2.592189E+01   -2.303027E+02    0.000000E+00    0.000000E+00    0.000000E+00    2.684010E+01    9.696218E+00    3.201628E-01    0.000000E+00    0.000000E+00    0.000000E+00
8.515000E-01    5.147743E+00   -1.398274E+01   -2.375351E+02    0.000000E+00    0.000000E+00    0.000000E+00    1.885684E+01    3.673823E+00    3.601339E-02    0.000000E+00    0.000000E+00    0.000000E+00
8.525000E-01   -1.028989E+01   -9.828980E+00   -2.348768E+02    0.000000E+00    0.000000E+00    0.000000E+00    1.659732E+01   -5.581845E+00   -5.626596E-01    0.000000E+00    0.000000E+00    0.000000E+00
8.535000E-01    7.604716E+00   -1.516133E+01   -2.073939E+02    0.000000E+00    0.000000E+00    0.000000E+00    1.859069E+01    5.213318E+00    2.219143E-01    0.000000E+00    0.000000E+00    0.000000E+00
8.545000E-01   -7.029880E+00   -1.693664E+00   -2.345605E+02    0.000000E+00    0.000000E+00    0.000000E+00    1.119047E+01   -4.125479E+00   -3.566532E-01    0.000000E+00    0.000000E+00    0.000000E+00
8.555000E-01   -3.467553E-01   -9.438726E+00   -2.595633E+02    0.000000E+00    0.000000E+00    0.000000E+00    1.805701E+01    2.779203E-01   -5.971908E-02    0.000000E+00    0.000000E+00    0.000000E+00
8.565000E-01   -1.280125E+00    2.738153E+00   -2.397949E+02    0.000000E+00    0.000000E+00    0.000000E+00    8.374312E+00   -6.714378E-01   -1.712967E-02    0.000000E+00    0.000000E+00    0.000000E+00
8.575000E-01   -6.771402E+00   -2.031542E+01   -2.445250E+02    0.000000E+00    0.000000E+00    0.000000E+00    2.504488E+01   -3.625165E+00   -3.144473E-01    0.000000E+00    0.000000E+00    0.000000E+00
8.585000E-01   -4.733645E+00    9.524429E+00   -1.633946E+02    0.000000E+00    0.000000E+00    0.000000E+00    1.541642E+00   -2.759598E+00   -5.085493E-02    0.000000E+00    0.000000E+00    0.000000E+00
8.595000E-01    4.080459E+00    8.101442E+00   -2.395449E+02    0.000000E+00    0.000000E+00    0.000000E+00    5.927472E+00    2.685409E+00    4.145876E-01    0.000000E+00    0.000000E+00    0.000000E+00
8.605000E-01    1.283722E+00   -8.993488E+00   -2.247088E+02    0.000000E+00    0.000000E+00    0.000000E+00    1.738716E+01    1.489468E+00    1.642437E-01    0.000000E+00    0.000000E+00    0.000000E+00
8.615000E-01   -1.081565E+01    8.869956E-01   -2.046442E+02    0.000000E+00    0.000000E+00    0.000000E+00    9.859217E+00   -6.002372E+00   -4.542746E-01    0.000000E+00    0.000000E+00    0.000000E+00
8.625000E-01    1.347193E+01   -1.712181E+01   -2.089008E+02    0.000000E+00    0.000000E+00    0.000000E+00    2.272242E+01    9.347206E+00    7.011710E-01    0.000000E+00    0.000000E+00    0.000000E+00
8.635000E-01   -4.672743E+00   -1.108534E+01   -2.228723E+02    0.000000E+00    0.000000E+00    0.000000E+00    2.005766E+01   -1.911965E+00   -3.069979E-01    0.000000E+00    0.000000E+00    0.000000E+00
8.645000E-01    2.856523E+00    4.884954E+00   -2.122815E+02    0.000000E+00    0.000000E+00    0.000000E+00    9.006587E+00    2.675745E+00    1.955365E-01    0.000000E+00    0.000000E+00    0.000000E+00
8.655000E-01    8.458147E+00   -3.237100E+01   -2.268068E+02    0.000000E+00    0.000000E+00    0.000000E+00    3.584075E+01    6.729332E+00    2.717849E-01    0.000000E+00    0.000000E+00    0.000000E+00
8.665000E-01   -7.805985E+00    2.029433E+00   -2.068596E+02    0.000000E+00    0.000000E+00    0.000000E+00    1.113723E+01   -3.773028E+00   -5.255779E-01    0.000000E+00    0.000000E+00    0.000000E+00
8.675000E-01    8.750119E+00   -1.061482E+01   -2.267887E+02    0.000000E+00    0.000000E+00    0.000000E+00    2.169414E+01    6.995798E+00    4.393887E-01    0.000000E+00    0.000000E+00    0.000000E+00
8.685000E-01    1.557579E+01    4.311111E+00   -2.190084E+02    0.000000E+00    0.000000E+00    0.000000E+00    1.117550E+01    1.087899E+01    1.007338E+00    0.000000E+00    0.000000E+00    0.000000E+00
8.695000E-01   -4.135334E+00   -1.552052E+01   -2.158153E+02    0.000000E+00    0.000000E+00    0.000000E+00    2.434459E+01   -8.143574E-01   -4.392729E-01    0.000000E+00    0.000000E+00    0.000000E+00
8.705000E-01    8.853091E+00   -3.046904E+01   -2.368017E+02    0.000000E+00    0.000000E+00    0.000000E+00    3.656223E+01    7.916095E+00    2.810061E-01    0.000000E+00    0.000000E+00    0.000000E+00
8.715000E-01   -6.975220E+00    4.017932E+00   -2.155889E+02    0.000000E+00    0.000000E+00    0.000000E+00    1.230643E+01   -2.447703E+00   -6.101273E-01    0.000000E+00    0.000000E+00    0.000000E+00
8.725000E-01    1.138541E+01   -1.516347E+01   -2.396126E+02    0.000000E+00    0.000000E+00    0.000000E+00    2.739433E+01    9.142490E+00    5.669048E-01    0.000000E+00    0.000000E+00    0.000000E+00
8.735000E-01    4.148696E+00   -2.130935E+01   -2.221212E+02    0.000000E+00    0.000000E+00    0.000000E+00    3.088864E+01    4.650873E+00   -6.102341E-02    0.000000E+00    0.000000E+00    0.000000E+00
8.745000E-01   -4.527072E+00   -7.137441E+00   -2.169989E+02    0.000000E+00    0.000000E+00    0.000000E+00    2.067403E+01   -1.033041E+00   -5.440217E-01    0.000000E+00    0.000000E+00    0.000000E+00
8.755000E-01    6.526659E+00   -5.487598E+00   -1.984848E+02    0.000000E+00    0.000000E+00    0.000000E+00    1.916871E+01    5.869684E+00    2.840256E-01    0.000000E+00    0.000000E+00    0.000000E+00
8.765000E-01    1.725903E+00   -1.494965E+01   -2.247117E+02    0.000000E+00    0.000000E+00    0.000000E+00    2.766870E+01    3.090251E+00   -9.570075E-02    0.000000E+00    0.000000E+00    0.000000E+00
8.775000E-01    6.779776E+00   -1.530481E+01   -2.110048E+02    0.000000E+00    0.000000E+00    0.000000E+00    2.715533E+01    6.179156E+00    3.548483E-01    0.000000E+00    0.000000E+00    0.000000E+00
8.785000E-01   -5.073069E+00    4.291082E+00   -2.268296E+02    0.000000E+00    0.000000E+00    0.000000E+00    1.529197E+01   -1.088681E+00   -4.203039E-01    0.000000E+00    0.000000E+00    0.000000E+00
8.795000E-01    2.969797E+00   -3.237796E+01   -2.502755E+02    0.000000E+00    0.000000E+00    0.000000E+00    4.390710E+01    4.850410E+00   -9.578475E-02    0.000000E+00    0.000000E+00    0.000000E+00
8.805000E-01    3.059044E+00   -5.654234E+00   -2.253209E+02    0.000000E+00    0.000000E+00    0.000000E+00    2.322235E+01    3.932199E+00    2.586816E-01    0.000000E+00    0.000000E+00    0.000000E+00
8.815000E-01    5.022681E+00   -1.500244E+01   -2.140977E+02    0.000000E+00    0.000000E+00    0.000000E+00    2.945053E+01    5.416656E+00    3.208402E-01    0.000000E+00    0.000000E+00    0.000000E+00
8.825000E-01   -5.295750E+00   -1.160950E+01   -2.201617E+02    0.000000E+00    0.000000E+00    0.000000E+00    2.773877E+01   -9.043314E-01   -5.577375E-01    0.000000E+00    0.000000E+00    0.000000E+00
8.835000E-01    8.019329E+00   -2.026138E+00   -2.348689E+02    0.000000E+00    0.000000E+00    0.000000E+00    2.352749E+01    7.670388E+00    8.669967E-01    0.000000E+00    0.000000E+00    0.000000E+00
8.845000E-01    1.938687E+00   -1.815465E+01   -2.241358E+02    0.000000E+00    0.000000E+00    0.000000E+00    3.369582E+01    4.080697E+00    5.939951E-02    0.000000E+00    0.000000E+00    0.000000E+00
8.855000E-01   -3.836103E+00   -4.845982E+00   -2.232339E+02    0.000000E+00    0.000000E+00    0.000000E+00    2.536292E+01    6.299775E-01   -3.637221E-01    0.000000E+00    0.000000E+00    0.000000E+00
8.865000E-01    2.481236E+00   -2.104333E+01   -2.407121E+02    0.000000E+00    0.000000E+00    0.000000E+00    3.908227E+01    5.304014E+00   -6.369051E-04    0.000000E+00    0.000000E+00    0.000000E+00
8.875000E-01   -1.182648E-01   -2.888140E+00   -2.270130E+02    0.000000E+00    0.000000E+00    0.000000E+00    2.587264E+01    3.211980E+00   -5.204019E-02    0.000000E+00    0.000000E+00    0.000000E+00
8.885000E-01    3.489712E+00   -1.661018E+01   -2.275130E+02    0.000000E+00    0.000000E+00    0.000000E+00    3.572146E+01    5.834692E+00    7.589020E-02    0.000000E+00    0.000000E+00    0.000000E+00
8.895000E-01    4.817377E+00   -2.759618E+01   -2.171052E+02    0.000000E+00    0.000000E+00    0.000000E+00    4.339648E+01    6.863977E+00   -2.028950E-02    0.000000E+00    0.000000E+00    0.000000E+00
8.905000E-01   -7.187851E+00    1.037031E+01   -2.260415E+02    0.000000E+00    0.000000E+00    0.000000E+00    1.792672E+01   -1.059904E+00   -7.169270E-01    0.000000E+00    0.000000E+00    0.000000E+00
8.915000E-01    5.837624E+00   -1.549155E+01   -2.397989E+02    0.000000E+00    0.000000E+00    0.000000E+00    3.878173E+01    8.092733E+00    2.933015E-01    0.000000E+00    0.000000E+00    0.000000E+00
8.925000E-01    5.431088E+00   -2.207849E+01   -2.162725E+02    0.000000E+00    0.000000E+00    0.000000E+00    4.021775E+01    7.504519E+00    1.375090E-01    0.000000E+00    0.000000E+00    0.000000E+00
8.935000E-01    1.243450E+00    2.687203E+00   -2.278922E+02    0.000000E+00    0.000000E+00    0.000000E+00    2.620663E+01    5.291765E+00    9.656079E-02    0.000000E+00    0.000000E+00    0.000000E+00
8.945000E-01    8.049898E-01   -3.285022E+01   -2.324604E+02    0.000000E+00    0.000000E+00    0.000000E+00    5.169126E+01    5.896849E+00   -7.085182E-01    0.000000E+00    0.000000E+00    0.000000E+00
8.955000E-01    5.076500E-01   -1.179661E+01   -2.043792E+02    0.000000E+00    0.000000E+00    0.000000E+00    3.435824E+01    4.927109E+00   -3.020585E-01    0.000000E+00    0.000000E+00    0.000000E+00
8.965000E-01    1.020168E+01   -2.844638E+01   -2.125868E+02    0.000000E+00    0.000000E+00    0.000000E+00    4.732886E+01    1.136754E+01    5.796499E-01    0.000000E+00    0.000000E+00    0.000000E+00
8.975000E-01    5.612151E-01   -7.673069E+00   -2.200283E+02    0.000000E+00    0.000000E+00    0.000000E+00    3.455389E+01    5.284099E+00   -2.644857E-01    0.000000E+00    0.000000E+00    0.000000E+00
8.985000E-01    2.500773E+00   -2.080163E+01   -2.150130E+02    0.000000E+00    0.000000E+00    0.000000E+00    4.439636E+01    6.976276E+00   -3.398838E-01    0.000000E+00    0.000000E+00    0.000000E+00
8.995000E-01    4.804295E+00   -2.567840E+01   -2.311632E+02    0.000000E+00    0.000000E+00    0.000000E+00    4.963570E+01    8.726824E+00   -1.341501E-01    0.000000E+00    0.000000E+00    0.000000E+00
9.005000E-01    8.277580E+00   -3.697243E+01   -2.463255E+02    0.000000E+00    0.000000E+00    0.000000E+00    6.080793E+01    1.165745E+01    1.325745E-01    0.000000E+00    0.000000E+00    0.000000E+00
9.015000E-01    4.611625E+00   -2.180712E+01   -2.192825E+02    0.000000E+00    0.000000E+00    0.000000E+00    4.723295E+01    8.700507E+00    1.014097E-02    0.000000E+00    0.000000E+00    0.000000E+00
9.025000E-01    4.224971E+00   -2.619256E+01   -2.352361E+02    0.000000E+00    0.000000E+00    0.000000E+00    5.375253E+01    9.173938E+00   -1.379553E-01    0.000000E+00    0.000000E+00    0.000000E+00
9.035000E-01    3.277426E+00   -3.536119E+01   -2.202948E+02    0.000000E+00    0.000000E+00    0.000000E+00    5.787264E+01    8.334094E+00   -5.195902E-01    0.000000E+00    0.000000E+00    0.000000E+00
9.045000E-01    3.755400E+00   -1.810556E+01   -2.281700E+02    0.000000E+00    0.000000E+00    0.000000E+00    4.815367E+01    8.667498E+00    6.837757E-02    0.000000E+00    0.000000E+00    0.000000E+00
9.055000E-01    7.155152E+00   -1.753123E+01   -2.229405E+02    0.000000E+00    0.000000E+00    0.000000E+00    4.785604E+01    1.067799E+01    6.713601E-01    0.000000E+00    0.000000E+00    0.000000E+00
9.065000E-01   -2.112603E+00   -1.518928E+01   -2.392276E+02    0.000000E+00    0.000000E+00    0.000000E+00    5.004759E+01    5.690093E+00   -8.628888E-01    0.000000E+00    0.000000E+00    0.000000E+00
9.075000E-01    7.410484E+00   -3.019551E+01   -2.215007E+02    0.000000E+00    0.000000E+00    0.000000E+00    5.877008E+01    1.157902E+01    3.773104E-01    0.000000E+00    0.000000E+00    0.000000E+00
9.085000E-01    7.938964E+00   -4.771067E+01   -2.254370E+02    0.000000E+00    0.000000E+00    0.000000E+00    7.213603E+01    1.243308E+01   -3.141037E-02    0.000000E+00    0.000000E+00    0.000000E+00
9.095000E-01    9.234044E+00   -4.750540E+01   -2.277421E+02    0.000000E+00    0.000000E+00    0.000000E+00    7.299636E+01    1.347507E+01    1.894960E-01    0.000000E+00    0.000000E+00    0.000000E+00
9.105000E-01    7.568370E+00   -4.329869E+01   -2.328302E+02    0.000000E+00    0.000000E+00    0.000000E+00    7.240789E+01    1.282961E+01   -2.831652E-02    0.000000E+00    0.000000E+00    0.000000E+00
9.115000E-01    9.904813E+00   -4.877594E+01   -2.339581E+02    0.000000E+00    0.000000E+00    0.000000E+00    7.676778E+01    1.445569E+01    1.817437E-01    0.000000E+00    0.000000E+00    0.000000E+00
9.125000E-01    1.074311E+01   -4.866331E+01   -2.263377E+02    0.000000E+00    0.000000E+00    0.000000E+00    7.612108E+01    1.490928E+01    3.069387E-01    0.000000E+00    0.000000E+00    0.000000E+00
9.135000E-01    1.269104E+01   -4.821414E+01   -2.281606E+02    0.000000E+00    0.000000E+00    0.000000E+00    7.684790E+01    1.637519E+01    6.723934E-01    0.000000E+00    0.000000E+00    0.000000E+00
9.145000E-01    1.043608E+01   -5.059032E+01   -2.241713E+02    0.000000E+00    0.000000E+00    0.000000E+00    7.848012E+01    1.515181E+01    7.810533E-02    0.000000E+00    0.000000E+00    0.000000E+00
9.155000E-01    1.169721E+01   -4.988083E+01   -2.261940E+02    0.000000E+00    0.000000E+00    0.000000E+00    7.920166E+01    1.620056E+01    3.749989E-01    0.000000E+00    0.000000E+00    0.000000E+00
9.165000E-01    1.183455E+01   -5.303627E+01   -2.287312E+02    0.000000E+00    0.000000E+00    0.000000E+00    8.265768E+01    1.660420E+01    2.995019E-01    0.000000E+00    0.000000E+00    0.000000E+00
9.175000E-01    1.271069E+01   -5.126478E+01   -2.277861E+02    0.000000E+00    0.000000E+00    0.000000E+00    8.225646E+01    1.729485E+01    5.808566E-01    0.000000E+00    0.000000E+00    0.000000E+00
9.185000E-01    1.194267E+01   -5.116094E+01   -2.308125E+02    0.000000E+00    0.000000E+00    0.000000E+00    8.373727E+01    1.714458E+01    4.215372E-01    0.000000E+00    0.000000E+00    0.000000E+00
9.195000E-01    1.365628E+01   -5.313029E+01   -2.291715E+02    0.000000E+00    0.000000E+00    0.000000E+00    8.562989E+01    1.834080E+01    7.354310E-01    0.000000E+00    0.000000E+00    0.000000E+00
9.205000E-01    1.382304E+01   -5.466894E+01   -2.260152E+02    0.000000E+00    0.000000E+00    0.000000E+00    8.691469E+01    1.855137E+01    7.110528E-01    0.000000E+00    0.000000E+00    0.000000E+00
9.215000E-01    1.322348E+01   -5.604282E+01   -2.321946E+02    0.000000E+00    0.000000E+00    0.000000E+00    9.023803E+01    1.868046E+01    5.113839E-01    0.000000E+00    0.000000E+00    0.000000E+00
9.225000E-01    1.259475E+01   -5.095586E+01   -2.302727E+02    0.000000E+00    0.000000E+00    0.000000E+00    8.726067E+01    1.835794E+01    5.799989E-01    0.000000E+00    0.000000E+00    0.000000E+00
9.235000E-01    1.277472E+01   -6.039509E+01   -2.319670E+02    0.000000E+00    0.000000E+00    0.000000E+00    9.634063E+01    1.923579E+01    2.263696E-01    0.000000E+00    0.000000E+00    0.000000E+00
9.245000E-01    1.815557E+01   -7.751313E+01   -2.351148E+02    0.000000E+00    0.000000E+00    0.000000E+00    1.084331E+02    2.285680E+01    8.258757E-01    0.000000E+00    0.000000E+00    0.000000E+00
9.255000E-01    1.052106E+01   -5.136380E+01   -2.281016E+02    0.000000E+00    0.000000E+00    0.000000E+00    9.040047E+01    1.773243E+01    2.013599E-01    0.000000E+00    0.000000E+00    0.000000E+00
9.265000E-01    1.062419E+01   -4.959437E+01   -2.320112E+02    0.000000E+00    0.000000E+00    0.000000E+00    9.115461E+01    1.817390E+01    3.075021E-01    0.000000E+00    0.000000E+00    0.000000E+00
9.275000E-01    1.527000E+01   -7.186025E+01   -2.422425E+02    0.000000E+00    0.000000E+00    0.000000E+00    1.078352E+02    2.160064E+01    3.816081E-01    0.000000E+00    0.000000E+00    0.000000E+00
9.285000E-01    2.448636E+00   -7.378192E+00   -2.376000E+02    0.000000E+00    0.000000E+00    0.000000E+00    6.635699E+01    1.328337E+01    2.809129E-01    0.000000E+00    0.000000E+00    0.000000E+00
9.295000E-01    8.385520E+00   -5.172242E+01   -2.253063E+02    0.000000E+00    0.000000E+00    0.000000E+00    9.371340E+01    1.706967E+01   -4.167509E-01    0.000000E+00    0.000000E+00    0.000000E+00
9.305000E-01    1.317651E+01   -7.323399E+01   -2.353293E+02    0.000000E+00    0.000000E+00    0.000000E+00    1.111934E+02    2.097154E+01   -2.747262E-01    0.000000E+00    0.000000E+00    0.000000E+00
9.315000E-01    9.379725E+00   -3.766939E+01   -2.170015E+02    0.000000E+00    0.000000E+00    0.000000E+00    8.428932E+01    1.757887E+01    6.246885E-01    0.000000E+00    0.000000E+00    0.000000E+00
9.325000E-01    1.672050E+01   -7.767542E+01   -2.279831E+02    0.000000E+00    0.000000E+00    0.000000E+00    1.159167E+02    2.364168E+01    4.440250E-01    0.000000E+00    0.000000E+00    0.000000E+00
9.335000E-01    1.312761E+01   -6.562897E+01   -2.314978E+02    0.000000E+00    0.000000E+00    0.000000E+00    1.099180E+02    2.172418E+01    8.555800E-02    0.000000E+00    0.000000E+00    0.000000E+00
9.345000E-01    1.447924E+01   -6.170422E+01   -2.296434E+02    0.000000E+00    0.000000E+00    0.000000E+00    1.078976E+02    2.268595E+01    6.700278E-01    0.000000E+00    0.000000E+00    0.000000E+00
9.355000E-01    4.541357E+00   -2.473230E+01   -2.045596E+02    0.000000E+00    0.000000E+00    0.000000E+00    7.779659E+01    1.506395E+01   -1.643041E-01    0.000000E+00    0.000000E+00    0.000000E+00
9.365000E-01    2.175165E+01   -9.195750E+01   -2.453205E+02    0.000000E+00    0.000000E+00    0.000000E+00    1.352850E+02    2.917631E+01    9.408878E-01    0.000000E+00    0.000000E+00    0.000000E+00
9.375000E-01    6.076931E+00   -3.150548E+01   -2.386866E+02    0.000000E+00    0.000000E+00    0.000000E+00    9.383398E+01    1.858216E+01   -1.975458E-01    0.000000E+00    0.000000E+00    0.000000E+00
9.385000E-01    1.421877E+01   -5.808890E+01   -2.290924E+02    0.000000E+00    0.000000E+00    0.000000E+00    1.104821E+02    2.383484E+01    6.489608E-01    0.000000E+00    0.000000E+00    0.000000E+00
9.395000E-01    5.892783E+00   -5.337614E+01   -2.230750E+02    0.000000E+00    0.000000E+00    0.000000E+00    1.058444E+02    1.835774E+01   -1.762049E+00    0.000000E+00    0.000000E+00    0.000000E+00
9.405000E-01    1.840305E+01   -5.434005E+01   -2.336545E+02    0.000000E+00    0.000000E+00    0.000000E+00    1.120332E+02    2.736964E+01    2.262183E+00    0.000000E+00    0.000000E+00    0.000000E+00
9.415000E-01    1.551618E+01   -6.018227E+01   -2.403787E+02    0.000000E+00    0.000000E+00    0.000000E+00    1.194021E+02    2.634942E+01    9.546678E-01    0.000000E+00    0.000000E+00    0.000000E+00
9.425000E-01    1.022479E+01   -5.423090E+01   -2.498791E+02    0.000000E+00    0.000000E+00    0.000000E+00    1.195036E+02    2.392103E+01   -4.418034E-01    0.000000E+00    0.000000E+00    0.000000E+00
9.435000E-01    1.615653E+01   -6.570841E+01   -2.538356E+02    0.000000E+00    0.000000E+00    0.000000E+00    1.302420E+02    2.839678E+01    7.839883E-01    0.000000E+00    0.000000E+00    0.000000E+00
9.445000E-01    9.194126E+00   -3.162248E+01   -2.403614E+02    0.000000E+00    0.000000E+00    0.000000E+00    1.037032E+02    2.290152E+01    8.148439E-01    0.000000E+00    0.000000E+00    0.000000E+00
9.455000E-01    1.541022E+01   -6.483149E+01   -2.482341E+02    0.000000E+00    0.000000E+00    0.000000E+00    1.312679E+02    2.829282E+01    6.243027E-01    0.000000E+00    0.000000E+00    0.000000E+00
9.465000E-01    1.241048E+01   -6.453443E+01   -2.471290E+02    0.000000E+00    0.000000E+00    0.000000E+00    1.315111E+02    2.647669E+01   -4.058338E-01    0.000000E+00    0.000000E+00    0.000000E+00
9.475000E-01    1.400075E+01   -5.940043E+01   -2.458621E+02    0.000000E+00    0.000000E+00    0.000000E+00    1.297202E+02    2.778498E+01    5.884881E-01    0.000000E+00    0.000000E+00    0.000000E+00
9.485000E-01    1.335367E+01   -4.844748E+01   -2.347952E+02    0.000000E+00    0.000000E+00    0.000000E+00    1.200292E+02    2.675864E+01    1.242067E+00    0.000000E+00    0.000000E+00    0.000000E+00
9.495000E-01    1.407460E+01   -6.190385E+01   -2.578828E+02    0.000000E+00    0.000000E+00    0.000000E+00    1.388264E+02    2.944019E+01    4.683378E-01    0.000000E+00    0.000000E+00    0.000000E+00
9.505000E-01    1.239726E+01   -5.555297E+01   -2.520999E+02    0.000000E+00    0.000000E+00    0.000000E+00    1.338446E+02    2.819579E+01    3.390268E-01    0.000000E+00    0.000000E+00    0.000000E+00
9.515000E-01    1.569628E+01   -7.570654E+01   -2.514160E+02    0.000000E+00    0.000000E+00    0.000000E+00    1.490256E+02    3.080331E+01    2.286661E-02    0.000000E+00    0.000000E+00    0.000000E+00
9.525000E-01    2.067371E+01   -8.498755E+01   -2.355354E+02    0.000000E+00    0.000000E+00    0.000000E+00    1.501258E+02    3.300807E+01    1.258761E+00    0.000000E+00    0.000000E+00    0.000000E+00
9.535000E-01    1.623954E+01   -8.451366E+01   -2.420846E+02    0.000000E+00    0.000000E+00    0.000000E+00    1.541728E+02    3.111045E+01   -4.761636E-01    0.000000E+00    0.000000E+00    0.000000E+00
9.545000E-01    1.643010E+01   -7.504391E+01   -2.387179E+02    0.000000E+00    0.000000E+00    0.000000E+00    1.481975E+02    3.121649E+01    3.727325E-01    0.000000E+00    0.000000E+00    0.000000E+00
9.555000E-01    1.545352E+01   -6.868816E+01   -2.500094E+02    0.000000E+00    0.000000E+00    0.000000E+00    1.503486E+02    3.183702E+01    5.429679E-01    0.000000E+00    0.000000E+00    0.000000E+00
9.565000E-01    1.749885E+01   -7.250640E+01   -2.484984E+02    0.000000E+00    0.000000E+00    0.000000E+00    1.540264E+02    3.340785E+01    1.069162E+00    0.000000E+00    0.000000E+00    0.000000E+00
9.575000E-01    1.774729E+01   -7.302015E+01   -2.553593E+02    0.000000E+00    0.000000E+00    0.000000E+00    1.590102E+02    3.462540E+01    1.097646E+00    0.000000E+00    0.000000E+00    0.000000E+00
9.585000E-01    1.661821E+01   -7.827932E+01   -2.566118E+02    0.000000E+00    0.000000E+00    0.000000E+00    1.648838E+02    3.446174E+01    5.318392E-02    0.000000E+00    0.000000E+00    0.000000E+00
9.595000E-01    1.840171E+01   -7.256156E+01   -2.543088E+02    0.000000E+00    0.000000E+00    0.000000E+00    1.621375E+02    3.589639E+01    1.362664E+00    0.000000E+00    0.000000E+00    0.000000E+00
9.605000E-01    1.781039E+01   -7.978947E+01   -2.547367E+02    0.000000E+00    0.000000E+00    0.000000E+00    1.688900E+02    3.601686E+01    4.045782E-01    0.000000E+00    0.000000E+00    0.000000E+00
9.615000E-01    2.386222E+01   -9.285515E+01   -2.517181E+02    0.000000E+00    0.000000E+00    0.000000E+00    1.785317E+02    4.030098E+01    1.935603E+00    0.000000E+00    0.000000E+00    0.000000E+00
9.625000E-01    1.560535E+01   -8.072027E+01   -2.671876E+02    0.000000E+00    0.000000E+00    0.000000E+00    1.789404E+02    3.666943E+01   -7.809006E-01    0.000000E+00    0.000000E+00    0.000000E+00
9.635000E-01    2.006505E+01   -7.596637E+01   -2.627484E+02    0.000000E+00    0.000000E+00    0.000000E+00    1.761871E+02    3.967340E+01    1.797699E+00    0.000000E+00    0.000000E+00    0.000000E+00
9.645000E-01    2.093236E+01   -8.118392E+01   -2.658008E+02    0.000000E+00    0.000000E+00    0.000000E+00    1.828197E+02    4.097514E+01    1.762882E+00    0.000000E+00    0.000000E+00    0.000000E+00
9.655000E-01    1.861896E+01   -7.849046E+01   -2.488079E+02    0.000000E+00    0.000000E+00    0.000000E+00    1.745292E+02    3.811053E+01    9.193437E-01    0.000000E+00    0.000000E+00    0.000000E+00
9.665000E-01    2.078387E+01   -8.605556E+01   -2.610012E+02    0.000000E+00    0.000000E+00    0.000000E+00    1.874307E+02    4.124153E+01    1.196131E+00    0.000000E+00    0.000000E+00    0.000000E+00
9.675000E-01    1.876221E+01   -7.641714E+01   -2.598813E+02    0.000000E+00    0.000000E+00    0.000000E+00    1.826779E+02    4.019374E+01    1.224023E+00    0.000000E+00    0.000000E+00    0.000000E+00
9.685000E-01    2.648187E+01   -1.046065E+02   -2.547252E+02    0.000000E+00    0.000000E+00    0.000000E+00    2.014477E+02    4.538362E+01    2.156254E+00    0.000000E+00    0.000000E+00    0.000000E+00
9.695000E-01    1.529572E+01   -7.793940E+01   -2.603617E+02    0.000000E+00    0.000000E+00    0.000000E+00    1.877532E+02    3.880428E+01   -6.252199E-01    0.000000E+00    0.000000E+00    0.000000E+00
9.705000E-01    1.964249E+01   -7.793352E+01   -2.574284E+02    0.000000E+00    0.000000E+00    0.000000E+00    1.892212E+02    4.199124E+01    1.658339E+00    0.000000E+00    0.000000E+00    0.000000E+00
9.715000E-01    2.059025E+01   -8.765812E+01   -2.564522E+02    0.000000E+00    0.000000E+00    0.000000E+00    1.965779E+02    4.279581E+01    1.074374E+00    0.000000E+00    0.000000E+00    0.000000E+00
9.725000E-01    2.186477E+01   -1.004807E+02   -2.620538E+02    0.000000E+00    0.000000E+00    0.000000E+00    2.104985E+02    4.484922E+01    3.057633E-01    0.000000E+00    0.000000E+00    0.000000E+00
9.735000E-01    2.168901E+01   -1.075322E+02   -2.674961E+02    0.000000E+00    0.000000E+00    0.000000E+00    2.201875E+02    4.585324E+01   -6.135009E-01    0.000000E+00    0.000000E+00    0.000000E+00
9.745000E-01    2.396312E+01   -1.041117E+02   -2.694733E+02    0.000000E+00    0.000000E+00    0.000000E+00    2.213383E+02    4.807682E+01    1.047908E+00    0.000000E+00    0.000000E+00    0.000000E+00
9.755000E-01    2.425398E+01   -1.055054E+02   -2.658798E+02    0.000000E+00    0.000000E+00    0.000000E+00    2.223230E+02    4.834398E+01    1.052149E+00    0.000000E+00    0.000000E+00    0.000000E+00
9.765000E-01    2.411707E+01   -1.112555E+02   -2.661708E+02    0.000000E+00    0.000000E+00    0.000000E+00    2.285917E+02    4.879767E+01    2.936742E-01    0.000000E+00    0.000000E+00    0.000000E+00
9.775000E-01    2.145202E+01   -1.043415E+02   -2.681366E+02    0.000000E+00    0.000000E+00    0.000000E+00    2.269825E+02    4.763328E+01   -5.083158E-01    0.000000E+00    0.000000E+00    0.000000E+00
9.785000E-01    2.475856E+01   -1.079517E+02   -2.635489E+02    0.000000E+00    0.000000E+00    0.000000E+00    2.294531E+02    4.984990E+01    9.977411E-01    0.000000E+00    0.000000E+00    0.000000E+00
9.795000E-01    2.438699E+01   -1.087917E+02   -2.639653E+02    0.000000E+00    0.000000E+00    0.000000E+00    2.321926E+02    5.011536E+01    6.685921E-01    0.000000E+00    0.000000E+00    0.000000E+00
9.805000E-01    2.361045E+01   -1.066662E+02   -2.605700E+02    0.000000E+00    0.000000E+00    0.000000E+00    2.313050E+02    4.975212E+01    4.584107E-01    0.000000E+00    0.000000E+00    0.000000E+00
9.815000E-01    2.377333E+01   -1.075615E+02   -2.591684E+02    0.000000E+00    0.000000E+00    0.000000E+00    2.331777E+02    5.014979E+01    4.166621E-01    0.000000E+00    0.000000E+00    0.000000E+00
9.825000E-01    2.378313E+01   -1.037381E+02   -2.533896E+02    0.000000E+00    0.000000E+00    0.000000E+00    2.290098E+02    4.984815E+01    9.548665E-01    0.000000E+00    0.000000E+00    0.000000E+00
9.835000E-01    2.332257E+01   -1.040916E+02   -2.663231E+02    0.000000E+00    0.000000E+00    0.000000E+00    2.393285E+02    5.175235E+01    5.959611E-01    0.000000E+00    0.000000E+00    0.000000E+00
9.845000E-01    2.187267E+01   -9.406928E+01   -2.527283E+02    0.000000E+00    0.000000E+00    0.000000E+00    2.259930E+02    4.941066E+01    1.032426E+00    0.000000E+00    0.000000E+00    0.000000E+00
9.855000E-01    2.431192E+01   -1.097327E+02   -2.612878E+02    0.000000E+00    0.000000E+00    0.000000E+00    2.443893E+02    5.277862E+01    4.008133E-01    0.000000E+00    0.000000E+00    0.000000E+00
9.865000E-01    2.469253E+01   -9.857115E+01   -2.477760E+02    0.000000E+00    0.000000E+00    0.000000E+00    2.306021E+02    5.174717E+01    2.208602E+00    0.000000E+00    0.000000E+00    0.000000E+00
9.875000E-01    2.890411E+01   -1.362642E+02   -2.600808E+02    0.000000E+00    0.000000E+00    0.000000E+00    2.667814E+02    5.686136E+01   -2.726395E-01    0.000000E+00    0.000000E+00    0.000000E+00
9.885000E-01    2.550459E+01   -1.094457E+02   -2.631393E+02    0.000000E+00    0.000000E+00    0.000000E+00    2.525253E+02    5.541749E+01    1.274625E+00    0.000000E+00    0.000000E+00    0.000000E+00
9.895000E-01    2.524741E+01   -1.111706E+02   -2.700070E+02    0.000000E+00    0.000000E+00    0.000000E+00    2.606793E+02    5.667886E+01    8.986588E-01    0.000000E+00    0.000000E+00    0.000000E+00
9.905000E-01    2.831478E+01   -1.125681E+02   -2.614847E+02    0.000000E+00    0.000000E+00    0.000000E+00    2.581575E+02    5.808695E+01    2.810999E+00    0.000000E+00    0.000000E+00    0.000000E+00
9.915000E-01    2.037067E+01   -1.022566E+02   -2.557963E+02    0.000000E+00    0.000000E+00    0.000000E+00    2.483325E+02    5.193280E+01   -1.078546E+00    0.000000E+00    0.000000E+00    0.000000E+00
9.925000E-01    3.329070E+01   -1.456341E+02   -2.571468E+02    0.000000E+00    0.000000E+00    0.000000E+00    2.832886E+02    6.196758E+01    1.431130E+00    0.000000E+00    0.000000E+00    0.000000E+00
9.935000E-01    2.649994E+01   -1.270905E+02   -2.539670E+02    0.000000E+00    0.000000E+00    0.000000E+00    2.689795E+02    5.698132E+01   -4.848667E-01    0.000000E+00    0.000000E+00    0.000000E+00
9.945000E-01    2.687358E+01   -1.234828E+02   -2.580451E+02    0.000000E+00    0.000000E+00    0.000000E+00    2.723786E+02    5.841007E+01    2.700886E-01    0.000000E+00    0.000000E+00    0.000000E+00
9.955000E-01    2.518645E+01   -1.087391E+02   -2.602233E+02    0.000000E+00    0.000000E+00    0.000000E+00    2.645964E+02    5.789461E+01    1.409513E+00    0.000000E+00    0.000000E+00    0.000000E+00
9.965000E-01    1.965249E+01   -1.012149E+02   -2.593184E+02    0.000000E+00    0.000000E+00    0.000000E+00    2.607053E+02    5.420699E+01   -1.509433E+00    0.000000E+00    0.000000E+00    0.000000E+00
9.975000E-01    3.247903E+01   -1.399949E+02   -2.468078E+02    0.000000E+00    0.000000E+00    0.000000E+00    2.819888E+02    6.211125E+01    1.797928E+00    0.000000E+00    0.000000E+00    0.000000E+00
9.985000E-01    2.937906E+01   -1.333371E+02   -2.432514E+02    0.000000E+00    0.000000E+00    0.000000E+00    2.766053E+02    5.971730E+01    5.426477E-01    0.000000E+00    0.000000E+00    0.000000E+00
9.995000E-01    3.148346E+01   -1.438885E+02   -2.376227E+02    0.000000E+00    0.000000E+00    0.000000E+00    2.823460E+02    6.087722E+01    3.736095E-01    0.000000E+00    0.000000E+00    0.000000E+00
1.000500E+00    2.875399E+01   -1.307195E+02   -2.407428E+02    0.000000E+00    0.000000E+00    0.000000E+00    2.770300E+02    5.978358E+01    4.502955E-01    0.000000E+00    0.000000E+00    0.000000E+00
1.001500E+00    2.164019E+01   -1.016090E+02   -2.490347E+02    0.000000E+00    0.000000E+00    0.000000E+00    2.632548E+02    5.620764E+01   -2.219628E-01    0.000000E+00    0.000000E+00    0.000000E+00
1.002500E+00    2.758620E+01   -1.112028E+02   -2.428779E+02    0.000000E+00    0.000000E+00    0.000000E+00    2.682898E+02    6.017448E+01    2.781803E+00    0.000000E+00    0.000000E+00    0.000000E+00
1.003500E+00    2.533163E+01   -1.100866E+02   -2.374029E+02    0.000000E+00    0.000000E+00    0.000000E+00    2.641608E+02    5.788510E+01    1.232483E+00    0.000000E+00    0.000000E+00    0.000000E+00
1.004500E+00    2.571340E+01   -1.151155E+02   -2.429155E+02    0.000000E+00    0.000000E+00    0.000000E+00    2.747251E+02    5.957240E+01    7.324787E-01    0.000000E+00    0.000000E+00    0.000000E+00
1.005500E+00    2.794511E+01   -1.132616E+02   -2.367423E+02    0.000000E+00    0.000000E+00    0.000000E+00    2.701521E+02    6.066598E+01    2.715897E+00    0.000000E+00    0.000000E+00    0.000000E+00
1.006500E+00    2.839267E+01   -1.260056E+02   -2.281057E+02    0.000000E+00    0.000000E+00    0.000000E+00    2.750854E+02    5.996981E+01    9.744290E-01    0.000000E+00    0.000000E+00    0.000000E+00
1.007500E+00    2.708944E+01   -1.134026E+02   -2.341089E+02    0.000000E+00    0.000000E+00    0.000000E+00    2.723350E+02    6.053436E+01    2.065934E+00    0.000000E+00    0.000000E+00    0.000000E+00
1.008500E+00    2.969417E+01   -1.300807E+02   -2.256922E+02    0.000000E+00    0.000000E+00    0.000000E+00    2.800000E+02    6.140630E+01    1.280644E+00    0.000000E+00    0.000000E+00    0.000000E+00
1.009500E+00    2.396420E+01   -1.000757E+02   -2.439646E+02    0.000000E+00    0.000000E+00    0.000000E+00    2.726769E+02    6.046754E+01    1.889504E+00    0.000000E+00    0.000000E+00    0.000000E+00
1.010500E+00    3.140421E+01   -1.372658E+02   -2.214656E+02    0.000000E+00    0.000000E+00    0.000000E+00    2.856089E+02    6.283524E+01    1.432684E+00    0.000000E+00    0.000000E+00    0.000000E+00
1.011500E+00    2.271698E+01   -1.012338E+02   -2.428422E+02    0.000000E+00    0.000000E+00    0.000000E+00    2.758499E+02    6.001439E+01    7.056395E-01    0.000000E+00    0.000000E+00    0.000000E+00
1.012500E+00    3.002459E+01   -1.291050E+02   -2.259883E+02    0.000000E+00    0.000000E+00    0.000000E+00    2.864502E+02    6.326112E+01    1.752727E+00    0.000000E+00    0.000000E+00    0.000000E+00
1.013500E+00    2.958211E+01   -1.318148E+02   -2.253191E+02    0.000000E+00    0.000000E+00    0.000000E+00    2.891361E+02    6.305471E+01    9.902623E-01    0.000000E+00    0.000000E+00    0.000000E+00
1.014500E+00    2.457689E+01   -1.179706E+02   -2.375778E+02    0.000000E+00    0.000000E+00    0.000000E+00    2.904288E+02    6.168911E+01   -7.349227E-01    0.000000E+00    0.000000E+00    0.000000E+00
1.015500E+00    3.228788E+01   -1.383796E+02   -2.304605E+02    0.000000E+00    0.000000E+00    0.000000E+00    3.023672E+02    6.696331E+01    2.076465E+00    0.000000E+00    0.000000E+00    0.000000E+00
1.016500E+00    2.886161E+01   -1.346318E+02   -2.210668E+02    0.000000E+00    0.000000E+00    0.000000E+00    2.926586E+02    6.279079E+01   -1.540327E-01    0.000000E+00    0.000000E+00    0.000000E+00
1.017500E+00    3.423117E+01   -1.507891E+02   -2.139066E+02    0.000000E+00    0.000000E+00    0.000000E+00    3.015487E+02    6.625810E+01    1.446902E+00    0.000000E+00    0.000000E+00    0.000000E+00
1.018500E+00    2.765397E+01   -1.324469E+02   -2.219984E+02    0.000000E+00    0.000000E+00    0.000000E+00    2.946572E+02    6.271763E+01   -7.435262E-01    0.000000E+00    0.000000E+00    0.000000E+00
1.019500E+00    3.245373E+01   -1.411326E+02   -2.240032E+02    0.000000E+00    0.000000E+00    0.000000E+00    3.056238E+02    6.734257E+01    1.693922E+00    0.000000E+00    0.000000E+00    0.000000E+00
1.020500E+00    2.384294E+01   -1.166194E+02   -2.224891E+02    0.000000E+00    0.000000E+00    0.000000E+00    2.854546E+02    6.036684E+01   -1.125693E+00    0.000000E+00    0.000000E+00    0.000000E+00
1.021500E+00    2.014096E+01   -9.209420E+01   -2.430961E+02    0.000000E+00    0.000000E+00    0.000000E+00    2.854325E+02    6.161837E+01    1.832908E-01    0.000000E+00    0.000000E+00    0.000000E+00
1.022500E+00    3.111374E+01   -1.260177E+02   -2.176595E+02    0.000000E+00    0.000000E+00    0.000000E+00    2.925556E+02    6.623266E+01    3.380476E+00    0.000000E+00    0.000000E+00    0.000000E+00
1.023500E+00    3.265451E+01   -1.451305E+02   -2.003643E+02    0.000000E+00    0.000000E+00    0.000000E+00    2.943635E+02    6.449232E+01    1.101697E+00    0.000000E+00    0.000000E+00    0.000000E+00
1.024500E+00    2.466409E+01   -1.174620E+02   -2.193582E+02    0.000000E+00    0.000000E+00    0.000000E+00    2.897621E+02    6.182177E+01   -6.070816E-01    0.000000E+00    0.000000E+00    0.000000E+00
1.025500E+00    2.781982E+01   -1.183341E+02   -2.190202E+02    0.000000E+00    0.000000E+00    0.000000E+00    2.925864E+02    6.487808E+01    1.970965E+00    0.000000E+00    0.000000E+00    0.000000E+00
1.026500E+00    2.082850E+01   -9.155790E+01   -2.287082E+02    0.000000E+00    0.000000E+00    0.000000E+00    2.791439E+02    6.107771E+01    9.054662E-01    0.000000E+00    0.000000E+00    0.000000E+00
1.027500E+00    2.656915E+01   -1.152991E+02   -2.095208E+02    0.000000E+00    0.000000E+00    0.000000E+00    2.840224E+02    6.265877E+01    1.453003E+00    0.000000E+00    0.000000E+00    0.000000E+00
1.028500E+00    2.074708E+01   -8.956375E+01   -2.366105E+02    0.000000E+00    0.000000E+00    0.000000E+00    2.878236E+02    6.319894E+01    1.206642E+00    0.000000E+00    0.000000E+00    0.000000E+00
1.029500E+00    2.830574E+01   -1.274948E+02   -2.040549E+02    0.000000E+00    0.000000E+00    0.000000E+00    2.926933E+02    6.369180E+01    6.773337E-01    0.000000E+00    0.000000E+00    0.000000E+00
1.030500E+00    3.490012E+01   -1.501903E+02   -2.098257E+02    0.000000E+00    0.000000E+00    0.000000E+00    3.172321E+02    7.055575E+01    2.223858E+00    0.000000E+00    0.000000E+00    0.000000E+00
1.031500E+00    2.945701E+01   -1.327783E+02   -1.850890E+02    0.000000E+00    0.000000E+00    0.000000E+00    2.821071E+02    6.150862E+01    6.439133E-01    0.000000E+00    0.000000E+00    0.000000E+00
1.032500E+00    3.128698E+01   -1.382941E+02   -1.948232E+02    0.000000E+00    0.000000E+00    0.000000E+00    2.964829E+02    6.521644E+01    1.263533E+00    0.000000E+00    0.000000E+00    0.000000E+00
1.033500E+00    3.100577E+01   -1.403616E+02   -1.893244E+02    0.000000E+00    0.000000E+00    0.000000E+00    2.944615E+02    6.416092E+01    5.496268E-01    0.000000E+00    0.000000E+00    0.000000E+00
1.034500E+00    3.102426E+01   -1.499270E+02   -1.899599E+02    0.000000E+00    0.000000E+00    0.000000E+00    3.040491E+02    6.444721E+01   -1.304095E+00    0.000000E+00    0.000000E+00    0.000000E+00
1.035500E+00    2.747581E+01   -1.199555E+02   -2.110906E+02    0.000000E+00    0.000000E+00    0.000000E+00    2.993448E+02    6.593601E+01    1.389938E+00    0.000000E+00    0.000000E+00    0.000000E+00
1.036500E+00    2.620082E+01   -1.213590E+02   -1.999594E+02    0.000000E+00    0.000000E+00    0.000000E+00    2.913380E+02    6.283654E+01   -3.911986E-02    0.000000E+00    0.000000E+00    0.000000E+00
1.037500E+00    2.705375E+01   -1.204929E+02   -2.005578E+02    0.000000E+00    0.000000E+00    0.000000E+00    2.919471E+02    6.385425E+01    9.133278E-01    0.000000E+00    0.000000E+00    0.000000E+00
1.038500E+00    2.371304E+01   -1.055883E+02   -2.232351E+02    0.000000E+00    0.000000E+00    0.000000E+00    3.012204E+02    6.574318E+01    8.303595E-01    0.000000E+00    0.000000E+00    0.000000E+00
1.039500E+00    2.842865E+01   -1.326893E+02   -1.754122E+02    0.000000E+00    0.000000E+00    0.000000E+00    2.818251E+02    6.057529E+01   -2.782405E-01    0.000000E+00    0.000000E+00    0.000000E+00
1.040500E+00    2.882686E+01   -1.298883E+02   -2.038901E+02    0.000000E+00    0.000000E+00    0.000000E+00    3.062714E+02    6.680966E+01    7.022257E-01    0.000000E+00    0.000000E+00    0.000000E+00
1.041500E+00    3.341065E+01   -1.582929E+02   -1.597819E+02    0.000000E+00    0.000000E+00    0.000000E+00    2.910359E+02    6.220248E+01   -8.110824E-01    0.000000E+00    0.000000E+00    0.000000E+00
1.042500E+00    1.417744E+01   -6.012193E+01   -2.434638E+02    0.000000E+00    0.000000E+00    0.000000E+00    2.840996E+02    6.237761E+01    1.112896E+00    0.000000E+00    0.000000E+00    0.000000E+00
1.043500E+00    2.732674E+01   -1.222939E+02   -1.859029E+02    0.000000E+00    0.000000E+00    0.000000E+00    2.868809E+02    6.276157E+01    8.172717E-01    0.000000E+00    0.000000E+00    0.000000E+00
1.044500E+00    3.401553E+01   -1.515055E+02   -1.765602E+02    0.000000E+00    0.000000E+00    0.000000E+00    3.031511E+02    6.669725E+01    1.192512E+00    0.000000E+00    0.000000E+00    0.000000E+00
1.045500E+00    3.087269E+01   -1.388920E+02   -1.883965E+02    0.000000E+00    0.000000E+00    0.000000E+00    3.052832E+02    6.678426E+01    7.614975E-01    0.000000E+00    0.000000E+00    0.000000E+00
1.046500E+00    3.172614E+01   -1.374578E+02   -1.567603E+02    0.000000E+00    0.000000E+00    0.000000E+00    2.742107E+02    6.111216E+01    1.888535E+00    0.000000E+00    0.000000E+00    0.000000E+00
1.047500E+00    3.028973E+01   -1.284358E+02   -1.605116E+02    0.000000E+00    0.000000E+00    0.000000E+00    2.705307E+02    6.082407E+01    2.402786E+00    0.000000E+00    0.000000E+00    0.000000E+00
1.048500E+00    2.853749E+01   -1.320942E+02   -1.733457E+02    0.000000E+00    0.000000E+00    0.000000E+00    2.869011E+02    6.211395E+01   -1.078828E-01    0.000000E+00    0.000000E+00    0.000000E+00
1.049500E+00    3.030810E+01   -1.284657E+02   -1.926945E+02    0.000000E+00    0.000000E+00    0.000000E+00    3.033365E+02    6.795168E+01    2.428327E+00    0.000000E+00    0.000000E+00    0.000000E+00
1.050500E+00    2.943253E+01   -1.336414E+02   -1.675280E+02    0.000000E+00    0.000000E+00    0.000000E+00    2.845600E+02    6.214170E+01    4.540662E-01    0.000000E+00    0.000000E+00    0.000000E+00
1.051500E+00    3.084367E+01   -1.347806E+02   -1.649115E+02    0.000000E+00    0.000000E+00    0.000000E+00    2.832534E+02    6.292921E+01    1.627667E+00    0.000000E+00    0.000000E+00    0.000000E+00
1.052500E+00    2.785551E+01   -1.179576E+02   -1.581432E+02    0.000000E+00    0.000000E+00    0.000000E+00    2.641422E+02    5.938993E+01    2.270490E+00    0.000000E+00    0.000000E+00    0.000000E+00
1.053500E+00    2.975081E+01   -1.341941E+02   -1.494141E+02    0.000000E+00    0.000000E+00    0.000000E+00    2.686414E+02    5.892591E+01    6.455026E-01    0.000000E+00    0.000000E+00    0.000000E+00
1.054500E+00    3.507271E+01   -1.518058E+02   -1.430310E+02    0.000000E+00    0.000000E+00    0.000000E+00    2.805803E+02    6.286528E+01    2.073205E+00    0.000000E+00    0.000000E+00    0.000000E+00
1.055500E+00    1.791870E+01   -7.733163E+01   -2.051851E+02    0.000000E+00    0.000000E+00    0.000000E+00    2.723161E+02    6.016688E+01    1.178295E+00    0.000000E+00    0.000000E+00    0.000000E+00
1.056500E+00    3.006275E+01   -1.373325E+02   -1.456088E+02    0.000000E+00    0.000000E+00    0.000000E+00    2.707080E+02    5.905492E+01    2.161643E-01    0.000000E+00    0.000000E+00    0.000000E+00
1.057500E+00    2.796013E+01   -1.208963E+02   -1.676678E+02    0.000000E+00    0.000000E+00    0.000000E+00    2.766382E+02    6.168666E+01    1.725025E+00    0.000000E+00    0.000000E+00    0.000000E+00
1.058500E+00    1.860431E+01   -9.558446E+01   -1.833415E+02    0.000000E+00    0.000000E+00    0.000000E+00    2.700234E+02    5.664522E+01   -2.151158E+00    0.000000E+00    0.000000E+00    0.000000E+00
1.059500E+00    2.983155E+01   -1.267890E+02   -1.612420E+02    0.000000E+00    0.000000E+00    0.000000E+00    2.774976E+02    6.241739E+01    2.296221E+00    0.000000E+00    0.000000E+00    0.000000E+00
1.060500E+00    1.539215E+01   -8.432277E+01   -1.958350E+02    0.000000E+00    0.000000E+00    0.000000E+00    2.732207E+02    5.668378E+01   -2.875923E+00    0.000000E+00    0.000000E+00    0.000000E+00
1.061500E+00    3.290940E+01   -1.338346E+02   -1.409488E+02    0.000000E+00    0.000000E+00    0.000000E+00    2.655672E+02    6.129226E+01    3.840093E+00    0.000000E+00    0.000000E+00    0.000000E+00
1.062500E+00    2.410686E+01   -1.179670E+02   -1.679145E+02    0.000000E+00    0.000000E+00    0.000000E+00    2.779527E+02    5.913857E+01   -1.577993E+00    0.000000E+00    0.000000E+00    0.000000E+00
1.063500E+00    3.502681E+01   -1.474675E+02   -1.145847E+02    0.000000E+00    0.000000E+00    0.000000E+00    2.533050E+02    5.798500E+01    2.888552E+00    0.000000E+00    0.000000E+00    0.000000E+00
1.064500E+00    2.783230E+01   -1.258265E+02   -1.658770E+02    0.000000E+00    0.000000E+00    0.000000E+00    2.846855E+02    6.246506E+01    3.857946E-01    0.000000E+00    0.000000E+00    0.000000E+00
1.065500E+00    2.730121E+01   -1.252350E+02   -1.583604E+02    0.000000E+00    0.000000E+00    0.000000E+00    2.774299E+02    6.053417E+01    4.868319E-03    0.000000E+00    0.000000E+00    0.000000E+00
1.066500E+00    3.794552E+01   -1.711443E+02   -1.077301E+02    0.000000E+00    0.000000E+00    0.000000E+00    2.688368E+02    5.937463E+01    5.956448E-01    0.000000E+00    0.000000E+00    0.000000E+00
1.067500E+00    2.695720E+01   -9.382259E+01   -1.635385E+02    0.000000E+00    0.000000E+00    0.000000E+00    2.538587E+02    6.145033E+01    6.696181E+00    0.000000E+00    0.000000E+00    0.000000E+00
1.068500E+00    2.446322E+01   -1.413753E+02   -1.267139E+02    0.000000E+00    0.000000E+00    0.000000E+00    2.606792E+02    5.100078E+01   -6.501988E+00    0.000000E+00    0.000000E+00    0.000000E+00
1.069500E+00    3.477941E+01   -1.264059E+02   -1.595003E+02    0.000000E+00    0.000000E+00    0.000000E+00    2.814335E+02    6.826591E+01    7.374086E+00    0.000000E+00    0.000000E+00    0.000000E+00
1.070500E+00    1.972466E+01   -1.177034E+02   -1.743820E+02    0.000000E+00    0.000000E+00    0.000000E+00    2.876922E+02    5.725190E+01   -6.064158E+00    0.000000E+00    0.000000E+00    0.000000E+00
1.071500E+00    3.235370E+01   -1.232011E+02   -1.445564E+02    0.000000E+00    0.000000E+00    0.000000E+00    2.641648E+02    6.304522E+01    5.527756E+00    0.000000E+00    0.000000E+00    0.000000E+00
1.072500E+00    3.158404E+01   -1.458089E+02   -1.234758E+02    0.000000E+00    0.000000E+00    0.000000E+00    2.630351E+02    5.745190E+01   -3.443651E-01    0.000000E+00    0.000000E+00    0.000000E+00
1.073500E+00    1.611703E+01   -6.923350E+01   -1.973588E+02    0.000000E+00    0.000000E+00    0.000000E+00    2.669755E+02    5.943880E+01    1.057580E+00    0.000000E+00    0.000000E+00    0.000000E+00
1.074500E+00    1.646365E+01   -9.856942E+01   -1.584406E+02    0.000000E+00    0.000000E+00    0.000000E+00    2.544632E+02    5.095992E+01   -5.196579E+00    0.000000E+00    0.000000E+00    0.000000E+00
1.075500E+00    2.273114E+01   -8.378697E+01   -1.774224E+02    0.000000E+00    0.000000E+00    0.000000E+00    2.614504E+02    6.157037E+01    4.547846E+00    0.000000E+00    0.000000E+00    0.000000E+00
1.076500E+00    1.533931E+01   -1.052646E+02   -1.600539E+02    0.000000E+00    0.000000E+00    0.000000E+00    2.630442E+02    5.044885E+01   -7.904271E+00    0.000000E+00    0.000000E+00    0.000000E+00
1.077500E+00    3.319050E+01   -1.087812E+02   -1.369574E+02    0.000000E+00    0.000000E+00    0.000000E+00    2.451955E+02    6.282149E+01    9.595027E+00    0.000000E+00    0.000000E+00    0.000000E+00
1.078500E+00    2.122382E+01   -1.290378E+02   -1.166374E+02    0.000000E+00    0.000000E+00    0.000000E+00    2.423757E+02    4.669654E+01   -7.339976E+00    0.000000E+00    0.000000E+00    0.000000E+00
1.079500E+00    3.218776E+01   -1.048092E+02   -1.398819E+02    0.000000E+00    0.000000E+00    0.000000E+00    2.446091E+02    6.256371E+01    9.492722E+00    0.000000E+00    0.000000E+00    0.000000E+00
1.080500E+00    1.813394E+01   -1.077458E+02   -1.646786E+02    0.000000E+00    0.000000E+00    0.000000E+00    2.723108E+02    5.473442E+01   -5.671140E+00    0.000000E+00    0.000000E+00    0.000000E+00
1.081500E+00    3.703885E+01   -1.398783E+02   -1.299211E+02    0.000000E+00    0.000000E+00    0.000000E+00    2.689355E+02    6.539115E+01    6.417276E+00    0.000000E+00    0.000000E+00    0.000000E+00
1.082500E+00    9.949564E+00   -8.314241E+01   -1.771088E+02    0.000000E+00    0.000000E+00    0.000000E+00    2.613643E+02    4.951377E+01   -8.492465E+00    0.000000E+00    0.000000E+00    0.000000E+00
1.083500E+00    2.690134E+01   -1.005694E+02   -1.583297E+02    0.000000E+00    0.000000E+00    0.000000E+00    2.612630E+02    6.215355E+01    4.900582E+00    0.000000E+00    0.000000E+00    0.000000E+00
1.084500E+00    1.014239E+01   -8.539260E+01   -1.652353E+02    0.000000E+00    0.000000E+00    0.000000E+00    2.513785E+02    4.705350E+01   -8.826147E+00    0.000000E+00    0.000000E+00    0.000000E+00
1.085500E+00    2.689386E+01   -1.166822E+02   -1.553389E+02    0.000000E+00    0.000000E+00    0.000000E+00    2.744375E+02    6.180400E+01    1.099257E+00    0.000000E+00    0.000000E+00    0.000000E+00
1.086500E+00    2.560840E+01   -1.260383E+02   -1.561655E+02    0.000000E+00    0.000000E+00    0.000000E+00    2.828882E+02    6.045045E+01   -2.320733E+00    0.000000E+00    0.000000E+00    0.000000E+00
1.087500E+00    2.785052E+01   -1.210932E+02   -1.578070E+02    0.000000E+00    0.000000E+00    0.000000E+00    2.813511E+02    6.339803E+01    1.083634E+00    0.000000E+00    0.000000E+00    0.000000E+00
1.088500E+00    2.904336E+01   -1.273331E+02   -1.329006E+02    0.000000E+00    0.000000E+00    0.000000E+00    2.612422E+02    5.880204E+01    8.248060E-01    0.000000E+00    0.000000E+00    0.000000E+00
1.089500E+00    2.381081E+01   -9.965184E+01   -1.556035E+02    0.000000E+00    0.000000E+00    0.000000E+00    2.585692E+02    5.909247E+01    1.805733E+00    0.000000E+00    0.000000E+00    0.000000E+00
1.090500E+00    2.749828E+01   -1.264285E+02   -1.217485E+02    0.000000E+00    0.000000E+00    0.000000E+00    2.493510E+02    5.493798E+01   -6.662276E-01    0.000000E+00    0.000000E+00    0.000000E+00
1.091500E+00    2.488151E+01   -1.155724E+02   -1.621712E+02    0.000000E+00    0.000000E+00    0.000000E+00    2.808899E+02    6.172367E+01   -8.047519E-01    0.000000E+00    0.000000E+00    0.000000E+00
1.092500E+00    2.440148E+01   -1.141212E+02   -1.393601E+02    0.000000E+00    0.000000E+00    0.000000E+00    2.563262E+02    5.612996E+01   -1.024391E+00    0.000000E+00    0.000000E+00    0.000000E+00
1.093500E+00    2.262491E+01   -1.009941E+02   -1.523080E+02    0.000000E+00    0.000000E+00    0.000000E+00    2.566320E+02    5.733526E+01    2.249930E-01    0.000000E+00    0.000000E+00    0.000000E+00
1.094500E+00    1.860036E+01   -1.024384E+02   -1.306529E+02    0.000000E+00    0.000000E+00    0.000000E+00    2.359882E+02    4.857999E+01   -4.407404E+00    0.000000E+00    0.000000E+00    0.000000E+00
1.095500E+00    2.894835E+01   -1.134107E+02   -1.539524E+02    0.000000E+00    0.000000E+00    0.000000E+00    2.716448E+02    6.420894E+01    3.863973E+00    0.000000E+00    0.000000E+00    0.000000E+00
1.096500E+00    2.868642E+01   -1.210378E+02   -1.427389E+02    0.000000E+00    0.000000E+00    0.000000E+00    2.673160E+02    6.150729E+01    1.742337E+00    0.000000E+00    0.000000E+00    0.000000E+00
1.097500E+00    1.972802E+01   -1.022411E+02   -1.441303E+02    0.000000E+00    0.000000E+00    0.000000E+00    2.503794E+02    5.304624E+01   -3.246958E+00    0.000000E+00    0.000000E+00    0.000000E+00
1.098500E+00    3.309070E+01   -1.206708E+02   -1.280882E+02    0.000000E+00    0.000000E+00    0.000000E+00    2.521909E+02    6.269123E+01    6.271882E+00    0.000000E+00    0.000000E+00    0.000000E+00
1.099500E+00    1.871240E+01   -1.019535E+02   -1.403743E+02    0.000000E+00    0.000000E+00    0.000000E+00    2.468351E+02    5.144202E+01   -4.312533E+00    0.000000E+00    0.000000E+00    0.000000E+00
1.100500E+00    3.195036E+01   -1.226017E+02   -1.297121E+02    0.000000E+00    0.000000E+00    0.000000E+00    2.558300E+02    6.189589E+01    4.630790E+00    0.000000E+00    0.000000E+00    0.000000E+00
1.101500E+00    2.576311E+01   -1.230903E+02   -1.429299E+02    0.000000E+00    0.000000E+00    0.000000E+00    2.704638E+02    5.902877E+01   -1.997284E+00    0.000000E+00    0.000000E+00    0.000000E+00
1.102500E+00    2.818566E+01   -1.079346E+02   -1.518396E+02    0.000000E+00    0.000000E+00    0.000000E+00    2.648131E+02    6.342278E+01    4.186705E+00    0.000000E+00    0.000000E+00    0.000000E+00
1.103500E+00    2.630578E+01   -1.197216E+02   -1.240834E+02    0.000000E+00    0.000000E+00    0.000000E+00    2.476919E+02    5.538948E+01   -7.520348E-01    0.000000E+00    0.000000E+00    0.000000E+00
1.104500E+00    3.354013E+01   -1.134873E+02   -1.365648E+02    0.000000E+00    0.000000E+00    0.000000E+00    2.547168E+02    6.533518E+01    8.408034E+00    0.000000E+00    0.000000E+00    0.000000E+00
1.105500E+00    1.931255E+01   -1.261437E+02   -1.409986E+02    0.000000E+00    0.000000E+00    0.000000E+00    2.719228E+02    5.267970E+01   -9.706808E+00    0.000000E+00    0.000000E+00    0.000000E+00
1.106500E+00    3.564033E+01   -1.235548E+02   -1.250172E+02    0.000000E+00    0.000000E+00    0.000000E+00    2.526084E+02    6.479130E+01    8.053242E+00    0.000000E+00    0.000000E+00    0.000000E+00
1.107500E+00    2.258511E+01   -1.051159E+02   -1.332794E+02    0.000000E+00    0.000000E+00    0.000000E+00    2.433903E+02    5.394068E+01   -1.225509E+00    0.000000E+00    0.000000E+00    0.000000E+00
1.108500E+00    2.566321E+01   -1.078199E+02   -1.220288E+02    0.000000E+00    0.000000E+00    0.000000E+00    2.344496E+02    5.445602E+01    1.201449E+00    0.000000E+00    0.000000E+00    0.000000E+00
1.109500E+00    2.366889E+01   -1.079713E+02   -1.234018E+02    0.000000E+00    0.000000E+00    0.000000E+00    2.358264E+02    5.274618E+01   -8.838694E-01    0.000000E+00    0.000000E+00    0.000000E+00
1.110500E+00    3.713723E+01   -1.186577E+02   -1.380118E+02    0.000000E+00    0.000000E+00    0.000000E+00    2.618504E+02    6.951097E+01    1.074587E+01    0.000000E+00    0.000000E+00    0.000000E+00
1.111500E+00    2.159904E+01   -1.299747E+02   -1.420639E+02    0.000000E+00    0.000000E+00    0.000000E+00    2.769095E+02    5.523821E+01   -8.420146E+00    0.000000E+00    0.000000E+00    0.000000E+00
1.112500E+00    3.308095E+01   -1.143128E+02   -1.436422E+02    0.000000E+00    0.000000E+00    0.000000E+00    2.635547E+02    6.687937E+01    7.513501E+00    0.000000E+00    0.000000E+00    0.000000E+00
1.113500E+00    2.154867E+01   -9.222679E+01   -1.257520E+02    0.000000E+00    0.000000E+00    0.000000E+00    2.229247E+02    5.131228E+01    5.757095E-01    0.000000E+00    0.000000E+00    0.000000E+00
1.114500E+00    1.317282E+01   -9.219724E+01   -9.181203E+01    0.000000E+00    0.000000E+00    0.000000E+00    1.867263E+02    3.501072E+01   -8.338458E+00    0.000000E+00    0.000000E+00    0.000000E+00
1.115500E+00    2.493738E+01   -1.175633E+02   -1.418828E+02    0.000000E+00    0.000000E+00    0.000000E+00    2.652813E+02    5.874215E+01   -2.035602E+00    0.000000E+00    0.000000E+00    0.000000E+00
1.116500E+00    2.498133E+01   -1.155036E+02   -1.318559E+02    0.000000E+00    0.000000E+00    0.000000E+00    2.521619E+02    5.620283E+01   -1.460539E+00    0.000000E+00    0.000000E+00    0.000000E+00
1.117500E+00    2.558715E+01   -1.042699E+02   -1.366084E+02    0.000000E+00    0.000000E+00    0.000000E+00    2.465917E+02    5.825045E+01    1.742501E+00    0.000000E+00    0.000000E+00    0.000000E+00
1.118500E+00    2.210514E+01   -9.479133E+01   -1.145317E+02    0.000000E+00    0.000000E+00    0.000000E+00    2.138310E+02    4.928474E+01    4.091301E-01    0.000000E+00    0.000000E+00    0.000000E+00
1.119500E+00    2.770731E+01   -1.103739E+02   -1.238678E+02    0.000000E+00    0.000000E+00    0.000000E+00    2.388692E+02    5.713645E+01    2.507535E+00    0.000000E+00    0.000000E+00    0.000000E+00
1.120500E+00    1.744058E+01   -1.267175E+02   -1.460656E+02    0.000000E+00    0.000000E+00    0.000000E+00    2.785438E+02    5.245883E+01   -1.228502E+01    0.000000E+00    0.000000E+00    0.000000E+00
1.121500E+00    2.772997E+01   -1.112301E+02   -1.376431E+02    0.000000E+00    0.000000E+00    0.000000E+00    2.544150E+02    6.071359E+01    2.173440E+00    0.000000E+00    0.000000E+00    0.000000E+00
1.122500E+00    2.444545E+01   -1.077887E+02   -1.183605E+02    0.000000E+00    0.000000E+00    0.000000E+00    2.304735E+02    5.283804E+01   -4.258604E-01    0.000000E+00    0.000000E+00    0.000000E+00
1.123500E+00    1.520348E+01   -9.070842E+01   -1.075353E+02    0.000000E+00    0.000000E+00    0.000000E+00    2.023416E+02    4.101466E+01   -6.013156E+00    0.000000E+00    0.000000E+00    0.000000E+00
1.124500E+00    2.056870E+01   -1.286043E+02   -1.326299E+02    0.000000E+00    0.000000E+00    0.000000E+00    2.657912E+02    5.256972E+01   -9.704741E+00    0.000000E+00    0.000000E+00    0.000000E+00
1.125500E+00    2.528615E+01   -1.254632E+02   -1.538278E+02    0.000000E+00    0.000000E+00    0.000000E+00    2.855145E+02    6.240794E+01   -3.936175E+00    0.000000E+00    0.000000E+00    0.000000E+00
1.126500E+00    2.424333E+01   -1.250051E+02   -1.339773E+02    0.000000E+00    0.000000E+00    0.000000E+00    2.636099E+02    5.642240E+01   -4.917590E+00    0.000000E+00    0.000000E+00    0.000000E+00
1.127500E+00    1.728687E+01   -9.916118E+01   -1.192731E+02    0.000000E+00    0.000000E+00    0.000000E+00    2.229289E+02    4.611632E+01   -5.997211E+00    0.000000E+00    0.000000E+00    0.000000E+00
1.128500E+00    1.512260E+01   -1.097267E+02   -1.058258E+02    0.000000E+00    0.000000E+00    0.000000E+00    2.189366E+02    4.051091E+01   -1.084753E+01    0.000000E+00    0.000000E+00    0.000000E+00
1.129500E+00    2.464884E+01   -1.235301E+02   -1.335978E+02    0.000000E+00    0.000000E+00    0.000000E+00    2.618085E+02    5.692243E+01   -4.325585E+00    0.000000E+00    0.000000E+00    0.000000E+00
1.130500E+00    5.278610E+00   -1.160766E+02   -1.287158E+02    0.000000E+00    0.000000E+00    0.000000E+00    2.492480E+02    3.691286E+01   -2.303407E+01    0.000000E+00    0.000000E+00    0.000000E+00
1.131500E+00    3.687495E+01   -1.010804E+02   -1.114660E+02    0.000000E+00    0.000000E+00    0.000000E+00    2.161637E+02    6.364781E+01    1.379457E+01    0.000000E+00    0.000000E+00    0.000000E+00
1.132500E+00    5.232258E+00   -9.336358E+01   -9.984692E+01    0.000000E+00    0.000000E+00    0.000000E+00    1.960729E+02    2.991503E+01   -1.765617E+01    0.000000E+00    0.000000E+00    0.000000E+00
1.133500E+00    3.813107E+01   -9.650354E+01   -1.115932E+02    0.000000E+00    0.000000E+00    0.000000E+00    2.116179E+02    6.514900E+01    1.603264E+01    0.000000E+00    0.000000E+00    0.000000E+00
1.134500E+00    6.088884E-01   -1.109247E+02   -1.105293E+02    0.000000E+00    0.000000E+00    0.000000E+00    2.250193E+02    2.795673E+01   -2.672451E+01    0.000000E+00    0.000000E+00    0.000000E+00
1.135500E+00    2.663080E+01   -1.233946E+02   -1.387821E+02    0.000000E+00    0.000000E+00    0.000000E+00    2.661397E+02    6.056663E+01   -2.817574E+00    0.000000E+00    0.000000E+00    0.000000E+00
1.136500E+00    2.683181E+01   -1.112429E+02   -1.218988E+02    0.000000E+00    0.000000E+00    0.000000E+00    2.365785E+02    5.668569E+01    3.609563E-01    0.000000E+00    0.000000E+00    0.000000E+00
1.137500E+00    9.775535E+00   -9.620998E+01   -1.135377E+02    0.000000E+00    0.000000E+00    0.000000E+00    2.128466E+02    3.780350E+01   -1.375998E+01    0.000000E+00    0.000000E+00    0.000000E+00
1.138500E+00    3.563913E+01   -9.257668E+01   -1.069881E+02    0.000000E+00    0.000000E+00    0.000000E+00    2.019899E+02    6.173983E+01    1.394369E+01    0.000000E+00    0.000000E+00    0.000000E+00
1.139500E+00    2.174920E+01   -1.228865E+02   -1.356136E+02    0.000000E+00    0.000000E+00    0.000000E+00    2.620542E+02    5.519411E+01   -7.961630E+00    0.000000E+00    0.000000E+00    0.000000E+00
1.140500E+00    2.436877E+01   -1.190541E+02   -1.445840E+02    0.000000E+00    0.000000E+00    0.000000E+00    2.668075E+02    6.047242E+01   -4.788732E+00    0.000000E+00    0.000000E+00    0.000000E+00
1.141500E+00    3.292222E+01   -1.118244E+02   -1.271485E+02    0.000000E+00    0.000000E+00    0.000000E+00    2.415715E+02    6.422463E+01    6.098091E+00    0.000000E+00    0.000000E+00    0.000000E+00
1.142500E+00    2.042040E+00   -1.144052E+02   -9.442787E+01    0.000000E+00    0.000000E+00    0.000000E+00    2.106163E+02    2.545678E+01   -2.639539E+01    0.000000E+00    0.000000E+00    0.000000E+00
1.143500E+00    2.796222E+01   -1.021770E+02   -1.309433E+02    0.000000E+00    0.000000E+00    0.000000E+00    2.355397E+02    6.062457E+01    3.045315E+00    0.000000E+00    0.000000E+00    0.000000E+00
1.144500E+00    1.845618E+01   -1.338271E+02   -1.332089E+02    0.000000E+00    0.000000E+00    0.000000E+00    2.692849E+02    5.154599E+01   -1.451070E+01    0.000000E+00    0.000000E+00    0.000000E+00
1.145500E+00    1.970507E+01   -1.448676E+02   -1.312359E+02    0.000000E+00    0.000000E+00    0.000000E+00    2.778159E+02    5.223497E+01   -1.618876E+01    0.000000E+00    0.000000E+00    0.000000E+00
1.146500E+00    2.983634E+01   -9.902001E+01   -1.305365E+02    0.000000E+00    0.000000E+00    0.000000E+00    2.313711E+02    6.254105E+01    5.460007E+00    0.000000E+00    0.000000E+00    0.000000E+00
1.147500E+00    2.797471E+01   -9.654857E+01   -1.081109E+02    0.000000E+00    0.000000E+00    0.000000E+00    2.059026E+02    5.481713E+01    4.300299E+00    0.000000E+00    0.000000E+00    0.000000E+00
1.148500E+00    1.943433E+01   -9.893456E+01   -1.163103E+02    0.000000E+00    0.000000E+00    0.000000E+00    2.163944E+02    4.890211E+01   -5.421042E+00    0.000000E+00    0.000000E+00    0.000000E+00
1.149500E+00    3.291008E+01   -1.057205E+02   -1.322811E+02    0.000000E+00    0.000000E+00    0.000000E+00    2.390781E+02    6.628766E+01    6.620374E+00    0.000000E+00    0.000000E+00    0.000000E+00
1.150500E+00    5.263137E+00   -1.322047E+02   -9.863364E+01    0.000000E+00    0.000000E+00    0.000000E+00    2.309461E+02    3.023025E+01   -2.839728E+01    0.000000E+00    0.000000E+00    0.000000E+00
1.151500E+00    1.959302E+01   -1.187291E+02   -1.189540E+02    0.000000E+00    0.000000E+00    0.000000E+00    2.376351E+02    4.981222E+01   -1.060666E+01    0.000000E+00    0.000000E+00    0.000000E+00
1.152500E+00    3.887032E+00   -1.401765E+02   -8.092624E+01    0.000000E+00    0.000000E+00    0.000000E+00    2.204060E+02    2.427509E+01   -3.187799E+01    0.000000E+00    0.000000E+00    0.000000E+00
1.153500E+00    2.440041E+01   -7.914461E+01   -1.254046E+02    0.000000E+00    0.000000E+00    0.000000E+00    2.053386E+02    5.663180E+01    4.242807E+00    0.000000E+00    0.000000E+00    0.000000E+00
1.154500E+00    1.455606E+01   -1.132469E+02   -9.424707E+01    0.000000E+00    0.000000E+00    0.000000E+00    2.065063E+02    3.850108E+01   -1.441503E+01    0.000000E+00    0.000000E+00    0.000000E+00
1.155500E+00    3.432341E+01   -9.177826E+01   -1.347914E+02    0.000000E+00    0.000000E+00    0.000000E+00    2.263980E+02    6.892163E+01    1.084352E+01    0.000000E+00    0.000000E+00    0.000000E+00
1.156500E+00    2.235810E+01   -1.125251E+02   -1.106779E+02    0.000000E+00    0.000000E+00    0.000000E+00    2.216591E+02    5.068509E+01   -6.753794E+00    0.000000E+00    0.000000E+00    0.000000E+00
1.157500E+00    2.820363E+01   -1.086847E+02   -1.246059E+02    0.000000E+00    0.000000E+00    0.000000E+00    2.318342E+02    6.035085E+01   -9.201597E-02    0.000000E+00    0.000000E+00    0.000000E+00
1.158500E+00    9.914968E+00   -1.265153E+02   -9.707956E+01    0.000000E+00    0.000000E+00    0.000000E+00    2.209748E+02    3.518190E+01   -2.337422E+01    0.000000E+00    0.000000E+00    0.000000E+00
1.159500E+00    3.125871E+01   -9.773189E+01   -1.337979E+02    0.000000E+00    0.000000E+00    0.000000E+00    2.295479E+02    6.621279E+01    5.390663E+00    0.000000E+00    0.000000E+00    0.000000E+00
1.160500E+00    3.269484E+01   -9.838307E+01   -1.280530E+02    0.000000E+00    0.000000E+00    0.000000E+00    2.243940E+02    6.586858E+01    6.827103E+00    0.000000E+00    0.000000E+00    0.000000E+00
1.161500E+00    2.787710E+01   -1.242433E+02   -1.284296E+02    0.000000E+00    0.000000E+00    0.000000E+00    2.495885E+02    6.142550E+01   -5.122479E+00    0.000000E+00    0.000000E+00    0.000000E+00
1.162500E+00    3.527966E+01   -8.563788E+01   -1.439376E+02    0.000000E+00    0.000000E+00    0.000000E+00    2.278891E+02    7.293855E+01    1.249848E+01    0.000000E+00    0.000000E+00    0.000000E+00
1.163500E+00    2.047556E+01   -1.199542E+02   -1.135194E+02    0.000000E+00    0.000000E+00    0.000000E+00    2.301111E+02    5.012588E+01   -1.155356E+01    0.000000E+00    0.000000E+00    0.000000E+00
1.164500E+00    2.717087E+01   -1.091545E+02   -1.238465E+02    0.000000E+00    0.000000E+00    0.000000E+00    2.291139E+02    5.981509E+01   -2.422941E+00    0.000000E+00    0.000000E+00    0.000000E+00
1.165500E+00    3.812485E+01   -8.897541E+01   -1.352509E+02    0.000000E+00    0.000000E+00    0.000000E+00    2.204291E+02    7.370747E+01    1.380089E+01    0.000000E+00    0.000000E+00    0.000000E+00
1.166500E+00    2.109294E+01   -1.306422E+02   -1.178578E+02    0.000000E+00    0.000000E+00    0.000000E+00    2.435742E+02    5.228717E+01   -1.447783E+01    0.000000E+00    0.000000E+00    0.000000E+00
1.167500E+00    3.374057E+01   -1.029201E+02   -1.352511E+02    0.000000E+00    0.000000E+00    0.000000E+00    2.326681E+02    6.980618E+01    4.998926E+00    0.000000E+00    0.000000E+00    0.000000E+00
1.168500E+00    3.058902E+01   -1.076631E+02   -1.276640E+02    0.000000E+00    0.000000E+00    0.000000E+00    2.302056E+02    6.469337E+01    7.853034E-01    0.000000E+00    0.000000E+00    0.000000E+00
1.169500E+00    2.412627E+01   -9.937460E+01   -1.212131E+02    0.000000E+00    0.000000E+00    0.000000E+00    2.158002E+02    5.663274E+01   -3.465359E+00    0.000000E+00    0.000000E+00    0.000000E+00
1.170500E+00   -5.874711E+00   -1.500489E+02   -7.561772E+01    0.000000E+00    0.000000E+00    0.000000E+00    2.198518E+02    1.459891E+01   -4.678084E+01    0.000000E+00    0.000000E+00    0.000000E+00
1.171500E+00    3.883735E+01   -8.580279E+01   -1.462595E+02    0.000000E+00    0.000000E+00    0.000000E+00    2.263139E+02    7.827338E+01    1.424065E+01    0.000000E+00    0.000000E+00    0.000000E+00
1.172500E+00   -1.200322E-01   -1.444474E+02   -8.760653E+01    0.000000E+00    0.000000E+00    0.000000E+00    2.253184E+02    2.379496E+01   -3.997859E+01    0.000000E+00    0.000000E+00    0.000000E+00
1.173500E+00    1.525156E+01   -1.138426E+02   -1.104644E+02    0.000000E+00    0.000000E+00    0.000000E+00    2.178058E+02    4.536363E+01   -1.682705E+01    0.000000E+00    0.000000E+00    0.000000E+00
1.174500E+00    3.589906E+01   -9.600517E+01   -1.158936E+02    0.000000E+00    0.000000E+00    0.000000E+00    2.037016E+02    6.737313E+01    7.542958E+00    0.000000E+00    0.000000E+00    0.000000E+00
1.175500E+00    2.552097E+01   -9.137987E+01   -1.221596E+02    0.000000E+00    0.000000E+00    0.000000E+00    2.065214E+02    5.918158E+01   -1.006358E+00    0.000000E+00    0.000000E+00    0.000000E+00
1.176500E+00    3.319262E+01   -1.122657E+02   -1.179350E+02    0.000000E+00    0.000000E+00    0.000000E+00    2.206256E+02    6.558579E+01   -1.359230E-01    0.000000E+00    0.000000E+00    0.000000E+00
1.177500E+00    3.277565E+01   -9.944868E+01   -1.418128E+02    0.000000E+00    0.000000E+00    0.000000E+00    2.327875E+02    7.210455E+01    3.301837E+00    0.000000E+00    0.000000E+00    0.000000E+00
1.178500E+00    3.246541E+01   -9.278952E+01   -1.214510E+02    0.000000E+00    0.000000E+00    0.000000E+00    2.053256E+02    6.619500E+01    4.415824E+00    0.000000E+00    0.000000E+00    0.000000E+00
1.179500E+00    3.309681E+01   -8.862207E+01   -1.362306E+02    0.000000E+00    0.000000E+00    0.000000E+00    2.159661E+02    7.115660E+01    6.261713E+00    0.000000E+00    0.000000E+00    0.000000E+00
1.180500E+00   -6.067035E+00   -1.705719E+02   -8.417576E+01    0.000000E+00    0.000000E+00    0.000000E+00    2.440430E+02    1.785310E+01   -5.482015E+01    0.000000E+00    0.000000E+00    0.000000E+00
1.181500E+00    5.353835E+01   -5.688491E+01   -1.593093E+02    0.000000E+00    0.000000E+00    0.000000E+00    2.061745E+02    9.817794E+01    3.421662E+01    0.000000E+00    0.000000E+00    0.000000E+00
1.182500E+00   -1.822369E+01   -1.778423E+02   -7.244093E+01    0.000000E+00    0.000000E+00    0.000000E+00    2.385627E+02    3.240256E+00   -6.911359E+01    0.000000E+00    0.000000E+00    0.000000E+00
1.183500E+00    6.153264E+01   -5.288432E+01   -1.601827E+02    0.000000E+00    0.000000E+00    0.000000E+00    2.018029E+02    1.064493E+02    4.244290E+01    0.000000E+00    0.000000E+00    0.000000E+00
1.184500E+00    4.029465E+01   -1.068304E+02   -1.183796E+02    0.000000E+00    0.000000E+00    0.000000E+00    2.128276E+02    7.330116E+01    6.511815E+00    0.000000E+00    0.000000E+00    0.000000E+00
1.185500E+00    4.225072E+01   -7.995363E+01   -1.534093E+02    0.000000E+00    0.000000E+00    0.000000E+00    2.204036E+02    8.658105E+01    1.563528E+01    0.000000E+00    0.000000E+00    0.000000E+00
1.186500E+00    4.058072E+01   -9.304200E+01   -1.295566E+02    0.000000E+00    0.000000E+00    0.000000E+00    2.099421E+02    7.751087E+01    1.023665E+01    0.000000E+00    0.000000E+00    0.000000E+00
1.187500E+00    4.707211E+01   -8.511345E+01   -1.467012E+02    0.000000E+00    0.000000E+00    0.000000E+00    2.186977E+02    8.896790E+01    1.863164E+01    0.000000E+00    0.000000E+00    0.000000E+00
1.188500E+00    3.750955E+01   -9.287494E+01   -1.331810E+02    0.000000E+00    0.000000E+00    0.000000E+00    2.127214E+02    7.606369E+01    7.006366E+00    0.000000E+00    0.000000E+00    0.000000E+00
1.189500E+00    2.777687E+01   -1.003076E+02   -1.269203E+02    0.000000E+00    0.000000E+00    0.000000E+00    2.135241E+02    6.501088E+01   -4.595839E+00    0.000000E+00    0.000000E+00    0.000000E+00
1.190500E+00    3.685144E+01   -1.035693E+02   -1.311842E+02    0.000000E+00    0.000000E+00    0.000000E+00    2.204991E+02    7.472450E+01    2.945766E+00    0.000000E+00    0.000000E+00    0.000000E+00
1.191500E+00    3.860954E+01   -1.010972E+02   -1.370851E+02    0.000000E+00    0.000000E+00    0.000000E+00    2.230170E+02    7.859416E+01    4.892607E+00    0.000000E+00    0.000000E+00    0.000000E+00
1.192500E+00    4.352922E+01   -9.119540E+01   -1.362420E+02    0.000000E+00    0.000000E+00    0.000000E+00    2.121125E+02    8.319271E+01    1.212937E+01    0.000000E+00    0.000000E+00    0.000000E+00
1.193500E+00    4.130821E+01   -8.855982E+01   -1.289922E+02    0.000000E+00    0.000000E+00    0.000000E+00    2.027779E+02    7.900476E+01    1.071069E+01    0.000000E+00    0.000000E+00    0.000000E+00
1.194500E+00    4.435476E+01   -9.193335E+01   -1.387501E+02    0.000000E+00    0.000000E+00    0.000000E+00    2.145386E+02    8.519176E+01    1.222195E+01    0.000000E+00    0.000000E+00    0.000000E+00
1.195500E+00    1.569630E+01   -1.120207E+02   -1.232175E+02    0.000000E+00    0.000000E+00    0.000000E+00    2.196626E+02    5.330589E+01   -2.045029E+01    0.000000E+00    0.000000E+00    0.000000E+00
1.196500E+00    9.579536E+00   -1.434666E+02   -1.099133E+02    0.000000E+00    0.000000E+00    0.000000E+00    2.354199E+02    4.336962E+01   -3.652913E+01    0.000000E+00    0.000000E+00    0.000000E+00
1.197500E+00    4.681608E+01   -9.092183E+01   -1.502200E+02    0.000000E+00    0.000000E+00    0.000000E+00    2.228789E+02    9.175187E+01    1.394667E+01    0.000000E+00    0.000000E+00    0.000000E+00
1.198500E+00    2.444492E+01   -1.176277E+02   -1.315050E+02    0.000000E+00    0.000000E+00    0.000000E+00    2.307144E+02    6.468465E+01   -1.494503E+01    0.000000E+00    0.000000E+00    0.000000E+00
1.199500E+00   -1.089451E+01   -1.528358E+02   -9.487777E+01    0.000000E+00    0.000000E+00    0.000000E+00    2.295453E+02    1.965922E+01   -5.868059E+01    0.000000E+00    0.000000E+00    0.000000E+00
