 LS-DYNA keyword deck by LS-PrePost                                      
                    ls-dyna mpp d R14 R14.1.1_16_fadfb4 date 05/14/2025
ICFD Drag Forces and Moments
time,            Fpx,Fpy,            Fpz,Fvx,            Fvy,Fvz,            Mpx,Mpy,            Mpz,Mvx,            Mvy,Mvz
5.000000E-04   -1.871024E-02    7.388452E-01   -5.283541E+01    0.000000E+00    0.000000E+00    0.000000E+00   -3.061953E-01   -5.186965E-02   -3.181666E-02    0.000000E+00    0.000000E+00    0.000000E+00
1.500000E-03   -2.695485E-01    4.761547E-01   -4.592059E+01    0.000000E+00    0.000000E+00    0.000000E+00   -2.070635E-01   -1.027823E-01    1.363674E-02    0.000000E+00    0.000000E+00    0.000000E+00
2.500000E-03   -2.369588E-01    2.140289E-01   -3.982020E+01    0.000000E+00    0.000000E+00    0.000000E+00   -1.209443E-01   -8.564709E-02    1.104670E-02    0.000000E+00    0.000000E+00    0.000000E+00
3.500000E-03   -1.926700E-01    3.254948E-01   -3.832099E+01    0.000000E+00    0.000000E+00    0.000000E+00   -1.685538E-01   -6.073252E-02    1.202928E-02    0.000000E+00    0.000000E+00    0.000000E+00
4.500000E-03   -1.432092E-01    2.585725E-01   -3.743056E+01    0.000000E+00    0.000000E+00    0.000000E+00   -1.417422E-01   -4.075229E-02    1.240257E-02    0.000000E+00    0.000000E+00    0.000000E+00
5.500000E-03   -8.864300E-02    1.263467E-01   -3.654912E+01    0.000000E+00    0.000000E+00    0.000000E+00   -8.907794E-02   -2.144127E-02    1.076084E-02    0.000000E+00    0.000000E+00    0.000000E+00
6.500000E-03   -1.497424E-02    2.075903E-02   -4.302913E+00    0.000000E+00    0.000000E+00    0.000000E+00   -1.367838E-02    3.257157E-03    5.404793E-03    0.000000E+00    0.000000E+00    0.000000E+00
7.500000E-03    2.368964E-02    7.650584E-02    8.872588E+00    0.000000E+00    0.000000E+00    0.000000E+00   -1.889717E-02    2.990017E-03   -4.628979E-03    0.000000E+00    0.000000E+00    0.000000E+00
8.500000E-03    5.544477E-02    9.996452E-02   -2.530688E+00    0.000000E+00    0.000000E+00    0.000000E+00   -3.493430E-02    1.269617E-02   -3.030355E-03    0.000000E+00    0.000000E+00    0.000000E+00
9.500000E-03    2.092479E-02    6.530109E-02   -6.574154E+00    0.000000E+00    0.000000E+00    0.000000E+00   -2.351417E-02    7.934731E-03    7.473962E-04    0.000000E+00    0.000000E+00    0.000000E+00
1.050000E-02   -4.399743E-02    9.769071E-02   -3.476781E+00    0.000000E+00    0.000000E+00    0.000000E+00   -3.373855E-02   -1.353149E-02    1.428919E-04    0.000000E+00    0.000000E+00    0.000000E+00
1.150000E-02   -2.872364E-02    1.132130E-01   -2.607231E+00    0.000000E+00    0.000000E+00    0.000000E+00   -3.971000E-02   -9.689483E-03   -4.683976E-04    0.000000E+00    0.000000E+00    0.000000E+00
1.250000E-02    3.119528E-02    8.375229E-02   -3.611097E+00    0.000000E+00    0.000000E+00    0.000000E+00   -2.995470E-02    1.180027E-02    9.674021E-04    0.000000E+00    0.000000E+00    0.000000E+00
1.350000E-02    2.504691E-02    8.413487E-02   -4.295611E+00    0.000000E+00    0.000000E+00    0.000000E+00   -2.953398E-02    8.079974E-03   -3.439258E-04    0.000000E+00    0.000000E+00    0.000000E+00
1.450000E-02   -6.941217E-03    1.118830E-01   -4.613176E+00    0.000000E+00    0.000000E+00    0.000000E+00   -3.919242E-02   -3.122852E-03   -9.553874E-04    0.000000E+00    0.000000E+00    0.000000E+00
1.550000E-02   -1.992955E-02    1.143365E-01   -4.799867E+00    0.000000E+00    0.000000E+00    0.000000E+00   -4.100277E-02   -8.530612E-03    2.777680E-05    0.000000E+00    0.000000E+00    0.000000E+00
1.650000E-02   -1.832835E-02    9.633251E-02   -5.043133E+00    0.000000E+00    0.000000E+00    0.000000E+00   -3.409283E-02   -1.048283E-02   -8.626865E-04    0.000000E+00    0.000000E+00    0.000000E+00
1.750000E-02   -2.640381E-03    8.555523E-02   -5.410091E+00    0.000000E+00    0.000000E+00    0.000000E+00   -2.811124E-02   -3.326472E-03   -5.512238E-04    0.000000E+00    0.000000E+00    0.000000E+00
1.850000E-02   -2.682460E-03    9.684655E-02   -5.819652E+00    0.000000E+00    0.000000E+00    0.000000E+00   -3.235412E-02   -2.374471E-03   -1.995129E-04    0.000000E+00    0.000000E+00    0.000000E+00
1.950000E-02   -3.111079E-03    9.117885E-02   -6.170357E+00    0.000000E+00    0.000000E+00    0.000000E+00   -2.967241E-02   -2.457572E-03   -1.351432E-03    0.000000E+00    0.000000E+00    0.000000E+00
2.050000E-02   -3.149789E-03    8.738978E-02   -6.512607E+00    0.000000E+00    0.000000E+00    0.000000E+00   -2.786895E-02   -2.387624E-03   -1.574568E-03    0.000000E+00    0.000000E+00    0.000000E+00
2.150000E-02   -9.515518E-04    8.304656E-02   -6.856670E+00    0.000000E+00    0.000000E+00    0.000000E+00   -2.545469E-02   -1.797021E-03   -1.573661E-03    0.000000E+00    0.000000E+00    0.000000E+00
2.250000E-02   -3.801477E-03    8.152301E-02   -7.192027E+00    0.000000E+00    0.000000E+00    0.000000E+00   -2.534874E-02   -3.354105E-03   -1.348727E-03    0.000000E+00    0.000000E+00    0.000000E+00
2.350000E-02   -1.791477E-03    7.796967E-02   -7.529133E+00    0.000000E+00    0.000000E+00    0.000000E+00   -2.348570E-02   -2.444369E-03   -1.469648E-03    0.000000E+00    0.000000E+00    0.000000E+00
2.450000E-02   -2.574166E-05    7.254089E-02   -7.863155E+00    0.000000E+00    0.000000E+00    0.000000E+00   -2.087628E-02   -1.457770E-03   -1.605424E-03    0.000000E+00    0.000000E+00    0.000000E+00
2.550000E-02    2.117719E-03    6.519003E-02   -8.177120E+00    0.000000E+00    0.000000E+00    0.000000E+00   -1.753478E-02   -2.581857E-04   -1.754174E-03    0.000000E+00    0.000000E+00    0.000000E+00
2.650000E-02    5.235612E-03    5.611917E-02   -8.467141E+00    0.000000E+00    0.000000E+00    0.000000E+00   -1.357241E-02    1.272094E-03   -1.893206E-03    0.000000E+00    0.000000E+00    0.000000E+00
2.750000E-02    8.825316E-03    4.581031E-02   -8.738075E+00    0.000000E+00    0.000000E+00    0.000000E+00   -9.124882E-03    3.108955E-03   -2.011372E-03    0.000000E+00    0.000000E+00    0.000000E+00
2.850000E-02    1.312794E-02    3.372871E-02   -8.993586E+00    0.000000E+00    0.000000E+00    0.000000E+00   -4.238813E-03    5.088130E-03   -2.069108E-03    0.000000E+00    0.000000E+00    0.000000E+00
2.950000E-02    1.717938E-02    2.351477E-02   -9.234463E+00    0.000000E+00    0.000000E+00    0.000000E+00    1.032207E-03    7.013187E-03   -2.188420E-03    0.000000E+00    0.000000E+00    0.000000E+00
3.050000E-02    2.114355E-02    1.100581E-02   -9.462072E+00    0.000000E+00    0.000000E+00    0.000000E+00    6.616728E-03    8.751790E-03   -2.239722E-03    0.000000E+00    0.000000E+00    0.000000E+00
3.150000E-02    2.382893E-02   -2.469422E-03   -9.675861E+00    0.000000E+00    0.000000E+00    0.000000E+00    1.235347E-02    1.028483E-02   -2.291939E-03    0.000000E+00    0.000000E+00    0.000000E+00
3.250000E-02    2.728438E-02   -1.581443E-02   -9.876478E+00    0.000000E+00    0.000000E+00    0.000000E+00    1.801904E-02    1.162304E-02   -2.334024E-03    0.000000E+00    0.000000E+00    0.000000E+00
3.350000E-02    2.939189E-02   -2.835450E-02   -1.006439E+01    0.000000E+00    0.000000E+00    0.000000E+00    2.338202E-02    1.265741E-02   -2.343624E-03    0.000000E+00    0.000000E+00    0.000000E+00
3.450000E-02    3.065913E-02   -4.018224E-02   -1.024001E+01    0.000000E+00    0.000000E+00    0.000000E+00    2.827320E-02    1.332488E-02   -2.336255E-03    0.000000E+00    0.000000E+00    0.000000E+00
3.550000E-02    2.997794E-02   -4.941959E-02   -1.040425E+01    0.000000E+00    0.000000E+00    0.000000E+00    3.230450E-02    1.352412E-02   -2.352066E-03    0.000000E+00    0.000000E+00    0.000000E+00
3.650000E-02    2.919009E-02   -5.993142E-02   -1.055532E+01    0.000000E+00    0.000000E+00    0.000000E+00    3.640279E-02    1.344213E-02   -2.307144E-03    0.000000E+00    0.000000E+00    0.000000E+00
3.750000E-02    2.746733E-02   -6.875416E-02   -1.069326E+01    0.000000E+00    0.000000E+00    0.000000E+00    3.967732E-02    1.298163E-02   -2.262340E-03    0.000000E+00    0.000000E+00    0.000000E+00
3.850000E-02    2.573889E-02   -7.682390E-02   -1.081601E+01    0.000000E+00    0.000000E+00    0.000000E+00    4.233477E-02    1.225729E-02   -2.153392E-03    0.000000E+00    0.000000E+00    0.000000E+00
3.950000E-02    2.305545E-02   -8.371236E-02   -1.092258E+01    0.000000E+00    0.000000E+00    0.000000E+00    4.442565E-02    1.138458E-02   -2.065721E-03    0.000000E+00    0.000000E+00    0.000000E+00
4.050000E-02    2.015597E-02   -8.911719E-02   -1.101356E+01    0.000000E+00    0.000000E+00    0.000000E+00    4.604985E-02    1.049176E-02   -1.976131E-03    0.000000E+00    0.000000E+00    0.000000E+00
4.150000E-02    1.764474E-02   -9.383698E-02   -1.109053E+01    0.000000E+00    0.000000E+00    0.000000E+00    4.722493E-02    9.667953E-03   -1.860536E-03    0.000000E+00    0.000000E+00    0.000000E+00
4.250000E-02    1.531890E-02   -9.733033E-02   -1.115523E+01    0.000000E+00    0.000000E+00    0.000000E+00    4.793993E-02    8.912824E-03   -1.722147E-03    0.000000E+00    0.000000E+00    0.000000E+00
4.350000E-02    1.317362E-02   -9.979372E-02   -1.120976E+01    0.000000E+00    0.000000E+00    0.000000E+00    4.825122E-02    8.195483E-03   -1.568702E-03    0.000000E+00    0.000000E+00    0.000000E+00
4.450000E-02    1.090650E-02   -1.027873E-01   -1.125541E+01    0.000000E+00    0.000000E+00    0.000000E+00    4.821716E-02    7.447003E-03   -1.454096E-03    0.000000E+00    0.000000E+00    0.000000E+00
4.550000E-02    7.427806E-03   -1.027456E-01   -1.129496E+01    0.000000E+00    0.000000E+00    0.000000E+00    4.788134E-02    6.568589E-03   -1.324327E-03    0.000000E+00    0.000000E+00    0.000000E+00
4.650000E-02    4.506513E-03   -1.035258E-01   -1.132655E+01    0.000000E+00    0.000000E+00    0.000000E+00    4.741831E-02    5.801398E-03   -1.164421E-03    0.000000E+00    0.000000E+00    0.000000E+00
4.750000E-02    3.450816E-03   -1.029785E-01   -1.135048E+01    0.000000E+00    0.000000E+00    0.000000E+00    4.676485E-02    5.108656E-03   -1.057244E-03    0.000000E+00    0.000000E+00    0.000000E+00
4.850000E-02    2.105655E-03   -1.015713E-01   -1.136945E+01    0.000000E+00    0.000000E+00    0.000000E+00    4.598374E-02    4.570394E-03   -9.364248E-04    0.000000E+00    0.000000E+00    0.000000E+00
4.950000E-02    2.510654E-03   -1.001944E-01   -1.138647E+01    0.000000E+00    0.000000E+00    0.000000E+00    4.506375E-02    4.063989E-03   -7.762471E-04    0.000000E+00    0.000000E+00    0.000000E+00
5.050000E-02    2.332542E-03   -9.836099E-02   -1.139964E+01    0.000000E+00    0.000000E+00    0.000000E+00    4.400960E-02    3.637493E-03   -6.805323E-04    0.000000E+00    0.000000E+00    0.000000E+00
5.150000E-02    1.020583E-03   -9.565341E-02   -1.140854E+01    0.000000E+00    0.000000E+00    0.000000E+00    4.282165E-02    3.230820E-03   -5.450715E-04    0.000000E+00    0.000000E+00    0.000000E+00
5.250000E-02    1.268004E-03   -9.182515E-02   -1.141727E+01    0.000000E+00    0.000000E+00    0.000000E+00    4.141846E-02    2.928288E-03   -4.711484E-04    0.000000E+00    0.000000E+00    0.000000E+00
5.350000E-02    9.055281E-04   -8.924169E-02   -1.142566E+01    0.000000E+00    0.000000E+00    0.000000E+00    4.054873E-02    2.846304E-03   -3.387334E-04    0.000000E+00    0.000000E+00    0.000000E+00
5.450000E-02    1.973439E-03   -8.474600E-02   -1.143315E+01    0.000000E+00    0.000000E+00    0.000000E+00    3.914174E-02    2.882958E-03   -3.095068E-04    0.000000E+00    0.000000E+00    0.000000E+00
5.550000E-02    8.242861E-04   -8.146107E-02   -1.144300E+01    0.000000E+00    0.000000E+00    0.000000E+00    3.817836E-02    2.746127E-03   -1.830826E-04    0.000000E+00    0.000000E+00    0.000000E+00
5.650000E-02    2.850966E-03   -7.777670E-02   -1.145421E+01    0.000000E+00    0.000000E+00    0.000000E+00    3.670278E-02    2.847832E-03   -8.904770E-05    0.000000E+00    0.000000E+00    0.000000E+00
5.750000E-02    3.284832E-03   -7.464356E-02   -1.146658E+01    0.000000E+00    0.000000E+00    0.000000E+00    3.588762E-02    3.003612E-03   -2.624812E-05    0.000000E+00    0.000000E+00    0.000000E+00
5.850000E-02    5.956212E-03   -6.973803E-02   -1.148364E+01    0.000000E+00    0.000000E+00    0.000000E+00    3.492089E-02    3.218792E-03    5.664372E-06    0.000000E+00    0.000000E+00    0.000000E+00
5.950000E-02    7.216175E-03   -6.490915E-02   -1.149955E+01    0.000000E+00    0.000000E+00    0.000000E+00    3.354698E-02    3.519837E-03   -4.294867E-05    0.000000E+00    0.000000E+00    0.000000E+00
6.050000E-02    7.929791E-03   -6.187726E-02   -1.151142E+01    0.000000E+00    0.000000E+00    0.000000E+00    3.288778E-02    3.662016E-03    2.727000E-05    0.000000E+00    0.000000E+00    0.000000E+00
6.150000E-02    8.835088E-03   -5.831948E-02   -1.152880E+01    0.000000E+00    0.000000E+00    0.000000E+00    3.208874E-02    3.895995E-03    3.155271E-05    0.000000E+00    0.000000E+00    0.000000E+00
6.250000E-02    8.741770E-03   -5.564057E-02   -1.154803E+01    0.000000E+00    0.000000E+00    0.000000E+00    3.129381E-02    4.172549E-03    7.449012E-05    0.000000E+00    0.000000E+00    0.000000E+00
6.350000E-02    9.819183E-03   -5.365413E-02   -1.156478E+01    0.000000E+00    0.000000E+00    0.000000E+00    3.053353E-02    4.410951E-03    1.682711E-04    0.000000E+00    0.000000E+00    0.000000E+00
6.450000E-02    1.069458E-02   -5.047602E-02   -1.157963E+01    0.000000E+00    0.000000E+00    0.000000E+00    2.974717E-02    4.594164E-03    2.100486E-04    0.000000E+00    0.000000E+00    0.000000E+00
6.550000E-02    7.055741E-03   -4.916556E-02   -1.159487E+01    0.000000E+00    0.000000E+00    0.000000E+00    2.902190E-02    4.701761E-03    1.991029E-04    0.000000E+00    0.000000E+00    0.000000E+00
6.650000E-02    6.067951E-03   -4.536923E-02   -1.160984E+01    0.000000E+00    0.000000E+00    0.000000E+00    2.838542E-02    4.819731E-03    1.803992E-04    0.000000E+00    0.000000E+00    0.000000E+00
6.750000E-02    6.881655E-03   -4.284198E-02   -1.162464E+01    0.000000E+00    0.000000E+00    0.000000E+00    2.789646E-02    4.903989E-03    2.927816E-04    0.000000E+00    0.000000E+00    0.000000E+00
6.850000E-02    6.994260E-03   -4.008907E-02   -1.163912E+01    0.000000E+00    0.000000E+00    0.000000E+00    2.746198E-02    5.173694E-03    4.182014E-04    0.000000E+00    0.000000E+00    0.000000E+00
6.950000E-02    8.709656E-03   -3.757386E-02   -1.165347E+01    0.000000E+00    0.000000E+00    0.000000E+00    2.708372E-02    5.399873E-03    4.313221E-04    0.000000E+00    0.000000E+00    0.000000E+00
7.050000E-02    9.475099E-03   -3.599652E-02   -1.166760E+01    0.000000E+00    0.000000E+00    0.000000E+00    2.676938E-02    5.642030E-03    4.735115E-04    0.000000E+00    0.000000E+00    0.000000E+00
7.150000E-02    1.019699E-02   -3.337337E-02   -1.168147E+01    0.000000E+00    0.000000E+00    0.000000E+00    2.645641E-02    5.812912E-03    4.613096E-04    0.000000E+00    0.000000E+00    0.000000E+00
7.250000E-02    1.094741E-02   -3.151588E-02   -1.169513E+01    0.000000E+00    0.000000E+00    0.000000E+00    2.621923E-02    6.038097E-03    4.740103E-04    0.000000E+00    0.000000E+00    0.000000E+00
7.350000E-02    1.138594E-02   -2.980999E-02   -1.170840E+01    0.000000E+00    0.000000E+00    0.000000E+00    2.603320E-02    6.259278E-03    5.310385E-04    0.000000E+00    0.000000E+00    0.000000E+00
7.450000E-02    1.206807E-02   -2.903076E-02   -1.172122E+01    0.000000E+00    0.000000E+00    0.000000E+00    2.602255E-02    6.614542E-03    6.970857E-04    0.000000E+00    0.000000E+00    0.000000E+00
7.550000E-02    1.250038E-02   -2.824071E-02   -1.173372E+01    0.000000E+00    0.000000E+00    0.000000E+00    2.594387E-02    6.837997E-03    7.314485E-04    0.000000E+00    0.000000E+00    0.000000E+00
7.650000E-02    1.301022E-02   -2.743034E-02   -1.174596E+01    0.000000E+00    0.000000E+00    0.000000E+00    2.592155E-02    7.060316E-03    7.648420E-04    0.000000E+00    0.000000E+00    0.000000E+00
7.750000E-02    1.309604E-02   -2.700117E-02   -1.175790E+01    0.000000E+00    0.000000E+00    0.000000E+00    2.586987E-02    7.130309E-03    7.127192E-04    0.000000E+00    0.000000E+00    0.000000E+00
7.850000E-02    1.363264E-02   -2.731379E-02   -1.176963E+01    0.000000E+00    0.000000E+00    0.000000E+00    2.596131E-02    7.350872E-03    7.321267E-04    0.000000E+00    0.000000E+00    0.000000E+00
7.950000E-02    1.400695E-02   -2.752527E-02   -1.178123E+01    0.000000E+00    0.000000E+00    0.000000E+00    2.610457E-02    7.569572E-03    7.580323E-04    0.000000E+00    0.000000E+00    0.000000E+00
8.050000E-02    1.437705E-02   -2.794978E-02   -1.179266E+01    0.000000E+00    0.000000E+00    0.000000E+00    2.628442E-02    7.779089E-03    7.819950E-04    0.000000E+00    0.000000E+00    0.000000E+00
8.150000E-02    1.493850E-02   -2.870384E-02   -1.180393E+01    0.000000E+00    0.000000E+00    0.000000E+00    2.654917E-02    8.117388E-03    7.376413E-04    0.000000E+00    0.000000E+00    0.000000E+00
8.250000E-02    1.532903E-02   -2.933042E-02   -1.181511E+01    0.000000E+00    0.000000E+00    0.000000E+00    2.668344E-02    8.314729E-03    7.610963E-04    0.000000E+00    0.000000E+00    0.000000E+00
8.350000E-02    1.584706E-02   -3.028289E-02   -1.182622E+01    0.000000E+00    0.000000E+00    0.000000E+00    2.694016E-02    8.496479E-03    7.816969E-04    0.000000E+00    0.000000E+00    0.000000E+00
8.450000E-02    1.618269E-02   -3.120421E-02   -1.183720E+01    0.000000E+00    0.000000E+00    0.000000E+00    2.709425E-02    8.646668E-03    7.486879E-04    0.000000E+00    0.000000E+00    0.000000E+00
8.550000E-02    1.689045E-02   -3.209388E-02   -1.184797E+01    0.000000E+00    0.000000E+00    0.000000E+00    2.737481E-02    8.825657E-03    7.807237E-04    0.000000E+00    0.000000E+00    0.000000E+00
8.650000E-02    1.728338E-02   -3.356529E-02   -1.185874E+01    0.000000E+00    0.000000E+00    0.000000E+00    2.768201E-02    8.995685E-03    8.032385E-04    0.000000E+00    0.000000E+00    0.000000E+00
8.750000E-02    1.764759E-02   -3.490943E-02   -1.186941E+01    0.000000E+00    0.000000E+00    0.000000E+00    2.789507E-02    9.116192E-03    7.801968E-04    0.000000E+00    0.000000E+00    0.000000E+00
8.850000E-02    1.819021E-02   -3.661353E-02   -1.188004E+01    0.000000E+00    0.000000E+00    0.000000E+00    2.833752E-02    9.310285E-03    8.810041E-04    0.000000E+00    0.000000E+00    0.000000E+00
8.950000E-02    1.853841E-02   -3.835600E-02   -1.189056E+01    0.000000E+00    0.000000E+00    0.000000E+00    2.868171E-02    9.428312E-03    9.061438E-04    0.000000E+00    0.000000E+00    0.000000E+00
9.050000E-02    1.831802E-02   -4.012306E-02   -1.190104E+01    0.000000E+00    0.000000E+00    0.000000E+00    2.903091E-02    9.531667E-03    9.348746E-04    0.000000E+00    0.000000E+00    0.000000E+00
9.150000E-02    1.843583E-02   -4.171401E-02   -1.191149E+01    0.000000E+00    0.000000E+00    0.000000E+00    2.935722E-02    9.621647E-03    9.644913E-04    0.000000E+00    0.000000E+00    0.000000E+00
9.250000E-02    1.888773E-02   -4.361656E-02   -1.192193E+01    0.000000E+00    0.000000E+00    0.000000E+00    2.976916E-02    9.764243E-03    1.066335E-03    0.000000E+00    0.000000E+00    0.000000E+00
9.350000E-02    1.922071E-02   -4.522249E-02   -1.193234E+01    0.000000E+00    0.000000E+00    0.000000E+00    3.006712E-02    9.834037E-03    1.093104E-03    0.000000E+00    0.000000E+00    0.000000E+00
9.450000E-02    1.939283E-02   -4.698202E-02   -1.194275E+01    0.000000E+00    0.000000E+00    0.000000E+00    3.036946E-02    9.887739E-03    1.129197E-03    0.000000E+00    0.000000E+00    0.000000E+00
9.550000E-02    1.951773E-02   -4.889673E-02   -1.195306E+01    0.000000E+00    0.000000E+00    0.000000E+00    3.066615E-02    9.928433E-03    1.158610E-03    0.000000E+00    0.000000E+00    0.000000E+00
9.650000E-02    1.971823E-02   -5.071672E-02   -1.196333E+01    0.000000E+00    0.000000E+00    0.000000E+00    3.095208E-02    9.968794E-03    1.181470E-03    0.000000E+00    0.000000E+00    0.000000E+00
9.750000E-02    1.985702E-02   -5.260262E-02   -1.197359E+01    0.000000E+00    0.000000E+00    0.000000E+00    3.123579E-02    1.001372E-02    1.211258E-03    0.000000E+00    0.000000E+00    0.000000E+00
9.850000E-02    1.996915E-02   -5.419406E-02   -1.198387E+01    0.000000E+00    0.000000E+00    0.000000E+00    3.141056E-02    1.008698E-02    1.302937E-03    0.000000E+00    0.000000E+00    0.000000E+00
9.950000E-02    2.017404E-02   -5.607704E-02   -1.199410E+01    0.000000E+00    0.000000E+00    0.000000E+00    3.169598E-02    1.013418E-02    1.334885E-03    0.000000E+00    0.000000E+00    0.000000E+00
1.005000E-01    2.015668E-02   -5.809269E-02   -1.200428E+01    0.000000E+00    0.000000E+00    0.000000E+00    3.208049E-02    1.012295E-02    1.319165E-03    0.000000E+00    0.000000E+00    0.000000E+00
1.015000E-01    2.034657E-02   -5.990555E-02   -1.201444E+01    0.000000E+00    0.000000E+00    0.000000E+00    3.236278E-02    1.018029E-02    1.356789E-03    0.000000E+00    0.000000E+00    0.000000E+00
1.025000E-01    2.055675E-02   -6.166862E-02   -1.202459E+01    0.000000E+00    0.000000E+00    0.000000E+00    3.264320E-02    1.024629E-02    1.394361E-03    0.000000E+00    0.000000E+00    0.000000E+00
1.035000E-01    2.089250E-02   -6.350839E-02   -1.203470E+01    0.000000E+00    0.000000E+00    0.000000E+00    3.292223E-02    1.031855E-02    1.435219E-03    0.000000E+00    0.000000E+00    0.000000E+00
1.045000E-01    2.118717E-02   -6.526443E-02   -1.204475E+01    0.000000E+00    0.000000E+00    0.000000E+00    3.320149E-02    1.039404E-02    1.475807E-03    0.000000E+00    0.000000E+00    0.000000E+00
1.055000E-01    2.132207E-02   -6.718346E-02   -1.205476E+01    0.000000E+00    0.000000E+00    0.000000E+00    3.348199E-02    1.047270E-02    1.515091E-03    0.000000E+00    0.000000E+00    0.000000E+00
1.065000E-01    2.176879E-02   -6.902296E-02   -1.206472E+01    0.000000E+00    0.000000E+00    0.000000E+00    3.386321E-02    1.072815E-02    1.465705E-03    0.000000E+00    0.000000E+00    0.000000E+00
1.075000E-01    2.182877E-02   -7.053995E-02   -1.207466E+01    0.000000E+00    0.000000E+00    0.000000E+00    3.413480E-02    1.081498E-02    1.505261E-03    0.000000E+00    0.000000E+00    0.000000E+00
1.085000E-01    2.212475E-02   -7.223899E-02   -1.208455E+01    0.000000E+00    0.000000E+00    0.000000E+00    3.440238E-02    1.090928E-02    1.544573E-03    0.000000E+00    0.000000E+00    0.000000E+00
1.095000E-01    2.223819E-02   -7.396307E-02   -1.209450E+01    0.000000E+00    0.000000E+00    0.000000E+00    3.461070E-02    1.096633E-02    1.607875E-03    0.000000E+00    0.000000E+00    0.000000E+00
1.105000E-01    2.234252E-02   -7.501877E-02   -1.210441E+01    0.000000E+00    0.000000E+00    0.000000E+00    3.486987E-02    1.105527E-02    1.646380E-03    0.000000E+00    0.000000E+00    0.000000E+00
1.115000E-01    2.247277E-02   -7.664273E-02   -1.211415E+01    0.000000E+00    0.000000E+00    0.000000E+00    3.512924E-02    1.114628E-02    1.666296E-03    0.000000E+00    0.000000E+00    0.000000E+00
1.125000E-01    2.202299E-02   -7.800689E-02   -1.212383E+01    0.000000E+00    0.000000E+00    0.000000E+00    3.531887E-02    1.099406E-02    1.803739E-03    0.000000E+00    0.000000E+00    0.000000E+00
1.135000E-01    2.281366E-02   -7.917110E-02   -1.213348E+01    0.000000E+00    0.000000E+00    0.000000E+00    3.543922E-02    1.113296E-02    1.914856E-03    0.000000E+00    0.000000E+00    0.000000E+00
1.145000E-01    2.296270E-02   -8.071969E-02   -1.214308E+01    0.000000E+00    0.000000E+00    0.000000E+00    3.567892E-02    1.124704E-02    1.947231E-03    0.000000E+00    0.000000E+00    0.000000E+00
1.155000E-01    2.361820E-02   -8.202890E-02   -1.215265E+01    0.000000E+00    0.000000E+00    0.000000E+00    3.591533E-02    1.136987E-02    1.976628E-03    0.000000E+00    0.000000E+00    0.000000E+00
1.165000E-01    2.376537E-02   -8.324536E-02   -1.216211E+01    0.000000E+00    0.000000E+00    0.000000E+00    3.614111E-02    1.149735E-02    2.018733E-03    0.000000E+00    0.000000E+00    0.000000E+00
1.175000E-01    2.409684E-02   -8.453816E-02   -1.217150E+01    0.000000E+00    0.000000E+00    0.000000E+00    3.644299E-02    1.157719E-02    2.009093E-03    0.000000E+00    0.000000E+00    0.000000E+00
1.185000E-01    2.401491E-02   -8.487336E-02   -1.218083E+01    0.000000E+00    0.000000E+00    0.000000E+00    3.634758E-02    1.157728E-02    2.062890E-03    0.000000E+00    0.000000E+00    0.000000E+00
1.195000E-01    2.431365E-02   -8.601944E-02   -1.219016E+01    0.000000E+00    0.000000E+00    0.000000E+00    3.654706E-02    1.172209E-02    2.086550E-03    0.000000E+00    0.000000E+00    0.000000E+00
1.205000E-01    2.472382E-02   -8.719873E-02   -1.219936E+01    0.000000E+00    0.000000E+00    0.000000E+00    3.672557E-02    1.186771E-02    2.124218E-03    0.000000E+00    0.000000E+00    0.000000E+00
1.215000E-01    2.524013E-02   -8.850079E-02   -1.220856E+01    0.000000E+00    0.000000E+00    0.000000E+00    3.688697E-02    1.201587E-02    2.140224E-03    0.000000E+00    0.000000E+00    0.000000E+00
1.225000E-01    2.565518E-02   -8.960241E-02   -1.221767E+01    0.000000E+00    0.000000E+00    0.000000E+00    3.704054E-02    1.216324E-02    2.171284E-03    0.000000E+00    0.000000E+00    0.000000E+00
1.235000E-01    2.619645E-02   -9.033505E-02   -1.222669E+01    0.000000E+00    0.000000E+00    0.000000E+00    3.718716E-02    1.231326E-02    2.198884E-03    0.000000E+00    0.000000E+00    0.000000E+00
1.245000E-01    2.681752E-02   -9.120236E-02   -1.223566E+01    0.000000E+00    0.000000E+00    0.000000E+00    3.733083E-02    1.246229E-02    2.238125E-03    0.000000E+00    0.000000E+00    0.000000E+00
1.255000E-01    2.716297E-02   -9.230052E-02   -1.224453E+01    0.000000E+00    0.000000E+00    0.000000E+00    3.767735E-02    1.255892E-02    2.372285E-03    0.000000E+00    0.000000E+00    0.000000E+00
1.265000E-01    2.763379E-02   -9.288956E-02   -1.225335E+01    0.000000E+00    0.000000E+00    0.000000E+00    3.780153E-02    1.271058E-02    2.403420E-03    0.000000E+00    0.000000E+00    0.000000E+00
1.275000E-01    2.773530E-02   -9.362402E-02   -1.226207E+01    0.000000E+00    0.000000E+00    0.000000E+00    3.799272E-02    1.273597E-02    2.509925E-03    0.000000E+00    0.000000E+00    0.000000E+00
1.285000E-01    2.847936E-02   -9.361507E-02   -1.227075E+01    0.000000E+00    0.000000E+00    0.000000E+00    3.789312E-02    1.301362E-02    2.437833E-03    0.000000E+00    0.000000E+00    0.000000E+00
1.295000E-01    2.902414E-02   -9.406836E-02   -1.227937E+01    0.000000E+00    0.000000E+00    0.000000E+00    3.804994E-02    1.319243E-02    2.429973E-03    0.000000E+00    0.000000E+00    0.000000E+00
1.305000E-01    2.927902E-02   -9.411100E-02   -1.228793E+01    0.000000E+00    0.000000E+00    0.000000E+00    3.803502E-02    1.322495E-02    2.396346E-03    0.000000E+00    0.000000E+00    0.000000E+00
1.315000E-01    2.992898E-02   -9.410190E-02   -1.229635E+01    0.000000E+00    0.000000E+00    0.000000E+00    3.811582E-02    1.353356E-02    2.500760E-03    0.000000E+00    0.000000E+00    0.000000E+00
1.325000E-01    3.045143E-02   -9.408164E-02   -1.230474E+01    0.000000E+00    0.000000E+00    0.000000E+00    3.813716E-02    1.368746E-02    2.534952E-03    0.000000E+00    0.000000E+00    0.000000E+00
1.335000E-01    3.082651E-02   -9.391958E-02   -1.231302E+01    0.000000E+00    0.000000E+00    0.000000E+00    3.813270E-02    1.383198E-02    2.571992E-03    0.000000E+00    0.000000E+00    0.000000E+00
1.345000E-01    3.133828E-02   -9.351025E-02   -1.232109E+01    0.000000E+00    0.000000E+00    0.000000E+00    3.810397E-02    1.396771E-02    2.598568E-03    0.000000E+00    0.000000E+00    0.000000E+00
1.355000E-01    3.162085E-02   -9.304670E-02   -1.232910E+01    0.000000E+00    0.000000E+00    0.000000E+00    3.804802E-02    1.410073E-02    2.632558E-03    0.000000E+00    0.000000E+00    0.000000E+00
1.365000E-01    3.199596E-02   -9.286155E-02   -1.233688E+01    0.000000E+00    0.000000E+00    0.000000E+00    3.815507E-02    1.418183E-02    2.755685E-03    0.000000E+00    0.000000E+00    0.000000E+00
1.375000E-01    3.231973E-02   -9.203457E-02   -1.234464E+01    0.000000E+00    0.000000E+00    0.000000E+00    3.805151E-02    1.430486E-02    2.786635E-03    0.000000E+00    0.000000E+00    0.000000E+00
1.385000E-01    3.262633E-02   -9.131679E-02   -1.235225E+01    0.000000E+00    0.000000E+00    0.000000E+00    3.792866E-02    1.442724E-02    2.815522E-03    0.000000E+00    0.000000E+00    0.000000E+00
1.395000E-01    3.288288E-02   -9.091429E-02   -1.235960E+01    0.000000E+00    0.000000E+00    0.000000E+00    3.779271E-02    1.454524E-02    2.831744E-03    0.000000E+00    0.000000E+00    0.000000E+00
1.405000E-01    3.361666E-02   -9.085315E-02   -1.236681E+01    0.000000E+00    0.000000E+00    0.000000E+00    3.763464E-02    1.466495E-02    2.877811E-03    0.000000E+00    0.000000E+00    0.000000E+00
1.415000E-01    3.395680E-02   -8.938380E-02   -1.237367E+01    0.000000E+00    0.000000E+00    0.000000E+00    3.726959E-02    1.488468E-02    2.822043E-03    0.000000E+00    0.000000E+00    0.000000E+00
1.425000E-01    3.450239E-02   -8.884940E-02   -1.238065E+01    0.000000E+00    0.000000E+00    0.000000E+00    3.706600E-02    1.499373E-02    2.829931E-03    0.000000E+00    0.000000E+00    0.000000E+00
1.435000E-01    3.520328E-02   -8.803806E-02   -1.238739E+01    0.000000E+00    0.000000E+00    0.000000E+00    3.696909E-02    1.516792E-02    2.931300E-03    0.000000E+00    0.000000E+00    0.000000E+00
1.445000E-01    3.590158E-02   -8.688814E-02   -1.239405E+01    0.000000E+00    0.000000E+00    0.000000E+00    3.674228E-02    1.527457E-02    2.973949E-03    0.000000E+00    0.000000E+00    0.000000E+00
1.455000E-01    3.657089E-02   -8.631249E-02   -1.240063E+01    0.000000E+00    0.000000E+00    0.000000E+00    3.650794E-02    1.537656E-02    2.980529E-03    0.000000E+00    0.000000E+00    0.000000E+00
1.465000E-01    3.739340E-02   -8.562959E-02   -1.240708E+01    0.000000E+00    0.000000E+00    0.000000E+00    3.647394E-02    1.552899E-02    2.916742E-03    0.000000E+00    0.000000E+00    0.000000E+00
1.475000E-01    3.758552E-02   -8.420064E-02   -1.241339E+01    0.000000E+00    0.000000E+00    0.000000E+00    3.620946E-02    1.562084E-02    2.936386E-03    0.000000E+00    0.000000E+00    0.000000E+00
1.485000E-01    3.823886E-02   -8.318373E-02   -1.241954E+01    0.000000E+00    0.000000E+00    0.000000E+00    3.593214E-02    1.570705E-02    2.957447E-03    0.000000E+00    0.000000E+00    0.000000E+00
1.495000E-01    3.864282E-02   -8.180250E-02   -1.242557E+01    0.000000E+00    0.000000E+00    0.000000E+00    3.563782E-02    1.579045E-02    2.979750E-03    0.000000E+00    0.000000E+00    0.000000E+00
1.505000E-01    3.917732E-02   -8.060435E-02   -1.243149E+01    0.000000E+00    0.000000E+00    0.000000E+00    3.533326E-02    1.587099E-02    3.008092E-03    0.000000E+00    0.000000E+00    0.000000E+00
1.515000E-01    3.956319E-02   -7.933125E-02   -1.243728E+01    0.000000E+00    0.000000E+00    0.000000E+00    3.501740E-02    1.594786E-02    3.034943E-03    0.000000E+00    0.000000E+00    0.000000E+00
1.525000E-01    3.999082E-02   -7.787993E-02   -1.244284E+01    0.000000E+00    0.000000E+00    0.000000E+00    3.469285E-02    1.602310E-02    3.061629E-03    0.000000E+00    0.000000E+00    0.000000E+00
1.535000E-01    4.061252E-02   -7.650713E-02   -1.244829E+01    0.000000E+00    0.000000E+00    0.000000E+00    3.436632E-02    1.609954E-02    3.075924E-03    0.000000E+00    0.000000E+00    0.000000E+00
1.545000E-01    4.096206E-02   -7.531994E-02   -1.245368E+01    0.000000E+00    0.000000E+00    0.000000E+00    3.403403E-02    1.617240E-02    3.102813E-03    0.000000E+00    0.000000E+00    0.000000E+00
1.555000E-01    4.132548E-02   -7.391659E-02   -1.245895E+01    0.000000E+00    0.000000E+00    0.000000E+00    3.368939E-02    1.624489E-02    3.127377E-03    0.000000E+00    0.000000E+00    0.000000E+00
1.565000E-01    4.173757E-02   -7.265105E-02   -1.246413E+01    0.000000E+00    0.000000E+00    0.000000E+00    3.333760E-02    1.631900E-02    3.154693E-03    0.000000E+00    0.000000E+00    0.000000E+00
1.575000E-01    4.210473E-02   -7.138067E-02   -1.246920E+01    0.000000E+00    0.000000E+00    0.000000E+00    3.298734E-02    1.639012E-02    3.182135E-03    0.000000E+00    0.000000E+00    0.000000E+00
1.585000E-01    4.248828E-02   -7.018980E-02   -1.247418E+01    0.000000E+00    0.000000E+00    0.000000E+00    3.264367E-02    1.645493E-02    3.208337E-03    0.000000E+00    0.000000E+00    0.000000E+00
1.595000E-01    4.290892E-02   -6.901154E-02   -1.247906E+01    0.000000E+00    0.000000E+00    0.000000E+00    3.230309E-02    1.651387E-02    3.232082E-03    0.000000E+00    0.000000E+00    0.000000E+00
1.605000E-01    4.325714E-02   -6.789381E-02   -1.248386E+01    0.000000E+00    0.000000E+00    0.000000E+00    3.196408E-02    1.657015E-02    3.258332E-03    0.000000E+00    0.000000E+00    0.000000E+00
1.615000E-01    4.359812E-02   -6.676652E-02   -1.248858E+01    0.000000E+00    0.000000E+00    0.000000E+00    3.162896E-02    1.662287E-02    3.284080E-03    0.000000E+00    0.000000E+00    0.000000E+00
1.625000E-01    4.392386E-02   -6.566740E-02   -1.249322E+01    0.000000E+00    0.000000E+00    0.000000E+00    3.129852E-02    1.666953E-02    3.310066E-03    0.000000E+00    0.000000E+00    0.000000E+00
1.635000E-01    4.422639E-02   -6.460100E-02   -1.249780E+01    0.000000E+00    0.000000E+00    0.000000E+00    3.097362E-02    1.670889E-02    3.336623E-03    0.000000E+00    0.000000E+00    0.000000E+00
1.645000E-01    4.450809E-02   -6.357775E-02   -1.250229E+01    0.000000E+00    0.000000E+00    0.000000E+00    3.065704E-02    1.673943E-02    3.363756E-03    0.000000E+00    0.000000E+00    0.000000E+00
1.655000E-01    4.476518E-02   -6.255181E-02   -1.250672E+01    0.000000E+00    0.000000E+00    0.000000E+00    3.033682E-02    1.675533E-02    3.392170E-03    0.000000E+00    0.000000E+00    0.000000E+00
1.665000E-01    4.500477E-02   -6.152360E-02   -1.251108E+01    0.000000E+00    0.000000E+00    0.000000E+00    3.000837E-02    1.676566E-02    3.418550E-03    0.000000E+00    0.000000E+00    0.000000E+00
1.675000E-01    4.513123E-02   -6.034099E-02   -1.251537E+01    0.000000E+00    0.000000E+00    0.000000E+00    2.967501E-02    1.678785E-02    3.451286E-03    0.000000E+00    0.000000E+00    0.000000E+00
1.685000E-01    4.539325E-02   -5.933593E-02   -1.251962E+01    0.000000E+00    0.000000E+00    0.000000E+00    2.934520E-02    1.681508E-02    3.474873E-03    0.000000E+00    0.000000E+00    0.000000E+00
1.695000E-01    4.561018E-02   -5.835284E-02   -1.252382E+01    0.000000E+00    0.000000E+00    0.000000E+00    2.902708E-02    1.683494E-02    3.498880E-03    0.000000E+00    0.000000E+00    0.000000E+00
1.705000E-01    4.582823E-02   -5.741421E-02   -1.252796E+01    0.000000E+00    0.000000E+00    0.000000E+00    2.872308E-02    1.684826E-02    3.524689E-03    0.000000E+00    0.000000E+00    0.000000E+00
1.715000E-01    4.603247E-02   -5.649249E-02   -1.253206E+01    0.000000E+00    0.000000E+00    0.000000E+00    2.842782E-02    1.685644E-02    3.550991E-03    0.000000E+00    0.000000E+00    0.000000E+00
1.725000E-01    4.623630E-02   -5.557866E-02   -1.253611E+01    0.000000E+00    0.000000E+00    0.000000E+00    2.813433E-02    1.686198E-02    3.578023E-03    0.000000E+00    0.000000E+00    0.000000E+00
1.735000E-01    4.643398E-02   -5.467011E-02   -1.254012E+01    0.000000E+00    0.000000E+00    0.000000E+00    2.784171E-02    1.686780E-02    3.605153E-03    0.000000E+00    0.000000E+00    0.000000E+00
1.745000E-01    4.701599E-02   -5.378104E-02   -1.254405E+01    0.000000E+00    0.000000E+00    0.000000E+00    2.751388E-02    1.700218E-02    3.568241E-03    0.000000E+00    0.000000E+00    0.000000E+00
1.755000E-01    4.718286E-02   -5.283277E-02   -1.254797E+01    0.000000E+00    0.000000E+00    0.000000E+00    2.720574E-02    1.700055E-02    3.597591E-03    0.000000E+00    0.000000E+00    0.000000E+00
1.765000E-01    4.741116E-02   -5.194230E-02   -1.255184E+01    0.000000E+00    0.000000E+00    0.000000E+00    2.690236E-02    1.699361E-02    3.626039E-03    0.000000E+00    0.000000E+00    0.000000E+00
1.775000E-01    4.756669E-02   -5.105750E-02   -1.255565E+01    0.000000E+00    0.000000E+00    0.000000E+00    2.660881E-02    1.697909E-02    3.656933E-03    0.000000E+00    0.000000E+00    0.000000E+00
1.785000E-01    4.774394E-02   -5.019384E-02   -1.255942E+01    0.000000E+00    0.000000E+00    0.000000E+00    2.632978E-02    1.696255E-02    3.688117E-03    0.000000E+00    0.000000E+00    0.000000E+00
1.795000E-01    4.788591E-02   -4.938389E-02   -1.256314E+01    0.000000E+00    0.000000E+00    0.000000E+00    2.606588E-02    1.694616E-02    3.718109E-03    0.000000E+00    0.000000E+00    0.000000E+00
1.805000E-01    4.802583E-02   -4.860242E-02   -1.256683E+01    0.000000E+00    0.000000E+00    0.000000E+00    2.581241E-02    1.692947E-02    3.748361E-03    0.000000E+00    0.000000E+00    0.000000E+00
1.815000E-01    4.816635E-02   -4.782654E-02   -1.257046E+01    0.000000E+00    0.000000E+00    0.000000E+00    2.556563E-02    1.691259E-02    3.779300E-03    0.000000E+00    0.000000E+00    0.000000E+00
1.825000E-01    4.830279E-02   -4.706283E-02   -1.257405E+01    0.000000E+00    0.000000E+00    0.000000E+00    2.532470E-02    1.689486E-02    3.810325E-03    0.000000E+00    0.000000E+00    0.000000E+00
1.835000E-01    4.845198E-02   -4.633280E-02   -1.257760E+01    0.000000E+00    0.000000E+00    0.000000E+00    2.509160E-02    1.687585E-02    3.843005E-03    0.000000E+00    0.000000E+00    0.000000E+00
1.845000E-01    4.857133E-02   -4.561497E-02   -1.258110E+01    0.000000E+00    0.000000E+00    0.000000E+00    2.487004E-02    1.685511E-02    3.874786E-03    0.000000E+00    0.000000E+00    0.000000E+00
1.855000E-01    4.869583E-02   -4.491959E-02   -1.258456E+01    0.000000E+00    0.000000E+00    0.000000E+00    2.465986E-02    1.683515E-02    3.906618E-03    0.000000E+00    0.000000E+00    0.000000E+00
1.865000E-01    4.882896E-02   -4.423612E-02   -1.258799E+01    0.000000E+00    0.000000E+00    0.000000E+00    2.446000E-02    1.681501E-02    3.939082E-03    0.000000E+00    0.000000E+00    0.000000E+00
1.875000E-01    4.895867E-02   -4.358120E-02   -1.259136E+01    0.000000E+00    0.000000E+00    0.000000E+00    2.426607E-02    1.679746E-02    3.970512E-03    0.000000E+00    0.000000E+00    0.000000E+00
1.885000E-01    4.910140E-02   -4.294351E-02   -1.259469E+01    0.000000E+00    0.000000E+00    0.000000E+00    2.407868E-02    1.678569E-02    4.001538E-03    0.000000E+00    0.000000E+00    0.000000E+00
1.895000E-01    4.925065E-02   -4.232963E-02   -1.259798E+01    0.000000E+00    0.000000E+00    0.000000E+00    2.390105E-02    1.677699E-02    4.032054E-03    0.000000E+00    0.000000E+00    0.000000E+00
1.905000E-01    4.939968E-02   -4.174020E-02   -1.260122E+01    0.000000E+00    0.000000E+00    0.000000E+00    2.373240E-02    1.677085E-02    4.062206E-03    0.000000E+00    0.000000E+00    0.000000E+00
1.915000E-01    4.955256E-02   -4.117423E-02   -1.260442E+01    0.000000E+00    0.000000E+00    0.000000E+00    2.357319E-02    1.676871E-02    4.091923E-03    0.000000E+00    0.000000E+00    0.000000E+00
1.925000E-01    4.970934E-02   -4.063135E-02   -1.260756E+01    0.000000E+00    0.000000E+00    0.000000E+00    2.342329E-02    1.676991E-02    4.121036E-03    0.000000E+00    0.000000E+00    0.000000E+00
1.935000E-01    4.986505E-02   -4.011191E-02   -1.261067E+01    0.000000E+00    0.000000E+00    0.000000E+00    2.328214E-02    1.677360E-02    4.149497E-03    0.000000E+00    0.000000E+00    0.000000E+00
1.945000E-01    5.002972E-02   -3.961608E-02   -1.261373E+01    0.000000E+00    0.000000E+00    0.000000E+00    2.315011E-02    1.678060E-02    4.177350E-03    0.000000E+00    0.000000E+00    0.000000E+00
1.955000E-01    5.020260E-02   -3.915632E-02   -1.261675E+01    0.000000E+00    0.000000E+00    0.000000E+00    2.302778E-02    1.679099E-02    4.205007E-03    0.000000E+00    0.000000E+00    0.000000E+00
1.965000E-01    5.027589E-02   -3.826301E-02   -1.261972E+01    0.000000E+00    0.000000E+00    0.000000E+00    2.269557E-02    1.675496E-02    4.133936E-03    0.000000E+00    0.000000E+00    0.000000E+00
1.975000E-01    5.046165E-02   -3.781944E-02   -1.262265E+01    0.000000E+00    0.000000E+00    0.000000E+00    2.258460E-02    1.677471E-02    4.160285E-03    0.000000E+00    0.000000E+00    0.000000E+00
1.985000E-01    5.065266E-02   -3.739483E-02   -1.262555E+01    0.000000E+00    0.000000E+00    0.000000E+00    2.247851E-02    1.679875E-02    4.186031E-03    0.000000E+00    0.000000E+00    0.000000E+00
1.995000E-01    5.084494E-02   -3.698973E-02   -1.262841E+01    0.000000E+00    0.000000E+00    0.000000E+00    2.237779E-02    1.682576E-02    4.210990E-03    0.000000E+00    0.000000E+00    0.000000E+00
2.005000E-01    5.104073E-02   -3.659645E-02   -1.263123E+01    0.000000E+00    0.000000E+00    0.000000E+00    2.228017E-02    1.685582E-02    4.235400E-03    0.000000E+00    0.000000E+00    0.000000E+00
2.015000E-01    5.123003E-02   -3.622644E-02   -1.263401E+01    0.000000E+00    0.000000E+00    0.000000E+00    2.219090E-02    1.688416E-02    4.259409E-03    0.000000E+00    0.000000E+00    0.000000E+00
2.025000E-01    5.142401E-02   -3.586236E-02   -1.263675E+01    0.000000E+00    0.000000E+00    0.000000E+00    2.210232E-02    1.691438E-02    4.284309E-03    0.000000E+00    0.000000E+00    0.000000E+00
2.035000E-01    5.161555E-02   -3.551598E-02   -1.263945E+01    0.000000E+00    0.000000E+00    0.000000E+00    2.201726E-02    1.694621E-02    4.308316E-03    0.000000E+00    0.000000E+00    0.000000E+00
2.045000E-01    5.181365E-02   -3.517412E-02   -1.264212E+01    0.000000E+00    0.000000E+00    0.000000E+00    2.193431E-02    1.697993E-02    4.332436E-03    0.000000E+00    0.000000E+00    0.000000E+00
2.055000E-01    5.199297E-02   -3.485950E-02   -1.264475E+01    0.000000E+00    0.000000E+00    0.000000E+00    2.186480E-02    1.700357E-02    4.356520E-03    0.000000E+00    0.000000E+00    0.000000E+00
2.065000E-01    5.219764E-02   -3.449833E-02   -1.264735E+01    0.000000E+00    0.000000E+00    0.000000E+00    2.177869E-02    1.704020E-02    4.380146E-03    0.000000E+00    0.000000E+00    0.000000E+00
2.075000E-01    5.233563E-02   -3.423829E-02   -1.264990E+01    0.000000E+00    0.000000E+00    0.000000E+00    2.172500E-02    1.705470E-02    4.404309E-03    0.000000E+00    0.000000E+00    0.000000E+00
2.085000E-01    5.250045E-02   -3.397949E-02   -1.265243E+01    0.000000E+00    0.000000E+00    0.000000E+00    2.166889E-02    1.708259E-02    4.427745E-03    0.000000E+00    0.000000E+00    0.000000E+00
2.095000E-01    5.272089E-02   -3.368526E-02   -1.265496E+01    0.000000E+00    0.000000E+00    0.000000E+00    2.159658E-02    1.712978E-02    4.451966E-03    0.000000E+00    0.000000E+00    0.000000E+00
2.105000E-01    5.281079E-02   -3.355782E-02   -1.265742E+01    0.000000E+00    0.000000E+00    0.000000E+00    2.159312E-02    1.712162E-02    4.477140E-03    0.000000E+00    0.000000E+00    0.000000E+00
2.115000E-01    5.297478E-02   -3.336481E-02   -1.265985E+01    0.000000E+00    0.000000E+00    0.000000E+00    2.157223E-02    1.713399E-02    4.504343E-03    0.000000E+00    0.000000E+00    0.000000E+00
2.125000E-01    5.311274E-02   -3.319379E-02   -1.266224E+01    0.000000E+00    0.000000E+00    0.000000E+00    2.155341E-02    1.714603E-02    4.529299E-03    0.000000E+00    0.000000E+00    0.000000E+00
2.135000E-01    5.332697E-02   -3.295459E-02   -1.266462E+01    0.000000E+00    0.000000E+00    0.000000E+00    2.150137E-02    1.718814E-02    4.553792E-03    0.000000E+00    0.000000E+00    0.000000E+00
2.145000E-01    5.342355E-02   -3.276449E-02   -1.266696E+01    0.000000E+00    0.000000E+00    0.000000E+00    2.148289E-02    1.719620E-02    4.577191E-03    0.000000E+00    0.000000E+00    0.000000E+00
2.155000E-01    5.351371E-02   -3.263485E-02   -1.266926E+01    0.000000E+00    0.000000E+00    0.000000E+00    2.148053E-02    1.718908E-02    4.602078E-03    0.000000E+00    0.000000E+00    0.000000E+00
2.165000E-01    5.377125E-02   -3.254141E-02   -1.267154E+01    0.000000E+00    0.000000E+00    0.000000E+00    2.149259E-02    1.726314E-02    4.595371E-03    0.000000E+00    0.000000E+00    0.000000E+00
2.175000E-01    5.390904E-02   -3.238156E-02   -1.267380E+01    0.000000E+00    0.000000E+00    0.000000E+00    2.147408E-02    1.727289E-02    4.620473E-03    0.000000E+00    0.000000E+00    0.000000E+00
2.185000E-01    5.403709E-02   -3.225374E-02   -1.267603E+01    0.000000E+00    0.000000E+00    0.000000E+00    2.146591E-02    1.727820E-02    4.645022E-03    0.000000E+00    0.000000E+00    0.000000E+00
2.195000E-01    5.419004E-02   -3.212394E-02   -1.267824E+01    0.000000E+00    0.000000E+00    0.000000E+00    2.145457E-02    1.729075E-02    4.668782E-03    0.000000E+00    0.000000E+00    0.000000E+00
2.205000E-01    5.440568E-02   -3.194315E-02   -1.268044E+01    0.000000E+00    0.000000E+00    0.000000E+00    2.142380E-02    1.732766E-02    4.692592E-03    0.000000E+00    0.000000E+00    0.000000E+00
2.215000E-01    5.463689E-02   -3.173795E-02   -1.268264E+01    0.000000E+00    0.000000E+00    0.000000E+00    2.138390E-02    1.736853E-02    4.718009E-03    0.000000E+00    0.000000E+00    0.000000E+00
2.225000E-01    5.469769E-02   -3.168923E-02   -1.268478E+01    0.000000E+00    0.000000E+00    0.000000E+00    2.140688E-02    1.733747E-02    4.745213E-03    0.000000E+00    0.000000E+00    0.000000E+00
2.235000E-01    5.473760E-02   -3.165437E-02   -1.268687E+01    0.000000E+00    0.000000E+00    0.000000E+00    2.143369E-02    1.730142E-02    4.773392E-03    0.000000E+00    0.000000E+00    0.000000E+00
2.245000E-01    5.493089E-02   -3.147973E-02   -1.268898E+01    0.000000E+00    0.000000E+00    0.000000E+00    2.140147E-02    1.733289E-02    4.800582E-03    0.000000E+00    0.000000E+00    0.000000E+00
2.255000E-01    5.516517E-02   -3.126712E-02   -1.269108E+01    0.000000E+00    0.000000E+00    0.000000E+00    2.135566E-02    1.738572E-02    4.825754E-03    0.000000E+00    0.000000E+00    0.000000E+00
2.265000E-01    5.534051E-02   -3.114889E-02   -1.269313E+01    0.000000E+00    0.000000E+00    0.000000E+00    2.134170E-02    1.741787E-02    4.848439E-03    0.000000E+00    0.000000E+00    0.000000E+00
2.275000E-01    5.553227E-02   -3.104776E-02   -1.269515E+01    0.000000E+00    0.000000E+00    0.000000E+00    2.134154E-02    1.744877E-02    4.871459E-03    0.000000E+00    0.000000E+00    0.000000E+00
2.285000E-01    5.575093E-02   -3.094705E-02   -1.269717E+01    0.000000E+00    0.000000E+00    0.000000E+00    2.133532E-02    1.749026E-02    4.894188E-03    0.000000E+00    0.000000E+00    0.000000E+00
2.295000E-01    5.599063E-02   -3.082816E-02   -1.269916E+01    0.000000E+00    0.000000E+00    0.000000E+00    2.132495E-02    1.754134E-02    4.917157E-03    0.000000E+00    0.000000E+00    0.000000E+00
2.305000E-01    5.622640E-02   -3.071766E-02   -1.270113E+01    0.000000E+00    0.000000E+00    0.000000E+00    2.131397E-02    1.759673E-02    4.942611E-03    0.000000E+00    0.000000E+00    0.000000E+00
2.315000E-01    5.645860E-02   -3.060199E-02   -1.270309E+01    0.000000E+00    0.000000E+00    0.000000E+00    2.129800E-02    1.765674E-02    4.969002E-03    0.000000E+00    0.000000E+00    0.000000E+00
2.325000E-01    5.672637E-02   -3.047237E-02   -1.270503E+01    0.000000E+00    0.000000E+00    0.000000E+00    2.127689E-02    1.772544E-02    4.993868E-03    0.000000E+00    0.000000E+00    0.000000E+00
2.335000E-01    5.701573E-02   -3.033334E-02   -1.270694E+01    0.000000E+00    0.000000E+00    0.000000E+00    2.125201E-02    1.780033E-02    5.017487E-03    0.000000E+00    0.000000E+00    0.000000E+00
2.345000E-01    5.729107E-02   -3.019869E-02   -1.270885E+01    0.000000E+00    0.000000E+00    0.000000E+00    2.122236E-02    1.787591E-02    5.042198E-03    0.000000E+00    0.000000E+00    0.000000E+00
2.355000E-01    5.757843E-02   -3.004770E-02   -1.271073E+01    0.000000E+00    0.000000E+00    0.000000E+00    2.119067E-02    1.795350E-02    5.066433E-03    0.000000E+00    0.000000E+00    0.000000E+00
2.365000E-01    5.787826E-02   -2.989665E-02   -1.271260E+01    0.000000E+00    0.000000E+00    0.000000E+00    2.115757E-02    1.803722E-02    5.090363E-03    0.000000E+00    0.000000E+00    0.000000E+00
2.375000E-01    5.819444E-02   -2.973888E-02   -1.271445E+01    0.000000E+00    0.000000E+00    0.000000E+00    2.112377E-02    1.812407E-02    5.113872E-03    0.000000E+00    0.000000E+00    0.000000E+00
2.385000E-01    5.852337E-02   -2.958476E-02   -1.271629E+01    0.000000E+00    0.000000E+00    0.000000E+00    2.108945E-02    1.821086E-02    5.137346E-03    0.000000E+00    0.000000E+00    0.000000E+00
2.395000E-01    5.887725E-02   -2.944571E-02   -1.271812E+01    0.000000E+00    0.000000E+00    0.000000E+00    2.105919E-02    1.830056E-02    5.161314E-03    0.000000E+00    0.000000E+00    0.000000E+00
2.405000E-01    5.921789E-02   -2.930944E-02   -1.271993E+01    0.000000E+00    0.000000E+00    0.000000E+00    2.103309E-02    1.839147E-02    5.184160E-03    0.000000E+00    0.000000E+00    0.000000E+00
2.415000E-01    5.956050E-02   -2.916550E-02   -1.272172E+01    0.000000E+00    0.000000E+00    0.000000E+00    2.100580E-02    1.848173E-02    5.207335E-03    0.000000E+00    0.000000E+00    0.000000E+00
2.425000E-01    5.990206E-02   -2.901298E-02   -1.272350E+01    0.000000E+00    0.000000E+00    0.000000E+00    2.097683E-02    1.856955E-02    5.230690E-03    0.000000E+00    0.000000E+00    0.000000E+00
2.435000E-01    6.023627E-02   -2.885761E-02   -1.272527E+01    0.000000E+00    0.000000E+00    0.000000E+00    2.094520E-02    1.865187E-02    5.253532E-03    0.000000E+00    0.000000E+00    0.000000E+00
2.445000E-01    6.055582E-02   -2.868255E-02   -1.272702E+01    0.000000E+00    0.000000E+00    0.000000E+00    2.090848E-02    1.872440E-02    5.276239E-03    0.000000E+00    0.000000E+00    0.000000E+00
2.455000E-01    6.087573E-02   -2.847891E-02   -1.272875E+01    0.000000E+00    0.000000E+00    0.000000E+00    2.086119E-02    1.878791E-02    5.298645E-03    0.000000E+00    0.000000E+00    0.000000E+00
2.465000E-01    6.119810E-02   -2.828701E-02   -1.273048E+01    0.000000E+00    0.000000E+00    0.000000E+00    2.082284E-02    1.885559E-02    5.318855E-03    0.000000E+00    0.000000E+00    0.000000E+00
2.475000E-01    6.152260E-02   -2.815262E-02   -1.273219E+01    0.000000E+00    0.000000E+00    0.000000E+00    2.081710E-02    1.892984E-02    5.340036E-03    0.000000E+00    0.000000E+00    0.000000E+00
2.485000E-01    6.183423E-02   -2.803473E-02   -1.273389E+01    0.000000E+00    0.000000E+00    0.000000E+00    2.082031E-02    1.898788E-02    5.364098E-03    0.000000E+00    0.000000E+00    0.000000E+00
2.495000E-01    6.212114E-02   -2.785439E-02   -1.273558E+01    0.000000E+00    0.000000E+00    0.000000E+00    2.080134E-02    1.902773E-02    5.386103E-03    0.000000E+00    0.000000E+00    0.000000E+00
2.505000E-01    6.241430E-02   -2.764535E-02   -1.273727E+01    0.000000E+00    0.000000E+00    0.000000E+00    2.077131E-02    1.906823E-02    5.405796E-03    0.000000E+00    0.000000E+00    0.000000E+00
2.515000E-01    6.271502E-02   -2.745906E-02   -1.273894E+01    0.000000E+00    0.000000E+00    0.000000E+00    2.075146E-02    1.911028E-02    5.426024E-03    0.000000E+00    0.000000E+00    0.000000E+00
2.525000E-01    6.297988E-02   -2.723821E-02   -1.274060E+01    0.000000E+00    0.000000E+00    0.000000E+00    2.073085E-02    1.914676E-02    5.445424E-03    0.000000E+00    0.000000E+00    0.000000E+00
2.535000E-01    6.327110E-02   -2.701117E-02   -1.274226E+01    0.000000E+00    0.000000E+00    0.000000E+00    2.070014E-02    1.918436E-02    5.465700E-03    0.000000E+00    0.000000E+00    0.000000E+00
2.545000E-01    6.358168E-02   -2.678472E-02   -1.274392E+01    0.000000E+00    0.000000E+00    0.000000E+00    2.066884E-02    1.922959E-02    5.484742E-03    0.000000E+00    0.000000E+00    0.000000E+00
2.555000E-01    6.391907E-02   -2.655900E-02   -1.274557E+01    0.000000E+00    0.000000E+00    0.000000E+00    2.064302E-02    1.927849E-02    5.501775E-03    0.000000E+00    0.000000E+00    0.000000E+00
2.565000E-01    6.425347E-02   -2.633937E-02   -1.274720E+01    0.000000E+00    0.000000E+00    0.000000E+00    2.062146E-02    1.932461E-02    5.519238E-03    0.000000E+00    0.000000E+00    0.000000E+00
2.575000E-01    6.458593E-02   -2.612680E-02   -1.274883E+01    0.000000E+00    0.000000E+00    0.000000E+00    2.060256E-02    1.936824E-02    5.537253E-03    0.000000E+00    0.000000E+00    0.000000E+00
2.585000E-01    6.493194E-02   -2.592799E-02   -1.275046E+01    0.000000E+00    0.000000E+00    0.000000E+00    2.058554E-02    1.941124E-02    5.556063E-03    0.000000E+00    0.000000E+00    0.000000E+00
2.595000E-01    6.528315E-02   -2.572271E-02   -1.275209E+01    0.000000E+00    0.000000E+00    0.000000E+00    2.057156E-02    1.945011E-02    5.574639E-03    0.000000E+00    0.000000E+00    0.000000E+00
2.605000E-01    6.563867E-02   -2.551650E-02   -1.275371E+01    0.000000E+00    0.000000E+00    0.000000E+00    2.056118E-02    1.948942E-02    5.593670E-03    0.000000E+00    0.000000E+00    0.000000E+00
2.615000E-01    6.600711E-02   -2.531898E-02   -1.275532E+01    0.000000E+00    0.000000E+00    0.000000E+00    2.055212E-02    1.953395E-02    5.611437E-03    0.000000E+00    0.000000E+00    0.000000E+00
2.625000E-01    6.636589E-02   -2.510844E-02   -1.275693E+01    0.000000E+00    0.000000E+00    0.000000E+00    2.054252E-02    1.957990E-02    5.631740E-03    0.000000E+00    0.000000E+00    0.000000E+00
2.635000E-01    6.674652E-02   -2.489198E-02   -1.275854E+01    0.000000E+00    0.000000E+00    0.000000E+00    2.053330E-02    1.962535E-02    5.651962E-03    0.000000E+00    0.000000E+00    0.000000E+00
2.645000E-01    6.711680E-02   -2.467399E-02   -1.276015E+01    0.000000E+00    0.000000E+00    0.000000E+00    2.052418E-02    1.966910E-02    5.672135E-03    0.000000E+00    0.000000E+00    0.000000E+00
2.655000E-01    6.748107E-02   -2.443801E-02   -1.276175E+01    0.000000E+00    0.000000E+00    0.000000E+00    2.051288E-02    1.971279E-02    5.691632E-03    0.000000E+00    0.000000E+00    0.000000E+00
2.665000E-01    6.785470E-02   -2.418888E-02   -1.276335E+01    0.000000E+00    0.000000E+00    0.000000E+00    2.049759E-02    1.975703E-02    5.710266E-03    0.000000E+00    0.000000E+00    0.000000E+00
2.675000E-01    6.824077E-02   -2.393447E-02   -1.276495E+01    0.000000E+00    0.000000E+00    0.000000E+00    2.048192E-02    1.980273E-02    5.728410E-03    0.000000E+00    0.000000E+00    0.000000E+00
2.685000E-01    6.862446E-02   -2.368982E-02   -1.276653E+01    0.000000E+00    0.000000E+00    0.000000E+00    2.046804E-02    1.984821E-02    5.746202E-03    0.000000E+00    0.000000E+00    0.000000E+00
2.695000E-01    6.899830E-02   -2.345595E-02   -1.276811E+01    0.000000E+00    0.000000E+00    0.000000E+00    2.046047E-02    1.988607E-02    5.762470E-03    0.000000E+00    0.000000E+00    0.000000E+00
2.705000E-01    6.937171E-02   -2.323421E-02   -1.276971E+01    0.000000E+00    0.000000E+00    0.000000E+00    2.046845E-02    1.991447E-02    5.776698E-03    0.000000E+00    0.000000E+00    0.000000E+00
2.715000E-01    6.976343E-02   -2.300437E-02   -1.277131E+01    0.000000E+00    0.000000E+00    0.000000E+00    2.047624E-02    1.994987E-02    5.792885E-03    0.000000E+00    0.000000E+00    0.000000E+00
2.725000E-01    7.017161E-02   -2.277517E-02   -1.277289E+01    0.000000E+00    0.000000E+00    0.000000E+00    2.047753E-02    1.999532E-02    5.811784E-03    0.000000E+00    0.000000E+00    0.000000E+00
2.735000E-01    7.055023E-02   -2.256482E-02   -1.277446E+01    0.000000E+00    0.000000E+00    0.000000E+00    2.048968E-02    2.002506E-02    5.827765E-03    0.000000E+00    0.000000E+00    0.000000E+00
2.745000E-01    7.090309E-02   -2.238494E-02   -1.277605E+01    0.000000E+00    0.000000E+00    0.000000E+00    2.050784E-02    2.004105E-02    5.841523E-03    0.000000E+00    0.000000E+00    0.000000E+00
2.755000E-01    7.127439E-02   -2.221960E-02   -1.277763E+01    0.000000E+00    0.000000E+00    0.000000E+00    2.052746E-02    2.005880E-02    5.854890E-03    0.000000E+00    0.000000E+00    0.000000E+00
2.765000E-01    7.167324E-02   -2.206309E-02   -1.277921E+01    0.000000E+00    0.000000E+00    0.000000E+00    2.055333E-02    2.008061E-02    5.869762E-03    0.000000E+00    0.000000E+00    0.000000E+00
2.775000E-01    7.204766E-02   -2.189625E-02   -1.278080E+01    0.000000E+00    0.000000E+00    0.000000E+00    2.058319E-02    2.009856E-02    5.882885E-03    0.000000E+00    0.000000E+00    0.000000E+00
2.785000E-01    7.253605E-02   -2.177922E-02   -1.278240E+01    0.000000E+00    0.000000E+00    0.000000E+00    2.062374E-02    2.011053E-02    5.891532E-03    0.000000E+00    0.000000E+00    0.000000E+00
2.795000E-01    7.289122E-02   -2.165194E-02   -1.278398E+01    0.000000E+00    0.000000E+00    0.000000E+00    2.066848E-02    2.011830E-02    5.905380E-03    0.000000E+00    0.000000E+00    0.000000E+00
2.805000E-01    7.322919E-02   -2.153622E-02   -1.278556E+01    0.000000E+00    0.000000E+00    0.000000E+00    2.071510E-02    2.012078E-02    5.919039E-03    0.000000E+00    0.000000E+00    0.000000E+00
2.815000E-01    7.357258E-02   -2.141273E-02   -1.278715E+01    0.000000E+00    0.000000E+00    0.000000E+00    2.076603E-02    2.011729E-02    5.932312E-03    0.000000E+00    0.000000E+00    0.000000E+00
2.825000E-01    7.391610E-02   -2.130238E-02   -1.278874E+01    0.000000E+00    0.000000E+00    0.000000E+00    2.082294E-02    2.011014E-02    5.945465E-03    0.000000E+00    0.000000E+00    0.000000E+00
2.835000E-01    7.426231E-02   -2.120062E-02   -1.279034E+01    0.000000E+00    0.000000E+00    0.000000E+00    2.089030E-02    2.009730E-02    5.957969E-03    0.000000E+00    0.000000E+00    0.000000E+00
2.845000E-01    7.458734E-02   -2.109582E-02   -1.279193E+01    0.000000E+00    0.000000E+00    0.000000E+00    2.096306E-02    2.007799E-02    5.970376E-03    0.000000E+00    0.000000E+00    0.000000E+00
2.855000E-01    7.494738E-02   -2.099914E-02   -1.279354E+01    0.000000E+00    0.000000E+00    0.000000E+00    2.103505E-02    2.006622E-02    5.981727E-03    0.000000E+00    0.000000E+00    0.000000E+00
2.865000E-01    7.530803E-02   -2.093570E-02   -1.279514E+01    0.000000E+00    0.000000E+00    0.000000E+00    2.111048E-02    2.005427E-02    5.992361E-03    0.000000E+00    0.000000E+00    0.000000E+00
2.875000E-01    7.565171E-02   -2.086300E-02   -1.279673E+01    0.000000E+00    0.000000E+00    0.000000E+00    2.118885E-02    2.003872E-02    6.002968E-03    0.000000E+00    0.000000E+00    0.000000E+00
2.885000E-01    7.598028E-02   -2.081219E-02   -1.279832E+01    0.000000E+00    0.000000E+00    0.000000E+00    2.127327E-02    2.001978E-02    6.012993E-03    0.000000E+00    0.000000E+00    0.000000E+00
2.895000E-01    7.631025E-02   -2.076201E-02   -1.279992E+01    0.000000E+00    0.000000E+00    0.000000E+00    2.136281E-02    1.999345E-02    6.023551E-03    0.000000E+00    0.000000E+00    0.000000E+00
2.905000E-01    7.660351E-02   -2.071553E-02   -1.280151E+01    0.000000E+00    0.000000E+00    0.000000E+00    2.145563E-02    1.996155E-02    6.031015E-03    0.000000E+00    0.000000E+00    0.000000E+00
2.915000E-01    7.690022E-02   -2.069035E-02   -1.280311E+01    0.000000E+00    0.000000E+00    0.000000E+00    2.154976E-02    1.992901E-02    6.041183E-03    0.000000E+00    0.000000E+00    0.000000E+00
2.925000E-01    7.720112E-02   -2.069092E-02   -1.280470E+01    0.000000E+00    0.000000E+00    0.000000E+00    2.164762E-02    1.989534E-02    6.050881E-03    0.000000E+00    0.000000E+00    0.000000E+00
2.935000E-01    7.749109E-02   -2.070878E-02   -1.280630E+01    0.000000E+00    0.000000E+00    0.000000E+00    2.175214E-02    1.985931E-02    6.060060E-03    0.000000E+00    0.000000E+00    0.000000E+00
2.945000E-01    7.777454E-02   -2.072235E-02   -1.280791E+01    0.000000E+00    0.000000E+00    0.000000E+00    2.186454E-02    1.982310E-02    6.069928E-03    0.000000E+00    0.000000E+00    0.000000E+00
2.955000E-01    7.805352E-02   -2.074912E-02   -1.280951E+01    0.000000E+00    0.000000E+00    0.000000E+00    2.198102E-02    1.978534E-02    6.080789E-03    0.000000E+00    0.000000E+00    0.000000E+00
2.965000E-01    7.831681E-02   -2.080334E-02   -1.281113E+01    0.000000E+00    0.000000E+00    0.000000E+00    2.209608E-02    1.974075E-02    6.090947E-03    0.000000E+00    0.000000E+00    0.000000E+00
2.975000E-01    7.856637E-02   -2.088030E-02   -1.281274E+01    0.000000E+00    0.000000E+00    0.000000E+00    2.221468E-02    1.969139E-02    6.100569E-03    0.000000E+00    0.000000E+00    0.000000E+00
2.985000E-01    7.881281E-02   -2.097146E-02   -1.281435E+01    0.000000E+00    0.000000E+00    0.000000E+00    2.234230E-02    1.964396E-02    6.111016E-03    0.000000E+00    0.000000E+00    0.000000E+00
2.995000E-01    7.906310E-02   -2.107785E-02   -1.281597E+01    0.000000E+00    0.000000E+00    0.000000E+00    2.247671E-02    1.959629E-02    6.122345E-03    0.000000E+00    0.000000E+00    0.000000E+00
3.005000E-01    7.929859E-02   -2.119311E-02   -1.281759E+01    0.000000E+00    0.000000E+00    0.000000E+00    2.261276E-02    1.954399E-02    6.133324E-03    0.000000E+00    0.000000E+00    0.000000E+00
3.015000E-01    7.951973E-02   -2.131610E-02   -1.281920E+01    0.000000E+00    0.000000E+00    0.000000E+00    2.274976E-02    1.948750E-02    6.144054E-03    0.000000E+00    0.000000E+00    0.000000E+00
3.025000E-01    7.973311E-02   -2.144920E-02   -1.282082E+01    0.000000E+00    0.000000E+00    0.000000E+00    2.288840E-02    1.942864E-02    6.155031E-03    0.000000E+00    0.000000E+00    0.000000E+00
3.035000E-01    7.993410E-02   -2.159458E-02   -1.282244E+01    0.000000E+00    0.000000E+00    0.000000E+00    2.302768E-02    1.936851E-02    6.166008E-03    0.000000E+00    0.000000E+00    0.000000E+00
3.045000E-01    8.011835E-02   -2.173304E-02   -1.282406E+01    0.000000E+00    0.000000E+00    0.000000E+00    2.316552E-02    1.930472E-02    6.177281E-03    0.000000E+00    0.000000E+00    0.000000E+00
3.055000E-01    8.028554E-02   -2.188351E-02   -1.282568E+01    0.000000E+00    0.000000E+00    0.000000E+00    2.330496E-02    1.923576E-02    6.188472E-03    0.000000E+00    0.000000E+00    0.000000E+00
3.065000E-01    8.044812E-02   -2.204646E-02   -1.282731E+01    0.000000E+00    0.000000E+00    0.000000E+00    2.344697E-02    1.916476E-02    6.199956E-03    0.000000E+00    0.000000E+00    0.000000E+00
3.075000E-01    8.059603E-02   -2.223376E-02   -1.282894E+01    0.000000E+00    0.000000E+00    0.000000E+00    2.359344E-02    1.909286E-02    6.212432E-03    0.000000E+00    0.000000E+00    0.000000E+00
3.085000E-01    8.073720E-02   -2.243419E-02   -1.283054E+01    0.000000E+00    0.000000E+00    0.000000E+00    2.374460E-02    1.902007E-02    6.226620E-03    0.000000E+00    0.000000E+00    0.000000E+00
3.095000E-01    8.088680E-02   -2.265704E-02   -1.283208E+01    0.000000E+00    0.000000E+00    0.000000E+00    2.389190E-02    1.895336E-02    6.242989E-03    0.000000E+00    0.000000E+00    0.000000E+00
3.105000E-01    8.103175E-02   -2.288379E-02   -1.283383E+01    0.000000E+00    0.000000E+00    0.000000E+00    2.403917E-02    1.888281E-02    6.260429E-03    0.000000E+00    0.000000E+00    0.000000E+00
3.115000E-01    8.110703E-02   -2.318914E-02   -1.283559E+01    0.000000E+00    0.000000E+00    0.000000E+00    2.421566E-02    1.878602E-02    6.273064E-03    0.000000E+00    0.000000E+00    0.000000E+00
3.125000E-01    8.119637E-02   -2.349092E-02   -1.283718E+01    0.000000E+00    0.000000E+00    0.000000E+00    2.438854E-02    1.869755E-02    6.284749E-03    0.000000E+00    0.000000E+00    0.000000E+00
3.135000E-01    8.130692E-02   -2.376985E-02   -1.283881E+01    0.000000E+00    0.000000E+00    0.000000E+00    2.455071E-02    1.862116E-02    6.299245E-03    0.000000E+00    0.000000E+00    0.000000E+00
3.145000E-01    8.140828E-02   -2.405582E-02   -1.284051E+01    0.000000E+00    0.000000E+00    0.000000E+00    2.471429E-02    1.854126E-02    6.315014E-03    0.000000E+00    0.000000E+00    0.000000E+00
3.155000E-01    8.151072E-02   -2.434938E-02   -1.284221E+01    0.000000E+00    0.000000E+00    0.000000E+00    2.487666E-02    1.845784E-02    6.331794E-03    0.000000E+00    0.000000E+00    0.000000E+00
3.165000E-01    8.162162E-02   -2.464211E-02   -1.284388E+01    0.000000E+00    0.000000E+00    0.000000E+00    2.503493E-02    1.837672E-02    6.349182E-03    0.000000E+00    0.000000E+00    0.000000E+00
3.175000E-01    8.172016E-02   -2.494526E-02   -1.284556E+01    0.000000E+00    0.000000E+00    0.000000E+00    2.519403E-02    1.829655E-02    6.366223E-03    0.000000E+00    0.000000E+00    0.000000E+00
3.185000E-01    8.179515E-02   -2.526380E-02   -1.284725E+01    0.000000E+00    0.000000E+00    0.000000E+00    2.535587E-02    1.821205E-02    6.382807E-03    0.000000E+00    0.000000E+00    0.000000E+00
3.195000E-01    8.184916E-02   -2.559683E-02   -1.284895E+01    0.000000E+00    0.000000E+00    0.000000E+00    2.551986E-02    1.812141E-02    6.398866E-03    0.000000E+00    0.000000E+00    0.000000E+00
3.205000E-01    8.187961E-02   -2.594170E-02   -1.285064E+01    0.000000E+00    0.000000E+00    0.000000E+00    2.568712E-02    1.802483E-02    6.414248E-03    0.000000E+00    0.000000E+00    0.000000E+00
3.215000E-01    8.188855E-02   -2.630512E-02   -1.285233E+01    0.000000E+00    0.000000E+00    0.000000E+00    2.585761E-02    1.792126E-02    6.428205E-03    0.000000E+00    0.000000E+00    0.000000E+00
3.225000E-01    8.187358E-02   -2.668238E-02   -1.285403E+01    0.000000E+00    0.000000E+00    0.000000E+00    2.603031E-02    1.781024E-02    6.440988E-03    0.000000E+00    0.000000E+00    0.000000E+00
3.235000E-01    8.186327E-02   -2.708345E-02   -1.285573E+01    0.000000E+00    0.000000E+00    0.000000E+00    2.620532E-02    1.769518E-02    6.451746E-03    0.000000E+00    0.000000E+00    0.000000E+00
3.245000E-01    8.182504E-02   -2.748400E-02   -1.285744E+01    0.000000E+00    0.000000E+00    0.000000E+00    2.638187E-02    1.757684E-02    6.463190E-03    0.000000E+00    0.000000E+00    0.000000E+00
3.255000E-01    8.189676E-02   -2.793659E-02   -1.285915E+01    0.000000E+00    0.000000E+00    0.000000E+00    2.656272E-02    1.745335E-02    6.469605E-03    0.000000E+00    0.000000E+00    0.000000E+00
3.265000E-01    8.184914E-02   -2.835598E-02   -1.286087E+01    0.000000E+00    0.000000E+00    0.000000E+00    2.674183E-02    1.733065E-02    6.480938E-03    0.000000E+00    0.000000E+00    0.000000E+00
3.275000E-01    8.163451E-02   -2.869743E-02   -1.286260E+01    0.000000E+00    0.000000E+00    0.000000E+00    2.692213E-02    1.720171E-02    6.496947E-03    0.000000E+00    0.000000E+00    0.000000E+00
3.285000E-01    8.151807E-02   -2.915393E-02   -1.286431E+01    0.000000E+00    0.000000E+00    0.000000E+00    2.710883E-02    1.705807E-02    6.503659E-03    0.000000E+00    0.000000E+00    0.000000E+00
3.295000E-01    8.139991E-02   -2.961859E-02   -1.286603E+01    0.000000E+00    0.000000E+00    0.000000E+00    2.729631E-02    1.690993E-02    6.508811E-03    0.000000E+00    0.000000E+00    0.000000E+00
3.305000E-01    8.130511E-02   -3.010476E-02   -1.286776E+01    0.000000E+00    0.000000E+00    0.000000E+00    2.748235E-02    1.676434E-02    6.518190E-03    0.000000E+00    0.000000E+00    0.000000E+00
3.315000E-01    8.120503E-02   -3.061701E-02   -1.286950E+01    0.000000E+00    0.000000E+00    0.000000E+00    2.767134E-02    1.661987E-02    6.526453E-03    0.000000E+00    0.000000E+00    0.000000E+00
3.325000E-01    8.099511E-02   -3.107485E-02   -1.287125E+01    0.000000E+00    0.000000E+00    0.000000E+00    2.786517E-02    1.647841E-02    6.537306E-03    0.000000E+00    0.000000E+00    0.000000E+00
3.335000E-01    8.087228E-02   -3.157752E-02   -1.287299E+01    0.000000E+00    0.000000E+00    0.000000E+00    2.806159E-02    1.633879E-02    6.545763E-03    0.000000E+00    0.000000E+00    0.000000E+00
3.345000E-01    8.072508E-02   -3.210428E-02   -1.287475E+01    0.000000E+00    0.000000E+00    0.000000E+00    2.825389E-02    1.619662E-02    6.554018E-03    0.000000E+00    0.000000E+00    0.000000E+00
3.355000E-01    8.056499E-02   -3.264360E-02   -1.287650E+01    0.000000E+00    0.000000E+00    0.000000E+00    2.844134E-02    1.605117E-02    6.561775E-03    0.000000E+00    0.000000E+00    0.000000E+00
3.365000E-01    8.036300E-02   -3.319267E-02   -1.287825E+01    0.000000E+00    0.000000E+00    0.000000E+00    2.862937E-02    1.589286E-02    6.565787E-03    0.000000E+00    0.000000E+00    0.000000E+00
3.375000E-01    8.009657E-02   -3.375736E-02   -1.288000E+01    0.000000E+00    0.000000E+00    0.000000E+00    2.882111E-02    1.571810E-02    6.569208E-03    0.000000E+00    0.000000E+00    0.000000E+00
3.385000E-01    7.984266E-02   -3.433886E-02   -1.288176E+01    0.000000E+00    0.000000E+00    0.000000E+00    2.901483E-02    1.554039E-02    6.571470E-03    0.000000E+00    0.000000E+00    0.000000E+00
3.395000E-01    7.957961E-02   -3.493204E-02   -1.288351E+01    0.000000E+00    0.000000E+00    0.000000E+00    2.920959E-02    1.536040E-02    6.574746E-03    0.000000E+00    0.000000E+00    0.000000E+00
3.405000E-01    7.929910E-02   -3.553193E-02   -1.288527E+01    0.000000E+00    0.000000E+00    0.000000E+00    2.940359E-02    1.517552E-02    6.578405E-03    0.000000E+00    0.000000E+00    0.000000E+00
3.415000E-01    7.899963E-02   -3.614598E-02   -1.288702E+01    0.000000E+00    0.000000E+00    0.000000E+00    2.959423E-02    1.498559E-02    6.580689E-03    0.000000E+00    0.000000E+00    0.000000E+00
3.425000E-01    7.867942E-02   -3.674927E-02   -1.288877E+01    0.000000E+00    0.000000E+00    0.000000E+00    2.978155E-02    1.479195E-02    6.583356E-03    0.000000E+00    0.000000E+00    0.000000E+00
3.435000E-01    7.834552E-02   -3.735816E-02   -1.289052E+01    0.000000E+00    0.000000E+00    0.000000E+00    2.996668E-02    1.459601E-02    6.586168E-03    0.000000E+00    0.000000E+00    0.000000E+00
3.445000E-01    7.799709E-02   -3.797326E-02   -1.289227E+01    0.000000E+00    0.000000E+00    0.000000E+00    3.014967E-02    1.439860E-02    6.588778E-03    0.000000E+00    0.000000E+00    0.000000E+00
3.455000E-01    7.762502E-02   -3.860173E-02   -1.289402E+01    0.000000E+00    0.000000E+00    0.000000E+00    3.033330E-02    1.419489E-02    6.591019E-03    0.000000E+00    0.000000E+00    0.000000E+00
3.465000E-01    7.723410E-02   -3.924094E-02   -1.289577E+01    0.000000E+00    0.000000E+00    0.000000E+00    3.051716E-02    1.398550E-02    6.593352E-03    0.000000E+00    0.000000E+00    0.000000E+00
3.475000E-01    7.682923E-02   -3.988376E-02   -1.289751E+01    0.000000E+00    0.000000E+00    0.000000E+00    3.069944E-02    1.377298E-02    6.595835E-03    0.000000E+00    0.000000E+00    0.000000E+00
3.485000E-01    7.640641E-02   -4.053299E-02   -1.289926E+01    0.000000E+00    0.000000E+00    0.000000E+00    3.088106E-02    1.355658E-02    6.598000E-03    0.000000E+00    0.000000E+00    0.000000E+00
3.495000E-01    7.595851E-02   -4.118343E-02   -1.290100E+01    0.000000E+00    0.000000E+00    0.000000E+00    3.106139E-02    1.333604E-02    6.599722E-03    0.000000E+00    0.000000E+00    0.000000E+00
3.505000E-01    7.549801E-02   -4.184624E-02   -1.290274E+01    0.000000E+00    0.000000E+00    0.000000E+00    3.124143E-02    1.311121E-02    6.601898E-03    0.000000E+00    0.000000E+00    0.000000E+00
3.515000E-01    7.501667E-02   -4.251820E-02   -1.290447E+01    0.000000E+00    0.000000E+00    0.000000E+00    3.142157E-02    1.288104E-02    6.603711E-03    0.000000E+00    0.000000E+00    0.000000E+00
3.525000E-01    7.451559E-02   -4.319628E-02   -1.290621E+01    0.000000E+00    0.000000E+00    0.000000E+00    3.160112E-02    1.264635E-02    6.605252E-03    0.000000E+00    0.000000E+00    0.000000E+00
3.535000E-01    7.399700E-02   -4.388164E-02   -1.290793E+01    0.000000E+00    0.000000E+00    0.000000E+00    3.177986E-02    1.240770E-02    6.606459E-03    0.000000E+00    0.000000E+00    0.000000E+00
3.545000E-01    7.345608E-02   -4.456419E-02   -1.290966E+01    0.000000E+00    0.000000E+00    0.000000E+00    3.195634E-02    1.216416E-02    6.607627E-03    0.000000E+00    0.000000E+00    0.000000E+00
3.555000E-01    7.290320E-02   -4.525433E-02   -1.291138E+01    0.000000E+00    0.000000E+00    0.000000E+00    3.213129E-02    1.191815E-02    6.608127E-03    0.000000E+00    0.000000E+00    0.000000E+00
3.565000E-01    7.233703E-02   -4.594995E-02   -1.291309E+01    0.000000E+00    0.000000E+00    0.000000E+00    3.230552E-02    1.167030E-02    6.608375E-03    0.000000E+00    0.000000E+00    0.000000E+00
3.575000E-01    7.175687E-02   -4.665124E-02   -1.291481E+01    0.000000E+00    0.000000E+00    0.000000E+00    3.247915E-02    1.142005E-02    6.608440E-03    0.000000E+00    0.000000E+00    0.000000E+00
3.585000E-01    7.116159E-02   -4.735638E-02   -1.291651E+01    0.000000E+00    0.000000E+00    0.000000E+00    3.265165E-02    1.116701E-02    6.608150E-03    0.000000E+00    0.000000E+00    0.000000E+00
3.595000E-01    7.055376E-02   -4.806277E-02   -1.291821E+01    0.000000E+00    0.000000E+00    0.000000E+00    3.282222E-02    1.091257E-02    6.607500E-03    0.000000E+00    0.000000E+00    0.000000E+00
3.605000E-01    6.995935E-02   -4.876742E-02   -1.291991E+01    0.000000E+00    0.000000E+00    0.000000E+00    3.298869E-02    1.065871E-02    6.608469E-03    0.000000E+00    0.000000E+00    0.000000E+00
3.615000E-01    6.932761E-02   -4.946660E-02   -1.292160E+01    0.000000E+00    0.000000E+00    0.000000E+00    3.315441E-02    1.040379E-02    6.608068E-03    0.000000E+00    0.000000E+00    0.000000E+00
3.625000E-01    6.867930E-02   -5.016593E-02   -1.292329E+01    0.000000E+00    0.000000E+00    0.000000E+00    3.331895E-02    1.014713E-02    6.607220E-03    0.000000E+00    0.000000E+00    0.000000E+00
3.635000E-01    6.801507E-02   -5.085795E-02   -1.292498E+01    0.000000E+00    0.000000E+00    0.000000E+00    3.347887E-02    9.887373E-03    6.605875E-03    0.000000E+00    0.000000E+00    0.000000E+00
3.645000E-01    6.733881E-02   -5.154667E-02   -1.292666E+01    0.000000E+00    0.000000E+00    0.000000E+00    3.363510E-02    9.627827E-03    6.603872E-03    0.000000E+00    0.000000E+00    0.000000E+00
3.655000E-01    6.665223E-02   -5.223399E-02   -1.292833E+01    0.000000E+00    0.000000E+00    0.000000E+00    3.378878E-02    9.371096E-03    6.601129E-03    0.000000E+00    0.000000E+00    0.000000E+00
3.665000E-01    6.595248E-02   -5.291824E-02   -1.293000E+01    0.000000E+00    0.000000E+00    0.000000E+00    3.393961E-02    9.113550E-03    6.597700E-03    0.000000E+00    0.000000E+00    0.000000E+00
3.675000E-01    6.523715E-02   -5.359611E-02   -1.293167E+01    0.000000E+00    0.000000E+00    0.000000E+00    3.408725E-02    8.853373E-03    6.594026E-03    0.000000E+00    0.000000E+00    0.000000E+00
3.685000E-01    6.450303E-02   -5.427499E-02   -1.293332E+01    0.000000E+00    0.000000E+00    0.000000E+00    3.423155E-02    8.591661E-03    6.589462E-03    0.000000E+00    0.000000E+00    0.000000E+00
3.695000E-01    6.376392E-02   -5.493968E-02   -1.293498E+01    0.000000E+00    0.000000E+00    0.000000E+00    3.437202E-02    8.331121E-03    6.584876E-03    0.000000E+00    0.000000E+00    0.000000E+00
3.705000E-01    6.300496E-02   -5.559513E-02   -1.293662E+01    0.000000E+00    0.000000E+00    0.000000E+00    3.450814E-02    8.071028E-03    6.579077E-03    0.000000E+00    0.000000E+00    0.000000E+00
3.715000E-01    6.223799E-02   -5.624335E-02   -1.293826E+01    0.000000E+00    0.000000E+00    0.000000E+00    3.464058E-02    7.810566E-03    6.572974E-03    0.000000E+00    0.000000E+00    0.000000E+00
3.725000E-01    6.146052E-02   -5.688447E-02   -1.293989E+01    0.000000E+00    0.000000E+00    0.000000E+00    3.476887E-02    7.550645E-03    6.566989E-03    0.000000E+00    0.000000E+00    0.000000E+00
3.735000E-01    6.067977E-02   -5.751858E-02   -1.294152E+01    0.000000E+00    0.000000E+00    0.000000E+00    3.489486E-02    7.294143E-03    6.560242E-03    0.000000E+00    0.000000E+00    0.000000E+00
3.745000E-01    5.988121E-02   -5.814505E-02   -1.294313E+01    0.000000E+00    0.000000E+00    0.000000E+00    3.501752E-02    7.036493E-03    6.552659E-03    0.000000E+00    0.000000E+00    0.000000E+00
3.755000E-01    5.907704E-02   -5.876200E-02   -1.294474E+01    0.000000E+00    0.000000E+00    0.000000E+00    3.513490E-02    6.779186E-03    6.544086E-03    0.000000E+00    0.000000E+00    0.000000E+00
3.765000E-01    5.856928E-02   -5.943259E-02   -1.294637E+01    0.000000E+00    0.000000E+00    0.000000E+00    3.525202E-02    6.527695E-03    6.525719E-03    0.000000E+00    0.000000E+00    0.000000E+00
3.775000E-01    5.774658E-02   -6.003812E-02   -1.294796E+01    0.000000E+00    0.000000E+00    0.000000E+00    3.536645E-02    6.279148E-03    6.516232E-03    0.000000E+00    0.000000E+00    0.000000E+00
3.785000E-01    5.691113E-02   -6.062241E-02   -1.294955E+01    0.000000E+00    0.000000E+00    0.000000E+00    3.547330E-02    6.032417E-03    6.506176E-03    0.000000E+00    0.000000E+00    0.000000E+00
3.795000E-01    5.607066E-02   -6.119569E-02   -1.295112E+01    0.000000E+00    0.000000E+00    0.000000E+00    3.557557E-02    5.790117E-03    6.495016E-03    0.000000E+00    0.000000E+00    0.000000E+00
3.805000E-01    5.521355E-02   -6.177896E-02   -1.295269E+01    0.000000E+00    0.000000E+00    0.000000E+00    3.567596E-02    5.553707E-03    6.483971E-03    0.000000E+00    0.000000E+00    0.000000E+00
3.815000E-01    5.436295E-02   -6.233934E-02   -1.295424E+01    0.000000E+00    0.000000E+00    0.000000E+00    3.577252E-02    5.321123E-03    6.471068E-03    0.000000E+00    0.000000E+00    0.000000E+00
3.825000E-01    5.350488E-02   -6.288509E-02   -1.295579E+01    0.000000E+00    0.000000E+00    0.000000E+00    3.586425E-02    5.092510E-03    6.457321E-03    0.000000E+00    0.000000E+00    0.000000E+00
3.835000E-01    5.263224E-02   -6.341368E-02   -1.295732E+01    0.000000E+00    0.000000E+00    0.000000E+00    3.595049E-02    4.864639E-03    6.442522E-03    0.000000E+00    0.000000E+00    0.000000E+00
3.845000E-01    5.174019E-02   -6.393209E-02   -1.295884E+01    0.000000E+00    0.000000E+00    0.000000E+00    3.603188E-02    4.627652E-03    6.427299E-03    0.000000E+00    0.000000E+00    0.000000E+00
3.855000E-01    5.085446E-02   -6.443947E-02   -1.296035E+01    0.000000E+00    0.000000E+00    0.000000E+00    3.610971E-02    4.397713E-03    6.411669E-03    0.000000E+00    0.000000E+00    0.000000E+00
3.865000E-01    4.998786E-02   -6.493298E-02   -1.296185E+01    0.000000E+00    0.000000E+00    0.000000E+00    3.618443E-02    4.183801E-03    6.395489E-03    0.000000E+00    0.000000E+00    0.000000E+00
3.875000E-01    4.911190E-02   -6.541273E-02   -1.296335E+01    0.000000E+00    0.000000E+00    0.000000E+00    3.625438E-02    3.980008E-03    6.378617E-03    0.000000E+00    0.000000E+00    0.000000E+00
3.885000E-01    4.823175E-02   -6.587274E-02   -1.296483E+01    0.000000E+00    0.000000E+00    0.000000E+00    3.631827E-02    3.780579E-03    6.361760E-03    0.000000E+00    0.000000E+00    0.000000E+00
3.895000E-01    4.735744E-02   -6.631551E-02   -1.296630E+01    0.000000E+00    0.000000E+00    0.000000E+00    3.637727E-02    3.586807E-03    6.345380E-03    0.000000E+00    0.000000E+00    0.000000E+00
3.905000E-01    4.649177E-02   -6.674284E-02   -1.296776E+01    0.000000E+00    0.000000E+00    0.000000E+00    3.643037E-02    3.403804E-03    6.329513E-03    0.000000E+00    0.000000E+00    0.000000E+00
3.915000E-01    4.562874E-02   -6.715518E-02   -1.296921E+01    0.000000E+00    0.000000E+00    0.000000E+00    3.647774E-02    3.230271E-03    6.313447E-03    0.000000E+00    0.000000E+00    0.000000E+00
3.925000E-01    4.476366E-02   -6.755621E-02   -1.297064E+01    0.000000E+00    0.000000E+00    0.000000E+00    3.652120E-02    3.062853E-03    6.296955E-03    0.000000E+00    0.000000E+00    0.000000E+00
3.935000E-01    4.389638E-02   -6.794784E-02   -1.297207E+01    0.000000E+00    0.000000E+00    0.000000E+00    3.656075E-02    2.901627E-03    6.280371E-03    0.000000E+00    0.000000E+00    0.000000E+00
3.945000E-01    4.304838E-02   -6.831442E-02   -1.297349E+01    0.000000E+00    0.000000E+00    0.000000E+00    3.659700E-02    2.745443E-03    6.265464E-03    0.000000E+00    0.000000E+00    0.000000E+00
3.955000E-01    4.217776E-02   -6.868586E-02   -1.297490E+01    0.000000E+00    0.000000E+00    0.000000E+00    3.663345E-02    2.590391E-03    6.248832E-03    0.000000E+00    0.000000E+00    0.000000E+00
3.965000E-01    4.131175E-02   -6.904114E-02   -1.297630E+01    0.000000E+00    0.000000E+00    0.000000E+00    3.666760E-02    2.439901E-03    6.232437E-03    0.000000E+00    0.000000E+00    0.000000E+00
3.975000E-01    4.045604E-02   -6.938154E-02   -1.297768E+01    0.000000E+00    0.000000E+00    0.000000E+00    3.669846E-02    2.299374E-03    6.216186E-03    0.000000E+00    0.000000E+00    0.000000E+00
3.985000E-01    3.962343E-02   -6.971456E-02   -1.297906E+01    0.000000E+00    0.000000E+00    0.000000E+00    3.672823E-02    2.169728E-03    6.199333E-03    0.000000E+00    0.000000E+00    0.000000E+00
3.995000E-01    3.881986E-02   -7.004417E-02   -1.298042E+01    0.000000E+00    0.000000E+00    0.000000E+00    3.675844E-02    2.054943E-03    6.181122E-03    0.000000E+00    0.000000E+00    0.000000E+00
4.005000E-01    3.799988E-02   -7.034010E-02   -1.298177E+01    0.000000E+00    0.000000E+00    0.000000E+00    3.678139E-02    1.935780E-03    6.167165E-03    0.000000E+00    0.000000E+00    0.000000E+00
4.015000E-01    3.719945E-02   -7.060820E-02   -1.298311E+01    0.000000E+00    0.000000E+00    0.000000E+00    3.679624E-02    1.827321E-03    6.155079E-03    0.000000E+00    0.000000E+00    0.000000E+00
4.025000E-01    3.643715E-02   -7.086747E-02   -1.298444E+01    0.000000E+00    0.000000E+00    0.000000E+00    3.680819E-02    1.736372E-03    6.140398E-03    0.000000E+00    0.000000E+00    0.000000E+00
4.035000E-01    3.567998E-02   -7.109746E-02   -1.298577E+01    0.000000E+00    0.000000E+00    0.000000E+00    3.681800E-02    1.633215E-03    6.121720E-03    0.000000E+00    0.000000E+00    0.000000E+00
4.045000E-01    3.490386E-02   -7.132659E-02   -1.298707E+01    0.000000E+00    0.000000E+00    0.000000E+00    3.682456E-02    1.530831E-03    6.105239E-03    0.000000E+00    0.000000E+00    0.000000E+00
4.055000E-01    3.417320E-02   -7.153842E-02   -1.298837E+01    0.000000E+00    0.000000E+00    0.000000E+00    3.682325E-02    1.448969E-03    6.089215E-03    0.000000E+00    0.000000E+00    0.000000E+00
4.065000E-01    3.347403E-02   -7.173988E-02   -1.298967E+01    0.000000E+00    0.000000E+00    0.000000E+00    3.681520E-02    1.381397E-03    6.073304E-03    0.000000E+00    0.000000E+00    0.000000E+00
4.075000E-01    3.279728E-02   -7.193009E-02   -1.299095E+01    0.000000E+00    0.000000E+00    0.000000E+00    3.680529E-02    1.322581E-03    6.057397E-03    0.000000E+00    0.000000E+00    0.000000E+00
4.085000E-01    3.215082E-02   -7.210585E-02   -1.299222E+01    0.000000E+00    0.000000E+00    0.000000E+00    3.679380E-02    1.275693E-03    6.041627E-03    0.000000E+00    0.000000E+00    0.000000E+00
4.095000E-01    3.153572E-02   -7.226250E-02   -1.299349E+01    0.000000E+00    0.000000E+00    0.000000E+00    3.677794E-02    1.241294E-03    6.026165E-03    0.000000E+00    0.000000E+00    0.000000E+00
4.105000E-01    3.094887E-02   -7.239838E-02   -1.299474E+01    0.000000E+00    0.000000E+00    0.000000E+00    3.675709E-02    1.217945E-03    6.010978E-03    0.000000E+00    0.000000E+00    0.000000E+00
4.115000E-01    3.038921E-02   -7.251468E-02   -1.299599E+01    0.000000E+00    0.000000E+00    0.000000E+00    3.673225E-02    1.204733E-03    5.995817E-03    0.000000E+00    0.000000E+00    0.000000E+00
4.125000E-01    2.985545E-02   -7.260997E-02   -1.299722E+01    0.000000E+00    0.000000E+00    0.000000E+00    3.670281E-02    1.200771E-03    5.980562E-03    0.000000E+00    0.000000E+00    0.000000E+00
4.135000E-01    2.934809E-02   -7.268294E-02   -1.299844E+01    0.000000E+00    0.000000E+00    0.000000E+00    3.666851E-02    1.205792E-03    5.965362E-03    0.000000E+00    0.000000E+00    0.000000E+00
4.145000E-01    2.886811E-02   -7.273971E-02   -1.299966E+01    0.000000E+00    0.000000E+00    0.000000E+00    3.663133E-02    1.222341E-03    5.950082E-03    0.000000E+00    0.000000E+00    0.000000E+00
4.155000E-01    2.841096E-02   -7.277864E-02   -1.300086E+01    0.000000E+00    0.000000E+00    0.000000E+00    3.659139E-02    1.249633E-03    5.934807E-03    0.000000E+00    0.000000E+00    0.000000E+00
4.165000E-01    2.797609E-02   -7.279561E-02   -1.300206E+01    0.000000E+00    0.000000E+00    0.000000E+00    3.654736E-02    1.283339E-03    5.919639E-03    0.000000E+00    0.000000E+00    0.000000E+00
4.175000E-01    2.756609E-02   -7.278449E-02   -1.300324E+01    0.000000E+00    0.000000E+00    0.000000E+00    3.649598E-02    1.322016E-03    5.905201E-03    0.000000E+00    0.000000E+00    0.000000E+00
4.185000E-01    2.717486E-02   -7.275735E-02   -1.300442E+01    0.000000E+00    0.000000E+00    0.000000E+00    3.644041E-02    1.366893E-03    5.891197E-03    0.000000E+00    0.000000E+00    0.000000E+00
4.195000E-01    2.681742E-02   -7.272084E-02   -1.300558E+01    0.000000E+00    0.000000E+00    0.000000E+00    3.638653E-02    1.420855E-03    5.876727E-03    0.000000E+00    0.000000E+00    0.000000E+00
4.205000E-01    2.648574E-02   -7.267223E-02   -1.300673E+01    0.000000E+00    0.000000E+00    0.000000E+00    3.633242E-02    1.482389E-03    5.861789E-03    0.000000E+00    0.000000E+00    0.000000E+00
4.215000E-01    2.617783E-02   -7.260610E-02   -1.300787E+01    0.000000E+00    0.000000E+00    0.000000E+00    3.627554E-02    1.550339E-03    5.846699E-03    0.000000E+00    0.000000E+00    0.000000E+00
4.225000E-01    2.589962E-02   -7.252710E-02   -1.300900E+01    0.000000E+00    0.000000E+00    0.000000E+00    3.621714E-02    1.625090E-03    5.831358E-03    0.000000E+00    0.000000E+00    0.000000E+00
4.235000E-01    2.564505E-02   -7.243851E-02   -1.301012E+01    0.000000E+00    0.000000E+00    0.000000E+00    3.615985E-02    1.708363E-03    5.814922E-03    0.000000E+00    0.000000E+00    0.000000E+00
4.245000E-01    2.539308E-02   -7.236586E-02   -1.301123E+01    0.000000E+00    0.000000E+00    0.000000E+00    3.610540E-02    1.800405E-03    5.795365E-03    0.000000E+00    0.000000E+00    0.000000E+00
4.255000E-01    2.519571E-02   -7.225475E-02   -1.301233E+01    0.000000E+00    0.000000E+00    0.000000E+00    3.604739E-02    1.901411E-03    5.778601E-03    0.000000E+00    0.000000E+00    0.000000E+00
4.265000E-01    2.502683E-02   -7.212222E-02   -1.301342E+01    0.000000E+00    0.000000E+00    0.000000E+00    3.598457E-02    2.011305E-03    5.762993E-03    0.000000E+00    0.000000E+00    0.000000E+00
4.275000E-01    2.488645E-02   -7.197745E-02   -1.301449E+01    0.000000E+00    0.000000E+00    0.000000E+00    3.592004E-02    2.129743E-03    5.747572E-03    0.000000E+00    0.000000E+00    0.000000E+00
4.285000E-01    2.477324E-02   -7.183718E-02   -1.301556E+01    0.000000E+00    0.000000E+00    0.000000E+00    3.586049E-02    2.256174E-03    5.730479E-03    0.000000E+00    0.000000E+00    0.000000E+00
4.295000E-01    2.468573E-02   -7.169385E-02   -1.301662E+01    0.000000E+00    0.000000E+00    0.000000E+00    3.580297E-02    2.390446E-03    5.712498E-03    0.000000E+00    0.000000E+00    0.000000E+00
4.305000E-01    2.462361E-02   -7.153766E-02   -1.301766E+01    0.000000E+00    0.000000E+00    0.000000E+00    3.574369E-02    2.532828E-03    5.694691E-03    0.000000E+00    0.000000E+00    0.000000E+00
4.315000E-01    2.458758E-02   -7.137223E-02   -1.301869E+01    0.000000E+00    0.000000E+00    0.000000E+00    3.568391E-02    2.683487E-03    5.676679E-03    0.000000E+00    0.000000E+00    0.000000E+00
4.325000E-01    2.457820E-02   -7.120937E-02   -1.301972E+01    0.000000E+00    0.000000E+00    0.000000E+00    3.562835E-02    2.842425E-03    5.657077E-03    0.000000E+00    0.000000E+00    0.000000E+00
4.335000E-01    2.459333E-02   -7.105067E-02   -1.302073E+01    0.000000E+00    0.000000E+00    0.000000E+00    3.557724E-02    3.008952E-03    5.635684E-03    0.000000E+00    0.000000E+00    0.000000E+00
4.345000E-01    2.463413E-02   -7.088871E-02   -1.302173E+01    0.000000E+00    0.000000E+00    0.000000E+00    3.552672E-02    3.183300E-03    5.613881E-03    0.000000E+00    0.000000E+00    0.000000E+00
4.355000E-01    2.469861E-02   -7.071894E-02   -1.302272E+01    0.000000E+00    0.000000E+00    0.000000E+00    3.547710E-02    3.365306E-03    5.591937E-03    0.000000E+00    0.000000E+00    0.000000E+00
4.365000E-01    2.462759E-02   -7.045182E-02   -1.302371E+01    0.000000E+00    0.000000E+00    0.000000E+00    3.538194E-02    3.476412E-03    5.608998E-03    0.000000E+00    0.000000E+00    0.000000E+00
4.375000E-01    2.473078E-02   -7.027493E-02   -1.302467E+01    0.000000E+00    0.000000E+00    0.000000E+00    3.533485E-02    3.670807E-03    5.586764E-03    0.000000E+00    0.000000E+00    0.000000E+00
4.385000E-01    2.483910E-02   -7.012808E-02   -1.302563E+01    0.000000E+00    0.000000E+00    0.000000E+00    3.530305E-02    3.859606E-03    5.562973E-03    0.000000E+00    0.000000E+00    0.000000E+00
4.395000E-01    2.495459E-02   -6.997964E-02   -1.302658E+01    0.000000E+00    0.000000E+00    0.000000E+00    3.528479E-02    4.042785E-03    5.539652E-03    0.000000E+00    0.000000E+00    0.000000E+00
4.405000E-01    2.510569E-02   -6.981579E-02   -1.302752E+01    0.000000E+00    0.000000E+00    0.000000E+00    3.526421E-02    4.236822E-03    5.515892E-03    0.000000E+00    0.000000E+00    0.000000E+00
4.415000E-01    2.528826E-02   -6.964488E-02   -1.302845E+01    0.000000E+00    0.000000E+00    0.000000E+00    3.524311E-02    4.441180E-03    5.491578E-03    0.000000E+00    0.000000E+00    0.000000E+00
4.425000E-01    2.548629E-02   -6.947548E-02   -1.302937E+01    0.000000E+00    0.000000E+00    0.000000E+00    3.522685E-02    4.650666E-03    5.466780E-03    0.000000E+00    0.000000E+00    0.000000E+00
4.435000E-01    2.570881E-02   -6.930614E-02   -1.303029E+01    0.000000E+00    0.000000E+00    0.000000E+00    3.521414E-02    4.865898E-03    5.441853E-03    0.000000E+00    0.000000E+00    0.000000E+00
4.445000E-01    2.595170E-02   -6.913107E-02   -1.303119E+01    0.000000E+00    0.000000E+00    0.000000E+00    3.520209E-02    5.087417E-03    5.416785E-03    0.000000E+00    0.000000E+00    0.000000E+00
4.455000E-01    2.621364E-02   -6.893186E-02   -1.303209E+01    0.000000E+00    0.000000E+00    0.000000E+00    3.518116E-02    5.313884E-03    5.391403E-03    0.000000E+00    0.000000E+00    0.000000E+00
4.465000E-01    2.649616E-02   -6.872493E-02   -1.303298E+01    0.000000E+00    0.000000E+00    0.000000E+00    3.515736E-02    5.544697E-03    5.366676E-03    0.000000E+00    0.000000E+00    0.000000E+00
4.475000E-01    2.678658E-02   -6.854035E-02   -1.303386E+01    0.000000E+00    0.000000E+00    0.000000E+00    3.514099E-02    5.778925E-03    5.340995E-03    0.000000E+00    0.000000E+00    0.000000E+00
4.485000E-01    2.708199E-02   -6.831962E-02   -1.303474E+01    0.000000E+00    0.000000E+00    0.000000E+00    3.512878E-02    6.016006E-03    5.317627E-03    0.000000E+00    0.000000E+00    0.000000E+00
4.495000E-01    2.739480E-02   -6.814369E-02   -1.303560E+01    0.000000E+00    0.000000E+00    0.000000E+00    3.512069E-02    6.254715E-03    5.291118E-03    0.000000E+00    0.000000E+00    0.000000E+00
4.505000E-01    2.772383E-02   -6.796898E-02   -1.303646E+01    0.000000E+00    0.000000E+00    0.000000E+00    3.511419E-02    6.497374E-03    5.264815E-03    0.000000E+00    0.000000E+00    0.000000E+00
4.515000E-01    2.806905E-02   -6.779957E-02   -1.303730E+01    0.000000E+00    0.000000E+00    0.000000E+00    3.510985E-02    6.744331E-03    5.239065E-03    0.000000E+00    0.000000E+00    0.000000E+00
4.525000E-01    2.842485E-02   -6.763922E-02   -1.303815E+01    0.000000E+00    0.000000E+00    0.000000E+00    3.510947E-02    6.993526E-03    5.213750E-03    0.000000E+00    0.000000E+00    0.000000E+00
4.535000E-01    2.879051E-02   -6.748682E-02   -1.303898E+01    0.000000E+00    0.000000E+00    0.000000E+00    3.511378E-02    7.244265E-03    5.188778E-03    0.000000E+00    0.000000E+00    0.000000E+00
4.545000E-01    2.919374E-02   -6.733545E-02   -1.303982E+01    0.000000E+00    0.000000E+00    0.000000E+00    3.512203E-02    7.496870E-03    5.165852E-03    0.000000E+00    0.000000E+00    0.000000E+00
4.555000E-01    2.957686E-02   -6.719531E-02   -1.304064E+01    0.000000E+00    0.000000E+00    0.000000E+00    3.513460E-02    7.748968E-03    5.141254E-03    0.000000E+00    0.000000E+00    0.000000E+00
4.565000E-01    2.996840E-02   -6.706110E-02   -1.304145E+01    0.000000E+00    0.000000E+00    0.000000E+00    3.515166E-02    8.002018E-03    5.116957E-03    0.000000E+00    0.000000E+00    0.000000E+00
4.575000E-01    3.037092E-02   -6.693343E-02   -1.304226E+01    0.000000E+00    0.000000E+00    0.000000E+00    3.517237E-02    8.256431E-03    5.092756E-03    0.000000E+00    0.000000E+00    0.000000E+00
4.585000E-01    3.078327E-02   -6.681340E-02   -1.304306E+01    0.000000E+00    0.000000E+00    0.000000E+00    3.519726E-02    8.511288E-03    5.068623E-03    0.000000E+00    0.000000E+00    0.000000E+00
4.595000E-01    3.119903E-02   -6.670017E-02   -1.304385E+01    0.000000E+00    0.000000E+00    0.000000E+00    3.522667E-02    8.765503E-03    5.044620E-03    0.000000E+00    0.000000E+00    0.000000E+00
4.605000E-01    3.165337E-02   -6.659868E-02   -1.304464E+01    0.000000E+00    0.000000E+00    0.000000E+00    3.525995E-02    9.020110E-03    5.018799E-03    0.000000E+00    0.000000E+00    0.000000E+00
4.615000E-01    3.208438E-02   -6.650175E-02   -1.304542E+01    0.000000E+00    0.000000E+00    0.000000E+00    3.529829E-02    9.273521E-03    4.995391E-03    0.000000E+00    0.000000E+00    0.000000E+00
4.625000E-01    3.246391E-02   -6.640586E-02   -1.304620E+01    0.000000E+00    0.000000E+00    0.000000E+00    3.534382E-02    9.522644E-03    4.968383E-03    0.000000E+00    0.000000E+00    0.000000E+00
4.635000E-01    3.290856E-02   -6.632589E-02   -1.304696E+01    0.000000E+00    0.000000E+00    0.000000E+00    3.539474E-02    9.771368E-03    4.945109E-03    0.000000E+00    0.000000E+00    0.000000E+00
4.645000E-01    3.336259E-02   -6.625308E-02   -1.304772E+01    0.000000E+00    0.000000E+00    0.000000E+00    3.545001E-02    1.001996E-02    4.922010E-03    0.000000E+00    0.000000E+00    0.000000E+00
4.655000E-01    3.380904E-02   -6.620627E-02   -1.304847E+01    0.000000E+00    0.000000E+00    0.000000E+00    3.552088E-02    1.025762E-02    4.899303E-03    0.000000E+00    0.000000E+00    0.000000E+00
4.665000E-01    3.426234E-02   -6.616945E-02   -1.304922E+01    0.000000E+00    0.000000E+00    0.000000E+00    3.559822E-02    1.049335E-02    4.876758E-03    0.000000E+00    0.000000E+00    0.000000E+00
4.675000E-01    3.474020E-02   -6.612729E-02   -1.304996E+01    0.000000E+00    0.000000E+00    0.000000E+00    3.567176E-02    1.073753E-02    4.854298E-03    0.000000E+00    0.000000E+00    0.000000E+00
4.685000E-01    3.525244E-02   -6.612127E-02   -1.305070E+01    0.000000E+00    0.000000E+00    0.000000E+00    3.574860E-02    1.098449E-02    4.829892E-03    0.000000E+00    0.000000E+00    0.000000E+00
4.695000E-01    3.574858E-02   -6.610355E-02   -1.305143E+01    0.000000E+00    0.000000E+00    0.000000E+00    3.583065E-02    1.122896E-02    4.807998E-03    0.000000E+00    0.000000E+00    0.000000E+00
4.705000E-01    3.625666E-02   -6.608996E-02   -1.305215E+01    0.000000E+00    0.000000E+00    0.000000E+00    3.591629E-02    1.147407E-02    4.786528E-03    0.000000E+00    0.000000E+00    0.000000E+00
4.715000E-01    3.677542E-02   -6.608442E-02   -1.305287E+01    0.000000E+00    0.000000E+00    0.000000E+00    3.600482E-02    1.172009E-02    4.765319E-03    0.000000E+00    0.000000E+00    0.000000E+00
4.725000E-01    3.730821E-02   -6.608779E-02   -1.305358E+01    0.000000E+00    0.000000E+00    0.000000E+00    3.609705E-02    1.196566E-02    4.744487E-03    0.000000E+00    0.000000E+00    0.000000E+00
4.735000E-01    3.784179E-02   -6.610418E-02   -1.305428E+01    0.000000E+00    0.000000E+00    0.000000E+00    3.619385E-02    1.221104E-02    4.723717E-03    0.000000E+00    0.000000E+00    0.000000E+00
4.745000E-01    3.837579E-02   -6.613172E-02   -1.305498E+01    0.000000E+00    0.000000E+00    0.000000E+00    3.629489E-02    1.245642E-02    4.703072E-03    0.000000E+00    0.000000E+00    0.000000E+00
4.755000E-01    3.891304E-02   -6.616960E-02   -1.305567E+01    0.000000E+00    0.000000E+00    0.000000E+00    3.639956E-02    1.270000E-02    4.682491E-03    0.000000E+00    0.000000E+00    0.000000E+00
4.765000E-01    3.945984E-02   -6.621497E-02   -1.305636E+01    0.000000E+00    0.000000E+00    0.000000E+00    3.650488E-02    1.294407E-02    4.662355E-03    0.000000E+00    0.000000E+00    0.000000E+00
4.775000E-01    4.001525E-02   -6.626961E-02   -1.305703E+01    0.000000E+00    0.000000E+00    0.000000E+00    3.661180E-02    1.318923E-02    4.642390E-03    0.000000E+00    0.000000E+00    0.000000E+00
4.785000E-01    4.057463E-02   -6.634002E-02   -1.305771E+01    0.000000E+00    0.000000E+00    0.000000E+00    3.672407E-02    1.343201E-02    4.622608E-03    0.000000E+00    0.000000E+00    0.000000E+00
4.795000E-01    4.113700E-02   -6.642735E-02   -1.305837E+01    0.000000E+00    0.000000E+00    0.000000E+00    3.684242E-02    1.367126E-02    4.603139E-03    0.000000E+00    0.000000E+00    0.000000E+00
4.805000E-01    4.174772E-02   -6.655842E-02   -1.305904E+01    0.000000E+00    0.000000E+00    0.000000E+00    3.696606E-02    1.391047E-02    4.587100E-03    0.000000E+00    0.000000E+00    0.000000E+00
4.815000E-01    4.232628E-02   -6.666957E-02   -1.305969E+01    0.000000E+00    0.000000E+00    0.000000E+00    3.709115E-02    1.414909E-02    4.567680E-03    0.000000E+00    0.000000E+00    0.000000E+00
4.825000E-01    4.294735E-02   -6.680450E-02   -1.306034E+01    0.000000E+00    0.000000E+00    0.000000E+00    3.722484E-02    1.440495E-02    4.539684E-03    0.000000E+00    0.000000E+00    0.000000E+00
4.835000E-01    4.349695E-02   -6.691777E-02   -1.306098E+01    0.000000E+00    0.000000E+00    0.000000E+00    3.735703E-02    1.463830E-02    4.523007E-03    0.000000E+00    0.000000E+00    0.000000E+00
4.845000E-01    4.408724E-02   -6.707459E-02   -1.306161E+01    0.000000E+00    0.000000E+00    0.000000E+00    3.749539E-02    1.487070E-02    4.503734E-03    0.000000E+00    0.000000E+00    0.000000E+00
4.855000E-01    4.468189E-02   -6.724750E-02   -1.306224E+01    0.000000E+00    0.000000E+00    0.000000E+00    3.763851E-02    1.510161E-02    4.484191E-03    0.000000E+00    0.000000E+00    0.000000E+00
4.865000E-01    4.527962E-02   -6.743396E-02   -1.306286E+01    0.000000E+00    0.000000E+00    0.000000E+00    3.778530E-02    1.533086E-02    4.464544E-03    0.000000E+00    0.000000E+00    0.000000E+00
4.875000E-01    4.587938E-02   -6.763554E-02   -1.306347E+01    0.000000E+00    0.000000E+00    0.000000E+00    3.793629E-02    1.555788E-02    4.444888E-03    0.000000E+00    0.000000E+00    0.000000E+00
4.885000E-01    4.648116E-02   -6.785132E-02   -1.306408E+01    0.000000E+00    0.000000E+00    0.000000E+00    3.809101E-02    1.578302E-02    4.425285E-03    0.000000E+00    0.000000E+00    0.000000E+00
4.895000E-01    4.708256E-02   -6.808214E-02   -1.306468E+01    0.000000E+00    0.000000E+00    0.000000E+00    3.824885E-02    1.600668E-02    4.405880E-03    0.000000E+00    0.000000E+00    0.000000E+00
4.905000E-01    4.768064E-02   -6.833204E-02   -1.306528E+01    0.000000E+00    0.000000E+00    0.000000E+00    3.841207E-02    1.622796E-02    4.386602E-03    0.000000E+00    0.000000E+00    0.000000E+00
4.915000E-01    4.827533E-02   -6.859705E-02   -1.306587E+01    0.000000E+00    0.000000E+00    0.000000E+00    3.857989E-02    1.644589E-02    4.367073E-03    0.000000E+00    0.000000E+00    0.000000E+00
4.925000E-01    4.886695E-02   -6.887484E-02   -1.306646E+01    0.000000E+00    0.000000E+00    0.000000E+00    3.875056E-02    1.666043E-02    4.347207E-03    0.000000E+00    0.000000E+00    0.000000E+00
4.935000E-01    4.945644E-02   -6.916427E-02   -1.306704E+01    0.000000E+00    0.000000E+00    0.000000E+00    3.892449E-02    1.687205E-02    4.326683E-03    0.000000E+00    0.000000E+00    0.000000E+00
4.945000E-01    5.004863E-02   -6.944127E-02   -1.306762E+01    0.000000E+00    0.000000E+00    0.000000E+00    3.909781E-02    1.708173E-02    4.305551E-03    0.000000E+00    0.000000E+00    0.000000E+00
4.955000E-01    5.063268E-02   -6.977489E-02   -1.306819E+01    0.000000E+00    0.000000E+00    0.000000E+00    3.927445E-02    1.728987E-02    4.283917E-03    0.000000E+00    0.000000E+00    0.000000E+00
4.965000E-01    5.122011E-02   -7.009669E-02   -1.306876E+01    0.000000E+00    0.000000E+00    0.000000E+00    3.945541E-02    1.749629E-02    4.263430E-03    0.000000E+00    0.000000E+00    0.000000E+00
4.975000E-01    5.183947E-02   -7.039503E-02   -1.306932E+01    0.000000E+00    0.000000E+00    0.000000E+00    3.963922E-02    1.770130E-02    4.239931E-03    0.000000E+00    0.000000E+00    0.000000E+00
4.985000E-01    5.242499E-02   -7.073878E-02   -1.306988E+01    0.000000E+00    0.000000E+00    0.000000E+00    3.982619E-02    1.790494E-02    4.219600E-03    0.000000E+00    0.000000E+00    0.000000E+00
4.995000E-01    5.301233E-02   -7.108306E-02   -1.307043E+01    0.000000E+00    0.000000E+00    0.000000E+00    4.001150E-02    1.810842E-02    4.200408E-03    0.000000E+00    0.000000E+00    0.000000E+00
5.005000E-01    5.360001E-02   -7.142587E-02   -1.307097E+01    0.000000E+00    0.000000E+00    0.000000E+00    4.019441E-02    1.831004E-02    4.182266E-03    0.000000E+00    0.000000E+00    0.000000E+00
5.015000E-01    5.416953E-02   -7.179757E-02   -1.307151E+01    0.000000E+00    0.000000E+00    0.000000E+00    4.038454E-02    1.850653E-02    4.163427E-03    0.000000E+00    0.000000E+00    0.000000E+00
5.025000E-01    5.472959E-02   -7.218550E-02   -1.307205E+01    0.000000E+00    0.000000E+00    0.000000E+00    4.057994E-02    1.869937E-02    4.143836E-03    0.000000E+00    0.000000E+00    0.000000E+00
5.035000E-01    5.528509E-02   -7.258302E-02   -1.307258E+01    0.000000E+00    0.000000E+00    0.000000E+00    4.077645E-02    1.889030E-02    4.124063E-03    0.000000E+00    0.000000E+00    0.000000E+00
5.045000E-01    5.583725E-02   -7.298928E-02   -1.307310E+01    0.000000E+00    0.000000E+00    0.000000E+00    4.097281E-02    1.908011E-02    4.103585E-03    0.000000E+00    0.000000E+00    0.000000E+00
5.055000E-01    5.638610E-02   -7.341116E-02   -1.307362E+01    0.000000E+00    0.000000E+00    0.000000E+00    4.117077E-02    1.927003E-02    4.083396E-03    0.000000E+00    0.000000E+00    0.000000E+00
5.065000E-01    5.693714E-02   -7.383654E-02   -1.307414E+01    0.000000E+00    0.000000E+00    0.000000E+00    4.137058E-02    1.946038E-02    4.063738E-03    0.000000E+00    0.000000E+00    0.000000E+00
5.075000E-01    5.748660E-02   -7.427276E-02   -1.307465E+01    0.000000E+00    0.000000E+00    0.000000E+00    4.157284E-02    1.965042E-02    4.044076E-03    0.000000E+00    0.000000E+00    0.000000E+00
5.085000E-01    5.803007E-02   -7.472080E-02   -1.307515E+01    0.000000E+00    0.000000E+00    0.000000E+00    4.177722E-02    1.983930E-02    4.023830E-03    0.000000E+00    0.000000E+00    0.000000E+00
5.095000E-01    5.856865E-02   -7.518551E-02   -1.307566E+01    0.000000E+00    0.000000E+00    0.000000E+00    4.198330E-02    2.002878E-02    4.002687E-03    0.000000E+00    0.000000E+00    0.000000E+00
5.105000E-01    5.909551E-02   -7.566169E-02   -1.307616E+01    0.000000E+00    0.000000E+00    0.000000E+00    4.218872E-02    2.021872E-02    3.981209E-03    0.000000E+00    0.000000E+00    0.000000E+00
5.115000E-01    5.961504E-02   -7.615412E-02   -1.307666E+01    0.000000E+00    0.000000E+00    0.000000E+00    4.239819E-02    2.040618E-02    3.958650E-03    0.000000E+00    0.000000E+00    0.000000E+00
5.125000E-01    6.022819E-02   -7.706053E-02   -1.307716E+01    0.000000E+00    0.000000E+00    0.000000E+00    4.281109E-02    2.064029E-02    4.026032E-03    0.000000E+00    0.000000E+00    0.000000E+00
5.135000E-01    6.073340E-02   -7.757445E-02   -1.307765E+01    0.000000E+00    0.000000E+00    0.000000E+00    4.302593E-02    2.082466E-02    4.002277E-03    0.000000E+00    0.000000E+00    0.000000E+00
5.145000E-01    6.123499E-02   -7.809153E-02   -1.307814E+01    0.000000E+00    0.000000E+00    0.000000E+00    4.324076E-02    2.100958E-02    3.978410E-03    0.000000E+00    0.000000E+00    0.000000E+00
5.155000E-01    6.173340E-02   -7.860500E-02   -1.307862E+01    0.000000E+00    0.000000E+00    0.000000E+00    4.345299E-02    2.119493E-02    3.955368E-03    0.000000E+00    0.000000E+00    0.000000E+00
5.165000E-01    6.217923E-02   -7.905800E-02   -1.307911E+01    0.000000E+00    0.000000E+00    0.000000E+00    4.365627E-02    2.137877E-02    3.934015E-03    0.000000E+00    0.000000E+00    0.000000E+00
5.175000E-01    6.268134E-02   -7.956553E-02   -1.307959E+01    0.000000E+00    0.000000E+00    0.000000E+00    4.385706E-02    2.156161E-02    3.914626E-03    0.000000E+00    0.000000E+00    0.000000E+00
5.185000E-01    6.314523E-02   -8.007599E-02   -1.308006E+01    0.000000E+00    0.000000E+00    0.000000E+00    4.405952E-02    2.173952E-02    3.892073E-03    0.000000E+00    0.000000E+00    0.000000E+00
5.195000E-01    6.359207E-02   -8.060106E-02   -1.308052E+01    0.000000E+00    0.000000E+00    0.000000E+00    4.426566E-02    2.191286E-02    3.867740E-03    0.000000E+00    0.000000E+00    0.000000E+00
5.205000E-01    6.402638E-02   -8.113623E-02   -1.308098E+01    0.000000E+00    0.000000E+00    0.000000E+00    4.447392E-02    2.208306E-02    3.841922E-03    0.000000E+00    0.000000E+00    0.000000E+00
5.215000E-01    6.443640E-02   -8.168888E-02   -1.308144E+01    0.000000E+00    0.000000E+00    0.000000E+00    4.468337E-02    2.225097E-02    3.814056E-03    0.000000E+00    0.000000E+00    0.000000E+00
5.225000E-01    6.485523E-02   -8.223393E-02   -1.308189E+01    0.000000E+00    0.000000E+00    0.000000E+00    4.489238E-02    2.241824E-02    3.786752E-03    0.000000E+00    0.000000E+00    0.000000E+00
5.235000E-01    6.526632E-02   -8.278194E-02   -1.308234E+01    0.000000E+00    0.000000E+00    0.000000E+00    4.510096E-02    2.258393E-02    3.759156E-03    0.000000E+00    0.000000E+00    0.000000E+00
5.245000E-01    6.566891E-02   -8.333243E-02   -1.308278E+01    0.000000E+00    0.000000E+00    0.000000E+00    4.530919E-02    2.274740E-02    3.731587E-03    0.000000E+00    0.000000E+00    0.000000E+00
5.255000E-01    6.606336E-02   -8.388423E-02   -1.308322E+01    0.000000E+00    0.000000E+00    0.000000E+00    4.551660E-02    2.290931E-02    3.704038E-03    0.000000E+00    0.000000E+00    0.000000E+00
5.265000E-01    6.644730E-02   -8.443713E-02   -1.308366E+01    0.000000E+00    0.000000E+00    0.000000E+00    4.572273E-02    2.306921E-02    3.676556E-03    0.000000E+00    0.000000E+00    0.000000E+00
5.275000E-01    6.681145E-02   -8.496750E-02   -1.308409E+01    0.000000E+00    0.000000E+00    0.000000E+00    4.592751E-02    2.322534E-02    3.650016E-03    0.000000E+00    0.000000E+00    0.000000E+00
5.285000E-01    6.712699E-02   -8.553207E-02   -1.308452E+01    0.000000E+00    0.000000E+00    0.000000E+00    4.613255E-02    2.337645E-02    3.625458E-03    0.000000E+00    0.000000E+00    0.000000E+00
5.295000E-01    6.747319E-02   -8.609260E-02   -1.308494E+01    0.000000E+00    0.000000E+00    0.000000E+00    4.633726E-02    2.352597E-02    3.598337E-03    0.000000E+00    0.000000E+00    0.000000E+00
5.305000E-01    6.780953E-02   -8.665763E-02   -1.308536E+01    0.000000E+00    0.000000E+00    0.000000E+00    4.654163E-02    2.367285E-02    3.571365E-03    0.000000E+00    0.000000E+00    0.000000E+00
5.315000E-01    6.812423E-02   -8.722836E-02   -1.308578E+01    0.000000E+00    0.000000E+00    0.000000E+00    4.674542E-02    2.381727E-02    3.545016E-03    0.000000E+00    0.000000E+00    0.000000E+00
5.325000E-01    6.843553E-02   -8.780098E-02   -1.308619E+01    0.000000E+00    0.000000E+00    0.000000E+00    4.695028E-02    2.395754E-02    3.518588E-03    0.000000E+00    0.000000E+00    0.000000E+00
5.335000E-01    6.875098E-02   -8.838299E-02   -1.308660E+01    0.000000E+00    0.000000E+00    0.000000E+00    4.715608E-02    2.409365E-02    3.491915E-03    0.000000E+00    0.000000E+00    0.000000E+00
5.345000E-01    6.903854E-02   -8.895787E-02   -1.308701E+01    0.000000E+00    0.000000E+00    0.000000E+00    4.735991E-02    2.422681E-02    3.466130E-03    0.000000E+00    0.000000E+00    0.000000E+00
5.355000E-01    6.932559E-02   -8.952153E-02   -1.308741E+01    0.000000E+00    0.000000E+00    0.000000E+00    4.756149E-02    2.435833E-02    3.440506E-03    0.000000E+00    0.000000E+00    0.000000E+00
5.365000E-01    6.960350E-02   -9.009629E-02   -1.308781E+01    0.000000E+00    0.000000E+00    0.000000E+00    4.776164E-02    2.448794E-02    3.415671E-03    0.000000E+00    0.000000E+00    0.000000E+00
5.375000E-01    6.987495E-02   -9.066900E-02   -1.308820E+01    0.000000E+00    0.000000E+00    0.000000E+00    4.795908E-02    2.461591E-02    3.391388E-03    0.000000E+00    0.000000E+00    0.000000E+00
5.385000E-01    7.014350E-02   -9.123879E-02   -1.308859E+01    0.000000E+00    0.000000E+00    0.000000E+00    4.815418E-02    2.474241E-02    3.367419E-03    0.000000E+00    0.000000E+00    0.000000E+00
5.395000E-01    7.044199E-02   -9.182168E-02   -1.308898E+01    0.000000E+00    0.000000E+00    0.000000E+00    4.834738E-02    2.486880E-02    3.342828E-03    0.000000E+00    0.000000E+00    0.000000E+00
5.405000E-01    7.070221E-02   -9.238622E-02   -1.308937E+01    0.000000E+00    0.000000E+00    0.000000E+00    4.853722E-02    2.499269E-02    3.319766E-03    0.000000E+00    0.000000E+00    0.000000E+00
5.415000E-01    7.096188E-02   -9.294750E-02   -1.308975E+01    0.000000E+00    0.000000E+00    0.000000E+00    4.872454E-02    2.511584E-02    3.297178E-03    0.000000E+00    0.000000E+00    0.000000E+00
5.425000E-01    7.122099E-02   -9.350802E-02   -1.309012E+01    0.000000E+00    0.000000E+00    0.000000E+00    4.891031E-02    2.523889E-02    3.274758E-03    0.000000E+00    0.000000E+00    0.000000E+00
5.435000E-01    7.148160E-02   -9.406528E-02   -1.309049E+01    0.000000E+00    0.000000E+00    0.000000E+00    4.909379E-02    2.536256E-02    3.252265E-03    0.000000E+00    0.000000E+00    0.000000E+00
5.445000E-01    7.174228E-02   -9.461719E-02   -1.309086E+01    0.000000E+00    0.000000E+00    0.000000E+00    4.927437E-02    2.548622E-02    3.229886E-03    0.000000E+00    0.000000E+00    0.000000E+00
5.455000E-01    7.200162E-02   -9.516044E-02   -1.309123E+01    0.000000E+00    0.000000E+00    0.000000E+00    4.945124E-02    2.560930E-02    3.208003E-03    0.000000E+00    0.000000E+00    0.000000E+00
5.465000E-01    7.225903E-02   -9.569179E-02   -1.309159E+01    0.000000E+00    0.000000E+00    0.000000E+00    4.962220E-02    2.573156E-02    3.187090E-03    0.000000E+00    0.000000E+00    0.000000E+00
5.475000E-01    7.241448E-02   -9.621642E-02   -1.309197E+01    0.000000E+00    0.000000E+00    0.000000E+00    4.978678E-02    2.584909E-02    3.167438E-03    0.000000E+00    0.000000E+00    0.000000E+00
5.485000E-01    7.266914E-02   -9.673713E-02   -1.309233E+01    0.000000E+00    0.000000E+00    0.000000E+00    4.995101E-02    2.597006E-02    3.146490E-03    0.000000E+00    0.000000E+00    0.000000E+00
5.495000E-01    7.292490E-02   -9.726047E-02   -1.309268E+01    0.000000E+00    0.000000E+00    0.000000E+00    5.011579E-02    2.609133E-02    3.124639E-03    0.000000E+00    0.000000E+00    0.000000E+00
5.505000E-01    7.317753E-02   -9.778327E-02   -1.309304E+01    0.000000E+00    0.000000E+00    0.000000E+00    5.027776E-02    2.621230E-02    3.102665E-03    0.000000E+00    0.000000E+00    0.000000E+00
5.515000E-01    7.343166E-02   -9.829082E-02   -1.309339E+01    0.000000E+00    0.000000E+00    0.000000E+00    5.043556E-02    2.633360E-02    3.081009E-03    0.000000E+00    0.000000E+00    0.000000E+00
5.525000E-01    7.368578E-02   -9.878831E-02   -1.309373E+01    0.000000E+00    0.000000E+00    0.000000E+00    5.058940E-02    2.645472E-02    3.059546E-03    0.000000E+00    0.000000E+00    0.000000E+00
5.535000E-01    7.396135E-02   -9.929416E-02   -1.309408E+01    0.000000E+00    0.000000E+00    0.000000E+00    5.073951E-02    2.657524E-02    3.040490E-03    0.000000E+00    0.000000E+00    0.000000E+00
5.545000E-01    7.420807E-02   -9.977046E-02   -1.309443E+01    0.000000E+00    0.000000E+00    0.000000E+00    5.088469E-02    2.669398E-02    3.020384E-03    0.000000E+00    0.000000E+00    0.000000E+00
5.555000E-01    7.447262E-02   -1.002401E-01   -1.309477E+01    0.000000E+00    0.000000E+00    0.000000E+00    5.102576E-02    2.681174E-02    2.999361E-03    0.000000E+00    0.000000E+00    0.000000E+00
5.565000E-01    7.471514E-02   -1.006956E-01   -1.309511E+01    0.000000E+00    0.000000E+00    0.000000E+00    5.116274E-02    2.692661E-02    2.980138E-03    0.000000E+00    0.000000E+00    0.000000E+00
5.575000E-01    7.494830E-02   -1.011549E-01   -1.309545E+01    0.000000E+00    0.000000E+00    0.000000E+00    5.129943E-02    2.704140E-02    2.959745E-03    0.000000E+00    0.000000E+00    0.000000E+00
5.585000E-01    7.518521E-02   -1.016144E-01   -1.309578E+01    0.000000E+00    0.000000E+00    0.000000E+00    5.143579E-02    2.715784E-02    2.938473E-03    0.000000E+00    0.000000E+00    0.000000E+00
5.595000E-01    7.542289E-02   -1.020643E-01   -1.309612E+01    0.000000E+00    0.000000E+00    0.000000E+00    5.156861E-02    2.727528E-02    2.916914E-03    0.000000E+00    0.000000E+00    0.000000E+00
5.605000E-01    7.566081E-02   -1.025040E-01   -1.309645E+01    0.000000E+00    0.000000E+00    0.000000E+00    5.169692E-02    2.739339E-02    2.895352E-03    0.000000E+00    0.000000E+00    0.000000E+00
5.615000E-01    7.589794E-02   -1.029360E-01   -1.309678E+01    0.000000E+00    0.000000E+00    0.000000E+00    5.182204E-02    2.751240E-02    2.873469E-03    0.000000E+00    0.000000E+00    0.000000E+00
5.625000E-01    7.613493E-02   -1.033625E-01   -1.309711E+01    0.000000E+00    0.000000E+00    0.000000E+00    5.194437E-02    2.763427E-02    2.851057E-03    0.000000E+00    0.000000E+00    0.000000E+00
5.635000E-01    7.636921E-02   -1.037837E-01   -1.309743E+01    0.000000E+00    0.000000E+00    0.000000E+00    5.206390E-02    2.775668E-02    2.828345E-03    0.000000E+00    0.000000E+00    0.000000E+00
5.645000E-01    7.660247E-02   -1.041986E-01   -1.309776E+01    0.000000E+00    0.000000E+00    0.000000E+00    5.218008E-02    2.787950E-02    2.805618E-03    0.000000E+00    0.000000E+00    0.000000E+00
5.655000E-01    7.683412E-02   -1.046106E-01   -1.309809E+01    0.000000E+00    0.000000E+00    0.000000E+00    5.229383E-02    2.800314E-02    2.782532E-03    0.000000E+00    0.000000E+00    0.000000E+00
5.665000E-01    7.705902E-02   -1.050235E-01   -1.309842E+01    0.000000E+00    0.000000E+00    0.000000E+00    5.240786E-02    2.812517E-02    2.758026E-03    0.000000E+00    0.000000E+00    0.000000E+00
5.675000E-01    7.727655E-02   -1.054375E-01   -1.309874E+01    0.000000E+00    0.000000E+00    0.000000E+00    5.252202E-02    2.824528E-02    2.731688E-03    0.000000E+00    0.000000E+00    0.000000E+00
5.685000E-01    7.748394E-02   -1.058504E-01   -1.309907E+01    0.000000E+00    0.000000E+00    0.000000E+00    5.263581E-02    2.836224E-02    2.703468E-03    0.000000E+00    0.000000E+00    0.000000E+00
5.695000E-01    7.767947E-02   -1.062608E-01   -1.309939E+01    0.000000E+00    0.000000E+00    0.000000E+00    5.274944E-02    2.847563E-02    2.673245E-03    0.000000E+00    0.000000E+00    0.000000E+00
5.705000E-01    7.786834E-02   -1.066670E-01   -1.309971E+01    0.000000E+00    0.000000E+00    0.000000E+00    5.286153E-02    2.858663E-02    2.641554E-03    0.000000E+00    0.000000E+00    0.000000E+00
5.715000E-01    7.805070E-02   -1.070648E-01   -1.310003E+01    0.000000E+00    0.000000E+00    0.000000E+00    5.297031E-02    2.869678E-02    2.609088E-03    0.000000E+00    0.000000E+00    0.000000E+00
5.725000E-01    7.823008E-02   -1.074515E-01   -1.310035E+01    0.000000E+00    0.000000E+00    0.000000E+00    5.307569E-02    2.880681E-02    2.576163E-03    0.000000E+00    0.000000E+00    0.000000E+00
5.735000E-01    7.840764E-02   -1.078352E-01   -1.310067E+01    0.000000E+00    0.000000E+00    0.000000E+00    5.317900E-02    2.891651E-02    2.542423E-03    0.000000E+00    0.000000E+00    0.000000E+00
5.745000E-01    7.858863E-02   -1.082052E-01   -1.310098E+01    0.000000E+00    0.000000E+00    0.000000E+00    5.327681E-02    2.902868E-02    2.509414E-03    0.000000E+00    0.000000E+00    0.000000E+00
5.755000E-01    7.877576E-02   -1.085632E-01   -1.310130E+01    0.000000E+00    0.000000E+00    0.000000E+00    5.336966E-02    2.914425E-02    2.477199E-03    0.000000E+00    0.000000E+00    0.000000E+00
5.765000E-01    7.896913E-02   -1.089122E-01   -1.310161E+01    0.000000E+00    0.000000E+00    0.000000E+00    5.345818E-02    2.926368E-02    2.445620E-03    0.000000E+00    0.000000E+00    0.000000E+00
5.775000E-01    7.917493E-02   -1.092439E-01   -1.310192E+01    0.000000E+00    0.000000E+00    0.000000E+00    5.353941E-02    2.938932E-02    2.415951E-03    0.000000E+00    0.000000E+00    0.000000E+00
5.785000E-01    7.939873E-02   -1.095802E-01   -1.310223E+01    0.000000E+00    0.000000E+00    0.000000E+00    5.361526E-02    2.952101E-02    2.388417E-03    0.000000E+00    0.000000E+00    0.000000E+00
5.795000E-01    7.959968E-02   -1.098953E-01   -1.310254E+01    0.000000E+00    0.000000E+00    0.000000E+00    5.369121E-02    2.965301E-02    2.359314E-03    0.000000E+00    0.000000E+00    0.000000E+00
5.805000E-01    7.981701E-02   -1.102152E-01   -1.310285E+01    0.000000E+00    0.000000E+00    0.000000E+00    5.376653E-02    2.978518E-02    2.329590E-03    0.000000E+00    0.000000E+00    0.000000E+00
5.815000E-01    8.003185E-02   -1.105243E-01   -1.310315E+01    0.000000E+00    0.000000E+00    0.000000E+00    5.383815E-02    2.991691E-02    2.299177E-03    0.000000E+00    0.000000E+00    0.000000E+00
5.825000E-01    8.024646E-02   -1.108222E-01   -1.310346E+01    0.000000E+00    0.000000E+00    0.000000E+00    5.390553E-02    3.004881E-02    2.268475E-03    0.000000E+00    0.000000E+00    0.000000E+00
5.835000E-01    8.046430E-02   -1.111089E-01   -1.310377E+01    0.000000E+00    0.000000E+00    0.000000E+00    5.396846E-02    3.018212E-02    2.237816E-03    0.000000E+00    0.000000E+00    0.000000E+00
5.845000E-01    8.068704E-02   -1.113882E-01   -1.310407E+01    0.000000E+00    0.000000E+00    0.000000E+00    5.402818E-02    3.031728E-02    2.207090E-03    0.000000E+00    0.000000E+00    0.000000E+00
5.855000E-01    8.091277E-02   -1.116620E-01   -1.310437E+01    0.000000E+00    0.000000E+00    0.000000E+00    5.408587E-02    3.045391E-02    2.175904E-03    0.000000E+00    0.000000E+00    0.000000E+00
5.865000E-01    8.113875E-02   -1.119289E-01   -1.310467E+01    0.000000E+00    0.000000E+00    0.000000E+00    5.414070E-02    3.059057E-02    2.144567E-03    0.000000E+00    0.000000E+00    0.000000E+00
5.875000E-01    8.136440E-02   -1.121847E-01   -1.310497E+01    0.000000E+00    0.000000E+00    0.000000E+00    5.419108E-02    3.072678E-02    2.113477E-03    0.000000E+00    0.000000E+00    0.000000E+00
5.885000E-01    8.159304E-02   -1.124328E-01   -1.310527E+01    0.000000E+00    0.000000E+00    0.000000E+00    5.423760E-02    3.086370E-02    2.082366E-03    0.000000E+00    0.000000E+00    0.000000E+00
5.895000E-01    8.182731E-02   -1.126762E-01   -1.310556E+01    0.000000E+00    0.000000E+00    0.000000E+00    5.428135E-02    3.100228E-02    2.050747E-03    0.000000E+00    0.000000E+00    0.000000E+00
5.905000E-01    8.206388E-02   -1.129126E-01   -1.310586E+01    0.000000E+00    0.000000E+00    0.000000E+00    5.432150E-02    3.114176E-02    2.018519E-03    0.000000E+00    0.000000E+00    0.000000E+00
5.915000E-01    8.230218E-02   -1.131411E-01   -1.310615E+01    0.000000E+00    0.000000E+00    0.000000E+00    5.435767E-02    3.128152E-02    1.986121E-03    0.000000E+00    0.000000E+00    0.000000E+00
5.925000E-01    8.254261E-02   -1.133633E-01   -1.310644E+01    0.000000E+00    0.000000E+00    0.000000E+00    5.439035E-02    3.142195E-02    1.953564E-03    0.000000E+00    0.000000E+00    0.000000E+00
5.935000E-01    8.278487E-02   -1.135795E-01   -1.310674E+01    0.000000E+00    0.000000E+00    0.000000E+00    5.442044E-02    3.156259E-02    1.920572E-03    0.000000E+00    0.000000E+00    0.000000E+00
5.945000E-01    8.302844E-02   -1.137897E-01   -1.310703E+01    0.000000E+00    0.000000E+00    0.000000E+00    5.444768E-02    3.170330E-02    1.887135E-03    0.000000E+00    0.000000E+00    0.000000E+00
5.955000E-01    8.327690E-02   -1.139934E-01   -1.310732E+01    0.000000E+00    0.000000E+00    0.000000E+00    5.447186E-02    3.184467E-02    1.853204E-03    0.000000E+00    0.000000E+00    0.000000E+00
5.965000E-01    8.351680E-02   -1.142616E-01   -1.310762E+01    0.000000E+00    0.000000E+00    0.000000E+00    5.449419E-02    3.198724E-02    1.815119E-03    0.000000E+00    0.000000E+00    0.000000E+00
5.975000E-01    8.377308E-02   -1.144477E-01   -1.310791E+01    0.000000E+00    0.000000E+00    0.000000E+00    5.451010E-02    3.213120E-02    1.781564E-03    0.000000E+00    0.000000E+00    0.000000E+00
5.985000E-01    8.403490E-02   -1.146257E-01   -1.310819E+01    0.000000E+00    0.000000E+00    0.000000E+00    5.452187E-02    3.227677E-02    1.747997E-03    0.000000E+00    0.000000E+00    0.000000E+00
5.995000E-01    8.430496E-02   -1.147948E-01   -1.310848E+01    0.000000E+00    0.000000E+00    0.000000E+00    5.453050E-02    3.242317E-02    1.714212E-03    0.000000E+00    0.000000E+00    0.000000E+00
6.005000E-01    8.457301E-02   -1.149605E-01   -1.310877E+01    0.000000E+00    0.000000E+00    0.000000E+00    5.453592E-02    3.257006E-02    1.680598E-03    0.000000E+00    0.000000E+00    0.000000E+00
6.015000E-01    8.484474E-02   -1.151198E-01   -1.310905E+01    0.000000E+00    0.000000E+00    0.000000E+00    5.453814E-02    3.271768E-02    1.647041E-03    0.000000E+00    0.000000E+00    0.000000E+00
6.025000E-01    8.505460E-02   -1.152243E-01   -1.310935E+01    0.000000E+00    0.000000E+00    0.000000E+00    5.453646E-02    3.286478E-02    1.618094E-03    0.000000E+00    0.000000E+00    0.000000E+00
6.035000E-01    8.508334E-02   -1.154373E-01   -1.310963E+01    0.000000E+00    0.000000E+00    0.000000E+00    5.456420E-02    3.288974E-02    1.641849E-03    0.000000E+00    0.000000E+00    0.000000E+00
6.045000E-01    8.536675E-02   -1.155713E-01   -1.310992E+01    0.000000E+00    0.000000E+00    0.000000E+00    5.455593E-02    3.303932E-02    1.608739E-03    0.000000E+00    0.000000E+00    0.000000E+00
6.055000E-01    8.565849E-02   -1.156886E-01   -1.311020E+01    0.000000E+00    0.000000E+00    0.000000E+00    5.454043E-02    3.319084E-02    1.576903E-03    0.000000E+00    0.000000E+00    0.000000E+00
6.065000E-01    8.595428E-02   -1.157998E-01   -1.311048E+01    0.000000E+00    0.000000E+00    0.000000E+00    5.452194E-02    3.334302E-02    1.545226E-03    0.000000E+00    0.000000E+00    0.000000E+00
6.075000E-01    8.625471E-02   -1.159081E-01   -1.311075E+01    0.000000E+00    0.000000E+00    0.000000E+00    5.450350E-02    3.349529E-02    1.513059E-03    0.000000E+00    0.000000E+00    0.000000E+00
6.085000E-01    8.655762E-02   -1.160170E-01   -1.311103E+01    0.000000E+00    0.000000E+00    0.000000E+00    5.448395E-02    3.364837E-02    1.480693E-03    0.000000E+00    0.000000E+00    0.000000E+00
6.095000E-01    8.686656E-02   -1.161183E-01   -1.311131E+01    0.000000E+00    0.000000E+00    0.000000E+00    5.446130E-02    3.380250E-02    1.448724E-03    0.000000E+00    0.000000E+00    0.000000E+00
6.105000E-01    8.718248E-02   -1.162122E-01   -1.311158E+01    0.000000E+00    0.000000E+00    0.000000E+00    5.443473E-02    3.395764E-02    1.417137E-03    0.000000E+00    0.000000E+00    0.000000E+00
6.115000E-01    8.750319E-02   -1.162923E-01   -1.311185E+01    0.000000E+00    0.000000E+00    0.000000E+00    5.440393E-02    3.411382E-02    1.385949E-03    0.000000E+00    0.000000E+00    0.000000E+00
6.125000E-01    8.782795E-02   -1.163622E-01   -1.311213E+01    0.000000E+00    0.000000E+00    0.000000E+00    5.436961E-02    3.427080E-02    1.354966E-03    0.000000E+00    0.000000E+00    0.000000E+00
6.135000E-01    8.813040E-02   -1.163259E-01   -1.311241E+01    0.000000E+00    0.000000E+00    0.000000E+00    5.433024E-02    3.442712E-02    1.318260E-03    0.000000E+00    0.000000E+00    0.000000E+00
6.145000E-01    8.846607E-02   -1.163779E-01   -1.311268E+01    0.000000E+00    0.000000E+00    0.000000E+00    5.428908E-02    3.458586E-02    1.288033E-03    0.000000E+00    0.000000E+00    0.000000E+00
6.155000E-01    8.880743E-02   -1.164207E-01   -1.311295E+01    0.000000E+00    0.000000E+00    0.000000E+00    5.424439E-02    3.474583E-02    1.258091E-03    0.000000E+00    0.000000E+00    0.000000E+00
6.165000E-01    8.922060E-02   -1.164061E-01   -1.311323E+01    0.000000E+00    0.000000E+00    0.000000E+00    5.419485E-02    3.490837E-02    1.223636E-03    0.000000E+00    0.000000E+00    0.000000E+00
6.175000E-01    8.957552E-02   -1.164339E-01   -1.311349E+01    0.000000E+00    0.000000E+00    0.000000E+00    5.414372E-02    3.507128E-02    1.194135E-03    0.000000E+00    0.000000E+00    0.000000E+00
6.185000E-01    8.993694E-02   -1.164497E-01   -1.311376E+01    0.000000E+00    0.000000E+00    0.000000E+00    5.408910E-02    3.523532E-02    1.165065E-03    0.000000E+00    0.000000E+00    0.000000E+00
6.195000E-01    9.030351E-02   -1.164562E-01   -1.311402E+01    0.000000E+00    0.000000E+00    0.000000E+00    5.403099E-02    3.540042E-02    1.136233E-03    0.000000E+00    0.000000E+00    0.000000E+00
6.205000E-01    9.067710E-02   -1.164528E-01   -1.311428E+01    0.000000E+00    0.000000E+00    0.000000E+00    5.396958E-02    3.556700E-02    1.107647E-03    0.000000E+00    0.000000E+00    0.000000E+00
6.215000E-01    9.105680E-02   -1.164398E-01   -1.311454E+01    0.000000E+00    0.000000E+00    0.000000E+00    5.390487E-02    3.573475E-02    1.079246E-03    0.000000E+00    0.000000E+00    0.000000E+00
6.225000E-01    9.144212E-02   -1.164177E-01   -1.311480E+01    0.000000E+00    0.000000E+00    0.000000E+00    5.383687E-02    3.590351E-02    1.051094E-03    0.000000E+00    0.000000E+00    0.000000E+00
6.235000E-01    9.183086E-02   -1.163864E-01   -1.311506E+01    0.000000E+00    0.000000E+00    0.000000E+00    5.376590E-02    3.607324E-02    1.023102E-03    0.000000E+00    0.000000E+00    0.000000E+00
6.245000E-01    9.222988E-02   -1.163463E-01   -1.311531E+01    0.000000E+00    0.000000E+00    0.000000E+00    5.369173E-02    3.624447E-02    9.953152E-04    0.000000E+00    0.000000E+00    0.000000E+00
6.255000E-01    9.259456E-02   -1.163457E-01   -1.311557E+01    0.000000E+00    0.000000E+00    0.000000E+00    5.361480E-02    3.641636E-02    9.711360E-04    0.000000E+00    0.000000E+00    0.000000E+00
6.265000E-01    9.300171E-02   -1.162846E-01   -1.311583E+01    0.000000E+00    0.000000E+00    0.000000E+00    5.353340E-02    3.659076E-02    9.436648E-04    0.000000E+00    0.000000E+00    0.000000E+00
6.275000E-01    9.341228E-02   -1.162127E-01   -1.311608E+01    0.000000E+00    0.000000E+00    0.000000E+00    5.344829E-02    3.676567E-02    9.161079E-04    0.000000E+00    0.000000E+00    0.000000E+00
6.285000E-01    9.382587E-02   -1.161359E-01   -1.311633E+01    0.000000E+00    0.000000E+00    0.000000E+00    5.335990E-02    3.694098E-02    8.886487E-04    0.000000E+00    0.000000E+00    0.000000E+00
6.295000E-01    9.424210E-02   -1.160410E-01   -1.311658E+01    0.000000E+00    0.000000E+00    0.000000E+00    5.326868E-02    3.711615E-02    8.610620E-04    0.000000E+00    0.000000E+00    0.000000E+00
6.305000E-01    9.472389E-02   -1.159337E-01   -1.311684E+01    0.000000E+00    0.000000E+00    0.000000E+00    5.317537E-02    3.729244E-02    8.372824E-04    0.000000E+00    0.000000E+00    0.000000E+00
6.315000E-01    9.514393E-02   -1.158280E-01   -1.311709E+01    0.000000E+00    0.000000E+00    0.000000E+00    5.307987E-02    3.746639E-02    8.097624E-04    0.000000E+00    0.000000E+00    0.000000E+00
6.325000E-01    9.556563E-02   -1.157147E-01   -1.311733E+01    0.000000E+00    0.000000E+00    0.000000E+00    5.298232E-02    3.763972E-02    7.821623E-04    0.000000E+00    0.000000E+00    0.000000E+00
6.335000E-01    9.598822E-02   -1.155941E-01   -1.311758E+01    0.000000E+00    0.000000E+00    0.000000E+00    5.288281E-02    3.781230E-02    7.544621E-04    0.000000E+00    0.000000E+00    0.000000E+00
6.345000E-01    9.641180E-02   -1.154666E-01   -1.311783E+01    0.000000E+00    0.000000E+00    0.000000E+00    5.278161E-02    3.798391E-02    7.265778E-04    0.000000E+00    0.000000E+00    0.000000E+00
6.355000E-01    9.683343E-02   -1.153329E-01   -1.311807E+01    0.000000E+00    0.000000E+00    0.000000E+00    5.267890E-02    3.815389E-02    6.985813E-04    0.000000E+00    0.000000E+00    0.000000E+00
6.365000E-01    9.725440E-02   -1.151919E-01   -1.311831E+01    0.000000E+00    0.000000E+00    0.000000E+00    5.257480E-02    3.832254E-02    6.705254E-04    0.000000E+00    0.000000E+00    0.000000E+00
6.375000E-01    9.767374E-02   -1.150461E-01   -1.311856E+01    0.000000E+00    0.000000E+00    0.000000E+00    5.246980E-02    3.848961E-02    6.423425E-04    0.000000E+00    0.000000E+00    0.000000E+00
6.385000E-01    9.809326E-02   -1.148947E-01   -1.311880E+01    0.000000E+00    0.000000E+00    0.000000E+00    5.236380E-02    3.865548E-02    6.140793E-04    0.000000E+00    0.000000E+00    0.000000E+00
6.395000E-01    9.851142E-02   -1.147387E-01   -1.311904E+01    0.000000E+00    0.000000E+00    0.000000E+00    5.225745E-02    3.882004E-02    5.858253E-04    0.000000E+00    0.000000E+00    0.000000E+00
6.405000E-01    9.892981E-02   -1.145764E-01   -1.311928E+01    0.000000E+00    0.000000E+00    0.000000E+00    5.214998E-02    3.898396E-02    5.575747E-04    0.000000E+00    0.000000E+00    0.000000E+00
6.415000E-01    9.934816E-02   -1.144014E-01   -1.311952E+01    0.000000E+00    0.000000E+00    0.000000E+00    5.204031E-02    3.914692E-02    5.292833E-04    0.000000E+00    0.000000E+00    0.000000E+00
6.425000E-01    9.976269E-02   -1.142287E-01   -1.311975E+01    0.000000E+00    0.000000E+00    0.000000E+00    5.193008E-02    3.930836E-02    5.010132E-04    0.000000E+00    0.000000E+00    0.000000E+00
6.435000E-01    1.001751E-01   -1.140532E-01   -1.311999E+01    0.000000E+00    0.000000E+00    0.000000E+00    5.181974E-02    3.946861E-02    4.726727E-04    0.000000E+00    0.000000E+00    0.000000E+00
6.445000E-01    1.005867E-01   -1.138744E-01   -1.312023E+01    0.000000E+00    0.000000E+00    0.000000E+00    5.170943E-02    3.962792E-02    4.445172E-04    0.000000E+00    0.000000E+00    0.000000E+00
6.455000E-01    1.009936E-01   -1.136918E-01   -1.312046E+01    0.000000E+00    0.000000E+00    0.000000E+00    5.159826E-02    3.978666E-02    4.168626E-04    0.000000E+00    0.000000E+00    0.000000E+00
6.465000E-01    1.014080E-01   -1.135340E-01   -1.312070E+01    0.000000E+00    0.000000E+00    0.000000E+00    5.148707E-02    3.994406E-02    3.914455E-04    0.000000E+00    0.000000E+00    0.000000E+00
6.475000E-01    1.018144E-01   -1.133399E-01   -1.312094E+01    0.000000E+00    0.000000E+00    0.000000E+00    5.137456E-02    4.010008E-02    3.642114E-04    0.000000E+00    0.000000E+00    0.000000E+00
6.485000E-01    1.022187E-01   -1.131437E-01   -1.312117E+01    0.000000E+00    0.000000E+00    0.000000E+00    5.126126E-02    4.025509E-02    3.371211E-04    0.000000E+00    0.000000E+00    0.000000E+00
6.495000E-01    1.026213E-01   -1.129401E-01   -1.312140E+01    0.000000E+00    0.000000E+00    0.000000E+00    5.114746E-02    4.040875E-02    3.105349E-04    0.000000E+00    0.000000E+00    0.000000E+00
6.505000E-01    1.030217E-01   -1.127323E-01   -1.312163E+01    0.000000E+00    0.000000E+00    0.000000E+00    5.103331E-02    4.056113E-02    2.842830E-04    0.000000E+00    0.000000E+00    0.000000E+00
6.515000E-01    1.034216E-01   -1.125193E-01   -1.312186E+01    0.000000E+00    0.000000E+00    0.000000E+00    5.091841E-02    4.071279E-02    2.583106E-04    0.000000E+00    0.000000E+00    0.000000E+00
6.525000E-01    1.038181E-01   -1.123034E-01   -1.312210E+01    0.000000E+00    0.000000E+00    0.000000E+00    5.080331E-02    4.086285E-02    2.327345E-04    0.000000E+00    0.000000E+00    0.000000E+00
6.535000E-01    1.042128E-01   -1.120820E-01   -1.312233E+01    0.000000E+00    0.000000E+00    0.000000E+00    5.068795E-02    4.101136E-02    2.075568E-04    0.000000E+00    0.000000E+00    0.000000E+00
6.545000E-01    1.046063E-01   -1.118560E-01   -1.312255E+01    0.000000E+00    0.000000E+00    0.000000E+00    5.057226E-02    4.115867E-02    1.827426E-04    0.000000E+00    0.000000E+00    0.000000E+00
6.555000E-01    1.049977E-01   -1.116269E-01   -1.312278E+01    0.000000E+00    0.000000E+00    0.000000E+00    5.045647E-02    4.130468E-02    1.582122E-04    0.000000E+00    0.000000E+00    0.000000E+00
6.565000E-01    1.053288E-01   -1.113983E-01   -1.312302E+01    0.000000E+00    0.000000E+00    0.000000E+00    5.033945E-02    4.144653E-02    1.374657E-04    0.000000E+00    0.000000E+00    0.000000E+00
6.575000E-01    1.057137E-01   -1.111554E-01   -1.312325E+01    0.000000E+00    0.000000E+00    0.000000E+00    5.022121E-02    4.158695E-02    1.137883E-04    0.000000E+00    0.000000E+00    0.000000E+00
6.585000E-01    1.060997E-01   -1.109081E-01   -1.312347E+01    0.000000E+00    0.000000E+00    0.000000E+00    5.010232E-02    4.172732E-02    9.057894E-05    0.000000E+00    0.000000E+00    0.000000E+00
6.595000E-01    1.064847E-01   -1.106567E-01   -1.312370E+01    0.000000E+00    0.000000E+00    0.000000E+00    4.998339E-02    4.186734E-02    6.782868E-05    0.000000E+00    0.000000E+00    0.000000E+00
6.605000E-01    1.068287E-01   -1.104313E-01   -1.312393E+01    0.000000E+00    0.000000E+00    0.000000E+00    4.986523E-02    4.200545E-02    4.273701E-05    0.000000E+00    0.000000E+00    0.000000E+00
6.615000E-01    1.071979E-01   -1.100979E-01   -1.312417E+01    0.000000E+00    0.000000E+00    0.000000E+00    4.974452E-02    4.214296E-02    2.532901E-05    0.000000E+00    0.000000E+00    0.000000E+00
6.625000E-01    1.075753E-01   -1.098377E-01   -1.312439E+01    0.000000E+00    0.000000E+00    0.000000E+00    4.962583E-02    4.227888E-02    3.707265E-06    0.000000E+00    0.000000E+00    0.000000E+00
6.635000E-01    1.079496E-01   -1.095746E-01   -1.312462E+01    0.000000E+00    0.000000E+00    0.000000E+00    4.950765E-02    4.241323E-02   -1.757488E-05    0.000000E+00    0.000000E+00    0.000000E+00
6.645000E-01    1.083605E-01   -1.092781E-01   -1.312486E+01    0.000000E+00    0.000000E+00    0.000000E+00    4.938897E-02    4.254662E-02   -4.118520E-05    0.000000E+00    0.000000E+00    0.000000E+00
6.655000E-01    1.087290E-01   -1.090100E-01   -1.312508E+01    0.000000E+00    0.000000E+00    0.000000E+00    4.927161E-02    4.267793E-02   -6.186859E-05    0.000000E+00    0.000000E+00    0.000000E+00
6.665000E-01    1.090949E-01   -1.087389E-01   -1.312531E+01    0.000000E+00    0.000000E+00    0.000000E+00    4.915459E-02    4.280810E-02   -8.218977E-05    0.000000E+00    0.000000E+00    0.000000E+00
6.675000E-01    1.094580E-01   -1.084662E-01   -1.312553E+01    0.000000E+00    0.000000E+00    0.000000E+00    4.903852E-02    4.293666E-02   -1.022216E-04    0.000000E+00    0.000000E+00    0.000000E+00
6.685000E-01    1.098180E-01   -1.081916E-01   -1.312576E+01    0.000000E+00    0.000000E+00    0.000000E+00    4.892303E-02    4.306388E-02   -1.219409E-04    0.000000E+00    0.000000E+00    0.000000E+00
6.695000E-01    1.101756E-01   -1.079140E-01   -1.312598E+01    0.000000E+00    0.000000E+00    0.000000E+00    4.880798E-02    4.318989E-02   -1.413959E-04    0.000000E+00    0.000000E+00    0.000000E+00
6.705000E-01    1.105514E-01   -1.076077E-01   -1.312621E+01    0.000000E+00    0.000000E+00    0.000000E+00    4.869297E-02    4.331541E-02   -1.585562E-04    0.000000E+00    0.000000E+00    0.000000E+00
6.715000E-01    1.108601E-01   -1.072957E-01   -1.312645E+01    0.000000E+00    0.000000E+00    0.000000E+00    4.857846E-02    4.343803E-02   -1.746732E-04    0.000000E+00    0.000000E+00    0.000000E+00
6.725000E-01    1.112077E-01   -1.070156E-01   -1.312667E+01    0.000000E+00    0.000000E+00    0.000000E+00    4.846603E-02    4.355972E-02   -1.934235E-04    0.000000E+00    0.000000E+00    0.000000E+00
6.735000E-01    1.115967E-01   -1.067903E-01   -1.312691E+01    0.000000E+00    0.000000E+00    0.000000E+00    4.835503E-02    4.368233E-02   -2.158707E-04    0.000000E+00    0.000000E+00    0.000000E+00
6.745000E-01    1.119410E-01   -1.065056E-01   -1.312713E+01    0.000000E+00    0.000000E+00    0.000000E+00    4.824323E-02    4.380326E-02   -2.337015E-04    0.000000E+00    0.000000E+00    0.000000E+00
6.755000E-01    1.122228E-01   -1.062115E-01   -1.312736E+01    0.000000E+00    0.000000E+00    0.000000E+00    4.813213E-02    4.392214E-02   -2.548382E-04    0.000000E+00    0.000000E+00    0.000000E+00
6.765000E-01    1.125639E-01   -1.059279E-01   -1.312759E+01    0.000000E+00    0.000000E+00    0.000000E+00    4.802262E-02    4.404030E-02   -2.723917E-04    0.000000E+00    0.000000E+00    0.000000E+00
6.775000E-01    1.128951E-01   -1.056464E-01   -1.312782E+01    0.000000E+00    0.000000E+00    0.000000E+00    4.791501E-02    4.415653E-02   -2.902762E-04    0.000000E+00    0.000000E+00    0.000000E+00
6.785000E-01    1.132294E-01   -1.053611E-01   -1.312804E+01    0.000000E+00    0.000000E+00    0.000000E+00    4.780845E-02    4.427168E-02   -3.083602E-04    0.000000E+00    0.000000E+00    0.000000E+00
6.795000E-01    1.135608E-01   -1.050828E-01   -1.312827E+01    0.000000E+00    0.000000E+00    0.000000E+00    4.770292E-02    4.438571E-02   -3.260023E-04    0.000000E+00    0.000000E+00    0.000000E+00
6.805000E-01    1.138817E-01   -1.048015E-01   -1.312849E+01    0.000000E+00    0.000000E+00    0.000000E+00    4.759849E-02    4.449813E-02   -3.438409E-04    0.000000E+00    0.000000E+00    0.000000E+00
6.815000E-01    1.141981E-01   -1.045214E-01   -1.312872E+01    0.000000E+00    0.000000E+00    0.000000E+00    4.749542E-02    4.460900E-02   -3.617305E-04    0.000000E+00    0.000000E+00    0.000000E+00
6.825000E-01    1.145100E-01   -1.042407E-01   -1.312895E+01    0.000000E+00    0.000000E+00    0.000000E+00    4.739356E-02    4.471843E-02   -3.796962E-04    0.000000E+00    0.000000E+00    0.000000E+00
6.835000E-01    1.148177E-01   -1.039628E-01   -1.312917E+01    0.000000E+00    0.000000E+00    0.000000E+00    4.729316E-02    4.482619E-02   -3.978173E-04    0.000000E+00    0.000000E+00    0.000000E+00
6.845000E-01    1.151208E-01   -1.036867E-01   -1.312940E+01    0.000000E+00    0.000000E+00    0.000000E+00    4.719395E-02    4.493260E-02   -4.160971E-04    0.000000E+00    0.000000E+00    0.000000E+00
6.855000E-01    1.154130E-01   -1.034579E-01   -1.312963E+01    0.000000E+00    0.000000E+00    0.000000E+00    4.709716E-02    4.503770E-02   -4.369719E-04    0.000000E+00    0.000000E+00    0.000000E+00
6.865000E-01    1.157063E-01   -1.031857E-01   -1.312986E+01    0.000000E+00    0.000000E+00    0.000000E+00    4.700100E-02    4.514101E-02   -4.555249E-04    0.000000E+00    0.000000E+00    0.000000E+00
6.875000E-01    1.159960E-01   -1.029168E-01   -1.313008E+01    0.000000E+00    0.000000E+00    0.000000E+00    4.690617E-02    4.524300E-02   -4.741500E-04    0.000000E+00    0.000000E+00    0.000000E+00
6.885000E-01    1.162803E-01   -1.026490E-01   -1.313031E+01    0.000000E+00    0.000000E+00    0.000000E+00    4.681285E-02    4.534361E-02   -4.930324E-04    0.000000E+00    0.000000E+00    0.000000E+00
6.895000E-01    1.165585E-01   -1.023848E-01   -1.313054E+01    0.000000E+00    0.000000E+00    0.000000E+00    4.672142E-02    4.544247E-02   -5.123013E-04    0.000000E+00    0.000000E+00    0.000000E+00
6.905000E-01    1.168289E-01   -1.021243E-01   -1.313077E+01    0.000000E+00    0.000000E+00    0.000000E+00    4.663187E-02    4.553843E-02   -5.324928E-04    0.000000E+00    0.000000E+00    0.000000E+00
6.915000E-01    1.170772E-01   -1.018652E-01   -1.313100E+01    0.000000E+00    0.000000E+00    0.000000E+00    4.654313E-02    4.562642E-02   -5.562306E-04    0.000000E+00    0.000000E+00    0.000000E+00
6.925000E-01    1.173552E-01   -1.015596E-01   -1.313125E+01    0.000000E+00    0.000000E+00    0.000000E+00    4.645597E-02    4.570428E-02   -5.822410E-04    0.000000E+00    0.000000E+00    0.000000E+00
6.935000E-01    1.175786E-01   -1.013099E-01   -1.313148E+01    0.000000E+00    0.000000E+00    0.000000E+00    4.637171E-02    4.577991E-02   -6.066628E-04    0.000000E+00    0.000000E+00    0.000000E+00
6.945000E-01    1.178215E-01   -1.010540E-01   -1.313171E+01    0.000000E+00    0.000000E+00    0.000000E+00    4.628614E-02    4.586553E-02   -6.276623E-04    0.000000E+00    0.000000E+00    0.000000E+00
6.955000E-01    1.181171E-01   -1.008290E-01   -1.313194E+01    0.000000E+00    0.000000E+00    0.000000E+00    4.620142E-02    4.595710E-02   -6.444609E-04    0.000000E+00    0.000000E+00    0.000000E+00
6.965000E-01    1.183619E-01   -1.005801E-01   -1.313217E+01    0.000000E+00    0.000000E+00    0.000000E+00    4.611866E-02    4.604481E-02   -6.649734E-04    0.000000E+00    0.000000E+00    0.000000E+00
6.975000E-01    1.185977E-01   -1.003387E-01   -1.313241E+01    0.000000E+00    0.000000E+00    0.000000E+00    4.603909E-02    4.612925E-02   -6.860048E-04    0.000000E+00    0.000000E+00    0.000000E+00
6.985000E-01    1.187881E-01   -1.001076E-01   -1.313264E+01    0.000000E+00    0.000000E+00    0.000000E+00    4.596088E-02    4.621233E-02   -7.046622E-04    0.000000E+00    0.000000E+00    0.000000E+00
6.995000E-01    1.187192E-01   -9.982005E-02   -1.313285E+01    0.000000E+00    0.000000E+00    0.000000E+00    4.588403E-02    4.629537E-02   -7.165620E-04    0.000000E+00    0.000000E+00    0.000000E+00
7.005000E-01    1.322517E+00   -1.888441E-01    3.368742E+01    0.000000E+00    0.000000E+00    0.000000E+00    2.762372E-01    1.844165E-01    6.170176E-02    0.000000E+00    0.000000E+00    0.000000E+00
7.015000E-01    4.658018E-01   -1.062288E-01    1.938011E+01    0.000000E+00    0.000000E+00    0.000000E+00    6.918482E-02    1.331373E-01    1.620618E-01    0.000000E+00    0.000000E+00    0.000000E+00
7.025000E-01   -9.404656E-01   -7.234710E-01    2.026216E+00    0.000000E+00    0.000000E+00    0.000000E+00    2.186097E-01   -3.502062E-01    1.858741E-01    0.000000E+00    0.000000E+00    0.000000E+00
7.035000E-01   -9.513151E-01   -1.865422E-01    1.201157E+01    0.000000E+00    0.000000E+00    0.000000E+00    7.881772E-02   -3.291458E-01    2.607480E-02    0.000000E+00    0.000000E+00    0.000000E+00
7.045000E-01    5.285028E-01    1.433803E+00    1.910907E+01    0.000000E+00    0.000000E+00    0.000000E+00   -4.829684E-01   -7.405191E-02    4.795875E-03    0.000000E+00    0.000000E+00    0.000000E+00
7.055000E-01    2.175551E+00    4.773932E-01    1.018432E+01    0.000000E+00    0.000000E+00    0.000000E+00   -1.305486E-01    6.971458E-01   -1.196761E-01    0.000000E+00    0.000000E+00    0.000000E+00
7.065000E-01    2.447878E+00    2.243323E+00    1.947827E+01    0.000000E+00    0.000000E+00    0.000000E+00   -7.805701E-01    9.263901E-01   -1.266167E-01    0.000000E+00    0.000000E+00    0.000000E+00
7.075000E-01   -3.493197E-02   -1.326761E-01    1.406919E+01    0.000000E+00    0.000000E+00    0.000000E+00    1.946535E-01   -3.201473E-01    4.621191E-02    0.000000E+00    0.000000E+00    0.000000E+00
7.085000E-01   -6.173063E+00    4.454950E-02   -1.153948E+00    0.000000E+00    0.000000E+00    0.000000E+00   -3.421514E-01   -2.854250E+00    6.407787E-02    0.000000E+00    0.000000E+00    0.000000E+00
7.095000E-01   -4.860387E+00    2.648485E-01   -1.217815E+01    0.000000E+00    0.000000E+00    0.000000E+00   -1.207096E-01   -1.921970E+00   -1.779373E-01    0.000000E+00    0.000000E+00    0.000000E+00
7.105000E-01   -3.644159E+00   -2.061231E+00   -1.098070E+01    0.000000E+00    0.000000E+00    0.000000E+00    1.049248E+00   -1.601981E+00    1.866741E-01    0.000000E+00    0.000000E+00    0.000000E+00
7.115000E-01    1.983794E-01   -5.144121E-01   -5.357517E+00    0.000000E+00    0.000000E+00    0.000000E+00    2.372965E-01    1.036624E-01    2.341147E-01    0.000000E+00    0.000000E+00    0.000000E+00
7.125000E-01   -2.680675E-01    3.471120E-02   -1.178731E+01    0.000000E+00    0.000000E+00    0.000000E+00   -7.466834E-02   -1.714372E-01   -6.194851E-02    0.000000E+00    0.000000E+00    0.000000E+00
7.135000E-01   -1.597964E+00    4.959211E-01   -8.698208E+00    0.000000E+00    0.000000E+00    0.000000E+00   -2.738405E-01   -7.982898E-01   -1.692241E-02    0.000000E+00    0.000000E+00    0.000000E+00
7.145000E-01   -1.427545E+00    1.478704E+00   -1.042907E+01    0.000000E+00    0.000000E+00    0.000000E+00   -4.921966E-01   -6.406378E-01   -1.956669E-02    0.000000E+00    0.000000E+00    0.000000E+00
7.155000E-01   -4.769879E-01    7.544933E-01    1.212398E-01    0.000000E+00    0.000000E+00    0.000000E+00   -3.404946E-01   -3.068538E-01   -6.306070E-02    0.000000E+00    0.000000E+00    0.000000E+00
7.165000E-01   -1.084196E+00    8.068816E-01   -1.983520E+00    0.000000E+00    0.000000E+00    0.000000E+00   -4.274353E-01   -4.753438E-01    1.567324E-02    0.000000E+00    0.000000E+00    0.000000E+00
7.175000E-01   -1.517143E+00    6.904807E-01   -3.961539E+00    0.000000E+00    0.000000E+00    0.000000E+00   -3.127937E-01   -5.420674E-01    4.617372E-02    0.000000E+00    0.000000E+00    0.000000E+00
7.185000E-01   -1.028923E+00    2.967060E-01   -3.475501E+00    0.000000E+00    0.000000E+00    0.000000E+00   -1.951361E-01   -4.560472E-01    2.804673E-02    0.000000E+00    0.000000E+00    0.000000E+00
7.195000E-01   -4.840768E-01    4.636086E-01   -1.433960E+01    0.000000E+00    0.000000E+00    0.000000E+00   -2.569423E-01   -3.481322E-01   -2.556147E-02    0.000000E+00    0.000000E+00    0.000000E+00
7.205000E-01   -2.792539E-01   -1.200635E+00   -4.253660E+00    0.000000E+00    0.000000E+00    0.000000E+00    4.566695E-01   -1.119699E-01    2.480718E-03    0.000000E+00    0.000000E+00    0.000000E+00
7.215000E-01   -2.193442E-01   -6.123170E-01   -9.061677E+00    0.000000E+00    0.000000E+00    0.000000E+00    1.686476E-01   -8.930103E-02   -9.253961E-03    0.000000E+00    0.000000E+00    0.000000E+00
7.225000E-01   -8.191816E-01   -1.205710E+00    4.222787E-01    0.000000E+00    0.000000E+00    0.000000E+00    4.269214E-01   -2.648945E-01    5.493238E-03    0.000000E+00    0.000000E+00    0.000000E+00
7.235000E-01   -4.390665E-01   -1.205128E+00    2.651310E+00    0.000000E+00    0.000000E+00    0.000000E+00    2.902104E-01   -1.768434E-02    2.024470E-02    0.000000E+00    0.000000E+00    0.000000E+00
7.245000E-01   -6.853512E-01   -2.999851E+00    1.848405E+00    0.000000E+00    0.000000E+00    0.000000E+00    1.606146E+00   -3.294720E-01   -1.163980E-03    0.000000E+00    0.000000E+00    0.000000E+00
7.255000E-01   -7.399657E-01   -9.922473E-01   -1.281091E+01    0.000000E+00    0.000000E+00    0.000000E+00    5.263573E-01   -4.574470E-01    4.888680E-02    0.000000E+00    0.000000E+00    0.000000E+00
7.265000E-01   -2.083644E+00   -1.980909E+00   -1.447885E+01    0.000000E+00    0.000000E+00    0.000000E+00    1.073938E+00   -1.180758E+00    3.691919E-02    0.000000E+00    0.000000E+00    0.000000E+00
7.275000E-01   -3.219794E+00   -2.431922E+00   -2.200175E+01    0.000000E+00    0.000000E+00    0.000000E+00    1.288215E+00   -1.804121E+00    7.516520E-02    0.000000E+00    0.000000E+00    0.000000E+00
7.285000E-01   -2.481855E+00   -2.965694E+00   -1.910637E+01    0.000000E+00    0.000000E+00    0.000000E+00    1.452385E+00   -1.284514E+00    1.753047E-01    0.000000E+00    0.000000E+00    0.000000E+00
7.295000E-01   -6.940339E+00   -4.629749E+00   -5.075455E+01    0.000000E+00    0.000000E+00    0.000000E+00    2.342588E+00   -3.558167E+00    2.526751E-01    0.000000E+00    0.000000E+00    0.000000E+00
7.305000E-01   -7.327435E+00   -1.601457E+00   -3.527140E+01    0.000000E+00    0.000000E+00    0.000000E+00    9.317927E-01   -4.072175E+00    1.328706E-02    0.000000E+00    0.000000E+00    0.000000E+00
7.315000E-01    2.398565E+00   -2.803441E+00   -5.129275E+01    0.000000E+00    0.000000E+00    0.000000E+00    1.729040E+00    1.038051E+00   -2.383930E-02    0.000000E+00    0.000000E+00    0.000000E+00
7.325000E-01    6.207222E-01   -2.753005E+00   -5.280766E+01    0.000000E+00    0.000000E+00    0.000000E+00    1.737402E+00    2.819649E-01    2.172452E-02    0.000000E+00    0.000000E+00    0.000000E+00
7.335000E-01    8.097191E-01   -6.115823E+00   -3.521012E+01    0.000000E+00    0.000000E+00    0.000000E+00    3.552550E+00    5.896393E-02    1.113497E-01    0.000000E+00    0.000000E+00    0.000000E+00
7.345000E-01   -2.854535E+00   -4.931312E-01   -3.667521E+01    0.000000E+00    0.000000E+00    0.000000E+00    4.282126E-01   -2.000231E+00    2.907873E-02    0.000000E+00    0.000000E+00    0.000000E+00
7.355000E-01    6.787216E+00    7.595433E+00   -1.590244E+01    0.000000E+00    0.000000E+00    0.000000E+00   -4.321726E+00    3.965306E+00   -5.059654E-02    0.000000E+00    0.000000E+00    0.000000E+00
7.365000E-01    1.526383E+01   -5.379584E+00   -7.320798E+01    0.000000E+00    0.000000E+00    0.000000E+00    2.725277E+00    8.304727E+00    9.013199E-02    0.000000E+00    0.000000E+00    0.000000E+00
7.375000E-01    4.805889E+00    2.961993E+00   -3.857082E+01    0.000000E+00    0.000000E+00    0.000000E+00   -1.715983E+00    2.609817E+00   -1.165649E-01    0.000000E+00    0.000000E+00    0.000000E+00
7.385000E-01    6.426923E-02    1.171951E+01   -6.077953E+01    0.000000E+00    0.000000E+00    0.000000E+00   -6.664933E+00   -3.157708E-01   -1.975886E-01    0.000000E+00    0.000000E+00    0.000000E+00
7.395000E-01   -3.069903E-01    6.881916E+00   -8.043243E+01    0.000000E+00    0.000000E+00    0.000000E+00   -3.937334E+00   -6.099963E-01   -1.873943E-01    0.000000E+00    0.000000E+00    0.000000E+00
7.405000E-01    1.022294E+01    8.716090E+00   -3.645590E+01    0.000000E+00    0.000000E+00    0.000000E+00   -5.104598E+00    5.323419E+00   -5.065952E-01    0.000000E+00    0.000000E+00    0.000000E+00
7.415000E-01    6.170762E+00   -2.383171E-01   -5.291415E+01    0.000000E+00    0.000000E+00    0.000000E+00   -1.309116E+00    3.227917E+00   -1.858513E-01    0.000000E+00    0.000000E+00    0.000000E+00
7.425000E-01    6.900824E+00    4.821415E-01   -2.572134E+01    0.000000E+00    0.000000E+00    0.000000E+00   -1.246375E+00    3.597045E+00   -1.891930E-01    0.000000E+00    0.000000E+00    0.000000E+00
7.435000E-01    1.355462E+00    5.706317E+00   -1.038636E+02    0.000000E+00    0.000000E+00    0.000000E+00   -4.787729E+00   -1.885714E+00    6.799334E-02    0.000000E+00    0.000000E+00    0.000000E+00
7.445000E-01   -6.320468E+01    2.209644E+01   -5.780240E+02    0.000000E+00    0.000000E+00    0.000000E+00   -1.436933E+01   -4.388423E+01    6.156256E-01    0.000000E+00    0.000000E+00    0.000000E+00
7.455000E-01    1.958498E+01    6.180189E+00   -7.183582E+02    0.000000E+00    0.000000E+00    0.000000E+00   -4.142585E+00    5.700189E-01    1.853013E-01    0.000000E+00    0.000000E+00    0.000000E+00
7.465000E-01   -1.508381E+01   -3.188776E+01   -3.377428E+02    0.000000E+00    0.000000E+00    0.000000E+00    1.963590E+01   -7.195149E+00   -8.017935E-01    0.000000E+00    0.000000E+00    0.000000E+00
7.475000E-01   -2.242249E+01   -2.961545E+01   -8.947819E+01    0.000000E+00    0.000000E+00    0.000000E+00    1.470827E+01   -1.327546E+01   -5.797202E-01    0.000000E+00    0.000000E+00    0.000000E+00
7.485000E-01    2.150933E+01    3.395678E+01   -3.814600E+01    0.000000E+00    0.000000E+00    0.000000E+00   -1.644980E+01    1.192553E+01   -7.509329E-02    0.000000E+00    0.000000E+00    0.000000E+00
7.495000E-01    3.429467E+01    6.768425E+01   -2.678697E+02    0.000000E+00    0.000000E+00    0.000000E+00   -3.710460E+01    1.721213E+01   -3.594555E-02    0.000000E+00    0.000000E+00    0.000000E+00
7.505000E-01    6.548458E+01   -2.017540E+01   -5.711939E+02    0.000000E+00    0.000000E+00    0.000000E+00    1.181566E+01    3.773723E+01    2.996913E-01    0.000000E+00    0.000000E+00    0.000000E+00
7.515000E-01    2.729951E+00   -1.042259E+02   -1.028223E+03    0.000000E+00    0.000000E+00    0.000000E+00    5.654471E+01    4.511266E+00    3.380482E+00    0.000000E+00    0.000000E+00    0.000000E+00
7.525000E-01   -5.270395E+01    4.126014E+01   -9.284270E+02    0.000000E+00    0.000000E+00    0.000000E+00   -2.620244E+01   -3.724315E+01    3.380040E+00    0.000000E+00    0.000000E+00    0.000000E+00
7.535000E-01   -1.795692E+00    6.876540E+00   -6.937733E+02    0.000000E+00    0.000000E+00    0.000000E+00   -4.644262E+00   -1.299661E+01   -6.083000E+00    0.000000E+00    0.000000E+00    0.000000E+00
7.545000E-01    7.671186E+00    1.180187E+01   -4.635359E+02    0.000000E+00    0.000000E+00    0.000000E+00   -8.491593E+00   -4.483710E+00   -1.076554E+00    0.000000E+00    0.000000E+00    0.000000E+00
7.555000E-01   -2.726201E+01   -1.776899E+01   -6.903252E+02    0.000000E+00    0.000000E+00    0.000000E+00    7.145278E+00   -2.583530E+01    1.012572E+00    0.000000E+00    0.000000E+00    0.000000E+00
7.565000E-01   -1.877648E+00   -1.990415E+01   -9.048479E+02    0.000000E+00    0.000000E+00    0.000000E+00    8.467102E+00   -1.051929E+01   -5.581299E-01    0.000000E+00    0.000000E+00    0.000000E+00
7.575000E-01   -5.421983E+01    1.436398E+01   -7.712656E+02    0.000000E+00    0.000000E+00    0.000000E+00   -7.502697E+00   -3.428374E+01   -6.195833E-01    0.000000E+00    0.000000E+00    0.000000E+00
7.585000E-01    1.453569E+01   -3.456427E+00   -3.838911E+02    0.000000E+00    0.000000E+00    0.000000E+00    1.701256E+00    7.214592E+00   -2.566782E-01    0.000000E+00    0.000000E+00    0.000000E+00
7.595000E-01    1.172953E+00    3.099288E+01   -4.076929E+02    0.000000E+00    0.000000E+00    0.000000E+00   -1.796733E+01   -1.243657E+00    3.999868E-01    0.000000E+00    0.000000E+00    0.000000E+00
7.605000E-01    1.211561E+01    2.290520E+00   -4.023207E+02    0.000000E+00    0.000000E+00    0.000000E+00   -2.731609E+00    5.474035E+00    4.177084E-01    0.000000E+00    0.000000E+00    0.000000E+00
7.615000E-01    1.849845E+01   -1.231412E+01   -4.085814E+02    0.000000E+00    0.000000E+00    0.000000E+00    4.319836E+00    8.898131E+00    5.403959E-01    0.000000E+00    0.000000E+00    0.000000E+00
7.625000E-01    6.895470E+00    1.699954E+01   -3.381031E+02    0.000000E+00    0.000000E+00    0.000000E+00   -1.165097E+01    2.175620E+00   -8.473395E-02    0.000000E+00    0.000000E+00    0.000000E+00
7.635000E-01   -2.028948E+00    7.371980E+00   -2.124469E+02    0.000000E+00    0.000000E+00    0.000000E+00   -5.630886E+00   -2.463926E+00    2.455740E-01    0.000000E+00    0.000000E+00    0.000000E+00
7.645000E-01   -1.867663E+00   -2.720151E+00   -2.357984E+02    0.000000E+00    0.000000E+00    0.000000E+00    6.248938E-01   -3.023238E+00    6.794126E-01    0.000000E+00    0.000000E+00    0.000000E+00
7.655000E-01    7.114171E+00    8.645988E-01   -3.147350E+02    0.000000E+00    0.000000E+00    0.000000E+00   -1.486072E+00    1.298353E+00    5.463600E-01    0.000000E+00    0.000000E+00    0.000000E+00
7.665000E-01    9.842945E+00    1.074434E+01   -3.253968E+02    0.000000E+00    0.000000E+00    0.000000E+00   -7.080224E+00    2.560385E+00    4.108233E-01    0.000000E+00    0.000000E+00    0.000000E+00
7.675000E-01   -1.108906E+01   -3.056025E+00   -3.337086E+02    0.000000E+00    0.000000E+00    0.000000E+00    2.065569E+00   -1.039861E+01    4.540959E-01    0.000000E+00    0.000000E+00    0.000000E+00
7.685000E-01    2.768951E+00   -8.746187E+00   -2.868277E+02    0.000000E+00    0.000000E+00    0.000000E+00    5.977599E+00   -9.755621E-01    3.462780E-01    0.000000E+00    0.000000E+00    0.000000E+00
7.695000E-01    2.988971E+00   -1.618223E+01   -3.052040E+02    0.000000E+00    0.000000E+00    0.000000E+00    1.033813E+01   -1.933151E-01    6.352819E-02    0.000000E+00    0.000000E+00    0.000000E+00
7.705000E-01    4.513345E+00    1.065286E+01   -3.449286E+02    0.000000E+00    0.000000E+00    0.000000E+00   -8.209406E+00    8.280256E-01   -4.065711E-01    0.000000E+00    0.000000E+00    0.000000E+00
7.715000E-01   -3.347740E-01    1.413457E+01   -3.074729E+02    0.000000E+00    0.000000E+00    0.000000E+00   -9.819518E+00   -1.789485E+00   -1.414697E-01    0.000000E+00    0.000000E+00    0.000000E+00
7.725000E-01   -1.970518E+01   -8.110652E+00   -3.156986E+02    0.000000E+00    0.000000E+00    0.000000E+00    3.198685E+00   -1.478523E+01    2.114839E-01    0.000000E+00    0.000000E+00    0.000000E+00
7.735000E-01   -1.989755E+01    5.052471E+00   -3.167879E+02    0.000000E+00    0.000000E+00    0.000000E+00   -4.400377E+00   -1.532566E+01   -4.846587E-02    0.000000E+00    0.000000E+00    0.000000E+00
7.745000E-01    6.468836E+00    1.863391E+01   -3.064692E+02    0.000000E+00    0.000000E+00    0.000000E+00   -1.456847E+01    6.948021E-01   -1.968852E-01    0.000000E+00    0.000000E+00    0.000000E+00
7.755000E-01    6.120574E+00    4.766303E+00   -3.132926E+02    0.000000E+00    0.000000E+00    0.000000E+00   -7.266582E+00    2.109810E+00   -8.526911E-02    0.000000E+00    0.000000E+00    0.000000E+00
7.765000E-01   -1.085160E+01    7.395922E+00   -2.426725E+02    0.000000E+00    0.000000E+00    0.000000E+00   -6.503571E+00   -9.762093E+00    2.717359E-02    0.000000E+00    0.000000E+00    0.000000E+00
7.775000E-01   -8.484117E+00    1.481017E+01   -2.890132E+02    0.000000E+00    0.000000E+00    0.000000E+00   -1.151908E+01   -7.595737E+00   -1.049817E-01    0.000000E+00    0.000000E+00    0.000000E+00
7.785000E-01   -6.820567E+00   -3.180046E+00   -2.736411E+02    0.000000E+00    0.000000E+00    0.000000E+00    8.167054E-01   -6.285383E+00    4.515263E-02    0.000000E+00    0.000000E+00    0.000000E+00
7.795000E-01    1.261246E+00    3.672539E+00   -3.380544E+02    0.000000E+00    0.000000E+00    0.000000E+00   -4.789041E+00   -1.484396E+00    6.938002E-03    0.000000E+00    0.000000E+00    0.000000E+00
7.805000E-01    6.213351E-01    1.295954E+01   -1.018270E+02    0.000000E+00    0.000000E+00    0.000000E+00   -9.357846E+00   -4.263369E-01   -6.715278E-02    0.000000E+00    0.000000E+00    0.000000E+00
7.815000E-01   -8.296804E-01   -3.589355E+00   -1.183251E+02    0.000000E+00    0.000000E+00    0.000000E+00    1.619936E+00   -1.139020E+00    4.538871E-02    0.000000E+00    0.000000E+00    0.000000E+00
7.825000E-01   -5.854349E+00    1.037952E+00   -1.637405E+02    0.000000E+00    0.000000E+00    0.000000E+00   -2.037482E+00   -4.775282E+00    4.067187E-02    0.000000E+00    0.000000E+00    0.000000E+00
7.835000E-01    7.085783E-02    3.877133E+00   -1.704900E+02    0.000000E+00    0.000000E+00    0.000000E+00   -3.867181E+00   -8.533286E-01    8.349509E-04    0.000000E+00    0.000000E+00    0.000000E+00
7.845000E-01   -4.805535E-02    3.831943E+00   -1.369373E+02    0.000000E+00    0.000000E+00    0.000000E+00   -3.710022E+00   -7.115594E-01   -7.119417E-03    0.000000E+00    0.000000E+00    0.000000E+00
7.855000E-01    5.785128E+00    1.398065E+00   -1.631408E+02    0.000000E+00    0.000000E+00    0.000000E+00   -2.431110E+00    2.714587E+00   -5.092561E-02    0.000000E+00    0.000000E+00    0.000000E+00
7.865000E-01    5.451645E-01    4.888015E+00   -1.077787E+02    0.000000E+00    0.000000E+00    0.000000E+00   -4.098603E+00   -2.341048E-01   -2.930512E-02    0.000000E+00    0.000000E+00    0.000000E+00
7.875000E-01   -2.093859E+00   -4.583851E+00   -1.332187E+02    0.000000E+00    0.000000E+00    0.000000E+00    2.575815E+00   -2.036142E+00    6.367671E-02    0.000000E+00    0.000000E+00    0.000000E+00
7.885000E-01   -4.293815E+00    3.448381E+00   -2.754829E+02    0.000000E+00    0.000000E+00    0.000000E+00   -4.363358E+00   -4.761455E+00    4.156451E-02    0.000000E+00    0.000000E+00    0.000000E+00
7.895000E-01   -4.331156E+00   -1.465514E+01   -2.308328E+02    0.000000E+00    0.000000E+00    0.000000E+00    8.392185E+00   -4.612654E+00    2.029090E-01    0.000000E+00    0.000000E+00    0.000000E+00
7.905000E-01   -1.884725E+00    5.334695E+00   -1.929426E+02    0.000000E+00    0.000000E+00    0.000000E+00   -4.591422E+00   -2.944047E+00    1.652780E-02    0.000000E+00    0.000000E+00    0.000000E+00
7.915000E-01    1.248663E+01   -2.602604E-01   -2.694927E+02    0.000000E+00    0.000000E+00    0.000000E+00   -1.374943E+00    5.851698E+00    1.411403E-02    0.000000E+00    0.000000E+00    0.000000E+00
7.925000E-01   -4.291282E+00   -2.076498E+01   -2.548814E+02    0.000000E+00    0.000000E+00    0.000000E+00    1.174898E+01   -5.101791E+00    2.824184E-01    0.000000E+00    0.000000E+00    0.000000E+00
7.935000E-01    6.482728E+00    9.239650E+00   -3.009242E+02    0.000000E+00    0.000000E+00    0.000000E+00   -8.275519E+00    1.988401E+00   -8.048437E-02    0.000000E+00    0.000000E+00    0.000000E+00
7.945000E-01    1.288070E+00   -8.097766E+00   -2.106394E+02    0.000000E+00    0.000000E+00    0.000000E+00    3.860153E+00   -6.442424E-01   -9.762025E-03    0.000000E+00    0.000000E+00    0.000000E+00
7.955000E-01    6.497704E-02   -1.429521E+01   -2.165812E+02    0.000000E+00    0.000000E+00    0.000000E+00    7.212973E+00   -1.577266E+00    2.219634E-03    0.000000E+00    0.000000E+00    0.000000E+00
7.965000E-01    5.340721E+00    4.021605E+00   -2.463633E+02    0.000000E+00    0.000000E+00    0.000000E+00   -5.251031E+00    1.808573E+00   -2.907863E-01    0.000000E+00    0.000000E+00    0.000000E+00
7.975000E-01    2.170625E+00    5.872427E+00   -2.680068E+02    0.000000E+00    0.000000E+00    0.000000E+00   -7.050195E+00   -8.138194E-01   -3.370821E-01    0.000000E+00    0.000000E+00    0.000000E+00
7.985000E-01   -3.629325E+00   -2.365891E+01   -2.602116E+02    0.000000E+00    0.000000E+00    0.000000E+00    1.174168E+01   -4.171121E+00   -8.452450E-02    0.000000E+00    0.000000E+00    0.000000E+00
7.995000E-01    1.493319E+01    9.470632E+00   -2.344705E+02    0.000000E+00    0.000000E+00    0.000000E+00   -8.927716E+00    7.275943E+00   -5.511762E-01    0.000000E+00    0.000000E+00    0.000000E+00
8.005000E-01   -1.076716E+01   -1.314045E+00   -2.395033E+02    0.000000E+00    0.000000E+00    0.000000E+00   -2.027277E+00   -9.116188E+00    4.253609E-02    0.000000E+00    0.000000E+00    0.000000E+00
8.015000E-01   -5.503375E+00   -8.663988E+00   -2.549033E+02    0.000000E+00    0.000000E+00    0.000000E+00    1.878792E+00   -6.132902E+00    5.215600E-02    0.000000E+00    0.000000E+00    0.000000E+00
8.025000E-01   -5.517235E-03    5.396317E+00   -3.195255E+02    0.000000E+00    0.000000E+00    0.000000E+00   -8.067950E+00   -3.412330E+00   -2.034227E-01    0.000000E+00    0.000000E+00    0.000000E+00
8.035000E-01   -9.394839E+00   -1.343215E+01   -2.240121E+02    0.000000E+00    0.000000E+00    0.000000E+00    5.845104E+00   -8.173728E+00    2.095464E-01    0.000000E+00    0.000000E+00    0.000000E+00
8.045000E-01    1.014785E+01   -3.004375E+01   -2.406515E+02    0.000000E+00    0.000000E+00    0.000000E+00    1.539882E+01    3.873082E+00   -9.018196E-03    0.000000E+00    0.000000E+00    0.000000E+00
8.055000E-01   -1.272149E+01    2.177855E+01   -1.707230E+02    0.000000E+00    0.000000E+00    0.000000E+00   -1.635547E+01   -9.548174E+00   -1.152943E-02    0.000000E+00    0.000000E+00    0.000000E+00
8.065000E-01    6.419541E-01   -1.556856E+01   -2.068727E+02    0.000000E+00    0.000000E+00    0.000000E+00    5.616369E+00   -1.316741E+00    1.808167E-01    0.000000E+00    0.000000E+00    0.000000E+00
8.075000E-01    7.381796E+00   -1.315748E+01   -2.547666E+02    0.000000E+00    0.000000E+00    0.000000E+00    3.289681E+00    2.399135E+00   -2.714963E-02    0.000000E+00    0.000000E+00    0.000000E+00
8.085000E-01    5.626677E+00    1.255992E+01   -1.912785E+02    0.000000E+00    0.000000E+00    0.000000E+00   -1.213816E+01    2.272099E+00   -1.245276E-01    0.000000E+00    0.000000E+00    0.000000E+00
8.095000E-01   -7.515467E+00   -2.477133E+01   -2.315666E+02    0.000000E+00    0.000000E+00    0.000000E+00    9.651345E+00   -5.761906E+00    4.722583E-01    0.000000E+00    0.000000E+00    0.000000E+00
8.105000E-01    1.791678E+00   -9.969291E+00   -2.729935E+02    0.000000E+00    0.000000E+00    0.000000E+00   -7.208075E-01   -6.828116E-01    1.507762E-01    0.000000E+00    0.000000E+00    0.000000E+00
8.115000E-01    9.645487E+00   -1.538132E+01   -2.351208E+02    0.000000E+00    0.000000E+00    0.000000E+00    3.771627E+00    4.035309E+00    1.551433E-03    0.000000E+00    0.000000E+00    0.000000E+00
8.125000E-01   -1.700018E+01   -3.737501E+01   -2.537138E+02    0.000000E+00    0.000000E+00    0.000000E+00    1.625297E+01   -1.239043E+01    9.020506E-01    0.000000E+00    0.000000E+00    0.000000E+00
8.135000E-01    1.322599E+01   -6.024213E+00   -2.160301E+02    0.000000E+00    0.000000E+00    0.000000E+00   -2.638600E+00    6.007796E+00   -1.742694E-01    0.000000E+00    0.000000E+00    0.000000E+00
8.145000E-01   -6.582935E+00   -1.409755E+01   -2.601158E+02    0.000000E+00    0.000000E+00    0.000000E+00    1.619146E+00   -6.527720E+00    5.078215E-01    0.000000E+00    0.000000E+00    0.000000E+00
8.155000E-01    3.327017E+00   -2.732567E+00   -2.116843E+02    0.000000E+00    0.000000E+00    0.000000E+00   -5.409621E+00   -5.041147E-02    1.016427E-01    0.000000E+00    0.000000E+00    0.000000E+00
8.165000E-01    5.770743E+00   -4.959577E+00   -2.093056E+02    0.000000E+00    0.000000E+00    0.000000E+00   -3.354619E+00    1.590377E+00   -8.200939E-02    0.000000E+00    0.000000E+00    0.000000E+00
8.175000E-01   -1.481952E+01   -2.517915E+01   -2.462813E+02    0.000000E+00    0.000000E+00    0.000000E+00    7.045133E+00   -1.108270E+01    7.738147E-01    0.000000E+00    0.000000E+00    0.000000E+00
8.185000E-01   -7.516105E+00   -4.165738E+01   -2.556047E+02    0.000000E+00    0.000000E+00    0.000000E+00    1.564121E+01   -6.615451E+00    5.139081E-01    0.000000E+00    0.000000E+00    0.000000E+00
8.195000E-01    1.247183E+00   -1.428968E+01   -2.495181E+02    0.000000E+00    0.000000E+00    0.000000E+00   -1.042998E+00   -1.523406E+00   -2.686633E-01    0.000000E+00    0.000000E+00    0.000000E+00
8.205000E-01   -1.176937E+01   -1.782386E+01   -2.490682E+02    0.000000E+00    0.000000E+00    0.000000E+00   -7.464745E-01   -9.282514E+00    3.653251E-01    0.000000E+00    0.000000E+00    0.000000E+00
8.215000E-01    4.521116E+00   -2.104235E+01   -2.339012E+02    0.000000E+00    0.000000E+00    0.000000E+00    1.499262E+00    7.268141E-01   -3.513561E-01    0.000000E+00    0.000000E+00    0.000000E+00
8.225000E-01   -3.259791E+00   -3.516148E+00   -2.634956E+02    0.000000E+00    0.000000E+00    0.000000E+00   -1.138895E+01   -4.112279E+00   -1.092380E-01    0.000000E+00    0.000000E+00    0.000000E+00
8.235000E-01    1.723606E+00   -1.327272E+01   -2.452674E+02    0.000000E+00    0.000000E+00    0.000000E+00   -5.973184E+00   -1.153145E+00   -1.980995E-01    0.000000E+00    0.000000E+00    0.000000E+00
8.245000E-01   -1.863198E+01   -1.305850E+01   -2.383056E+02    0.000000E+00    0.000000E+00    0.000000E+00   -6.243299E+00   -1.345122E+01    1.149339E+00    0.000000E+00    0.000000E+00    0.000000E+00
8.255000E-01   -7.974110E+00   -2.579838E+01   -2.185575E+02    0.000000E+00    0.000000E+00    0.000000E+00    3.229528E+00   -7.191940E+00    7.285825E-01    0.000000E+00    0.000000E+00    0.000000E+00
8.265000E-01   -6.057905E+00   -1.044831E+01   -2.416346E+02    0.000000E+00    0.000000E+00    0.000000E+00   -9.481947E+00   -6.360439E+00    4.945770E-01    0.000000E+00    0.000000E+00    0.000000E+00
8.275000E-01   -6.983548E+00   -3.729147E+01   -2.479828E+02    0.000000E+00    0.000000E+00    0.000000E+00    6.404420E+00   -7.129015E+00    8.254950E-01    0.000000E+00    0.000000E+00    0.000000E+00
8.285000E-01    1.139360E+01   -1.382105E+01   -2.606176E+02    0.000000E+00    0.000000E+00    0.000000E+00   -9.966325E+00    4.069401E+00   -7.944994E-01    0.000000E+00    0.000000E+00    0.000000E+00
8.295000E-01   -1.405353E+01   -2.261524E+01   -2.561835E+02    0.000000E+00    0.000000E+00    0.000000E+00   -5.536370E+00   -1.102485E+01    1.391142E+00    0.000000E+00    0.000000E+00    0.000000E+00
8.305000E-01    8.752460E+00   -1.663225E+01   -2.570690E+02    0.000000E+00    0.000000E+00    0.000000E+00   -1.057774E+01    2.899394E+00   -5.263497E-01    0.000000E+00    0.000000E+00    0.000000E+00
8.315000E-01   -1.512408E+00    1.915106E+01   -2.077102E+02    0.000000E+00    0.000000E+00    0.000000E+00   -3.084489E+01   -2.656072E+00    1.343993E-02    0.000000E+00    0.000000E+00    0.000000E+00
8.325000E-01   -1.156915E+01   -4.248841E+01   -2.906241E+02    0.000000E+00    0.000000E+00    0.000000E+00   -5.691549E-01   -9.396801E+00    1.648432E+00    0.000000E+00    0.000000E+00    0.000000E+00
8.335000E-01    9.628668E+00   -1.662351E+01   -2.387726E+02    0.000000E+00    0.000000E+00    0.000000E+00   -1.379161E+01    3.980707E+00   -6.065049E-01    0.000000E+00    0.000000E+00    0.000000E+00
8.345000E-01   -7.167088E+00    1.398637E+01   -2.599149E+02    0.000000E+00    0.000000E+00    0.000000E+00   -3.561417E+01   -7.012360E+00    7.746471E-01    0.000000E+00    0.000000E+00    0.000000E+00
8.355000E-01    1.009682E+01   -2.948298E+01   -2.608665E+02    0.000000E+00    0.000000E+00    0.000000E+00   -1.006043E+01    3.619619E+00   -7.221517E-01    0.000000E+00    0.000000E+00    0.000000E+00
8.365000E-01    7.311582E-01   -1.038047E+01   -2.717885E+02    0.000000E+00    0.000000E+00    0.000000E+00   -2.430284E+01   -2.648430E+00    6.619172E-02    0.000000E+00    0.000000E+00    0.000000E+00
8.375000E-01   -5.399187E+00   -1.346586E+01   -2.579547E+02    0.000000E+00    0.000000E+00    0.000000E+00   -2.251138E+01   -6.407732E+00    8.631012E-01    0.000000E+00    0.000000E+00    0.000000E+00
8.385000E-01    1.924497E+00   -4.914173E+00   -2.885543E+02    0.000000E+00    0.000000E+00    0.000000E+00   -3.327935E+01   -2.279381E+00   -7.017066E-02    0.000000E+00    0.000000E+00    0.000000E+00
8.395000E-01   -5.606255E+00    5.075584E+01   -2.310024E+02    0.000000E+00    0.000000E+00    0.000000E+00   -6.463215E+01   -6.734488E+00    2.614175E-01    0.000000E+00    0.000000E+00    0.000000E+00
8.405000E-01    1.169169E+00    3.508177E+01   -3.124946E+02    0.000000E+00    0.000000E+00    0.000000E+00   -6.650911E+01   -3.423192E+00   -4.895854E-01    0.000000E+00    0.000000E+00    0.000000E+00
8.415000E-01   -5.807368E+00    3.332988E+01   -2.439191E+02    0.000000E+00    0.000000E+00    0.000000E+00   -5.771670E+01   -6.931717E+00    4.175496E-01    0.000000E+00    0.000000E+00    0.000000E+00
8.425000E-01    9.154991E-01    1.359111E+01   -2.850916E+02    0.000000E+00    0.000000E+00    0.000000E+00   -5.176630E+01   -3.285199E+00   -5.304256E-01    0.000000E+00    0.000000E+00    0.000000E+00
8.435000E-01    5.660243E+00    4.009066E+01   -2.502878E+02    0.000000E+00    0.000000E+00    0.000000E+00   -6.688756E+01   -1.431318E-01   -1.720912E+00    0.000000E+00    0.000000E+00    0.000000E+00
8.445000E-01   -1.148450E+01    2.967592E+01   -2.669922E+02    0.000000E+00    0.000000E+00    0.000000E+00   -6.282853E+01   -1.101139E+01    1.239616E+00    0.000000E+00    0.000000E+00    0.000000E+00
8.455000E-01   -8.942443E-01    5.861229E+01   -2.751631E+02    0.000000E+00    0.000000E+00    0.000000E+00   -8.594470E+01   -4.779082E+00   -8.710036E-01    0.000000E+00    0.000000E+00    0.000000E+00
8.465000E-01   -3.575586E+00   -9.462254E+00   -2.774398E+02    0.000000E+00    0.000000E+00    0.000000E+00   -4.174376E+01   -6.527837E+00    6.383398E-01    0.000000E+00    0.000000E+00    0.000000E+00
8.475000E-01   -4.274358E+00    2.601782E+01   -2.555719E+02    0.000000E+00    0.000000E+00    0.000000E+00   -6.476973E+01   -6.834613E+00    3.545789E-01    0.000000E+00    0.000000E+00    0.000000E+00
8.485000E-01   -4.917074E+00    6.127382E+00   -3.003622E+02    0.000000E+00    0.000000E+00    0.000000E+00   -6.112929E+01   -8.083063E+00    8.787141E-01    0.000000E+00    0.000000E+00    0.000000E+00
8.495000E-01   -3.831898E+00    4.635535E+01   -2.606903E+02    0.000000E+00    0.000000E+00    0.000000E+00   -8.289609E+01   -7.089062E+00    6.206554E-02    0.000000E+00    0.000000E+00    0.000000E+00
8.505000E-01    4.037791E+00    4.658888E+01   -2.495230E+02    0.000000E+00    0.000000E+00    0.000000E+00   -8.426978E+01   -2.186116E+00   -1.559473E+00    0.000000E+00    0.000000E+00    0.000000E+00
8.515000E-01   -8.893850E+00    3.368440E+01   -2.590162E+02    0.000000E+00    0.000000E+00    0.000000E+00   -7.702087E+01   -9.983338E+00    1.484263E+00    0.000000E+00    0.000000E+00    0.000000E+00
8.525000E-01    2.725303E+00    6.516365E+01   -2.453358E+02    0.000000E+00    0.000000E+00    0.000000E+00   -9.884728E+01   -2.500497E+00   -1.647079E+00    0.000000E+00    0.000000E+00    0.000000E+00
8.535000E-01   -6.039349E+00    1.804714E+01   -2.701530E+02    0.000000E+00    0.000000E+00    0.000000E+00   -7.426044E+01   -8.407447E+00    1.169301E+00    0.000000E+00    0.000000E+00    0.000000E+00
8.545000E-01   -3.550912E+00    6.527646E+01   -2.652783E+02    0.000000E+00    0.000000E+00    0.000000E+00   -1.067671E+02   -6.650953E+00   -1.725228E-01    0.000000E+00    0.000000E+00    0.000000E+00
8.555000E-01   -3.603490E+00    4.886469E+00   -3.131552E+02    0.000000E+00    0.000000E+00    0.000000E+00   -8.043973E+01   -7.594067E+00    9.374439E-01    0.000000E+00    0.000000E+00    0.000000E+00
8.565000E-01    3.137452E+00   -8.919336E+00   -2.935668E+02    0.000000E+00    0.000000E+00    0.000000E+00   -6.961655E+01   -3.126683E+00   -5.019243E-01    0.000000E+00    0.000000E+00    0.000000E+00
8.575000E-01   -7.808117E-01    4.062087E+01   -3.045375E+02    0.000000E+00    0.000000E+00    0.000000E+00   -1.067255E+02   -5.881456E+00   -3.309111E-01    0.000000E+00    0.000000E+00    0.000000E+00
8.585000E-01   -5.707505E+00    3.472006E+01   -2.925579E+02    0.000000E+00    0.000000E+00    0.000000E+00   -1.025380E+02   -8.982460E+00    1.032445E+00    0.000000E+00    0.000000E+00    0.000000E+00
8.595000E-01    4.225943E+00    2.244021E+01   -2.977599E+02    0.000000E+00    0.000000E+00    0.000000E+00   -9.948480E+01   -2.957618E+00   -1.599356E+00    0.000000E+00    0.000000E+00    0.000000E+00
8.605000E-01   -2.370931E+00    4.009367E+01   -3.014086E+02    0.000000E+00    0.000000E+00    0.000000E+00   -1.142417E+02   -7.333536E+00   -7.339362E-02    0.000000E+00    0.000000E+00    0.000000E+00
8.615000E-01   -1.222910E+01    3.447704E+01   -3.119181E+02    0.000000E+00    0.000000E+00    0.000000E+00   -1.172444E+02   -1.389073E+01    2.983976E+00    0.000000E+00    0.000000E+00    0.000000E+00
8.625000E-01    8.443711E-02    5.719009E+01   -2.698530E+02    0.000000E+00    0.000000E+00    0.000000E+00   -1.220812E+02   -5.463340E+00   -1.143256E+00    0.000000E+00    0.000000E+00    0.000000E+00
8.635000E-01   -5.408924E+00    3.515680E+01   -3.052669E+02    0.000000E+00    0.000000E+00    0.000000E+00   -1.205265E+02   -9.773433E+00    1.017053E+00    0.000000E+00    0.000000E+00    0.000000E+00
8.645000E-01    2.519608E+00    6.070873E+01   -2.466483E+02    0.000000E+00    0.000000E+00    0.000000E+00   -1.234043E+02   -3.752222E+00   -2.164336E+00    0.000000E+00    0.000000E+00    0.000000E+00
8.655000E-01   -4.028650E+00    5.182829E+01   -2.731397E+02    0.000000E+00    0.000000E+00    0.000000E+00   -1.263390E+02   -8.510548E+00    8.100965E-02    0.000000E+00    0.000000E+00    0.000000E+00
8.665000E-01   -7.294101E+00    7.558011E+01   -2.570289E+02    0.000000E+00    0.000000E+00    0.000000E+00   -1.401573E+02   -1.035662E+01    5.286008E-01    0.000000E+00    0.000000E+00    0.000000E+00
8.675000E-01   -6.272220E+00    7.223516E+01   -2.431460E+02    0.000000E+00    0.000000E+00    0.000000E+00   -1.365487E+02   -9.574418E+00    3.958445E-01    0.000000E+00    0.000000E+00    0.000000E+00
8.685000E-01   -8.857152E+00    5.991601E+01   -2.854960E+02    0.000000E+00    0.000000E+00    0.000000E+00   -1.442262E+02   -1.242214E+01    1.628188E+00    0.000000E+00    0.000000E+00    0.000000E+00
8.695000E-01   -1.894506E+01    8.968755E+01   -2.751847E+02    0.000000E+00    0.000000E+00    0.000000E+00   -1.640293E+02   -1.890374E+01    5.007868E+00    0.000000E+00    0.000000E+00    0.000000E+00
8.705000E-01   -5.968993E-01    2.933820E+01   -3.251033E+02    0.000000E+00    0.000000E+00    0.000000E+00   -1.448212E+02   -8.802382E+00   -5.012253E-01    0.000000E+00    0.000000E+00    0.000000E+00
8.715000E-01   -7.382177E+00    9.277664E+01   -3.159862E+02    0.000000E+00    0.000000E+00    0.000000E+00   -1.875489E+02   -1.327822E+01    6.421127E-01    0.000000E+00    0.000000E+00    0.000000E+00
8.725000E-01   -8.293110E+00    1.181228E+02   -3.038323E+02    0.000000E+00    0.000000E+00    0.000000E+00   -2.009825E+02   -1.339477E+01    4.305651E-01    0.000000E+00    0.000000E+00    0.000000E+00
8.735000E-01   -4.162930E+00    6.579146E+01   -2.961351E+02    0.000000E+00    0.000000E+00    0.000000E+00   -1.672306E+02   -1.058482E+01    1.265047E-01    0.000000E+00    0.000000E+00    0.000000E+00
8.745000E-01   -6.533665E+00    7.486256E+01   -3.200913E+02    0.000000E+00    0.000000E+00    0.000000E+00   -1.854530E+02   -1.282110E+01    9.725946E-01    0.000000E+00    0.000000E+00    0.000000E+00
8.755000E-01   -7.504526E+00    3.905451E+01   -3.151954E+02    0.000000E+00    0.000000E+00    0.000000E+00   -1.639207E+02   -1.347671E+01    2.333525E+00    0.000000E+00    0.000000E+00    0.000000E+00
8.765000E-01   -5.422210E+00    8.410370E+01   -3.206582E+02    0.000000E+00    0.000000E+00    0.000000E+00   -1.989665E+02   -1.267560E+01    1.562202E-01    0.000000E+00    0.000000E+00    0.000000E+00
8.775000E-01   -4.652124E+00    8.751306E+01   -3.314565E+02    0.000000E+00    0.000000E+00    0.000000E+00   -2.100769E+02   -1.280556E+01   -2.786881E-01    0.000000E+00    0.000000E+00    0.000000E+00
8.785000E-01   -1.568991E-02    6.559515E+01   -3.136743E+02    0.000000E+00    0.000000E+00    0.000000E+00   -1.899376E+02   -9.512447E+00   -1.933575E+00    0.000000E+00    0.000000E+00    0.000000E+00
8.795000E-01   -2.444345E+00    9.772641E+01   -3.226557E+02    0.000000E+00    0.000000E+00    0.000000E+00   -2.186704E+02   -1.140421E+01   -1.684227E+00    0.000000E+00    0.000000E+00    0.000000E+00
8.805000E-01   -5.065242E+00    6.894096E+01   -3.211996E+02    0.000000E+00    0.000000E+00    0.000000E+00   -2.026937E+02   -1.331321E+01    4.165999E-01    0.000000E+00    0.000000E+00    0.000000E+00
8.815000E-01   -2.440521E+00    7.942661E+01   -2.947479E+02    0.000000E+00    0.000000E+00    0.000000E+00   -1.996708E+02   -1.083936E+01   -1.274446E+00    0.000000E+00    0.000000E+00    0.000000E+00
8.825000E-01   -8.008225E+00    9.137042E+01   -3.053976E+02    0.000000E+00    0.000000E+00    0.000000E+00   -2.162928E+02   -1.515185E+01    1.127061E+00    0.000000E+00    0.000000E+00    0.000000E+00
8.835000E-01    2.173227E+00    9.062281E+01   -2.955123E+02    0.000000E+00    0.000000E+00    0.000000E+00   -2.138497E+02   -8.415646E+00   -4.180883E+00    0.000000E+00    0.000000E+00    0.000000E+00
8.845000E-01   -1.129482E+01    1.032230E+02   -2.779820E+02    0.000000E+00    0.000000E+00    0.000000E+00   -2.157045E+02   -1.668689E+01    2.380974E+00    0.000000E+00    0.000000E+00    0.000000E+00
8.855000E-01   -5.039082E+00    9.278364E+01   -2.986074E+02    0.000000E+00    0.000000E+00    0.000000E+00   -2.234827E+02   -1.367780E+01   -5.651900E-01    0.000000E+00    0.000000E+00    0.000000E+00
8.865000E-01   -2.792033E+00    1.031079E+02   -2.620482E+02    0.000000E+00    0.000000E+00    0.000000E+00   -2.132142E+02   -1.119015E+01   -2.183015E+00    0.000000E+00    0.000000E+00    0.000000E+00
8.875000E-01   -1.254308E+01    1.237215E+02   -2.754256E+02    0.000000E+00    0.000000E+00    0.000000E+00   -2.373733E+02   -1.824176E+01    2.519713E+00    0.000000E+00    0.000000E+00    0.000000E+00
8.885000E-01   -4.754898E+00    9.604602E+01   -3.075125E+02    0.000000E+00    0.000000E+00    0.000000E+00   -2.397316E+02   -1.444018E+01   -7.980126E-01    0.000000E+00    0.000000E+00    0.000000E+00
8.895000E-01   -9.602281E+00    1.368595E+02   -2.575225E+02    0.000000E+00    0.000000E+00    0.000000E+00   -2.416334E+02   -1.614896E+01    4.036923E-01    0.000000E+00    0.000000E+00    0.000000E+00
8.905000E-01   -3.649396E+00    1.012521E+02   -3.299309E+02    0.000000E+00    0.000000E+00    0.000000E+00   -2.617687E+02   -1.499281E+01   -1.519129E+00    0.000000E+00    0.000000E+00    0.000000E+00
8.915000E-01   -7.322172E+00    1.329231E+02   -3.116047E+02    0.000000E+00    0.000000E+00    0.000000E+00   -2.763093E+02   -1.691051E+01   -6.930562E-01    0.000000E+00    0.000000E+00    0.000000E+00
8.925000E-01   -6.609295E+00    1.176026E+02   -2.953597E+02    0.000000E+00    0.000000E+00    0.000000E+00   -2.587258E+02   -1.595488E+01   -4.495657E-01    0.000000E+00    0.000000E+00    0.000000E+00
8.935000E-01   -7.014858E+00    1.063558E+02   -3.291107E+02    0.000000E+00    0.000000E+00    0.000000E+00   -2.749489E+02   -1.766079E+01    2.028025E-01    0.000000E+00    0.000000E+00    0.000000E+00
8.945000E-01   -3.710193E+00    9.490352E+01   -3.191026E+02    0.000000E+00    0.000000E+00    0.000000E+00   -2.649732E+02   -1.531288E+01   -1.322736E+00    0.000000E+00    0.000000E+00    0.000000E+00
8.955000E-01   -9.489843E+00    1.084938E+02   -3.208791E+02    0.000000E+00    0.000000E+00    0.000000E+00   -2.787547E+02   -1.957470E+01    1.736384E+00    0.000000E+00    0.000000E+00    0.000000E+00
8.965000E-01   -9.847524E+00    1.204573E+02   -2.962106E+02    0.000000E+00    0.000000E+00    0.000000E+00   -2.749674E+02   -1.901057E+01    1.610997E+00    0.000000E+00    0.000000E+00    0.000000E+00
8.975000E-01   -4.592339E+00    1.424884E+02   -2.866887E+02    0.000000E+00    0.000000E+00    0.000000E+00   -2.871733E+02   -1.524506E+01   -2.800688E+00    0.000000E+00    0.000000E+00    0.000000E+00
8.985000E-01   -3.975023E+00    1.285845E+02   -2.954811E+02    0.000000E+00    0.000000E+00    0.000000E+00   -2.856937E+02   -1.529534E+01   -2.601324E+00    0.000000E+00    0.000000E+00    0.000000E+00
8.995000E-01   -7.646679E+00    1.447453E+02   -2.845813E+02    0.000000E+00    0.000000E+00    0.000000E+00   -2.936453E+02   -1.757966E+01   -9.224388E-01    0.000000E+00    0.000000E+00    0.000000E+00
9.005000E-01   -7.055878E-01    1.003267E+02   -3.005545E+02    0.000000E+00    0.000000E+00    0.000000E+00   -2.756305E+02   -1.363764E+01   -3.897787E+00    0.000000E+00    0.000000E+00    0.000000E+00
9.015000E-01   -9.503490E+00    1.364111E+02   -3.084402E+02    0.000000E+00    0.000000E+00    0.000000E+00   -3.105376E+02   -2.033013E+01    5.014409E-01    0.000000E+00    0.000000E+00    0.000000E+00
9.025000E-01   -7.700665E+00    1.035394E+02   -2.523529E+02    0.000000E+00    0.000000E+00    0.000000E+00   -2.509982E+02   -1.706995E+01    7.424916E-01    0.000000E+00    0.000000E+00    0.000000E+00
9.035000E-01   -1.105949E+01    1.275276E+02   -2.976482E+02    0.000000E+00    0.000000E+00    0.000000E+00   -3.024970E+02   -2.154132E+01    2.057013E+00    0.000000E+00    0.000000E+00    0.000000E+00
9.045000E-01   -4.965033E+00    9.547572E+01   -2.864163E+02    0.000000E+00    0.000000E+00    0.000000E+00   -2.749839E+02   -1.690317E+01   -9.621230E-01    0.000000E+00    0.000000E+00    0.000000E+00
9.055000E-01   -7.889116E+00    1.565133E+02   -2.702128E+02    0.000000E+00    0.000000E+00    0.000000E+00   -3.103217E+02   -1.857625E+01   -1.685284E+00    0.000000E+00    0.000000E+00    0.000000E+00
9.065000E-01   -6.000474E+00    1.355933E+02   -2.953154E+02    0.000000E+00    0.000000E+00    0.000000E+00   -3.152198E+02   -1.843171E+01   -2.094268E+00    0.000000E+00    0.000000E+00    0.000000E+00
9.075000E-01   -1.649735E+01    1.431868E+02   -2.686169E+02    0.000000E+00    0.000000E+00    0.000000E+00   -3.050371E+02   -2.517325E+01    5.225947E+00    0.000000E+00    0.000000E+00    0.000000E+00
9.085000E-01   -5.323325E+00    1.265541E+02   -3.092118E+02    0.000000E+00    0.000000E+00    0.000000E+00   -3.245944E+02   -1.908209E+01   -2.029164E+00    0.000000E+00    0.000000E+00    0.000000E+00
9.095000E-01   -7.648264E+00    1.013546E+02   -2.855236E+02    0.000000E+00    0.000000E+00    0.000000E+00   -2.923691E+02   -2.011773E+01    8.312829E-01    0.000000E+00    0.000000E+00    0.000000E+00
9.105000E-01   -8.239493E+00    1.494142E+02   -3.032826E+02    0.000000E+00    0.000000E+00    0.000000E+00   -3.441347E+02   -2.170715E+01   -1.033285E+00    0.000000E+00    0.000000E+00    0.000000E+00
9.115000E-01   -1.170970E+01    1.337250E+02   -2.855677E+02    0.000000E+00    0.000000E+00    0.000000E+00   -3.213718E+02   -2.364841E+01    2.235830E+00    0.000000E+00    0.000000E+00    0.000000E+00
9.125000E-01   -7.547775E+00    1.494895E+02   -2.839273E+02    0.000000E+00    0.000000E+00    0.000000E+00   -3.363706E+02   -2.086368E+01   -1.924263E+00    0.000000E+00    0.000000E+00    0.000000E+00
9.135000E-01   -1.282495E+01    1.352524E+02   -2.926733E+02    0.000000E+00    0.000000E+00    0.000000E+00   -3.341176E+02   -2.539447E+01    2.831854E+00    0.000000E+00    0.000000E+00    0.000000E+00
9.145000E-01   -1.668960E+01    1.860768E+02   -2.773321E+02    0.000000E+00    0.000000E+00    0.000000E+00   -3.643605E+02   -2.788473E+01    3.304223E+00    0.000000E+00    0.000000E+00    0.000000E+00
9.155000E-01   -7.556366E+00    1.148896E+02   -2.508320E+02    0.000000E+00    0.000000E+00    0.000000E+00   -2.906831E+02   -1.959409E+01   -1.735051E-01    0.000000E+00    0.000000E+00    0.000000E+00
9.165000E-01   -2.122343E+01    2.026857E+02   -2.382078E+02    0.000000E+00    0.000000E+00    0.000000E+00   -3.511628E+02   -2.967681E+01    5.978272E+00    0.000000E+00    0.000000E+00    0.000000E+00
9.175000E-01   -7.001612E+00    1.622004E+02   -2.928533E+02    0.000000E+00    0.000000E+00    0.000000E+00   -3.651489E+02   -2.164524E+01   -3.338364E+00    0.000000E+00    0.000000E+00    0.000000E+00
9.185000E-01   -9.710019E+00    1.185234E+02   -2.147258E+02    0.000000E+00    0.000000E+00    0.000000E+00   -2.710365E+02   -1.994263E+01    1.357925E+00    0.000000E+00    0.000000E+00    0.000000E+00
9.195000E-01   -1.364279E+01    1.676589E+02   -2.773855E+02    0.000000E+00    0.000000E+00    0.000000E+00   -3.625299E+02   -2.632555E+01    1.833707E+00    0.000000E+00    0.000000E+00    0.000000E+00
9.205000E-01   -5.372514E+00    1.135222E+02   -2.107267E+02    0.000000E+00    0.000000E+00    0.000000E+00   -2.669622E+02   -1.647055E+01   -2.074588E+00    0.000000E+00    0.000000E+00    0.000000E+00
9.215000E-01   -1.095402E+01    1.199734E+02   -2.768217E+02    0.000000E+00    0.000000E+00    0.000000E+00   -3.288638E+02   -2.456475E+01    2.354498E+00    0.000000E+00    0.000000E+00    0.000000E+00
9.225000E-01   -1.065300E+01    1.274062E+02   -2.362719E+02    0.000000E+00    0.000000E+00    0.000000E+00   -3.033588E+02   -2.268629E+01    1.517212E+00    0.000000E+00    0.000000E+00    0.000000E+00
9.235000E-01   -6.645494E+00    1.398104E+02   -2.420755E+02    0.000000E+00    0.000000E+00    0.000000E+00   -3.196707E+02   -1.972444E+01   -2.610989E+00    0.000000E+00    0.000000E+00    0.000000E+00
9.245000E-01   -4.997969E+00    1.240305E+02   -2.701119E+02    0.000000E+00    0.000000E+00    0.000000E+00   -3.329860E+02   -2.024804E+01   -3.117919E+00    0.000000E+00    0.000000E+00    0.000000E+00
9.255000E-01   -6.458508E+00    1.230948E+02   -2.216968E+02    0.000000E+00    0.000000E+00    0.000000E+00   -2.938749E+02   -1.886951E+01   -1.883693E+00    0.000000E+00    0.000000E+00    0.000000E+00
9.265000E-01   -1.434435E+01    1.583230E+02   -2.354459E+02    0.000000E+00    0.000000E+00    0.000000E+00   -3.360602E+02   -2.614085E+01    2.810004E+00    0.000000E+00    0.000000E+00    0.000000E+00
9.275000E-01   -1.320548E+01    1.396112E+02   -2.462160E+02    0.000000E+00    0.000000E+00    0.000000E+00   -3.323154E+02   -2.604636E+01    3.053986E+00    0.000000E+00    0.000000E+00    0.000000E+00
9.285000E-01   -1.188182E+01    1.773857E+02   -2.247917E+02    0.000000E+00    0.000000E+00    0.000000E+00   -3.468253E+02   -2.396184E+01   -5.003085E-01    0.000000E+00    0.000000E+00    0.000000E+00
9.295000E-01   -1.407394E+01    1.402484E+02   -2.425787E+02    0.000000E+00    0.000000E+00    0.000000E+00   -3.333233E+02   -2.701103E+01    3.787237E+00    0.000000E+00    0.000000E+00    0.000000E+00
9.305000E-01   -1.384146E+01    1.637264E+02   -2.144782E+02    0.000000E+00    0.000000E+00    0.000000E+00   -3.301011E+02   -2.539634E+01    1.976345E+00    0.000000E+00    0.000000E+00    0.000000E+00
9.315000E-01   -1.026876E+01    1.541334E+02   -2.251227E+02    0.000000E+00    0.000000E+00    0.000000E+00   -3.333717E+02   -2.334646E+01   -6.365158E-01    0.000000E+00    0.000000E+00    0.000000E+00
9.325000E-01   -1.265494E+01    1.699767E+02   -2.221444E+02    0.000000E+00    0.000000E+00    0.000000E+00   -3.458775E+02   -2.530051E+01    4.545984E-01    0.000000E+00    0.000000E+00    0.000000E+00
9.335000E-01   -1.160195E+01    1.317390E+02   -2.364037E+02    0.000000E+00    0.000000E+00    0.000000E+00   -3.273537E+02   -2.518873E+01    2.121945E+00    0.000000E+00    0.000000E+00    0.000000E+00
9.345000E-01   -1.262923E+01    1.326546E+02   -2.094431E+02    0.000000E+00    0.000000E+00    0.000000E+00   -3.067290E+02   -2.464811E+01    2.944029E+00    0.000000E+00    0.000000E+00    0.000000E+00
9.355000E-01   -1.456664E+01    1.135238E+02   -2.234272E+02    0.000000E+00    0.000000E+00    0.000000E+00   -3.038035E+02   -2.721828E+01    6.040952E+00    0.000000E+00    0.000000E+00    0.000000E+00
9.365000E-01   -7.718123E+00    1.096332E+02   -2.376790E+02    0.000000E+00    0.000000E+00    0.000000E+00   -3.151541E+02   -2.240362E+01   -5.422995E-02    0.000000E+00    0.000000E+00    0.000000E+00
9.375000E-01   -1.254496E+01    1.751191E+02   -2.001258E+02    0.000000E+00    0.000000E+00    0.000000E+00   -3.386706E+02   -2.427529E+01   -2.281781E-02    0.000000E+00    0.000000E+00    0.000000E+00
9.385000E-01   -1.094133E+01    1.252296E+02   -2.120879E+02    0.000000E+00    0.000000E+00    0.000000E+00   -3.078715E+02   -2.372929E+01    1.829773E+00    0.000000E+00    0.000000E+00    0.000000E+00
9.395000E-01   -6.734865E+00    1.197518E+02   -2.169016E+02    0.000000E+00    0.000000E+00    0.000000E+00   -3.089887E+02   -2.044834E+01   -1.722171E+00    0.000000E+00    0.000000E+00    0.000000E+00
9.405000E-01   -1.192400E+01    1.187095E+02   -1.978856E+02    0.000000E+00    0.000000E+00    0.000000E+00   -2.927337E+02   -2.374360E+01    3.281771E+00    0.000000E+00    0.000000E+00    0.000000E+00
9.415000E-01   -7.220142E-01    1.224326E+02   -1.911132E+02    0.000000E+00    0.000000E+00    0.000000E+00   -2.897975E+02   -1.359695E+01   -7.585898E+00    0.000000E+00    0.000000E+00    0.000000E+00
9.425000E-01   -1.588024E+01    1.262799E+02   -1.895207E+02    0.000000E+00    0.000000E+00    0.000000E+00   -2.935054E+02   -2.686851E+01    6.703522E+00    0.000000E+00    0.000000E+00    0.000000E+00
9.435000E-01   -7.611525E+00    1.243735E+02   -2.161289E+02    0.000000E+00    0.000000E+00    0.000000E+00   -3.184493E+02   -2.173503E+01   -1.283104E+00    0.000000E+00    0.000000E+00    0.000000E+00
9.445000E-01   -1.183150E+01    1.662612E+02   -1.987620E+02    0.000000E+00    0.000000E+00    0.000000E+00   -3.403894E+02   -2.440554E+01   -1.622289E-01    0.000000E+00    0.000000E+00    0.000000E+00
9.455000E-01   -1.482031E+01    1.701064E+02   -1.995271E+02    0.000000E+00    0.000000E+00    0.000000E+00   -3.461429E+02   -2.726198E+01    2.480053E+00    0.000000E+00    0.000000E+00    0.000000E+00
9.465000E-01   -8.033962E+00    1.115021E+02   -2.086979E+02    0.000000E+00    0.000000E+00    0.000000E+00   -3.032930E+02   -2.191191E+01    8.251728E-04    0.000000E+00    0.000000E+00    0.000000E+00
9.475000E-01   -1.266492E+01    1.174791E+02   -1.781365E+02    0.000000E+00    0.000000E+00    0.000000E+00   -2.817405E+02   -2.412688E+01    4.168707E+00    0.000000E+00    0.000000E+00    0.000000E+00
9.485000E-01   -9.746232E+00    1.279256E+02   -2.006544E+02    0.000000E+00    0.000000E+00    0.000000E+00   -3.132831E+02   -2.310995E+01    5.801221E-01    0.000000E+00    0.000000E+00    0.000000E+00
9.495000E-01   -9.864311E+00    1.405550E+02   -2.129506E+02    0.000000E+00    0.000000E+00    0.000000E+00   -3.380617E+02   -2.417652E+01   -2.096154E-01    0.000000E+00    0.000000E+00    0.000000E+00
9.505000E-01   -1.116256E+01    1.426346E+02   -2.273504E+02    0.000000E+00    0.000000E+00    0.000000E+00   -3.553730E+02   -2.657584E+01    9.397827E-01    0.000000E+00    0.000000E+00    0.000000E+00
9.515000E-01   -1.379333E+01    1.282526E+02   -2.064085E+02    0.000000E+00    0.000000E+00    0.000000E+00   -3.223699E+02   -2.751149E+01    4.576201E+00    0.000000E+00    0.000000E+00    0.000000E+00
9.525000E-01   -1.252798E+01    1.377610E+02   -2.008337E+02    0.000000E+00    0.000000E+00    0.000000E+00   -3.280039E+02   -2.622655E+01    2.576662E+00    0.000000E+00    0.000000E+00    0.000000E+00
9.535000E-01   -7.793569E+00    1.623232E+02   -1.924703E+02    0.000000E+00    0.000000E+00    0.000000E+00   -3.425682E+02   -2.143574E+01   -4.125267E+00    0.000000E+00    0.000000E+00    0.000000E+00
9.545000E-01   -1.311567E+01    1.442729E+02   -1.996512E+02    0.000000E+00    0.000000E+00    0.000000E+00   -3.354727E+02   -2.685900E+01    2.670261E+00    0.000000E+00    0.000000E+00    0.000000E+00
9.555000E-01   -1.597724E+01    1.618582E+02   -1.865195E+02    0.000000E+00    0.000000E+00    0.000000E+00   -3.386580E+02   -2.862753E+01    4.198016E+00    0.000000E+00    0.000000E+00    0.000000E+00
9.565000E-01   -9.558687E+00    1.221605E+02   -1.645307E+02    0.000000E+00    0.000000E+00    0.000000E+00   -2.808271E+02   -2.124515E+01    5.958327E-01    0.000000E+00    0.000000E+00    0.000000E+00
9.575000E-01   -9.809591E+00    1.323558E+02   -1.788761E+02    0.000000E+00    0.000000E+00    0.000000E+00   -3.052536E+02   -2.260558E+01    6.500275E-02    0.000000E+00    0.000000E+00    0.000000E+00
9.585000E-01   -8.074606E+00    1.224693E+02   -1.574441E+02    0.000000E+00    0.000000E+00    0.000000E+00   -2.754573E+02   -1.941335E+01   -9.783553E-01    0.000000E+00    0.000000E+00    0.000000E+00
9.595000E-01   -1.134859E+01    1.097838E+02   -1.643435E+02    0.000000E+00    0.000000E+00    0.000000E+00   -2.714903E+02   -2.296384E+01    3.430443E+00    0.000000E+00    0.000000E+00    0.000000E+00
9.605000E-01   -4.585518E+00    1.312520E+02   -1.646886E+02    0.000000E+00    0.000000E+00    0.000000E+00   -2.923340E+02   -1.684367E+01   -5.230655E+00    0.000000E+00    0.000000E+00    0.000000E+00
9.615000E-01   -4.682896E+00    1.087528E+02   -1.576096E+02    0.000000E+00    0.000000E+00    0.000000E+00   -2.655871E+02   -1.645086E+01   -3.453969E+00    0.000000E+00    0.000000E+00    0.000000E+00
9.625000E-01   -1.354675E+01    1.183445E+02   -1.653858E+02    0.000000E+00    0.000000E+00    0.000000E+00   -2.826672E+02   -2.531690E+01    4.938847E+00    0.000000E+00    0.000000E+00    0.000000E+00
9.635000E-01   -8.745907E+00    1.252436E+02   -1.574225E+02    0.000000E+00    0.000000E+00    0.000000E+00   -2.822177E+02   -2.035765E+01   -5.912723E-01    0.000000E+00    0.000000E+00    0.000000E+00
9.645000E-01   -1.110996E+01    1.351789E+02   -1.941049E+02    0.000000E+00    0.000000E+00    0.000000E+00   -3.301245E+02   -2.555755E+01    1.083432E+00    0.000000E+00    0.000000E+00    0.000000E+00
9.655000E-01   -5.676973E+00    1.327632E+02   -1.609535E+02    0.000000E+00    0.000000E+00    0.000000E+00   -2.940704E+02   -1.798024E+01   -4.452898E+00    0.000000E+00    0.000000E+00    0.000000E+00
9.665000E-01   -1.038637E+01    1.175657E+02   -1.855481E+02    0.000000E+00    0.000000E+00    0.000000E+00   -3.065243E+02   -2.444803E+01    1.669947E+00    0.000000E+00    0.000000E+00    0.000000E+00
9.675000E-01   -4.674367E+00    1.289179E+02   -1.676518E+02    0.000000E+00    0.000000E+00    0.000000E+00   -2.995889E+02   -1.782245E+01   -5.263441E+00    0.000000E+00    0.000000E+00    0.000000E+00
9.685000E-01   -3.575105E+00    1.192326E+02   -1.929710E+02    0.000000E+00    0.000000E+00    0.000000E+00   -3.168742E+02   -1.871327E+01   -5.633558E+00    0.000000E+00    0.000000E+00    0.000000E+00
9.695000E-01   -1.107295E+01    1.087308E+02   -2.091233E+02    0.000000E+00    0.000000E+00    0.000000E+00   -3.255015E+02   -2.722282E+01    3.113429E+00    0.000000E+00    0.000000E+00    0.000000E+00
9.705000E-01   -8.945682E+00    1.340354E+02   -2.481390E+02    0.000000E+00    0.000000E+00    0.000000E+00   -3.920627E+02   -2.852784E+01   -1.218206E+00    0.000000E+00    0.000000E+00    0.000000E+00
9.715000E-01   -7.249873E+00    1.198228E+02   -2.076060E+02    0.000000E+00    0.000000E+00    0.000000E+00   -3.366011E+02   -2.379033E+01   -1.927246E+00    0.000000E+00    0.000000E+00    0.000000E+00
9.725000E-01   -4.817345E+00    1.256583E+02   -2.086869E+02    0.000000E+00    0.000000E+00    0.000000E+00   -3.443810E+02   -2.165094E+01   -5.024974E+00    0.000000E+00    0.000000E+00    0.000000E+00
9.735000E-01   -1.211315E+01    1.212811E+02   -2.146628E+02    0.000000E+00    0.000000E+00    0.000000E+00   -3.477238E+02   -2.929695E+01    3.095448E+00    0.000000E+00    0.000000E+00    0.000000E+00
9.745000E-01   -6.135898E+00    1.120924E+02   -1.821384E+02    0.000000E+00    0.000000E+00    0.000000E+00   -3.048533E+02   -2.109753E+01   -2.611401E+00    0.000000E+00    0.000000E+00    0.000000E+00
9.755000E-01   -9.335793E+00    1.334673E+02   -2.272723E+02    0.000000E+00    0.000000E+00    0.000000E+00   -3.752228E+02   -2.794007E+01   -9.372679E-01    0.000000E+00    0.000000E+00    0.000000E+00
9.765000E-01   -4.277137E+00    1.128103E+02   -1.872594E+02    0.000000E+00    0.000000E+00    0.000000E+00   -3.130207E+02   -1.980953E+01   -4.721189E+00    0.000000E+00    0.000000E+00    0.000000E+00
9.775000E-01   -7.303169E+00    1.235957E+02   -1.999053E+02    0.000000E+00    0.000000E+00    0.000000E+00   -3.380922E+02   -2.388303E+01   -2.395380E+00    0.000000E+00    0.000000E+00    0.000000E+00
9.785000E-01   -1.486028E+01    1.110642E+02   -2.008442E+02    0.000000E+00    0.000000E+00    0.000000E+00   -3.282235E+02   -3.147486E+01    6.854731E+00    0.000000E+00    0.000000E+00    0.000000E+00
9.795000E-01   -1.428944E+00    1.244150E+02   -2.013029E+02    0.000000E+00    0.000000E+00    0.000000E+00   -3.429010E+02   -1.856856E+01   -8.951711E+00    0.000000E+00    0.000000E+00    0.000000E+00
9.805000E-01   -1.506411E+01    1.509803E+02   -2.183486E+02    0.000000E+00    0.000000E+00    0.000000E+00   -3.889533E+02   -3.354182E+01    3.615579E+00    0.000000E+00    0.000000E+00    0.000000E+00
9.815000E-01   -3.078781E+00    9.166628E+01   -1.975801E+02    0.000000E+00    0.000000E+00    0.000000E+00   -3.090280E+02   -2.013738E+01   -4.479943E+00    0.000000E+00    0.000000E+00    0.000000E+00
9.825000E-01   -5.265166E+00    1.129611E+02   -1.829408E+02    0.000000E+00    0.000000E+00    0.000000E+00   -3.149921E+02   -2.111690E+01   -3.986151E+00    0.000000E+00    0.000000E+00    0.000000E+00
9.835000E-01   -1.078044E+01    7.961775E+01   -1.764901E+02    0.000000E+00    0.000000E+00    0.000000E+00   -2.756305E+02   -2.615561E+01    4.975529E+00    0.000000E+00    0.000000E+00    0.000000E+00
9.845000E-01   -9.253170E-01    1.223263E+02   -1.635194E+02    0.000000E+00    0.000000E+00    0.000000E+00   -3.059250E+02   -1.544096E+01   -9.696595E+00    0.000000E+00    0.000000E+00    0.000000E+00
9.855000E-01   -1.398815E+01    1.413249E+02   -2.095895E+02    0.000000E+00    0.000000E+00    0.000000E+00   -3.759272E+02   -3.247015E+01    3.100320E+00    0.000000E+00    0.000000E+00    0.000000E+00
9.865000E-01   -7.631440E+00    1.313347E+02   -2.154095E+02    0.000000E+00    0.000000E+00    0.000000E+00   -3.739085E+02   -2.677768E+01   -3.073674E+00    0.000000E+00    0.000000E+00    0.000000E+00
9.875000E-01   -6.189710E+00    1.143363E+02   -2.033233E+02    0.000000E+00    0.000000E+00    0.000000E+00   -3.438159E+02   -2.431553E+01   -3.304553E+00    0.000000E+00    0.000000E+00    0.000000E+00
9.885000E-01   -6.603581E+00    1.116240E+02   -1.949536E+02    0.000000E+00    0.000000E+00    0.000000E+00   -3.333047E+02   -2.418046E+01   -2.599103E+00    0.000000E+00    0.000000E+00    0.000000E+00
9.895000E-01   -7.298143E+00    1.123644E+02   -2.074037E+02    0.000000E+00    0.000000E+00    0.000000E+00   -3.489176E+02   -2.611938E+01   -1.944909E+00    0.000000E+00    0.000000E+00    0.000000E+00
9.905000E-01   -9.339214E+00    1.494926E+02   -2.095113E+02    0.000000E+00    0.000000E+00    0.000000E+00   -3.901470E+02   -2.867891E+01   -3.085183E+00    0.000000E+00    0.000000E+00    0.000000E+00
9.915000E-01   -1.494665E+01    1.423399E+02   -1.967606E+02    0.000000E+00    0.000000E+00    0.000000E+00   -3.695491E+02   -3.335112E+01    3.875014E+00    0.000000E+00    0.000000E+00    0.000000E+00
9.925000E-01   -8.664514E-01    1.334570E+02   -2.040450E+02    0.000000E+00    0.000000E+00    0.000000E+00   -3.702246E+02   -1.989462E+01   -1.139624E+01    0.000000E+00    0.000000E+00    0.000000E+00
9.935000E-01   -1.643042E+01    1.481565E+02   -2.188511E+02    0.000000E+00    0.000000E+00    0.000000E+00   -4.029367E+02   -3.735109E+01    4.910564E+00    0.000000E+00    0.000000E+00    0.000000E+00
9.945000E-01   -7.145579E+00    1.302405E+02   -1.932435E+02    0.000000E+00    0.000000E+00    0.000000E+00   -3.564241E+02   -2.548716E+01   -3.914673E+00    0.000000E+00    0.000000E+00    0.000000E+00
9.955000E-01   -6.399593E+00    1.262269E+02   -1.878544E+02    0.000000E+00    0.000000E+00    0.000000E+00   -3.474515E+02   -2.442893E+01   -4.630309E+00    0.000000E+00    0.000000E+00    0.000000E+00
9.965000E-01   -1.286093E+01    1.124880E+02   -1.871235E+02    0.000000E+00    0.000000E+00    0.000000E+00   -3.332725E+02   -3.115348E+01    4.206655E+00    0.000000E+00    0.000000E+00    0.000000E+00
9.975000E-01   -5.539266E+00    1.104539E+02   -1.952281E+02    0.000000E+00    0.000000E+00    0.000000E+00   -3.414354E+02   -2.448400E+01   -4.072136E+00    0.000000E+00    0.000000E+00    0.000000E+00
9.985000E-01   -3.425149E+00    1.228547E+02   -2.103923E+02    0.000000E+00    0.000000E+00    0.000000E+00   -3.728090E+02   -2.395220E+01   -7.944675E+00    0.000000E+00    0.000000E+00    0.000000E+00
9.995000E-01   -1.070386E+01    1.399586E+02   -1.965911E+02    0.000000E+00    0.000000E+00    0.000000E+00   -3.766268E+02   -3.055600E+01   -1.256980E+00    0.000000E+00    0.000000E+00    0.000000E+00
1.000500E+00   -1.110013E+01    1.477029E+02   -2.194935E+02    0.000000E+00    0.000000E+00    0.000000E+00   -4.118247E+02   -3.325551E+01   -1.597525E+00    0.000000E+00    0.000000E+00    0.000000E+00
1.001500E+00   -1.216398E+01    1.297462E+02   -1.651156E+02    0.000000E+00    0.000000E+00    0.000000E+00   -3.322057E+02   -2.945718E+01    1.325290E+00    0.000000E+00    0.000000E+00    0.000000E+00
1.002500E+00   -5.714740E+00    1.148226E+02   -1.675960E+02    0.000000E+00    0.000000E+00    0.000000E+00   -3.189762E+02   -2.279978E+01   -4.833491E+00    0.000000E+00    0.000000E+00    0.000000E+00
1.003500E+00   -4.324242E+00    1.114338E+02   -1.888276E+02    0.000000E+00    0.000000E+00    0.000000E+00   -3.419168E+02   -2.369696E+01   -6.206391E+00    0.000000E+00    0.000000E+00    0.000000E+00
1.004500E+00   -1.448625E+01    1.444560E+02   -2.027346E+02    0.000000E+00    0.000000E+00    0.000000E+00   -3.933983E+02   -3.607195E+01    2.440451E+00    0.000000E+00    0.000000E+00    0.000000E+00
1.005500E+00   -8.422993E+00    1.539209E+02   -2.062170E+02    0.000000E+00    0.000000E+00    0.000000E+00   -4.096017E+02   -3.021032E+01   -5.895689E+00    0.000000E+00    0.000000E+00    0.000000E+00
1.006500E+00   -6.730151E+00    1.101162E+02   -1.903408E+02    0.000000E+00    0.000000E+00    0.000000E+00   -3.447081E+02   -2.672220E+01   -3.465423E+00    0.000000E+00    0.000000E+00    0.000000E+00
1.007500E+00   -7.364895E+00    1.133824E+02   -1.919553E+02    0.000000E+00    0.000000E+00    0.000000E+00   -3.514789E+02   -2.787631E+01   -3.093958E+00    0.000000E+00    0.000000E+00    0.000000E+00
1.008500E+00   -4.222227E+00    1.212913E+02   -1.698530E+02    0.000000E+00    0.000000E+00    0.000000E+00   -3.346854E+02   -2.237627E+01   -7.795133E+00    0.000000E+00    0.000000E+00    0.000000E+00
1.009500E+00   -7.078301E+00    1.372534E+02   -1.841168E+02    0.000000E+00    0.000000E+00    0.000000E+00   -3.696178E+02   -2.716033E+01   -6.106030E+00    0.000000E+00    0.000000E+00    0.000000E+00
1.010500E+00   -1.135316E+01    1.205815E+02   -1.820547E+02    0.000000E+00    0.000000E+00    0.000000E+00   -3.507510E+02   -3.172145E+01    7.120519E-01    0.000000E+00    0.000000E+00    0.000000E+00
1.011500E+00    1.476754E-01    1.299021E+02   -1.845352E+02    0.000000E+00    0.000000E+00    0.000000E+00   -3.643942E+02   -1.966783E+01   -1.424073E+01    0.000000E+00    0.000000E+00    0.000000E+00
1.012500E+00   -5.536432E+00    1.073808E+02   -1.708989E+02    0.000000E+00    0.000000E+00    0.000000E+00   -3.242231E+02   -2.443184E+01   -4.958639E+00    0.000000E+00    0.000000E+00    0.000000E+00
1.013500E+00   -1.220018E+01    1.335151E+02   -1.723984E+02    0.000000E+00    0.000000E+00    0.000000E+00   -3.562502E+02   -3.223857E+01    8.510834E-02    0.000000E+00    0.000000E+00    0.000000E+00
1.014500E+00   -5.047109E+00    1.354379E+02   -1.897164E+02    0.000000E+00    0.000000E+00    0.000000E+00   -3.800040E+02   -2.648989E+01   -8.961303E+00    0.000000E+00    0.000000E+00    0.000000E+00
1.015500E+00   -5.109324E+00    1.280523E+02   -1.661082E+02    0.000000E+00    0.000000E+00    0.000000E+00   -3.443588E+02   -2.421974E+01   -8.200360E+00    0.000000E+00    0.000000E+00    0.000000E+00
1.016500E+00   -6.610790E+00    1.146809E+02   -1.747256E+02    0.000000E+00    0.000000E+00    0.000000E+00   -3.410643E+02   -2.709628E+01   -4.936841E+00    0.000000E+00    0.000000E+00    0.000000E+00
1.017500E+00   -8.092232E+00    1.490633E+02   -1.872664E+02    0.000000E+00    0.000000E+00    0.000000E+00   -3.949541E+02   -3.029244E+01   -7.183090E+00    0.000000E+00    0.000000E+00    0.000000E+00
1.018500E+00   -1.501881E+00    1.354998E+02   -2.129700E+02    0.000000E+00    0.000000E+00    0.000000E+00   -4.124540E+02   -2.605830E+01   -1.376342E+01    0.000000E+00    0.000000E+00    0.000000E+00
1.019500E+00   -3.477784E+00    1.518494E+02   -2.071570E+02    0.000000E+00    0.000000E+00    0.000000E+00   -4.247234E+02   -2.790048E+01   -1.335147E+01    0.000000E+00    0.000000E+00    0.000000E+00
1.020500E+00   -6.988136E+00    1.260633E+02   -1.881477E+02    0.000000E+00    0.000000E+00    0.000000E+00   -3.742641E+02   -2.978042E+01   -6.127620E+00    0.000000E+00    0.000000E+00    0.000000E+00
1.021500E+00    6.964855E+00    1.151829E+02   -1.954104E+02    0.000000E+00    0.000000E+00    0.000000E+00   -3.717422E+02   -1.525337E+01   -2.224746E+01    0.000000E+00    0.000000E+00    0.000000E+00
1.022500E+00   -1.197585E+01    1.147819E+02   -1.528168E+02    0.000000E+00    0.000000E+00    0.000000E+00   -3.194006E+02   -3.172677E+01    1.125343E+00    0.000000E+00    0.000000E+00    0.000000E+00
1.023500E+00   -1.155266E+01    1.235823E+02   -1.435293E+02    0.000000E+00    0.000000E+00    0.000000E+00   -3.188413E+02   -3.042159E+01   -6.935161E-01    0.000000E+00    0.000000E+00    0.000000E+00
1.024500E+00    7.466406E+00    1.386289E+02   -1.965723E+02    0.000000E+00    0.000000E+00    0.000000E+00   -4.028237E+02   -1.572949E+01   -2.641474E+01    0.000000E+00    0.000000E+00    0.000000E+00
1.025500E+00   -1.889401E+01    1.466104E+02   -1.672493E+02    0.000000E+00    0.000000E+00    0.000000E+00   -3.765199E+02   -4.221092E+01    5.352093E+00    0.000000E+00    0.000000E+00    0.000000E+00
1.026500E+00   -1.184905E+00    1.274358E+02   -1.966365E+02    0.000000E+00    0.000000E+00    0.000000E+00   -3.914652E+02   -2.573413E+01   -1.437498E+01    0.000000E+00    0.000000E+00    0.000000E+00
1.027500E+00   -4.481700E+00    1.281767E+02   -1.606125E+02    0.000000E+00    0.000000E+00    0.000000E+00   -3.493025E+02   -2.559077E+01   -1.079939E+01    0.000000E+00    0.000000E+00    0.000000E+00
1.028500E+00   -6.217250E+00    1.356803E+02   -1.854655E+02    0.000000E+00    0.000000E+00    0.000000E+00   -3.892310E+02   -3.064644E+01   -9.539635E+00    0.000000E+00    0.000000E+00    0.000000E+00
1.029500E+00   -1.661917E+01    1.774148E+02   -1.596975E+02    0.000000E+00    0.000000E+00    0.000000E+00   -4.058655E+02   -3.983160E+01   -2.177495E+00    0.000000E+00    0.000000E+00    0.000000E+00
1.030500E+00   -7.698261E+00    1.263762E+02   -1.900030E+02    0.000000E+00    0.000000E+00    0.000000E+00   -3.862151E+02   -3.350909E+01   -6.743338E+00    0.000000E+00    0.000000E+00    0.000000E+00
1.031500E+00   -1.058859E+01    1.426993E+02   -1.639277E+02    0.000000E+00    0.000000E+00    0.000000E+00   -3.735542E+02   -3.396590E+01   -5.632393E+00    0.000000E+00    0.000000E+00    0.000000E+00
1.032500E+00    3.888145E+00    1.254736E+02   -1.629680E+02    0.000000E+00    0.000000E+00    0.000000E+00   -3.520671E+02   -1.708784E+01   -2.168094E+01    0.000000E+00    0.000000E+00    0.000000E+00
1.033500E+00   -8.221858E+00    1.300924E+02   -1.728148E+02    0.000000E+00    0.000000E+00    0.000000E+00   -3.725348E+02   -3.302096E+01   -7.315483E+00    0.000000E+00    0.000000E+00    0.000000E+00
1.034500E+00    2.463517E-01    1.203574E+02   -1.540555E+02    0.000000E+00    0.000000E+00    0.000000E+00   -3.376177E+02   -2.078012E+01   -1.686759E+01    0.000000E+00    0.000000E+00    0.000000E+00
1.035500E+00   -3.896783E+00    1.134490E+02   -1.651380E+02    0.000000E+00    0.000000E+00    0.000000E+00   -3.439775E+02   -2.716967E+01   -1.063344E+01    0.000000E+00    0.000000E+00    0.000000E+00
1.036500E+00   -1.644635E+01    1.206351E+02   -1.311202E+02    0.000000E+00    0.000000E+00    0.000000E+00   -3.103788E+02   -3.775653E+01    4.002408E+00    0.000000E+00    0.000000E+00    0.000000E+00
1.037500E+00    1.096156E+00    1.383557E+02   -1.798631E+02    0.000000E+00    0.000000E+00    0.000000E+00   -3.934441E+02   -2.409885E+01   -2.089682E+01    0.000000E+00    0.000000E+00    0.000000E+00
1.038500E+00   -8.840490E+00    1.272536E+02   -1.313803E+02    0.000000E+00    0.000000E+00    0.000000E+00   -3.199989E+02   -2.950337E+01   -7.168030E+00    0.000000E+00    0.000000E+00    0.000000E+00
1.039500E+00   -1.006666E+01    1.267592E+02   -1.369701E+02    0.000000E+00    0.000000E+00    0.000000E+00   -3.267582E+02   -3.163476E+01   -5.423888E+00    0.000000E+00    0.000000E+00    0.000000E+00
1.040500E+00   -1.927184E+01    1.537257E+02   -1.741318E+02    0.000000E+00    0.000000E+00    0.000000E+00   -4.064619E+02   -4.834133E+01    2.332143E+00    0.000000E+00    0.000000E+00    0.000000E+00
1.041500E+00   -6.124566E+00    1.207893E+02   -1.210581E+02    0.000000E+00    0.000000E+00    0.000000E+00   -2.999556E+02   -2.532432E+01   -1.007732E+01    0.000000E+00    0.000000E+00    0.000000E+00
1.042500E+00   -6.392247E+00    1.211430E+02   -1.392761E+02    0.000000E+00    0.000000E+00    0.000000E+00   -3.251022E+02   -2.859684E+01   -1.005559E+01    0.000000E+00    0.000000E+00    0.000000E+00
1.043500E+00   -2.509398E+00    1.430241E+02   -1.659922E+02    0.000000E+00    0.000000E+00    0.000000E+00   -3.853137E+02   -2.798188E+01   -1.835734E+01    0.000000E+00    0.000000E+00    0.000000E+00
1.044500E+00   -7.788798E+00    1.204016E+02   -1.546338E+02    0.000000E+00    0.000000E+00    0.000000E+00   -3.450257E+02   -3.300430E+01   -8.309240E+00    0.000000E+00    0.000000E+00    0.000000E+00
1.045500E+00   -4.884066E+00    1.226258E+02   -1.375188E+02    0.000000E+00    0.000000E+00    0.000000E+00   -3.248774E+02   -2.691602E+01   -1.245700E+01    0.000000E+00    0.000000E+00    0.000000E+00
1.046500E+00   -1.863627E+01    1.303349E+02   -1.164606E+02    0.000000E+00    0.000000E+00    0.000000E+00   -3.084108E+02   -4.082119E+01    3.536248E+00    0.000000E+00    0.000000E+00    0.000000E+00
1.047500E+00   -1.897320E+01    1.484358E+02   -1.363082E+02    0.000000E+00    0.000000E+00    0.000000E+00   -3.553820E+02   -4.451286E+01    1.201756E+00    0.000000E+00    0.000000E+00    0.000000E+00
1.048500E+00   -1.360085E+01    1.470330E+02   -1.453743E+02    0.000000E+00    0.000000E+00    0.000000E+00   -3.654920E+02   -3.930051E+01   -5.510973E+00    0.000000E+00    0.000000E+00    0.000000E+00
1.049500E+00   -5.019361E+00    1.307058E+02   -1.434403E+02    0.000000E+00    0.000000E+00    0.000000E+00   -3.448722E+02   -2.916113E+01   -1.462447E+01    0.000000E+00    0.000000E+00    0.000000E+00
1.050500E+00    1.103734E+01    1.203498E+02   -1.792475E+02    0.000000E+00    0.000000E+00    0.000000E+00   -3.793594E+02   -1.555745E+01   -3.378213E+01    0.000000E+00    0.000000E+00    0.000000E+00
1.051500E+00    2.474548E+00    1.298630E+02   -1.370855E+02    0.000000E+00    0.000000E+00    0.000000E+00   -3.354677E+02   -1.927786E+01   -2.460457E+01    0.000000E+00    0.000000E+00    0.000000E+00
1.052500E+00    6.373999E+00    1.077164E+02   -1.322777E+02    0.000000E+00    0.000000E+00    0.000000E+00   -3.040034E+02   -1.449302E+01   -2.642748E+01    0.000000E+00    0.000000E+00    0.000000E+00
1.053500E+00   -1.671281E+01    1.023563E+02   -9.761430E+01    0.000000E+00    0.000000E+00    0.000000E+00   -2.523347E+02   -3.691974E+01    4.467621E+00    0.000000E+00    0.000000E+00    0.000000E+00
1.054500E+00   -1.782552E+01    1.211231E+02   -1.052887E+02    0.000000E+00    0.000000E+00    0.000000E+00   -2.851138E+02   -3.961831E+01    2.618107E+00    0.000000E+00    0.000000E+00    0.000000E+00
1.055500E+00   -1.128462E+01    1.300387E+02   -1.267991E+02    0.000000E+00    0.000000E+00    0.000000E+00   -3.241622E+02   -3.570705E+01   -7.666358E+00    0.000000E+00    0.000000E+00    0.000000E+00
1.056500E+00   -2.759465E+00    1.218269E+02   -1.323517E+02    0.000000E+00    0.000000E+00    0.000000E+00   -3.220159E+02   -2.632183E+01   -1.763962E+01    0.000000E+00    0.000000E+00    0.000000E+00
1.057500E+00   -1.069002E+01    1.431881E+02   -1.274537E+02    0.000000E+00    0.000000E+00    0.000000E+00   -3.414183E+02   -3.559312E+01   -1.144143E+01    0.000000E+00    0.000000E+00    0.000000E+00
1.058500E+00   -1.765661E+01    1.436806E+02   -1.281539E+02    0.000000E+00    0.000000E+00    0.000000E+00   -3.435490E+02   -4.448562E+01   -2.529150E+00    0.000000E+00    0.000000E+00    0.000000E+00
1.059500E+00   -3.307902E+00    1.081203E+02   -1.216682E+02    0.000000E+00    0.000000E+00    0.000000E+00   -2.921120E+02   -2.596141E+01   -1.511143E+01    0.000000E+00    0.000000E+00    0.000000E+00
1.060500E+00   -1.773854E+01    1.014139E+02   -8.632260E+01    0.000000E+00    0.000000E+00    0.000000E+00   -2.372205E+02   -3.742917E+01    4.749485E+00    0.000000E+00    0.000000E+00    0.000000E+00
1.061500E+00    1.581275E+01    1.019873E+02   -1.108261E+02    0.000000E+00    0.000000E+00    0.000000E+00   -2.704095E+02   -6.163428E-01   -3.931465E+01    0.000000E+00    0.000000E+00    0.000000E+00
1.062500E+00   -2.906708E+01    1.300024E+02   -9.999585E+01    0.000000E+00    0.000000E+00    0.000000E+00   -2.905705E+02   -5.451458E+01    1.349891E+01    0.000000E+00    0.000000E+00    0.000000E+00
1.063500E+00   -2.167862E+01    1.095369E+02   -1.026022E+02    0.000000E+00    0.000000E+00    0.000000E+00   -2.694014E+02   -4.604031E+01    7.905874E+00    0.000000E+00    0.000000E+00    0.000000E+00
1.064500E+00   -5.095400E+01    1.089865E+02   -8.628924E+01    0.000000E+00    0.000000E+00    0.000000E+00   -2.469378E+02   -7.956869E+01    4.571883E+01    0.000000E+00    0.000000E+00    0.000000E+00
1.065500E+00   -3.177062E+01    1.078745E+02   -8.290360E+01    0.000000E+00    0.000000E+00    0.000000E+00   -2.406315E+02   -5.519656E+01    2.086508E+01    0.000000E+00    0.000000E+00    0.000000E+00
1.066500E+00   -2.220426E+01    1.003251E+02   -7.992953E+01    0.000000E+00    0.000000E+00    0.000000E+00   -2.281598E+02   -4.270708E+01    9.784020E+00    0.000000E+00    0.000000E+00    0.000000E+00
1.067500E+00    2.625265E+01    1.050946E+02   -1.111812E+02    0.000000E+00    0.000000E+00    0.000000E+00   -2.753842E+02    1.113844E+01   -5.460373E+01    0.000000E+00    0.000000E+00    0.000000E+00
1.068500E+00   -1.186549E+00    1.188985E+02   -1.027616E+02    0.000000E+00    0.000000E+00    0.000000E+00   -2.807381E+02   -2.129807E+01   -2.174312E+01    0.000000E+00    0.000000E+00    0.000000E+00
1.069500E+00   -4.518898E+01    1.084454E+02   -9.866809E+01    0.000000E+00    0.000000E+00    0.000000E+00   -2.624787E+02   -7.580981E+01    3.719178E+01    0.000000E+00    0.000000E+00    0.000000E+00
1.070500E+00   -3.676128E+01    1.034126E+02   -9.415455E+01    0.000000E+00    0.000000E+00    0.000000E+00   -2.501018E+02   -6.396832E+01    2.773998E+01    0.000000E+00    0.000000E+00    0.000000E+00
1.071500E+00   -1.319531E+01    1.106143E+02   -9.635154E+01    0.000000E+00    0.000000E+00    0.000000E+00   -2.621061E+02   -3.611770E+01   -5.416406E+00    0.000000E+00    0.000000E+00    0.000000E+00
1.072500E+00   -1.883397E+01    8.661575E+01   -6.868542E+01    0.000000E+00    0.000000E+00    0.000000E+00   -1.960431E+02   -3.689919E+01    7.165846E+00    0.000000E+00    0.000000E+00    0.000000E+00
1.073500E+00   -2.324297E+00    1.061283E+02   -8.440746E+01    0.000000E+00    0.000000E+00    0.000000E+00   -2.411728E+02   -1.963290E+01   -1.832174E+01    0.000000E+00    0.000000E+00    0.000000E+00
1.074500E+00   -2.448944E+01    9.537771E+01   -1.079681E+02    0.000000E+00    0.000000E+00    0.000000E+00   -2.586865E+02   -5.286904E+01    1.196376E+01    0.000000E+00    0.000000E+00    0.000000E+00
1.075500E+00   -8.311516E+00    1.323806E+02   -9.162662E+01    0.000000E+00    0.000000E+00    0.000000E+00   -2.821678E+02   -2.867926E+01   -1.616840E+01    0.000000E+00    0.000000E+00    0.000000E+00
1.076500E+00   -2.792408E+01    1.059445E+02   -8.955633E+01    0.000000E+00    0.000000E+00    0.000000E+00   -2.467931E+02   -5.351888E+01    1.374011E+01    0.000000E+00    0.000000E+00    0.000000E+00
1.077500E+00   -6.239552E+00    8.415372E+01   -8.007478E+01    0.000000E+00    0.000000E+00    0.000000E+00   -2.084844E+02   -2.454875E+01   -9.480079E+00    0.000000E+00    0.000000E+00    0.000000E+00
1.078500E+00   -8.730759E+00    7.708305E+01   -7.655260E+01    0.000000E+00    0.000000E+00    0.000000E+00   -1.945109E+02   -2.697214E+01   -4.996046E+00    0.000000E+00    0.000000E+00    0.000000E+00
1.079500E+00   -2.879178E+01    1.130855E+02   -9.366773E+01    0.000000E+00    0.000000E+00    0.000000E+00   -2.602582E+02   -5.537971E+01    1.327054E+01    0.000000E+00    0.000000E+00    0.000000E+00
1.080500E+00   -1.332158E+00    1.081998E+02   -7.938730E+01    0.000000E+00    0.000000E+00    0.000000E+00   -2.366288E+02   -1.845923E+01   -2.144730E+01    0.000000E+00    0.000000E+00    0.000000E+00
1.081500E+00   -1.976945E+01    9.566409E+01   -7.939738E+01    0.000000E+00    0.000000E+00    0.000000E+00   -2.203252E+02   -4.145135E+01    4.678629E+00    0.000000E+00    0.000000E+00    0.000000E+00
1.082500E+00   -9.138128E+00    1.002073E+02   -6.680537E+01    0.000000E+00    0.000000E+00    0.000000E+00   -2.097634E+02   -2.578492E+01   -1.006044E+01    0.000000E+00    0.000000E+00    0.000000E+00
1.083500E+00   -5.896171E+00    7.803328E+01   -8.310480E+01    0.000000E+00    0.000000E+00    0.000000E+00   -2.035777E+02   -2.568982E+01   -9.732310E+00    0.000000E+00    0.000000E+00    0.000000E+00
1.084500E+00   -3.195866E+01    9.593289E+01   -7.954640E+01    0.000000E+00    0.000000E+00    0.000000E+00   -2.205319E+02   -5.694199E+01    1.995310E+01    0.000000E+00    0.000000E+00    0.000000E+00
1.085500E+00   -1.591974E+01    8.792873E+01   -8.814219E+01    0.000000E+00    0.000000E+00    0.000000E+00   -2.217258E+02   -3.957866E+01    4.508041E-01    0.000000E+00    0.000000E+00    0.000000E+00
1.086500E+00   -7.858693E+00    1.027126E+02   -7.221369E+01    0.000000E+00    0.000000E+00    0.000000E+00   -2.186689E+02   -2.585944E+01   -1.307827E+01    0.000000E+00    0.000000E+00    0.000000E+00
1.087500E+00   -2.473971E+01    7.955399E+01   -7.387475E+01    0.000000E+00    0.000000E+00    0.000000E+00   -1.924393E+02   -4.739969E+01    1.346457E+01    0.000000E+00    0.000000E+00    0.000000E+00
1.088500E+00   -1.298246E+01    9.186297E+01   -8.463903E+01    0.000000E+00    0.000000E+00    0.000000E+00   -2.210727E+02   -3.536682E+01   -4.445991E+00    0.000000E+00    0.000000E+00    0.000000E+00
1.089500E+00   -2.946806E+01    9.620267E+01   -8.363355E+01    0.000000E+00    0.000000E+00    0.000000E+00   -2.253498E+02   -5.533352E+01    1.576362E+01    0.000000E+00    0.000000E+00    0.000000E+00
1.090500E+00   -2.212401E+01    7.563211E+01   -9.305349E+01    0.000000E+00    0.000000E+00    0.000000E+00   -2.112596E+02   -4.918812E+01    1.029524E+01    0.000000E+00    0.000000E+00    0.000000E+00
1.091500E+00   -1.145790E+01    1.066708E+02   -5.707778E+01    0.000000E+00    0.000000E+00    0.000000E+00   -2.032615E+02   -2.678533E+01   -9.770454E+00    0.000000E+00    0.000000E+00    0.000000E+00
1.092500E+00   -3.175102E+01    7.394279E+01   -1.001026E+02    0.000000E+00    0.000000E+00    0.000000E+00   -2.181035E+02   -6.291177E+01    2.272284E+01    0.000000E+00    0.000000E+00    0.000000E+00
1.093500E+00   -1.941805E+01    9.334226E+01   -7.589955E+01    0.000000E+00    0.000000E+00    0.000000E+00   -2.105574E+02   -4.144268E+01    2.928275E+00    0.000000E+00    0.000000E+00    0.000000E+00
1.094500E+00   -3.261262E+01    8.121449E+01   -9.854375E+01    0.000000E+00    0.000000E+00    0.000000E+00   -2.239601E+02   -6.375965E+01    2.174592E+01    0.000000E+00    0.000000E+00    0.000000E+00
1.095500E+00   -3.810736E+01    5.048715E+01   -8.396127E+01    0.000000E+00    0.000000E+00    0.000000E+00   -1.686230E+02   -6.679627E+01    3.647322E+01    0.000000E+00    0.000000E+00    0.000000E+00
1.096500E+00    5.478587E+00    8.828617E+01   -4.478140E+01    0.000000E+00    0.000000E+00    0.000000E+00   -1.641111E+02   -3.972424E+00   -2.817816E+01    0.000000E+00    0.000000E+00    0.000000E+00
1.097500E+00    1.380206E+00    1.377312E+02   -9.555307E+01    0.000000E+00    0.000000E+00    0.000000E+00   -2.884058E+02   -2.131964E+01   -3.530285E+01    0.000000E+00    0.000000E+00    0.000000E+00
1.098500E+00   -3.472915E+01    1.265492E+02   -1.243614E+02    0.000000E+00    0.000000E+00    0.000000E+00   -3.106341E+02   -7.266854E+01    1.294891E+01    0.000000E+00    0.000000E+00    0.000000E+00
1.099500E+00   -3.116219E+01    5.617919E+01   -5.498941E+01    0.000000E+00    0.000000E+00    0.000000E+00   -1.376738E+02   -5.104407E+01    2.607022E+01    0.000000E+00    0.000000E+00    0.000000E+00
1.100500E+00    4.137673E+00    1.381796E+02   -9.100663E+01    0.000000E+00    0.000000E+00    0.000000E+00   -2.815768E+02   -1.752578E+01   -3.946401E+01    0.000000E+00    0.000000E+00    0.000000E+00
1.101500E+00   -3.158766E+01    8.973133E+01   -8.015738E+01    0.000000E+00    0.000000E+00    0.000000E+00   -2.094073E+02   -5.828337E+01    1.733510E+01    0.000000E+00    0.000000E+00    0.000000E+00
1.102500E+00   -5.673703E-01    1.389611E+02   -7.206644E+01    0.000000E+00    0.000000E+00    0.000000E+00   -2.578175E+02   -1.831990E+01   -3.410242E+01    0.000000E+00    0.000000E+00    0.000000E+00
1.103500E+00   -2.012679E+01    8.572675E+01   -7.853849E+01    0.000000E+00    0.000000E+00    0.000000E+00   -2.018142E+02   -4.439946E+01    3.385130E+00    0.000000E+00    0.000000E+00    0.000000E+00
1.104500E+00   -6.793902E+00    1.018905E+02   -8.073930E+01    0.000000E+00    0.000000E+00    0.000000E+00   -2.236580E+02   -2.888463E+01   -1.750141E+01    0.000000E+00    0.000000E+00    0.000000E+00
1.105500E+00   -2.404652E+01    7.605089E+01   -5.304966E+01    0.000000E+00    0.000000E+00    0.000000E+00   -1.567262E+02   -4.266041E+01    1.027830E+01    0.000000E+00    0.000000E+00    0.000000E+00
1.106500E+00   -2.199082E+01    1.069337E+02   -1.159992E+02    0.000000E+00    0.000000E+00    0.000000E+00   -2.723955E+02   -5.693021E+01   -6.796423E-01    0.000000E+00    0.000000E+00    0.000000E+00
1.107500E+00   -2.495169E+01    6.045328E+01   -5.594718E+01    0.000000E+00    0.000000E+00    0.000000E+00   -1.416740E+02   -4.477903E+01    1.503395E+01    0.000000E+00    0.000000E+00    0.000000E+00
1.108500E+00   -2.043336E+01    7.332471E+01   -9.304795E+01    0.000000E+00    0.000000E+00    0.000000E+00   -2.031134E+02   -4.921780E+01    6.035188E+00    0.000000E+00    0.000000E+00    0.000000E+00
1.109500E+00   -3.817513E+01    8.307402E+01   -8.406016E+01    0.000000E+00    0.000000E+00    0.000000E+00   -2.024765E+02   -6.800628E+01    2.518997E+01    0.000000E+00    0.000000E+00    0.000000E+00
1.110500E+00   -2.051494E+01    6.376939E+01   -6.933488E+01    0.000000E+00    0.000000E+00    0.000000E+00   -1.621754E+02   -4.312755E+01    8.450231E+00    0.000000E+00    0.000000E+00    0.000000E+00
1.111500E+00   -3.355341E+01    7.040541E+01   -8.002203E+01    0.000000E+00    0.000000E+00    0.000000E+00   -1.820481E+02   -6.160663E+01    2.246784E+01    0.000000E+00    0.000000E+00    0.000000E+00
1.112500E+00   -2.904143E+01    6.202463E+01   -7.368874E+01    0.000000E+00    0.000000E+00    0.000000E+00   -1.643447E+02   -5.482878E+01    1.877982E+01    0.000000E+00    0.000000E+00    0.000000E+00
1.113500E+00   -2.170865E+01    5.022683E+01   -6.337769E+01    0.000000E+00    0.000000E+00    0.000000E+00   -1.377705E+02   -4.340028E+01    1.286433E+01    0.000000E+00    0.000000E+00    0.000000E+00
1.114500E+00   -9.814996E+00    3.911542E+01   -5.563568E+01    0.000000E+00    0.000000E+00    0.000000E+00   -1.146601E+02   -2.727978E+01    1.100939E+00    0.000000E+00    0.000000E+00    0.000000E+00
1.115500E+00   -4.344229E+01    1.004422E+02   -9.989817E+01    0.000000E+00    0.000000E+00    0.000000E+00   -2.408995E+02   -7.893957E+01    2.548978E+01    0.000000E+00    0.000000E+00    0.000000E+00
1.116500E+00    2.829663E+00    8.452251E+01   -3.895770E+01    0.000000E+00    0.000000E+00    0.000000E+00   -1.482658E+02   -7.366633E+00   -2.670807E+01    0.000000E+00    0.000000E+00    0.000000E+00
1.117500E+00   -1.105988E+01    1.008667E+02   -8.738741E+01    0.000000E+00    0.000000E+00    0.000000E+00   -2.255520E+02   -3.756710E+01   -1.483493E+01    0.000000E+00    0.000000E+00    0.000000E+00
1.118500E+00   -3.309472E+01    1.114013E+02   -9.474321E+01    0.000000E+00    0.000000E+00    0.000000E+00   -2.460143E+02   -6.565812E+01    8.847395E+00    0.000000E+00    0.000000E+00    0.000000E+00
1.119500E+00   -1.641169E+01    6.330428E+01   -5.620124E+01    0.000000E+00    0.000000E+00    0.000000E+00   -1.421508E+02   -3.524135E+01    1.923001E+00    0.000000E+00    0.000000E+00    0.000000E+00
1.120500E+00   -4.240692E+01    9.378322E+01   -1.075777E+02    0.000000E+00    0.000000E+00    0.000000E+00   -2.394744E+02   -8.068244E+01    2.434973E+01    0.000000E+00    0.000000E+00    0.000000E+00
1.121500E+00   -3.392569E+01    1.242144E+02   -1.063663E+02    0.000000E+00    0.000000E+00    0.000000E+00   -2.729809E+02   -7.036461E+01    4.995185E+00    0.000000E+00    0.000000E+00    0.000000E+00
1.122500E+00   -1.511371E+01    1.119511E+02   -7.906881E+01    0.000000E+00    0.000000E+00    0.000000E+00   -2.257592E+02   -4.068793E+01   -1.438637E+01    0.000000E+00    0.000000E+00    0.000000E+00
1.123500E+00   -1.424336E+01    1.444966E+02   -1.226999E+02    0.000000E+00    0.000000E+00    0.000000E+00   -3.155350E+02   -5.259832E+01   -2.530050E+01    0.000000E+00    0.000000E+00    0.000000E+00
1.124500E+00   -3.190939E+01    9.294284E+01   -8.841961E+01    0.000000E+00    0.000000E+00    0.000000E+00   -2.137309E+02   -6.314348E+01    1.089854E+01    0.000000E+00    0.000000E+00    0.000000E+00
1.125500E+00   -1.869664E+01    1.473643E+02   -1.097390E+02    0.000000E+00    0.000000E+00    0.000000E+00   -3.014299E+02   -5.403602E+01   -2.133185E+01    0.000000E+00    0.000000E+00    0.000000E+00
1.126500E+00   -3.292159E+01    6.122121E+01   -7.142286E+01    0.000000E+00    0.000000E+00    0.000000E+00   -1.553697E+02   -5.952057E+01    2.085965E+01    0.000000E+00    0.000000E+00    0.000000E+00
1.127500E+00   -2.261700E+01    9.057060E+01   -8.840644E+01    0.000000E+00    0.000000E+00    0.000000E+00   -2.090219E+02   -5.303381E+01   -6.602106E-01    0.000000E+00    0.000000E+00    0.000000E+00
1.128500E+00   -1.283529E+01    8.529988E+01   -7.477043E+01    0.000000E+00    0.000000E+00    0.000000E+00   -1.868020E+02   -3.742030E+01   -1.059836E+01    0.000000E+00    0.000000E+00    0.000000E+00
1.129500E+00   -3.226818E+01    4.728818E+01   -6.234079E+01    0.000000E+00    0.000000E+00    0.000000E+00   -1.275907E+02   -5.649449E+01    2.337513E+01    0.000000E+00    0.000000E+00    0.000000E+00
1.130500E+00   -3.008551E+01    6.878995E+01   -6.269724E+01    0.000000E+00    0.000000E+00    0.000000E+00   -1.524739E+02   -5.387286E+01    1.425439E+01    0.000000E+00    0.000000E+00    0.000000E+00
1.131500E+00   -1.089547E+01    6.522799E+01   -6.415682E+01    0.000000E+00    0.000000E+00    0.000000E+00   -1.498842E+02   -3.288978E+01   -7.847716E+00    0.000000E+00    0.000000E+00    0.000000E+00
1.132500E+00   -2.575962E+01    5.529269E+01   -7.226466E+01    0.000000E+00    0.000000E+00    0.000000E+00   -1.478001E+02   -5.254366E+01    1.264820E+01    0.000000E+00    0.000000E+00    0.000000E+00
1.133500E+00   -2.968973E+01    7.311864E+01   -7.705981E+01    0.000000E+00    0.000000E+00    0.000000E+00   -1.742371E+02   -5.830131E+01    1.185649E+01    0.000000E+00    0.000000E+00    0.000000E+00
1.134500E+00   -2.913187E+01    8.580119E+01   -1.054086E+02    0.000000E+00    0.000000E+00    0.000000E+00   -2.202708E+02   -6.699781E+01    6.591114E+00    0.000000E+00    0.000000E+00    0.000000E+00
1.135500E+00   -3.663955E+00    8.639922E+01   -4.483702E+01    0.000000E+00    0.000000E+00    0.000000E+00   -1.500877E+02   -1.847505E+01   -2.337291E+01    0.000000E+00    0.000000E+00    0.000000E+00
1.136500E+00   -5.250494E+01    5.388156E+01   -9.281971E+01    0.000000E+00    0.000000E+00    0.000000E+00   -1.679960E+02   -8.982475E+01    4.314725E+01    0.000000E+00    0.000000E+00    0.000000E+00
1.137500E+00   -2.258422E+01    9.469910E+01   -9.301853E+01    0.000000E+00    0.000000E+00    0.000000E+00   -2.155478E+02   -5.576749E+01   -4.173635E+00    0.000000E+00    0.000000E+00    0.000000E+00
1.138500E+00   -3.468245E+01    8.800070E+01   -8.418128E+01    0.000000E+00    0.000000E+00    0.000000E+00   -1.954311E+02   -6.660413E+01    1.114861E+01    0.000000E+00    0.000000E+00    0.000000E+00
1.139500E+00   -2.136490E+01    8.818291E+01   -1.005267E+02    0.000000E+00    0.000000E+00    0.000000E+00   -2.133737E+02   -5.791848E+01   -5.401565E+00    0.000000E+00    0.000000E+00    0.000000E+00
1.140500E+00   -5.304111E+01    1.015385E+02   -1.179583E+02    0.000000E+00    0.000000E+00    0.000000E+00   -2.492591E+02   -9.875724E+01    2.707411E+01    0.000000E+00    0.000000E+00    0.000000E+00
1.141500E+00   -3.604663E+01    2.522076E+01   -5.475735E+01    0.000000E+00    0.000000E+00    0.000000E+00   -8.957197E+01   -5.925064E+01    3.215680E+01    0.000000E+00    0.000000E+00    0.000000E+00
1.142500E+00   -1.273714E+01    1.018717E+02   -9.297382E+01    0.000000E+00    0.000000E+00    0.000000E+00   -2.203383E+02   -4.547578E+01   -1.942281E+01    0.000000E+00    0.000000E+00    0.000000E+00
1.143500E+00   -1.996050E+01    1.025697E+02   -9.325216E+01    0.000000E+00    0.000000E+00    0.000000E+00   -2.189109E+02   -5.400585E+01   -1.257427E+01    0.000000E+00    0.000000E+00    0.000000E+00
1.144500E+00   -6.471126E+01    1.479269E+02   -1.591622E+02    0.000000E+00    0.000000E+00    0.000000E+00   -3.442012E+02   -1.263143E+02    2.269148E+01    0.000000E+00    0.000000E+00    0.000000E+00
1.145500E+00   -2.834486E+01    1.207630E+02   -1.218748E+02    0.000000E+00    0.000000E+00    0.000000E+00   -2.706123E+02   -7.387393E+01   -1.003168E+01    0.000000E+00    0.000000E+00    0.000000E+00
1.146500E+00   -3.124948E+01    7.056038E+01   -7.499908E+01    0.000000E+00    0.000000E+00    0.000000E+00   -1.620557E+02   -6.066261E+01    1.057846E+01    0.000000E+00    0.000000E+00    0.000000E+00
1.147500E+00   -3.837865E+01    4.863497E+01   -8.329140E+01    0.000000E+00    0.000000E+00    0.000000E+00   -1.469630E+02   -7.141713E+01    2.621206E+01    0.000000E+00    0.000000E+00    0.000000E+00
1.148500E+00   -2.123938E+01    8.377211E+01   -8.350393E+01    0.000000E+00    0.000000E+00    0.000000E+00   -1.853269E+02   -5.275586E+01   -5.709185E+00    0.000000E+00    0.000000E+00    0.000000E+00
1.149500E+00   -4.465673E+01    1.106927E+02   -1.269557E+02    0.000000E+00    0.000000E+00    0.000000E+00   -2.623272E+02   -9.416062E+01    1.035922E+01    0.000000E+00    0.000000E+00    0.000000E+00
1.150500E+00   -4.782551E+01    1.089945E+02   -1.187680E+02    0.000000E+00    0.000000E+00    0.000000E+00   -2.502556E+02   -9.479622E+01    1.400957E+01    0.000000E+00    0.000000E+00    0.000000E+00
1.151500E+00   -2.585074E+01    9.661949E+01   -9.487986E+01    0.000000E+00    0.000000E+00    0.000000E+00   -2.111860E+02   -6.215760E+01   -5.699289E+00    0.000000E+00    0.000000E+00    0.000000E+00
1.152500E+00   -9.377744E+00    6.837401E+01   -6.014738E+01    0.000000E+00    0.000000E+00    0.000000E+00   -1.400845E+02   -3.219990E+01   -1.473162E+01    0.000000E+00    0.000000E+00    0.000000E+00
1.153500E+00   -3.901884E+01    7.640819E+01   -9.893712E+01    0.000000E+00    0.000000E+00    0.000000E+00   -1.913108E+02   -7.861285E+01    1.495669E+01    0.000000E+00    0.000000E+00    0.000000E+00
1.154500E+00   -3.763687E+01    9.411869E+01   -1.024420E+02    0.000000E+00    0.000000E+00    0.000000E+00   -2.135454E+02   -7.858564E+01    6.512585E+00    0.000000E+00    0.000000E+00    0.000000E+00
1.155500E+00   -3.450250E+01    1.111697E+02   -1.138274E+02    0.000000E+00    0.000000E+00    0.000000E+00   -2.447163E+02   -7.909262E+01   -3.103701E+00    0.000000E+00    0.000000E+00    0.000000E+00
1.156500E+00   -2.711380E+01    9.754488E+01   -8.882669E+01    0.000000E+00    0.000000E+00    0.000000E+00   -2.014585E+02   -6.224101E+01   -6.738240E+00    0.000000E+00    0.000000E+00    0.000000E+00
1.157500E+00   -3.586393E+01    7.658883E+01   -1.029272E+02    0.000000E+00    0.000000E+00    0.000000E+00   -1.935086E+02   -7.726462E+01    1.016526E+01    0.000000E+00    0.000000E+00    0.000000E+00
1.158500E+00   -4.043133E+01    1.071689E+02   -1.110005E+02    0.000000E+00    0.000000E+00    0.000000E+00   -2.342560E+02   -8.523537E+01    3.232132E+00    0.000000E+00    0.000000E+00    0.000000E+00
1.159500E+00   -3.190383E+01    1.257920E+02   -1.141075E+02    0.000000E+00    0.000000E+00    0.000000E+00   -2.560969E+02   -7.755596E+01   -1.384030E+01    0.000000E+00    0.000000E+00    0.000000E+00
1.160500E+00   -4.419160E+01    8.909818E+01   -1.248870E+02    0.000000E+00    0.000000E+00    0.000000E+00   -2.273661E+02   -9.569624E+01    1.248089E+01    0.000000E+00    0.000000E+00    0.000000E+00
1.161500E+00   -5.792139E+01    1.160479E+02   -1.232222E+02    0.000000E+00    0.000000E+00    0.000000E+00   -2.552574E+02   -1.086128E+02    1.783778E+01    0.000000E+00    0.000000E+00    0.000000E+00
1.162500E+00   -2.600296E+01    1.388302E+02   -1.177564E+02    0.000000E+00    0.000000E+00    0.000000E+00   -2.715254E+02   -7.343296E+01   -2.650316E+01    0.000000E+00    0.000000E+00    0.000000E+00
1.163500E+00   -3.727911E+01    1.376442E+02   -1.312828E+02    0.000000E+00    0.000000E+00    0.000000E+00   -2.835435E+02   -9.097895E+01   -1.462653E+01    0.000000E+00    0.000000E+00    0.000000E+00
1.164500E+00   -4.301150E+01    1.181739E+02   -1.135036E+02    0.000000E+00    0.000000E+00    0.000000E+00   -2.435016E+02   -9.026310E+01   -1.492773E+00    0.000000E+00    0.000000E+00    0.000000E+00
1.165500E+00   -4.350945E+01    1.101154E+02   -1.191493E+02    0.000000E+00    0.000000E+00    0.000000E+00   -2.399391E+02   -9.318922E+01    1.893203E+00    0.000000E+00    0.000000E+00    0.000000E+00
1.166500E+00   -2.450094E+01    7.051607E+01   -6.737290E+01    0.000000E+00    0.000000E+00    0.000000E+00   -1.431924E+02   -5.314740E+01   -3.027327E+00    0.000000E+00    0.000000E+00    0.000000E+00
1.167500E+00   -4.271310E+01    6.350230E+01   -9.640386E+01    0.000000E+00    0.000000E+00    0.000000E+00   -1.656627E+02   -8.385613E+01    1.853048E+01    0.000000E+00    0.000000E+00    0.000000E+00
1.168500E+00   -3.685395E+01    1.007750E+02   -1.043140E+02    0.000000E+00    0.000000E+00    0.000000E+00   -2.123709E+02   -8.092623E+01   -2.876511E+00    0.000000E+00    0.000000E+00    0.000000E+00
1.169500E+00   -3.406477E+01    1.273028E+02   -1.217691E+02    0.000000E+00    0.000000E+00    0.000000E+00   -2.568087E+02   -8.534935E+01   -1.712300E+01    0.000000E+00    0.000000E+00    0.000000E+00
1.170500E+00   -4.360097E+01    9.680242E+01   -1.040570E+02    0.000000E+00    0.000000E+00    0.000000E+00   -2.051245E+02   -8.846469E+01    4.149234E+00    0.000000E+00    0.000000E+00    0.000000E+00
1.171500E+00   -3.802351E+01    1.185283E+02   -1.286327E+02    0.000000E+00    0.000000E+00    0.000000E+00   -2.532098E+02   -9.266796E+01   -1.026967E+01    0.000000E+00    0.000000E+00    0.000000E+00
1.172500E+00   -3.672611E+01    1.081094E+02   -1.112067E+02    0.000000E+00    0.000000E+00    0.000000E+00   -2.232103E+02   -8.451373E+01   -8.087294E+00    0.000000E+00    0.000000E+00    0.000000E+00
1.173500E+00   -4.757259E+01    1.360464E+02   -1.329014E+02    0.000000E+00    0.000000E+00    0.000000E+00   -2.728315E+02   -1.049827E+02   -9.430020E+00    0.000000E+00    0.000000E+00    0.000000E+00
1.174500E+00   -4.010221E+01    1.351913E+02   -1.379668E+02    0.000000E+00    0.000000E+00    0.000000E+00   -2.761069E+02   -9.983188E+01   -1.725105E+01    0.000000E+00    0.000000E+00    0.000000E+00
1.175500E+00   -3.626676E+01    1.064068E+02   -1.154986E+02    0.000000E+00    0.000000E+00    0.000000E+00   -2.228426E+02   -8.671392E+01   -9.599868E+00    0.000000E+00    0.000000E+00    0.000000E+00
1.176500E+00   -4.932658E+01    1.270028E+02   -1.175885E+02    0.000000E+00    0.000000E+00    0.000000E+00   -2.457154E+02   -1.006736E+02   -5.410912E+00    0.000000E+00    0.000000E+00    0.000000E+00
1.177500E+00   -4.193240E+01    1.404582E+02   -1.256491E+02    0.000000E+00    0.000000E+00    0.000000E+00   -2.656231E+02   -9.715630E+01   -1.961746E+01    0.000000E+00    0.000000E+00    0.000000E+00
1.178500E+00   -3.837127E+01    1.432919E+02   -1.502921E+02    0.000000E+00    0.000000E+00    0.000000E+00   -2.912181E+02   -1.048759E+02   -2.542052E+01    0.000000E+00    0.000000E+00    0.000000E+00
1.179500E+00   -5.568784E+01    1.443377E+02   -1.469471E+02    0.000000E+00    0.000000E+00    0.000000E+00   -2.874000E+02   -1.212059E+02   -9.797083E+00    0.000000E+00    0.000000E+00    0.000000E+00
1.180500E+00   -3.957661E+01    1.109175E+02   -1.184810E+02    0.000000E+00    0.000000E+00    0.000000E+00   -2.252560E+02   -9.277195E+01   -1.113217E+01    0.000000E+00    0.000000E+00    0.000000E+00
1.181500E+00   -3.693773E+01    1.471326E+02   -1.344106E+02    0.000000E+00    0.000000E+00    0.000000E+00   -2.758400E+02   -9.747995E+01   -3.052049E+01    0.000000E+00    0.000000E+00    0.000000E+00
1.182500E+00   -5.073698E+01    1.398776E+02   -1.358650E+02    0.000000E+00    0.000000E+00    0.000000E+00   -2.687763E+02   -1.121126E+02   -1.480894E+01    0.000000E+00    0.000000E+00    0.000000E+00
1.183500E+00   -5.227936E+01    1.306952E+02   -1.431057E+02    0.000000E+00    0.000000E+00    0.000000E+00   -2.643998E+02   -1.176338E+02   -1.042026E+01    0.000000E+00    0.000000E+00    0.000000E+00
1.184500E+00   -4.389156E+01    1.310517E+02   -1.423579E+02    0.000000E+00    0.000000E+00    0.000000E+00   -2.630884E+02   -1.094389E+02   -1.920019E+01    0.000000E+00    0.000000E+00    0.000000E+00
1.185500E+00   -5.862115E+01    1.397478E+02   -1.447937E+02    0.000000E+00    0.000000E+00    0.000000E+00   -2.722474E+02   -1.253865E+02   -1.036662E+01    0.000000E+00    0.000000E+00    0.000000E+00
1.186500E+00   -5.048548E+01    1.155132E+02   -1.296007E+02    0.000000E+00    0.000000E+00    0.000000E+00   -2.330801E+02   -1.107151E+02   -7.534336E+00    0.000000E+00    0.000000E+00    0.000000E+00
1.187500E+00   -4.203229E+01    1.248180E+02   -1.348686E+02    0.000000E+00    0.000000E+00    0.000000E+00   -2.460140E+02   -1.053468E+02   -2.042947E+01    0.000000E+00    0.000000E+00    0.000000E+00
1.188500E+00   -5.459495E+01    1.453157E+02   -1.444208E+02    0.000000E+00    0.000000E+00    0.000000E+00   -2.726617E+02   -1.227420E+02   -1.995143E+01    0.000000E+00    0.000000E+00    0.000000E+00
1.189500E+00   -5.054056E+01    1.217859E+02   -1.505514E+02    0.000000E+00    0.000000E+00    0.000000E+00   -2.541215E+02   -1.222349E+02   -1.313316E+01    0.000000E+00    0.000000E+00    0.000000E+00
1.190500E+00   -6.288190E+01    1.174847E+02   -1.425416E+02    0.000000E+00    0.000000E+00    0.000000E+00   -2.411955E+02   -1.308578E+02   -8.975307E-01    0.000000E+00    0.000000E+00    0.000000E+00
1.191500E+00   -4.809954E+01    1.321675E+02   -1.318914E+02    0.000000E+00    0.000000E+00    0.000000E+00   -2.448785E+02   -1.116842E+02   -2.216643E+01    0.000000E+00    0.000000E+00    0.000000E+00
1.192500E+00   -5.461251E+01    1.400545E+02   -1.610059E+02    0.000000E+00    0.000000E+00    0.000000E+00   -2.767949E+02   -1.326361E+02   -2.112723E+01    0.000000E+00    0.000000E+00    0.000000E+00
1.193500E+00   -6.212750E+01    1.264171E+02   -1.417681E+02    0.000000E+00    0.000000E+00    0.000000E+00   -2.449236E+02   -1.309054E+02   -9.003891E+00    0.000000E+00    0.000000E+00    0.000000E+00
1.194500E+00   -5.791514E+01    1.402090E+02   -1.508381E+02    0.000000E+00    0.000000E+00    0.000000E+00   -2.646970E+02   -1.317045E+02   -2.045220E+01    0.000000E+00    0.000000E+00    0.000000E+00
1.195500E+00   -5.460469E+01    1.380987E+02   -1.595447E+02    0.000000E+00    0.000000E+00    0.000000E+00   -2.685088E+02   -1.335928E+02   -2.328881E+01    0.000000E+00    0.000000E+00    0.000000E+00
1.196500E+00   -6.299632E+01    1.364802E+02   -1.584391E+02    0.000000E+00    0.000000E+00    0.000000E+00   -2.639905E+02   -1.415731E+02   -1.663326E+01    0.000000E+00    0.000000E+00    0.000000E+00
1.197500E+00   -6.760827E+01    1.471467E+02   -1.812095E+02    0.000000E+00    0.000000E+00    0.000000E+00   -2.915746E+02   -1.581715E+02   -1.928098E+01    0.000000E+00    0.000000E+00    0.000000E+00
1.198500E+00   -5.493718E+01    1.378864E+02   -1.677692E+02    0.000000E+00    0.000000E+00    0.000000E+00   -2.690379E+02   -1.400587E+02   -2.656679E+01    0.000000E+00    0.000000E+00    0.000000E+00
1.199500E+00   -8.344447E+01    1.291718E+02   -1.811318E+02    0.000000E+00    0.000000E+00    0.000000E+00   -2.702078E+02   -1.744812E+02    4.362817E-01    0.000000E+00    0.000000E+00    0.000000E+00
