 LS-DYNA keyword deck by LS-PrePost                                      
                    ls-dyna mpp d R14 R14.1.1_8_2ef819c date 10/28/2024
ICFD Drag Forces and Moments
time,            Fpx,Fpy,            Fpz,Fvx,            Fvy,Fvz,            Mpx,Mpy,            Mpz,Mvx,            Mvy,Mvz
 LS-DYNA keyword deck by LS-PrePost                                      
                    ls-dyna mpp d R14 R14.1.1_8_2ef819c date 10/28/2024
ICFD Drag Forces and Moments
time,            Fpx,            Fpy,            Fpz,            Fvx,            Fvy,            Fvz,            Mpx,            Mpy,            Mpz,            Mvx,            Mvy,            Mvz
7.500000E-04   -4.112093E-01   -1.760209E-01   -3.856688E+01    0.000000E+00    0.000000E+00    0.000000E+00    4.853388E-02   -1.517778E-01    5.669818E-02    0.000000E+00    0.000000E+00    0.000000E+00
1.750000E-03   -3.006762E-01   -1.848278E-01   -3.758940E+01    0.000000E+00    0.000000E+00    0.000000E+00    4.074243E-02   -1.363898E-01    6.279713E-02    0.000000E+00    0.000000E+00    0.000000E+00
2.750000E-03   -7.808196E-02   -1.784057E-01   -3.534490E+01    0.000000E+00    0.000000E+00    0.000000E+00    3.097637E-02   -6.994411E-02    5.862169E-02    0.000000E+00    0.000000E+00    0.000000E+00
3.750000E-03   -3.065724E-02   -1.283758E-01   -3.395624E+01    0.000000E+00    0.000000E+00    0.000000E+00    1.409937E-02   -5.028527E-02    5.145655E-02    0.000000E+00    0.000000E+00    0.000000E+00
4.750000E-03   -1.370217E-01   -4.661691E-02   -3.374401E+01    0.000000E+00    0.000000E+00    0.000000E+00   -1.379268E-02   -7.997365E-02    5.108240E-02    0.000000E+00    0.000000E+00    0.000000E+00
5.750000E-03   -2.416688E-01    1.213690E-02   -3.378668E+01    0.000000E+00    0.000000E+00    0.000000E+00   -3.379308E-02   -1.095491E-01    5.164113E-02    0.000000E+00    0.000000E+00    0.000000E+00
6.750000E-03   -2.648949E-01    2.140526E-02   -3.371008E+01    0.000000E+00    0.000000E+00    0.000000E+00   -3.641863E-02   -1.129235E-01    5.066957E-02    0.000000E+00    0.000000E+00    0.000000E+00
7.750000E-03   -2.341912E-01   -2.563669E-03   -3.354677E+01    0.000000E+00    0.000000E+00    0.000000E+00   -2.789061E-02   -1.013855E-01    4.925303E-02    0.000000E+00    0.000000E+00    0.000000E+00
8.750000E-03   -1.212588E-01   -4.139576E-02   -2.445669E+01    0.000000E+00    0.000000E+00    0.000000E+00   -5.134506E-03   -5.183030E-02    3.271945E-02    0.000000E+00    0.000000E+00    0.000000E+00
9.750000E-03    3.128225E-02   -1.081519E-01   -2.701092E+00    0.000000E+00    0.000000E+00    0.000000E+00    3.691464E-02    7.616188E-03   -7.064751E-03    0.000000E+00    0.000000E+00    0.000000E+00
1.075000E-02    4.567576E-02   -7.807603E-02    7.511063E+00    0.000000E+00    0.000000E+00    0.000000E+00    4.033427E-02    1.751263E-02   -1.381450E-02    0.000000E+00    0.000000E+00    0.000000E+00
1.175000E-02    1.409923E-03   -1.093877E-02    3.570650E+00    0.000000E+00    0.000000E+00    0.000000E+00    1.221330E-02   -2.567147E-03   -5.482597E-03    0.000000E+00    0.000000E+00    0.000000E+00
1.275000E-02   -3.806500E-02    1.398188E-02   -4.540356E+00    0.000000E+00    0.000000E+00    0.000000E+00   -4.994861E-03   -2.003529E-02    7.353730E-03    0.000000E+00    0.000000E+00    0.000000E+00
1.375000E-02   -1.002161E-02   -3.022154E-02   -7.058990E+00    0.000000E+00    0.000000E+00    0.000000E+00    1.027837E-02   -9.206966E-03    7.502588E-03    0.000000E+00    0.000000E+00    0.000000E+00
1.475000E-02    1.502464E-02   -6.162660E-02   -5.299967E+00    0.000000E+00    0.000000E+00    0.000000E+00    2.407034E-02    1.675216E-03    2.081526E-03    0.000000E+00    0.000000E+00    0.000000E+00
1.575000E-02    6.284472E-03   -5.441019E-02   -3.184449E+00    0.000000E+00    0.000000E+00    0.000000E+00    2.277841E-02   -1.747540E-03   -1.342200E-03    0.000000E+00    0.000000E+00    0.000000E+00
1.675000E-02   -7.555943E-03   -3.552108E-02   -3.216144E+00    0.000000E+00    0.000000E+00    0.000000E+00    1.577091E-02   -5.783724E-03    1.582919E-03    0.000000E+00    0.000000E+00    0.000000E+00
1.775000E-02   -2.061726E-02   -3.598367E-02   -4.313243E+00    0.000000E+00    0.000000E+00    0.000000E+00    1.613992E-02   -1.090810E-02    5.815424E-03    0.000000E+00    0.000000E+00    0.000000E+00
1.875000E-02   -2.334795E-02   -4.449189E-02   -5.311878E+00    0.000000E+00    0.000000E+00    0.000000E+00    1.916999E-02   -1.240138E-02    6.627535E-03    0.000000E+00    0.000000E+00    0.000000E+00
1.975000E-02   -2.637514E-02   -5.421968E-02   -5.709873E+00    0.000000E+00    0.000000E+00    0.000000E+00    2.297010E-02   -1.500862E-02    5.980850E-03    0.000000E+00    0.000000E+00    0.000000E+00
2.075000E-02    2.785695E-04   -4.643986E-02   -5.901594E+00    0.000000E+00    0.000000E+00    0.000000E+00    1.859132E-02   -1.713571E-03    5.695585E-03    0.000000E+00    0.000000E+00    0.000000E+00
2.175000E-02    1.195362E-03   -4.622081E-02   -6.143340E+00    0.000000E+00    0.000000E+00    0.000000E+00    1.936912E-02   -7.504332E-04    4.298484E-03    0.000000E+00    0.000000E+00    0.000000E+00
2.275000E-02   -1.949702E-02   -4.051357E-02   -6.511744E+00    0.000000E+00    0.000000E+00    0.000000E+00    1.668541E-02   -1.009383E-02    6.321899E-03    0.000000E+00    0.000000E+00    0.000000E+00
2.375000E-02   -1.789954E-02   -4.514180E-02   -6.935362E+00    0.000000E+00    0.000000E+00    0.000000E+00    1.905270E-02   -8.440111E-03    7.353228E-03    0.000000E+00    0.000000E+00    0.000000E+00
2.475000E-02   -2.261092E-02   -3.977393E-02   -7.376320E+00    0.000000E+00    0.000000E+00    0.000000E+00    1.600156E-02   -1.008606E-02    8.326326E-03    0.000000E+00    0.000000E+00    0.000000E+00
2.575000E-02   -2.916755E-02   -2.732783E-02   -7.801476E+00    0.000000E+00    0.000000E+00    0.000000E+00    9.728419E-03   -1.289756E-02    8.527421E-03    0.000000E+00    0.000000E+00    0.000000E+00
2.675000E-02   -4.167437E-02   -1.867719E-02   -8.194746E+00    0.000000E+00    0.000000E+00    0.000000E+00    5.323344E-03   -1.866389E-02    8.359650E-03    0.000000E+00    0.000000E+00    0.000000E+00
2.775000E-02   -5.034445E-02   -2.112771E-02   -8.556598E+00    0.000000E+00    0.000000E+00    0.000000E+00    6.779450E-03   -2.229709E-02    9.738865E-03    0.000000E+00    0.000000E+00    0.000000E+00
2.875000E-02   -5.849053E-02   -2.083666E-02   -8.899813E+00    0.000000E+00    0.000000E+00    0.000000E+00    6.696852E-03   -2.559030E-02    1.095579E-02    0.000000E+00    0.000000E+00    0.000000E+00
2.975000E-02   -6.703029E-02   -2.209527E-02   -9.240613E+00    0.000000E+00    0.000000E+00    0.000000E+00    7.518664E-03   -2.935476E-02    1.204497E-02    0.000000E+00    0.000000E+00    0.000000E+00
3.075000E-02   -7.600865E-02   -2.885468E-02   -9.574553E+00    0.000000E+00    0.000000E+00    0.000000E+00    1.167159E-02   -3.286541E-02    1.414954E-02    0.000000E+00    0.000000E+00    0.000000E+00
3.175000E-02   -8.183656E-02   -3.805883E-02   -9.884688E+00    0.000000E+00    0.000000E+00    0.000000E+00    1.701752E-02   -3.536364E-02    1.418550E-02    0.000000E+00    0.000000E+00    0.000000E+00
3.275000E-02   -8.916277E-02   -4.081833E-02   -1.017081E+01    0.000000E+00    0.000000E+00    0.000000E+00    1.935803E-02   -3.866228E-02    1.485848E-02    0.000000E+00    0.000000E+00    0.000000E+00
3.375000E-02   -8.974214E-02   -4.888013E-02   -1.043552E+01    0.000000E+00    0.000000E+00    0.000000E+00    2.417805E-02   -3.908301E-02    1.588044E-02    0.000000E+00    0.000000E+00    0.000000E+00
3.475000E-02   -1.000128E-01   -4.401844E-02   -1.068212E+01    0.000000E+00    0.000000E+00    0.000000E+00    2.242444E-02   -4.320560E-02    1.708106E-02    0.000000E+00    0.000000E+00    0.000000E+00
3.575000E-02   -1.045955E-01   -4.355702E-02   -1.091485E+01    0.000000E+00    0.000000E+00    0.000000E+00    2.290892E-02   -4.474171E-02    1.727965E-02    0.000000E+00    0.000000E+00    0.000000E+00
3.675000E-02   -1.026086E-01   -4.394701E-02   -1.113132E+01    0.000000E+00    0.000000E+00    0.000000E+00    2.377298E-02   -4.352338E-02    1.613702E-02    0.000000E+00    0.000000E+00    0.000000E+00
3.775000E-02   -9.681206E-02   -4.424537E-02   -1.132614E+01    0.000000E+00    0.000000E+00    0.000000E+00    2.493171E-02   -4.055533E-02    1.597130E-02    0.000000E+00    0.000000E+00    0.000000E+00
3.875000E-02   -9.105382E-02   -4.503973E-02   -1.150188E+01    0.000000E+00    0.000000E+00    0.000000E+00    2.614959E-02   -3.845224E-02    1.662328E-02    0.000000E+00    0.000000E+00    0.000000E+00
3.975000E-02   -8.861202E-02   -4.359929E-02   -1.166291E+01    0.000000E+00    0.000000E+00    0.000000E+00    2.666882E-02   -3.736605E-02    1.668935E-02    0.000000E+00    0.000000E+00    0.000000E+00
4.075000E-02   -7.643103E-02   -4.331492E-02   -1.180190E+01    0.000000E+00    0.000000E+00    0.000000E+00    2.690982E-02   -3.075623E-02    1.591565E-02    0.000000E+00    0.000000E+00    0.000000E+00
4.175000E-02   -6.982164E-02   -3.933049E-02   -1.192079E+01    0.000000E+00    0.000000E+00    0.000000E+00    2.502812E-02   -2.731334E-02    1.430978E-02    0.000000E+00    0.000000E+00    0.000000E+00
4.275000E-02   -6.636149E-02   -3.962500E-02   -1.202131E+01    0.000000E+00    0.000000E+00    0.000000E+00    2.487081E-02   -2.583817E-02    1.403149E-02    0.000000E+00    0.000000E+00    0.000000E+00
4.375000E-02   -6.063703E-02   -3.649493E-02   -1.210151E+01    0.000000E+00    0.000000E+00    0.000000E+00    2.425975E-02   -2.304934E-02    1.356556E-02    0.000000E+00    0.000000E+00    0.000000E+00
4.475000E-02   -5.304209E-02   -2.743750E-02   -1.216694E+01    0.000000E+00    0.000000E+00    0.000000E+00    1.946057E-02   -1.911800E-02    1.218579E-02    0.000000E+00    0.000000E+00    0.000000E+00
4.575000E-02   -4.697769E-02   -2.780709E-02   -1.222097E+01    0.000000E+00    0.000000E+00    0.000000E+00    1.946910E-02   -1.635386E-02    1.180498E-02    0.000000E+00    0.000000E+00    0.000000E+00
4.675000E-02   -4.087848E-02   -4.017038E-02   -1.226346E+01    0.000000E+00    0.000000E+00    0.000000E+00    2.538724E-02   -1.347802E-02    1.122290E-02    0.000000E+00    0.000000E+00    0.000000E+00
4.775000E-02   -3.626868E-02   -4.232115E-02   -1.229272E+01    0.000000E+00    0.000000E+00    0.000000E+00    2.647041E-02   -1.137242E-02    1.101937E-02    0.000000E+00    0.000000E+00    0.000000E+00
4.875000E-02   -3.124762E-02   -4.516309E-02   -1.232865E+01    0.000000E+00    0.000000E+00    0.000000E+00    2.784863E-02   -9.217867E-03    1.075889E-02    0.000000E+00    0.000000E+00    0.000000E+00
4.975000E-02   -2.741206E-02   -4.654499E-02   -1.234989E+01    0.000000E+00    0.000000E+00    0.000000E+00    2.851275E-02   -7.601162E-03    1.071847E-02    0.000000E+00    0.000000E+00    0.000000E+00
5.075000E-02   -2.402440E-02   -4.716736E-02   -1.237347E+01    0.000000E+00    0.000000E+00    0.000000E+00    2.876481E-02   -6.360971E-03    1.081272E-02    0.000000E+00    0.000000E+00    0.000000E+00
5.175000E-02   -2.204271E-02   -5.408903E-02   -1.239731E+01    0.000000E+00    0.000000E+00    0.000000E+00    3.225471E-02   -5.963372E-03    1.098231E-02    0.000000E+00    0.000000E+00    0.000000E+00
5.275000E-02   -1.537414E-02   -5.452333E-02   -1.241944E+01    0.000000E+00    0.000000E+00    0.000000E+00    3.274525E-02   -3.692845E-03    1.103364E-02    0.000000E+00    0.000000E+00    0.000000E+00
5.375000E-02   -1.438231E-02   -5.635372E-02   -1.243749E+01    0.000000E+00    0.000000E+00    0.000000E+00    3.361009E-02   -3.958096E-03    1.157875E-02    0.000000E+00    0.000000E+00    0.000000E+00
5.475000E-02   -1.069226E-02   -5.755810E-02   -1.245250E+01    0.000000E+00    0.000000E+00    0.000000E+00    3.412355E-02   -2.927050E-03    1.184263E-02    0.000000E+00    0.000000E+00    0.000000E+00
5.575000E-02   -7.914686E-03   -5.942122E-02   -1.246519E+01    0.000000E+00    0.000000E+00    0.000000E+00    3.493406E-02   -1.992222E-03    1.190809E-02    0.000000E+00    0.000000E+00    0.000000E+00
5.675000E-02   -3.638844E-03   -5.579125E-02   -1.247635E+01    0.000000E+00    0.000000E+00    0.000000E+00    3.295963E-02   -1.253874E-03    1.266189E-02    0.000000E+00    0.000000E+00    0.000000E+00
5.775000E-02    3.580875E-03   -5.240084E-02   -1.248826E+01    0.000000E+00    0.000000E+00    0.000000E+00    3.105278E-02    1.569167E-03    1.300214E-02    0.000000E+00    0.000000E+00    0.000000E+00
5.875000E-02    8.616913E-03   -4.929930E-02   -1.250014E+01    0.000000E+00    0.000000E+00    0.000000E+00    2.877676E-02    3.998444E-03    1.237477E-02    0.000000E+00    0.000000E+00    0.000000E+00
5.975000E-02    1.162474E-02   -4.546302E-02   -1.251179E+01    0.000000E+00    0.000000E+00    0.000000E+00    2.675321E-02    4.749937E-03    1.286093E-02    0.000000E+00    0.000000E+00    0.000000E+00
6.075000E-02    2.840762E-02   -4.293529E-02   -1.252353E+01    0.000000E+00    0.000000E+00    0.000000E+00    2.535392E-02    1.247630E-02    1.416637E-02    0.000000E+00    0.000000E+00    0.000000E+00
6.175000E-02    3.971915E-02   -4.658106E-02   -1.253539E+01    0.000000E+00    0.000000E+00    0.000000E+00    2.701315E-02    1.658950E-02    1.286872E-02    0.000000E+00    0.000000E+00    0.000000E+00
6.275000E-02    4.310368E-02   -5.233183E-02   -1.254818E+01    0.000000E+00    0.000000E+00    0.000000E+00    2.954934E-02    1.783481E-02    1.217287E-02    0.000000E+00    0.000000E+00    0.000000E+00
6.375000E-02    4.810676E-02   -5.495289E-02   -1.256161E+01    0.000000E+00    0.000000E+00    0.000000E+00    3.048957E-02    1.967337E-02    1.178109E-02    0.000000E+00    0.000000E+00    0.000000E+00
6.475000E-02    4.378067E-02   -5.406593E-02   -1.257454E+01    0.000000E+00    0.000000E+00    0.000000E+00    3.064857E-02    1.590605E-02    1.304052E-02    0.000000E+00    0.000000E+00    0.000000E+00
6.575000E-02    5.025431E-02   -4.749676E-02   -1.258777E+01    0.000000E+00    0.000000E+00    0.000000E+00    2.764865E-02    1.782982E-02    1.312358E-02    0.000000E+00    0.000000E+00    0.000000E+00
6.675000E-02    5.013934E-02   -3.942413E-02   -1.260090E+01    0.000000E+00    0.000000E+00    0.000000E+00    2.464285E-02    1.743523E-02    1.357204E-02    0.000000E+00    0.000000E+00    0.000000E+00
6.775000E-02    5.841254E-02   -3.646430E-02   -1.261370E+01    0.000000E+00    0.000000E+00    0.000000E+00    2.360677E-02    2.085475E-02    1.341614E-02    0.000000E+00    0.000000E+00    0.000000E+00
6.875000E-02    6.916774E-02   -3.604421E-02   -1.262526E+01    0.000000E+00    0.000000E+00    0.000000E+00    2.335626E-02    2.513401E-02    1.304283E-02    0.000000E+00    0.000000E+00    0.000000E+00
6.975000E-02    7.762808E-02   -3.451749E-02   -1.263567E+01    0.000000E+00    0.000000E+00    0.000000E+00    2.290063E-02    2.843174E-02    1.284457E-02    0.000000E+00    0.000000E+00    0.000000E+00
7.075000E-02    8.461938E-02   -3.280897E-02   -1.264510E+01    0.000000E+00    0.000000E+00    0.000000E+00    2.229266E-02    3.080164E-02    1.287746E-02    0.000000E+00    0.000000E+00    0.000000E+00
7.175000E-02    9.390842E-02   -3.170603E-02   -1.265400E+01    0.000000E+00    0.000000E+00    0.000000E+00    2.200987E-02    3.457710E-02    1.270113E-02    0.000000E+00    0.000000E+00    0.000000E+00
7.275000E-02    9.576424E-02   -2.873394E-02   -1.266211E+01    0.000000E+00    0.000000E+00    0.000000E+00    2.084966E-02    3.457587E-02    1.191230E-02    0.000000E+00    0.000000E+00    0.000000E+00
7.375000E-02    1.053026E-01   -2.520500E-02   -1.266947E+01    0.000000E+00    0.000000E+00    0.000000E+00    1.911069E-02    3.831275E-02    1.200337E-02    0.000000E+00    0.000000E+00    0.000000E+00
7.475000E-02    1.096157E-01   -2.155343E-02   -1.267625E+01    0.000000E+00    0.000000E+00    0.000000E+00    1.729433E-02    3.938611E-02    1.151261E-02    0.000000E+00    0.000000E+00    0.000000E+00
7.575000E-02    1.152250E-01   -2.043063E-02   -1.268296E+01    0.000000E+00    0.000000E+00    0.000000E+00    1.681688E-02    4.122343E-02    1.156420E-02    0.000000E+00    0.000000E+00    0.000000E+00
7.675000E-02    1.214213E-01   -2.076330E-02   -1.268946E+01    0.000000E+00    0.000000E+00    0.000000E+00    1.723032E-02    4.346599E-02    1.137936E-02    0.000000E+00    0.000000E+00    0.000000E+00
7.775000E-02    1.284767E-01   -2.268624E-02   -1.269575E+01    0.000000E+00    0.000000E+00    0.000000E+00    1.844845E-02    4.615317E-02    1.098962E-02    0.000000E+00    0.000000E+00    0.000000E+00
7.875000E-02    1.330566E-01   -2.146509E-02   -1.270205E+01    0.000000E+00    0.000000E+00    0.000000E+00    1.804712E-02    4.769803E-02    1.106001E-02    0.000000E+00    0.000000E+00    0.000000E+00
7.975000E-02    1.370533E-01   -2.061151E-02   -1.270784E+01    0.000000E+00    0.000000E+00    0.000000E+00    1.782904E-02    4.896949E-02    1.117835E-02    0.000000E+00    0.000000E+00    0.000000E+00
8.075000E-02    1.411175E-01   -1.957003E-02   -1.271333E+01    0.000000E+00    0.000000E+00    0.000000E+00    1.751656E-02    5.031189E-02    1.120085E-02    0.000000E+00    0.000000E+00    0.000000E+00
8.175000E-02    1.412462E-01   -1.275485E-02   -1.271808E+01    0.000000E+00    0.000000E+00    0.000000E+00    1.422446E-02    4.973356E-02    1.044969E-02    0.000000E+00    0.000000E+00    0.000000E+00
8.275000E-02    1.468295E-01   -1.100975E-02   -1.272314E+01    0.000000E+00    0.000000E+00    0.000000E+00    1.360076E-02    5.210194E-02    1.067950E-02    0.000000E+00    0.000000E+00    0.000000E+00
8.375000E-02    1.522454E-01   -1.461892E-02   -1.272784E+01    0.000000E+00    0.000000E+00    0.000000E+00    1.586284E-02    5.443884E-02    1.037956E-02    0.000000E+00    0.000000E+00    0.000000E+00
8.475000E-02    1.561529E-01   -1.593496E-02   -1.273263E+01    0.000000E+00    0.000000E+00    0.000000E+00    1.687682E-02    5.601487E-02    1.025435E-02    0.000000E+00    0.000000E+00    0.000000E+00
8.575000E-02    1.581431E-01   -1.480167E-02   -1.273731E+01    0.000000E+00    0.000000E+00    0.000000E+00    1.656534E-02    5.663611E-02    1.020505E-02    0.000000E+00    0.000000E+00    0.000000E+00
8.675000E-02    1.599357E-01   -1.395169E-02   -1.274212E+01    0.000000E+00    0.000000E+00    0.000000E+00    1.644644E-02    5.723989E-02    1.023187E-02    0.000000E+00    0.000000E+00    0.000000E+00
8.775000E-02    1.648683E-01   -1.921653E-02   -1.274672E+01    0.000000E+00    0.000000E+00    0.000000E+00    1.956236E-02    5.956904E-02    9.443561E-03    0.000000E+00    0.000000E+00    0.000000E+00
8.875000E-02    1.663303E-01   -1.801662E-02   -1.275171E+01    0.000000E+00    0.000000E+00    0.000000E+00    1.929561E-02    6.007562E-02    9.532792E-03    0.000000E+00    0.000000E+00    0.000000E+00
8.975000E-02    1.676829E-01   -1.700032E-02   -1.275640E+01    0.000000E+00    0.000000E+00    0.000000E+00    1.906671E-02    6.055792E-02    9.581850E-03    0.000000E+00    0.000000E+00    0.000000E+00
9.075000E-02    1.680311E-01   -1.840646E-02   -1.276112E+01    0.000000E+00    0.000000E+00    0.000000E+00    2.012125E-02    6.056441E-02    9.470914E-03    0.000000E+00    0.000000E+00    0.000000E+00
9.175000E-02    1.684841E-01   -1.749412E-02   -1.276641E+01    0.000000E+00    0.000000E+00    0.000000E+00    1.994514E-02    6.083543E-02    9.587693E-03    0.000000E+00    0.000000E+00    0.000000E+00
9.275000E-02    1.684088E-01   -1.669111E-02   -1.277225E+01    0.000000E+00    0.000000E+00    0.000000E+00    1.984766E-02    6.090451E-02    9.639449E-03    0.000000E+00    0.000000E+00    0.000000E+00
9.375000E-02    1.748635E-01   -1.180913E-02   -1.277740E+01    0.000000E+00    0.000000E+00    0.000000E+00    1.763160E-02    6.437546E-02    8.961227E-03    0.000000E+00    0.000000E+00    0.000000E+00
9.475000E-02    1.751275E-01   -1.044346E-02   -1.278231E+01    0.000000E+00    0.000000E+00    0.000000E+00    1.724320E-02    6.451270E-02    9.142365E-03    0.000000E+00    0.000000E+00    0.000000E+00
9.575000E-02    1.747185E-01   -8.781645E-03   -1.278707E+01    0.000000E+00    0.000000E+00    0.000000E+00    1.669847E-02    6.437322E-02    9.369691E-03    0.000000E+00    0.000000E+00    0.000000E+00
9.675000E-02    1.742533E-01   -7.921716E-03   -1.279228E+01    0.000000E+00    0.000000E+00    0.000000E+00    1.653683E-02    6.430459E-02    9.418992E-03    0.000000E+00    0.000000E+00    0.000000E+00
9.775000E-02    1.732110E-01   -6.814695E-03   -1.279815E+01    0.000000E+00    0.000000E+00    0.000000E+00    1.624014E-02    6.402951E-02    9.539519E-03    0.000000E+00    0.000000E+00    0.000000E+00
9.875000E-02    1.721503E-01   -5.936551E-03   -1.280422E+01    0.000000E+00    0.000000E+00    0.000000E+00    1.604573E-02    6.377805E-02    9.587225E-03    0.000000E+00    0.000000E+00    0.000000E+00
9.975000E-02    1.713970E-01   -4.216604E-03   -1.281018E+01    0.000000E+00    0.000000E+00    0.000000E+00    1.546912E-02    6.369232E-02    9.454989E-03    0.000000E+00    0.000000E+00    0.000000E+00
1.007500E-01    6.968405E-01    1.557826E+00    1.449561E+01    0.000000E+00    0.000000E+00    0.000000E+00   -2.701867E-01    1.331266E-01    2.427727E-02    0.000000E+00    0.000000E+00    0.000000E+00
1.017500E-01   -2.073765E+00    6.044805E-01    1.700897E+01    0.000000E+00    0.000000E+00    0.000000E+00   -3.435628E-02   -5.907092E-01    1.288636E-01    0.000000E+00    0.000000E+00    0.000000E+00
1.027500E-01   -2.256526E+00   -1.780526E-01    1.449883E+01    0.000000E+00    0.000000E+00    0.000000E+00   -7.499397E-02   -6.798394E-01    1.696733E-01    0.000000E+00    0.000000E+00    0.000000E+00
1.037500E-01    3.155355E-01    1.350880E+00    5.084890E+00    0.000000E+00    0.000000E+00    0.000000E+00   -4.036067E-01    1.954637E-01    2.395995E-01    0.000000E+00    0.000000E+00    0.000000E+00
1.047500E-01   -5.439648E-01    2.548824E+00    6.245900E+00    0.000000E+00    0.000000E+00    0.000000E+00   -5.059907E-01    1.898064E-01    3.337321E-02    0.000000E+00    0.000000E+00    0.000000E+00
1.057500E-01   -6.316885E+00    2.213913E+00    7.974703E+00    0.000000E+00    0.000000E+00    0.000000E+00   -3.412819E-01   -1.550513E+00    4.803402E-02    0.000000E+00    0.000000E+00    0.000000E+00
1.067500E-01    1.010957E+00    8.681961E-01    3.937978E+00    0.000000E+00    0.000000E+00    0.000000E+00   -9.346598E-02    1.933135E-01   -3.247196E-02    0.000000E+00    0.000000E+00    0.000000E+00
1.077500E-01    2.295160E+00    3.580428E+00    9.714970E-01    0.000000E+00    0.000000E+00    0.000000E+00   -8.469482E-01    4.861744E-01   -6.191680E-02    0.000000E+00    0.000000E+00    0.000000E+00
1.087500E-01    1.749109E+00    9.165044E-01   -4.845283E-01    0.000000E+00    0.000000E+00    0.000000E+00   -8.718580E-02    4.319219E-01    3.356175E-02    0.000000E+00    0.000000E+00    0.000000E+00
1.097500E-01   -6.197091E-01   -1.379430E+00    7.888811E-01    0.000000E+00    0.000000E+00    0.000000E+00    1.757194E-01   -2.486156E-01    9.729865E-02    0.000000E+00    0.000000E+00    0.000000E+00
1.107500E-01   -2.577919E+00   -3.599289E+00   -4.086019E-01    0.000000E+00    0.000000E+00    0.000000E+00    1.027992E+00   -8.394160E-01    9.734867E-02    0.000000E+00    0.000000E+00    0.000000E+00
1.117500E-01    1.410123E-02   -4.162135E+00   -1.686400E+00    0.000000E+00    0.000000E+00    0.000000E+00    1.797142E+00   -1.941089E-02    1.467099E-01    0.000000E+00    0.000000E+00    0.000000E+00
1.127500E-01    3.742377E+00   -1.422469E+00   -2.607937E+00    0.000000E+00    0.000000E+00    0.000000E+00    8.160725E-01    1.016273E+00    2.369702E-01    0.000000E+00    0.000000E+00    0.000000E+00
1.137500E-01    8.255013E-01    1.466054E-01   -3.941133E+00    0.000000E+00    0.000000E+00    0.000000E+00   -1.117374E-01    1.665282E-01    1.747624E-01    0.000000E+00    0.000000E+00    0.000000E+00
1.147500E-01   -6.081821E-01   -2.128935E-01   -3.016789E+00    0.000000E+00    0.000000E+00    0.000000E+00    5.004002E-02   -2.087631E-01    2.034622E-01    0.000000E+00    0.000000E+00    0.000000E+00
1.157500E-01    8.142882E-01    1.332753E+00   -3.904270E+00    0.000000E+00    0.000000E+00    0.000000E+00   -4.025950E-01    2.679383E-01    1.623705E-01    0.000000E+00    0.000000E+00    0.000000E+00
1.167500E-01   -3.503786E-01   -2.971255E-02   -5.290338E+00    0.000000E+00    0.000000E+00    0.000000E+00    1.203149E-01   -1.785672E-01    1.370989E-01    0.000000E+00    0.000000E+00    0.000000E+00
1.177500E-01    1.787986E-01    4.890108E-01   -3.474818E+00    0.000000E+00    0.000000E+00    0.000000E+00   -1.332426E-02    1.914242E-02    2.923359E-01    0.000000E+00    0.000000E+00    0.000000E+00
1.187500E-01    5.507342E-01   -7.124182E-01   -6.501549E+00    0.000000E+00    0.000000E+00    0.000000E+00    3.815391E-01    2.012755E-01    2.806137E-01    0.000000E+00    0.000000E+00    0.000000E+00
1.197500E-01   -1.168987E+00   -3.908379E+00   -7.896422E+00    0.000000E+00    0.000000E+00    0.000000E+00    1.638950E+00   -6.749439E-01    1.792246E-01    0.000000E+00    0.000000E+00    0.000000E+00
1.207500E-01    3.087777E-01   -5.872360E+00   -7.831558E+00    0.000000E+00    0.000000E+00    0.000000E+00    2.490497E+00   -2.890408E-01    5.060640E-02    0.000000E+00    0.000000E+00    0.000000E+00
1.217500E-01    1.849589E+00   -3.992440E+00   -6.298775E+00    0.000000E+00    0.000000E+00    0.000000E+00    1.895912E+00    4.913796E-01   -6.144552E-03    0.000000E+00    0.000000E+00    0.000000E+00
1.227500E-01    1.428428E+00   -2.261437E+00   -5.003178E+00    0.000000E+00    0.000000E+00    0.000000E+00    1.191585E+00    5.026631E-01   -1.431626E-02    0.000000E+00    0.000000E+00    0.000000E+00
1.237500E-01   -1.930230E+00   -2.225058E+00   -4.680743E+00    0.000000E+00    0.000000E+00    0.000000E+00    1.196080E+00   -7.342829E-01    3.589788E-02    0.000000E+00    0.000000E+00    0.000000E+00
1.247500E-01   -9.845745E-01   -8.282146E-02   -4.232773E+00    0.000000E+00    0.000000E+00    0.000000E+00    3.976007E-01   -4.140298E-01    3.005436E-02    0.000000E+00    0.000000E+00    0.000000E+00
1.257500E-01   -7.513407E-01   -2.545702E+00   -7.754482E+00    0.000000E+00    0.000000E+00    0.000000E+00    1.270605E+00   -3.464483E-01    2.055845E-01    0.000000E+00    0.000000E+00    0.000000E+00
1.267500E-01    2.198048E-01   -3.251037E+00   -6.026507E+00    0.000000E+00    0.000000E+00    0.000000E+00    1.714787E+00   -1.639053E-01    3.366464E-01    0.000000E+00    0.000000E+00    0.000000E+00
1.277500E-01    5.082412E-01   -1.947266E+00   -8.777314E+00    0.000000E+00    0.000000E+00    0.000000E+00    1.077328E+00    2.421145E-02    2.393890E-01    0.000000E+00    0.000000E+00    0.000000E+00
1.287500E-01    3.842326E-02   -3.156021E+00   -1.286558E+01    0.000000E+00    0.000000E+00    0.000000E+00    1.445691E+00   -5.353017E-02    1.857820E-01    0.000000E+00    0.000000E+00    0.000000E+00
1.297500E-01   -5.957636E-02   -2.853658E+00   -1.282797E+01    0.000000E+00    0.000000E+00    0.000000E+00    1.296675E+00   -2.808186E-02   -8.043747E-02    0.000000E+00    0.000000E+00    0.000000E+00
1.307500E-01    1.606261E+00   -2.213768E+00   -1.242424E+01    0.000000E+00    0.000000E+00    0.000000E+00    1.141168E+00    6.734609E-01   -2.000272E-01    0.000000E+00    0.000000E+00    0.000000E+00
1.317500E-01    3.104177E+00   -2.010219E+00   -1.193134E+01    0.000000E+00    0.000000E+00    0.000000E+00    1.085931E+00    1.139808E+00   -8.486758E-02    0.000000E+00    0.000000E+00    0.000000E+00
1.327500E-01    1.154967E+00   -3.350566E+00   -7.238765E+00    0.000000E+00    0.000000E+00    0.000000E+00    1.585912E+00    2.143932E-01    1.291476E-01    0.000000E+00    0.000000E+00    0.000000E+00
1.337500E-01    2.338118E+00   -3.626534E+00   -1.274027E+01    0.000000E+00    0.000000E+00    0.000000E+00    1.865981E+00    9.264929E-01    4.759656E-02    0.000000E+00    0.000000E+00    0.000000E+00
1.347500E-01    2.958996E+00   -3.264104E+00   -1.634216E+01    0.000000E+00    0.000000E+00    0.000000E+00    1.821281E+00    1.221751E+00    4.836736E-02    0.000000E+00    0.000000E+00    0.000000E+00
1.357500E-01    3.149029E+00   -3.115393E+00   -1.696091E+01    0.000000E+00    0.000000E+00    0.000000E+00    1.660192E+00    1.106055E+00    5.225289E-02    0.000000E+00    0.000000E+00    0.000000E+00
1.367500E-01    1.848174E+00   -4.299969E+00   -2.020961E+01    0.000000E+00    0.000000E+00    0.000000E+00    2.116436E+00    7.394836E-01   -8.143352E-03    0.000000E+00    0.000000E+00    0.000000E+00
1.377500E-01    2.128715E+00   -4.537566E+00   -1.922227E+01    0.000000E+00    0.000000E+00    0.000000E+00    2.193381E+00    8.626541E-01    4.518559E-02    0.000000E+00    0.000000E+00    0.000000E+00
1.387500E-01    4.708900E+00   -5.059086E+00   -2.740126E+01    0.000000E+00    0.000000E+00    0.000000E+00    2.500110E+00    1.671907E+00    3.356422E-01    0.000000E+00    0.000000E+00    0.000000E+00
1.397500E-01    2.786955E+00   -2.999772E+00   -3.037486E+01    0.000000E+00    0.000000E+00    0.000000E+00    1.636765E+00    1.126063E+00    3.956245E-01    0.000000E+00    0.000000E+00    0.000000E+00
1.407500E-01    1.092896E+00   -4.110784E+00   -2.930643E+01    0.000000E+00    0.000000E+00    0.000000E+00    2.233629E+00    5.284383E-01    4.708763E-01    0.000000E+00    0.000000E+00    0.000000E+00
1.417500E-01    6.957102E-01   -7.781866E+00   -3.653523E+01    0.000000E+00    0.000000E+00    0.000000E+00    3.997203E+00    5.016162E-01    7.475999E-01    0.000000E+00    0.000000E+00    0.000000E+00
1.427500E-01    2.059485E-01   -2.277274E+00   -3.011776E+01    0.000000E+00    0.000000E+00    0.000000E+00    1.645854E+00    6.642217E-02    7.822967E-01    0.000000E+00    0.000000E+00    0.000000E+00
1.437500E-01   -1.622212E+00   -1.536131E+00   -2.684529E+01    0.000000E+00    0.000000E+00    0.000000E+00    1.533009E+00   -9.353616E-01    6.514047E-01    0.000000E+00    0.000000E+00    0.000000E+00
1.447500E-01   -4.413431E+00   -6.977929E+00   -3.091578E+01    0.000000E+00    0.000000E+00    0.000000E+00    3.806041E+00   -2.489167E+00    5.357724E-01    0.000000E+00    0.000000E+00    0.000000E+00
1.457500E-01   -1.987895E+00   -6.869964E+00   -2.964523E+01    0.000000E+00    0.000000E+00    0.000000E+00    3.270480E+00   -1.057557E+00    2.951423E-01    0.000000E+00    0.000000E+00    0.000000E+00
1.467500E-01   -2.579760E-01   -7.128149E+00   -3.424094E+01    0.000000E+00    0.000000E+00    0.000000E+00    3.295825E+00   -1.779132E-01    5.682763E-01    0.000000E+00    0.000000E+00    0.000000E+00
1.477500E-01   -2.011646E+00   -5.686037E+00   -3.375093E+01    0.000000E+00    0.000000E+00    0.000000E+00    2.740941E+00   -1.286301E+00    7.498614E-01    0.000000E+00    0.000000E+00    0.000000E+00
1.487500E-01   -2.677470E+00   -2.047134E+00   -2.963685E+01    0.000000E+00    0.000000E+00    0.000000E+00    1.457104E+00   -1.411282E+00    3.230015E-01    0.000000E+00    0.000000E+00    0.000000E+00
1.497500E-01   -1.865005E+00   -2.951170E+00   -3.556772E+01    0.000000E+00    0.000000E+00    0.000000E+00    2.093298E+00   -9.413908E-01    4.592383E-01    0.000000E+00    0.000000E+00    0.000000E+00
1.507500E-01   -2.252027E-01   -5.076492E+00   -3.941475E+01    0.000000E+00    0.000000E+00    0.000000E+00    2.879441E+00   -3.742746E-01    6.177713E-01    0.000000E+00    0.000000E+00    0.000000E+00
1.517500E-01   -2.265880E-01   -5.542184E+00   -3.567026E+01    0.000000E+00    0.000000E+00    0.000000E+00    3.311590E+00   -3.900301E-02    4.858454E-01    0.000000E+00    0.000000E+00    0.000000E+00
1.527500E-01    8.290341E-01   -3.722674E+00   -3.800878E+01    0.000000E+00    0.000000E+00    0.000000E+00    2.618888E+00    6.879048E-01    5.233756E-01    0.000000E+00    0.000000E+00    0.000000E+00
1.537500E-01    1.537435E+00   -3.414718E+00   -3.785828E+01    0.000000E+00    0.000000E+00    0.000000E+00    2.247187E+00    7.305087E-01    5.515161E-01    0.000000E+00    0.000000E+00    0.000000E+00
1.547500E-01   -7.403531E-01   -6.584046E+00   -5.067932E+01    0.000000E+00    0.000000E+00    0.000000E+00    3.510002E+00   -1.281442E-01    9.164956E-01    0.000000E+00    0.000000E+00    0.000000E+00
1.557500E-01   -2.790313E+00   -5.037008E+00   -5.167105E+01    0.000000E+00    0.000000E+00    0.000000E+00    3.555242E+00   -1.163796E+00    7.028654E-01    0.000000E+00    0.000000E+00    0.000000E+00
1.567500E-01    1.720811E+00   -4.445277E+00   -4.941804E+01    0.000000E+00    0.000000E+00    0.000000E+00    3.683869E+00    6.027636E-01    2.217485E-01    0.000000E+00    0.000000E+00    0.000000E+00
1.577500E-01    8.464743E+00   -7.600681E+00   -5.273005E+01    0.000000E+00    0.000000E+00    0.000000E+00    4.667310E+00    3.653083E+00    1.937690E-01    0.000000E+00    0.000000E+00    0.000000E+00
1.587500E-01    5.955588E+00   -8.055371E+00   -5.424573E+01    0.000000E+00    0.000000E+00    0.000000E+00    4.804723E+00    2.167533E+00    5.121508E-01    0.000000E+00    0.000000E+00    0.000000E+00
1.597500E-01   -1.320286E-01   -2.594373E+00   -3.893333E+01    0.000000E+00    0.000000E+00    0.000000E+00    2.215802E+00   -1.013716E+00    3.898553E-01    0.000000E+00    0.000000E+00    0.000000E+00
1.607500E-01   -3.394109E-02   -2.749656E+00   -4.168773E+01    0.000000E+00    0.000000E+00    0.000000E+00    2.794904E+00   -4.913503E-01    1.271932E-01    0.000000E+00    0.000000E+00    0.000000E+00
1.617500E-01    1.215316E+00   -5.583849E-02   -4.187746E+01    0.000000E+00    0.000000E+00    0.000000E+00    1.805675E+00    4.964823E-01    5.402014E-01    0.000000E+00    0.000000E+00    0.000000E+00
1.627500E-01    5.198187E+00   -3.210855E+00   -5.055095E+01    0.000000E+00    0.000000E+00    0.000000E+00    3.880791E+00    2.827285E+00    9.209964E-01    0.000000E+00    0.000000E+00    0.000000E+00
1.637500E-01    6.562104E+00   -6.374534E+00   -5.728195E+01    0.000000E+00    0.000000E+00    0.000000E+00    4.926855E+00    2.854602E+00   -1.625077E-02    0.000000E+00    0.000000E+00    0.000000E+00
1.647500E-01   -1.219931E+00   -3.763883E+00   -3.972503E+01    0.000000E+00    0.000000E+00    0.000000E+00    2.813709E+00   -7.662184E-01   -1.436074E+00    0.000000E+00    0.000000E+00    0.000000E+00
1.657500E-01   -1.202921E+01   -3.761035E+00   -3.664299E+01    0.000000E+00    0.000000E+00    0.000000E+00    2.321638E+00   -6.489415E+00   -2.330030E+00    0.000000E+00    0.000000E+00    0.000000E+00
1.667500E-01   -1.122688E+01   -5.558949E+00   -6.875065E+01    0.000000E+00    0.000000E+00    0.000000E+00    4.611450E+00   -5.748638E+00   -1.535729E+00    0.000000E+00    0.000000E+00    0.000000E+00
1.677500E-01    6.113896E+00   -8.410134E+00   -9.975594E+01    0.000000E+00    0.000000E+00    0.000000E+00    6.746286E+00    4.268061E+00   -1.221182E-01    0.000000E+00    0.000000E+00    0.000000E+00
1.687500E-01    1.887077E+01   -1.275883E+01   -1.065885E+02    0.000000E+00    0.000000E+00    0.000000E+00    1.058258E+01    1.059003E+01    1.096488E+00    0.000000E+00    0.000000E+00    0.000000E+00
1.697500E-01    6.639688E+00   -1.949933E+01   -1.063688E+02    0.000000E+00    0.000000E+00    0.000000E+00    1.433124E+01    4.298338E+00    6.521770E-01    0.000000E+00    0.000000E+00    0.000000E+00
1.707500E-01    1.190812E-01   -2.608460E+01   -1.222372E+02    0.000000E+00    0.000000E+00    0.000000E+00    1.690092E+01    1.510021E+00    3.311380E-01    0.000000E+00    0.000000E+00    0.000000E+00
1.717500E-01    1.727385E+01   -2.079624E+01   -1.634290E+02    0.000000E+00    0.000000E+00    0.000000E+00    1.675342E+01    9.892288E+00    1.092514E+00    0.000000E+00    0.000000E+00    0.000000E+00
1.727500E-01    1.564064E+01   -1.558834E+01   -1.767838E+02    0.000000E+00    0.000000E+00    0.000000E+00    1.518819E+01    8.916683E+00    3.338610E-01    0.000000E+00    0.000000E+00    0.000000E+00
1.737500E-01   -2.004510E+00    2.553768E+00   -1.524500E+02    0.000000E+00    0.000000E+00    0.000000E+00    6.311297E+00    1.208211E+00   -5.118996E-01    0.000000E+00    0.000000E+00    0.000000E+00
1.747500E-01   -1.198955E+01    2.170617E+01   -1.659090E+02    0.000000E+00    0.000000E+00    0.000000E+00   -1.622633E+00   -2.998851E+00   -3.551930E-01    0.000000E+00    0.000000E+00    0.000000E+00
1.757500E-01   -6.670222E+00    1.109663E+01   -1.742890E+02    0.000000E+00    0.000000E+00    0.000000E+00    2.632637E+00   -4.887736E-01    9.575540E-04    0.000000E+00    0.000000E+00    0.000000E+00
1.767500E-01   -7.031877E+00    1.205799E+01   -1.872765E+02    0.000000E+00    0.000000E+00    0.000000E+00    3.337987E+00    3.971384E-01   -4.544114E-01    0.000000E+00    0.000000E+00    0.000000E+00
1.777500E-01   -1.236639E+01    1.746739E+01   -2.050057E+02    0.000000E+00    0.000000E+00    0.000000E+00    3.921582E+00   -1.438379E+00   -1.096940E+00    0.000000E+00    0.000000E+00    0.000000E+00
1.787500E-01   -6.925901E+00    5.017516E+00   -2.268162E+02    0.000000E+00    0.000000E+00    0.000000E+00    1.181855E+01    1.630767E+00   -1.135639E+00    0.000000E+00    0.000000E+00    0.000000E+00
1.797500E-01   -4.281705E+00   -1.200980E+01   -2.208798E+02    0.000000E+00    0.000000E+00    0.000000E+00    1.930027E+01    1.439303E+00   -7.261762E-01    0.000000E+00    0.000000E+00    0.000000E+00
1.807500E-01    5.787865E+00   -1.279031E+01   -2.137240E+02    0.000000E+00    0.000000E+00    0.000000E+00    1.838427E+01    4.640317E+00    6.575204E-01    0.000000E+00    0.000000E+00    0.000000E+00
1.817500E-01    3.914237E+00    9.320093E+00   -2.247176E+02    0.000000E+00    0.000000E+00    0.000000E+00    1.045822E+01    4.209936E+00    6.845006E-01    0.000000E+00    0.000000E+00    0.000000E+00
1.827500E-01    2.184773E+00    1.927222E+01   -2.451884E+02    0.000000E+00    0.000000E+00    0.000000E+00    7.885850E+00    4.044276E+00   -1.233637E-01    0.000000E+00    0.000000E+00    0.000000E+00
1.837500E-01    1.906729E+01    1.418839E+01   -2.823415E+02    0.000000E+00    0.000000E+00    0.000000E+00    1.165462E+01    1.324310E+01    7.662958E-01    0.000000E+00    0.000000E+00    0.000000E+00
1.847500E-01    1.773103E+01    1.726284E+00   -2.847352E+02    0.000000E+00    0.000000E+00    0.000000E+00    1.687234E+01    1.292113E+01    1.164263E+00    0.000000E+00    0.000000E+00    0.000000E+00
1.857500E-01    1.072569E+01    4.162366E+00   -2.895041E+02    0.000000E+00    0.000000E+00    0.000000E+00    1.650294E+01    1.016244E+01    2.391300E+00    0.000000E+00    0.000000E+00    0.000000E+00
1.867500E-01    1.753115E+01    8.027698E+00   -2.960358E+02    0.000000E+00    0.000000E+00    0.000000E+00    1.662668E+01    1.477736E+01    4.369405E+00    0.000000E+00    0.000000E+00    0.000000E+00
1.877500E-01    1.455422E+01    4.649886E+00   -2.773746E+02    0.000000E+00    0.000000E+00    0.000000E+00    1.714476E+01    1.360759E+01    2.986132E+00    0.000000E+00    0.000000E+00    0.000000E+00
1.887500E-01    6.597755E+00    5.338142E+00   -2.605526E+02    0.000000E+00    0.000000E+00    0.000000E+00    1.596890E+01    9.622472E+00    9.228002E-01    0.000000E+00    0.000000E+00    0.000000E+00
1.897500E-01   -2.059119E+00    8.572745E+00   -2.843593E+02    0.000000E+00    0.000000E+00    0.000000E+00    1.682068E+01    5.573657E+00   -5.499662E-01    0.000000E+00    0.000000E+00    0.000000E+00
1.907500E-01    7.509782E+00   -1.051502E+01   -3.086367E+02    0.000000E+00    0.000000E+00    0.000000E+00    2.733610E+01    1.089965E+01   -1.007733E+00    0.000000E+00    0.000000E+00    0.000000E+00
1.917500E-01    4.865850E+00   -1.781733E+01   -3.192799E+02    0.000000E+00    0.000000E+00    0.000000E+00    3.107491E+01    1.020960E+01   -1.363326E+00    0.000000E+00    0.000000E+00    0.000000E+00
1.927500E-01    1.703241E+01   -3.812855E+01   -3.179595E+02    0.000000E+00    0.000000E+00    0.000000E+00    4.049676E+01    1.722283E+01    3.068731E-01    0.000000E+00    0.000000E+00    0.000000E+00
1.937500E-01    1.438846E+01   -1.828431E+01   -3.697214E+02    0.000000E+00    0.000000E+00    0.000000E+00    3.264305E+01    1.788031E+01    1.807243E+00    0.000000E+00    0.000000E+00    0.000000E+00
1.947500E-01    1.903790E+01   -2.021875E+01   -4.054246E+02    0.000000E+00    0.000000E+00    0.000000E+00    3.692160E+01    2.193748E+01    2.728566E+00    0.000000E+00    0.000000E+00    0.000000E+00
1.957500E-01    1.372328E+01   -2.034591E+01   -4.238682E+02    0.000000E+00    0.000000E+00    0.000000E+00    3.990233E+01    2.019977E+01    1.904944E+00    0.000000E+00    0.000000E+00    0.000000E+00
1.967500E-01    1.329055E+01   -2.326414E+01   -4.781750E+02    0.000000E+00    0.000000E+00    0.000000E+00    4.654993E+01    2.226611E+01    5.888269E-01    0.000000E+00    0.000000E+00    0.000000E+00
1.977500E-01    9.467728E+00   -2.297598E+01   -5.530138E+02    0.000000E+00    0.000000E+00    0.000000E+00    5.268011E+01    2.248586E+01   -5.117134E-01    0.000000E+00    0.000000E+00    0.000000E+00
1.987500E-01    5.319855E-01   -2.595865E+01   -6.042277E+02    0.000000E+00    0.000000E+00    0.000000E+00    5.944966E+01    1.939205E+01   -1.676515E+00    0.000000E+00    0.000000E+00    0.000000E+00
1.997500E-01   -9.262401E+00   -3.283003E+01   -6.216003E+02    0.000000E+00    0.000000E+00    0.000000E+00    6.705514E+01    1.475659E+01   -2.669263E+00    0.000000E+00    0.000000E+00    0.000000E+00
2.007500E-01   -1.279542E+00   -4.429826E+01   -6.136522E+02    0.000000E+00    0.000000E+00    0.000000E+00    7.589209E+01    2.015964E+01   -2.468884E+00    0.000000E+00    0.000000E+00    0.000000E+00
2.017500E-01    1.464445E+01   -5.296344E+01   -5.457504E+02    0.000000E+00    0.000000E+00    0.000000E+00    7.765097E+01    2.886120E+01   -1.463205E+00    0.000000E+00    0.000000E+00    0.000000E+00
2.027500E-01    2.243634E+01   -3.450411E+01   -4.594015E+02    0.000000E+00    0.000000E+00    0.000000E+00    5.989346E+01    3.159265E+01   -1.444578E-01    0.000000E+00    0.000000E+00    0.000000E+00
2.037500E-01    1.372219E+01   -1.264784E+01   -4.326069E+02    0.000000E+00    0.000000E+00    0.000000E+00    4.375799E+01    2.474348E+01    4.804108E-01    0.000000E+00    0.000000E+00    0.000000E+00
2.047500E-01   -2.413330E+00   -1.199401E+01   -4.528565E+02    0.000000E+00    0.000000E+00    0.000000E+00    4.470811E+01    1.386339E+01   -9.097438E-02    0.000000E+00    0.000000E+00    0.000000E+00
2.057500E-01    2.842602E-01   -2.193140E+01   -4.317367E+02    0.000000E+00    0.000000E+00    0.000000E+00    4.942961E+01    1.416447E+01   -1.021376E-01    0.000000E+00    0.000000E+00    0.000000E+00
2.067500E-01    5.768534E+00   -1.567662E+01   -3.740906E+02    0.000000E+00    0.000000E+00    0.000000E+00    4.002238E+01    1.548146E+01    4.469573E-01    0.000000E+00    0.000000E+00    0.000000E+00
2.077500E-01    1.475601E+01   -1.299527E+01   -3.252715E+02    0.000000E+00    0.000000E+00    0.000000E+00    3.479164E+01    2.036685E+01    1.105633E+00    0.000000E+00    0.000000E+00    0.000000E+00
2.087500E-01    2.442633E+01   -2.092364E+01   -3.101878E+02    0.000000E+00    0.000000E+00    0.000000E+00    4.047071E+01    2.782088E+01    1.322864E+00    0.000000E+00    0.000000E+00    0.000000E+00
2.097500E-01    2.507327E+01   -2.064909E+01   -2.992570E+02    0.000000E+00    0.000000E+00    0.000000E+00    4.006146E+01    2.900021E+01    1.178923E+00    0.000000E+00    0.000000E+00    0.000000E+00
2.107500E-01    2.306090E+01   -1.677988E+01   -2.618938E+02    0.000000E+00    0.000000E+00    0.000000E+00    3.457852E+01    2.684912E+01    1.076166E+00    0.000000E+00    0.000000E+00    0.000000E+00
2.117500E-01    2.205671E+01   -1.774211E+01   -2.503842E+02    0.000000E+00    0.000000E+00    0.000000E+00    3.523571E+01    2.609684E+01    1.000697E+00    0.000000E+00    0.000000E+00    0.000000E+00
2.127500E-01    2.818366E+01   -2.497022E+01   -2.287349E+02    0.000000E+00    0.000000E+00    0.000000E+00    3.949705E+01    3.022380E+01    1.315544E+00    0.000000E+00    0.000000E+00    0.000000E+00
2.137500E-01    2.276559E+01   -1.245868E+01   -2.024741E+02    0.000000E+00    0.000000E+00    0.000000E+00    2.826058E+01    2.514810E+01    1.514397E+00    0.000000E+00    0.000000E+00    0.000000E+00
2.147500E-01    1.636388E+01   -8.398515E+00   -2.124519E+02    0.000000E+00    0.000000E+00    0.000000E+00    2.668451E+01    2.117468E+01    1.143126E+00    0.000000E+00    0.000000E+00    0.000000E+00
2.157500E-01    7.563070E+00   -9.432634E+00   -2.214379E+02    0.000000E+00    0.000000E+00    0.000000E+00    2.876203E+01    1.583368E+01    2.692784E-01    0.000000E+00    0.000000E+00    0.000000E+00
2.167500E-01    4.386396E+00   -1.022186E+01   -2.233952E+02    0.000000E+00    0.000000E+00    0.000000E+00    2.982363E+01    1.407540E+01   -7.886769E-02    0.000000E+00    0.000000E+00    0.000000E+00
2.177500E-01    3.456265E+00    8.265961E-01   -1.940518E+02    0.000000E+00    0.000000E+00    0.000000E+00    1.863581E+01    1.136248E+01    4.111368E-01    0.000000E+00    0.000000E+00    0.000000E+00
2.187500E-01    8.203652E-01    4.872082E+00   -1.802273E+02    0.000000E+00    0.000000E+00    0.000000E+00    1.434053E+01    8.609654E+00    3.759748E-01    0.000000E+00    0.000000E+00    0.000000E+00
2.197500E-01   -4.990186E+00    5.960590E+00   -1.888127E+02    0.000000E+00    0.000000E+00    0.000000E+00    1.460094E+01    5.459776E+00   -1.214692E-01    0.000000E+00    0.000000E+00    0.000000E+00
2.207500E-01   -4.416221E+00    4.838194E+00   -1.862721E+02    0.000000E+00    0.000000E+00    0.000000E+00    1.549113E+01    6.444354E+00   -1.177426E-01    0.000000E+00    0.000000E+00    0.000000E+00
2.217500E-01   -1.780817E+00    2.666979E+00   -1.851384E+02    0.000000E+00    0.000000E+00    0.000000E+00    1.707282E+01    8.670300E+00    1.729506E-02    0.000000E+00    0.000000E+00    0.000000E+00
2.227500E-01    4.283768E+00   -4.653067E+00   -1.862345E+02    0.000000E+00    0.000000E+00    0.000000E+00    2.275734E+01    1.382544E+01    1.844358E-01    0.000000E+00    0.000000E+00    0.000000E+00
2.237500E-01    1.028115E+00   -5.235464E+00   -1.852468E+02    0.000000E+00    0.000000E+00    0.000000E+00    2.308831E+01    1.190763E+01   -2.186527E-01    0.000000E+00    0.000000E+00    0.000000E+00
2.247500E-01    9.756836E-02   -7.338910E+00   -1.827720E+02    0.000000E+00    0.000000E+00    0.000000E+00    2.429960E+01    1.148072E+01   -4.748535E-01    0.000000E+00    0.000000E+00    0.000000E+00
2.257500E-01    1.983478E+00   -1.053947E+01   -1.773474E+02    0.000000E+00    0.000000E+00    0.000000E+00    2.604936E+01    1.297420E+01   -5.081266E-01    0.000000E+00    0.000000E+00    0.000000E+00
2.267500E-01   -3.212748E+00   -9.198555E+00   -1.841370E+02    0.000000E+00    0.000000E+00    0.000000E+00    2.560212E+01    9.948435E+00   -1.006891E+00    0.000000E+00    0.000000E+00    0.000000E+00
2.277500E-01   -7.105457E+00   -8.091581E+00   -1.917384E+02    0.000000E+00    0.000000E+00    0.000000E+00    2.565365E+01    7.959248E+00   -1.384846E+00    0.000000E+00    0.000000E+00    0.000000E+00
2.287500E-01   -8.310090E+00   -8.757155E+00   -1.945245E+02    0.000000E+00    0.000000E+00    0.000000E+00    2.666270E+01    7.667201E+00   -1.580964E+00    0.000000E+00    0.000000E+00    0.000000E+00
2.297500E-01   -6.325064E+00   -1.046633E+01   -1.964952E+02    0.000000E+00    0.000000E+00    0.000000E+00    2.834813E+01    9.633942E+00   -1.501689E+00    0.000000E+00    0.000000E+00    0.000000E+00
2.307500E-01   -8.094269E+00   -9.016978E+00   -1.937476E+02    0.000000E+00    0.000000E+00    0.000000E+00    2.715779E+01    8.402834E+00   -1.612805E+00    0.000000E+00    0.000000E+00    0.000000E+00
2.317500E-01   -7.177864E+00   -7.224312E+00   -1.928918E+02    0.000000E+00    0.000000E+00    0.000000E+00    2.618595E+01    9.182735E+00   -1.387426E+00    0.000000E+00    0.000000E+00    0.000000E+00
2.327500E-01   -5.435959E+00   -5.352951E+00   -2.010914E+02    0.000000E+00    0.000000E+00    0.000000E+00    2.623333E+01    1.098161E+01   -1.054471E+00    0.000000E+00    0.000000E+00    0.000000E+00
2.337500E-01    9.894271E+00   -1.065088E+01   -1.992227E+02    0.000000E+00    0.000000E+00    0.000000E+00    3.022871E+01    2.157912E+01    2.621715E-01    0.000000E+00    0.000000E+00    0.000000E+00
2.347500E-01    1.218489E+01   -1.321671E+01   -1.960484E+02    0.000000E+00    0.000000E+00    0.000000E+00    3.178831E+01    2.281049E+01    3.218550E-01    0.000000E+00    0.000000E+00    0.000000E+00
2.357500E-01   -2.282500E+00   -9.129840E+00   -2.049828E+02    0.000000E+00    0.000000E+00    0.000000E+00    2.985156E+01    1.368717E+01   -1.078236E+00    0.000000E+00    0.000000E+00    0.000000E+00
2.367500E-01    3.831936E+00   -1.104739E+01   -2.130382E+02    0.000000E+00    0.000000E+00    0.000000E+00    3.227778E+01    1.905224E+01   -6.093308E-01    0.000000E+00    0.000000E+00    0.000000E+00
2.377500E-01    4.380607E+00   -1.008658E+01   -2.111489E+02    0.000000E+00    0.000000E+00    0.000000E+00    3.163240E+01    1.955440E+01   -4.854669E-01    0.000000E+00    0.000000E+00    0.000000E+00
2.387500E-01    1.433991E+01   -1.069914E+01   -2.101525E+02    0.000000E+00    0.000000E+00    0.000000E+00    3.176150E+01    2.586564E+01    6.273275E-01    0.000000E+00    0.000000E+00    0.000000E+00
2.397500E-01    5.324691E+00   -6.159990E+00   -2.127815E+02    0.000000E+00    0.000000E+00    0.000000E+00    2.899429E+01    2.033373E+01   -3.894591E-02    0.000000E+00    0.000000E+00    0.000000E+00
2.407500E-01   -4.073780E-01   -6.701033E+00   -2.099844E+02    0.000000E+00    0.000000E+00    0.000000E+00    2.915517E+01    1.693459E+01   -7.572483E-01    0.000000E+00    0.000000E+00    0.000000E+00
2.417500E-01   -5.171727E+00   -5.232992E+00   -2.124951E+02    0.000000E+00    0.000000E+00    0.000000E+00    2.870916E+01    1.463052E+01   -1.188277E+00    0.000000E+00    0.000000E+00    0.000000E+00
2.427500E-01   -4.145015E-01   -6.944993E+00   -2.255674E+02    0.000000E+00    0.000000E+00    0.000000E+00    3.124700E+01    1.907352E+01   -7.415371E-01    0.000000E+00    0.000000E+00    0.000000E+00
2.437500E-01    1.536760E+00   -1.050712E+01   -2.390291E+02    0.000000E+00    0.000000E+00    0.000000E+00    3.497787E+01    2.179138E+01   -8.075146E-01    0.000000E+00    0.000000E+00    0.000000E+00
2.447500E-01    2.347082E+00   -1.250333E+01   -2.307417E+02    0.000000E+00    0.000000E+00    0.000000E+00    3.533654E+01    2.206752E+01   -9.552741E-01    0.000000E+00    0.000000E+00    0.000000E+00
2.457500E-01    2.767938E+00   -1.347324E+01   -2.220811E+02    0.000000E+00    0.000000E+00    0.000000E+00    3.506938E+01    2.205960E+01   -1.084836E+00    0.000000E+00    0.000000E+00    0.000000E+00
2.467500E-01    1.886796E+00   -1.428092E+01   -2.214475E+02    0.000000E+00    0.000000E+00    0.000000E+00    3.573214E+01    2.201531E+01   -1.318918E+00    0.000000E+00    0.000000E+00    0.000000E+00
2.477500E-01    7.937538E+00   -1.705032E+01   -2.200080E+02    0.000000E+00    0.000000E+00    0.000000E+00    3.751711E+01    2.606984E+01   -8.175470E-01    0.000000E+00    0.000000E+00    0.000000E+00
2.487500E-01    1.596373E+01   -2.039815E+01   -2.160344E+02    0.000000E+00    0.000000E+00    0.000000E+00    3.933307E+01    3.106631E+01   -1.233659E-01    0.000000E+00    0.000000E+00    0.000000E+00
2.497500E-01    1.668816E+01   -2.001324E+01   -2.219801E+02    0.000000E+00    0.000000E+00    0.000000E+00    4.009922E+01    3.249694E+01    6.854736E-02    0.000000E+00    0.000000E+00    0.000000E+00
2.507500E-01    2.735125E+01   -2.514374E+01   -2.285174E+02    0.000000E+00    0.000000E+00    0.000000E+00    4.374974E+01    3.965280E+01    8.897726E-01    0.000000E+00    0.000000E+00    0.000000E+00
2.517500E-01    2.629799E+01   -2.742415E+01   -2.397775E+02    0.000000E+00    0.000000E+00    0.000000E+00    4.643181E+01    4.102026E+01    4.536199E-01    0.000000E+00    0.000000E+00    0.000000E+00
2.527500E-01    1.274075E+01   -2.033855E+01   -2.132536E+02    0.000000E+00    0.000000E+00    0.000000E+00    3.938291E+01    3.131869E+01   -5.422731E-01    0.000000E+00    0.000000E+00    0.000000E+00
2.537500E-01    8.064320E+00   -1.517247E+01   -2.089230E+02    0.000000E+00    0.000000E+00    0.000000E+00    3.616318E+01    2.851890E+01   -6.969275E-01    0.000000E+00    0.000000E+00    0.000000E+00
2.547500E-01    1.619617E+01   -1.615125E+01   -2.111761E+02    0.000000E+00    0.000000E+00    0.000000E+00    3.704980E+01    3.357325E+01    1.246377E-01    0.000000E+00    0.000000E+00    0.000000E+00
2.557500E-01    2.089754E+01   -1.627729E+01   -2.086738E+02    0.000000E+00    0.000000E+00    0.000000E+00    3.681788E+01    3.611317E+01    6.954417E-01    0.000000E+00    0.000000E+00    0.000000E+00
2.567500E-01    1.669064E+01   -1.385635E+01   -2.015059E+02    0.000000E+00    0.000000E+00    0.000000E+00    3.467130E+01    3.332093E+01    4.359792E-01    0.000000E+00    0.000000E+00    0.000000E+00
2.577500E-01    2.470224E+01   -1.564351E+01   -2.012045E+02    0.000000E+00    0.000000E+00    0.000000E+00    3.564744E+01    3.781023E+01    1.269819E+00    0.000000E+00    0.000000E+00    0.000000E+00
2.587500E-01    2.744756E+01   -1.659408E+01   -1.947321E+02    0.000000E+00    0.000000E+00    0.000000E+00    3.530719E+01    3.877684E+01    1.547078E+00    0.000000E+00    0.000000E+00    0.000000E+00
2.597500E-01    2.397155E+01   -1.615902E+01   -1.958612E+02    0.000000E+00    0.000000E+00    0.000000E+00    3.527729E+01    3.745228E+01    1.194061E+00    0.000000E+00    0.000000E+00    0.000000E+00
2.607500E-01    2.339922E+01   -1.596762E+01   -2.004283E+02    0.000000E+00    0.000000E+00    0.000000E+00    3.594337E+01    3.822848E+01    1.144776E+00    0.000000E+00    0.000000E+00    0.000000E+00
2.617500E-01    2.345643E+01   -1.474591E+01   -2.050752E+02    0.000000E+00    0.000000E+00    0.000000E+00    3.606883E+01    3.933437E+01    1.268276E+00    0.000000E+00    0.000000E+00    0.000000E+00
2.627500E-01    2.367533E+01   -1.521291E+01   -2.057590E+02    0.000000E+00    0.000000E+00    0.000000E+00    3.655121E+01    3.995277E+01    1.193545E+00    0.000000E+00    0.000000E+00    0.000000E+00
2.637500E-01    2.624328E+01   -1.856702E+01   -2.086183E+02    0.000000E+00    0.000000E+00    0.000000E+00    3.898184E+01    4.221325E+01    1.071085E+00    0.000000E+00    0.000000E+00    0.000000E+00
2.647500E-01    2.737599E+01   -2.006827E+01   -2.039260E+02    0.000000E+00    0.000000E+00    0.000000E+00    3.938065E+01    4.268717E+01    9.930482E-01    0.000000E+00    0.000000E+00    0.000000E+00
2.657500E-01    3.334287E+01   -2.177668E+01   -2.048173E+02    0.000000E+00    0.000000E+00    0.000000E+00    4.064853E+01    4.664839E+01    1.554804E+00    0.000000E+00    0.000000E+00    0.000000E+00
2.667500E-01    3.743681E+01   -2.198949E+01   -2.022818E+02    0.000000E+00    0.000000E+00    0.000000E+00    4.058944E+01    4.915012E+01    2.074459E+00    0.000000E+00    0.000000E+00    0.000000E+00
2.677500E-01    4.011512E+01   -2.312821E+01   -2.190897E+02    0.000000E+00    0.000000E+00    0.000000E+00    4.367694E+01    5.360942E+01    2.288086E+00    0.000000E+00    0.000000E+00    0.000000E+00
2.687500E-01    1.654801E+01   -1.701338E+01   -2.150456E+02    0.000000E+00    0.000000E+00    0.000000E+00    3.971586E+01    4.012932E+01   -9.128049E-02    0.000000E+00    0.000000E+00    0.000000E+00
2.697500E-01    1.268942E+01   -1.590216E+01   -2.076800E+02    0.000000E+00    0.000000E+00    0.000000E+00    3.812820E+01    3.729703E+01   -4.791788E-01    0.000000E+00    0.000000E+00    0.000000E+00
2.707500E-01    2.637520E+01   -1.896895E+01   -2.124524E+02    0.000000E+00    0.000000E+00    0.000000E+00    4.061465E+01    4.625990E+01    9.535427E-01    0.000000E+00    0.000000E+00    0.000000E+00
2.717500E-01    1.930245E+01   -1.577491E+01   -2.088500E+02    0.000000E+00    0.000000E+00    0.000000E+00    3.831783E+01    4.194222E+01    4.294451E-01    0.000000E+00    0.000000E+00    0.000000E+00
2.727500E-01    1.774390E+01   -1.710688E+01   -2.202211E+02    0.000000E+00    0.000000E+00    0.000000E+00    4.078568E+01    4.320925E+01   -8.457577E-03    0.000000E+00    0.000000E+00    0.000000E+00
2.737500E-01    2.270641E+01   -2.063467E+01   -2.222179E+02    0.000000E+00    0.000000E+00    0.000000E+00    4.329747E+01    4.694387E+01    1.172907E-01    0.000000E+00    0.000000E+00    0.000000E+00
2.747500E-01    3.014329E+01   -2.485827E+01   -2.250123E+02    0.000000E+00    0.000000E+00    0.000000E+00    4.628396E+01    5.216794E+01    4.642082E-01    0.000000E+00    0.000000E+00    0.000000E+00
2.757500E-01    3.288316E+01   -2.717236E+01   -2.285759E+02    0.000000E+00    0.000000E+00    0.000000E+00    4.825265E+01    5.484308E+01    4.386850E-01    0.000000E+00    0.000000E+00    0.000000E+00
2.767500E-01    3.359780E+01   -2.847754E+01   -2.376719E+02    0.000000E+00    0.000000E+00    0.000000E+00    5.043489E+01    5.728135E+01    2.845659E-01    0.000000E+00    0.000000E+00    0.000000E+00
2.777500E-01    3.698460E+01   -2.985780E+01   -2.530312E+02    0.000000E+00    0.000000E+00    0.000000E+00    5.358012E+01    6.244815E+01    4.857460E-01    0.000000E+00    0.000000E+00    0.000000E+00
2.787500E-01    3.967549E+01   -2.942724E+01   -2.620097E+02    0.000000E+00    0.000000E+00    0.000000E+00    5.470222E+01    6.620014E+01    8.699874E-01    0.000000E+00    0.000000E+00    0.000000E+00
2.797500E-01    4.185369E+01   -2.837067E+01   -2.661672E+02    0.000000E+00    0.000000E+00    0.000000E+00    5.471661E+01    6.877534E+01    1.284923E+00    0.000000E+00    0.000000E+00    0.000000E+00
2.807500E-01    4.432037E+01   -2.874483E+01   -2.741112E+02    0.000000E+00    0.000000E+00    0.000000E+00    5.621825E+01    7.219884E+01    1.513487E+00    0.000000E+00    0.000000E+00    0.000000E+00
2.817500E-01    4.348623E+01   -2.889675E+01   -2.793563E+02    0.000000E+00    0.000000E+00    0.000000E+00    5.722636E+01    7.313316E+01    1.322875E+00    0.000000E+00    0.000000E+00    0.000000E+00
2.827500E-01    4.139311E+01   -2.935771E+01   -2.832281E+02    0.000000E+00    0.000000E+00    0.000000E+00    5.826449E+01    7.306271E+01    9.165853E-01    0.000000E+00    0.000000E+00    0.000000E+00
2.837500E-01    4.110830E+01   -3.083673E+01   -2.849387E+02    0.000000E+00    0.000000E+00    0.000000E+00    5.977272E+01    7.400235E+01    6.024040E-01    0.000000E+00    0.000000E+00    0.000000E+00
2.847500E-01    4.008311E+01   -3.061792E+01   -2.813494E+02    0.000000E+00    0.000000E+00    0.000000E+00    5.950803E+01    7.368250E+01    4.768409E-01    0.000000E+00    0.000000E+00    0.000000E+00
2.857500E-01    5.171942E+01   -3.437487E+01   -2.901643E+02    0.000000E+00    0.000000E+00    0.000000E+00    6.373917E+01    8.448508E+01    1.422179E+00    0.000000E+00    0.000000E+00    0.000000E+00
2.867500E-01    5.709030E+01   -3.337900E+01   -2.597033E+02    0.000000E+00    0.000000E+00    0.000000E+00    5.901843E+01    8.355210E+01    2.308976E+00    0.000000E+00    0.000000E+00    0.000000E+00
2.877500E-01    4.415968E+01   -2.941883E+01   -2.605564E+02    0.000000E+00    0.000000E+00    0.000000E+00    5.663529E+01    7.531295E+01    1.137095E+00    0.000000E+00    0.000000E+00    0.000000E+00
2.887500E-01    4.268247E+01   -3.101251E+01   -2.669229E+02    0.000000E+00    0.000000E+00    0.000000E+00    5.890454E+01    7.702131E+01    5.165695E-01    0.000000E+00    0.000000E+00    0.000000E+00
2.897500E-01    5.508981E+01   -3.483682E+01   -2.475778E+02    0.000000E+00    0.000000E+00    0.000000E+00    5.894891E+01    8.349200E+01    1.461487E+00    0.000000E+00    0.000000E+00    0.000000E+00
2.907500E-01    5.894224E+01   -3.426718E+01   -2.364267E+02    0.000000E+00    0.000000E+00    0.000000E+00    5.706520E+01    8.405516E+01    2.123411E+00    0.000000E+00    0.000000E+00    0.000000E+00
2.917500E-01    5.624969E+01   -3.184131E+01   -2.344805E+02    0.000000E+00    0.000000E+00    0.000000E+00    5.542554E+01    8.207040E+01    2.200509E+00    0.000000E+00    0.000000E+00    0.000000E+00
2.927500E-01    5.616757E+01   -3.100060E+01   -2.284079E+02    0.000000E+00    0.000000E+00    0.000000E+00    5.443901E+01    8.210361E+01    2.283993E+00    0.000000E+00    0.000000E+00    0.000000E+00
2.937500E-01    5.299647E+01   -2.968449E+01   -2.233377E+02    0.000000E+00    0.000000E+00    0.000000E+00    5.307592E+01    7.974424E+01    2.036126E+00    0.000000E+00    0.000000E+00    0.000000E+00
2.947500E-01    5.005436E+01   -2.860908E+01   -2.200995E+02    0.000000E+00    0.000000E+00    0.000000E+00    5.196945E+01    7.739427E+01    1.802935E+00    0.000000E+00    0.000000E+00    0.000000E+00
2.957500E-01    4.878567E+01   -2.831962E+01   -2.218080E+02    0.000000E+00    0.000000E+00    0.000000E+00    5.231612E+01    7.771484E+01    1.627604E+00    0.000000E+00    0.000000E+00    0.000000E+00
2.967500E-01    4.897331E+01   -2.827378E+01   -2.193415E+02    0.000000E+00    0.000000E+00    0.000000E+00    5.224646E+01    7.828013E+01    1.613768E+00    0.000000E+00    0.000000E+00    0.000000E+00
2.977500E-01    4.836247E+01   -2.724438E+01   -2.028433E+02    0.000000E+00    0.000000E+00    0.000000E+00    4.937965E+01    7.545183E+01    1.671750E+00    0.000000E+00    0.000000E+00    0.000000E+00
2.987500E-01    5.234373E+01   -2.827348E+01   -2.056142E+02    0.000000E+00    0.000000E+00    0.000000E+00    5.076320E+01    7.954042E+01    2.010479E+00    0.000000E+00    0.000000E+00    0.000000E+00
2.997500E-01    4.572213E+01   -2.561901E+01   -2.059119E+02    0.000000E+00    0.000000E+00    0.000000E+00    4.926894E+01    7.583521E+01    1.526459E+00    0.000000E+00    0.000000E+00    0.000000E+00
3.007500E-01    4.020743E+01   -2.378186E+01   -2.136743E+02    0.000000E+00    0.000000E+00    0.000000E+00    4.966112E+01    7.509322E+01    1.000748E+00    0.000000E+00    0.000000E+00    0.000000E+00
3.017500E-01    4.580248E+01   -2.472948E+01   -2.035472E+02    0.000000E+00    0.000000E+00    0.000000E+00    4.903653E+01    7.760524E+01    1.602613E+00    0.000000E+00    0.000000E+00    0.000000E+00
3.027500E-01    4.686063E+01   -2.496361E+01   -2.064628E+02    0.000000E+00    0.000000E+00    0.000000E+00    4.980878E+01    7.948351E+01    1.690427E+00    0.000000E+00    0.000000E+00    0.000000E+00
3.037500E-01    4.524449E+01   -2.495925E+01   -2.152465E+02    0.000000E+00    0.000000E+00    0.000000E+00    5.149576E+01    8.139916E+01    1.376600E+00    0.000000E+00    0.000000E+00    0.000000E+00
3.047500E-01    4.903388E+01   -2.672154E+01   -2.186219E+02    0.000000E+00    0.000000E+00    0.000000E+00    5.364433E+01    8.617354E+01    1.475584E+00    0.000000E+00    0.000000E+00    0.000000E+00
3.057500E-01    5.261067E+01   -2.844688E+01   -2.208974E+02    0.000000E+00    0.000000E+00    0.000000E+00    5.546089E+01    9.009459E+01    1.579159E+00    0.000000E+00    0.000000E+00    0.000000E+00
3.067500E-01    5.390672E+01   -2.931380E+01   -2.233771E+02    0.000000E+00    0.000000E+00    0.000000E+00    5.670368E+01    9.238796E+01    1.532682E+00    0.000000E+00    0.000000E+00    0.000000E+00
3.077500E-01    5.485595E+01   -2.993535E+01   -2.257067E+02    0.000000E+00    0.000000E+00    0.000000E+00    5.787013E+01    9.470308E+01    1.474308E+00    0.000000E+00    0.000000E+00    0.000000E+00
3.087500E-01    5.575466E+01   -3.018295E+01   -2.249804E+02    0.000000E+00    0.000000E+00    0.000000E+00    5.825890E+01    9.613244E+01    1.509651E+00    0.000000E+00    0.000000E+00    0.000000E+00
3.097500E-01    5.724116E+01   -3.068130E+01   -2.239995E+02    0.000000E+00    0.000000E+00    0.000000E+00    5.873262E+01    9.776781E+01    1.588627E+00    0.000000E+00    0.000000E+00    0.000000E+00
3.107500E-01    5.835821E+01   -3.145660E+01   -2.224131E+02    0.000000E+00    0.000000E+00    0.000000E+00    5.925620E+01    9.890578E+01    1.536708E+00    0.000000E+00    0.000000E+00    0.000000E+00
3.117500E-01    5.831563E+01   -3.204269E+01   -2.231629E+02    0.000000E+00    0.000000E+00    0.000000E+00    6.004926E+01    9.988271E+01    1.330510E+00    0.000000E+00    0.000000E+00    0.000000E+00
3.127500E-01    5.959443E+01   -3.267560E+01   -2.185694E+02    0.000000E+00    0.000000E+00    0.000000E+00    5.993837E+01    1.003450E+02    1.323574E+00    0.000000E+00    0.000000E+00    0.000000E+00
3.137500E-01    5.608225E+01   -3.190421E+01   -2.245140E+02    0.000000E+00    0.000000E+00    0.000000E+00    6.063980E+01    1.002270E+02    8.852224E-01    0.000000E+00    0.000000E+00    0.000000E+00
3.147500E-01    5.833965E+01   -3.250773E+01   -2.237838E+02    0.000000E+00    0.000000E+00    0.000000E+00    6.126804E+01    1.026474E+02    1.032601E+00    0.000000E+00    0.000000E+00    0.000000E+00
3.157500E-01    6.362473E+01   -3.357410E+01   -2.166363E+02    0.000000E+00    0.000000E+00    0.000000E+00    6.100751E+01    1.050879E+02    1.602807E+00    0.000000E+00    0.000000E+00    0.000000E+00
3.167500E-01    5.911291E+01   -3.192531E+01   -2.210987E+02    0.000000E+00    0.000000E+00    0.000000E+00    6.076896E+01    1.036196E+02    1.260720E+00    0.000000E+00    0.000000E+00    0.000000E+00
3.177500E-01    5.125506E+01   -2.975786E+01   -2.325531E+02    0.000000E+00    0.000000E+00    0.000000E+00    6.159935E+01    1.024150E+02    4.408456E-01    0.000000E+00    0.000000E+00    0.000000E+00
3.187500E-01    5.020970E+01   -3.003879E+01   -2.450272E+02    0.000000E+00    0.000000E+00    0.000000E+00    6.447076E+01    1.067107E+02    9.395743E-02    0.000000E+00    0.000000E+00    0.000000E+00
3.197500E-01    4.987259E+01   -2.963080E+01   -2.406221E+02    0.000000E+00    0.000000E+00    0.000000E+00    6.373919E+01    1.062028E+02    1.041103E-01    0.000000E+00    0.000000E+00    0.000000E+00
3.207500E-01    5.130872E+01   -2.953777E+01   -2.302116E+02    0.000000E+00    0.000000E+00    0.000000E+00    6.197447E+01    1.046047E+02    3.715795E-01    0.000000E+00    0.000000E+00    0.000000E+00
3.217500E-01    5.042798E+01   -2.905604E+01   -2.211543E+02    0.000000E+00    0.000000E+00    0.000000E+00    6.023205E+01    1.019767E+02    3.210131E-01    0.000000E+00    0.000000E+00    0.000000E+00
3.227500E-01    4.637734E+01   -2.785653E+01   -2.146403E+02    0.000000E+00    0.000000E+00    0.000000E+00    5.860491E+01    9.845276E+01   -1.292824E-01    0.000000E+00    0.000000E+00    0.000000E+00
3.237500E-01    4.961920E+01   -2.923016E+01   -2.166845E+02    0.000000E+00    0.000000E+00    0.000000E+00    6.024327E+01    1.022825E+02   -1.721291E-02    0.000000E+00    0.000000E+00    0.000000E+00
3.247500E-01    5.245676E+01   -3.058019E+01   -2.225272E+02    0.000000E+00    0.000000E+00    0.000000E+00    6.258009E+01    1.070087E+02    3.136778E-02    0.000000E+00    0.000000E+00    0.000000E+00
3.257500E-01    5.263433E+01   -3.045173E+01   -2.210994E+02    0.000000E+00    0.000000E+00    0.000000E+00    6.262454E+01    1.078457E+02    3.422824E-02    0.000000E+00    0.000000E+00    0.000000E+00
3.267500E-01    5.534347E+01   -3.116637E+01   -2.163507E+02    0.000000E+00    0.000000E+00    0.000000E+00    6.254813E+01    1.091422E+02    2.459237E-01    0.000000E+00    0.000000E+00    0.000000E+00
3.277500E-01    5.591836E+01   -3.148851E+01   -2.156357E+02    0.000000E+00    0.000000E+00    0.000000E+00    6.299296E+01    1.103783E+02    1.806807E-01    0.000000E+00    0.000000E+00    0.000000E+00
3.287500E-01    5.489027E+01   -3.110418E+01   -2.158286E+02    0.000000E+00    0.000000E+00    0.000000E+00    6.317713E+01    1.110096E+02    3.329324E-02    0.000000E+00    0.000000E+00    0.000000E+00
3.297500E-01    5.692046E+01   -3.202745E+01   -2.204534E+02    0.000000E+00    0.000000E+00    0.000000E+00    6.509329E+01    1.151581E+02    4.169390E-02    0.000000E+00    0.000000E+00    0.000000E+00
3.307500E-01    5.926716E+01   -3.330985E+01   -2.280076E+02    0.000000E+00    0.000000E+00    0.000000E+00    6.785685E+01    1.205741E+02   -8.232374E-03    0.000000E+00    0.000000E+00    0.000000E+00
3.317500E-01    5.695516E+01   -3.277250E+01   -2.286132E+02    0.000000E+00    0.000000E+00    0.000000E+00    6.808644E+01    1.206587E+02   -3.630298E-01    0.000000E+00    0.000000E+00    0.000000E+00
3.327500E-01    5.801513E+01   -3.328781E+01   -2.295226E+02    0.000000E+00    0.000000E+00    0.000000E+00    6.906658E+01    1.230017E+02   -4.064176E-01    0.000000E+00    0.000000E+00    0.000000E+00
3.337500E-01    6.003845E+01   -3.389570E+01   -2.279943E+02    0.000000E+00    0.000000E+00    0.000000E+00    6.963392E+01    1.251253E+02   -2.935992E-01    0.000000E+00    0.000000E+00    0.000000E+00
3.347500E-01    6.715713E+01   -3.660835E+01   -2.328452E+02    0.000000E+00    0.000000E+00    0.000000E+00    7.288860E+01    1.328817E+02    9.417387E-02    0.000000E+00    0.000000E+00    0.000000E+00
3.357500E-01    7.008493E+01   -3.788291E+01   -2.404977E+02    0.000000E+00    0.000000E+00    0.000000E+00    7.581093E+01    1.390297E+02    1.594600E-01    0.000000E+00    0.000000E+00    0.000000E+00
3.367500E-01    7.192461E+01   -3.904740E+01   -2.498998E+02    0.000000E+00    0.000000E+00    0.000000E+00    7.915960E+01    1.455316E+02    5.184647E-03    0.000000E+00    0.000000E+00    0.000000E+00
3.377500E-01    7.265616E+01   -3.899842E+01   -2.451609E+02    0.000000E+00    0.000000E+00    0.000000E+00    7.871642E+01    1.458588E+02    9.146027E-02    0.000000E+00    0.000000E+00    0.000000E+00
3.387500E-01    7.300829E+01   -3.862816E+01   -2.423180E+02    0.000000E+00    0.000000E+00    0.000000E+00    7.843012E+01    1.465479E+02    2.326189E-01    0.000000E+00    0.000000E+00    0.000000E+00
3.397500E-01    7.832521E+01   -4.042758E+01   -2.468570E+02    0.000000E+00    0.000000E+00    0.000000E+00    8.106862E+01    1.532244E+02    5.904651E-01    0.000000E+00    0.000000E+00    0.000000E+00
3.407500E-01    8.013248E+01   -4.141606E+01   -2.520475E+02    0.000000E+00    0.000000E+00    0.000000E+00    8.342901E+01    1.581917E+02    4.818513E-01    0.000000E+00    0.000000E+00    0.000000E+00
3.417500E-01    8.284169E+01   -4.223700E+01   -2.525717E+02    0.000000E+00    0.000000E+00    0.000000E+00    8.472092E+01    1.620027E+02    6.458087E-01    0.000000E+00    0.000000E+00    0.000000E+00
3.427500E-01    7.550678E+01   -3.948417E+01   -2.524833E+02    0.000000E+00    0.000000E+00    0.000000E+00    8.359904E+01    1.591200E+02    7.422395E-02    0.000000E+00    0.000000E+00    0.000000E+00
3.437500E-01    8.086586E+01   -4.140214E+01   -2.488470E+02    0.000000E+00    0.000000E+00    0.000000E+00    8.456958E+01    1.626274E+02    3.804196E-01    0.000000E+00    0.000000E+00    0.000000E+00
3.447500E-01    8.617980E+01   -4.360634E+01   -2.482321E+02    0.000000E+00    0.000000E+00    0.000000E+00    8.638232E+01    1.673623E+02    5.423651E-01    0.000000E+00    0.000000E+00    0.000000E+00
3.457500E-01    8.318346E+01   -4.262623E+01   -2.488991E+02    0.000000E+00    0.000000E+00    0.000000E+00    8.654703E+01    1.675696E+02    1.761353E-01    0.000000E+00    0.000000E+00    0.000000E+00
3.467500E-01    8.324359E+01   -4.270293E+01   -2.533236E+02    0.000000E+00    0.000000E+00    0.000000E+00    8.836598E+01    1.716518E+02    4.400176E-02    0.000000E+00    0.000000E+00    0.000000E+00
3.477500E-01    8.361157E+01   -4.277076E+01   -2.538089E+02    0.000000E+00    0.000000E+00    0.000000E+00    8.917018E+01    1.739391E+02   -2.774931E-03    0.000000E+00    0.000000E+00    0.000000E+00
3.487500E-01    8.736811E+01   -4.370317E+01   -2.506046E+02    0.000000E+00    0.000000E+00    0.000000E+00    8.963241E+01    1.766749E+02    3.666507E-01    0.000000E+00    0.000000E+00    0.000000E+00
3.497500E-01    8.604818E+01   -4.295094E+01   -2.495791E+02    0.000000E+00    0.000000E+00    0.000000E+00    8.960392E+01    1.773273E+02    3.006558E-01    0.000000E+00    0.000000E+00    0.000000E+00
3.507500E-01    8.593195E+01   -4.288175E+01   -2.518214E+02    0.000000E+00    0.000000E+00    0.000000E+00    9.082294E+01    1.803634E+02    2.014079E-01    0.000000E+00    0.000000E+00    0.000000E+00
3.517500E-01    8.697170E+01   -4.308724E+01   -2.519650E+02    0.000000E+00    0.000000E+00    0.000000E+00    9.171605E+01    1.831590E+02    2.604562E-01    0.000000E+00    0.000000E+00    0.000000E+00
3.527500E-01    9.178734E+01   -4.480045E+01   -2.533994E+02    0.000000E+00    0.000000E+00    0.000000E+00    9.389771E+01    1.890147E+02    5.215652E-01    0.000000E+00    0.000000E+00    0.000000E+00
3.537500E-01    9.397507E+01   -4.561171E+01   -2.542687E+02    0.000000E+00    0.000000E+00    0.000000E+00    9.534440E+01    1.928652E+02    5.712147E-01    0.000000E+00    0.000000E+00    0.000000E+00
3.547500E-01    9.879464E+01   -4.753664E+01   -2.577770E+02    0.000000E+00    0.000000E+00    0.000000E+00    9.817668E+01    1.997803E+02    7.236603E-01    0.000000E+00    0.000000E+00    0.000000E+00
3.557500E-01    9.297267E+01   -4.541471E+01   -2.599364E+02    0.000000E+00    0.000000E+00    0.000000E+00    9.809891E+01    1.992064E+02    2.305716E-01    0.000000E+00    0.000000E+00    0.000000E+00
3.567500E-01    9.530146E+01   -4.617771E+01   -2.622302E+02    0.000000E+00    0.000000E+00    0.000000E+00    9.997592E+01    2.041227E+02    3.455924E-01    0.000000E+00    0.000000E+00    0.000000E+00
3.577500E-01    1.026787E+02   -4.871516E+01   -2.606907E+02    0.000000E+00    0.000000E+00    0.000000E+00    1.020245E+02    2.103234E+02    8.363860E-01    0.000000E+00    0.000000E+00    0.000000E+00
3.587500E-01    1.041590E+02   -4.963218E+01   -2.635630E+02    0.000000E+00    0.000000E+00    0.000000E+00    1.041074E+02    2.148455E+02    6.498844E-01    0.000000E+00    0.000000E+00    0.000000E+00
3.597500E-01    1.030037E+02   -4.952852E+01   -2.660121E+02    0.000000E+00    0.000000E+00    0.000000E+00    1.054101E+02    2.174345E+02    3.022491E-01    0.000000E+00    0.000000E+00    0.000000E+00
3.607500E-01    1.032842E+02   -4.962421E+01   -2.674667E+02    0.000000E+00    0.000000E+00    0.000000E+00    1.066597E+02    2.206492E+02    2.188812E-01    0.000000E+00    0.000000E+00    0.000000E+00
3.617500E-01    1.063372E+02   -5.056388E+01   -2.666930E+02    0.000000E+00    0.000000E+00    0.000000E+00    1.079198E+02    2.245833E+02    4.154370E-01    0.000000E+00    0.000000E+00    0.000000E+00
3.627500E-01    1.112198E+02   -5.231105E+01   -2.661170E+02    0.000000E+00    0.000000E+00    0.000000E+00    1.096932E+02    2.296398E+02    6.594171E-01    0.000000E+00    0.000000E+00    0.000000E+00
3.637500E-01    1.097617E+02   -5.200558E+01   -2.683802E+02    0.000000E+00    0.000000E+00    0.000000E+00    1.108216E+02    2.319396E+02    3.338405E-01    0.000000E+00    0.000000E+00    0.000000E+00
3.647500E-01    1.079042E+02   -5.131849E+01   -2.685227E+02    0.000000E+00    0.000000E+00    0.000000E+00    1.111801E+02    2.329782E+02    1.057483E-01    0.000000E+00    0.000000E+00    0.000000E+00
3.657500E-01    1.086001E+02   -5.132196E+01   -2.665369E+02    0.000000E+00    0.000000E+00    0.000000E+00    1.114467E+02    2.345915E+02    1.867607E-01    0.000000E+00    0.000000E+00    0.000000E+00
3.667500E-01    1.105352E+02   -5.181717E+01   -2.648500E+02    0.000000E+00    0.000000E+00    0.000000E+00    1.120994E+02    2.371000E+02    3.339821E-01    0.000000E+00    0.000000E+00    0.000000E+00
3.677500E-01    1.096689E+02   -5.152887E+01   -2.644324E+02    0.000000E+00    0.000000E+00    0.000000E+00    1.125354E+02    2.383320E+02    1.633620E-01    0.000000E+00    0.000000E+00    0.000000E+00
3.687500E-01    1.117313E+02   -5.212831E+01   -2.620017E+02    0.000000E+00    0.000000E+00    0.000000E+00    1.130008E+02    2.404002E+02    2.877780E-01    0.000000E+00    0.000000E+00    0.000000E+00
3.697500E-01    1.147767E+02   -5.307811E+01   -2.593160E+02    0.000000E+00    0.000000E+00    0.000000E+00    1.136301E+02    2.429916E+02    4.840238E-01    0.000000E+00    0.000000E+00    0.000000E+00
3.707500E-01    1.133214E+02   -5.239293E+01   -2.581464E+02    0.000000E+00    0.000000E+00    0.000000E+00    1.135862E+02    2.433995E+02    3.784447E-01    0.000000E+00    0.000000E+00    0.000000E+00
3.717500E-01    1.146879E+02   -5.256417E+01   -2.555556E+02    0.000000E+00    0.000000E+00    0.000000E+00    1.136995E+02    2.448191E+02    5.751917E-01    0.000000E+00    0.000000E+00    0.000000E+00
3.727500E-01    1.161433E+02   -5.310987E+01   -2.533238E+02    0.000000E+00    0.000000E+00    0.000000E+00    1.141334E+02    2.464121E+02    5.680691E-01    0.000000E+00    0.000000E+00    0.000000E+00
3.737500E-01    1.138289E+02   -5.220555E+01   -2.532423E+02    0.000000E+00    0.000000E+00    0.000000E+00    1.141722E+02    2.467363E+02    3.704250E-01    0.000000E+00    0.000000E+00    0.000000E+00
3.747500E-01    1.119402E+02   -5.139171E+01   -2.533720E+02    0.000000E+00    0.000000E+00    0.000000E+00    1.143507E+02    2.475218E+02    2.482812E-01    0.000000E+00    0.000000E+00    0.000000E+00
3.757500E-01    1.159719E+02   -5.281144E+01   -2.505609E+02    0.000000E+00    0.000000E+00    0.000000E+00    1.152397E+02    2.505814E+02    4.499171E-01    0.000000E+00    0.000000E+00    0.000000E+00
3.767500E-01    1.134196E+02   -5.188343E+01   -2.497786E+02    0.000000E+00    0.000000E+00    0.000000E+00    1.150602E+02    2.502279E+02    1.998412E-01    0.000000E+00    0.000000E+00    0.000000E+00
3.777500E-01    1.103251E+02   -5.072573E+01   -2.490329E+02    0.000000E+00    0.000000E+00    0.000000E+00    1.147222E+02    2.495538E+02   -6.189793E-02    0.000000E+00    0.000000E+00    0.000000E+00
3.787500E-01    1.044267E+02   -4.879570E+01   -2.519301E+02    0.000000E+00    0.000000E+00    0.000000E+00    1.149193E+02    2.492247E+02   -6.689632E-01    0.000000E+00    0.000000E+00    0.000000E+00
3.797500E-01    1.117496E+02   -5.105486E+01   -2.460209E+02    0.000000E+00    0.000000E+00    0.000000E+00    1.154255E+02    2.525462E+02   -4.919678E-03    0.000000E+00    0.000000E+00    0.000000E+00
3.807500E-01    1.168479E+02   -5.272251E+01   -2.450428E+02    0.000000E+00    0.000000E+00    0.000000E+00    1.169900E+02    2.573959E+02    3.539656E-01    0.000000E+00    0.000000E+00    0.000000E+00
3.817500E-01    1.187464E+02   -5.361168E+01   -2.436088E+02    0.000000E+00    0.000000E+00    0.000000E+00    1.178881E+02    2.596913E+02    2.334984E-01    0.000000E+00    0.000000E+00    0.000000E+00
3.827500E-01    1.162216E+02   -5.281668E+01   -2.437645E+02    0.000000E+00    0.000000E+00    0.000000E+00    1.180214E+02    2.598543E+02   -1.015561E-01    0.000000E+00    0.000000E+00    0.000000E+00
3.837500E-01    1.130894E+02   -5.137882E+01   -2.436167E+02    0.000000E+00    0.000000E+00    0.000000E+00    1.175244E+02    2.592365E+02   -1.613703E-01    0.000000E+00    0.000000E+00    0.000000E+00
3.847500E-01    1.112828E+02   -5.055341E+01   -2.403284E+02    0.000000E+00    0.000000E+00    0.000000E+00    1.165262E+02    2.574829E+02   -2.369547E-01    0.000000E+00    0.000000E+00    0.000000E+00
3.857500E-01    1.156526E+02   -5.193412E+01   -2.390675E+02    0.000000E+00    0.000000E+00    0.000000E+00    1.178573E+02    2.618042E+02    9.312637E-02    0.000000E+00    0.000000E+00    0.000000E+00
3.867500E-01    1.187327E+02   -5.302590E+01   -2.382057E+02    0.000000E+00    0.000000E+00    0.000000E+00    1.190167E+02    2.652284E+02    2.123391E-01    0.000000E+00    0.000000E+00    0.000000E+00
3.877500E-01    1.162173E+02   -5.222164E+01   -2.366437E+02    0.000000E+00    0.000000E+00    0.000000E+00    1.185188E+02    2.639885E+02   -1.157496E-01    0.000000E+00    0.000000E+00    0.000000E+00
3.887500E-01    1.177791E+02   -5.261702E+01   -2.360414E+02    0.000000E+00    0.000000E+00    0.000000E+00    1.192666E+02    2.666262E+02    3.061105E-02    0.000000E+00    0.000000E+00    0.000000E+00
3.897500E-01    1.183560E+02   -5.266473E+01   -2.350711E+02    0.000000E+00    0.000000E+00    0.000000E+00    1.195524E+02    2.679821E+02    1.131921E-01    0.000000E+00    0.000000E+00    0.000000E+00
3.907500E-01    1.160750E+02   -5.173935E+01   -2.349520E+02    0.000000E+00    0.000000E+00    0.000000E+00    1.194028E+02    2.678268E+02   -4.606286E-02    0.000000E+00    0.000000E+00    0.000000E+00
3.917500E-01    1.139040E+02   -5.088493E+01   -2.340904E+02    0.000000E+00    0.000000E+00    0.000000E+00    1.191263E+02    2.674191E+02   -2.312700E-01    0.000000E+00    0.000000E+00    0.000000E+00
3.927500E-01    1.154041E+02   -5.138719E+01   -2.318063E+02    0.000000E+00    0.000000E+00    0.000000E+00    1.193440E+02    2.686065E+02   -1.878670E-01    0.000000E+00    0.000000E+00    0.000000E+00
3.937500E-01    1.205900E+02   -5.293369E+01   -2.279799E+02    0.000000E+00    0.000000E+00    0.000000E+00    1.197619E+02    2.712228E+02    3.215406E-01    0.000000E+00    0.000000E+00    0.000000E+00
3.947500E-01    1.188515E+02   -5.212475E+01   -2.267714E+02    0.000000E+00    0.000000E+00    0.000000E+00    1.193027E+02    2.706102E+02    2.705698E-01    0.000000E+00    0.000000E+00    0.000000E+00
3.957500E-01    1.154737E+02   -5.088204E+01   -2.268837E+02    0.000000E+00    0.000000E+00    0.000000E+00    1.189870E+02    2.698433E+02   -1.173963E-02    0.000000E+00    0.000000E+00    0.000000E+00
3.967500E-01    1.165746E+02   -5.115763E+01   -2.233170E+02    0.000000E+00    0.000000E+00    0.000000E+00    1.185594E+02    2.696587E+02    7.136519E-02    0.000000E+00    0.000000E+00    0.000000E+00
3.977500E-01    1.159410E+02   -5.101370E+01   -2.235847E+02    0.000000E+00    0.000000E+00    0.000000E+00    1.190346E+02    2.708465E+02   -9.351316E-02    0.000000E+00    0.000000E+00    0.000000E+00
3.987500E-01    1.065680E+02   -4.785730E+01   -2.258131E+02    0.000000E+00    0.000000E+00    0.000000E+00    1.178757E+02    2.667950E+02   -9.330356E-01    0.000000E+00    0.000000E+00    0.000000E+00
3.997500E-01    1.119819E+02   -4.939170E+01   -2.199871E+02    0.000000E+00    0.000000E+00    0.000000E+00    1.176289E+02    2.680939E+02   -3.585388E-01    0.000000E+00    0.000000E+00    0.000000E+00
4.007500E-01    1.190069E+02   -5.163571E+01   -2.200005E+02    0.000000E+00    0.000000E+00    0.000000E+00    1.198996E+02    2.751788E+02    2.350994E-01    0.000000E+00    0.000000E+00    0.000000E+00
4.017500E-01    1.188493E+02   -5.164429E+01   -2.214731E+02    0.000000E+00    0.000000E+00    0.000000E+00    1.208766E+02    2.776467E+02    1.069309E-01    0.000000E+00    0.000000E+00    0.000000E+00
4.027500E-01    1.261847E+02   -5.408621E+01   -2.187968E+02    0.000000E+00    0.000000E+00    0.000000E+00    1.223175E+02    2.826856E+02    6.699553E-01    0.000000E+00    0.000000E+00    0.000000E+00
4.037500E-01    1.279300E+02   -5.428183E+01   -2.129311E+02    0.000000E+00    0.000000E+00    0.000000E+00    1.209197E+02    2.808414E+02    1.050388E+00    0.000000E+00    0.000000E+00    0.000000E+00
4.047500E-01    1.232099E+02   -5.211897E+01   -2.067885E+02    0.000000E+00    0.000000E+00    0.000000E+00    1.177136E+02    2.741387E+02    1.053674E+00    0.000000E+00    0.000000E+00    0.000000E+00
4.057500E-01    1.317658E+02   -5.545783E+01   -2.025441E+02    0.000000E+00    0.000000E+00    0.000000E+00    1.193669E+02    2.790754E+02    1.306425E+00    0.000000E+00    0.000000E+00    0.000000E+00
4.067500E-01    1.316036E+02   -5.543538E+01   -2.007592E+02    0.000000E+00    0.000000E+00    0.000000E+00    1.189256E+02    2.782267E+02    1.222889E+00    0.000000E+00    0.000000E+00    0.000000E+00
4.077500E-01    1.302467E+02   -5.395101E+01   -1.989638E+02    0.000000E+00    0.000000E+00    0.000000E+00    1.174452E+02    2.767877E+02    1.900579E+00    0.000000E+00    0.000000E+00    0.000000E+00
4.087500E-01    1.309508E+02   -5.398727E+01   -1.936753E+02    0.000000E+00    0.000000E+00    0.000000E+00    1.159894E+02    2.741829E+02    2.038519E+00    0.000000E+00    0.000000E+00    0.000000E+00
4.097500E-01    1.252198E+02   -5.299017E+01   -1.963540E+02    0.000000E+00    0.000000E+00    0.000000E+00    1.164926E+02    2.727767E+02    7.083910E-01    0.000000E+00    0.000000E+00    0.000000E+00
4.107500E-01    1.257479E+02   -5.276587E+01   -1.967166E+02    0.000000E+00    0.000000E+00    0.000000E+00    1.167716E+02    2.746302E+02    1.029416E+00    0.000000E+00    0.000000E+00    0.000000E+00
4.117500E-01    1.316841E+02   -5.399931E+01   -1.905241E+02    0.000000E+00    0.000000E+00    0.000000E+00    1.158490E+02    2.753538E+02    2.104837E+00    0.000000E+00    0.000000E+00    0.000000E+00
4.127500E-01    1.291785E+02   -5.332116E+01   -1.877855E+02    0.000000E+00    0.000000E+00    0.000000E+00    1.146186E+02    2.719622E+02    1.700942E+00    0.000000E+00    0.000000E+00    0.000000E+00
4.137500E-01    1.258963E+02   -5.179040E+01   -1.865790E+02    0.000000E+00    0.000000E+00    0.000000E+00    1.132189E+02    2.692143E+02    1.731177E+00    0.000000E+00    0.000000E+00    0.000000E+00
4.147500E-01    1.246635E+02   -5.119037E+01   -1.849441E+02    0.000000E+00    0.000000E+00    0.000000E+00    1.123946E+02    2.676989E+02    1.726802E+00    0.000000E+00    0.000000E+00    0.000000E+00
4.157500E-01    1.219384E+02   -5.086589E+01   -1.848676E+02    0.000000E+00    0.000000E+00    0.000000E+00    1.123926E+02    2.662750E+02    9.424571E-01    0.000000E+00    0.000000E+00    0.000000E+00
4.167500E-01    1.189872E+02   -4.952915E+01   -1.833212E+02    0.000000E+00    0.000000E+00    0.000000E+00    1.109931E+02    2.634091E+02    9.505870E-01    0.000000E+00    0.000000E+00    0.000000E+00
4.177500E-01    1.172516E+02   -4.861877E+01   -1.811581E+02    0.000000E+00    0.000000E+00    0.000000E+00    1.097166E+02    2.610129E+02    1.033006E+00    0.000000E+00    0.000000E+00    0.000000E+00
4.187500E-01    1.181945E+02   -4.923154E+01   -1.776279E+02    0.000000E+00    0.000000E+00    0.000000E+00    1.092142E+02    2.596396E+02    7.815483E-01    0.000000E+00    0.000000E+00    0.000000E+00
4.197500E-01    1.213748E+02   -4.979488E+01   -1.718781E+02    0.000000E+00    0.000000E+00    0.000000E+00    1.078372E+02    2.582493E+02    1.415339E+00    0.000000E+00    0.000000E+00    0.000000E+00
4.207500E-01    1.213147E+02   -4.939739E+01   -1.694962E+02    0.000000E+00    0.000000E+00    0.000000E+00    1.068828E+02    2.570152E+02    1.686807E+00    0.000000E+00    0.000000E+00    0.000000E+00
4.217500E-01    1.201759E+02   -4.903713E+01   -1.676704E+02    0.000000E+00    0.000000E+00    0.000000E+00    1.061539E+02    2.552905E+02    1.524689E+00    0.000000E+00    0.000000E+00    0.000000E+00
4.227500E-01    1.196998E+02   -4.849214E+01   -1.647435E+02    0.000000E+00    0.000000E+00    0.000000E+00    1.048086E+02    2.530500E+02    1.778986E+00    0.000000E+00    0.000000E+00    0.000000E+00
4.237500E-01    1.185160E+02   -4.797876E+01   -1.630021E+02    0.000000E+00    0.000000E+00    0.000000E+00    1.039072E+02    2.511548E+02    1.737171E+00    0.000000E+00    0.000000E+00    0.000000E+00
4.247500E-01    1.177768E+02   -4.784164E+01   -1.610561E+02    0.000000E+00    0.000000E+00    0.000000E+00    1.032520E+02    2.494406E+02    1.527383E+00    0.000000E+00    0.000000E+00    0.000000E+00
4.257500E-01    1.202193E+02   -4.809759E+01   -1.567241E+02    0.000000E+00    0.000000E+00    0.000000E+00    1.020191E+02    2.483234E+02    2.173899E+00    0.000000E+00    0.000000E+00    0.000000E+00
4.267500E-01    1.205107E+02   -4.800707E+01   -1.549184E+02    0.000000E+00    0.000000E+00    0.000000E+00    1.014282E+02    2.475563E+02    2.323273E+00    0.000000E+00    0.000000E+00    0.000000E+00
4.277500E-01    1.182610E+02   -4.725293E+01   -1.551515E+02    0.000000E+00    0.000000E+00    0.000000E+00    1.010179E+02    2.463594E+02    2.102226E+00    0.000000E+00    0.000000E+00    0.000000E+00
4.287500E-01    1.159974E+02   -4.618814E+01   -1.544738E+02    0.000000E+00    0.000000E+00    0.000000E+00    9.999236E+01    2.443565E+02    2.150012E+00    0.000000E+00    0.000000E+00    0.000000E+00
4.297500E-01    1.152665E+02   -4.597466E+01   -1.532604E+02    0.000000E+00    0.000000E+00    0.000000E+00    9.951349E+01    2.432214E+02    2.008818E+00    0.000000E+00    0.000000E+00    0.000000E+00
4.307500E-01    1.155132E+02   -4.612924E+01   -1.524346E+02    0.000000E+00    0.000000E+00    0.000000E+00    9.946576E+01    2.431573E+02    1.914630E+00    0.000000E+00    0.000000E+00    0.000000E+00
4.317500E-01    1.131934E+02   -4.515425E+01   -1.528420E+02    0.000000E+00    0.000000E+00    0.000000E+00    9.888917E+01    2.419552E+02    1.869164E+00    0.000000E+00    0.000000E+00    0.000000E+00
4.327500E-01    1.103461E+02   -4.428481E+01   -1.536669E+02    0.000000E+00    0.000000E+00    0.000000E+00    9.856661E+01    2.406716E+02    1.525808E+00    0.000000E+00    0.000000E+00    0.000000E+00
4.337500E-01    1.100165E+02   -4.426141E+01   -1.533171E+02    0.000000E+00    0.000000E+00    0.000000E+00    9.852006E+01    2.404632E+02    1.378321E+00    0.000000E+00    0.000000E+00    0.000000E+00
4.347500E-01    1.097578E+02   -4.387089E+01   -1.520485E+02    0.000000E+00    0.000000E+00    0.000000E+00    9.779770E+01    2.395022E+02    1.593286E+00    0.000000E+00    0.000000E+00    0.000000E+00
4.357500E-01    1.079951E+02   -4.329846E+01   -1.523115E+02    0.000000E+00    0.000000E+00    0.000000E+00    9.749787E+01    2.386100E+02    1.400916E+00    0.000000E+00    0.000000E+00    0.000000E+00
4.367500E-01    1.092036E+02   -4.345776E+01   -1.500856E+02    0.000000E+00    0.000000E+00    0.000000E+00    9.688172E+01    2.380421E+02    1.672727E+00    0.000000E+00    0.000000E+00    0.000000E+00
4.377500E-01    1.084198E+02   -4.294432E+01   -1.487855E+02    0.000000E+00    0.000000E+00    0.000000E+00    9.601482E+01    2.365308E+02    1.803313E+00    0.000000E+00    0.000000E+00    0.000000E+00
4.387500E-01    1.068377E+02   -4.245419E+01   -1.478543E+02    0.000000E+00    0.000000E+00    0.000000E+00    9.531197E+01    2.346400E+02    1.607923E+00    0.000000E+00    0.000000E+00    0.000000E+00
4.397500E-01    1.079044E+02   -4.286560E+01   -1.454402E+02    0.000000E+00    0.000000E+00    0.000000E+00    9.484547E+01    2.337251E+02    1.594827E+00    0.000000E+00    0.000000E+00    0.000000E+00
4.407500E-01    1.068996E+02   -4.233982E+01   -1.439196E+02    0.000000E+00    0.000000E+00    0.000000E+00    9.388135E+01    2.317714E+02    1.654373E+00    0.000000E+00    0.000000E+00    0.000000E+00
4.417500E-01    1.056893E+02   -4.155981E+01   -1.431086E+02    0.000000E+00    0.000000E+00    0.000000E+00    9.295889E+01    2.303060E+02    1.865584E+00    0.000000E+00    0.000000E+00    0.000000E+00
4.427500E-01    1.058706E+02   -4.163672E+01   -1.425986E+02    0.000000E+00    0.000000E+00    0.000000E+00    9.290791E+01    2.303381E+02    1.813775E+00    0.000000E+00    0.000000E+00    0.000000E+00
4.437500E-01    1.022874E+02   -4.123506E+01   -1.445918E+02    0.000000E+00    0.000000E+00    0.000000E+00    9.337251E+01    2.292300E+02    7.674623E-01    0.000000E+00    0.000000E+00    0.000000E+00
4.447500E-01    1.031109E+02   -4.092417E+01   -1.410651E+02    0.000000E+00    0.000000E+00    0.000000E+00    9.185372E+01    2.272312E+02    1.310386E+00    0.000000E+00    0.000000E+00    0.000000E+00
4.457500E-01    1.088706E+02   -4.190991E+01   -1.380174E+02    0.000000E+00    0.000000E+00    0.000000E+00    9.166608E+01    2.300461E+02    2.561784E+00    0.000000E+00    0.000000E+00    0.000000E+00
4.467500E-01    1.093273E+02   -4.243265E+01   -1.383164E+02    0.000000E+00    0.000000E+00    0.000000E+00    9.231033E+01    2.309838E+02    2.219706E+00    0.000000E+00    0.000000E+00    0.000000E+00
4.477500E-01    1.072809E+02   -4.234057E+01   -1.386906E+02    0.000000E+00    0.000000E+00    0.000000E+00    9.244026E+01    2.297779E+02    1.476806E+00    0.000000E+00    0.000000E+00    0.000000E+00
4.487500E-01    1.071699E+02   -4.200938E+01   -1.370543E+02    0.000000E+00    0.000000E+00    0.000000E+00    9.158009E+01    2.284876E+02    1.703621E+00    0.000000E+00    0.000000E+00    0.000000E+00
4.497500E-01    1.069290E+02   -4.184705E+01   -1.368587E+02    0.000000E+00    0.000000E+00    0.000000E+00    9.139170E+01    2.282904E+02    1.738803E+00    0.000000E+00    0.000000E+00    0.000000E+00
4.507500E-01    1.060513E+02   -4.182636E+01   -1.377188E+02    0.000000E+00    0.000000E+00    0.000000E+00    9.172905E+01    2.284813E+02    1.391782E+00    0.000000E+00    0.000000E+00    0.000000E+00
4.517500E-01    1.042987E+02   -4.111287E+01   -1.383639E+02    0.000000E+00    0.000000E+00    0.000000E+00    9.135126E+01    2.277166E+02    1.342315E+00    0.000000E+00    0.000000E+00    0.000000E+00
4.527500E-01    1.025569E+02   -3.984401E+01   -1.386738E+02    0.000000E+00    0.000000E+00    0.000000E+00    9.030951E+01    2.265999E+02    1.821075E+00    0.000000E+00    0.000000E+00    0.000000E+00
4.537500E-01    1.009709E+02   -3.877343E+01   -1.389973E+02    0.000000E+00    0.000000E+00    0.000000E+00    8.944075E+01    2.256251E+02    2.175413E+00    0.000000E+00    0.000000E+00    0.000000E+00
4.547500E-01    9.909143E+01   -3.838830E+01   -1.398059E+02    0.000000E+00    0.000000E+00    0.000000E+00    8.937193E+01    2.248067E+02    1.777831E+00    0.000000E+00    0.000000E+00    0.000000E+00
4.557500E-01    9.774326E+01   -3.821218E+01   -1.407647E+02    0.000000E+00    0.000000E+00    0.000000E+00    8.954366E+01    2.245733E+02    1.400049E+00    0.000000E+00    0.000000E+00    0.000000E+00
4.567500E-01    9.803771E+01   -3.817196E+01   -1.421005E+02    0.000000E+00    0.000000E+00    0.000000E+00    8.999318E+01    2.261873E+02    1.535389E+00    0.000000E+00    0.000000E+00    0.000000E+00
4.577500E-01    9.661649E+01   -3.806817E+01   -1.425466E+02    0.000000E+00    0.000000E+00    0.000000E+00    9.006064E+01    2.253951E+02    1.063785E+00    0.000000E+00    0.000000E+00    0.000000E+00
4.587500E-01    9.526348E+01   -3.916555E+01   -1.430610E+02    0.000000E+00    0.000000E+00    0.000000E+00    9.129523E+01    2.247657E+02   -5.361812E-01    0.000000E+00    0.000000E+00    0.000000E+00
4.597500E-01    9.444108E+01   -4.078824E+01   -1.439484E+02    0.000000E+00    0.000000E+00    0.000000E+00    9.318850E+01    2.249799E+02   -2.433447E+00    0.000000E+00    0.000000E+00    0.000000E+00
4.607500E-01    9.366956E+01   -4.018439E+01   -1.442421E+02    0.000000E+00    0.000000E+00    0.000000E+00    9.281006E+01    2.246618E+02   -2.187481E+00    0.000000E+00    0.000000E+00    0.000000E+00
4.617500E-01    9.467171E+01   -3.776299E+01   -1.434527E+02    0.000000E+00    0.000000E+00    0.000000E+00    9.030446E+01    2.249920E+02    4.453515E-01    0.000000E+00    0.000000E+00    0.000000E+00
4.627500E-01    9.703495E+01   -3.662967E+01   -1.417518E+02    0.000000E+00    0.000000E+00    0.000000E+00    8.860757E+01    2.257560E+02    2.343385E+00    0.000000E+00    0.000000E+00    0.000000E+00
4.637500E-01    9.790376E+01   -3.827602E+01   -1.389855E+02    0.000000E+00    0.000000E+00    0.000000E+00    8.903810E+01    2.241516E+02    1.025824E+00    0.000000E+00    0.000000E+00    0.000000E+00
4.647500E-01    9.885532E+01   -3.961862E+01   -1.368240E+02    0.000000E+00    0.000000E+00    0.000000E+00    8.942678E+01    2.232187E+02    6.659412E-02    0.000000E+00    0.000000E+00    0.000000E+00
4.657500E-01    1.006214E+02   -3.940159E+01   -1.354122E+02    0.000000E+00    0.000000E+00    0.000000E+00    8.868368E+01    2.237329E+02    9.285923E-01    0.000000E+00    0.000000E+00    0.000000E+00
4.667500E-01    1.026439E+02   -3.902573E+01   -1.334364E+02    0.000000E+00    0.000000E+00    0.000000E+00    8.759842E+01    2.239058E+02    2.016412E+00    0.000000E+00    0.000000E+00    0.000000E+00
4.677500E-01    1.053690E+02   -3.914774E+01   -1.297257E+02    0.000000E+00    0.000000E+00    0.000000E+00    8.629081E+01    2.230755E+02    2.878590E+00    0.000000E+00    0.000000E+00    0.000000E+00
4.687500E-01    1.098101E+02   -3.949103E+01   -1.258510E+02    0.000000E+00    0.000000E+00    0.000000E+00    8.511882E+01    2.237287E+02    4.186811E+00    0.000000E+00    0.000000E+00    0.000000E+00
4.697500E-01    1.117656E+02   -3.995532E+01   -1.229725E+02    0.000000E+00    0.000000E+00    0.000000E+00    8.448439E+01    2.230109E+02    4.462320E+00    0.000000E+00    0.000000E+00    0.000000E+00
4.707500E-01    1.169691E+02   -4.055078E+01   -1.285236E+02    0.000000E+00    0.000000E+00    0.000000E+00    8.718148E+01    2.333101E+02    5.840032E+00    0.000000E+00    0.000000E+00    0.000000E+00
4.717500E-01    1.108973E+02   -3.460814E+01   -1.221149E+02    0.000000E+00    0.000000E+00    0.000000E+00    7.916870E+01    2.213654E+02    9.166008E+00    0.000000E+00    0.000000E+00    0.000000E+00
4.727500E-01    1.033011E+02   -2.876034E+01   -1.187118E+02    0.000000E+00    0.000000E+00    0.000000E+00    7.241339E+01    2.108987E+02    1.184854E+01    0.000000E+00    0.000000E+00    0.000000E+00
4.737500E-01    1.009967E+02   -3.055968E+01   -1.231648E+02    0.000000E+00    0.000000E+00    0.000000E+00    7.577001E+01    2.129684E+02    9.239219E+00    0.000000E+00    0.000000E+00    0.000000E+00
4.747500E-01    1.015555E+02   -3.762345E+01   -1.296914E+02    0.000000E+00    0.000000E+00    0.000000E+00    8.480109E+01    2.196382E+02    2.698646E+00    0.000000E+00    0.000000E+00    0.000000E+00
4.757500E-01    9.215055E+01   -3.276174E+01   -1.291633E+02    0.000000E+00    0.000000E+00    0.000000E+00    7.995890E+01    2.103044E+02    3.736236E+00    0.000000E+00    0.000000E+00    0.000000E+00
4.767500E-01    9.371728E+01   -2.996147E+01   -1.300181E+02    0.000000E+00    0.000000E+00    0.000000E+00    7.782495E+01    2.130017E+02    7.026724E+00    0.000000E+00    0.000000E+00    0.000000E+00
4.777500E-01    1.036097E+02   -3.594371E+01   -1.328495E+02    0.000000E+00    0.000000E+00    0.000000E+00    8.470409E+01    2.252731E+02    5.152627E+00    0.000000E+00    0.000000E+00    0.000000E+00
4.787500E-01    9.584197E+01   -3.532502E+01   -1.325171E+02    0.000000E+00    0.000000E+00    0.000000E+00    8.370317E+01    2.170728E+02    2.740117E+00    0.000000E+00    0.000000E+00    0.000000E+00
4.797500E-01    9.998225E+01   -3.905367E+01   -1.465014E+02    0.000000E+00    0.000000E+00    0.000000E+00    9.231982E+01    2.340443E+02    6.821046E-01    0.000000E+00    0.000000E+00    0.000000E+00
4.807500E-01    9.837759E+01   -4.008874E+01   -1.427704E+02    0.000000E+00    0.000000E+00    0.000000E+00    9.190779E+01    2.290190E+02   -8.973723E-01    0.000000E+00    0.000000E+00    0.000000E+00
4.817500E-01    9.339460E+01   -3.837384E+01   -1.360683E+02    0.000000E+00    0.000000E+00    0.000000E+00    8.776053E+01    2.177680E+02   -1.025116E+00    0.000000E+00    0.000000E+00    0.000000E+00
4.827500E-01    9.189868E+01   -3.642834E+01   -1.368340E+02    0.000000E+00    0.000000E+00    0.000000E+00    8.611899E+01    2.167757E+02    3.385621E-01    0.000000E+00    0.000000E+00    0.000000E+00
4.837500E-01    9.179368E+01   -3.544202E+01   -1.347853E+02    0.000000E+00    0.000000E+00    0.000000E+00    8.431566E+01    2.145777E+02    1.233992E+00    0.000000E+00    0.000000E+00    0.000000E+00
4.847500E-01    9.285389E+01   -3.781499E+01   -1.354642E+02    0.000000E+00    0.000000E+00    0.000000E+00    8.682207E+01    2.162873E+02   -6.602991E-01    0.000000E+00    0.000000E+00    0.000000E+00
4.857500E-01    9.544598E+01   -3.532592E+01   -1.323081E+02    0.000000E+00    0.000000E+00    0.000000E+00    8.328411E+01    2.158985E+02    2.610311E+00    0.000000E+00    0.000000E+00    0.000000E+00
4.867500E-01    9.851442E+01   -4.021135E+01   -1.439019E+02    0.000000E+00    0.000000E+00    0.000000E+00    9.239316E+01    2.300115E+02   -8.791343E-01    0.000000E+00    0.000000E+00    0.000000E+00
4.877500E-01    9.917095E+01   -3.553332E+01   -1.339094E+02    0.000000E+00    0.000000E+00    0.000000E+00    8.417990E+01    2.212496E+02    3.747084E+00    0.000000E+00    0.000000E+00    0.000000E+00
4.887500E-01    1.057371E+02   -3.376728E+01   -1.307985E+02    0.000000E+00    0.000000E+00    0.000000E+00    8.131835E+01    2.244692E+02    7.871456E+00    0.000000E+00    0.000000E+00    0.000000E+00
4.897500E-01    1.058332E+02   -4.370713E+01   -1.399276E+02    0.000000E+00    0.000000E+00    0.000000E+00    9.433081E+01    2.333967E+02   -1.520407E+00    0.000000E+00    0.000000E+00    0.000000E+00
4.907500E-01    1.004220E+02   -4.209661E+01   -1.339282E+02    0.000000E+00    0.000000E+00    0.000000E+00    9.055153E+01    2.226987E+02   -2.117240E+00    0.000000E+00    0.000000E+00    0.000000E+00
4.917500E-01    1.023418E+02   -3.847031E+01   -1.312564E+02    0.000000E+00    0.000000E+00    0.000000E+00    8.609707E+01    2.219461E+02    2.010248E+00    0.000000E+00    0.000000E+00    0.000000E+00
4.927500E-01    1.079530E+02   -3.866240E+01   -1.326573E+02    0.000000E+00    0.000000E+00    0.000000E+00    8.680036E+01    2.285247E+02    3.939586E+00    0.000000E+00    0.000000E+00    0.000000E+00
4.937500E-01    1.069163E+02   -3.969653E+01   -1.323666E+02    0.000000E+00    0.000000E+00    0.000000E+00    8.755604E+01    2.271364E+02    2.534481E+00    0.000000E+00    0.000000E+00    0.000000E+00
4.947500E-01    1.069045E+02   -4.220538E+01   -1.281602E+02    0.000000E+00    0.000000E+00    0.000000E+00    8.825060E+01    2.231839E+02    8.490354E-02    0.000000E+00    0.000000E+00    0.000000E+00
4.957500E-01    1.004628E+02   -3.792207E+01   -1.226223E+02    0.000000E+00    0.000000E+00    0.000000E+00    8.197628E+01    2.116337E+02    1.726693E+00    0.000000E+00    0.000000E+00    0.000000E+00
4.967500E-01    1.042640E+02   -3.675440E+01   -1.262538E+02    0.000000E+00    0.000000E+00    0.000000E+00    8.228941E+01    2.185874E+02    4.347624E+00    0.000000E+00    0.000000E+00    0.000000E+00
4.977500E-01    1.003319E+02   -3.313813E+01   -1.243577E+02    0.000000E+00    0.000000E+00    0.000000E+00    7.830033E+01    2.133892E+02    6.299325E+00    0.000000E+00    0.000000E+00    0.000000E+00
4.987500E-01    9.642234E+01   -3.231486E+01   -1.286203E+02    0.000000E+00    0.000000E+00    0.000000E+00    7.918603E+01    2.140072E+02    5.568261E+00    0.000000E+00    0.000000E+00    0.000000E+00
4.997500E-01    9.445167E+01   -3.489384E+01   -1.315074E+02    0.000000E+00    0.000000E+00    0.000000E+00    8.263550E+01    2.147949E+02    2.352622E+00    0.000000E+00    0.000000E+00    0.000000E+00
5.007500E-01    9.427467E+01   -3.686059E+01   -1.324007E+02    0.000000E+00    0.000000E+00    0.000000E+00    8.476107E+01    2.152372E+02    4.335730E-01    0.000000E+00    0.000000E+00    0.000000E+00
5.017500E-01    1.043648E+02   -4.184491E+01   -1.314319E+02    0.000000E+00    0.000000E+00    0.000000E+00    8.917983E+01    2.238454E+02   -4.167947E-01    0.000000E+00    0.000000E+00    0.000000E+00
5.027500E-01    9.922380E+01   -3.699446E+01   -1.320935E+02    0.000000E+00    0.000000E+00    0.000000E+00    8.476980E+01    2.192897E+02    2.309988E+00    0.000000E+00    0.000000E+00    0.000000E+00
5.037500E-01    9.710056E+01   -3.382443E+01   -1.439623E+02    0.000000E+00    0.000000E+00    0.000000E+00    8.613962E+01    2.282732E+02    4.518713E+00    0.000000E+00    0.000000E+00    0.000000E+00
5.047500E-01    1.078449E+02   -4.019639E+01   -1.534737E+02    0.000000E+00    0.000000E+00    0.000000E+00    9.578472E+01    2.475853E+02    2.518031E+00    0.000000E+00    0.000000E+00    0.000000E+00
5.057500E-01    1.088768E+02   -4.204984E+01   -1.456978E+02    0.000000E+00    0.000000E+00    0.000000E+00    9.457327E+01    2.413488E+02    1.124638E+00    0.000000E+00    0.000000E+00    0.000000E+00
5.067500E-01    9.991943E+01   -3.771093E+01   -1.345555E+02    0.000000E+00    0.000000E+00    0.000000E+00    8.615589E+01    2.222978E+02    1.841599E+00    0.000000E+00    0.000000E+00    0.000000E+00
5.077500E-01    9.418622E+01   -3.477218E+01   -1.310954E+02    0.000000E+00    0.000000E+00    0.000000E+00    8.200320E+01    2.135803E+02    2.455823E+00    0.000000E+00    0.000000E+00    0.000000E+00
5.087500E-01    9.688412E+01   -3.632768E+01   -1.370581E+02    0.000000E+00    0.000000E+00    0.000000E+00    8.576490E+01    2.218502E+02    1.969209E+00    0.000000E+00    0.000000E+00    0.000000E+00
5.097500E-01    9.654495E+01   -3.845603E+01   -1.390889E+02    0.000000E+00    0.000000E+00    0.000000E+00    8.853512E+01    2.234041E+02   -2.140703E-01    0.000000E+00    0.000000E+00    0.000000E+00
5.107500E-01    9.843684E+01   -4.153340E+01   -1.411704E+02    0.000000E+00    0.000000E+00    0.000000E+00    9.221850E+01    2.271113E+02   -2.422436E+00    0.000000E+00    0.000000E+00    0.000000E+00
5.117500E-01    1.027655E+02   -4.376745E+01   -1.423862E+02    0.000000E+00    0.000000E+00    0.000000E+00    9.480354E+01    2.323149E+02   -2.848181E+00    0.000000E+00    0.000000E+00    0.000000E+00
5.127500E-01    9.976562E+01   -4.135829E+01   -1.354070E+02    0.000000E+00    0.000000E+00    0.000000E+00    8.992942E+01    2.227654E+02   -1.604943E+00    0.000000E+00    0.000000E+00    0.000000E+00
5.137500E-01    1.016530E+02   -3.853206E+01   -1.306061E+02    0.000000E+00    0.000000E+00    0.000000E+00    8.548122E+01    2.199419E+02    1.842999E+00    0.000000E+00    0.000000E+00    0.000000E+00
5.147500E-01    1.028012E+02   -3.905585E+01   -1.302830E+02    0.000000E+00    0.000000E+00    0.000000E+00    8.590341E+01    2.207680E+02    1.766102E+00    0.000000E+00    0.000000E+00    0.000000E+00
5.157500E-01    1.049903E+02   -3.907573E+01   -1.336581E+02    0.000000E+00    0.000000E+00    0.000000E+00    8.721773E+01    2.262428E+02    2.480845E+00    0.000000E+00    0.000000E+00    0.000000E+00
5.167500E-01    1.081836E+02   -3.852551E+01   -1.369168E+02    0.000000E+00    0.000000E+00    0.000000E+00    8.794450E+01    2.325252E+02    4.122986E+00    0.000000E+00    0.000000E+00    0.000000E+00
5.177500E-01    1.085990E+02   -4.168032E+01   -1.409338E+02    0.000000E+00    0.000000E+00    0.000000E+00    9.247239E+01    2.368340E+02    1.222602E+00    0.000000E+00    0.000000E+00    0.000000E+00
5.187500E-01    1.063514E+02   -4.262693E+01   -1.423473E+02    0.000000E+00    0.000000E+00    0.000000E+00    9.392051E+01    2.360819E+02   -5.886140E-01    0.000000E+00    0.000000E+00    0.000000E+00
5.197500E-01    1.063520E+02   -4.045234E+01   -1.426003E+02    0.000000E+00    0.000000E+00    0.000000E+00    9.194081E+01    2.362694E+02    1.416903E+00    0.000000E+00    0.000000E+00    0.000000E+00
5.207500E-01    1.097857E+02   -4.064229E+01   -1.435533E+02    0.000000E+00    0.000000E+00    0.000000E+00    9.243059E+01    2.403188E+02    2.489775E+00    0.000000E+00    0.000000E+00    0.000000E+00
5.217500E-01    1.115900E+02   -4.162428E+01   -1.442151E+02    0.000000E+00    0.000000E+00    0.000000E+00    9.357696E+01    2.425918E+02    2.218138E+00    0.000000E+00    0.000000E+00    0.000000E+00
5.227500E-01    1.045456E+02   -3.839152E+01   -1.277696E+02    0.000000E+00    0.000000E+00    0.000000E+00    8.437678E+01    2.203544E+02    2.666117E+00    0.000000E+00    0.000000E+00    0.000000E+00
5.237500E-01    1.036623E+02   -4.106582E+01   -1.349558E+02    0.000000E+00    0.000000E+00    0.000000E+00    8.950372E+01    2.262424E+02   -2.127664E-01    0.000000E+00    0.000000E+00    0.000000E+00
5.247500E-01    1.019363E+02   -4.240434E+01   -1.351712E+02    0.000000E+00    0.000000E+00    0.000000E+00    9.074946E+01    2.248517E+02   -2.112825E+00    0.000000E+00    0.000000E+00    0.000000E+00
5.257500E-01    1.048585E+02   -3.882442E+01   -1.211475E+02    0.000000E+00    0.000000E+00    0.000000E+00    8.205944E+01    2.144640E+02    2.458208E+00    0.000000E+00    0.000000E+00    0.000000E+00
5.267500E-01    1.104238E+02   -4.010448E+01   -1.359987E+02    0.000000E+00    0.000000E+00    0.000000E+00    8.889114E+01    2.335200E+02    3.498877E+00    0.000000E+00    0.000000E+00    0.000000E+00
5.277500E-01    1.098784E+02   -4.085386E+01   -1.438964E+02    0.000000E+00    0.000000E+00    0.000000E+00    9.259810E+01    2.402989E+02    2.642834E+00    0.000000E+00    0.000000E+00    0.000000E+00
5.287500E-01    1.096750E+02   -4.572470E+01   -1.631420E+02    0.000000E+00    0.000000E+00    0.000000E+00    1.044369E+02    2.581200E+02   -2.038428E+00    0.000000E+00    0.000000E+00    0.000000E+00
5.297500E-01    1.104799E+02   -4.173917E+01   -1.526478E+02    0.000000E+00    0.000000E+00    0.000000E+00    9.666252E+01    2.490644E+02    1.943586E+00    0.000000E+00    0.000000E+00    0.000000E+00
5.307500E-01    1.137006E+02   -3.991433E+01   -1.463015E+02    0.000000E+00    0.000000E+00    0.000000E+00    9.248292E+01    2.460260E+02    4.879187E+00    0.000000E+00    0.000000E+00    0.000000E+00
5.317500E-01    1.184154E+02   -4.364439E+01   -1.517782E+02    0.000000E+00    0.000000E+00    0.000000E+00    9.809063E+01    2.555344E+02    3.180296E+00    0.000000E+00    0.000000E+00    0.000000E+00
5.327500E-01    1.150616E+02   -4.389972E+01   -1.454322E+02    0.000000E+00    0.000000E+00    0.000000E+00    9.605029E+01    2.464471E+02    1.714386E+00    0.000000E+00    0.000000E+00    0.000000E+00
5.337500E-01    1.132692E+02   -4.319763E+01   -1.413394E+02    0.000000E+00    0.000000E+00    0.000000E+00    9.388788E+01    2.409242E+02    1.747076E+00    0.000000E+00    0.000000E+00    0.000000E+00
5.347500E-01    1.036304E+02   -4.339962E+01   -1.369104E+02    0.000000E+00    0.000000E+00    0.000000E+00    9.239897E+01    2.275686E+02   -1.987903E+00    0.000000E+00    0.000000E+00    0.000000E+00
5.357500E-01    1.053585E+02   -4.522355E+01   -1.424948E+02    0.000000E+00    0.000000E+00    0.000000E+00    9.617786E+01    2.347080E+02   -3.071584E+00    0.000000E+00    0.000000E+00    0.000000E+00
5.367500E-01    1.131531E+02   -4.568187E+01   -1.476128E+02    0.000000E+00    0.000000E+00    0.000000E+00    9.852906E+01    2.471038E+02   -6.128525E-01    0.000000E+00    0.000000E+00    0.000000E+00
5.377500E-01    1.022875E+02   -4.086523E+01   -1.354193E+02    0.000000E+00    0.000000E+00    0.000000E+00    8.941495E+01    2.250214E+02   -7.748855E-02    0.000000E+00    0.000000E+00    0.000000E+00
5.387500E-01    9.992133E+01   -3.740411E+01   -1.303264E+02    0.000000E+00    0.000000E+00    0.000000E+00    8.422524E+01    2.177696E+02    2.358772E+00    0.000000E+00    0.000000E+00    0.000000E+00
5.397500E-01    1.129745E+02   -4.168411E+01   -1.429115E+02    0.000000E+00    0.000000E+00    0.000000E+00    9.298140E+01    2.422496E+02    3.147570E+00    0.000000E+00    0.000000E+00    0.000000E+00
5.407500E-01    1.068876E+02   -4.094515E+01   -1.295497E+02    0.000000E+00    0.000000E+00    0.000000E+00    8.726870E+01    2.242640E+02    1.383036E+00    0.000000E+00    0.000000E+00    0.000000E+00
5.417500E-01    1.141243E+02   -4.523976E+01   -1.422992E+02    0.000000E+00    0.000000E+00    0.000000E+00    9.621526E+01    2.429289E+02    4.669601E-02    0.000000E+00    0.000000E+00    0.000000E+00
5.427500E-01    1.229131E+02   -4.939258E+01   -1.545538E+02    0.000000E+00    0.000000E+00    0.000000E+00    1.048837E+02    2.624954E+02   -4.465064E-01    0.000000E+00    0.000000E+00    0.000000E+00
5.437500E-01    1.132123E+02   -4.831366E+01   -1.355294E+02    0.000000E+00    0.000000E+00    0.000000E+00    9.694541E+01    2.354547E+02   -2.964146E+00    0.000000E+00    0.000000E+00    0.000000E+00
5.447500E-01    1.116966E+02   -4.628699E+01   -1.341886E+02    0.000000E+00    0.000000E+00    0.000000E+00    9.454561E+01    2.328890E+02   -1.673231E+00    0.000000E+00    0.000000E+00    0.000000E+00
5.457500E-01    1.124368E+02   -4.998395E+01   -1.364140E+02    0.000000E+00    0.000000E+00    0.000000E+00    9.902415E+01    2.357629E+02   -4.928493E+00    0.000000E+00    0.000000E+00    0.000000E+00
5.467500E-01    1.169019E+02   -4.663502E+01   -1.446753E+02    0.000000E+00    0.000000E+00    0.000000E+00    9.872105E+01    2.476298E+02   -3.017015E-01    0.000000E+00    0.000000E+00    0.000000E+00
5.477500E-01    1.155524E+02   -4.211238E+01   -1.444030E+02    0.000000E+00    0.000000E+00    0.000000E+00    9.414211E+01    2.459151E+02    3.326050E+00    0.000000E+00    0.000000E+00    0.000000E+00
5.487500E-01    1.086287E+02   -4.090471E+01   -1.362123E+02    0.000000E+00    0.000000E+00    0.000000E+00    9.001219E+01    2.316670E+02    1.824036E+00    0.000000E+00    0.000000E+00    0.000000E+00
5.497500E-01    1.132948E+02   -4.341464E+01   -1.418353E+02    0.000000E+00    0.000000E+00    0.000000E+00    9.452676E+01    2.417362E+02    8.971969E-01    0.000000E+00    0.000000E+00    0.000000E+00
5.507500E-01    1.177736E+02   -4.425250E+01   -1.439760E+02    0.000000E+00    0.000000E+00    0.000000E+00    9.594702E+01    2.482255E+02    1.561111E+00    0.000000E+00    0.000000E+00    0.000000E+00
5.517500E-01    1.130687E+02   -4.338468E+01   -1.427192E+02    0.000000E+00    0.000000E+00    0.000000E+00    9.443295E+01    2.425843E+02    8.107218E-01    0.000000E+00    0.000000E+00    0.000000E+00
5.527500E-01    1.148148E+02   -4.501824E+01   -1.472250E+02    0.000000E+00    0.000000E+00    0.000000E+00    9.764780E+01    2.482800E+02    4.235127E-01    0.000000E+00    0.000000E+00    0.000000E+00
5.537500E-01    1.253745E+02   -4.808752E+01   -1.618518E+02    0.000000E+00    0.000000E+00    0.000000E+00    1.062103E+02    2.719191E+02    1.712770E+00    0.000000E+00    0.000000E+00    0.000000E+00
5.547500E-01    1.159610E+02   -4.537567E+01   -1.489822E+02    0.000000E+00    0.000000E+00    0.000000E+00    9.888969E+01    2.507517E+02    8.178039E-01    0.000000E+00    0.000000E+00    0.000000E+00
5.557500E-01    1.053676E+02   -4.433646E+01   -1.320484E+02    0.000000E+00    0.000000E+00    0.000000E+00    9.149477E+01    2.247300E+02   -2.091262E+00    0.000000E+00    0.000000E+00    0.000000E+00
5.567500E-01    1.075618E+02   -4.694799E+01   -1.408453E+02    0.000000E+00    0.000000E+00    0.000000E+00    9.717808E+01    2.352631E+02   -3.705214E+00    0.000000E+00    0.000000E+00    0.000000E+00
5.577500E-01    1.035274E+02   -4.457798E+01   -1.423723E+02    0.000000E+00    0.000000E+00    0.000000E+00    9.545217E+01    2.329561E+02   -3.050658E+00    0.000000E+00    0.000000E+00    0.000000E+00
5.587500E-01    1.036396E+02   -4.256896E+01   -1.401965E+02    0.000000E+00    0.000000E+00    0.000000E+00    9.269039E+01    2.309232E+02   -1.213803E+00    0.000000E+00    0.000000E+00    0.000000E+00
5.597500E-01    1.198683E+02   -4.445255E+01   -1.390743E+02    0.000000E+00    0.000000E+00    0.000000E+00    9.401947E+01    2.451213E+02    3.040532E+00    0.000000E+00    0.000000E+00    0.000000E+00
5.607500E-01    1.301986E+02   -4.517479E+01   -1.376406E+02    0.000000E+00    0.000000E+00    0.000000E+00    9.416365E+01    2.535456E+02    6.230326E+00    0.000000E+00    0.000000E+00    0.000000E+00
5.617500E-01    1.142772E+02   -4.019955E+01   -1.372295E+02    0.000000E+00    0.000000E+00    0.000000E+00    8.933511E+01    2.381105E+02    4.987753E+00    0.000000E+00    0.000000E+00    0.000000E+00
5.627500E-01    1.106277E+02   -3.976953E+01   -1.408577E+02    0.000000E+00    0.000000E+00    0.000000E+00    9.034714E+01    2.383995E+02    4.003818E+00    0.000000E+00    0.000000E+00    0.000000E+00
5.637500E-01    1.118297E+02   -3.943625E+01   -1.401476E+02    0.000000E+00    0.000000E+00    0.000000E+00    8.977696E+01    2.390654E+02    4.737799E+00    0.000000E+00    0.000000E+00    0.000000E+00
5.647500E-01    1.048800E+02   -3.553719E+01   -1.305099E+02    0.000000E+00    0.000000E+00    0.000000E+00    8.240927E+01    2.234124E+02    5.751683E+00    0.000000E+00    0.000000E+00    0.000000E+00
5.657500E-01    1.157503E+02   -4.598872E+01   -1.431522E+02    0.000000E+00    0.000000E+00    0.000000E+00    9.721639E+01    2.457343E+02   -1.325704E-03    0.000000E+00    0.000000E+00    0.000000E+00
5.667500E-01    1.266648E+02   -5.562617E+01   -1.514921E+02    0.000000E+00    0.000000E+00    0.000000E+00    1.096766E+02    2.640134E+02   -4.878771E+00    0.000000E+00    0.000000E+00    0.000000E+00
5.677500E-01    1.170564E+02   -4.906896E+01   -1.430364E+02    0.000000E+00    0.000000E+00    0.000000E+00    1.002994E+02    2.468618E+02   -2.229200E+00    0.000000E+00    0.000000E+00    0.000000E+00
5.687500E-01    1.013198E+02   -3.845382E+01   -1.274423E+02    0.000000E+00    0.000000E+00    0.000000E+00    8.444968E+01    2.172365E+02    1.884712E+00    0.000000E+00    0.000000E+00    0.000000E+00
5.697500E-01    1.107608E+02   -4.284143E+01   -1.406457E+02    0.000000E+00    0.000000E+00    0.000000E+00    9.364362E+01    2.385952E+02    1.247631E+00    0.000000E+00    0.000000E+00    0.000000E+00
5.707500E-01    1.096685E+02   -4.548739E+01   -1.386023E+02    0.000000E+00    0.000000E+00    0.000000E+00    9.537220E+01    2.354639E+02   -1.818183E+00    0.000000E+00    0.000000E+00    0.000000E+00
5.717500E-01    1.087966E+02   -4.677700E+01   -1.374719E+02    0.000000E+00    0.000000E+00    0.000000E+00    9.619740E+01    2.334856E+02   -3.509275E+00    0.000000E+00    0.000000E+00    0.000000E+00
5.727500E-01    1.100916E+02   -4.784503E+01   -1.386521E+02    0.000000E+00    0.000000E+00    0.000000E+00    9.779889E+01    2.358546E+02   -4.065771E+00    0.000000E+00    0.000000E+00    0.000000E+00
5.737500E-01    1.186819E+02   -5.000987E+01   -1.540302E+02    0.000000E+00    0.000000E+00    0.000000E+00    1.056724E+02    2.585507E+02   -2.897726E+00    0.000000E+00    0.000000E+00    0.000000E+00
5.747500E-01    1.212249E+02   -4.920418E+01   -1.616027E+02    0.000000E+00    0.000000E+00    0.000000E+00    1.077377E+02    2.680009E+02   -1.248365E+00    0.000000E+00    0.000000E+00    0.000000E+00
5.757500E-01    1.199245E+02   -4.733743E+01   -1.594225E+02    0.000000E+00    0.000000E+00    0.000000E+00    1.050997E+02    2.646052E+02   -5.877711E-02    0.000000E+00    0.000000E+00    0.000000E+00
5.767500E-01    1.040674E+02   -4.794507E+01   -1.448091E+02    0.000000E+00    0.000000E+00    0.000000E+00    1.001872E+02    2.355215E+02   -6.570461E+00    0.000000E+00    0.000000E+00    0.000000E+00
5.777500E-01    1.125266E+02   -4.739426E+01   -1.459549E+02    0.000000E+00    0.000000E+00    0.000000E+00    9.988616E+01    2.448020E+02   -2.880662E+00    0.000000E+00    0.000000E+00    0.000000E+00
5.787500E-01    1.049604E+02   -4.318509E+01   -1.358530E+02    0.000000E+00    0.000000E+00    0.000000E+00    9.206047E+01    2.284526E+02   -1.781944E+00    0.000000E+00    0.000000E+00    0.000000E+00
5.797500E-01    1.151627E+02   -4.644605E+01   -1.488391E+02    0.000000E+00    0.000000E+00    0.000000E+00    1.001543E+02    2.507087E+02   -1.125044E+00    0.000000E+00    0.000000E+00    0.000000E+00
5.807500E-01    1.208904E+02   -4.918815E+01   -1.563854E+02    0.000000E+00    0.000000E+00    0.000000E+00    1.055676E+02    2.630626E+02   -1.374630E+00    0.000000E+00    0.000000E+00    0.000000E+00
5.817500E-01    1.128789E+02   -4.669467E+01   -1.519293E+02    0.000000E+00    0.000000E+00    0.000000E+00    1.012811E+02    2.510224E+02   -1.648804E+00    0.000000E+00    0.000000E+00    0.000000E+00
5.827500E-01    1.248379E+02   -5.125220E+01   -1.579348E+02    0.000000E+00    0.000000E+00    0.000000E+00    1.076801E+02    2.682917E+02   -1.254349E+00    0.000000E+00    0.000000E+00    0.000000E+00
5.837500E-01    1.128213E+02   -4.563769E+01   -1.453045E+02    0.000000E+00    0.000000E+00    0.000000E+00    9.762918E+01    2.451015E+02   -5.826353E-01    0.000000E+00    0.000000E+00    0.000000E+00
5.847500E-01    1.106454E+02   -4.416634E+01   -1.473102E+02    0.000000E+00    0.000000E+00    0.000000E+00    9.702949E+01    2.449526E+02   -2.791302E-02    0.000000E+00    0.000000E+00    0.000000E+00
5.857500E-01    1.172438E+02   -4.672034E+01   -1.493138E+02    0.000000E+00    0.000000E+00    0.000000E+00    1.002159E+02    2.531404E+02    1.222613E-01    0.000000E+00    0.000000E+00    0.000000E+00
5.867500E-01    1.307891E+02   -5.109531E+01   -1.560865E+02    0.000000E+00    0.000000E+00    0.000000E+00    1.069159E+02    2.725557E+02    1.108701E+00    0.000000E+00    0.000000E+00    0.000000E+00
5.877500E-01    1.249418E+02   -4.736209E+01   -1.506332E+02    0.000000E+00    0.000000E+00    0.000000E+00    1.013232E+02    2.618414E+02    2.394787E+00    0.000000E+00    0.000000E+00    0.000000E+00
5.887500E-01    1.215675E+02   -4.651663E+01   -1.446491E+02    0.000000E+00    0.000000E+00    0.000000E+00    9.828558E+01    2.528372E+02    1.847618E+00    0.000000E+00    0.000000E+00    0.000000E+00
5.897500E-01    1.167452E+02   -4.162121E+01   -1.442016E+02    0.000000E+00    0.000000E+00    0.000000E+00    9.342636E+01    2.475966E+02    4.657020E+00    0.000000E+00    0.000000E+00    0.000000E+00
5.907500E-01    1.206732E+02   -4.237197E+01   -1.450908E+02    0.000000E+00    0.000000E+00    0.000000E+00    9.440887E+01    2.520972E+02    5.424879E+00    0.000000E+00    0.000000E+00    0.000000E+00
5.917500E-01    1.180499E+02   -3.531264E+01   -1.400581E+02    0.000000E+00    0.000000E+00    0.000000E+00    8.571930E+01    2.451049E+02    1.092071E+01    0.000000E+00    0.000000E+00    0.000000E+00
5.927500E-01    1.179111E+02   -4.004743E+01   -1.359615E+02    0.000000E+00    0.000000E+00    0.000000E+00    8.905007E+01    2.413332E+02    6.343688E+00    0.000000E+00    0.000000E+00    0.000000E+00
5.937500E-01    1.183163E+02   -4.339164E+01   -1.374517E+02    0.000000E+00    0.000000E+00    0.000000E+00    9.313185E+01    2.432387E+02    3.404471E+00    0.000000E+00    0.000000E+00    0.000000E+00
5.947500E-01    1.158970E+02   -3.971183E+01   -1.333409E+02    0.000000E+00    0.000000E+00    0.000000E+00    8.823673E+01    2.372377E+02    6.017682E+00    0.000000E+00    0.000000E+00    0.000000E+00
5.957500E-01    1.198637E+02   -4.540913E+01   -1.398702E+02    0.000000E+00    0.000000E+00    0.000000E+00    9.622698E+01    2.472064E+02    2.199946E+00    0.000000E+00    0.000000E+00    0.000000E+00
5.967500E-01    1.205657E+02   -4.657307E+01   -1.440649E+02    0.000000E+00    0.000000E+00    0.000000E+00    9.899903E+01    2.518169E+02    1.397297E+00    0.000000E+00    0.000000E+00    0.000000E+00
5.977500E-01    1.195339E+02   -4.496523E+01   -1.453134E+02    0.000000E+00    0.000000E+00    0.000000E+00    9.791075E+01    2.519662E+02    2.448827E+00    0.000000E+00    0.000000E+00    0.000000E+00
5.987500E-01    1.195393E+02   -4.631398E+01   -1.474514E+02    0.000000E+00    0.000000E+00    0.000000E+00    9.995599E+01    2.538622E+02    1.085069E+00    0.000000E+00    0.000000E+00    0.000000E+00
5.997500E-01    1.179897E+02   -4.811084E+01   -1.497826E+02    0.000000E+00    0.000000E+00    0.000000E+00    1.025950E+02    2.543874E+02   -1.197971E+00    0.000000E+00    0.000000E+00    0.000000E+00
6.007500E-01    1.154248E+02   -5.136151E+01   -1.557420E+02    0.000000E+00    0.000000E+00    0.000000E+00    1.080748E+02    2.573919E+02   -5.165815E+00    0.000000E+00    0.000000E+00    0.000000E+00
6.017500E-01    1.122191E+02   -5.460184E+01   -1.499320E+02    0.000000E+00    0.000000E+00    0.000000E+00    1.089875E+02    2.486405E+02   -9.434155E+00    0.000000E+00    0.000000E+00    0.000000E+00
6.027500E-01    1.119271E+02   -5.219774E+01   -1.459943E+02    0.000000E+00    0.000000E+00    0.000000E+00    1.052063E+02    2.445523E+02   -7.317308E+00    0.000000E+00    0.000000E+00    0.000000E+00
6.037500E-01    1.140724E+02   -4.568750E+01   -1.380743E+02    0.000000E+00    0.000000E+00    0.000000E+00    9.594199E+01    2.390912E+02   -4.479233E-01    0.000000E+00    0.000000E+00    0.000000E+00
6.047500E-01    1.054665E+02   -4.319570E+01   -1.416212E+02    0.000000E+00    0.000000E+00    0.000000E+00    9.478462E+01    2.344603E+02   -1.430748E+00    0.000000E+00    0.000000E+00    0.000000E+00
6.057500E-01    1.066071E+02   -4.492529E+01   -1.446291E+02    0.000000E+00    0.000000E+00    0.000000E+00    9.750386E+01    2.386384E+02   -2.767461E+00    0.000000E+00    0.000000E+00    0.000000E+00
6.067500E-01    1.237599E+02   -4.951201E+01   -1.487765E+02    0.000000E+00    0.000000E+00    0.000000E+00    1.034100E+02    2.588714E+02   -6.123253E-01    0.000000E+00    0.000000E+00    0.000000E+00
6.077500E-01    1.259173E+02   -4.973611E+01   -1.455312E+02    0.000000E+00    0.000000E+00    0.000000E+00    1.023363E+02    2.579066E+02    2.052241E-01    0.000000E+00    0.000000E+00    0.000000E+00
6.087500E-01    1.216578E+02   -4.993160E+01   -1.443104E+02    0.000000E+00    0.000000E+00    0.000000E+00    1.020161E+02    2.530352E+02   -1.486123E+00    0.000000E+00    0.000000E+00    0.000000E+00
6.097500E-01    1.141839E+02   -5.141983E+01   -1.537900E+02    0.000000E+00    0.000000E+00    0.000000E+00    1.069590E+02    2.551745E+02   -5.489777E+00    0.000000E+00    0.000000E+00    0.000000E+00
6.107500E-01    1.146263E+02   -4.871382E+01   -1.492590E+02    0.000000E+00    0.000000E+00    0.000000E+00    1.025450E+02    2.514945E+02   -2.570556E+00    0.000000E+00    0.000000E+00    0.000000E+00
6.117500E-01    1.145144E+02   -4.407525E+01   -1.477789E+02    0.000000E+00    0.000000E+00    0.000000E+00    9.749147E+01    2.501791E+02    1.837678E+00    0.000000E+00    0.000000E+00    0.000000E+00
6.127500E-01    1.150074E+02   -4.167341E+01   -1.355578E+02    0.000000E+00    0.000000E+00    0.000000E+00    9.057269E+01    2.389911E+02    4.185851E+00    0.000000E+00    0.000000E+00    0.000000E+00
6.137500E-01    1.089956E+02   -3.821952E+01   -1.385935E+02    0.000000E+00    0.000000E+00    0.000000E+00    8.846274E+01    2.358545E+02    5.069319E+00    0.000000E+00    0.000000E+00    0.000000E+00
6.147500E-01    1.141279E+02   -4.306412E+01   -1.469551E+02    0.000000E+00    0.000000E+00    0.000000E+00    9.614886E+01    2.484582E+02    2.420549E+00    0.000000E+00    0.000000E+00    0.000000E+00
6.157500E-01    1.088940E+02   -3.618337E+01   -1.470348E+02    0.000000E+00    0.000000E+00    0.000000E+00    8.939161E+01    2.434256E+02    6.920674E+00    0.000000E+00    0.000000E+00    0.000000E+00
6.167500E-01    1.124483E+02   -4.084356E+01   -1.460003E+02    0.000000E+00    0.000000E+00    0.000000E+00    9.372349E+01    2.459036E+02    3.870622E+00    0.000000E+00    0.000000E+00    0.000000E+00
6.177500E-01    1.164366E+02   -4.657893E+01   -1.443529E+02    0.000000E+00    0.000000E+00    0.000000E+00    9.885101E+01    2.480450E+02    4.091001E-02    0.000000E+00    0.000000E+00    0.000000E+00
6.187500E-01    1.008807E+02   -3.188097E+01   -1.270394E+02    0.000000E+00    0.000000E+00    0.000000E+00    7.822587E+01    2.166722E+02    8.114375E+00    0.000000E+00    0.000000E+00    0.000000E+00
6.197500E-01    1.163553E+02   -4.281977E+01   -1.412302E+02    0.000000E+00    0.000000E+00    0.000000E+00    9.416622E+01    2.449459E+02    3.688028E+00    0.000000E+00    0.000000E+00    0.000000E+00
6.207500E-01    1.242215E+02   -5.317641E+01   -1.474335E+02    0.000000E+00    0.000000E+00    0.000000E+00    1.066560E+02    2.585857E+02   -3.149543E+00    0.000000E+00    0.000000E+00    0.000000E+00
6.217500E-01    1.191017E+02   -5.238603E+01   -1.424603E+02    0.000000E+00    0.000000E+00    0.000000E+00    1.041689E+02    2.491711E+02   -4.393097E+00    0.000000E+00    0.000000E+00    0.000000E+00
6.227500E-01    1.169843E+02   -5.111096E+01   -1.454632E+02    0.000000E+00    0.000000E+00    0.000000E+00    1.041337E+02    2.501885E+02   -4.068433E+00    0.000000E+00    0.000000E+00    0.000000E+00
6.237500E-01    1.154653E+02   -4.575012E+01   -1.449496E+02    0.000000E+00    0.000000E+00    0.000000E+00    9.882853E+01    2.485053E+02    2.553053E-01    0.000000E+00    0.000000E+00    0.000000E+00
6.247500E-01    1.180515E+02   -4.731640E+01   -1.396439E+02    0.000000E+00    0.000000E+00    0.000000E+00    9.835877E+01    2.458433E+02   -3.386074E-01    0.000000E+00    0.000000E+00    0.000000E+00
6.257500E-01    1.170526E+02   -4.918532E+01   -1.376268E+02    0.000000E+00    0.000000E+00    0.000000E+00    9.940988E+01    2.425805E+02   -2.437968E+00    0.000000E+00    0.000000E+00    0.000000E+00
6.267500E-01    1.128533E+02   -4.931842E+01   -1.418386E+02    0.000000E+00    0.000000E+00    0.000000E+00    1.011513E+02    2.422459E+02   -4.061427E+00    0.000000E+00    0.000000E+00    0.000000E+00
6.277500E-01    1.095099E+02   -5.218722E+01   -1.460787E+02    0.000000E+00    0.000000E+00    0.000000E+00    1.055731E+02    2.428953E+02   -7.962922E+00    0.000000E+00    0.000000E+00    0.000000E+00
6.287500E-01    1.110286E+02   -5.555469E+01   -1.434390E+02    0.000000E+00    0.000000E+00    0.000000E+00    1.077648E+02    2.416225E+02   -1.053662E+01    0.000000E+00    0.000000E+00    0.000000E+00
6.297500E-01    1.032740E+02   -4.565498E+01   -1.410580E+02    0.000000E+00    0.000000E+00    0.000000E+00    9.716214E+01    2.319631E+02   -4.176810E+00    0.000000E+00    0.000000E+00    0.000000E+00
6.307500E-01    1.039648E+02   -4.329688E+01   -1.435221E+02    0.000000E+00    0.000000E+00    0.000000E+00    9.573437E+01    2.350757E+02   -1.828680E+00    0.000000E+00    0.000000E+00    0.000000E+00
6.317500E-01    1.120672E+02   -4.247708E+01   -1.547704E+02    0.000000E+00    0.000000E+00    0.000000E+00    9.924292E+01    2.534723E+02    1.960815E+00    0.000000E+00    0.000000E+00    0.000000E+00
6.327500E-01    1.062655E+02   -4.053309E+01   -1.465931E+02    0.000000E+00    0.000000E+00    0.000000E+00    9.424258E+01    2.402110E+02    1.617618E+00    0.000000E+00    0.000000E+00    0.000000E+00
6.337500E-01    1.107222E+02   -4.688902E+01   -1.490740E+02    0.000000E+00    0.000000E+00    0.000000E+00    1.011195E+02    2.469166E+02   -2.776238E+00    0.000000E+00    0.000000E+00    0.000000E+00
6.347500E-01    1.245342E+02   -5.165445E+01   -1.566428E+02    0.000000E+00    0.000000E+00    0.000000E+00    1.084548E+02    2.673019E+02   -2.056143E+00    0.000000E+00    0.000000E+00    0.000000E+00
6.357500E-01    1.147181E+02   -4.569107E+01   -1.387186E+02    0.000000E+00    0.000000E+00    0.000000E+00    9.600421E+01    2.409982E+02   -1.411233E-02    0.000000E+00    0.000000E+00    0.000000E+00
6.367500E-01    1.117052E+02   -4.687428E+01   -1.446124E+02    0.000000E+00    0.000000E+00    0.000000E+00    9.953532E+01    2.439773E+02   -2.094109E+00    0.000000E+00    0.000000E+00    0.000000E+00
6.377500E-01    1.243216E+02   -5.125536E+01   -1.625694E+02    0.000000E+00    0.000000E+00    0.000000E+00    1.105044E+02    2.733722E+02   -1.344985E+00    0.000000E+00    0.000000E+00    0.000000E+00
6.387500E-01    1.182657E+02   -4.709813E+01   -1.530587E+02    0.000000E+00    0.000000E+00    0.000000E+00    1.027895E+02    2.587090E+02    3.806884E-01    0.000000E+00    0.000000E+00    0.000000E+00
6.397500E-01    1.190569E+02   -4.350174E+01   -1.544344E+02    0.000000E+00    0.000000E+00    0.000000E+00    9.962408E+01    2.607942E+02    4.054464E+00    0.000000E+00    0.000000E+00    0.000000E+00
6.407500E-01    1.164147E+02   -4.286282E+01   -1.491722E+02    0.000000E+00    0.000000E+00    0.000000E+00    9.692617E+01    2.532116E+02    3.568400E+00    0.000000E+00    0.000000E+00    0.000000E+00
6.417500E-01    1.142977E+02   -4.328519E+01   -1.479301E+02    0.000000E+00    0.000000E+00    0.000000E+00    9.684499E+01    2.498936E+02    2.305045E+00    0.000000E+00    0.000000E+00    0.000000E+00
6.427500E-01    1.164401E+02   -4.199957E+01   -1.531268E+02    0.000000E+00    0.000000E+00    0.000000E+00    9.761058E+01    2.567023E+02    4.326867E+00    0.000000E+00    0.000000E+00    0.000000E+00
6.437500E-01    1.168364E+02   -4.312379E+01   -1.436869E+02    0.000000E+00    0.000000E+00    0.000000E+00    9.526672E+01    2.479612E+02    3.476315E+00    0.000000E+00    0.000000E+00    0.000000E+00
6.447500E-01    1.175586E+02   -4.370981E+01   -1.406892E+02    0.000000E+00    0.000000E+00    0.000000E+00    9.485223E+01    2.457539E+02    3.241235E+00    0.000000E+00    0.000000E+00    0.000000E+00
6.457500E-01    1.192062E+02   -4.037538E+01   -1.432509E+02    0.000000E+00    0.000000E+00    0.000000E+00    9.278366E+01    2.498476E+02    7.022733E+00    0.000000E+00    0.000000E+00    0.000000E+00
6.467500E-01    1.176828E+02   -4.153237E+01   -1.397861E+02    0.000000E+00    0.000000E+00    0.000000E+00    9.274766E+01    2.452334E+02    5.330302E+00    0.000000E+00    0.000000E+00    0.000000E+00
6.477500E-01    1.168324E+02   -4.070219E+01   -1.416151E+02    0.000000E+00    0.000000E+00    0.000000E+00    9.276739E+01    2.463178E+02    5.735898E+00    0.000000E+00    0.000000E+00    0.000000E+00
6.487500E-01    1.125599E+02   -5.138365E+01   -1.358755E+02    0.000000E+00    0.000000E+00    0.000000E+00    1.009555E+02    2.367870E+02   -5.988265E+00    0.000000E+00    0.000000E+00    0.000000E+00
6.497500E-01    1.129392E+02   -5.237954E+01   -1.391654E+02    0.000000E+00    0.000000E+00    0.000000E+00    1.031530E+02    2.403324E+02   -6.853585E+00    0.000000E+00    0.000000E+00    0.000000E+00
6.507500E-01    1.147671E+02   -4.448122E+01   -1.448003E+02    0.000000E+00    0.000000E+00    0.000000E+00    9.773122E+01    2.476034E+02    1.212413E+00    0.000000E+00    0.000000E+00    0.000000E+00
6.517500E-01    1.186846E+02   -4.493744E+01   -1.477203E+02    0.000000E+00    0.000000E+00    0.000000E+00    9.938464E+01    2.540655E+02    2.314856E+00    0.000000E+00    0.000000E+00    0.000000E+00
6.527500E-01    1.171991E+02   -4.797966E+01   -1.437085E+02    0.000000E+00    0.000000E+00    0.000000E+00    1.008414E+02    2.486140E+02   -1.020367E+00    0.000000E+00    0.000000E+00    0.000000E+00
6.537500E-01    1.199039E+02   -4.673677E+01   -1.467477E+02    0.000000E+00    0.000000E+00    0.000000E+00    1.008283E+02    2.540159E+02    1.231558E+00    0.000000E+00    0.000000E+00    0.000000E+00
6.547500E-01    1.236081E+02   -4.444244E+01   -1.531005E+02    0.000000E+00    0.000000E+00    0.000000E+00    1.011442E+02    2.636088E+02    4.857424E+00    0.000000E+00    0.000000E+00    0.000000E+00
6.557500E-01    1.071799E+02   -4.432590E+01   -1.408769E+02    0.000000E+00    0.000000E+00    0.000000E+00    9.647224E+01    2.361660E+02   -1.275030E+00    0.000000E+00    0.000000E+00    0.000000E+00
6.567500E-01    1.013235E+02   -4.430386E+01   -1.406634E+02    0.000000E+00    0.000000E+00    0.000000E+00    9.623694E+01    2.302743E+02   -3.641153E+00    0.000000E+00    0.000000E+00    0.000000E+00
6.577500E-01    1.057074E+02   -4.557262E+01   -1.470665E+02    0.000000E+00    0.000000E+00    0.000000E+00    9.963324E+01    2.404941E+02   -3.371087E+00    0.000000E+00    0.000000E+00    0.000000E+00
6.587500E-01    1.090813E+02   -4.856741E+01   -1.450874E+02    0.000000E+00    0.000000E+00    0.000000E+00    1.015469E+02    2.417498E+02   -4.917988E+00    0.000000E+00    0.000000E+00    0.000000E+00
6.597500E-01    1.013243E+02   -4.514643E+01   -1.345265E+02    0.000000E+00    0.000000E+00    0.000000E+00    9.418330E+01    2.243806E+02   -4.488847E+00    0.000000E+00    0.000000E+00    0.000000E+00
6.607500E-01    1.069151E+02   -4.565368E+01   -1.421342E+02    0.000000E+00    0.000000E+00    0.000000E+00    9.758890E+01    2.371107E+02   -2.708483E+00    0.000000E+00    0.000000E+00    0.000000E+00
6.617500E-01    1.080890E+02   -4.606035E+01   -1.425409E+02    0.000000E+00    0.000000E+00    0.000000E+00    9.818607E+01    2.388394E+02   -2.663370E+00    0.000000E+00    0.000000E+00    0.000000E+00
6.627500E-01    1.063277E+02   -4.739107E+01   -1.396654E+02    0.000000E+00    0.000000E+00    0.000000E+00    9.838942E+01    2.346165E+02   -4.747019E+00    0.000000E+00    0.000000E+00    0.000000E+00
6.637500E-01    1.198830E+02   -5.111466E+01   -1.519313E+02    0.000000E+00    0.000000E+00    0.000000E+00    1.067098E+02    2.592727E+02   -3.109820E+00    0.000000E+00    0.000000E+00    0.000000E+00
6.647500E-01    1.239786E+02   -4.838482E+01   -1.531695E+02    0.000000E+00    0.000000E+00    0.000000E+00    1.047317E+02    2.641487E+02    1.367728E+00    0.000000E+00    0.000000E+00    0.000000E+00
6.657500E-01    1.150650E+02   -4.439736E+01   -1.475835E+02    0.000000E+00    0.000000E+00    0.000000E+00    9.877255E+01    2.501952E+02    2.067815E+00    0.000000E+00    0.000000E+00    0.000000E+00
6.667500E-01    1.198373E+02   -4.589679E+01   -1.459064E+02    0.000000E+00    0.000000E+00    0.000000E+00    9.924991E+01    2.534407E+02    2.300217E+00    0.000000E+00    0.000000E+00    0.000000E+00
6.677500E-01    1.065285E+02   -3.995372E+01   -1.325254E+02    0.000000E+00    0.000000E+00    0.000000E+00    8.835874E+01    2.282538E+02    2.596809E+00    0.000000E+00    0.000000E+00    0.000000E+00
6.687500E-01    1.135354E+02   -4.597100E+01   -1.420483E+02    0.000000E+00    0.000000E+00    0.000000E+00    9.763487E+01    2.439373E+02   -4.449004E-01    0.000000E+00    0.000000E+00    0.000000E+00
6.697500E-01    1.096109E+02   -4.547073E+01   -1.358367E+02    0.000000E+00    0.000000E+00    0.000000E+00    9.460163E+01    2.342283E+02   -1.377708E+00    0.000000E+00    0.000000E+00    0.000000E+00
6.707500E-01    1.203579E+02   -5.157370E+01   -1.503173E+02    0.000000E+00    0.000000E+00    0.000000E+00    1.060554E+02    2.583092E+02   -3.018578E+00    0.000000E+00    0.000000E+00    0.000000E+00
6.717500E-01    1.280820E+02   -5.488772E+01   -1.606057E+02    0.000000E+00    0.000000E+00    0.000000E+00    1.134509E+02    2.754085E+02   -3.150431E+00    0.000000E+00    0.000000E+00    0.000000E+00
6.727500E-01    1.193180E+02   -4.771455E+01   -1.467637E+02    0.000000E+00    0.000000E+00    0.000000E+00    1.015167E+02    2.537385E+02    3.660840E-01    0.000000E+00    0.000000E+00    0.000000E+00
6.737500E-01    1.237702E+02   -4.223927E+01   -1.449012E+02    0.000000E+00    0.000000E+00    0.000000E+00    9.556838E+01    2.562618E+02    7.139450E+00    0.000000E+00    0.000000E+00    0.000000E+00
6.747500E-01    1.234589E+02   -4.453199E+01   -1.477811E+02    0.000000E+00    0.000000E+00    0.000000E+00    9.888275E+01    2.586504E+02    4.709287E+00    0.000000E+00    0.000000E+00    0.000000E+00
6.757500E-01    1.256191E+02   -4.487997E+01   -1.517474E+02    0.000000E+00    0.000000E+00    0.000000E+00    1.007383E+02    2.643882E+02    5.074252E+00    0.000000E+00    0.000000E+00    0.000000E+00
6.767500E-01    1.076607E+02   -4.468652E+01   -1.407341E+02    0.000000E+00    0.000000E+00    0.000000E+00    9.652265E+01    2.366667E+02   -1.518536E+00    0.000000E+00    0.000000E+00    0.000000E+00
6.777500E-01    1.139915E+02   -5.135507E+01   -1.562642E+02    0.000000E+00    0.000000E+00    0.000000E+00    1.089486E+02    2.573837E+02   -5.274132E+00    0.000000E+00    0.000000E+00    0.000000E+00
6.787500E-01    1.203186E+02   -4.885646E+01   -1.597260E+02    0.000000E+00    0.000000E+00    0.000000E+00    1.079920E+02    2.667821E+02   -4.560591E-01    0.000000E+00    0.000000E+00    0.000000E+00
6.797500E-01    1.097324E+02   -4.158455E+01   -1.392802E+02    0.000000E+00    0.000000E+00    0.000000E+00    9.336966E+01    2.372819E+02    2.394284E+00    0.000000E+00    0.000000E+00    0.000000E+00
6.807500E-01    1.059038E+02   -4.244382E+01   -1.380209E+02    0.000000E+00    0.000000E+00    0.000000E+00    9.387550E+01    2.324523E+02    1.041288E-01    0.000000E+00    0.000000E+00    0.000000E+00
6.817500E-01    1.092480E+02   -4.654226E+01   -1.459844E+02    0.000000E+00    0.000000E+00    0.000000E+00    1.009194E+02    2.432630E+02   -2.573420E+00    0.000000E+00    0.000000E+00    0.000000E+00
6.827500E-01    1.046354E+02   -4.183064E+01   -1.373729E+02    0.000000E+00    0.000000E+00    0.000000E+00    9.286802E+01    2.307243E+02   -6.043483E-02    0.000000E+00    0.000000E+00    0.000000E+00
6.837500E-01    1.031411E+02   -3.901701E+01   -1.336315E+02    0.000000E+00    0.000000E+00    0.000000E+00    8.843726E+01    2.257665E+02    1.979726E+00    0.000000E+00    0.000000E+00    0.000000E+00
6.847500E-01    9.801053E+01   -3.313418E+01   -1.313157E+02    0.000000E+00    0.000000E+00    0.000000E+00    8.169607E+01    2.187992E+02    5.740687E+00    0.000000E+00    0.000000E+00    0.000000E+00
6.857500E-01    1.060364E+02   -3.946747E+01   -1.395987E+02    0.000000E+00    0.000000E+00    0.000000E+00    9.101291E+01    2.342794E+02    3.083509E+00    0.000000E+00    0.000000E+00    0.000000E+00
6.867500E-01    1.126524E+02   -4.668980E+01   -1.461823E+02    0.000000E+00    0.000000E+00    0.000000E+00    1.004410E+02    2.467678E+02   -1.214712E+00    0.000000E+00    0.000000E+00    0.000000E+00
6.877500E-01    1.469921E+02   -6.688639E+01   -1.783576E+02    0.000000E+00    0.000000E+00    0.000000E+00    1.320231E+02    3.100212E+02   -7.357934E+00    0.000000E+00    0.000000E+00    0.000000E+00
6.887500E-01    1.235110E+02   -5.741281E+01   -1.503403E+02    0.000000E+00    0.000000E+00    0.000000E+00    1.123289E+02    2.610292E+02   -7.314627E+00    0.000000E+00    0.000000E+00    0.000000E+00
6.897500E-01    1.031929E+02   -4.752463E+01   -1.455137E+02    0.000000E+00    0.000000E+00    0.000000E+00    1.013376E+02    2.372838E+02   -5.342644E+00    0.000000E+00    0.000000E+00    0.000000E+00
6.907500E-01    1.065781E+02   -5.021838E+01   -1.619582E+02    0.000000E+00    0.000000E+00    0.000000E+00    1.103717E+02    2.563198E+02   -6.364450E+00    0.000000E+00    0.000000E+00    0.000000E+00
6.917500E-01    1.134274E+02   -5.192789E+01   -1.475403E+02    0.000000E+00    0.000000E+00    0.000000E+00    1.061908E+02    2.490474E+02   -5.651381E+00    0.000000E+00    0.000000E+00    0.000000E+00
6.927500E-01    1.127226E+02   -5.202919E+01   -1.423284E+02    0.000000E+00    0.000000E+00    0.000000E+00    1.041494E+02    2.433047E+02   -6.189716E+00    0.000000E+00    0.000000E+00    0.000000E+00
6.937500E-01    1.229921E+02   -4.683836E+01   -1.408891E+02    0.000000E+00    0.000000E+00    0.000000E+00    9.850618E+01    2.518460E+02    2.530696E+00    0.000000E+00    0.000000E+00    0.000000E+00
6.947500E-01    1.102156E+02   -4.141172E+01   -1.346941E+02    0.000000E+00    0.000000E+00    0.000000E+00    9.092434E+01    2.338248E+02    2.798214E+00    0.000000E+00    0.000000E+00    0.000000E+00
6.957500E-01    1.247741E+02   -4.607021E+01   -1.438651E+02    0.000000E+00    0.000000E+00    0.000000E+00    9.872195E+01    2.564448E+02    3.977023E+00    0.000000E+00    0.000000E+00    0.000000E+00
6.967500E-01    1.177500E+02   -4.920790E+01   -1.357096E+02    0.000000E+00    0.000000E+00    0.000000E+00    9.849840E+01    2.417734E+02   -1.654458E+00    0.000000E+00    0.000000E+00    0.000000E+00
6.977500E-01    1.226619E+02   -5.150287E+01   -1.455691E+02    0.000000E+00    0.000000E+00    0.000000E+00    1.045455E+02    2.560220E+02   -2.071713E+00    0.000000E+00    0.000000E+00    0.000000E+00
6.987500E-01    1.193206E+02   -4.953141E+01   -1.445988E+02    0.000000E+00    0.000000E+00    0.000000E+00    1.024838E+02    2.521404E+02   -1.531949E+00    0.000000E+00    0.000000E+00    0.000000E+00
6.997500E-01    1.146871E+02   -4.809247E+01   -1.427539E+02    0.000000E+00    0.000000E+00    0.000000E+00    1.005535E+02    2.459803E+02   -1.838556E+00    0.000000E+00    0.000000E+00    0.000000E+00
7.007500E-01    1.172213E+02   -4.578880E+01   -1.476311E+02    0.000000E+00    0.000000E+00    0.000000E+00    1.002647E+02    2.530127E+02    1.416374E+00    0.000000E+00    0.000000E+00    0.000000E+00
7.017500E-01    1.119309E+02   -4.113036E+01   -1.470864E+02    0.000000E+00    0.000000E+00    0.000000E+00    9.563214E+01    2.475282E+02    3.703785E+00    0.000000E+00    0.000000E+00    0.000000E+00
7.027500E-01    1.127036E+02   -4.085027E+01   -1.550969E+02    0.000000E+00    0.000000E+00    0.000000E+00    9.839545E+01    2.558468E+02    4.019497E+00    0.000000E+00    0.000000E+00    0.000000E+00
7.037500E-01    1.237490E+02   -4.804724E+01   -1.529306E+02    0.000000E+00    0.000000E+00    0.000000E+00    1.046063E+02    2.641176E+02    1.422684E+00    0.000000E+00    0.000000E+00    0.000000E+00
7.047500E-01    1.133054E+02   -4.269163E+01   -1.372683E+02    0.000000E+00    0.000000E+00    0.000000E+00    9.364976E+01    2.390961E+02    2.686195E+00    0.000000E+00    0.000000E+00    0.000000E+00
7.057500E-01    1.123132E+02   -4.164528E+01   -1.442717E+02    0.000000E+00    0.000000E+00    0.000000E+00    9.548977E+01    2.448743E+02    3.448685E+00    0.000000E+00    0.000000E+00    0.000000E+00
7.067500E-01    1.193738E+02   -4.803070E+01   -1.528558E+02    0.000000E+00    0.000000E+00    0.000000E+00    1.049066E+02    2.599169E+02    3.591658E-02    0.000000E+00    0.000000E+00    0.000000E+00
7.077500E-01    1.201459E+02   -5.096908E+01   -1.486594E+02    0.000000E+00    0.000000E+00    0.000000E+00    1.060538E+02    2.566634E+02   -2.558590E+00    0.000000E+00    0.000000E+00    0.000000E+00
7.087500E-01    1.177146E+02   -4.391955E+01   -1.579996E+02    0.000000E+00    0.000000E+00    0.000000E+00    1.025017E+02    2.628729E+02    3.005671E+00    0.000000E+00    0.000000E+00    0.000000E+00
7.097500E-01    1.133658E+02   -4.091750E+01   -1.503951E+02    0.000000E+00    0.000000E+00    0.000000E+00    9.664516E+01    2.514648E+02    4.196774E+00    0.000000E+00    0.000000E+00    0.000000E+00
7.107500E-01    1.100159E+02   -3.835465E+01   -1.427988E+02    0.000000E+00    0.000000E+00    0.000000E+00    9.143443E+01    2.413346E+02    5.514565E+00    0.000000E+00    0.000000E+00    0.000000E+00
7.117500E-01    1.065915E+02   -3.296760E+01   -1.400319E+02    0.000000E+00    0.000000E+00    0.000000E+00    8.525893E+01    2.357579E+02    9.392076E+00    0.000000E+00    0.000000E+00    0.000000E+00
7.127500E-01    1.130688E+02   -4.212039E+01   -1.435044E+02    0.000000E+00    0.000000E+00    0.000000E+00    9.544032E+01    2.453936E+02    3.187145E+00    0.000000E+00    0.000000E+00    0.000000E+00
7.137500E-01    1.180666E+02   -5.381704E+01   -1.433533E+02    0.000000E+00    0.000000E+00    0.000000E+00    1.066422E+02    2.500791E+02   -6.047370E+00    0.000000E+00    0.000000E+00    0.000000E+00
7.147500E-01    1.051625E+02   -4.872982E+01   -1.387548E+02    0.000000E+00    0.000000E+00    0.000000E+00    9.994516E+01    2.334917E+02   -6.180415E+00    0.000000E+00    0.000000E+00    0.000000E+00
7.157500E-01    1.084919E+02   -5.145949E+01   -1.443367E+02    0.000000E+00    0.000000E+00    0.000000E+00    1.048831E+02    2.420433E+02   -7.255948E+00    0.000000E+00    0.000000E+00    0.000000E+00
7.167500E-01    1.138119E+02   -5.492435E+01   -1.463302E+02    0.000000E+00    0.000000E+00    0.000000E+00    1.091698E+02    2.489710E+02   -8.252224E+00    0.000000E+00    0.000000E+00    0.000000E+00
7.177500E-01    1.139176E+02   -5.858073E+01   -1.470810E+02    0.000000E+00    0.000000E+00    0.000000E+00    1.130461E+02    2.496172E+02   -1.156572E+01    0.000000E+00    0.000000E+00    0.000000E+00
7.187500E-01    1.190199E+02   -5.616189E+01   -1.516860E+02    0.000000E+00    0.000000E+00    0.000000E+00    1.123083E+02    2.588039E+02   -7.429886E+00    0.000000E+00    0.000000E+00    0.000000E+00
7.197500E-01    1.203505E+02   -5.349870E+01   -1.532725E+02    0.000000E+00    0.000000E+00    0.000000E+00    1.102976E+02    2.616102E+02   -4.451740E+00    0.000000E+00    0.000000E+00    0.000000E+00
7.207500E-01    1.198541E+02   -5.218703E+01   -1.534542E+02    0.000000E+00    0.000000E+00    0.000000E+00    1.089813E+02    2.613347E+02   -3.525205E+00    0.000000E+00    0.000000E+00    0.000000E+00
7.217500E-01    1.185816E+02   -4.951143E+01   -1.471907E+02    0.000000E+00    0.000000E+00    0.000000E+00    1.037847E+02    2.541759E+02   -1.670392E+00    0.000000E+00    0.000000E+00    0.000000E+00
7.227500E-01    1.168565E+02   -5.081841E+01   -1.455557E+02    0.000000E+00    0.000000E+00    0.000000E+00    1.042948E+02    2.509924E+02   -3.701526E+00    0.000000E+00    0.000000E+00    0.000000E+00
7.237500E-01    1.133371E+02   -5.285503E+01   -1.461881E+02    0.000000E+00    0.000000E+00    0.000000E+00    1.064873E+02    2.481965E+02   -7.014000E+00    0.000000E+00    0.000000E+00    0.000000E+00
7.247500E-01    1.174538E+02   -5.025891E+01   -1.447333E+02    0.000000E+00    0.000000E+00    0.000000E+00    1.034187E+02    2.507269E+02   -2.967517E+00    0.000000E+00    0.000000E+00    0.000000E+00
7.257500E-01    1.198185E+02   -5.061529E+01   -1.458701E+02    0.000000E+00    0.000000E+00    0.000000E+00    1.042345E+02    2.540984E+02   -2.378574E+00    0.000000E+00    0.000000E+00    0.000000E+00
7.267500E-01    1.198979E+02   -5.103430E+01   -1.502804E+02    0.000000E+00    0.000000E+00    0.000000E+00    1.063823E+02    2.585687E+02   -2.723829E+00    0.000000E+00    0.000000E+00    0.000000E+00
7.277500E-01    1.234000E+02   -4.470295E+01   -1.506773E+02    0.000000E+00    0.000000E+00    0.000000E+00    1.004245E+02    2.625083E+02    4.640086E+00    0.000000E+00    0.000000E+00    0.000000E+00
7.287500E-01    1.244049E+02   -4.278080E+01   -1.515834E+02    0.000000E+00    0.000000E+00    0.000000E+00    9.895911E+01    2.644451E+02    6.855607E+00    0.000000E+00    0.000000E+00    0.000000E+00
7.297500E-01    1.313631E+02   -4.330212E+01   -1.624107E+02    0.000000E+00    0.000000E+00    0.000000E+00    1.036082E+02    2.815328E+02    8.926761E+00    0.000000E+00    0.000000E+00    0.000000E+00
7.307500E-01    1.246424E+02   -4.455170E+01   -1.488667E+02    0.000000E+00    0.000000E+00    0.000000E+00    9.978833E+01    2.620406E+02    5.101979E+00    0.000000E+00    0.000000E+00    0.000000E+00
7.317500E-01    1.173173E+02   -4.658697E+01   -1.396521E+02    0.000000E+00    0.000000E+00    0.000000E+00    9.846234E+01    2.460642E+02    3.849461E-01    0.000000E+00    0.000000E+00    0.000000E+00
7.327500E-01    1.135947E+02   -4.767712E+01   -1.385506E+02    0.000000E+00    0.000000E+00    0.000000E+00    9.927517E+01    2.414050E+02   -2.025309E+00    0.000000E+00    0.000000E+00    0.000000E+00
7.337500E-01    1.151074E+02   -4.580385E+01   -1.432172E+02    0.000000E+00    0.000000E+00    0.000000E+00    9.925122E+01    2.472902E+02    3.905706E-01    0.000000E+00    0.000000E+00    0.000000E+00
7.347500E-01    1.158975E+02   -3.766787E+01   -1.585880E+02    0.000000E+00    0.000000E+00    0.000000E+00    9.714731E+01    2.627424E+02    8.518684E+00    0.000000E+00    0.000000E+00    0.000000E+00
7.357500E-01    1.159965E+02   -3.854114E+01   -1.545502E+02    0.000000E+00    0.000000E+00    0.000000E+00    9.652920E+01    2.591509E+02    7.785408E+00    0.000000E+00    0.000000E+00    0.000000E+00
7.367500E-01    1.170795E+02   -4.589718E+01   -1.433522E+02    0.000000E+00    0.000000E+00    0.000000E+00    9.932098E+01    2.494115E+02    1.026903E+00    0.000000E+00    0.000000E+00    0.000000E+00
7.377500E-01    1.142145E+02   -4.432411E+01   -1.406303E+02    0.000000E+00    0.000000E+00    0.000000E+00    9.650703E+01    2.438894E+02    1.204718E+00    0.000000E+00    0.000000E+00    0.000000E+00
7.387500E-01    1.146474E+02   -4.455610E+01   -1.397381E+02    0.000000E+00    0.000000E+00    0.000000E+00    9.620874E+01    2.434628E+02    1.098138E+00    0.000000E+00    0.000000E+00    0.000000E+00
7.397500E-01    1.176205E+02   -4.923128E+01   -1.394152E+02    0.000000E+00    0.000000E+00    0.000000E+00    1.006646E+02    2.462630E+02   -2.083080E+00    0.000000E+00    0.000000E+00    0.000000E+00
7.407500E-01    1.206926E+02   -5.337876E+01   -1.428653E+02    0.000000E+00    0.000000E+00    0.000000E+00    1.060510E+02    2.527088E+02   -4.784879E+00    0.000000E+00    0.000000E+00    0.000000E+00
7.417500E-01    1.108806E+02   -5.036620E+01   -1.439639E+02    0.000000E+00    0.000000E+00    0.000000E+00    1.037024E+02    2.445473E+02   -5.589154E+00    0.000000E+00    0.000000E+00    0.000000E+00
7.427500E-01    1.060195E+02   -5.023254E+01   -1.455425E+02    0.000000E+00    0.000000E+00    0.000000E+00    1.045414E+02    2.416350E+02   -7.022373E+00    0.000000E+00    0.000000E+00    0.000000E+00
7.437500E-01    1.117065E+02   -5.383724E+01   -1.453967E+02    0.000000E+00    0.000000E+00    0.000000E+00    1.080495E+02    2.470318E+02   -8.108476E+00    0.000000E+00    0.000000E+00    0.000000E+00
7.447500E-01    1.286644E+02   -5.281722E+01   -1.456297E+02    0.000000E+00    0.000000E+00    0.000000E+00    1.067823E+02    2.633669E+02   -7.518763E-01    0.000000E+00    0.000000E+00    0.000000E+00
7.457500E-01    1.286968E+02   -4.723391E+01   -1.456781E+02    0.000000E+00    0.000000E+00    0.000000E+00    1.013216E+02    2.632519E+02    4.612588E+00    0.000000E+00    0.000000E+00    0.000000E+00
7.467500E-01    1.206747E+02   -4.895060E+01   -1.491056E+02    0.000000E+00    0.000000E+00    0.000000E+00    1.045840E+02    2.588587E+02    9.468652E-02    0.000000E+00    0.000000E+00    0.000000E+00
7.477500E-01    1.185024E+02   -5.610676E+01   -1.499119E+02    0.000000E+00    0.000000E+00    0.000000E+00    1.117415E+02    2.575494E+02   -7.702986E+00    0.000000E+00    0.000000E+00    0.000000E+00
7.487500E-01    1.142654E+02   -4.873904E+01   -1.393032E+02    0.000000E+00    0.000000E+00    0.000000E+00    1.001709E+02    2.432097E+02   -2.678881E+00    0.000000E+00    0.000000E+00    0.000000E+00
7.497500E-01    1.112975E+02   -4.981860E+01   -1.389843E+02    0.000000E+00    0.000000E+00    0.000000E+00    1.010228E+02    2.399684E+02   -4.973601E+00    0.000000E+00    0.000000E+00    0.000000E+00
7.507500E-01    1.067230E+02   -5.592028E+01   -1.393436E+02    0.000000E+00    0.000000E+00    0.000000E+00    1.071704E+02    2.359098E+02   -1.252472E+01    0.000000E+00    0.000000E+00    0.000000E+00
7.517500E-01    1.183720E+02   -4.919200E+01   -1.465759E+02    0.000000E+00    0.000000E+00    0.000000E+00    1.033198E+02    2.541103E+02   -1.728609E+00    0.000000E+00    0.000000E+00    0.000000E+00
7.527500E-01    1.160331E+02   -4.036610E+01   -1.406139E+02    0.000000E+00    0.000000E+00    0.000000E+00    9.250569E+01    2.461711E+02    5.802878E+00    0.000000E+00    0.000000E+00    0.000000E+00
7.537500E-01    1.328057E+02   -4.076159E+01   -1.531766E+02    0.000000E+00    0.000000E+00    0.000000E+00    9.769082E+01    2.742201E+02    1.188247E+01    0.000000E+00    0.000000E+00    0.000000E+00
7.547500E-01    1.290807E+02   -4.229279E+01   -1.476176E+02    0.000000E+00    0.000000E+00    0.000000E+00    9.708403E+01    2.652434E+02    9.047742E+00    0.000000E+00    0.000000E+00    0.000000E+00
7.557500E-01    1.186136E+02   -4.435042E+01   -1.418321E+02    0.000000E+00    0.000000E+00    0.000000E+00    9.684821E+01    2.497518E+02    3.036745E+00    0.000000E+00    0.000000E+00    0.000000E+00
7.567500E-01    1.264886E+02   -5.016584E+01   -1.588124E+02    0.000000E+00    0.000000E+00    0.000000E+00    1.090378E+02    2.737590E+02    4.733812E-01    0.000000E+00    0.000000E+00    0.000000E+00
7.577500E-01    1.199710E+02   -4.715234E+01   -1.504537E+02    0.000000E+00    0.000000E+00    0.000000E+00    1.031734E+02    2.595605E+02    9.271847E-01    0.000000E+00    0.000000E+00    0.000000E+00
7.587500E-01    1.176600E+02   -5.123429E+01   -1.447139E+02    0.000000E+00    0.000000E+00    0.000000E+00    1.050311E+02    2.517948E+02   -3.829474E+00    0.000000E+00    0.000000E+00    0.000000E+00
7.597500E-01    1.122902E+02   -4.613312E+01   -1.465551E+02    0.000000E+00    0.000000E+00    0.000000E+00    1.006735E+02    2.484919E+02   -1.135380E+00    0.000000E+00    0.000000E+00    0.000000E+00
7.607500E-01    1.178981E+02   -4.593106E+01   -1.486697E+02    0.000000E+00    0.000000E+00    0.000000E+00    1.013778E+02    2.559295E+02    1.221674E+00    0.000000E+00    0.000000E+00    0.000000E+00
7.617500E-01    1.210929E+02   -4.303679E+01   -1.496962E+02    0.000000E+00    0.000000E+00    0.000000E+00    9.919792E+01    2.599466E+02    5.320091E+00    0.000000E+00    0.000000E+00    0.000000E+00
7.627500E-01    1.213434E+02   -5.032953E+01   -1.443320E+02    0.000000E+00    0.000000E+00    0.000000E+00    1.042872E+02    2.549806E+02   -1.512625E+00    0.000000E+00    0.000000E+00    0.000000E+00
7.637500E-01    1.162148E+02   -4.988271E+01   -1.415307E+02    0.000000E+00    0.000000E+00    0.000000E+00    1.025940E+02    2.473776E+02   -3.179958E+00    0.000000E+00    0.000000E+00    0.000000E+00
7.647500E-01    1.143037E+02   -4.793442E+01   -1.435493E+02    0.000000E+00    0.000000E+00    0.000000E+00    1.013564E+02    2.474677E+02   -2.100937E+00    0.000000E+00    0.000000E+00    0.000000E+00
7.657500E-01    1.320167E+02   -6.654283E+01   -1.555885E+02    0.000000E+00    0.000000E+00    0.000000E+00    1.240017E+02    2.759905E+02   -1.302670E+01    0.000000E+00    0.000000E+00    0.000000E+00
7.667500E-01    1.121110E+02   -4.956881E+01   -1.428922E+02    0.000000E+00    0.000000E+00    0.000000E+00    1.024797E+02    2.445924E+02   -4.558067E+00    0.000000E+00    0.000000E+00    0.000000E+00
7.677500E-01    1.087869E+02   -3.886740E+01   -1.460514E+02    0.000000E+00    0.000000E+00    0.000000E+00    9.322562E+01    2.441597E+02    4.494002E+00    0.000000E+00    0.000000E+00    0.000000E+00
7.687500E-01    1.233096E+02   -4.830010E+01   -1.530545E+02    0.000000E+00    0.000000E+00    0.000000E+00    1.053175E+02    2.650462E+02    1.322367E+00    0.000000E+00    0.000000E+00    0.000000E+00
7.697500E-01    1.219461E+02   -5.258664E+01   -1.495249E+02    0.000000E+00    0.000000E+00    0.000000E+00    1.081641E+02    2.606384E+02   -3.271607E+00    0.000000E+00    0.000000E+00    0.000000E+00
7.707500E-01    1.087808E+02   -4.616409E+01   -1.440771E+02    0.000000E+00    0.000000E+00    0.000000E+00    9.983628E+01    2.428604E+02   -2.218318E+00    0.000000E+00    0.000000E+00    0.000000E+00
7.717500E-01    1.092334E+02   -4.651016E+01   -1.528124E+02    0.000000E+00    0.000000E+00    0.000000E+00    1.037743E+02    2.519214E+02   -2.249332E+00    0.000000E+00    0.000000E+00    0.000000E+00
7.727500E-01    1.137739E+02   -5.643049E+01   -1.538448E+02    0.000000E+00    0.000000E+00    0.000000E+00    1.139481E+02    2.575550E+02   -9.906245E+00    0.000000E+00    0.000000E+00    0.000000E+00
7.737500E-01    1.198242E+02   -5.661968E+01   -1.469676E+02    0.000000E+00    0.000000E+00    0.000000E+00    1.112189E+02    2.566686E+02   -7.902483E+00    0.000000E+00    0.000000E+00    0.000000E+00
7.747500E-01    1.283727E+02   -4.802776E+01   -1.419743E+02    0.000000E+00    0.000000E+00    0.000000E+00    1.005982E+02    2.597242E+02    3.469455E+00    0.000000E+00    0.000000E+00    0.000000E+00
7.757500E-01    1.311242E+02   -5.366935E+01   -1.580122E+02    0.000000E+00    0.000000E+00    0.000000E+00    1.121081E+02    2.773969E+02   -8.000519E-01    0.000000E+00    0.000000E+00    0.000000E+00
7.767500E-01    1.280434E+02   -5.922373E+01   -1.649931E+02    0.000000E+00    0.000000E+00    0.000000E+00    1.200795E+02    2.810853E+02   -7.275468E+00    0.000000E+00    0.000000E+00    0.000000E+00
7.777500E-01    1.313955E+02   -6.290611E+01   -1.705282E+02    0.000000E+00    0.000000E+00    0.000000E+00    1.255669E+02    2.896104E+02   -9.508441E+00    0.000000E+00    0.000000E+00    0.000000E+00
7.787500E-01    1.144127E+02   -5.613064E+01   -1.490796E+02    0.000000E+00    0.000000E+00    0.000000E+00    1.107870E+02    2.528509E+02   -9.494490E+00    0.000000E+00    0.000000E+00    0.000000E+00
7.797500E-01    1.041537E+02   -4.952285E+01   -1.359065E+02    0.000000E+00    0.000000E+00    0.000000E+00    9.938706E+01    2.304050E+02   -7.078550E+00    0.000000E+00    0.000000E+00    0.000000E+00
7.807500E-01    1.044590E+02   -4.768764E+01   -1.357161E+02    0.000000E+00    0.000000E+00    0.000000E+00    9.752055E+01    2.303488E+02   -5.202364E+00    0.000000E+00    0.000000E+00    0.000000E+00
7.817500E-01    1.010339E+02   -4.334924E+01   -1.274355E+02    0.000000E+00    0.000000E+00    0.000000E+00    9.017840E+01    2.191520E+02   -2.480459E+00    0.000000E+00    0.000000E+00    0.000000E+00
7.827500E-01    1.015026E+02   -3.706329E+01   -1.219443E+02    0.000000E+00    0.000000E+00    0.000000E+00    8.208735E+01    2.143411E+02    3.625186E+00    0.000000E+00    0.000000E+00    0.000000E+00
7.837500E-01    1.003170E+02   -4.118501E+01   -1.370057E+02    0.000000E+00    0.000000E+00    0.000000E+00    9.198141E+01    2.274524E+02   -7.435677E-01    0.000000E+00    0.000000E+00    0.000000E+00
7.847500E-01    1.000734E+02   -4.124234E+01   -1.394284E+02    0.000000E+00    0.000000E+00    0.000000E+00    9.312420E+01    2.297436E+02   -8.992608E-01    0.000000E+00    0.000000E+00    0.000000E+00
7.857500E-01    1.006184E+02   -4.049621E+01   -1.413205E+02    0.000000E+00    0.000000E+00    0.000000E+00    9.330722E+01    2.324309E+02    3.316978E-02    0.000000E+00    0.000000E+00    0.000000E+00
7.867500E-01    1.029757E+02   -3.968599E+01   -1.416897E+02    0.000000E+00    0.000000E+00    0.000000E+00    9.287420E+01    2.352846E+02    1.810307E+00    0.000000E+00    0.000000E+00    0.000000E+00
7.877500E-01    9.891782E+01   -4.514456E+01   -1.570810E+02    0.000000E+00    0.000000E+00    0.000000E+00    1.042706E+02    2.462678E+02   -4.852998E+00    0.000000E+00    0.000000E+00    0.000000E+00
7.887500E-01    1.001529E+02   -4.679515E+01   -1.571546E+02    0.000000E+00    0.000000E+00    0.000000E+00    1.060914E+02    2.479893E+02   -6.111728E+00    0.000000E+00    0.000000E+00    0.000000E+00
7.897500E-01    1.093059E+02   -4.815193E+01   -1.672148E+02    0.000000E+00    0.000000E+00    0.000000E+00    1.114435E+02    2.667566E+02   -4.015753E+00    0.000000E+00    0.000000E+00    0.000000E+00
7.907500E-01    1.197663E+02   -4.417975E+01   -1.614935E+02    0.000000E+00    0.000000E+00    0.000000E+00    1.053867E+02    2.712353E+02    3.780891E+00    0.000000E+00    0.000000E+00    0.000000E+00
7.917500E-01    1.189835E+02   -4.605591E+01   -1.628677E+02    0.000000E+00    0.000000E+00    0.000000E+00    1.078772E+02    2.720938E+02    1.674577E+00    0.000000E+00    0.000000E+00    0.000000E+00
7.927500E-01    1.177629E+02   -5.331745E+01   -1.643137E+02    0.000000E+00    0.000000E+00    0.000000E+00    1.154661E+02    2.728837E+02   -6.039092E+00    0.000000E+00    0.000000E+00    0.000000E+00
7.937500E-01    1.222232E+02   -5.506544E+01   -1.639534E+02    0.000000E+00    0.000000E+00    0.000000E+00    1.167531E+02    2.771288E+02   -6.319751E+00    0.000000E+00    0.000000E+00    0.000000E+00
7.947500E-01    1.227187E+02   -5.065694E+01   -1.611946E+02    0.000000E+00    0.000000E+00    0.000000E+00    1.111377E+02    2.748325E+02   -1.985491E+00    0.000000E+00    0.000000E+00    0.000000E+00
7.957500E-01    1.266842E+02   -4.859655E+01   -1.657084E+02    0.000000E+00    0.000000E+00    0.000000E+00    1.106442E+02    2.828520E+02    1.570211E+00    0.000000E+00    0.000000E+00    0.000000E+00
7.967500E-01    1.255322E+02   -4.785824E+01   -1.654429E+02    0.000000E+00    0.000000E+00    0.000000E+00    1.095363E+02    2.815038E+02    1.917837E+00    0.000000E+00    0.000000E+00    0.000000E+00
7.977500E-01    1.251058E+02   -4.437022E+01   -1.667458E+02    0.000000E+00    0.000000E+00    0.000000E+00    1.064563E+02    2.823968E+02    5.140194E+00    0.000000E+00    0.000000E+00    0.000000E+00
7.987500E-01    1.210223E+02   -4.136836E+01   -1.765161E+02    0.000000E+00    0.000000E+00    0.000000E+00    1.074574E+02    2.881997E+02    6.364147E+00    0.000000E+00    0.000000E+00    0.000000E+00
7.997500E-01    1.168280E+02   -3.791693E+01   -1.570981E+02    0.000000E+00    0.000000E+00    0.000000E+00    9.690751E+01    2.657405E+02    7.868079E+00    0.000000E+00    0.000000E+00    0.000000E+00
8.007500E-01    1.073738E+02   -3.618475E+01   -1.532846E+02    0.000000E+00    0.000000E+00    0.000000E+00    9.370807E+01    2.532236E+02    5.845618E+00    0.000000E+00    0.000000E+00    0.000000E+00
8.017500E-01    1.022584E+02   -3.939980E+01   -1.599514E+02    0.000000E+00    0.000000E+00    0.000000E+00    9.922320E+01    2.550574E+02    7.536028E-01    0.000000E+00    0.000000E+00    0.000000E+00
8.027500E-01    1.081159E+02   -4.660644E+01   -1.609508E+02    0.000000E+00    0.000000E+00    0.000000E+00    1.065100E+02    2.618291E+02   -4.050571E+00    0.000000E+00    0.000000E+00    0.000000E+00
8.037500E-01    1.097725E+02   -4.923943E+01   -1.584167E+02    0.000000E+00    0.000000E+00    0.000000E+00    1.081592E+02    2.610993E+02   -6.059846E+00    0.000000E+00    0.000000E+00    0.000000E+00
8.047500E-01    1.090269E+02   -5.020571E+01   -1.545918E+02    0.000000E+00    0.000000E+00    0.000000E+00    1.077187E+02    2.567991E+02   -7.322138E+00    0.000000E+00    0.000000E+00    0.000000E+00
8.057500E-01    1.055264E+02   -4.686338E+01   -1.457721E+02    0.000000E+00    0.000000E+00    0.000000E+00    1.011235E+02    2.450229E+02   -5.344409E+00    0.000000E+00    0.000000E+00    0.000000E+00
8.067500E-01    9.883802E+01   -4.179238E+01   -1.381335E+02    0.000000E+00    0.000000E+00    0.000000E+00    9.337743E+01    2.313830E+02   -2.960562E+00    0.000000E+00    0.000000E+00    0.000000E+00
8.077500E-01    9.969754E+01   -4.040595E+01   -1.467652E+02    0.000000E+00    0.000000E+00    0.000000E+00    9.548392E+01    2.408293E+02   -1.424278E+00    0.000000E+00    0.000000E+00    0.000000E+00
8.087500E-01    9.716965E+01   -4.032174E+01   -1.443884E+02    0.000000E+00    0.000000E+00    0.000000E+00    9.463202E+01    2.361359E+02   -2.356111E+00    0.000000E+00    0.000000E+00    0.000000E+00
8.097500E-01    9.627844E+01   -3.879937E+01   -1.378913E+02    0.000000E+00    0.000000E+00    0.000000E+00    9.080052E+01    2.290489E+02   -1.107730E+00    0.000000E+00    0.000000E+00    0.000000E+00
8.107500E-01    1.029616E+02   -3.912498E+01   -1.333067E+02    0.000000E+00    0.000000E+00    0.000000E+00    8.933156E+01    2.309539E+02    1.208194E+00    0.000000E+00    0.000000E+00    0.000000E+00
8.117500E-01    1.079373E+02   -4.096442E+01   -1.429013E+02    0.000000E+00    0.000000E+00    0.000000E+00    9.468476E+01    2.451001E+02    1.243589E+00    0.000000E+00    0.000000E+00    0.000000E+00
8.127500E-01    1.063586E+02   -4.185271E+01   -1.436564E+02    0.000000E+00    0.000000E+00    0.000000E+00    9.579948E+01    2.444604E+02   -2.539556E-01    0.000000E+00    0.000000E+00    0.000000E+00
8.137500E-01    1.087818E+02   -4.317523E+01   -1.428908E+02    0.000000E+00    0.000000E+00    0.000000E+00    9.684322E+01    2.463252E+02   -5.827453E-01    0.000000E+00    0.000000E+00    0.000000E+00
8.147500E-01    1.167936E+02   -4.650834E+01   -1.557574E+02    0.000000E+00    0.000000E+00    0.000000E+00    1.051860E+02    2.670440E+02   -7.011833E-01    0.000000E+00    0.000000E+00    0.000000E+00
8.157500E-01    1.197354E+02   -4.863821E+01   -1.604055E+02    0.000000E+00    0.000000E+00    0.000000E+00    1.092271E+02    2.746937E+02   -1.585012E+00    0.000000E+00    0.000000E+00    0.000000E+00
8.167500E-01    1.211169E+02   -5.007984E+01   -1.567218E+02    0.000000E+00    0.000000E+00    0.000000E+00    1.093505E+02    2.725433E+02   -2.400224E+00    0.000000E+00    0.000000E+00    0.000000E+00
8.177500E-01    1.241365E+02   -5.219341E+01   -1.570932E+02    0.000000E+00    0.000000E+00    0.000000E+00    1.116650E+02    2.759513E+02   -3.268301E+00    0.000000E+00    0.000000E+00    0.000000E+00
8.187500E-01    1.246483E+02   -5.211734E+01   -1.565696E+02    0.000000E+00    0.000000E+00    0.000000E+00    1.115227E+02    2.760531E+02   -2.946519E+00    0.000000E+00    0.000000E+00    0.000000E+00
8.197500E-01    1.248156E+02   -5.060636E+01   -1.513704E+02    0.000000E+00    0.000000E+00    0.000000E+00    1.081369E+02    2.711263E+02   -1.380103E+00    0.000000E+00    0.000000E+00    0.000000E+00
8.207500E-01    1.269514E+02   -5.046398E+01   -1.531918E+02    0.000000E+00    0.000000E+00    0.000000E+00    1.087251E+02    2.750939E+02   -4.891415E-01    0.000000E+00    0.000000E+00    0.000000E+00
8.217500E-01    1.271348E+02   -5.047716E+01   -1.559894E+02    0.000000E+00    0.000000E+00    0.000000E+00    1.098346E+02    2.782099E+02   -5.445251E-01    0.000000E+00    0.000000E+00    0.000000E+00
8.227500E-01    1.356806E+02   -5.135287E+01   -1.515714E+02    0.000000E+00    0.000000E+00    0.000000E+00    1.085827E+02    2.821016E+02    1.638199E+00    0.000000E+00    0.000000E+00    0.000000E+00
8.237500E-01    1.410168E+02   -5.161121E+01   -1.473378E+02    0.000000E+00    0.000000E+00    0.000000E+00    1.064952E+02    2.829260E+02    3.085428E+00    0.000000E+00    0.000000E+00    0.000000E+00
8.247500E-01    1.366521E+02   -4.879385E+01   -1.477819E+02    0.000000E+00    0.000000E+00    0.000000E+00    1.039631E+02    2.792965E+02    4.238190E+00    0.000000E+00    0.000000E+00    0.000000E+00
8.257500E-01    1.317340E+02   -4.705408E+01   -1.487994E+02    0.000000E+00    0.000000E+00    0.000000E+00    1.031641E+02    2.758904E+02    4.323614E+00    0.000000E+00    0.000000E+00    0.000000E+00
8.267500E-01    1.287788E+02   -4.676749E+01   -1.467210E+02    0.000000E+00    0.000000E+00    0.000000E+00    1.024247E+02    2.711636E+02    3.619086E+00    0.000000E+00    0.000000E+00    0.000000E+00
8.277500E-01    1.266296E+02   -4.677107E+01   -1.447255E+02    0.000000E+00    0.000000E+00    0.000000E+00    1.017720E+02    2.671335E+02    2.839031E+00    0.000000E+00    0.000000E+00    0.000000E+00
8.287500E-01    1.251495E+02   -4.772967E+01   -1.427953E+02    0.000000E+00    0.000000E+00    0.000000E+00    1.020247E+02    2.637801E+02    1.369430E+00    0.000000E+00    0.000000E+00    0.000000E+00
8.297500E-01    1.242832E+02   -4.877565E+01   -1.431517E+02    0.000000E+00    0.000000E+00    0.000000E+00    1.032952E+02    2.633896E+02    5.828204E-02    0.000000E+00    0.000000E+00    0.000000E+00
8.307500E-01    1.234022E+02   -4.872804E+01   -1.447409E+02    0.000000E+00    0.000000E+00    0.000000E+00    1.039597E+02    2.642851E+02   -1.975204E-01    0.000000E+00    0.000000E+00    0.000000E+00
8.317500E-01    1.207868E+02   -4.799133E+01   -1.436699E+02    0.000000E+00    0.000000E+00    0.000000E+00    1.029030E+02    2.607870E+02   -4.375937E-01    0.000000E+00    0.000000E+00    0.000000E+00
8.327500E-01    1.192587E+02   -4.666832E+01   -1.434284E+02    0.000000E+00    0.000000E+00    0.000000E+00    1.015673E+02    2.590837E+02    3.340766E-01    0.000000E+00    0.000000E+00    0.000000E+00
8.337500E-01    1.186069E+02   -4.477978E+01   -1.428430E+02    0.000000E+00    0.000000E+00    0.000000E+00    9.952049E+01    2.579083E+02    1.977675E+00    0.000000E+00    0.000000E+00    0.000000E+00
8.347500E-01    1.174712E+02   -4.395030E+01   -1.412771E+02    0.000000E+00    0.000000E+00    0.000000E+00    9.811220E+01    2.553138E+02    2.339520E+00    0.000000E+00    0.000000E+00    0.000000E+00
8.357500E-01    1.158283E+02   -4.390460E+01   -1.382514E+02    0.000000E+00    0.000000E+00    0.000000E+00    9.685803E+01    2.507337E+02    1.679020E+00    0.000000E+00    0.000000E+00    0.000000E+00
8.367500E-01    1.166393E+02   -4.448305E+01   -1.356994E+02    0.000000E+00    0.000000E+00    0.000000E+00    9.639837E+01    2.490510E+02    1.342595E+00    0.000000E+00    0.000000E+00    0.000000E+00
8.377500E-01    1.178162E+02   -4.554215E+01   -1.338905E+02    0.000000E+00    0.000000E+00    0.000000E+00    9.671596E+01    2.485169E+02    6.756337E-01    0.000000E+00    0.000000E+00    0.000000E+00
8.387500E-01    1.190443E+02   -4.615153E+01   -1.306750E+02    0.000000E+00    0.000000E+00    0.000000E+00    9.604503E+01    2.466128E+02    4.836062E-01    0.000000E+00    0.000000E+00    0.000000E+00
8.397500E-01    1.222566E+02   -4.709918E+01   -1.345972E+02    0.000000E+00    0.000000E+00    0.000000E+00    9.850363E+01    2.538830E+02    7.431396E-01    0.000000E+00    0.000000E+00    0.000000E+00
8.407500E-01    1.211457E+02   -4.663764E+01   -1.313238E+02    0.000000E+00    0.000000E+00    0.000000E+00    9.674975E+01    2.497704E+02    7.049644E-01    0.000000E+00    0.000000E+00    0.000000E+00
8.417500E-01    1.221177E+02   -4.750150E+01   -1.343707E+02    0.000000E+00    0.000000E+00    0.000000E+00    9.873956E+01    2.537848E+02    1.891021E-01    0.000000E+00    0.000000E+00    0.000000E+00
8.427500E-01    1.221715E+02   -4.741060E+01   -1.395278E+02    0.000000E+00    0.000000E+00    0.000000E+00    1.007074E+02    2.587939E+02    3.299350E-01    0.000000E+00    0.000000E+00    0.000000E+00
8.437500E-01    1.324002E+02   -5.095242E+01   -1.556669E+02    0.000000E+00    0.000000E+00    0.000000E+00    1.105552E+02    2.849820E+02    7.975507E-01    0.000000E+00    0.000000E+00    0.000000E+00
8.447500E-01    1.199980E+02   -4.719485E+01   -1.411517E+02    0.000000E+00    0.000000E+00    0.000000E+00    1.012336E+02    2.586668E+02   -3.327501E-01    0.000000E+00    0.000000E+00    0.000000E+00
8.457500E-01    1.112941E+02   -4.431769E+01   -1.312306E+02    0.000000E+00    0.000000E+00    0.000000E+00    9.446940E+01    2.402345E+02   -8.565103E-01    0.000000E+00    0.000000E+00    0.000000E+00
8.467500E-01    1.097176E+02   -4.325122E+01   -1.306921E+02    0.000000E+00    0.000000E+00    0.000000E+00    9.315625E+01    2.379721E+02   -3.709564E-01    0.000000E+00    0.000000E+00    0.000000E+00
8.477500E-01    1.161932E+02   -4.472525E+01   -1.385132E+02    0.000000E+00    0.000000E+00    0.000000E+00    9.764381E+01    2.520466E+02    6.920927E-01    0.000000E+00    0.000000E+00    0.000000E+00
8.487500E-01    1.246770E+02   -4.670624E+01   -1.469304E+02    0.000000E+00    0.000000E+00    0.000000E+00    1.029013E+02    2.687418E+02    2.027492E+00    0.000000E+00    0.000000E+00    0.000000E+00
8.497500E-01    1.314362E+02   -4.932213E+01   -1.530381E+02    0.000000E+00    0.000000E+00    0.000000E+00    1.078457E+02    2.814225E+02    2.041924E+00    0.000000E+00    0.000000E+00    0.000000E+00
8.507500E-01    1.188169E+02   -4.529209E+01   -1.409457E+02    0.000000E+00    0.000000E+00    0.000000E+00    9.913573E+01    2.569528E+02    1.132014E+00    0.000000E+00    0.000000E+00    0.000000E+00
8.517500E-01    1.109895E+02   -4.217523E+01   -1.341982E+02    0.000000E+00    0.000000E+00    0.000000E+00    9.337983E+01    2.425116E+02    1.191995E+00    0.000000E+00    0.000000E+00    0.000000E+00
8.527500E-01    1.082456E+02   -4.086459E+01   -1.321923E+02    0.000000E+00    0.000000E+00    0.000000E+00    9.126948E+01    2.378320E+02    1.442565E+00    0.000000E+00    0.000000E+00    0.000000E+00
8.537500E-01    1.114335E+02   -4.258014E+01   -1.363955E+02    0.000000E+00    0.000000E+00    0.000000E+00    9.457975E+01    2.451726E+02    9.723455E-01    0.000000E+00    0.000000E+00    0.000000E+00
8.547500E-01    1.149511E+02   -4.461578E+01   -1.405631E+02    0.000000E+00    0.000000E+00    0.000000E+00    9.822339E+01    2.527509E+02    3.077800E-01    0.000000E+00    0.000000E+00    0.000000E+00
8.557500E-01    1.157509E+02   -4.651097E+01   -1.424141E+02    0.000000E+00    0.000000E+00    0.000000E+00    1.008717E+02    2.552885E+02   -1.241713E+00    0.000000E+00    0.000000E+00    0.000000E+00
8.567500E-01    1.106130E+02   -4.683783E+01   -1.395493E+02    0.000000E+00    0.000000E+00    0.000000E+00    1.001898E+02    2.473706E+02   -3.491688E+00    0.000000E+00    0.000000E+00    0.000000E+00
8.577500E-01    1.105959E+02   -4.748561E+01   -1.394894E+02    0.000000E+00    0.000000E+00    0.000000E+00    1.009008E+02    2.473060E+02   -4.073055E+00    0.000000E+00    0.000000E+00    0.000000E+00
8.587500E-01    1.108396E+02   -4.761414E+01   -1.405935E+02    0.000000E+00    0.000000E+00    0.000000E+00    1.015386E+02    2.486582E+02   -4.050320E+00    0.000000E+00    0.000000E+00    0.000000E+00
8.597500E-01    1.094598E+02   -4.518454E+01   -1.397197E+02    0.000000E+00    0.000000E+00    0.000000E+00    9.882451E+01    2.464364E+02   -2.151705E+00    0.000000E+00    0.000000E+00    0.000000E+00
8.607500E-01    1.116774E+02   -4.506854E+01   -1.416175E+02    0.000000E+00    0.000000E+00    0.000000E+00    9.940268E+01    2.504531E+02   -1.190315E+00    0.000000E+00    0.000000E+00    0.000000E+00
8.617500E-01    1.146686E+02   -4.596336E+01   -1.437316E+02    0.000000E+00    0.000000E+00    0.000000E+00    1.009932E+02    2.554032E+02   -9.740540E-01    0.000000E+00    0.000000E+00    0.000000E+00
8.627500E-01    1.222798E+02   -5.301933E+01   -1.523781E+02    0.000000E+00    0.000000E+00    0.000000E+00    1.111697E+02    2.713844E+02   -5.131053E+00    0.000000E+00    0.000000E+00    0.000000E+00
8.637500E-01    1.149014E+02   -4.864027E+01   -1.419177E+02    0.000000E+00    0.000000E+00    0.000000E+00    1.027283E+02    2.538423E+02   -3.761368E+00    0.000000E+00    0.000000E+00    0.000000E+00
8.647500E-01    1.165526E+02   -4.738646E+01   -1.418888E+02    0.000000E+00    0.000000E+00    0.000000E+00    1.014806E+02    2.555389E+02   -1.908783E+00    0.000000E+00    0.000000E+00    0.000000E+00
8.657500E-01    1.144953E+02   -4.281805E+01   -1.374910E+02    0.000000E+00    0.000000E+00    0.000000E+00    9.529486E+01    2.492411E+02    1.820192E+00    0.000000E+00    0.000000E+00    0.000000E+00
8.667500E-01    1.139600E+02   -4.179505E+01   -1.349777E+02    0.000000E+00    0.000000E+00    0.000000E+00    9.327404E+01    2.462582E+02    2.555695E+00    0.000000E+00    0.000000E+00    0.000000E+00
8.677500E-01    1.159129E+02   -4.221315E+01   -1.365812E+02    0.000000E+00    0.000000E+00    0.000000E+00    9.426546E+01    2.498449E+02    2.798446E+00    0.000000E+00    0.000000E+00    0.000000E+00
8.687500E-01    1.110007E+02   -4.055593E+01   -1.335133E+02    0.000000E+00    0.000000E+00    0.000000E+00    9.152135E+01    2.420965E+02    2.519893E+00    0.000000E+00    0.000000E+00    0.000000E+00
8.697500E-01    1.142009E+02   -4.317209E+01   -1.393475E+02    0.000000E+00    0.000000E+00    0.000000E+00    9.646822E+01    2.511034E+02    1.200088E+00    0.000000E+00    0.000000E+00    0.000000E+00
8.707500E-01    1.193976E+02   -4.701069E+01   -1.440240E+02    0.000000E+00    0.000000E+00    0.000000E+00    1.021477E+02    2.608712E+02   -5.634946E-01    0.000000E+00    0.000000E+00    0.000000E+00
8.717500E-01    1.207269E+02   -4.789895E+01   -1.403339E+02    0.000000E+00    0.000000E+00    0.000000E+00    1.016221E+02    2.584898E+02   -9.145613E-01    0.000000E+00    0.000000E+00    0.000000E+00
8.727500E-01    1.262210E+02   -5.139879E+01   -1.490531E+02    0.000000E+00    0.000000E+00    0.000000E+00    1.084758E+02    2.725154E+02   -2.259149E+00    0.000000E+00    0.000000E+00    0.000000E+00
8.737500E-01    1.236561E+02   -5.160427E+01   -1.507402E+02    0.000000E+00    0.000000E+00    0.000000E+00    1.093152E+02    2.716418E+02   -3.472498E+00    0.000000E+00    0.000000E+00    0.000000E+00
8.747500E-01    1.111177E+02   -4.457512E+01   -1.369619E+02    0.000000E+00    0.000000E+00    0.000000E+00    9.688524E+01    2.456174E+02   -1.443104E+00    0.000000E+00    0.000000E+00    0.000000E+00
8.757500E-01    1.111562E+02   -4.262041E+01   -1.388659E+02    0.000000E+00    0.000000E+00    0.000000E+00    9.552907E+01    2.474731E+02    3.987707E-01    0.000000E+00    0.000000E+00    0.000000E+00
8.767500E-01    1.112509E+02   -4.457196E+01   -1.380072E+02    0.000000E+00    0.000000E+00    0.000000E+00    9.697446E+01    2.465667E+02   -1.543389E+00    0.000000E+00    0.000000E+00    0.000000E+00
8.777500E-01    1.169765E+02   -4.560080E+01   -1.451174E+02    0.000000E+00    0.000000E+00    0.000000E+00    1.006654E+02    2.591289E+02   -2.628838E-01    0.000000E+00    0.000000E+00    0.000000E+00
8.787500E-01    1.214234E+02   -4.345679E+01   -1.516190E+02    0.000000E+00    0.000000E+00    0.000000E+00    1.011243E+02    2.700022E+02    3.768490E+00    0.000000E+00    0.000000E+00    0.000000E+00
8.797500E-01    1.260966E+02   -4.315730E+01   -1.550680E+02    0.000000E+00    0.000000E+00    0.000000E+00    1.021386E+02    2.781471E+02    5.999643E+00    0.000000E+00    0.000000E+00    0.000000E+00
8.807500E-01    1.192351E+02   -4.498912E+01   -1.394127E+02    0.000000E+00    0.000000E+00    0.000000E+00    9.791300E+01    2.558476E+02    1.589951E+00    0.000000E+00    0.000000E+00    0.000000E+00
8.817500E-01    1.099585E+02   -4.459738E+01   -1.264466E+02    0.000000E+00    0.000000E+00    0.000000E+00    9.250906E+01    2.338027E+02   -1.615913E+00    0.000000E+00    0.000000E+00    0.000000E+00
8.827500E-01    1.157591E+02   -4.559625E+01   -1.407602E+02    0.000000E+00    0.000000E+00    0.000000E+00    9.898946E+01    2.538516E+02   -4.704936E-01    0.000000E+00    0.000000E+00    0.000000E+00
8.837500E-01    1.146334E+02   -4.310739E+01   -1.407020E+02    0.000000E+00    0.000000E+00    0.000000E+00    9.668182E+01    2.528752E+02    1.584122E+00    0.000000E+00    0.000000E+00    0.000000E+00
8.847500E-01    1.101995E+02   -4.146677E+01   -1.325853E+02    0.000000E+00    0.000000E+00    0.000000E+00    9.218966E+01    2.403413E+02    1.681784E+00    0.000000E+00    0.000000E+00    0.000000E+00
8.857500E-01    1.106523E+02   -4.063859E+01   -1.341141E+02    0.000000E+00    0.000000E+00    0.000000E+00    9.210689E+01    2.421839E+02    2.783362E+00    0.000000E+00    0.000000E+00    0.000000E+00
8.867500E-01    1.102855E+02   -3.938202E+01   -1.343636E+02    0.000000E+00    0.000000E+00    0.000000E+00    9.102174E+01    2.420806E+02    3.897628E+00    0.000000E+00    0.000000E+00    0.000000E+00
8.877500E-01    1.115677E+02   -3.856243E+01   -1.337241E+02    0.000000E+00    0.000000E+00    0.000000E+00    8.998397E+01    2.427335E+02    5.210257E+00    0.000000E+00    0.000000E+00    0.000000E+00
8.887500E-01    1.153029E+02   -4.204361E+01   -1.401667E+02    0.000000E+00    0.000000E+00    0.000000E+00    9.586470E+01    2.527496E+02    3.191226E+00    0.000000E+00    0.000000E+00    0.000000E+00
8.897500E-01    1.190822E+02   -4.841330E+01   -1.477925E+02    0.000000E+00    0.000000E+00    0.000000E+00    1.049346E+02    2.640628E+02   -1.794416E+00    0.000000E+00    0.000000E+00    0.000000E+00
8.907500E-01    1.149008E+02   -4.878389E+01   -1.399791E+02    0.000000E+00    0.000000E+00    0.000000E+00    1.021228E+02    2.522159E+02   -3.931962E+00    0.000000E+00    0.000000E+00    0.000000E+00
8.917500E-01    1.165385E+02   -4.156908E+01   -1.457431E+02    0.000000E+00    0.000000E+00    0.000000E+00    9.716561E+01    2.595028E+02    3.832381E+00    0.000000E+00    0.000000E+00    0.000000E+00
8.927500E-01    1.140271E+02   -3.874420E+01   -1.426269E+02    0.000000E+00    0.000000E+00    0.000000E+00    9.323790E+01    2.538907E+02    5.724815E+00    0.000000E+00    0.000000E+00    0.000000E+00
8.937500E-01    1.105693E+02   -4.057744E+01   -1.331003E+02    0.000000E+00    0.000000E+00    0.000000E+00    9.126416E+01    2.409040E+02    2.471790E+00    0.000000E+00    0.000000E+00    0.000000E+00
8.947500E-01    1.167532E+02   -4.248894E+01   -1.359838E+02    0.000000E+00    0.000000E+00    0.000000E+00    9.413642E+01    2.499386E+02    2.760667E+00    0.000000E+00    0.000000E+00    0.000000E+00
8.957500E-01    1.195186E+02   -4.250614E+01   -1.401276E+02    0.000000E+00    0.000000E+00    0.000000E+00    9.587254E+01    2.570001E+02    3.754734E+00    0.000000E+00    0.000000E+00    0.000000E+00
8.967500E-01    1.212745E+02   -4.972960E+01   -1.505683E+02    0.000000E+00    0.000000E+00    0.000000E+00    1.073023E+02    2.692118E+02   -2.624618E+00    0.000000E+00    0.000000E+00    0.000000E+00
8.977500E-01    1.233022E+02   -5.368903E+01   -1.548598E+02    0.000000E+00    0.000000E+00    0.000000E+00    1.129799E+02    2.755533E+02   -5.787973E+00    0.000000E+00    0.000000E+00    0.000000E+00
8.987500E-01    1.182993E+02   -4.951227E+01   -1.445572E+02    0.000000E+00    0.000000E+00    0.000000E+00    1.048419E+02    2.604234E+02   -3.681539E+00    0.000000E+00    0.000000E+00    0.000000E+00
8.997500E-01    1.335305E+02   -5.563575E+01   -1.647706E+02    0.000000E+00    0.000000E+00    0.000000E+00    1.188641E+02    2.953455E+02   -3.780659E+00    0.000000E+00    0.000000E+00    0.000000E+00
9.007500E-01    1.245483E+02   -5.366956E+01   -1.552081E+02    0.000000E+00    0.000000E+00    0.000000E+00    1.133378E+02    2.768132E+02   -5.134808E+00    0.000000E+00    0.000000E+00    0.000000E+00
9.017500E-01    1.195189E+02   -5.009179E+01   -1.492105E+02    0.000000E+00    0.000000E+00    0.000000E+00    1.072901E+02    2.657712E+02   -3.519011E+00    0.000000E+00    0.000000E+00    0.000000E+00
9.027500E-01    1.137028E+02   -4.479506E+01   -1.397866E+02    0.000000E+00    0.000000E+00    0.000000E+00    9.822930E+01    2.506113E+02   -5.631941E-01    0.000000E+00    0.000000E+00    0.000000E+00
9.037500E-01    1.131021E+02   -4.371710E+01   -1.360020E+02    0.000000E+00    0.000000E+00    0.000000E+00    9.554366E+01    2.462167E+02    2.184643E-01    0.000000E+00    0.000000E+00    0.000000E+00
9.047500E-01    1.141127E+02   -4.688806E+01   -1.351674E+02    0.000000E+00    0.000000E+00    0.000000E+00    9.820862E+01    2.464269E+02   -2.603352E+00    0.000000E+00    0.000000E+00    0.000000E+00
9.057500E-01    1.212076E+02   -4.977211E+01   -1.459947E+02    0.000000E+00    0.000000E+00    0.000000E+00    1.051152E+02    2.641714E+02   -2.707811E+00    0.000000E+00    0.000000E+00    0.000000E+00
9.067500E-01    1.184088E+02   -4.411877E+01   -1.465122E+02    0.000000E+00    0.000000E+00    0.000000E+00    9.969185E+01    2.619752E+02    1.911992E+00    0.000000E+00    0.000000E+00    0.000000E+00
9.077500E-01    1.231420E+02   -4.393318E+01   -1.468643E+02    0.000000E+00    0.000000E+00    0.000000E+00    9.972938E+01    2.672188E+02    4.066621E+00    0.000000E+00    0.000000E+00    0.000000E+00
9.087500E-01    1.202886E+02   -4.256779E+01   -1.410005E+02    0.000000E+00    0.000000E+00    0.000000E+00    9.614424E+01    2.589196E+02    4.385520E+00    0.000000E+00    0.000000E+00    0.000000E+00
9.097500E-01    1.182053E+02   -4.408793E+01   -1.389343E+02    0.000000E+00    0.000000E+00    0.000000E+00    9.700910E+01    2.551602E+02    2.168336E+00    0.000000E+00    0.000000E+00    0.000000E+00
9.107500E-01    1.152791E+02   -4.877353E+01   -1.338946E+02    0.000000E+00    0.000000E+00    0.000000E+00    1.000118E+02    2.471817E+02   -3.420917E+00    0.000000E+00    0.000000E+00    0.000000E+00
9.117500E-01    1.163085E+02   -4.784142E+01   -1.351624E+02    0.000000E+00    0.000000E+00    0.000000E+00    9.975116E+01    2.492530E+02   -1.969619E+00    0.000000E+00    0.000000E+00    0.000000E+00
9.127500E-01    1.248704E+02   -4.344360E+01   -1.431774E+02    0.000000E+00    0.000000E+00    0.000000E+00    9.851435E+01    2.655459E+02    5.740024E+00    0.000000E+00    0.000000E+00    0.000000E+00
9.137500E-01    1.198037E+02   -4.294512E+01   -1.413028E+02    0.000000E+00    0.000000E+00    0.000000E+00    9.726883E+01    2.585128E+02    4.201327E+00    0.000000E+00    0.000000E+00    0.000000E+00
9.147500E-01    1.208882E+02   -4.485078E+01   -1.458997E+02    0.000000E+00    0.000000E+00    0.000000E+00    1.008571E+02    2.639487E+02    2.585324E+00    0.000000E+00    0.000000E+00    0.000000E+00
9.157500E-01    1.252805E+02   -4.490869E+01   -1.478356E+02    0.000000E+00    0.000000E+00    0.000000E+00    1.015984E+02    2.700283E+02    4.103781E+00    0.000000E+00    0.000000E+00    0.000000E+00
9.167500E-01    1.173931E+02   -4.376861E+01   -1.380968E+02    0.000000E+00    0.000000E+00    0.000000E+00    9.673441E+01    2.526009E+02    2.117977E+00    0.000000E+00    0.000000E+00    0.000000E+00
9.177500E-01    1.162858E+02   -4.413560E+01   -1.373083E+02    0.000000E+00    0.000000E+00    0.000000E+00    9.677728E+01    2.507713E+02    1.270917E+00    0.000000E+00    0.000000E+00    0.000000E+00
9.187500E-01    1.054488E+02   -4.624179E+01   -1.364434E+02    0.000000E+00    0.000000E+00    0.000000E+00    9.859242E+01    2.392612E+02   -4.976479E+00    0.000000E+00    0.000000E+00    0.000000E+00
9.197500E-01    1.053836E+02   -4.038139E+01   -1.267542E+02    0.000000E+00    0.000000E+00    0.000000E+00    8.902867E+01    2.297224E+02    8.291358E-01    0.000000E+00    0.000000E+00    0.000000E+00
9.207500E-01    1.177365E+02   -4.027396E+01   -1.331450E+02    0.000000E+00    0.000000E+00    0.000000E+00    9.127709E+01    2.481353E+02    5.697441E+00    0.000000E+00    0.000000E+00    0.000000E+00
9.217500E-01    1.220994E+02   -4.452120E+01   -1.446919E+02    0.000000E+00    0.000000E+00    0.000000E+00    1.000485E+02    2.638865E+02    3.190781E+00    0.000000E+00    0.000000E+00    0.000000E+00
9.227500E-01    1.116111E+02   -4.231064E+01   -1.318589E+02    0.000000E+00    0.000000E+00    0.000000E+00    9.303356E+01    2.410969E+02    1.229344E+00    0.000000E+00    0.000000E+00    0.000000E+00
9.237500E-01    1.241144E+02   -5.533323E+01   -1.509624E+02    0.000000E+00    0.000000E+00    0.000000E+00    1.133085E+02    2.724977E+02   -7.019371E+00    0.000000E+00    0.000000E+00    0.000000E+00
9.247500E-01    1.308600E+02   -6.207877E+01   -1.633721E+02    0.000000E+00    0.000000E+00    0.000000E+00    1.249353E+02    2.914322E+02   -1.109387E+01    0.000000E+00    0.000000E+00    0.000000E+00
9.257500E-01    1.379590E+02   -6.167515E+01   -1.722245E+02    0.000000E+00    0.000000E+00    0.000000E+00    1.280656E+02    3.069963E+02   -7.737377E+00    0.000000E+00    0.000000E+00    0.000000E+00
9.267500E-01    1.330480E+02   -5.666768E+01   -1.664971E+02    0.000000E+00    0.000000E+00    0.000000E+00    1.210896E+02    2.964752E+02   -4.670137E+00    0.000000E+00    0.000000E+00    0.000000E+00
9.277500E-01    1.212051E+02   -4.917305E+01   -1.497199E+02    0.000000E+00    0.000000E+00    0.000000E+00    1.073150E+02    2.680959E+02   -1.806459E+00    0.000000E+00    0.000000E+00    0.000000E+00
9.287500E-01    1.147559E+02   -4.445467E+01   -1.361977E+02    0.000000E+00    0.000000E+00    0.000000E+00    9.718625E+01    2.480689E+02    4.406310E-01    0.000000E+00    0.000000E+00    0.000000E+00
9.297500E-01    1.151925E+02   -4.405415E+01   -1.308045E+02    0.000000E+00    0.000000E+00    0.000000E+00    9.427673E+01    2.430999E+02    8.921217E-01    0.000000E+00    0.000000E+00    0.000000E+00
9.307500E-01    1.148298E+02   -4.516949E+01   -1.304896E+02    0.000000E+00    0.000000E+00    0.000000E+00    9.491062E+01    2.424643E+02   -4.738733E-01    0.000000E+00    0.000000E+00    0.000000E+00
9.317500E-01    1.171508E+02   -4.725625E+01   -1.369869E+02    0.000000E+00    0.000000E+00    0.000000E+00    9.936473E+01    2.513099E+02   -1.620422E+00    0.000000E+00    0.000000E+00    0.000000E+00
9.327500E-01    1.183709E+02   -4.669910E+01   -1.460444E+02    0.000000E+00    0.000000E+00    0.000000E+00    1.022564E+02    2.616314E+02   -4.705761E-01    0.000000E+00    0.000000E+00    0.000000E+00
9.337500E-01    1.277814E+02   -4.859093E+01   -1.472813E+02    0.000000E+00    0.000000E+00    0.000000E+00    1.046866E+02    2.723905E+02    1.368750E+00    0.000000E+00    0.000000E+00    0.000000E+00
9.347500E-01    1.093936E+02   -4.138139E+01   -1.311117E+02    0.000000E+00    0.000000E+00    0.000000E+00    9.148082E+01    2.382754E+02    1.363988E+00    0.000000E+00    0.000000E+00    0.000000E+00
9.357500E-01    1.190550E+02   -4.405219E+01   -1.418470E+02    0.000000E+00    0.000000E+00    0.000000E+00    9.823190E+01    2.583446E+02    2.529195E+00    0.000000E+00    0.000000E+00    0.000000E+00
9.367500E-01    1.116413E+02   -3.891388E+01   -1.375254E+02    0.000000E+00    0.000000E+00    0.000000E+00    9.135472E+01    2.468543E+02    4.859774E+00    0.000000E+00    0.000000E+00    0.000000E+00
9.377500E-01    1.260194E+02   -4.735917E+01   -1.467951E+02    0.000000E+00    0.000000E+00    0.000000E+00    1.035374E+02    2.705324E+02    2.265606E+00    0.000000E+00    0.000000E+00    0.000000E+00
9.387500E-01    1.299991E+02   -5.249385E+01   -1.449571E+02    0.000000E+00    0.000000E+00    0.000000E+00    1.081902E+02    2.726591E+02   -1.142420E+00    0.000000E+00    0.000000E+00    0.000000E+00
9.397500E-01    1.198621E+02   -4.852418E+01   -1.357135E+02    0.000000E+00    0.000000E+00    0.000000E+00    1.007825E+02    2.533404E+02   -1.130425E+00    0.000000E+00    0.000000E+00    0.000000E+00
9.407500E-01    1.157678E+02   -4.470826E+01   -1.354188E+02    0.000000E+00    0.000000E+00    0.000000E+00    9.686857E+01    2.490136E+02    1.012597E+00    0.000000E+00    0.000000E+00    0.000000E+00
9.417500E-01    1.148643E+02   -4.281108E+01   -1.359984E+02    0.000000E+00    0.000000E+00    0.000000E+00    9.519281E+01    2.488348E+02    2.400692E+00    0.000000E+00    0.000000E+00    0.000000E+00
9.427500E-01    1.107610E+02   -4.123247E+01   -1.280297E+02    0.000000E+00    0.000000E+00    0.000000E+00    9.047153E+01    2.367193E+02    2.207749E+00    0.000000E+00    0.000000E+00    0.000000E+00
9.437500E-01    1.160007E+02   -4.435455E+01   -1.399933E+02    0.000000E+00    0.000000E+00    0.000000E+00    9.812332E+01    2.533893E+02    1.084374E+00    0.000000E+00    0.000000E+00    0.000000E+00
9.447500E-01    1.162476E+02   -4.403301E+01   -1.445884E+02    0.000000E+00    0.000000E+00    0.000000E+00    9.959577E+01    2.581449E+02    1.518295E+00    0.000000E+00    0.000000E+00    0.000000E+00
9.457500E-01    1.199686E+02   -4.431334E+01   -1.487740E+02    0.000000E+00    0.000000E+00    0.000000E+00    1.015140E+02    2.660436E+02    2.660052E+00    0.000000E+00    0.000000E+00    0.000000E+00
9.467500E-01    1.161806E+02   -4.296559E+01   -1.399117E+02    0.000000E+00    0.000000E+00    0.000000E+00    9.671342E+01    2.535117E+02    2.409451E+00    0.000000E+00    0.000000E+00    0.000000E+00
9.477500E-01    1.138249E+02   -4.284573E+01   -1.343686E+02    0.000000E+00    0.000000E+00    0.000000E+00    9.437653E+01    2.455780E+02    1.467550E+00    0.000000E+00    0.000000E+00    0.000000E+00
9.487500E-01    1.201377E+02   -4.590400E+01   -1.445235E+02    0.000000E+00    0.000000E+00    0.000000E+00    1.014482E+02    2.619085E+02    9.276500E-01    0.000000E+00    0.000000E+00    0.000000E+00
9.497500E-01    1.265800E+02   -4.984739E+01   -1.531452E+02    0.000000E+00    0.000000E+00    0.000000E+00    1.088048E+02    2.769496E+02   -4.045423E-01    0.000000E+00    0.000000E+00    0.000000E+00
9.507500E-01    1.321490E+02   -5.447106E+01   -1.605532E+02    0.000000E+00    0.000000E+00    0.000000E+00    1.162993E+02    2.898478E+02   -2.780378E+00    0.000000E+00    0.000000E+00    0.000000E+00
9.517500E-01    1.170849E+02   -5.448456E+01   -1.449979E+02    0.000000E+00    0.000000E+00    0.000000E+00    1.105057E+02    2.596180E+02   -8.562178E+00    0.000000E+00    0.000000E+00    0.000000E+00
9.527500E-01    1.207276E+02   -5.128798E+01   -1.443502E+02    0.000000E+00    0.000000E+00    0.000000E+00    1.071554E+02    2.625356E+02   -3.939527E+00    0.000000E+00    0.000000E+00    0.000000E+00
9.537500E-01    1.146769E+02   -4.681896E+01   -1.358091E+02    0.000000E+00    0.000000E+00    0.000000E+00    9.935167E+01    2.480375E+02   -1.929392E+00    0.000000E+00    0.000000E+00    0.000000E+00
9.547500E-01    1.177291E+02   -4.879464E+01   -1.406084E+02    0.000000E+00    0.000000E+00    0.000000E+00    1.031737E+02    2.557275E+02   -2.775129E+00    0.000000E+00    0.000000E+00    0.000000E+00
9.557500E-01    1.267777E+02   -4.946810E+01   -1.505262E+02    0.000000E+00    0.000000E+00    0.000000E+00    1.077859E+02    2.743944E+02    1.651429E-01    0.000000E+00    0.000000E+00    0.000000E+00
9.567500E-01    1.218386E+02   -4.911404E+01   -1.559320E+02    0.000000E+00    0.000000E+00    0.000000E+00    1.094002E+02    2.748095E+02   -1.234635E+00    0.000000E+00    0.000000E+00    0.000000E+00
9.577500E-01    1.269165E+02   -5.295032E+01   -1.679543E+02    0.000000E+00    0.000000E+00    0.000000E+00    1.173799E+02    2.919314E+02   -3.118156E+00    0.000000E+00    0.000000E+00    0.000000E+00
9.587500E-01    1.277426E+02   -5.198946E+01   -1.530715E+02    0.000000E+00    0.000000E+00    0.000000E+00    1.102922E+02    2.783011E+02   -2.168053E+00    0.000000E+00    0.000000E+00    0.000000E+00
9.597500E-01    1.196888E+02   -4.923936E+01   -1.461183E+02    0.000000E+00    0.000000E+00    0.000000E+00    1.048554E+02    2.634849E+02   -2.697762E+00    0.000000E+00    0.000000E+00    0.000000E+00
9.607500E-01    1.210937E+02   -4.915810E+01   -1.356866E+02    0.000000E+00    0.000000E+00    0.000000E+00    1.008709E+02    2.544771E+02   -2.043283E+00    0.000000E+00    0.000000E+00    0.000000E+00
9.617500E-01    1.246133E+02   -4.858738E+01   -1.342512E+02    0.000000E+00    0.000000E+00    0.000000E+00    9.979755E+01    2.564963E+02   -3.359824E-02    0.000000E+00    0.000000E+00    0.000000E+00
9.627500E-01    1.259060E+02   -4.652892E+01   -1.340159E+02    0.000000E+00    0.000000E+00    0.000000E+00    9.769967E+01    2.574605E+02    2.674538E+00    0.000000E+00    0.000000E+00    0.000000E+00
9.637500E-01    1.188234E+02   -4.412012E+01   -1.506496E+02    0.000000E+00    0.000000E+00    0.000000E+00    1.018380E+02    2.668149E+02    2.579636E+00    0.000000E+00    0.000000E+00    0.000000E+00
9.647500E-01    1.188751E+02   -4.568232E+01   -1.472896E+02    0.000000E+00    0.000000E+00    0.000000E+00    1.022578E+02    2.638655E+02    1.162056E+00    0.000000E+00    0.000000E+00    0.000000E+00
9.657500E-01    1.108686E+02   -4.385464E+01   -1.320726E+02    0.000000E+00    0.000000E+00    0.000000E+00    9.470278E+01    2.410556E+02   -1.338132E-01    0.000000E+00    0.000000E+00    0.000000E+00
9.667500E-01    1.127793E+02   -4.494361E+01   -1.324330E+02    0.000000E+00    0.000000E+00    0.000000E+00    9.604289E+01    2.431373E+02   -3.644996E-01    0.000000E+00    0.000000E+00    0.000000E+00
9.677500E-01    1.232439E+02   -4.791480E+01   -1.433513E+02    0.000000E+00    0.000000E+00    0.000000E+00    1.032438E+02    2.641954E+02    9.300292E-01    0.000000E+00    0.000000E+00    0.000000E+00
9.687500E-01    1.198328E+02   -4.681059E+01   -1.406943E+02    0.000000E+00    0.000000E+00    0.000000E+00    1.010190E+02    2.583022E+02    6.483067E-01    0.000000E+00    0.000000E+00    0.000000E+00
9.697500E-01    1.098504E+02   -4.236572E+01   -1.347682E+02    0.000000E+00    0.000000E+00    0.000000E+00    9.421640E+01    2.427605E+02    9.763325E-01    0.000000E+00    0.000000E+00    0.000000E+00
9.707500E-01    1.153694E+02   -4.318690E+01   -1.397334E+02    0.000000E+00    0.000000E+00    0.000000E+00    9.696774E+01    2.530672E+02    2.104668E+00    0.000000E+00    0.000000E+00    0.000000E+00
9.717500E-01    1.140493E+02   -4.100792E+01   -1.351782E+02    0.000000E+00    0.000000E+00    0.000000E+00    9.306872E+01    2.471196E+02    3.633122E+00    0.000000E+00    0.000000E+00    0.000000E+00
9.727500E-01    1.213523E+02   -4.500672E+01   -1.427465E+02    0.000000E+00    0.000000E+00    0.000000E+00    9.993381E+01    2.617779E+02    2.521438E+00    0.000000E+00    0.000000E+00    0.000000E+00
9.737500E-01    1.235457E+02   -4.544856E+01   -1.438772E+02    0.000000E+00    0.000000E+00    0.000000E+00    1.006904E+02    2.651415E+02    2.850959E+00    0.000000E+00    0.000000E+00    0.000000E+00
9.747500E-01    1.190843E+02   -4.242241E+01   -1.365352E+02    0.000000E+00    0.000000E+00    0.000000E+00    9.487978E+01    2.535082E+02    3.972048E+00    0.000000E+00    0.000000E+00    0.000000E+00
9.757500E-01    1.186674E+02   -4.190270E+01   -1.351714E+02    0.000000E+00    0.000000E+00    0.000000E+00    9.401479E+01    2.517773E+02    4.253981E+00    0.000000E+00    0.000000E+00    0.000000E+00
9.767500E-01    1.225603E+02   -4.704323E+01   -1.438273E+02    0.000000E+00    0.000000E+00    0.000000E+00    1.026460E+02    2.641949E+02    7.520284E-01    0.000000E+00    0.000000E+00    0.000000E+00
9.777500E-01    1.222109E+02   -4.845962E+01   -1.456026E+02    0.000000E+00    0.000000E+00    0.000000E+00    1.048334E+02    2.656297E+02   -6.986994E-01    0.000000E+00    0.000000E+00    0.000000E+00
9.787500E-01    1.253133E+02   -5.173821E+01   -1.509812E+02    0.000000E+00    0.000000E+00    0.000000E+00    1.102863E+02    2.740001E+02   -2.596204E+00    0.000000E+00    0.000000E+00    0.000000E+00
9.797500E-01    1.255140E+02   -5.155514E+01   -1.502420E+02    0.000000E+00    0.000000E+00    0.000000E+00    1.099158E+02    2.733437E+02   -2.178895E+00    0.000000E+00    0.000000E+00    0.000000E+00
9.807500E-01    1.171059E+02   -4.955127E+01   -1.399480E+02    0.000000E+00    0.000000E+00    0.000000E+00    1.038380E+02    2.547187E+02   -3.464143E+00    0.000000E+00    0.000000E+00    0.000000E+00
9.817500E-01    1.199185E+02   -5.107213E+01   -1.424748E+02    0.000000E+00    0.000000E+00    0.000000E+00    1.063364E+02    2.598911E+02   -3.947134E+00    0.000000E+00    0.000000E+00    0.000000E+00
9.827500E-01    1.337302E+02   -5.377529E+01   -1.563673E+02    0.000000E+00    0.000000E+00    0.000000E+00    1.144512E+02    2.872303E+02   -1.325588E+00    0.000000E+00    0.000000E+00    0.000000E+00
9.837500E-01    1.288531E+02   -5.014510E+01   -1.478200E+02    0.000000E+00    0.000000E+00    0.000000E+00    1.074232E+02    2.739498E+02    2.890006E-01    0.000000E+00    0.000000E+00    0.000000E+00
9.847500E-01    1.359807E+02   -5.332489E+01   -1.597256E+02    0.000000E+00    0.000000E+00    0.000000E+00    1.150261E+02    2.928844E+02   -5.134190E-02    0.000000E+00    0.000000E+00    0.000000E+00
9.857500E-01    1.280771E+02   -5.123488E+01   -1.489986E+02    0.000000E+00    0.000000E+00    0.000000E+00    1.085067E+02    2.746108E+02   -1.131185E+00    0.000000E+00    0.000000E+00    0.000000E+00
9.867500E-01    1.155479E+02   -4.633157E+01   -1.328571E+02    0.000000E+00    0.000000E+00    0.000000E+00    9.715568E+01    2.463678E+02   -1.343639E+00    0.000000E+00    0.000000E+00    0.000000E+00
9.877500E-01    1.195863E+02   -4.772513E+01   -1.474361E+02    0.000000E+00    0.000000E+00    0.000000E+00    1.041723E+02    2.648663E+02   -1.144559E+00    0.000000E+00    0.000000E+00    0.000000E+00
9.887500E-01    1.189743E+02   -4.686126E+01   -1.463422E+02    0.000000E+00    0.000000E+00    0.000000E+00    1.030490E+02    2.631692E+02   -2.751526E-01    0.000000E+00    0.000000E+00    0.000000E+00
9.897500E-01    1.180682E+02   -4.632974E+01   -1.447958E+02    0.000000E+00    0.000000E+00    0.000000E+00    1.019908E+02    2.608026E+02    5.203126E-02    0.000000E+00    0.000000E+00    0.000000E+00
9.907500E-01    1.128526E+02   -4.447147E+01   -1.286055E+02    0.000000E+00    0.000000E+00    0.000000E+00    9.391411E+01    2.395983E+02   -1.159943E-01    0.000000E+00    0.000000E+00    0.000000E+00
9.917500E-01    1.124918E+02   -4.520942E+01   -1.367322E+02    0.000000E+00    0.000000E+00    0.000000E+00    9.796157E+01    2.472649E+02   -9.647212E-01    0.000000E+00    0.000000E+00    0.000000E+00
9.927500E-01    1.188911E+02   -4.907175E+01   -1.428025E+02    0.000000E+00    0.000000E+00    0.000000E+00    1.042821E+02    2.595963E+02   -2.185758E+00    0.000000E+00    0.000000E+00    0.000000E+00
9.937500E-01    1.125736E+02   -4.629802E+01   -1.442341E+02    0.000000E+00    0.000000E+00    0.000000E+00    1.020807E+02    2.546519E+02   -1.728027E+00    0.000000E+00    0.000000E+00    0.000000E+00
9.947500E-01    1.151357E+02   -4.584158E+01   -1.443494E+02    0.000000E+00    0.000000E+00    0.000000E+00    1.015876E+02    2.573397E+02   -2.803913E-01    0.000000E+00    0.000000E+00    0.000000E+00
9.957500E-01    1.162195E+02   -4.509041E+01   -1.441474E+02    0.000000E+00    0.000000E+00    0.000000E+00    1.007649E+02    2.583193E+02    8.295440E-01    0.000000E+00    0.000000E+00    0.000000E+00
9.967500E-01    1.112794E+02   -4.047949E+01   -1.404373E+02    0.000000E+00    0.000000E+00    0.000000E+00    9.473290E+01    2.498099E+02    3.391506E+00    0.000000E+00    0.000000E+00    0.000000E+00
9.977500E-01    1.154752E+02   -4.214926E+01   -1.404753E+02    0.000000E+00    0.000000E+00    0.000000E+00    9.632708E+01    2.540292E+02    3.273377E+00    0.000000E+00    0.000000E+00    0.000000E+00
9.987500E-01    1.163165E+02   -4.217490E+01   -1.407914E+02    0.000000E+00    0.000000E+00    0.000000E+00    9.644650E+01    2.552875E+02    3.494530E+00    0.000000E+00    0.000000E+00    0.000000E+00
