                                                                         
                    ls-dyna mpp d R14 R14.1.1_16_fadfb4 date 05/14/2025
ICFD Drag Forces and Moments
time,            Fpx,Fpy,            Fpz,Fvx,            Fvy,Fvz,            Mpx,Mpy,            Mpz,Mvx,            Mvy,Mvz
5.000000E-04   -1.871024E-02    7.388452E-01   -5.283541E+01    0.000000E+00    0.000000E+00    0.000000E+00   -3.061953E-01   -5.186965E-02   -3.181666E-02    0.000000E+00    0.000000E+00    0.000000E+00
1.500000E-03   -2.674298E-01    4.506667E-01   -4.564569E+01    0.000000E+00    0.000000E+00    0.000000E+00   -1.994823E-01   -1.018398E-01    1.351627E-02    0.000000E+00    0.000000E+00    0.000000E+00
2.500000E-03   -2.177236E-01    2.022072E-01   -3.966543E+01    0.000000E+00    0.000000E+00    0.000000E+00   -1.174040E-01   -7.910628E-02    1.092992E-02    0.000000E+00    0.000000E+00    0.000000E+00
3.500000E-03   -1.931353E-01    3.538658E-01   -3.841930E+01    0.000000E+00    0.000000E+00    0.000000E+00   -1.777843E-01   -5.906666E-02    1.191855E-02    0.000000E+00    0.000000E+00    0.000000E+00
4.500000E-03   -1.642456E-01    2.565136E-01   -3.755952E+01    0.000000E+00    0.000000E+00    0.000000E+00   -1.407139E-01   -4.350320E-02    1.191038E-02    0.000000E+00    0.000000E+00    0.000000E+00
5.500000E-03   -1.089381E-01    1.033277E-01   -3.650329E+01    0.000000E+00    0.000000E+00    0.000000E+00   -8.222242E-02   -2.481673E-02    1.147794E-02    0.000000E+00    0.000000E+00    0.000000E+00
6.500000E-03    3.454785E-02   -2.032965E-02   -3.406031E+00    0.000000E+00    0.000000E+00    0.000000E+00   -8.076472E-04    1.492384E-02    5.043184E-03    0.000000E+00    0.000000E+00    0.000000E+00
7.500000E-03    3.222223E-02    1.118356E-01    8.487905E+00    0.000000E+00    0.000000E+00    0.000000E+00   -2.808259E-02    6.100566E-03   -4.603081E-03    0.000000E+00    0.000000E+00    0.000000E+00
8.500000E-03   -1.813054E-02    1.744070E-01   -3.688636E+00    0.000000E+00    0.000000E+00    0.000000E+00   -5.894127E-02   -6.673692E-03   -2.493705E-03    0.000000E+00    0.000000E+00    0.000000E+00
9.500000E-03   -1.508827E-02    5.496525E-02   -6.478306E+00    0.000000E+00    0.000000E+00    0.000000E+00   -2.315364E-02   -4.145148E-03    1.170006E-03    0.000000E+00    0.000000E+00    0.000000E+00
1.050000E-02   -6.810367E-04    4.826829E-02   -2.714645E+00    0.000000E+00    0.000000E+00    0.000000E+00   -1.801938E-02   -2.079924E-03    3.520425E-04    0.000000E+00    0.000000E+00    0.000000E+00
1.150000E-02    1.295437E-03    1.102697E-01   -2.505478E+00    0.000000E+00    0.000000E+00    0.000000E+00   -3.709161E-02   -5.761868E-04   -4.625493E-04    0.000000E+00    0.000000E+00    0.000000E+00
1.250000E-02    1.245030E-02    1.120056E-01   -3.986049E+00    0.000000E+00    0.000000E+00    0.000000E+00   -3.951026E-02    7.161835E-03   -6.714252E-04    0.000000E+00    0.000000E+00    0.000000E+00
1.350000E-02   -2.707541E-03    8.679885E-02   -4.437881E+00    0.000000E+00    0.000000E+00    0.000000E+00   -2.998854E-02   -1.660969E-03   -1.230185E-04    0.000000E+00    0.000000E+00    0.000000E+00
1.450000E-02   -6.116795E-03    9.429212E-02   -4.448519E+00    0.000000E+00    0.000000E+00    0.000000E+00   -3.276215E-02   -4.243099E-03    2.216710E-04    0.000000E+00    0.000000E+00    0.000000E+00
1.550000E-02   -7.769140E-03    1.045277E-01   -4.681177E+00    0.000000E+00    0.000000E+00    0.000000E+00   -3.714430E-02   -4.924094E-03   -1.235496E-03    0.000000E+00    0.000000E+00    0.000000E+00
1.650000E-02   -1.179038E-02    1.026672E-01   -5.088328E+00    0.000000E+00    0.000000E+00    0.000000E+00   -3.621237E-02   -6.787433E-03    2.063217E-04    0.000000E+00    0.000000E+00    0.000000E+00
1.750000E-02   -7.589938E-03    9.740012E-02   -5.487151E+00    0.000000E+00    0.000000E+00    0.000000E+00   -3.307609E-02   -4.654836E-03   -1.454195E-03    0.000000E+00    0.000000E+00    0.000000E+00
1.850000E-02   -1.490247E-03    9.827115E-02   -5.814237E+00    0.000000E+00    0.000000E+00    0.000000E+00   -3.368094E-02   -1.509091E-03   -5.299261E-04    0.000000E+00    0.000000E+00    0.000000E+00
1.950000E-02   -2.493559E-03    8.719224E-02   -6.136149E+00    0.000000E+00    0.000000E+00    0.000000E+00   -2.842007E-02   -2.604229E-03   -1.337325E-03    0.000000E+00    0.000000E+00    0.000000E+00
2.050000E-02   -1.682484E-03    8.555662E-02   -6.498534E+00    0.000000E+00    0.000000E+00    0.000000E+00   -2.736056E-02   -2.005243E-03   -1.492061E-03    0.000000E+00    0.000000E+00    0.000000E+00
2.150000E-02   -6.606245E-04    8.460233E-02   -6.865113E+00    0.000000E+00    0.000000E+00    0.000000E+00   -2.581962E-02   -1.814455E-03   -1.599130E-03    0.000000E+00    0.000000E+00    0.000000E+00
2.250000E-02   -4.779808E-03    8.199977E-02   -7.205938E+00    0.000000E+00    0.000000E+00    0.000000E+00   -2.546681E-02   -3.644665E-03   -1.314844E-03    0.000000E+00    0.000000E+00    0.000000E+00
2.350000E-02   -2.944958E-03    7.715133E-02   -7.535585E+00    0.000000E+00    0.000000E+00    0.000000E+00   -2.322612E-02   -2.770770E-03   -1.445401E-03    0.000000E+00    0.000000E+00    0.000000E+00
2.450000E-02   -5.751138E-04    7.130241E-02   -7.859760E+00    0.000000E+00    0.000000E+00    0.000000E+00   -2.048598E-02   -1.617502E-03   -1.580057E-03    0.000000E+00    0.000000E+00    0.000000E+00
2.550000E-02    2.284604E-03    6.419713E-02   -8.169483E+00    0.000000E+00    0.000000E+00    0.000000E+00   -1.720909E-02   -2.384147E-04   -1.699029E-03    0.000000E+00    0.000000E+00    0.000000E+00
2.650000E-02    5.807169E-03    5.544286E-02   -8.460909E+00    0.000000E+00    0.000000E+00    0.000000E+00   -1.330979E-02    1.426139E-03   -1.856524E-03    0.000000E+00    0.000000E+00    0.000000E+00
2.750000E-02    9.190043E-03    4.534358E-02   -8.735802E+00    0.000000E+00    0.000000E+00    0.000000E+00   -8.924379E-03    3.207348E-03   -1.979480E-03    0.000000E+00    0.000000E+00    0.000000E+00
2.850000E-02    1.308197E-02    3.295424E-02   -8.991330E+00    0.000000E+00    0.000000E+00    0.000000E+00   -4.041951E-03    5.073281E-03   -2.041675E-03    0.000000E+00    0.000000E+00    0.000000E+00
2.950000E-02    1.773957E-02    2.354432E-02   -9.235050E+00    0.000000E+00    0.000000E+00    0.000000E+00    1.263356E-03    6.966144E-03   -2.187679E-03    0.000000E+00    0.000000E+00    0.000000E+00
3.050000E-02    2.103139E-02    1.019425E-02   -9.463051E+00    0.000000E+00    0.000000E+00    0.000000E+00    6.891461E-03    8.736018E-03   -2.219925E-03    0.000000E+00    0.000000E+00    0.000000E+00
3.150000E-02    2.393633E-02   -3.338810E-03   -9.674822E+00    0.000000E+00    0.000000E+00    0.000000E+00    1.264963E-02    1.033551E-02   -2.275910E-03    0.000000E+00    0.000000E+00    0.000000E+00
3.250000E-02    2.758640E-02   -1.669075E-02   -9.874292E+00    0.000000E+00    0.000000E+00    0.000000E+00    1.832039E-02    1.173411E-02   -2.319817E-03    0.000000E+00    0.000000E+00    0.000000E+00
3.350000E-02    2.975274E-02   -2.920316E-02   -1.006269E+01    0.000000E+00    0.000000E+00    0.000000E+00    2.367477E-02    1.279340E-02   -2.331624E-03    0.000000E+00    0.000000E+00    0.000000E+00
3.450000E-02    3.098040E-02   -4.097089E-02   -1.023929E+01    0.000000E+00    0.000000E+00    0.000000E+00    2.854326E-02    1.345670E-02   -2.327036E-03    0.000000E+00    0.000000E+00    0.000000E+00
3.550000E-02    3.051679E-02   -5.118093E-02   -1.040320E+01    0.000000E+00    0.000000E+00    0.000000E+00    3.286869E-02    1.373578E-02   -2.342089E-03    0.000000E+00    0.000000E+00    0.000000E+00
3.650000E-02    2.970712E-02   -6.076389E-02   -1.055424E+01    0.000000E+00    0.000000E+00    0.000000E+00    3.668288E-02    1.362932E-02   -2.306270E-03    0.000000E+00    0.000000E+00    0.000000E+00
3.750000E-02    2.785750E-02   -6.944593E-02   -1.069143E+01    0.000000E+00    0.000000E+00    0.000000E+00    3.991752E-02    1.314823E-02   -2.260510E-03    0.000000E+00    0.000000E+00    0.000000E+00
3.850000E-02    2.598922E-02   -7.741833E-02   -1.081379E+01    0.000000E+00    0.000000E+00    0.000000E+00    4.253671E-02    1.239091E-02   -2.153583E-03    0.000000E+00    0.000000E+00    0.000000E+00
3.950000E-02    2.329380E-02   -8.420625E-02   -1.092062E+01    0.000000E+00    0.000000E+00    0.000000E+00    4.459210E-02    1.150658E-02   -2.070551E-03    0.000000E+00    0.000000E+00    0.000000E+00
4.050000E-02    2.031878E-02   -8.953368E-02   -1.101171E+01    0.000000E+00    0.000000E+00    0.000000E+00    4.619115E-02    1.058562E-02   -1.983506E-03    0.000000E+00    0.000000E+00    0.000000E+00
4.150000E-02    1.792983E-02   -9.413239E-02   -1.107539E+01    0.000000E+00    0.000000E+00    0.000000E+00    4.728037E-02    9.820823E-03   -1.871294E-03    0.000000E+00    0.000000E+00    0.000000E+00
4.250000E-02    1.535594E-02   -9.769243E-02   -1.114485E+01    0.000000E+00    0.000000E+00    0.000000E+00    4.802999E-02    8.998643E-03   -1.716225E-03    0.000000E+00    0.000000E+00    0.000000E+00
4.350000E-02    1.247737E-02   -1.014670E-01   -1.121573E+01    0.000000E+00    0.000000E+00    0.000000E+00    4.845483E-02    8.092369E-03   -1.582124E-03    0.000000E+00    0.000000E+00    0.000000E+00
4.450000E-02    1.011420E-02   -1.036437E-01   -1.125255E+01    0.000000E+00    0.000000E+00    0.000000E+00    4.839111E-02    7.452127E-03   -1.413389E-03    0.000000E+00    0.000000E+00    0.000000E+00
4.550000E-02    7.319035E-03   -1.046154E-01   -1.128816E+01    0.000000E+00    0.000000E+00    0.000000E+00    4.809448E-02    6.659625E-03   -1.216144E-03    0.000000E+00    0.000000E+00    0.000000E+00
4.650000E-02    5.469693E-03   -1.048257E-01   -1.132255E+01    0.000000E+00    0.000000E+00    0.000000E+00    4.762382E-02    5.855582E-03   -1.088312E-03    0.000000E+00    0.000000E+00    0.000000E+00
4.750000E-02    4.076913E-03   -1.042052E-01   -1.135011E+01    0.000000E+00    0.000000E+00    0.000000E+00    4.695441E-02    5.158411E-03   -9.858753E-04    0.000000E+00    0.000000E+00    0.000000E+00
4.850000E-02    2.100747E-03   -1.022910E-01   -1.136979E+01    0.000000E+00    0.000000E+00    0.000000E+00    4.607225E-02    4.591118E-03   -9.459059E-04    0.000000E+00    0.000000E+00    0.000000E+00
4.950000E-02    1.329405E-03   -1.003524E-01   -1.138463E+01    0.000000E+00    0.000000E+00    0.000000E+00    4.507610E-02    4.090242E-03   -8.534933E-04    0.000000E+00    0.000000E+00    0.000000E+00
5.050000E-02    2.252778E-03   -9.861253E-02   -1.139639E+01    0.000000E+00    0.000000E+00    0.000000E+00    4.400080E-02    3.632062E-03   -7.014530E-04    0.000000E+00    0.000000E+00    0.000000E+00
5.150000E-02    9.526083E-04   -9.594708E-02   -1.140615E+01    0.000000E+00    0.000000E+00    0.000000E+00    4.284358E-02    3.245752E-03   -5.950940E-04    0.000000E+00    0.000000E+00    0.000000E+00
5.250000E-02    6.722576E-04   -9.291245E-02   -1.141454E+01    0.000000E+00    0.000000E+00    0.000000E+00    4.163085E-02    2.943584E-03   -4.708174E-04    0.000000E+00    0.000000E+00    0.000000E+00
5.350000E-02    1.385189E-03   -8.878101E-02   -1.142250E+01    0.000000E+00    0.000000E+00    0.000000E+00    4.041174E-02    2.825724E-03   -3.932506E-04    0.000000E+00    0.000000E+00    0.000000E+00
5.450000E-02    1.794453E-03   -8.517971E-02   -1.143104E+01    0.000000E+00    0.000000E+00    0.000000E+00    3.920053E-02    2.820123E-03   -3.137666E-04    0.000000E+00    0.000000E+00    0.000000E+00
5.550000E-02    8.991822E-04   -8.111482E-02   -1.144090E+01    0.000000E+00    0.000000E+00    0.000000E+00    3.798077E-02    2.710756E-03   -2.220730E-04    0.000000E+00    0.000000E+00    0.000000E+00
5.650000E-02    2.356186E-03   -7.792734E-02   -1.145229E+01    0.000000E+00    0.000000E+00    0.000000E+00    3.682100E-02    2.819644E-03   -9.488841E-05    0.000000E+00    0.000000E+00    0.000000E+00
5.750000E-02    3.156891E-03   -7.428335E-02   -1.146571E+01    0.000000E+00    0.000000E+00    0.000000E+00    3.570362E-02    2.956533E-03   -6.076838E-05    0.000000E+00    0.000000E+00    0.000000E+00
5.850000E-02    6.230137E-03   -6.890766E-02   -1.148081E+01    0.000000E+00    0.000000E+00    0.000000E+00    3.463371E-02    3.127161E-03   -2.118269E-06    0.000000E+00    0.000000E+00    0.000000E+00
5.950000E-02    7.252953E-03   -6.693068E-02   -1.149644E+01    0.000000E+00    0.000000E+00    0.000000E+00    3.372439E-02    3.485050E-03   -1.071898E-04    0.000000E+00    0.000000E+00    0.000000E+00
6.050000E-02    8.014057E-03   -6.171976E-02   -1.151233E+01    0.000000E+00    0.000000E+00    0.000000E+00    3.276408E-02    3.672556E-03   -5.914118E-06    0.000000E+00    0.000000E+00    0.000000E+00
6.150000E-02    8.788549E-03   -5.771041E-02   -1.152848E+01    0.000000E+00    0.000000E+00    0.000000E+00    3.185656E-02    3.858052E-03    8.384054E-06    0.000000E+00    0.000000E+00    0.000000E+00
6.250000E-02    8.394632E-03   -5.488634E-02   -1.154498E+01    0.000000E+00    0.000000E+00    0.000000E+00    3.101272E-02    4.055312E-03    6.191615E-05    0.000000E+00    0.000000E+00    0.000000E+00
6.350000E-02    9.760389E-03   -5.306496E-02   -1.156129E+01    0.000000E+00    0.000000E+00    0.000000E+00    3.024956E-02    4.252738E-03    1.744456E-04    0.000000E+00    0.000000E+00    0.000000E+00
6.450000E-02    9.554916E-03   -5.056295E-02   -1.157718E+01    0.000000E+00    0.000000E+00    0.000000E+00    2.955013E-02    4.431739E-03    1.696667E-04    0.000000E+00    0.000000E+00    0.000000E+00
6.550000E-02    7.794214E-03   -4.900541E-02   -1.159315E+01    0.000000E+00    0.000000E+00    0.000000E+00    2.892977E-02    4.584768E-03    2.027379E-04    0.000000E+00    0.000000E+00    0.000000E+00
6.650000E-02    6.768976E-03   -4.581991E-02   -1.160849E+01    0.000000E+00    0.000000E+00    0.000000E+00    2.836885E-02    4.754365E-03    1.931737E-04    0.000000E+00    0.000000E+00    0.000000E+00
6.750000E-02    6.825405E-03   -4.325005E-02   -1.162370E+01    0.000000E+00    0.000000E+00    0.000000E+00    2.791751E-02    4.881660E-03    2.803247E-04    0.000000E+00    0.000000E+00    0.000000E+00
6.850000E-02    7.240233E-03   -4.076801E-02   -1.163853E+01    0.000000E+00    0.000000E+00    0.000000E+00    2.749463E-02    5.180560E-03    4.155900E-04    0.000000E+00    0.000000E+00    0.000000E+00
6.950000E-02    8.808329E-03   -3.789066E-02   -1.165310E+01    0.000000E+00    0.000000E+00    0.000000E+00    2.710920E-02    5.414073E-03    4.228127E-04    0.000000E+00    0.000000E+00    0.000000E+00
7.050000E-02    9.370479E-03   -3.643257E-02   -1.166716E+01    0.000000E+00    0.000000E+00    0.000000E+00    2.674286E-02    5.583224E-03    4.374537E-04    0.000000E+00    0.000000E+00    0.000000E+00
7.150000E-02    9.886124E-03   -3.370576E-02   -1.168080E+01    0.000000E+00    0.000000E+00    0.000000E+00    2.646616E-02    5.812723E-03    4.731588E-04    0.000000E+00    0.000000E+00    0.000000E+00
7.250000E-02    1.097417E-02   -3.168164E-02   -1.169431E+01    0.000000E+00    0.000000E+00    0.000000E+00    2.622913E-02    6.032388E-03    4.668580E-04    0.000000E+00    0.000000E+00    0.000000E+00
7.350000E-02    1.159362E-02   -2.993442E-02   -1.170744E+01    0.000000E+00    0.000000E+00    0.000000E+00    2.602689E-02    6.347267E-03    4.783892E-04    0.000000E+00    0.000000E+00    0.000000E+00
7.450000E-02    1.207021E-02   -2.922721E-02   -1.172014E+01    0.000000E+00    0.000000E+00    0.000000E+00    2.605247E-02    6.607418E-03    6.898651E-04    0.000000E+00    0.000000E+00    0.000000E+00
7.550000E-02    1.248391E-02   -2.845836E-02   -1.173259E+01    0.000000E+00    0.000000E+00    0.000000E+00    2.598617E-02    6.828033E-03    7.247914E-04    0.000000E+00    0.000000E+00    0.000000E+00
7.650000E-02    1.297386E-02   -2.765787E-02   -1.174486E+01    0.000000E+00    0.000000E+00    0.000000E+00    2.597253E-02    7.045906E-03    7.585903E-04    0.000000E+00    0.000000E+00    0.000000E+00
7.750000E-02    1.302674E-02   -2.722851E-02   -1.175686E+01    0.000000E+00    0.000000E+00    0.000000E+00    2.592734E-02    7.110301E-03    7.074738E-04    0.000000E+00    0.000000E+00    0.000000E+00
7.850000E-02    1.353262E-02   -2.753982E-02   -1.176868E+01    0.000000E+00    0.000000E+00    0.000000E+00    2.602293E-02    7.324661E-03    7.272746E-04    0.000000E+00    0.000000E+00    0.000000E+00
7.950000E-02    1.387029E-02   -2.775721E-02   -1.178037E+01    0.000000E+00    0.000000E+00    0.000000E+00    2.617206E-02    7.536010E-03    7.535846E-04    0.000000E+00    0.000000E+00    0.000000E+00
8.050000E-02    1.422013E-02   -2.817521E-02   -1.179188E+01    0.000000E+00    0.000000E+00    0.000000E+00    2.635616E-02    7.740107E-03    7.779380E-04    0.000000E+00    0.000000E+00    0.000000E+00
8.150000E-02    1.510210E-02   -2.883135E-02   -1.180321E+01    0.000000E+00    0.000000E+00    0.000000E+00    2.658206E-02    8.240618E-03    6.549538E-04    0.000000E+00    0.000000E+00    0.000000E+00
8.250000E-02    1.513789E-02   -2.954309E-02   -1.181444E+01    0.000000E+00    0.000000E+00    0.000000E+00    2.676294E-02    8.268212E-03    7.581480E-04    0.000000E+00    0.000000E+00    0.000000E+00
8.350000E-02    1.564780E-02   -3.049600E-02   -1.182557E+01    0.000000E+00    0.000000E+00    0.000000E+00    2.702540E-02    8.449729E-03    7.792106E-04    0.000000E+00    0.000000E+00    0.000000E+00
8.450000E-02    1.608999E-02   -3.135297E-02   -1.183653E+01    0.000000E+00    0.000000E+00    0.000000E+00    2.718600E-02    8.600927E-03    7.498522E-04    0.000000E+00    0.000000E+00    0.000000E+00
8.550000E-02    1.673189E-02   -3.238967E-02   -1.184730E+01    0.000000E+00    0.000000E+00    0.000000E+00    2.747517E-02    8.778493E-03    7.799984E-04    0.000000E+00    0.000000E+00    0.000000E+00
8.650000E-02    1.695672E-02   -3.381897E-02   -1.185809E+01    0.000000E+00    0.000000E+00    0.000000E+00    2.778766E-02    8.943718E-03    7.994174E-04    0.000000E+00    0.000000E+00    0.000000E+00
8.750000E-02    1.746197E-02   -3.526029E-02   -1.186877E+01    0.000000E+00    0.000000E+00    0.000000E+00    2.800679E-02    9.063103E-03    7.814919E-04    0.000000E+00    0.000000E+00    0.000000E+00
8.850000E-02    1.792590E-02   -3.685692E-02   -1.187943E+01    0.000000E+00    0.000000E+00    0.000000E+00    2.845737E-02    9.253495E-03    8.795188E-04    0.000000E+00    0.000000E+00    0.000000E+00
8.950000E-02    1.822069E-02   -3.864525E-02   -1.188997E+01    0.000000E+00    0.000000E+00    0.000000E+00    2.880615E-02    9.370902E-03    9.068116E-04    0.000000E+00    0.000000E+00    0.000000E+00
9.050000E-02    1.802782E-02   -4.044726E-02   -1.190047E+01    0.000000E+00    0.000000E+00    0.000000E+00    2.915846E-02    9.476796E-03    9.334178E-04    0.000000E+00    0.000000E+00    0.000000E+00
9.150000E-02    1.831739E-02   -4.191317E-02   -1.191097E+01    0.000000E+00    0.000000E+00    0.000000E+00    2.948944E-02    9.574152E-03    9.700478E-04    0.000000E+00    0.000000E+00    0.000000E+00
9.250000E-02    1.869143E-02   -4.384857E-02   -1.192147E+01    0.000000E+00    0.000000E+00    0.000000E+00    2.990876E-02    9.716989E-03    1.063694E-03    0.000000E+00    0.000000E+00    0.000000E+00
9.350000E-02    1.897029E-02   -4.554168E-02   -1.193193E+01    0.000000E+00    0.000000E+00    0.000000E+00    3.021182E-02    9.781788E-03    1.093747E-03    0.000000E+00    0.000000E+00    0.000000E+00
9.450000E-02    1.917884E-02   -4.736462E-02   -1.194234E+01    0.000000E+00    0.000000E+00    0.000000E+00    3.052309E-02    9.837254E-03    1.127254E-03    0.000000E+00    0.000000E+00    0.000000E+00
9.550000E-02    1.937348E-02   -4.930804E-02   -1.195270E+01    0.000000E+00    0.000000E+00    0.000000E+00    3.082710E-02    9.880997E-03    1.150563E-03    0.000000E+00    0.000000E+00    0.000000E+00
9.650000E-02    1.946703E-02   -5.119334E-02   -1.196299E+01    0.000000E+00    0.000000E+00    0.000000E+00    3.111500E-02    9.918509E-03    1.180526E-03    0.000000E+00    0.000000E+00    0.000000E+00
9.750000E-02    1.950133E-02   -5.302360E-02   -1.197329E+01    0.000000E+00    0.000000E+00    0.000000E+00    3.140116E-02    9.960486E-03    1.216843E-03    0.000000E+00    0.000000E+00    0.000000E+00
9.850000E-02    1.970760E-02   -5.448639E-02   -1.198354E+01    0.000000E+00    0.000000E+00    0.000000E+00    3.157671E-02    1.003127E-02    1.296773E-03    0.000000E+00    0.000000E+00    0.000000E+00
9.950000E-02    1.985736E-02   -5.634877E-02   -1.199378E+01    0.000000E+00    0.000000E+00    0.000000E+00    3.186360E-02    1.007846E-02    1.332694E-03    0.000000E+00    0.000000E+00    0.000000E+00
1.005000E-01    6.224943E+00    3.931045E+00    1.872342E+01    0.000000E+00    0.000000E+00    0.000000E+00   -2.197102E-01    1.117076E+00    5.945748E-02    0.000000E+00    0.000000E+00    0.000000E+00
1.015000E-01   -3.309367E+00    1.867916E+00    1.647937E+01    0.000000E+00    0.000000E+00    0.000000E+00   -9.403939E-01   -4.298566E-01   -1.060971E-01    0.000000E+00    0.000000E+00    0.000000E+00
1.025000E-01   -5.847426E+00   -5.742592E-03    6.991958E+00    0.000000E+00    0.000000E+00    0.000000E+00    3.519866E-01   -1.681048E+00   -4.863861E-01    0.000000E+00    0.000000E+00    0.000000E+00
1.035000E-01   -8.654328E+00   -2.491297E+00    6.477447E+00    0.000000E+00    0.000000E+00    0.000000E+00    1.036553E+00   -2.142734E+00   -2.217694E+00    0.000000E+00    0.000000E+00    0.000000E+00
1.045000E-01   -9.702186E+00   -5.975147E+00    1.351773E+00    0.000000E+00    0.000000E+00    0.000000E+00    1.833603E+00   -2.097212E+00   -3.380049E+00    0.000000E+00    0.000000E+00    0.000000E+00
1.055000E-01   -7.995785E-01   -3.808780E+00   -9.905595E+00    0.000000E+00    0.000000E+00    0.000000E+00    1.666614E+00   -1.551344E-01   -2.930430E+00    0.000000E+00    0.000000E+00    0.000000E+00
1.065000E-01   -3.348196E+00   -9.120209E+00   -7.202932E+00    0.000000E+00    0.000000E+00    0.000000E+00    2.707369E+00   -3.039241E-01   -2.997869E+00    0.000000E+00    0.000000E+00    0.000000E+00
1.075000E-01    2.359154E+00   -2.376580E+00   -3.265617E+00    0.000000E+00    0.000000E+00    0.000000E+00    1.070368E+00    1.030889E+00   -1.591517E+00    0.000000E+00    0.000000E+00    0.000000E+00
1.085000E-01    5.728127E-01    4.388831E+00    4.181655E-01    0.000000E+00    0.000000E+00    0.000000E+00   -1.481024E+00    1.097782E+00   -9.259196E-01    0.000000E+00    0.000000E+00    0.000000E+00
1.095000E-01    1.877299E+00   -2.993091E+00   -6.826624E+00    0.000000E+00    0.000000E+00    0.000000E+00    1.037413E+00    6.943543E-01   -8.084039E-01    0.000000E+00    0.000000E+00    0.000000E+00
1.105000E-01    6.871540E+00    4.677457E+00   -4.724765E+00    0.000000E+00    0.000000E+00    0.000000E+00   -1.624072E+00    2.753226E+00   -1.494535E+00    0.000000E+00    0.000000E+00    0.000000E+00
1.115000E-01   -2.973758E+00    4.093082E+00   -9.532540E+00    0.000000E+00    0.000000E+00    0.000000E+00   -1.334288E+00   -9.099222E-01   -9.726207E-01    0.000000E+00    0.000000E+00    0.000000E+00
1.125000E-01   -3.280369E+00   -4.552401E+00   -1.281844E+01    0.000000E+00    0.000000E+00    0.000000E+00    1.841995E+00   -1.675272E+00    5.492042E-01    0.000000E+00    0.000000E+00    0.000000E+00
1.135000E-01   -1.005922E+00    1.416013E-01   -1.135571E+01    0.000000E+00    0.000000E+00    0.000000E+00    4.986861E-01    5.887515E-02    4.184732E-01    0.000000E+00    0.000000E+00    0.000000E+00
1.145000E-01    1.697710E+00   -1.701773E+00   -3.622245E+00    0.000000E+00    0.000000E+00    0.000000E+00    9.573695E-01    1.288004E-02   -2.232665E-01    0.000000E+00    0.000000E+00    0.000000E+00
1.155000E-01   -4.723804E+00   -2.331297E+00   -7.809527E+00    0.000000E+00    0.000000E+00    0.000000E+00    1.025379E+00   -1.725821E+00   -1.386449E-01    0.000000E+00    0.000000E+00    0.000000E+00
1.165000E-01   -6.257164E+00    5.490902E+00   -6.147040E+00    0.000000E+00    0.000000E+00    0.000000E+00   -1.566738E+00   -3.011588E+00   -2.275525E-01    0.000000E+00    0.000000E+00    0.000000E+00
1.175000E-01    3.433158E+00    1.169539E+00   -5.564523E+00    0.000000E+00    0.000000E+00    0.000000E+00   -4.126354E-01    1.564204E+00    2.250563E-01    0.000000E+00    0.000000E+00    0.000000E+00
1.185000E-01   -1.703739E+00    3.616090E+00   -6.516990E+00    0.000000E+00    0.000000E+00    0.000000E+00   -1.220302E+00   -3.180261E-01    5.488056E-02    0.000000E+00    0.000000E+00    0.000000E+00
1.195000E-01    1.388732E+00    3.268448E+00   -9.057158E+00    0.000000E+00    0.000000E+00    0.000000E+00   -8.725002E-01    8.335423E-01   -4.080052E-02    0.000000E+00    0.000000E+00    0.000000E+00
1.205000E-01    5.924808E-01    9.640592E-01   -6.017606E+00    0.000000E+00    0.000000E+00    0.000000E+00   -3.164903E-01    1.953236E-01   -1.437214E-01    0.000000E+00    0.000000E+00    0.000000E+00
1.215000E-01    1.624371E+00   -1.329097E+00   -1.423104E+01    0.000000E+00    0.000000E+00    0.000000E+00    8.668039E-01    5.416154E-01   -2.719285E-01    0.000000E+00    0.000000E+00    0.000000E+00
1.225000E-01    5.189540E+00    3.253360E-01   -1.216610E+01    0.000000E+00    0.000000E+00    0.000000E+00    5.760833E-02    2.106240E+00   -2.755745E-01    0.000000E+00    0.000000E+00    0.000000E+00
1.235000E-01    4.507010E-01    3.273415E+00   -1.299928E+01    0.000000E+00    0.000000E+00    0.000000E+00   -1.261312E+00   -7.162040E-04   -2.439858E-01    0.000000E+00    0.000000E+00    0.000000E+00
1.245000E-01    3.726259E+00   -1.979653E+00   -1.020475E+01    0.000000E+00    0.000000E+00    0.000000E+00    1.065666E+00    1.108150E+00    1.414082E-01    0.000000E+00    0.000000E+00    0.000000E+00
1.255000E-01   -7.161860E-01   -1.719650E+00   -1.639414E+01    0.000000E+00    0.000000E+00    0.000000E+00    6.169452E-01   -1.128333E-01    4.220663E-01    0.000000E+00    0.000000E+00    0.000000E+00
1.265000E-01   -3.163117E+00    1.098470E-01   -9.083593E+00    0.000000E+00    0.000000E+00    0.000000E+00   -2.331153E-01   -8.487159E-01   -5.620515E-02    0.000000E+00    0.000000E+00    0.000000E+00
1.275000E-01    1.965040E+00    1.272753E+00   -6.236895E+00    0.000000E+00    0.000000E+00    0.000000E+00   -3.047480E-01    4.914282E-01    8.226404E-02    0.000000E+00    0.000000E+00    0.000000E+00
1.285000E-01    6.966151E-01    1.159998E+00   -2.082171E+01    0.000000E+00    0.000000E+00    0.000000E+00   -2.751109E-01    1.513550E-01    7.384441E-01    0.000000E+00    0.000000E+00    0.000000E+00
1.295000E-01    4.743442E+00    2.222366E+00   -1.550146E+01    0.000000E+00    0.000000E+00    0.000000E+00   -7.175091E-01    1.860461E+00    2.604822E-01    0.000000E+00    0.000000E+00    0.000000E+00
1.305000E-01    3.765706E+00   -7.011224E-01   -2.079357E+01    0.000000E+00    0.000000E+00    0.000000E+00    4.469556E-01    1.875952E+00    3.133784E-01    0.000000E+00    0.000000E+00    0.000000E+00
1.315000E-01    1.488367E+00    1.260403E+00   -4.866434E+00    0.000000E+00    0.000000E+00    0.000000E+00   -8.142333E-01    4.747817E-01    4.699110E-01    0.000000E+00    0.000000E+00    0.000000E+00
1.325000E-01    3.863574E+00   -1.365314E-01   -3.295671E+01    0.000000E+00    0.000000E+00    0.000000E+00   -3.245534E-02    2.017173E+00    6.986084E-01    0.000000E+00    0.000000E+00    0.000000E+00
1.335000E-01    3.506847E+00    7.159466E+00   -2.605562E+01    0.000000E+00    0.000000E+00    0.000000E+00   -3.349248E+00    1.642628E+00    1.159944E+00    0.000000E+00    0.000000E+00    0.000000E+00
1.345000E-01    3.176610E+00    4.896104E+00   -1.512082E+01    0.000000E+00    0.000000E+00    0.000000E+00   -2.450340E+00    1.826574E+00    1.367389E-01    0.000000E+00    0.000000E+00    0.000000E+00
1.355000E-01    4.033076E+00    5.781154E+00   -2.410647E+01    0.000000E+00    0.000000E+00    0.000000E+00   -2.972932E+00    2.623758E+00    5.642025E-01    0.000000E+00    0.000000E+00    0.000000E+00
1.365000E-01    2.272754E+00    3.189465E+00   -2.900629E+01    0.000000E+00    0.000000E+00    0.000000E+00   -1.632320E+00    1.657798E+00    9.915153E-01    0.000000E+00    0.000000E+00    0.000000E+00
1.375000E-01   -1.177807E+00    3.436623E+00   -3.129962E+01    0.000000E+00    0.000000E+00    0.000000E+00   -1.407740E+00   -3.072668E-01    1.231333E-01    0.000000E+00    0.000000E+00    0.000000E+00
1.385000E-01    1.047037E+01    2.574014E+00   -2.145387E+01    0.000000E+00    0.000000E+00    0.000000E+00   -1.080621E+00    4.922761E+00    1.520157E+00    0.000000E+00    0.000000E+00    0.000000E+00
1.395000E-01    9.965101E-01    3.036932E+00   -1.333444E+01    0.000000E+00    0.000000E+00    0.000000E+00   -9.893656E-01    6.675057E-01    6.381139E-01    0.000000E+00    0.000000E+00    0.000000E+00
1.405000E-01    9.608359E+00    8.804410E+00   -3.394960E+01    0.000000E+00    0.000000E+00    0.000000E+00   -4.229050E+00    4.855572E+00   -3.156821E-01    0.000000E+00    0.000000E+00    0.000000E+00
1.415000E-01    8.543840E+00    8.919634E+00   -4.635248E+01    0.000000E+00    0.000000E+00    0.000000E+00   -3.520406E+00    4.662306E+00    4.027503E-01    0.000000E+00    0.000000E+00    0.000000E+00
1.425000E-01    1.899848E+00    1.050467E+01   -8.020463E+01    0.000000E+00    0.000000E+00    0.000000E+00   -5.068119E+00    1.483414E+00    4.257968E-01    0.000000E+00    0.000000E+00    0.000000E+00
1.435000E-01    3.868073E+00    2.745447E+00   -2.400752E+01    0.000000E+00    0.000000E+00    0.000000E+00   -1.438565E+00    2.249630E+00   -7.066498E-01    0.000000E+00    0.000000E+00    0.000000E+00
1.445000E-01   -5.856130E+00    4.901554E+00   -4.404353E+01    0.000000E+00    0.000000E+00    0.000000E+00   -2.721852E+00   -1.908588E+00   -2.277368E-01    0.000000E+00    0.000000E+00    0.000000E+00
1.455000E-01    8.134966E+00   -1.096412E+00   -1.033402E+01    0.000000E+00    0.000000E+00    0.000000E+00    4.583369E-01    4.274861E+00   -9.880942E-02    0.000000E+00    0.000000E+00    0.000000E+00
1.465000E-01    1.169552E+01    2.017552E+00   -6.486751E+01    0.000000E+00    0.000000E+00    0.000000E+00   -2.555333E+00    5.861045E+00    6.755177E-02    0.000000E+00    0.000000E+00    0.000000E+00
1.475000E-01    1.139974E+01    7.213024E+00   -4.016521E+01    0.000000E+00    0.000000E+00    0.000000E+00   -4.439882E+00    5.600962E+00    5.309269E-01    0.000000E+00    0.000000E+00    0.000000E+00
1.485000E-01    8.461903E-01    6.749339E+00   -5.659770E+01    0.000000E+00    0.000000E+00    0.000000E+00   -4.248724E+00    7.719388E-01    1.458038E+00    0.000000E+00    0.000000E+00    0.000000E+00
1.495000E-01    8.370259E+00    1.081176E+01   -3.508211E+01    0.000000E+00    0.000000E+00    0.000000E+00   -6.166799E+00    3.924790E+00    1.186899E+00    0.000000E+00    0.000000E+00    0.000000E+00
1.505000E-01    4.637235E+00    7.983682E+00   -3.962722E+01    0.000000E+00    0.000000E+00    0.000000E+00   -6.528666E+00    2.526836E+00    1.738904E-01    0.000000E+00    0.000000E+00    0.000000E+00
1.515000E-01   -2.075827E+01    4.839369E+00   -1.417178E+02    0.000000E+00    0.000000E+00    0.000000E+00   -5.897733E+00   -1.279165E+01   -6.137859E-01    0.000000E+00    0.000000E+00    0.000000E+00
1.525000E-01   -2.248484E+01    8.439202E+00   -1.530568E+02    0.000000E+00    0.000000E+00    0.000000E+00   -9.425611E+00   -1.294578E+01   -9.031923E-01    0.000000E+00    0.000000E+00    0.000000E+00
1.535000E-01    8.060296E-01    1.007424E+01   -1.898106E+02    0.000000E+00    0.000000E+00    0.000000E+00   -8.591930E+00    3.814990E+00   -2.465731E+00    0.000000E+00    0.000000E+00    0.000000E+00
1.545000E-01   -1.422814E+01   -2.898962E+00   -3.500399E+02    0.000000E+00    0.000000E+00    0.000000E+00   -3.709361E+00   -3.051398E+00   -4.148811E+00    0.000000E+00    0.000000E+00    0.000000E+00
1.555000E-01    2.666850E+01   -2.546669E+01   -4.517003E+02    0.000000E+00    0.000000E+00    0.000000E+00    9.516052E+00    1.854759E+01    8.875533E-01    0.000000E+00    0.000000E+00    0.000000E+00
1.565000E-01    2.138069E+00   -1.628377E+01   -4.779096E+02    0.000000E+00    0.000000E+00    0.000000E+00    2.342070E+00    6.167638E+00   -2.852651E+00    0.000000E+00    0.000000E+00    0.000000E+00
1.575000E-01    1.381016E+01   -1.975311E+01   -4.153216E+02    0.000000E+00    0.000000E+00    0.000000E+00    4.611683E+00    1.141392E+01   -3.777154E+00    0.000000E+00    0.000000E+00    0.000000E+00
1.585000E-01    2.274550E+01    3.291761E+01   -4.263903E+02    0.000000E+00    0.000000E+00    0.000000E+00   -2.429221E+01    1.667531E+01    3.962725E+00    0.000000E+00    0.000000E+00    0.000000E+00
1.595000E-01   -2.281918E+01    1.613276E+00   -6.335203E+02    0.000000E+00    0.000000E+00    0.000000E+00   -1.149448E+01   -5.246541E+00    6.947464E+00    0.000000E+00    0.000000E+00    0.000000E+00
1.605000E-01    9.963506E+00    1.496427E+00   -8.097090E+02    0.000000E+00    0.000000E+00    0.000000E+00   -1.380339E+01    1.205195E+01    4.871391E+00    0.000000E+00    0.000000E+00    0.000000E+00
1.615000E-01   -4.737648E+00    2.051494E+01   -7.836476E+02    0.000000E+00    0.000000E+00    0.000000E+00   -2.436247E+01    3.574480E+00   -7.039729E-01    0.000000E+00    0.000000E+00    0.000000E+00
1.625000E-01    2.966705E+00   -1.801741E+01   -6.730690E+02    0.000000E+00    0.000000E+00    0.000000E+00   -1.254167E+00    7.725452E+00   -4.458668E+00    0.000000E+00    0.000000E+00    0.000000E+00
1.635000E-01   -1.428621E+00    2.575489E+01   -6.320030E+02    0.000000E+00    0.000000E+00    0.000000E+00   -2.402667E+01    4.724830E+00   -1.681367E+00    0.000000E+00    0.000000E+00    0.000000E+00
1.645000E-01   -1.042190E+00   -2.420074E+01   -6.450509E+02    0.000000E+00    0.000000E+00    0.000000E+00    3.165178E+00    3.577085E+00   -5.119576E-01    0.000000E+00    0.000000E+00    0.000000E+00
1.655000E-01   -6.628084E+00   -1.715665E+01   -7.235395E+02    0.000000E+00    0.000000E+00    0.000000E+00   -3.284983E+00    2.759495E+00   -2.708849E+00    0.000000E+00    0.000000E+00    0.000000E+00
1.665000E-01    1.789015E+00    1.382781E+01   -5.660662E+02    0.000000E+00    0.000000E+00    0.000000E+00   -2.048617E+01    7.148316E+00   -2.623125E+00    0.000000E+00    0.000000E+00    0.000000E+00
1.675000E-01    1.112106E+01    9.735738E+00   -3.916239E+02    0.000000E+00    0.000000E+00    0.000000E+00   -1.252325E+01    1.170138E+01    2.650002E+00    0.000000E+00    0.000000E+00    0.000000E+00
1.685000E-01   -1.450315E+01    9.313719E+00   -3.285447E+02    0.000000E+00    0.000000E+00    0.000000E+00   -1.146103E+01   -4.087966E+00    3.326889E+00    0.000000E+00    0.000000E+00    0.000000E+00
1.695000E-01    1.098343E+01    2.455063E+01   -3.192147E+02    0.000000E+00    0.000000E+00    0.000000E+00   -2.193994E+01    9.488380E+00    1.816767E+00    0.000000E+00    0.000000E+00    0.000000E+00
1.705000E-01    9.301716E+00    1.602677E+01   -3.441953E+02    0.000000E+00    0.000000E+00    0.000000E+00   -1.767537E+01    8.431967E+00    5.179370E-01    0.000000E+00    0.000000E+00    0.000000E+00
1.715000E-01    2.373437E+01    2.665827E+01   -3.160583E+02    0.000000E+00    0.000000E+00    0.000000E+00   -2.383140E+01    1.723378E+01    2.312972E-01    0.000000E+00    0.000000E+00    0.000000E+00
1.725000E-01    2.148260E+01    2.050906E+01   -2.640589E+02    0.000000E+00    0.000000E+00    0.000000E+00   -1.942943E+01    1.601354E+01   -3.621186E-01    0.000000E+00    0.000000E+00    0.000000E+00
1.735000E-01    1.556811E+01    2.394932E+01   -2.533643E+02    0.000000E+00    0.000000E+00    0.000000E+00   -2.193190E+01    1.275716E+01   -5.209791E-01    0.000000E+00    0.000000E+00    0.000000E+00
1.745000E-01    1.793994E+00    1.738603E+01   -3.027797E+02    0.000000E+00    0.000000E+00    0.000000E+00   -1.962316E+01    4.586990E+00    5.232277E-03    0.000000E+00    0.000000E+00    0.000000E+00
1.755000E-01    1.859540E+01    1.919452E+01   -3.697402E+02    0.000000E+00    0.000000E+00    0.000000E+00   -2.383871E+01    1.580085E+01    1.178256E-01    0.000000E+00    0.000000E+00    0.000000E+00
1.765000E-01    1.237991E+00   -6.016620E+00   -4.463587E+02    0.000000E+00    0.000000E+00    0.000000E+00   -8.924064E+00    4.716625E+00    4.248665E-01    0.000000E+00    0.000000E+00    0.000000E+00
1.775000E-01   -4.875093E+00    5.654340E+00   -4.228022E+02    0.000000E+00    0.000000E+00    0.000000E+00   -1.401259E+01    1.545229E+00   -3.088862E-01    0.000000E+00    0.000000E+00    0.000000E+00
1.785000E-01    7.445821E+00   -6.844877E+00   -4.506789E+02    0.000000E+00    0.000000E+00    0.000000E+00   -2.889250E+00    1.015428E+01   -1.083966E+00    0.000000E+00    0.000000E+00    0.000000E+00
1.795000E-01    2.931221E+01    4.680186E+00   -4.092535E+02    0.000000E+00    0.000000E+00    0.000000E+00   -1.238010E+01    2.488497E+01   -1.687070E+00    0.000000E+00    0.000000E+00    0.000000E+00
1.805000E-01   -9.153635E+00   -3.399471E+01   -4.055982E+02    0.000000E+00    0.000000E+00    0.000000E+00    1.410507E+01    5.677192E-03   -1.124798E-01    0.000000E+00    0.000000E+00    0.000000E+00
1.815000E-01   -2.133915E+01    2.188448E+01   -3.317001E+02    0.000000E+00    0.000000E+00    0.000000E+00   -2.784100E+01   -7.595794E+00    1.650978E+00    0.000000E+00    0.000000E+00    0.000000E+00
1.825000E-01   -5.404321E+00    9.199021E+00   -3.095719E+02    0.000000E+00    0.000000E+00    0.000000E+00   -1.449012E+01    2.619911E+00    6.894084E-01    0.000000E+00    0.000000E+00    0.000000E+00
1.835000E-01    7.611853E+00    1.893043E+01   -2.626888E+02    0.000000E+00    0.000000E+00    0.000000E+00   -2.346684E+01    1.073913E+01   -3.621688E-01    0.000000E+00    0.000000E+00    0.000000E+00
1.845000E-01   -8.391416E+00    2.159299E+00   -1.982225E+02    0.000000E+00    0.000000E+00    0.000000E+00   -1.005412E+01   -1.446320E+00    1.314538E-02    0.000000E+00    0.000000E+00    0.000000E+00
1.855000E-01   -2.651007E+00   -3.102605E+00   -1.770110E+02    0.000000E+00    0.000000E+00    0.000000E+00   -5.585937E+00    1.507074E+00   -6.009971E-02    0.000000E+00    0.000000E+00    0.000000E+00
1.865000E-01   -5.365340E+00    4.091432E+00   -1.615961E+02    0.000000E+00    0.000000E+00    0.000000E+00   -8.111810E+00   -2.028901E+00    1.355486E-01    0.000000E+00    0.000000E+00    0.000000E+00
1.875000E-01   -4.136163E+00   -1.263883E+01   -1.768457E+02    0.000000E+00    0.000000E+00    0.000000E+00    4.202325E+00   -1.202599E+00   -1.626538E-01    0.000000E+00    0.000000E+00    0.000000E+00
1.885000E-01   -1.034859E+01   -5.408319E+00   -1.945411E+02    0.000000E+00    0.000000E+00    0.000000E+00   -2.149585E+00   -4.580691E+00   -9.797596E-02    0.000000E+00    0.000000E+00    0.000000E+00
1.895000E-01   -1.386268E+01   -4.596260E+00   -1.718623E+02    0.000000E+00    0.000000E+00    0.000000E+00   -2.054280E+00   -6.644026E+00    2.553962E-01    0.000000E+00    0.000000E+00    0.000000E+00
1.905000E-01   -1.515917E+01   -1.079270E+01   -1.999767E+02    0.000000E+00    0.000000E+00    0.000000E+00    1.327194E+00   -6.850887E+00    4.445055E-01    0.000000E+00    0.000000E+00    0.000000E+00
1.915000E-01   -8.964552E+00    5.435697E-01   -1.430151E+02    0.000000E+00    0.000000E+00    0.000000E+00   -5.182406E+00   -3.543850E+00    5.445968E-01    0.000000E+00    0.000000E+00    0.000000E+00
1.925000E-01   -6.208179E+00    6.805846E+00   -1.950865E+02    0.000000E+00    0.000000E+00    0.000000E+00   -1.069918E+01   -1.174036E+00    4.772024E-01    0.000000E+00    0.000000E+00    0.000000E+00
1.935000E-01   -5.100718E+00    8.967889E+00   -1.942548E+02    0.000000E+00    0.000000E+00    0.000000E+00   -1.110896E+01   -1.840318E+00    2.853989E-01    0.000000E+00    0.000000E+00    0.000000E+00
1.945000E-01   -1.035462E+01   -2.241340E+00   -1.385820E+02    0.000000E+00    0.000000E+00    0.000000E+00   -2.348336E+00   -5.309642E+00    2.787775E-01    0.000000E+00    0.000000E+00    0.000000E+00
1.955000E-01    1.343750E+01    1.824877E+01   -1.929649E+02    0.000000E+00    0.000000E+00    0.000000E+00   -1.962312E+01    1.281719E+01   -3.678624E-02    0.000000E+00    0.000000E+00    0.000000E+00
1.965000E-01    7.323293E+00    1.132980E+01   -1.615783E+02    0.000000E+00    0.000000E+00    0.000000E+00   -1.338056E+01    7.408220E+00    4.146858E-02    0.000000E+00    0.000000E+00    0.000000E+00
1.975000E-01    6.978485E+00    6.621467E+00   -2.044661E+02    0.000000E+00    0.000000E+00    0.000000E+00   -1.180016E+01    7.919815E+00    7.849894E-02    0.000000E+00    0.000000E+00    0.000000E+00
1.985000E-01    8.075085E+00    2.548127E+00   -1.903739E+02    0.000000E+00    0.000000E+00    0.000000E+00   -8.825718E+00    8.923145E+00   -9.371751E-02    0.000000E+00    0.000000E+00    0.000000E+00
1.995000E-01    7.169261E-01   -2.460133E+00   -2.072830E+02    0.000000E+00    0.000000E+00    0.000000E+00   -5.904583E+00    3.807777E+00   -5.048246E-02    0.000000E+00    0.000000E+00    0.000000E+00
2.005000E-01    3.761501E-01   -1.653363E+00   -2.257980E+02    0.000000E+00    0.000000E+00    0.000000E+00   -7.181696E+00    4.235514E+00    5.818601E-02    0.000000E+00    0.000000E+00    0.000000E+00
2.015000E-01    2.173303E+00   -1.723574E-01   -2.540185E+02    0.000000E+00    0.000000E+00    0.000000E+00   -9.373528E+00    6.853344E+00    2.616320E-02    0.000000E+00    0.000000E+00    0.000000E+00
2.025000E-01   -1.524106E+00    1.695489E+00   -2.376397E+02    0.000000E+00    0.000000E+00    0.000000E+00   -9.980865E+00    2.012292E+00    1.261950E-01    0.000000E+00    0.000000E+00    0.000000E+00
2.035000E-01    3.484952E+00    4.291420E+00   -2.559480E+02    0.000000E+00    0.000000E+00    0.000000E+00   -1.210263E+01    3.932428E+00    1.336827E-01    0.000000E+00    0.000000E+00    0.000000E+00
2.045000E-01    1.243482E+01    7.572258E+00   -2.692283E+02    0.000000E+00    0.000000E+00    0.000000E+00   -1.418929E+01    1.006018E+01    1.040955E-02    0.000000E+00    0.000000E+00    0.000000E+00
2.055000E-01    2.588589E+01    8.996679E+00   -2.172017E+02    0.000000E+00    0.000000E+00    0.000000E+00   -1.349237E+01    1.815112E+01   -4.002543E-01    0.000000E+00    0.000000E+00    0.000000E+00
2.065000E-01    1.359116E+01    5.399694E+00   -1.890729E+02    0.000000E+00    0.000000E+00    0.000000E+00   -9.993891E+00    9.712799E+00   -1.265530E-02    0.000000E+00    0.000000E+00    0.000000E+00
2.075000E-01   -7.558519E-01    2.868048E+00   -1.996127E+02    0.000000E+00    0.000000E+00    0.000000E+00   -8.702876E+00    5.300678E-01    4.341843E-01    0.000000E+00    0.000000E+00    0.000000E+00
2.085000E-01    9.803081E+00   -8.288518E-01   -2.124605E+02    0.000000E+00    0.000000E+00    0.000000E+00   -6.407552E+00    7.280253E+00   -7.698874E-03    0.000000E+00    0.000000E+00    0.000000E+00
2.095000E-01   -5.928137E+00    1.364497E+01   -1.924688E+02    0.000000E+00    0.000000E+00    0.000000E+00   -1.385321E+01   -3.105670E+00    5.650215E-01    0.000000E+00    0.000000E+00    0.000000E+00
2.105000E-01    2.141496E+00    1.064561E+01   -2.029475E+02    0.000000E+00    0.000000E+00    0.000000E+00   -1.308966E+01    2.398921E+00    3.949536E-01    0.000000E+00    0.000000E+00    0.000000E+00
2.115000E-01   -5.007507E+00    1.012279E+01   -1.896633E+02    0.000000E+00    0.000000E+00    0.000000E+00   -1.190221E+01   -2.182089E+00    4.966801E-01    0.000000E+00    0.000000E+00    0.000000E+00
2.125000E-01   -2.109057E+00    6.188755E+00   -1.724577E+02    0.000000E+00    0.000000E+00    0.000000E+00   -9.118069E+00   -4.555130E-02    4.152880E-01    0.000000E+00    0.000000E+00    0.000000E+00
2.135000E-01   -3.144610E-01   -1.682122E+00   -2.648882E+02    0.000000E+00    0.000000E+00    0.000000E+00   -7.979245E+00    2.635227E+00    8.338572E-02    0.000000E+00    0.000000E+00    0.000000E+00
2.145000E-01   -6.667802E+00    8.762764E+00   -1.931001E+02    0.000000E+00    0.000000E+00    0.000000E+00   -1.177453E+01   -1.581271E+00    6.317993E-01    0.000000E+00    0.000000E+00    0.000000E+00
2.155000E-01   -5.571413E+00    3.222544E+00   -2.584837E+02    0.000000E+00    0.000000E+00    0.000000E+00   -1.081732E+01    3.669192E-01    3.439587E-01    0.000000E+00    0.000000E+00    0.000000E+00
2.165000E-01   -3.656253E+00   -1.569852E+01   -2.079691E+02    0.000000E+00    0.000000E+00    0.000000E+00    2.540297E+00    7.373461E-01    3.559188E-01    0.000000E+00    0.000000E+00    0.000000E+00
2.175000E-01    7.700460E+00   -1.250565E+01   -2.309674E+02    0.000000E+00    0.000000E+00    0.000000E+00   -4.717674E-01    8.090218E+00    1.755850E-01    0.000000E+00    0.000000E+00    0.000000E+00
2.185000E-01    2.075120E+01   -2.352993E-01   -2.422416E+02    0.000000E+00    0.000000E+00    0.000000E+00   -8.297734E+00    1.612208E+01   -3.586701E-01    0.000000E+00    0.000000E+00    0.000000E+00
2.195000E-01    1.461287E+01    1.035038E+01   -2.395627E+02    0.000000E+00    0.000000E+00    0.000000E+00   -1.473350E+01    1.280963E+01   -1.612722E-01    0.000000E+00    0.000000E+00    0.000000E+00
2.205000E-01    1.533643E+00   -3.409542E+00   -2.088271E+02    0.000000E+00    0.000000E+00    0.000000E+00   -6.201269E+00    5.156479E+00    7.893062E-02    0.000000E+00    0.000000E+00    0.000000E+00
2.215000E-01    7.672021E+00    6.374538E+00   -1.849245E+02    0.000000E+00    0.000000E+00    0.000000E+00   -1.091642E+01    8.042786E+00   -7.815832E-02    0.000000E+00    0.000000E+00    0.000000E+00
2.225000E-01    5.454072E+00   -2.240304E+01   -2.123219E+02    0.000000E+00    0.000000E+00    0.000000E+00    4.142409E+00    7.328050E+00   -1.726911E-01    0.000000E+00    0.000000E+00    0.000000E+00
2.235000E-01    1.610071E+01   -8.696851E+00   -2.371119E+02    0.000000E+00    0.000000E+00    0.000000E+00   -5.128987E+00    1.377787E+01   -6.315357E-01    0.000000E+00    0.000000E+00    0.000000E+00
2.245000E-01    1.572256E+01   -7.575873E+00   -2.505951E+02    0.000000E+00    0.000000E+00    0.000000E+00   -7.090665E+00    1.388789E+01   -6.792040E-01    0.000000E+00    0.000000E+00    0.000000E+00
2.255000E-01    9.559877E+00   -1.257889E-01   -2.158325E+02    0.000000E+00    0.000000E+00    0.000000E+00   -9.901649E+00    9.994793E+00   -3.977057E-01    0.000000E+00    0.000000E+00    0.000000E+00
2.265000E-01    1.588863E+01    3.954982E+00   -1.960750E+02    0.000000E+00    0.000000E+00    0.000000E+00   -1.152053E+01    1.289953E+01   -5.870995E-01    0.000000E+00    0.000000E+00    0.000000E+00
2.275000E-01    1.199551E+01    1.456551E+00   -1.879979E+02    0.000000E+00    0.000000E+00    0.000000E+00   -9.778569E+00    1.085741E+01   -4.536971E-01    0.000000E+00    0.000000E+00    0.000000E+00
2.285000E-01    1.461025E+01    3.470782E+00   -1.940313E+02    0.000000E+00    0.000000E+00    0.000000E+00   -1.109741E+01    1.222218E+01   -6.132960E-01    0.000000E+00    0.000000E+00    0.000000E+00
2.295000E-01    1.492918E+01    7.615983E+00   -1.998960E+02    0.000000E+00    0.000000E+00    0.000000E+00   -1.350686E+01    1.244590E+01   -6.487382E-01    0.000000E+00    0.000000E+00    0.000000E+00
2.305000E-01    1.360804E+01    1.376986E+01   -1.907164E+02    0.000000E+00    0.000000E+00    0.000000E+00   -1.652569E+01    1.132159E+01   -4.630423E-01    0.000000E+00    0.000000E+00    0.000000E+00
2.315000E-01    6.260316E+00    2.227752E+01   -1.695706E+02    0.000000E+00    0.000000E+00    0.000000E+00   -2.036870E+01    6.624298E+00   -8.261802E-02    0.000000E+00    0.000000E+00    0.000000E+00
2.325000E-01    1.132371E+01    1.314413E+01   -1.922590E+02    0.000000E+00    0.000000E+00    0.000000E+00   -1.632410E+01    9.775851E+00   -4.208480E-01    0.000000E+00    0.000000E+00    0.000000E+00
2.335000E-01   -4.284617E-01    2.677001E+01   -1.791390E+02    0.000000E+00    0.000000E+00    0.000000E+00   -2.348769E+01    2.702734E+00    3.456332E-01    0.000000E+00    0.000000E+00    0.000000E+00
2.345000E-01    4.655176E+00    1.528229E+01   -1.906000E+02    0.000000E+00    0.000000E+00    0.000000E+00   -1.759474E+01    5.554447E+00   -4.828240E-02    0.000000E+00    0.000000E+00    0.000000E+00
2.355000E-01    3.995973E+00    1.257445E+01   -2.071761E+02    0.000000E+00    0.000000E+00    0.000000E+00   -1.706939E+01    5.203578E+00   -3.369081E-02    0.000000E+00    0.000000E+00    0.000000E+00
2.365000E-01   -1.092247E+01    3.071236E+01   -1.922264E+02    0.000000E+00    0.000000E+00    0.000000E+00   -2.697449E+01   -3.309210E+00    7.568678E-01    0.000000E+00    0.000000E+00    0.000000E+00
2.375000E-01    7.123031E+00   -1.254860E+01   -2.261896E+02    0.000000E+00    0.000000E+00    0.000000E+00   -3.518528E+00    7.043710E+00   -4.131110E-01    0.000000E+00    0.000000E+00    0.000000E+00
2.385000E-01   -9.731801E+00    4.278259E+00   -2.116459E+02    0.000000E+00    0.000000E+00    0.000000E+00   -1.289111E+01   -2.768555E+00    5.607441E-01    0.000000E+00    0.000000E+00    0.000000E+00
2.395000E-01   -3.037249E+00    1.230370E+00   -2.243162E+02    0.000000E+00    0.000000E+00    0.000000E+00   -1.185791E+01    1.540354E+00    1.138839E-01    0.000000E+00    0.000000E+00    0.000000E+00
2.405000E-01   -9.256464E+00    6.743042E+00   -2.273756E+02    0.000000E+00    0.000000E+00    0.000000E+00   -1.513350E+01   -1.507825E+00    4.520257E-01    0.000000E+00    0.000000E+00    0.000000E+00
2.415000E-01   -4.313254E+00    9.688564E+00   -2.381909E+02    0.000000E+00    0.000000E+00    0.000000E+00   -1.786416E+01    1.585840E+00    2.076103E-01    0.000000E+00    0.000000E+00    0.000000E+00
2.425000E-01   -1.333593E+00    2.111563E+01   -2.401400E+02    0.000000E+00    0.000000E+00    0.000000E+00   -2.520851E+01    3.801269E+00    1.434444E-01    0.000000E+00    0.000000E+00    0.000000E+00
2.435000E-01    3.178857E+00    2.603167E+01   -2.393113E+02    0.000000E+00    0.000000E+00    0.000000E+00   -2.834821E+01    6.524650E+00   -6.952805E-02    0.000000E+00    0.000000E+00    0.000000E+00
2.445000E-01    6.660278E+00    2.615968E+01   -2.097617E+02    0.000000E+00    0.000000E+00    0.000000E+00   -2.697890E+01    8.167759E+00   -2.011054E-01    0.000000E+00    0.000000E+00    0.000000E+00
2.455000E-01    5.421773E+00    1.911096E+01   -2.296684E+02    0.000000E+00    0.000000E+00    0.000000E+00   -2.391214E+01    7.553725E+00   -1.255251E-01    0.000000E+00    0.000000E+00    0.000000E+00
2.465000E-01    4.917797E+00    1.545917E+01   -2.351423E+02    0.000000E+00    0.000000E+00    0.000000E+00   -2.201189E+01    6.739509E+00   -1.365727E-01    0.000000E+00    0.000000E+00    0.000000E+00
2.475000E-01    2.093411E+00    2.291088E+01   -1.951504E+02    0.000000E+00    0.000000E+00    0.000000E+00   -2.425338E+01    4.332396E+00    7.332929E-02    0.000000E+00    0.000000E+00    0.000000E+00
2.485000E-01    4.719568E-02    1.533375E+01   -2.099606E+02    0.000000E+00    0.000000E+00    0.000000E+00   -2.055590E+01    2.991126E+00    1.279713E-01    0.000000E+00    0.000000E+00    0.000000E+00
2.495000E-01   -4.840401E-01    1.873253E+01   -2.339739E+02    0.000000E+00    0.000000E+00    0.000000E+00   -2.382614E+01    2.727059E+00    2.002059E-01    0.000000E+00    0.000000E+00    0.000000E+00
2.505000E-01    3.165880E-01    1.853025E+01   -1.923085E+02    0.000000E+00    0.000000E+00    0.000000E+00   -2.168524E+01    2.312158E+00    1.169330E-01    0.000000E+00    0.000000E+00    0.000000E+00
2.515000E-01    2.318360E+00    1.041290E+01   -2.544969E+02    0.000000E+00    0.000000E+00    0.000000E+00   -2.014433E+01    4.196363E+00   -3.369756E-02    0.000000E+00    0.000000E+00    0.000000E+00
2.525000E-01    2.742750E+00    1.661114E+01   -2.063406E+02    0.000000E+00    0.000000E+00    0.000000E+00   -2.168461E+01    3.604431E+00   -3.811810E-02    0.000000E+00    0.000000E+00    0.000000E+00
2.535000E-01    2.969252E+00    1.605796E+01   -2.232782E+02    0.000000E+00    0.000000E+00    0.000000E+00   -2.210270E+01    4.050053E+00   -3.964810E-02    0.000000E+00    0.000000E+00    0.000000E+00
2.545000E-01    4.765271E+00    1.692139E+01   -2.483784E+02    0.000000E+00    0.000000E+00    0.000000E+00   -2.434231E+01    5.202992E+00   -1.461462E-01    0.000000E+00    0.000000E+00    0.000000E+00
2.555000E-01   -2.714213E-01    2.234616E+01   -2.231555E+02    0.000000E+00    0.000000E+00    0.000000E+00   -2.645687E+01    2.074823E+00    1.768104E-01    0.000000E+00    0.000000E+00    0.000000E+00
2.565000E-01    2.240300E+00    1.794238E+01   -2.409899E+02    0.000000E+00    0.000000E+00    0.000000E+00   -2.479896E+01    3.749052E+00    1.147554E-02    0.000000E+00    0.000000E+00    0.000000E+00
2.575000E-01    5.230467E+00    9.175538E+00   -2.520027E+02    0.000000E+00    0.000000E+00    0.000000E+00   -1.994181E+01    5.668812E+00   -2.216535E-01    0.000000E+00    0.000000E+00    0.000000E+00
2.585000E-01    4.657586E+00    4.200213E+00   -2.129326E+02    0.000000E+00    0.000000E+00    0.000000E+00   -1.469396E+01    4.909529E+00   -2.340650E-01    0.000000E+00    0.000000E+00    0.000000E+00
2.595000E-01   -1.499023E+00    8.692972E+00   -2.084863E+02    0.000000E+00    0.000000E+00    0.000000E+00   -1.762070E+01    8.876570E-01    1.365618E-01    0.000000E+00    0.000000E+00    0.000000E+00
2.605000E-01   -9.944569E-01    8.603562E+00   -1.962061E+02    0.000000E+00    0.000000E+00    0.000000E+00   -1.701600E+01    9.862968E-01    5.554382E-02    0.000000E+00    0.000000E+00    0.000000E+00
2.615000E-01   -2.858081E+00    1.092673E+01   -2.559761E+02    0.000000E+00    0.000000E+00    0.000000E+00   -2.220466E+01    2.274668E-01    1.709058E-01    0.000000E+00    0.000000E+00    0.000000E+00
2.625000E-01   -5.123487E+00    2.226540E+01   -1.972248E+02    0.000000E+00    0.000000E+00    0.000000E+00   -2.649651E+01   -1.799127E+00    4.078604E-01    0.000000E+00    0.000000E+00    0.000000E+00
2.635000E-01   -1.431466E+00    7.503790E+00   -2.677339E+02    0.000000E+00    0.000000E+00    0.000000E+00   -2.093524E+01    1.156414E+00    1.266361E-01    0.000000E+00    0.000000E+00    0.000000E+00
2.645000E-01   -2.880784E+00    1.654862E+01   -2.369534E+02    0.000000E+00    0.000000E+00    0.000000E+00   -2.539835E+01   -8.583452E-02    2.675845E-01    0.000000E+00    0.000000E+00    0.000000E+00
2.655000E-01    1.997722E-01    4.858102E+00   -2.637564E+02    0.000000E+00    0.000000E+00    0.000000E+00   -1.943898E+01    2.185518E+00    1.183401E-02    0.000000E+00    0.000000E+00    0.000000E+00
2.665000E-01   -2.560143E+00    2.393524E+01   -2.219698E+02    0.000000E+00    0.000000E+00    0.000000E+00   -3.002634E+01   -6.392224E-02    2.805520E-01    0.000000E+00    0.000000E+00    0.000000E+00
2.675000E-01    1.874901E+00   -2.071844E+01   -2.158277E+02    0.000000E+00    0.000000E+00    0.000000E+00    4.943221E-01    2.838026E+00   -1.372822E-01    0.000000E+00    0.000000E+00    0.000000E+00
2.685000E-01    1.541639E+00   -1.370002E+00   -2.286634E+02    0.000000E+00    0.000000E+00    0.000000E+00   -1.421273E+01    2.626205E+00   -3.884082E-02    0.000000E+00    0.000000E+00    0.000000E+00
2.695000E-01    2.202585E+00    8.160950E+00   -2.085555E+02    0.000000E+00    0.000000E+00    0.000000E+00   -1.904744E+01    2.743958E+00   -7.423160E-02    0.000000E+00    0.000000E+00    0.000000E+00
2.705000E-01    2.077333E+00    9.831707E+00   -2.364568E+02    0.000000E+00    0.000000E+00    0.000000E+00   -2.274268E+01    2.831179E+00   -8.731101E-02    0.000000E+00    0.000000E+00    0.000000E+00
2.715000E-01    4.599673E+00   -1.058539E+01   -2.124449E+02    0.000000E+00    0.000000E+00    0.000000E+00   -7.024986E+00    4.409574E+00   -3.151511E-01    0.000000E+00    0.000000E+00    0.000000E+00
2.725000E-01    1.087554E+01   -2.699842E+01   -2.355512E+02    0.000000E+00    0.000000E+00    0.000000E+00    1.399888E+00    8.498340E+00   -8.444222E-01    0.000000E+00    0.000000E+00    0.000000E+00
2.735000E-01    6.532593E+00   -9.135054E+00   -2.266490E+02    0.000000E+00    0.000000E+00    0.000000E+00   -1.051555E+01    5.625338E+00   -4.221634E-01    0.000000E+00    0.000000E+00    0.000000E+00
2.745000E-01    1.075995E+01   -3.412156E+01   -2.159775E+02    0.000000E+00    0.000000E+00    0.000000E+00    7.645312E+00    8.465779E+00   -8.078897E-01    0.000000E+00    0.000000E+00    0.000000E+00
2.755000E-01    5.989433E+00   -4.137072E+00   -2.184472E+02    0.000000E+00    0.000000E+00    0.000000E+00   -1.392102E+01    5.055318E+00   -4.076952E-01    0.000000E+00    0.000000E+00    0.000000E+00
2.765000E-01    9.731046E+00   -3.187306E+01   -2.189783E+02    0.000000E+00    0.000000E+00    0.000000E+00    4.380731E+00    7.587206E+00   -8.618830E-01    0.000000E+00    0.000000E+00    0.000000E+00
2.775000E-01    1.864943E+00    7.079407E+00   -2.310648E+02    0.000000E+00    0.000000E+00    0.000000E+00   -2.323854E+01    2.208073E+00   -9.013562E-02    0.000000E+00    0.000000E+00    0.000000E+00
2.785000E-01    9.204873E+00   -1.936406E+01   -2.232818E+02    0.000000E+00    0.000000E+00    0.000000E+00   -5.234814E+00    6.753676E+00   -7.894832E-01    0.000000E+00    0.000000E+00    0.000000E+00
2.795000E-01    7.137427E+00   -4.006780E+01   -2.061526E+02    0.000000E+00    0.000000E+00    0.000000E+00    9.402487E+00    5.602304E+00   -6.814669E-01    0.000000E+00    0.000000E+00    0.000000E+00
2.805000E-01   -2.221427E+00    1.669594E+01   -2.323309E+02    0.000000E+00    0.000000E+00    0.000000E+00   -3.144546E+01   -1.018151E+00    2.424680E-01    0.000000E+00    0.000000E+00    0.000000E+00
2.815000E-01    7.698915E-01   -2.652726E-01   -2.199600E+02    0.000000E+00    0.000000E+00    0.000000E+00   -1.989878E+01    9.419187E-01   -8.521275E-02    0.000000E+00    0.000000E+00    0.000000E+00
2.825000E-01    8.890239E+00   -5.006111E+01   -2.224470E+02    0.000000E+00    0.000000E+00    0.000000E+00    1.298505E+01    6.371966E+00   -8.738768E-01    0.000000E+00    0.000000E+00    0.000000E+00
2.835000E-01    2.623696E+00   -1.037881E+00   -2.129867E+02    0.000000E+00    0.000000E+00    0.000000E+00   -2.085018E+01    1.722790E+00   -2.936716E-01    0.000000E+00    0.000000E+00    0.000000E+00
2.845000E-01   -1.783895E+00    6.939295E+00   -2.515166E+02    0.000000E+00    0.000000E+00    0.000000E+00   -2.861326E+01   -8.179701E-01    2.382114E-01    0.000000E+00    0.000000E+00    0.000000E+00
2.855000E-01   -4.158602E+00    2.875907E+01   -2.048618E+02    0.000000E+00    0.000000E+00    0.000000E+00   -4.196162E+01   -2.910685E+00    2.824093E-01    0.000000E+00    0.000000E+00    0.000000E+00
2.865000E-01   -3.344042E+00    1.450396E+01   -2.511495E+02    0.000000E+00    0.000000E+00    0.000000E+00   -3.549130E+01   -2.071560E+00    3.366907E-01    0.000000E+00    0.000000E+00    0.000000E+00
2.875000E-01    6.968700E+00   -1.568624E+01   -2.355443E+02    0.000000E+00    0.000000E+00    0.000000E+00   -1.577538E+01    4.273732E+00   -8.665796E-01    0.000000E+00    0.000000E+00    0.000000E+00
2.885000E-01   -8.690899E-01   -1.057917E+00   -2.575543E+02    0.000000E+00    0.000000E+00    0.000000E+00   -2.803957E+01   -7.060416E-01   -2.014318E-02    0.000000E+00    0.000000E+00    0.000000E+00
2.895000E-01    3.467699E+00    1.464602E-01   -2.370504E+02    0.000000E+00    0.000000E+00    0.000000E+00   -2.803009E+01    1.730924E+00   -5.362498E-01    0.000000E+00    0.000000E+00    0.000000E+00
2.905000E-01    4.937554E+00    6.320890E+00   -2.215104E+02    0.000000E+00    0.000000E+00    0.000000E+00   -3.018038E+01    2.654636E+00   -6.928598E-01    0.000000E+00    0.000000E+00    0.000000E+00
2.915000E-01    4.020340E+00   -1.757778E+00   -2.420308E+02    0.000000E+00    0.000000E+00    0.000000E+00   -2.844719E+01    1.853892E+00   -5.460585E-01    0.000000E+00    0.000000E+00    0.000000E+00
2.925000E-01    6.603674E+00    2.092431E+00   -2.187062E+02    0.000000E+00    0.000000E+00    0.000000E+00   -2.913525E+01    3.420892E+00   -9.344851E-01    0.000000E+00    0.000000E+00    0.000000E+00
2.935000E-01    5.376072E+00   -2.005870E+00   -2.297856E+02    0.000000E+00    0.000000E+00    0.000000E+00   -2.837502E+01    2.604908E+00   -7.437318E-01    0.000000E+00    0.000000E+00    0.000000E+00
2.945000E-01    1.978749E+00    5.201620E+00   -2.300002E+02    0.000000E+00    0.000000E+00    0.000000E+00   -3.476148E+01    2.037971E-01   -3.861475E-01    0.000000E+00    0.000000E+00    0.000000E+00
2.955000E-01    4.949078E+00    6.152249E+00   -2.277841E+02    0.000000E+00    0.000000E+00    0.000000E+00   -3.617237E+01    1.823666E+00   -8.463624E-01    0.000000E+00    0.000000E+00    0.000000E+00
2.965000E-01   -1.528803E+00    3.301389E+01   -2.245457E+02    0.000000E+00    0.000000E+00    0.000000E+00   -5.357517E+01   -2.450897E+00   -5.118924E-02    0.000000E+00    0.000000E+00    0.000000E+00
2.975000E-01   -5.523320E-01    2.591585E+01   -2.290024E+02    0.000000E+00    0.000000E+00    0.000000E+00   -5.068626E+01   -2.025550E+00   -8.154409E-02    0.000000E+00    0.000000E+00    0.000000E+00
2.985000E-01   -4.570211E+00    4.404379E+01   -2.028035E+02    0.000000E+00    0.000000E+00    0.000000E+00   -6.022775E+01   -4.752452E+00    3.097428E-01    0.000000E+00    0.000000E+00    0.000000E+00
2.995000E-01   -6.713262E+00    4.971880E+01   -2.184524E+02    0.000000E+00    0.000000E+00    0.000000E+00   -6.577544E+01   -6.261414E+00    6.251138E-01    0.000000E+00    0.000000E+00    0.000000E+00
3.005000E-01   -5.914679E+00    4.660323E+01   -2.112755E+02    0.000000E+00    0.000000E+00    0.000000E+00   -6.440781E+01   -6.025422E+00    4.976063E-01    0.000000E+00    0.000000E+00    0.000000E+00
3.015000E-01   -7.086711E+00    4.615124E+01   -2.248386E+02    0.000000E+00    0.000000E+00    0.000000E+00   -6.643951E+01   -6.941489E+00    7.147784E-01    0.000000E+00    0.000000E+00    0.000000E+00
3.025000E-01   -4.665215E+00    3.688717E+01   -2.540589E+02    0.000000E+00    0.000000E+00    0.000000E+00   -6.494625E+01   -5.726436E+00    4.777676E-01    0.000000E+00    0.000000E+00    0.000000E+00
3.035000E-01   -5.334891E+00    4.120849E+01   -2.552353E+02    0.000000E+00    0.000000E+00    0.000000E+00   -6.923917E+01   -6.392185E+00    5.243996E-01    0.000000E+00    0.000000E+00    0.000000E+00
3.045000E-01   -3.988420E+00    3.977128E+01   -2.482755E+02    0.000000E+00    0.000000E+00    0.000000E+00   -6.837451E+01   -5.709915E+00    2.619462E-01    0.000000E+00    0.000000E+00    0.000000E+00
3.055000E-01   -4.508485E+00    4.678155E+01   -2.376702E+02    0.000000E+00    0.000000E+00    0.000000E+00   -7.214764E+01   -6.087403E+00    2.363089E-01    0.000000E+00    0.000000E+00    0.000000E+00
3.065000E-01   -5.618522E+00    4.688872E+01   -2.148261E+02    0.000000E+00    0.000000E+00    0.000000E+00   -6.898216E+01   -6.596850E+00    4.084099E-01    0.000000E+00    0.000000E+00    0.000000E+00
3.075000E-01   -3.964782E+00    4.753232E+01   -2.553210E+02    0.000000E+00    0.000000E+00    0.000000E+00   -7.711299E+01   -6.176307E+00    1.083981E-01    0.000000E+00    0.000000E+00    0.000000E+00
3.085000E-01   -3.994767E+00    3.785848E+01   -2.357667E+02    0.000000E+00    0.000000E+00    0.000000E+00   -6.859492E+01   -6.069615E+00    2.379962E-01    0.000000E+00    0.000000E+00    0.000000E+00
3.095000E-01   -2.230470E+00    3.430030E+01   -2.357585E+02    0.000000E+00    0.000000E+00    0.000000E+00   -6.746664E+01   -5.144393E+00   -4.457058E-02    0.000000E+00    0.000000E+00    0.000000E+00
3.105000E-01   -5.246192E+00    5.252279E+01   -2.312858E+02    0.000000E+00    0.000000E+00    0.000000E+00   -7.862956E+01   -7.044361E+00    2.142537E-01    0.000000E+00    0.000000E+00    0.000000E+00
3.115000E-01   -3.037436E+00    4.259258E+01   -2.304834E+02    0.000000E+00    0.000000E+00    0.000000E+00   -7.351193E+01   -5.869778E+00   -1.021815E-01    0.000000E+00    0.000000E+00    0.000000E+00
3.125000E-01   -1.404095E+00    3.937603E+01   -2.334787E+02    0.000000E+00    0.000000E+00    0.000000E+00   -7.310067E+01   -5.067126E+00   -3.899584E-01    0.000000E+00    0.000000E+00    0.000000E+00
3.135000E-01   -5.756280E+00    5.860470E+01   -2.281472E+02    0.000000E+00    0.000000E+00    0.000000E+00   -8.501546E+01   -7.843064E+00    1.687315E-01    0.000000E+00    0.000000E+00    0.000000E+00
3.145000E-01    1.800855E+00    1.425243E+01   -2.285966E+02    0.000000E+00    0.000000E+00    0.000000E+00   -5.866870E+01   -3.302266E+00   -6.103345E-01    0.000000E+00    0.000000E+00    0.000000E+00
3.155000E-01   -6.438733E+00    6.374904E+01   -2.211734E+02    0.000000E+00    0.000000E+00    0.000000E+00   -8.874593E+01   -8.452302E+00    2.257466E-01    0.000000E+00    0.000000E+00    0.000000E+00
3.165000E-01   -3.990302E+00    4.467343E+01   -2.218079E+02    0.000000E+00    0.000000E+00    0.000000E+00   -7.800575E+01   -7.092120E+00    5.047346E-02    0.000000E+00    0.000000E+00    0.000000E+00
3.175000E-01   -5.758827E+00    5.641429E+01   -2.241745E+02    0.000000E+00    0.000000E+00    0.000000E+00   -8.704733E+01   -8.446289E+00    1.830668E-01    0.000000E+00    0.000000E+00    0.000000E+00
3.185000E-01   -6.201754E+00    4.845421E+01   -2.236843E+02    0.000000E+00    0.000000E+00    0.000000E+00   -8.287047E+01   -8.852374E+00    4.503056E-01    0.000000E+00    0.000000E+00    0.000000E+00
3.195000E-01   -2.930295E+00    3.782244E+01   -2.184531E+02    0.000000E+00    0.000000E+00    0.000000E+00   -7.619405E+01   -6.889879E+00   -1.059465E-01    0.000000E+00    0.000000E+00    0.000000E+00
3.205000E-01   -7.150367E+00    6.471391E+01   -2.199378E+02    0.000000E+00    0.000000E+00    0.000000E+00   -9.420196E+01   -9.729144E+00    2.795089E-01    0.000000E+00    0.000000E+00    0.000000E+00
3.215000E-01   -5.386930E+00    4.892007E+01   -2.181602E+02    0.000000E+00    0.000000E+00    0.000000E+00   -8.479883E+01   -8.718519E+00    2.491766E-01    0.000000E+00    0.000000E+00    0.000000E+00
3.225000E-01   -7.644166E+00    5.784921E+01   -2.163512E+02    0.000000E+00    0.000000E+00    0.000000E+00   -9.119366E+01   -1.024836E+01    5.837007E-01    0.000000E+00    0.000000E+00    0.000000E+00
3.235000E-01   -3.159623E+00    3.658186E+01   -2.252108E+02    0.000000E+00    0.000000E+00    0.000000E+00   -8.136043E+01   -7.924517E+00   -5.461760E-02    0.000000E+00    0.000000E+00    0.000000E+00
3.245000E-01   -7.821680E+00    6.392833E+01   -2.223729E+02    0.000000E+00    0.000000E+00    0.000000E+00   -9.880212E+01   -1.087893E+01    4.564690E-01    0.000000E+00    0.000000E+00    0.000000E+00
3.255000E-01   -7.641615E+00    6.168374E+01   -2.209784E+02    0.000000E+00    0.000000E+00    0.000000E+00   -9.865309E+01   -1.099265E+01    4.330642E-01    0.000000E+00    0.000000E+00    0.000000E+00
3.265000E-01   -4.805297E+00    5.426387E+01   -2.516620E+02    0.000000E+00    0.000000E+00    0.000000E+00   -1.026332E+02   -1.010722E+01   -1.437742E-01    0.000000E+00    0.000000E+00    0.000000E+00
3.275000E-01   -8.355693E+00    5.799421E+01   -2.170858E+02    0.000000E+00    0.000000E+00    0.000000E+00   -9.764675E+01   -1.161926E+01    7.327213E-01    0.000000E+00    0.000000E+00    0.000000E+00
3.285000E-01   -6.427707E+00    7.203448E+01   -2.229230E+02    0.000000E+00    0.000000E+00    0.000000E+00   -1.097095E+02   -1.086752E+01   -2.892974E-01    0.000000E+00    0.000000E+00    0.000000E+00
3.295000E-01   -1.079861E+01    7.667708E+01   -2.361011E+02    0.000000E+00    0.000000E+00    0.000000E+00   -1.156192E+02   -1.381782E+01    8.360051E-01    0.000000E+00    0.000000E+00    0.000000E+00
3.305000E-01   -6.561431E+00    6.198552E+01   -2.224941E+02    0.000000E+00    0.000000E+00    0.000000E+00   -1.062426E+02   -1.133846E+01    4.848593E-02    0.000000E+00    0.000000E+00    0.000000E+00
3.315000E-01   -8.795269E+00    7.001949E+01   -2.368378E+02    0.000000E+00    0.000000E+00    0.000000E+00   -1.144949E+02   -1.298903E+01    4.270071E-01    0.000000E+00    0.000000E+00    0.000000E+00
3.325000E-01   -7.581528E-01    2.529111E+01   -2.426447E+02    0.000000E+00    0.000000E+00    0.000000E+00   -8.881481E+01   -8.278120E+00   -5.446864E-01    0.000000E+00    0.000000E+00    0.000000E+00
3.335000E-01   -7.413676E+00    7.288993E+01   -2.313517E+02    0.000000E+00    0.000000E+00    0.000000E+00   -1.179094E+02   -1.240451E+01   -6.435915E-02    0.000000E+00    0.000000E+00    0.000000E+00
3.345000E-01   -5.631479E+00    4.762458E+01   -2.366981E+02    0.000000E+00    0.000000E+00    0.000000E+00   -1.043290E+02   -1.153655E+01    1.989273E-01    0.000000E+00    0.000000E+00    0.000000E+00
3.355000E-01   -7.612761E+00    7.206204E+01   -2.452134E+02    0.000000E+00    0.000000E+00    0.000000E+00   -1.245433E+02   -1.338773E+01   -2.287277E-02    0.000000E+00    0.000000E+00    0.000000E+00
3.365000E-01   -8.840655E+00    7.841643E+01   -2.259797E+02    0.000000E+00    0.000000E+00    0.000000E+00   -1.244832E+02   -1.379381E+01    1.268481E-01    0.000000E+00    0.000000E+00    0.000000E+00
3.375000E-01   -5.884977E+00    5.577336E+01   -2.504881E+02    0.000000E+00    0.000000E+00    0.000000E+00   -1.183533E+02   -1.281780E+01   -1.259496E-02    0.000000E+00    0.000000E+00    0.000000E+00
3.385000E-01   -7.853842E+00    6.705364E+01   -2.364787E+02    0.000000E+00    0.000000E+00    0.000000E+00   -1.229671E+02   -1.385698E+01    2.370548E-01    0.000000E+00    0.000000E+00    0.000000E+00
3.395000E-01   -8.480237E+00    7.648204E+01   -2.282911E+02    0.000000E+00    0.000000E+00    0.000000E+00   -1.281728E+02   -1.422042E+01    8.345101E-02    0.000000E+00    0.000000E+00    0.000000E+00
3.405000E-01   -9.532413E+00    7.653688E+01   -2.435389E+02    0.000000E+00    0.000000E+00    0.000000E+00   -1.342027E+02   -1.557271E+01    4.330446E-01    0.000000E+00    0.000000E+00    0.000000E+00
3.415000E-01   -7.433069E+00    7.006526E+01   -2.459725E+02    0.000000E+00    0.000000E+00    0.000000E+00   -1.332951E+02   -1.464241E+01   -3.640728E-02    0.000000E+00    0.000000E+00    0.000000E+00
3.425000E-01   -9.856677E+00    7.620319E+01   -2.327733E+02    0.000000E+00    0.000000E+00    0.000000E+00   -1.320809E+02   -1.561449E+01    6.079840E-01    0.000000E+00    0.000000E+00    0.000000E+00
3.435000E-01   -8.881355E+00    7.015018E+01   -2.457002E+02    0.000000E+00    0.000000E+00    0.000000E+00   -1.356932E+02   -1.591799E+01    4.956579E-01    0.000000E+00    0.000000E+00    0.000000E+00
3.445000E-01   -6.977385E+00    6.546778E+01   -2.443496E+02    0.000000E+00    0.000000E+00    0.000000E+00   -1.333439E+02   -1.478623E+01   -7.579272E-03    0.000000E+00    0.000000E+00    0.000000E+00
3.455000E-01   -1.191981E+01    9.320865E+01   -2.356873E+02    0.000000E+00    0.000000E+00    0.000000E+00   -1.493197E+02   -1.778917E+01    6.313903E-01    0.000000E+00    0.000000E+00    0.000000E+00
3.465000E-01   -7.242017E+00    6.346051E+01   -2.596474E+02    0.000000E+00    0.000000E+00    0.000000E+00   -1.412200E+02   -1.603130E+01    1.705109E-01    0.000000E+00    0.000000E+00    0.000000E+00
3.475000E-01   -1.044152E+01    9.074032E+01   -2.332566E+02    0.000000E+00    0.000000E+00    0.000000E+00   -1.498369E+02   -1.713125E+01    1.890946E-01    0.000000E+00    0.000000E+00    0.000000E+00
3.485000E-01   -1.093160E+01    8.709770E+01   -2.395281E+02    0.000000E+00    0.000000E+00    0.000000E+00   -1.513998E+02   -1.789264E+01    4.955302E-01    0.000000E+00    0.000000E+00    0.000000E+00
3.495000E-01   -6.831931E+00    6.413023E+01   -2.450003E+02    0.000000E+00    0.000000E+00    0.000000E+00   -1.405670E+02   -1.572819E+01   -3.945768E-02    0.000000E+00    0.000000E+00    0.000000E+00
3.505000E-01   -8.794404E+00    7.745104E+01   -2.687618E+02    0.000000E+00    0.000000E+00    0.000000E+00   -1.608339E+02   -1.830288E+01    1.387855E-01    0.000000E+00    0.000000E+00    0.000000E+00
3.515000E-01   -7.584673E+00    6.909148E+01   -2.617586E+02    0.000000E+00    0.000000E+00    0.000000E+00   -1.539763E+02   -1.736286E+01   -5.031196E-02    0.000000E+00    0.000000E+00    0.000000E+00
3.525000E-01   -8.518412E+00    8.316854E+01   -2.529033E+02    0.000000E+00    0.000000E+00    0.000000E+00   -1.614429E+02   -1.783269E+01   -3.153249E-01    0.000000E+00    0.000000E+00    0.000000E+00
3.535000E-01   -1.134257E+01    8.930064E+01   -2.422836E+02    0.000000E+00    0.000000E+00    0.000000E+00   -1.630766E+02   -1.943776E+01    5.876407E-01    0.000000E+00    0.000000E+00    0.000000E+00
3.545000E-01   -7.269107E+00    6.171468E+01   -2.794282E+02    0.000000E+00    0.000000E+00    0.000000E+00   -1.624051E+02   -1.875015E+01    2.101784E-01    0.000000E+00    0.000000E+00    0.000000E+00
3.555000E-01   -1.091027E+01    9.997040E+01   -2.406969E+02    0.000000E+00    0.000000E+00    0.000000E+00   -1.728649E+02   -1.949268E+01   -1.501266E-01    0.000000E+00    0.000000E+00    0.000000E+00
3.565000E-01   -1.064245E+01    8.734434E+01   -2.634984E+02    0.000000E+00    0.000000E+00    0.000000E+00   -1.760201E+02   -2.063985E+01    3.386029E-01    0.000000E+00    0.000000E+00    0.000000E+00
3.575000E-01   -1.439874E+01    1.150291E+02   -2.424720E+02    0.000000E+00    0.000000E+00    0.000000E+00   -1.870621E+02   -2.230626E+01    6.245288E-01    0.000000E+00    0.000000E+00    0.000000E+00
3.585000E-01   -9.737063E+00    8.669639E+01   -2.589911E+02    0.000000E+00    0.000000E+00    0.000000E+00   -1.776877E+02   -2.035486E+01    2.184031E-03    0.000000E+00    0.000000E+00    0.000000E+00
3.595000E-01   -1.257096E+01    9.608115E+01   -2.496387E+02    0.000000E+00    0.000000E+00    0.000000E+00   -1.814054E+02   -2.193484E+01    8.052013E-01    0.000000E+00    0.000000E+00    0.000000E+00
3.605000E-01   -1.102392E+01    9.406893E+01   -2.605080E+02    0.000000E+00    0.000000E+00    0.000000E+00   -1.872277E+02   -2.174172E+01    1.910466E-01    0.000000E+00    0.000000E+00    0.000000E+00
3.615000E-01   -1.356264E+01    1.061927E+02   -2.344421E+02    0.000000E+00    0.000000E+00    0.000000E+00   -1.841908E+02   -2.220674E+01    7.297780E-01    0.000000E+00    0.000000E+00    0.000000E+00
3.625000E-01   -1.065272E+01    8.639305E+01   -2.766499E+02    0.000000E+00    0.000000E+00    0.000000E+00   -1.942361E+02   -2.291398E+01    5.064024E-01    0.000000E+00    0.000000E+00    0.000000E+00
3.635000E-01   -1.122951E+01    9.436642E+01   -2.548072E+02    0.000000E+00    0.000000E+00    0.000000E+00   -1.899898E+02   -2.217338E+01    3.065823E-01    0.000000E+00    0.000000E+00    0.000000E+00
3.645000E-01   -1.294264E+01    9.769695E+01   -2.509256E+02    0.000000E+00    0.000000E+00    0.000000E+00   -1.924074E+02   -2.337150E+01    9.627631E-01    0.000000E+00    0.000000E+00    0.000000E+00
3.655000E-01   -1.351692E+01    1.113699E+02   -2.494873E+02    0.000000E+00    0.000000E+00    0.000000E+00   -2.030685E+02   -2.396744E+01    5.164217E-01    0.000000E+00    0.000000E+00    0.000000E+00
3.665000E-01   -1.056098E+01    8.934986E+01   -2.532093E+02    0.000000E+00    0.000000E+00    0.000000E+00   -1.927305E+02   -2.246134E+01    2.958262E-01    0.000000E+00    0.000000E+00    0.000000E+00
3.675000E-01   -1.017134E+01    9.277559E+01   -2.668016E+02    0.000000E+00    0.000000E+00    0.000000E+00   -2.033971E+02   -2.316945E+01   -1.613961E-01    0.000000E+00    0.000000E+00    0.000000E+00
3.685000E-01   -1.301412E+01    1.132053E+02   -2.347454E+02    0.000000E+00    0.000000E+00    0.000000E+00   -2.023831E+02   -2.340040E+01    1.061174E-01    0.000000E+00    0.000000E+00    0.000000E+00
3.695000E-01   -1.116748E+01    9.339964E+01   -2.697428E+02    0.000000E+00    0.000000E+00    0.000000E+00   -2.101001E+02   -2.459102E+01    3.811332E-01    0.000000E+00    0.000000E+00    0.000000E+00
3.705000E-01   -1.397851E+01    1.100323E+02   -2.622355E+02    0.000000E+00    0.000000E+00    0.000000E+00   -2.191373E+02   -2.622933E+01    8.486009E-01    0.000000E+00    0.000000E+00    0.000000E+00
3.715000E-01   -1.344132E+01    1.203631E+02   -2.541064E+02    0.000000E+00    0.000000E+00    0.000000E+00   -2.239574E+02   -2.566449E+01   -1.416256E-01    0.000000E+00    0.000000E+00    0.000000E+00
3.725000E-01   -8.081839E+00    8.037046E+01   -2.257039E+02    0.000000E+00    0.000000E+00    0.000000E+00   -1.820886E+02   -2.028486E+01   -5.298364E-01    0.000000E+00    0.000000E+00    0.000000E+00
3.735000E-01   -1.372217E+01    1.090619E+02   -2.751894E+02    0.000000E+00    0.000000E+00    0.000000E+00   -2.323799E+02   -2.767973E+01    7.821564E-01    0.000000E+00    0.000000E+00    0.000000E+00
3.745000E-01   -1.145487E+01    1.093193E+02   -2.356534E+02    0.000000E+00    0.000000E+00    0.000000E+00   -2.120483E+02   -2.376727E+01   -5.927326E-01    0.000000E+00    0.000000E+00    0.000000E+00
3.755000E-01   -1.308590E+01    1.100603E+02   -2.534153E+02    0.000000E+00    0.000000E+00    0.000000E+00   -2.250678E+02   -2.634281E+01    3.355248E-01    0.000000E+00    0.000000E+00    0.000000E+00
3.765000E-01   -1.420687E+01    1.073883E+02   -2.786176E+02    0.000000E+00    0.000000E+00    0.000000E+00   -2.406257E+02   -2.907847E+01    1.195137E+00    0.000000E+00    0.000000E+00    0.000000E+00
3.775000E-01   -1.471706E+01    1.311227E+02   -2.613132E+02    0.000000E+00    0.000000E+00    0.000000E+00   -2.483557E+02   -2.847274E+01   -1.950312E-01    0.000000E+00    0.000000E+00    0.000000E+00
3.785000E-01   -1.481991E+01    1.109550E+02   -2.783940E+02    0.000000E+00    0.000000E+00    0.000000E+00   -2.477592E+02   -3.010883E+01    1.291364E+00    0.000000E+00    0.000000E+00    0.000000E+00
3.795000E-01   -1.334283E+01    1.112009E+02   -2.708832E+02    0.000000E+00    0.000000E+00    0.000000E+00   -2.455931E+02   -2.879148E+01    3.905007E-01    0.000000E+00    0.000000E+00    0.000000E+00
3.805000E-01   -1.248302E+01    1.026972E+02   -2.703309E+02    0.000000E+00    0.000000E+00    0.000000E+00   -2.411297E+02   -2.838119E+01    4.413595E-01    0.000000E+00    0.000000E+00    0.000000E+00
3.815000E-01   -1.482915E+01    1.219363E+02   -2.608988E+02    0.000000E+00    0.000000E+00    0.000000E+00   -2.509270E+02   -2.958410E+01    5.370799E-01    0.000000E+00    0.000000E+00    0.000000E+00
3.825000E-01   -1.491309E+01    1.259470E+02   -2.528292E+02    0.000000E+00    0.000000E+00    0.000000E+00   -2.509536E+02   -2.934782E+01    2.888872E-01    0.000000E+00    0.000000E+00    0.000000E+00
3.835000E-01   -1.381932E+01    1.194090E+02   -2.674655E+02    0.000000E+00    0.000000E+00    0.000000E+00   -2.581920E+02   -2.991487E+01    1.007529E-01    0.000000E+00    0.000000E+00    0.000000E+00
3.845000E-01   -1.410816E+01    1.198574E+02   -2.497333E+02    0.000000E+00    0.000000E+00    0.000000E+00   -2.493223E+02   -2.903228E+01    2.595216E-01    0.000000E+00    0.000000E+00    0.000000E+00
3.855000E-01   -1.583442E+01    1.296005E+02   -2.587536E+02    0.000000E+00    0.000000E+00    0.000000E+00   -2.635926E+02   -3.114225E+01    6.507016E-01    0.000000E+00    0.000000E+00    0.000000E+00
3.865000E-01   -1.700745E+01    1.358398E+02   -2.577681E+02    0.000000E+00    0.000000E+00    0.000000E+00   -2.703305E+02   -3.226566E+01    9.849148E-01    0.000000E+00    0.000000E+00    0.000000E+00
3.875000E-01   -1.560340E+01    1.272688E+02   -2.610791E+02    0.000000E+00    0.000000E+00    0.000000E+00   -2.684677E+02   -3.174558E+01    7.249500E-01    0.000000E+00    0.000000E+00    0.000000E+00
3.885000E-01   -1.098816E+01    1.003356E+02   -2.610162E+02    0.000000E+00    0.000000E+00    0.000000E+00   -2.513267E+02   -2.862207E+01   -2.757408E-01    0.000000E+00    0.000000E+00    0.000000E+00
3.895000E-01   -1.661255E+01    1.491871E+02   -2.414983E+02    0.000000E+00    0.000000E+00    0.000000E+00   -2.747385E+02   -3.128037E+01   -3.173527E-01    0.000000E+00    0.000000E+00    0.000000E+00
3.905000E-01   -1.452222E+01    1.258995E+02   -2.549093E+02    0.000000E+00    0.000000E+00    0.000000E+00   -2.697313E+02   -3.116588E+01    1.073599E-01    0.000000E+00    0.000000E+00    0.000000E+00
3.915000E-01   -1.160939E+01    1.115121E+02   -2.053864E+02    0.000000E+00    0.000000E+00    0.000000E+00   -2.262701E+02   -2.517926E+01   -7.356411E-01    0.000000E+00    0.000000E+00    0.000000E+00
3.925000E-01   -1.343523E+01    1.261889E+02   -2.533356E+02    0.000000E+00    0.000000E+00    0.000000E+00   -2.733321E+02   -3.074640E+01   -6.592782E-01    0.000000E+00    0.000000E+00    0.000000E+00
3.935000E-01   -1.734059E+01    1.516733E+02   -2.401709E+02    0.000000E+00    0.000000E+00    0.000000E+00   -2.847117E+02   -3.272294E+01    1.031156E-02    0.000000E+00    0.000000E+00    0.000000E+00
3.945000E-01   -1.722853E+01    1.423799E+02   -2.604157E+02    0.000000E+00    0.000000E+00    0.000000E+00   -2.945972E+02   -3.460023E+01    6.829328E-01    0.000000E+00    0.000000E+00    0.000000E+00
3.955000E-01   -1.469438E+01    1.402114E+02   -2.519780E+02    0.000000E+00    0.000000E+00    0.000000E+00   -2.891423E+02   -3.224235E+01   -9.563585E-01    0.000000E+00    0.000000E+00    0.000000E+00
3.965000E-01   -1.466439E+01    1.295563E+02   -2.478446E+02    0.000000E+00    0.000000E+00    0.000000E+00   -2.802272E+02   -3.206383E+01   -1.100079E-01    0.000000E+00    0.000000E+00    0.000000E+00
3.975000E-01   -1.769067E+01    1.569453E+02   -2.446216E+02    0.000000E+00    0.000000E+00    0.000000E+00   -2.997816E+02   -3.427387E+01   -1.927709E-01    0.000000E+00    0.000000E+00    0.000000E+00
3.985000E-01   -1.607428E+01    1.392480E+02   -2.431655E+02    0.000000E+00    0.000000E+00    0.000000E+00   -2.880978E+02   -3.318758E+01    1.634438E-01    0.000000E+00    0.000000E+00    0.000000E+00
3.995000E-01   -1.246781E+01    1.285134E+02   -2.426252E+02    0.000000E+00    0.000000E+00    0.000000E+00   -2.818660E+02   -3.067374E+01   -1.686617E+00    0.000000E+00    0.000000E+00    0.000000E+00
4.005000E-01   -2.107548E+01    1.715224E+02   -2.272742E+02    0.000000E+00    0.000000E+00    0.000000E+00   -3.039443E+02   -3.599055E+01    1.087756E+00    0.000000E+00    0.000000E+00    0.000000E+00
4.015000E-01   -1.449000E+01    1.412003E+02   -2.378539E+02    0.000000E+00    0.000000E+00    0.000000E+00   -2.919364E+02   -3.227390E+01   -1.254806E+00    0.000000E+00    0.000000E+00    0.000000E+00
4.025000E-01   -1.754124E+01    1.561726E+02   -2.331358E+02    0.000000E+00    0.000000E+00    0.000000E+00   -3.011940E+02   -3.431343E+01   -2.629373E-01    0.000000E+00    0.000000E+00    0.000000E+00
4.035000E-01   -1.816111E+01    1.563327E+02   -2.301020E+02    0.000000E+00    0.000000E+00    0.000000E+00   -3.007222E+02   -3.477795E+01    2.194058E-01    0.000000E+00    0.000000E+00    0.000000E+00
4.045000E-01   -1.898595E+01    1.601047E+02   -2.248321E+02    0.000000E+00    0.000000E+00    0.000000E+00   -3.014209E+02   -3.513867E+01    5.445957E-01    0.000000E+00    0.000000E+00    0.000000E+00
4.055000E-01   -1.341915E+01    1.207564E+02   -2.566207E+02    0.000000E+00    0.000000E+00    0.000000E+00   -2.970581E+02   -3.381192E+01   -2.465764E-01    0.000000E+00    0.000000E+00    0.000000E+00
4.065000E-01   -1.881070E+01    1.579155E+02   -2.212719E+02    0.000000E+00    0.000000E+00    0.000000E+00   -3.000197E+02   -3.499359E+01    6.600905E-01    0.000000E+00    0.000000E+00    0.000000E+00
4.075000E-01   -1.652172E+01    1.501205E+02   -2.198994E+02    0.000000E+00    0.000000E+00    0.000000E+00   -2.941975E+02   -3.326250E+01   -4.980333E-01    0.000000E+00    0.000000E+00    0.000000E+00
4.085000E-01   -1.842961E+01    1.546788E+02   -2.341771E+02    0.000000E+00    0.000000E+00    0.000000E+00   -3.119049E+02   -3.634364E+01    6.989870E-01    0.000000E+00    0.000000E+00    0.000000E+00
4.095000E-01   -1.541175E+01    1.418232E+02   -2.251674E+02    0.000000E+00    0.000000E+00    0.000000E+00   -2.961509E+02   -3.331246E+01   -5.705825E-01    0.000000E+00    0.000000E+00    0.000000E+00
4.105000E-01   -1.780762E+01    1.477570E+02   -2.130271E+02    0.000000E+00    0.000000E+00    0.000000E+00   -2.923964E+02   -3.425444E+01    8.045668E-01    0.000000E+00    0.000000E+00    0.000000E+00
4.115000E-01   -1.355566E+01    1.240686E+02   -2.458016E+02    0.000000E+00    0.000000E+00    0.000000E+00   -3.027605E+02   -3.414494E+01   -4.130101E-01    0.000000E+00    0.000000E+00    0.000000E+00
4.125000E-01   -1.632578E+01    1.531440E+02   -2.133937E+02    0.000000E+00    0.000000E+00    0.000000E+00   -3.006659E+02   -3.346317E+01   -9.134353E-01    0.000000E+00    0.000000E+00    0.000000E+00
4.135000E-01   -1.222477E+01    1.182729E+02   -2.424847E+02    0.000000E+00    0.000000E+00    0.000000E+00   -2.980057E+02   -3.309550E+01   -1.000778E+00    0.000000E+00    0.000000E+00    0.000000E+00
4.145000E-01   -1.716839E+01    1.533256E+02   -2.243047E+02    0.000000E+00    0.000000E+00    0.000000E+00   -3.138932E+02   -3.563356E+01   -1.625701E-01    0.000000E+00    0.000000E+00    0.000000E+00
4.155000E-01   -1.646048E+01    1.578116E+02   -2.164598E+02    0.000000E+00    0.000000E+00    0.000000E+00   -3.119869E+02   -3.445361E+01   -1.270398E+00    0.000000E+00    0.000000E+00    0.000000E+00
4.165000E-01   -1.887884E+01    1.523531E+02   -2.072311E+02    0.000000E+00    0.000000E+00    0.000000E+00   -3.008984E+02   -3.563852E+01    1.336676E+00    0.000000E+00    0.000000E+00    0.000000E+00
4.175000E-01   -1.628332E+01    1.512393E+02   -2.223775E+02    0.000000E+00    0.000000E+00    0.000000E+00   -3.154409E+02   -3.528272E+01   -7.451952E-01    0.000000E+00    0.000000E+00    0.000000E+00
4.185000E-01   -1.783724E+01    1.444563E+02   -2.111781E+02    0.000000E+00    0.000000E+00    0.000000E+00   -3.015770E+02   -3.559445E+01    1.267123E+00    0.000000E+00    0.000000E+00    0.000000E+00
4.195000E-01   -1.397639E+01    1.244067E+02   -2.151955E+02    0.000000E+00    0.000000E+00    0.000000E+00   -2.899752E+02   -3.293171E+01   -1.240820E-01    0.000000E+00    0.000000E+00    0.000000E+00
4.205000E-01   -1.645402E+01    1.548462E+02   -2.193638E+02    0.000000E+00    0.000000E+00    0.000000E+00   -3.203597E+02   -3.556305E+01   -9.861022E-01    0.000000E+00    0.000000E+00    0.000000E+00
4.215000E-01   -1.689547E+01    1.508244E+02   -2.013119E+02    0.000000E+00    0.000000E+00    0.000000E+00   -3.023362E+02   -3.427549E+01   -1.907342E-01    0.000000E+00    0.000000E+00    0.000000E+00
4.225000E-01   -1.788413E+01    1.581931E+02   -2.032753E+02    0.000000E+00    0.000000E+00    0.000000E+00   -3.120450E+02   -3.546689E+01   -5.036722E-02    0.000000E+00    0.000000E+00    0.000000E+00
4.235000E-01   -1.764597E+01    1.594163E+02   -2.077317E+02    0.000000E+00    0.000000E+00    0.000000E+00   -3.196416E+02   -3.601822E+01   -3.849775E-01    0.000000E+00    0.000000E+00    0.000000E+00
4.245000E-01   -1.805105E+01    1.659032E+02   -1.970499E+02    0.000000E+00    0.000000E+00    0.000000E+00   -3.168456E+02   -3.537500E+01   -6.980804E-01    0.000000E+00    0.000000E+00    0.000000E+00
4.255000E-01   -1.570698E+01    1.356419E+02   -2.078848E+02    0.000000E+00    0.000000E+00    0.000000E+00   -3.014966E+02   -3.459149E+01    2.797325E-01    0.000000E+00    0.000000E+00    0.000000E+00
4.265000E-01   -1.573870E+01    1.506415E+02   -2.022546E+02    0.000000E+00    0.000000E+00    0.000000E+00   -3.102721E+02   -3.417907E+01   -1.189269E+00    0.000000E+00    0.000000E+00    0.000000E+00
4.275000E-01   -1.720592E+01    1.534435E+02   -1.942465E+02    0.000000E+00    0.000000E+00    0.000000E+00   -3.074581E+02   -3.480223E+01   -1.608075E-01    0.000000E+00    0.000000E+00    0.000000E+00
4.285000E-01   -1.786983E+01    1.672008E+02   -1.912068E+02    0.000000E+00    0.000000E+00    0.000000E+00   -3.171882E+02   -3.513912E+01   -9.825202E-01    0.000000E+00    0.000000E+00    0.000000E+00
4.295000E-01   -1.696280E+01    1.542144E+02   -1.943587E+02    0.000000E+00    0.000000E+00    0.000000E+00   -3.102208E+02   -3.480130E+01   -4.265196E-01    0.000000E+00    0.000000E+00    0.000000E+00
4.305000E-01   -1.644632E+01    1.525449E+02   -1.877728E+02    0.000000E+00    0.000000E+00    0.000000E+00   -3.039082E+02   -3.380197E+01   -7.156034E-01    0.000000E+00    0.000000E+00    0.000000E+00
4.315000E-01   -1.567199E+01    1.463519E+02   -1.879609E+02    0.000000E+00    0.000000E+00    0.000000E+00   -2.991963E+02   -3.320224E+01   -8.068184E-01    0.000000E+00    0.000000E+00    0.000000E+00
4.325000E-01   -1.423916E+01    1.291191E+02   -1.997894E+02    0.000000E+00    0.000000E+00    0.000000E+00   -2.964716E+02   -3.332421E+01   -2.911809E-01    0.000000E+00    0.000000E+00    0.000000E+00
4.335000E-01   -1.667729E+01    1.590875E+02   -1.772123E+02    0.000000E+00    0.000000E+00    0.000000E+00   -3.038237E+02   -3.330345E+01   -1.190448E+00    0.000000E+00    0.000000E+00    0.000000E+00
4.345000E-01   -1.710747E+01    1.522442E+02   -1.838099E+02    0.000000E+00    0.000000E+00    0.000000E+00   -3.040578E+02   -3.435194E+01   -8.073621E-02    0.000000E+00    0.000000E+00    0.000000E+00
4.355000E-01   -1.554257E+01    1.507364E+02   -1.790778E+02    0.000000E+00    0.000000E+00    0.000000E+00   -3.002334E+02   -3.274518E+01   -1.377838E+00    0.000000E+00    0.000000E+00    0.000000E+00
4.365000E-01   -1.168468E+01    1.208401E+02   -2.030134E+02    0.000000E+00    0.000000E+00    0.000000E+00   -2.959994E+02   -3.178118E+01   -1.776751E+00    0.000000E+00    0.000000E+00    0.000000E+00
4.375000E-01   -1.660799E+01    1.511473E+02   -1.693597E+02    0.000000E+00    0.000000E+00    0.000000E+00   -2.939300E+02   -3.287449E+01   -3.941576E-01    0.000000E+00    0.000000E+00    0.000000E+00
4.385000E-01   -1.431383E+01    1.424011E+02   -1.856557E+02    0.000000E+00    0.000000E+00    0.000000E+00   -3.007243E+02   -3.249480E+01   -1.622065E+00    0.000000E+00    0.000000E+00    0.000000E+00
4.395000E-01   -1.786106E+01    1.617154E+02   -1.645782E+02    0.000000E+00    0.000000E+00    0.000000E+00   -3.015160E+02   -3.372823E+01   -3.453630E-01    0.000000E+00    0.000000E+00    0.000000E+00
4.405000E-01   -1.276944E+01    1.172140E+02   -1.912585E+02    0.000000E+00    0.000000E+00    0.000000E+00   -2.856106E+02   -3.191448E+01   -4.041529E-01    0.000000E+00    0.000000E+00    0.000000E+00
4.415000E-01   -1.505281E+01    1.365899E+02   -1.788100E+02    0.000000E+00    0.000000E+00    0.000000E+00   -2.936148E+02   -3.289856E+01   -2.573894E-01    0.000000E+00    0.000000E+00    0.000000E+00
4.425000E-01   -1.634704E+01    1.515040E+02   -1.612443E+02    0.000000E+00    0.000000E+00    0.000000E+00   -2.912827E+02   -3.222947E+01   -6.896857E-01    0.000000E+00    0.000000E+00    0.000000E+00
4.435000E-01   -1.468738E+01    1.350279E+02   -1.854493E+02    0.000000E+00    0.000000E+00    0.000000E+00   -2.994186E+02   -3.333539E+01   -4.838309E-01    0.000000E+00    0.000000E+00    0.000000E+00
4.445000E-01   -1.549243E+01    1.564162E+02   -1.590646E+02    0.000000E+00    0.000000E+00    0.000000E+00   -2.957166E+02   -3.149767E+01   -2.033523E+00    0.000000E+00    0.000000E+00    0.000000E+00
4.455000E-01   -1.695380E+01    1.511824E+02   -1.560387E+02    0.000000E+00    0.000000E+00    0.000000E+00   -2.884397E+02   -3.246722E+01   -4.466284E-02    0.000000E+00    0.000000E+00    0.000000E+00
4.465000E-01   -1.290471E+01    1.196267E+02   -1.866153E+02    0.000000E+00    0.000000E+00    0.000000E+00   -2.892515E+02   -3.213772E+01   -5.225129E-01    0.000000E+00    0.000000E+00    0.000000E+00
4.475000E-01   -1.495501E+01    1.394827E+02   -1.637960E+02    0.000000E+00    0.000000E+00    0.000000E+00   -2.862132E+02   -3.165920E+01   -6.591841E-01    0.000000E+00    0.000000E+00    0.000000E+00
4.485000E-01   -1.413043E+01    1.398732E+02   -1.673126E+02    0.000000E+00    0.000000E+00    0.000000E+00   -2.911042E+02   -3.137728E+01   -1.545081E+00    0.000000E+00    0.000000E+00    0.000000E+00
4.495000E-01   -1.479600E+01    1.280009E+02   -1.792177E+02    0.000000E+00    0.000000E+00    0.000000E+00   -2.918626E+02   -3.321100E+01    4.375615E-01    0.000000E+00    0.000000E+00    0.000000E+00
4.505000E-01   -1.408872E+01    1.365943E+02   -1.656492E+02    0.000000E+00    0.000000E+00    0.000000E+00   -2.872053E+02   -3.127328E+01   -1.222761E+00    0.000000E+00    0.000000E+00    0.000000E+00
4.515000E-01   -1.205481E+01    1.153307E+02   -1.802639E+02    0.000000E+00    0.000000E+00    0.000000E+00   -2.829512E+02   -3.105104E+01   -8.172109E-01    0.000000E+00    0.000000E+00    0.000000E+00
4.525000E-01   -1.288430E+01    1.319030E+02   -1.696237E+02    0.000000E+00    0.000000E+00    0.000000E+00   -2.884404E+02   -3.073071E+01   -1.857342E+00    0.000000E+00    0.000000E+00    0.000000E+00
4.535000E-01   -1.798745E+01    1.526960E+02   -1.543891E+02    0.000000E+00    0.000000E+00    0.000000E+00   -2.945248E+02   -3.396420E+01    8.690440E-01    0.000000E+00    0.000000E+00    0.000000E+00
4.545000E-01   -1.386329E+01    1.234804E+02   -1.696265E+02    0.000000E+00    0.000000E+00    0.000000E+00   -2.814412E+02   -3.168192E+01    4.534001E-02    0.000000E+00    0.000000E+00    0.000000E+00
4.555000E-01   -1.383469E+01    1.259746E+02   -1.683530E+02    0.000000E+00    0.000000E+00    0.000000E+00   -2.839462E+02   -3.169641E+01   -2.512595E-01    0.000000E+00    0.000000E+00    0.000000E+00
4.565000E-01   -1.327149E+01    1.257230E+02   -1.761069E+02    0.000000E+00    0.000000E+00    0.000000E+00   -2.923735E+02   -3.210200E+01   -7.622536E-01    0.000000E+00    0.000000E+00    0.000000E+00
4.575000E-01   -1.728346E+01    1.534288E+02   -1.462120E+02    0.000000E+00    0.000000E+00    0.000000E+00   -2.888195E+02   -3.250494E+01    9.858881E-02    0.000000E+00    0.000000E+00    0.000000E+00
4.585000E-01   -1.312223E+01    1.128364E+02   -1.717208E+02    0.000000E+00    0.000000E+00    0.000000E+00   -2.761012E+02   -3.146218E+01    5.256661E-01    0.000000E+00    0.000000E+00    0.000000E+00
4.595000E-01   -8.577786E+00    8.661949E+01   -1.932893E+02    0.000000E+00    0.000000E+00    0.000000E+00   -2.746590E+02   -2.986876E+01   -1.076149E+00    0.000000E+00    0.000000E+00    0.000000E+00
4.605000E-01   -1.339812E+01    1.144477E+02   -1.827156E+02    0.000000E+00    0.000000E+00    0.000000E+00   -2.906280E+02   -3.319089E+01    6.417059E-01    0.000000E+00    0.000000E+00    0.000000E+00
4.615000E-01   -9.691296E+00    9.806670E+01   -1.933128E+02    0.000000E+00    0.000000E+00    0.000000E+00   -2.870884E+02   -3.101545E+01   -1.279195E+00    0.000000E+00    0.000000E+00    0.000000E+00
4.625000E-01   -1.490714E+01    1.178658E+02   -1.734701E+02    0.000000E+00    0.000000E+00    0.000000E+00   -2.852930E+02   -3.359389E+01    1.850954E+00    0.000000E+00    0.000000E+00    0.000000E+00
4.635000E-01   -1.023664E+01    1.086236E+02   -1.652880E+02    0.000000E+00    0.000000E+00    0.000000E+00   -2.703450E+02   -2.855641E+01   -1.863400E+00    0.000000E+00    0.000000E+00    0.000000E+00
4.645000E-01   -9.898612E+00    8.623217E+01   -1.877957E+02    0.000000E+00    0.000000E+00    0.000000E+00   -2.721838E+02   -3.072624E+01    3.458846E-01    0.000000E+00    0.000000E+00    0.000000E+00
4.655000E-01   -1.023778E+01    7.853272E+01   -2.022916E+02    0.000000E+00    0.000000E+00    0.000000E+00   -2.809813E+02   -3.280198E+01    1.568004E+00    0.000000E+00    0.000000E+00    0.000000E+00
4.665000E-01   -1.123190E+01    9.836420E+01   -1.932743E+02    0.000000E+00    0.000000E+00    0.000000E+00   -2.917319E+02   -3.284185E+01    3.448160E-01    0.000000E+00    0.000000E+00    0.000000E+00
4.675000E-01   -1.013667E+01    9.913090E+01   -1.880614E+02    0.000000E+00    0.000000E+00    0.000000E+00   -2.872428E+02   -3.127782E+01   -8.772461E-01    0.000000E+00    0.000000E+00    0.000000E+00
4.685000E-01   -1.179104E+01    8.793387E+01   -1.914441E+02    0.000000E+00    0.000000E+00    0.000000E+00   -2.820849E+02   -3.332783E+01    2.149335E+00    0.000000E+00    0.000000E+00    0.000000E+00
4.695000E-01   -1.191199E+01    1.148672E+02   -1.678303E+02    0.000000E+00    0.000000E+00    0.000000E+00   -2.843175E+02   -3.083560E+01   -8.385653E-01    0.000000E+00    0.000000E+00    0.000000E+00
4.705000E-01   -1.145330E+01    9.756280E+01   -2.006442E+02    0.000000E+00    0.000000E+00    0.000000E+00   -3.025581E+02   -3.425800E+01    7.070913E-01    0.000000E+00    0.000000E+00    0.000000E+00
4.715000E-01   -1.367427E+01    1.279773E+02   -1.822845E+02    0.000000E+00    0.000000E+00    0.000000E+00   -3.132464E+02   -3.430608E+01   -4.619042E-01    0.000000E+00    0.000000E+00    0.000000E+00
4.725000E-01   -1.456750E+01    9.032524E+01   -2.056258E+02    0.000000E+00    0.000000E+00    0.000000E+00   -3.028371E+02   -3.791646E+01    4.889402E+00    0.000000E+00    0.000000E+00    0.000000E+00
4.735000E-01   -1.042434E+01    1.482895E+02   -1.459404E+02    0.000000E+00    0.000000E+00    0.000000E+00   -2.960408E+02   -2.715871E+01   -6.311606E+00    0.000000E+00    0.000000E+00    0.000000E+00
4.745000E-01   -1.460520E+01    1.108024E+02   -1.993572E+02    0.000000E+00    0.000000E+00    0.000000E+00   -3.174862E+02   -3.735030E+01    2.514390E+00    0.000000E+00    0.000000E+00    0.000000E+00
4.755000E-01   -1.679228E+01    1.293723E+02   -1.831591E+02    0.000000E+00    0.000000E+00    0.000000E+00   -3.184062E+02   -3.763833E+01    2.684757E+00    0.000000E+00    0.000000E+00    0.000000E+00
4.765000E-01   -6.118976E+00    8.927232E+01   -2.236675E+02    0.000000E+00    0.000000E+00    0.000000E+00   -3.241768E+02   -3.233150E+01   -3.978373E+00    0.000000E+00    0.000000E+00    0.000000E+00
4.775000E-01   -1.934865E+01    1.469516E+02   -1.520969E+02    0.000000E+00    0.000000E+00    0.000000E+00   -3.037143E+02   -3.646309E+01    3.438411E+00    0.000000E+00    0.000000E+00    0.000000E+00
4.785000E-01   -1.230335E+01    1.059433E+02   -2.094691E+02    0.000000E+00    0.000000E+00    0.000000E+00   -3.268557E+02   -3.668052E+01    6.703532E-01    0.000000E+00    0.000000E+00    0.000000E+00
4.795000E-01   -1.294736E+01    1.029111E+02   -2.061874E+02    0.000000E+00    0.000000E+00    0.000000E+00   -3.215589E+02   -3.695530E+01    1.821422E+00    0.000000E+00    0.000000E+00    0.000000E+00
4.805000E-01   -1.351191E+01    1.208784E+02   -2.053462E+02    0.000000E+00    0.000000E+00    0.000000E+00   -3.391839E+02   -3.755866E+01    3.271841E-01    0.000000E+00    0.000000E+00    0.000000E+00
4.815000E-01   -1.620335E+01    1.008306E+02   -2.107053E+02    0.000000E+00    0.000000E+00    0.000000E+00   -3.257849E+02   -4.069304E+01    5.703937E+00    0.000000E+00    0.000000E+00    0.000000E+00
4.825000E-01   -8.435116E+00    1.119673E+02   -1.989125E+02    0.000000E+00    0.000000E+00    0.000000E+00   -3.255092E+02   -3.199326E+01   -4.146643E+00    0.000000E+00    0.000000E+00    0.000000E+00
4.835000E-01   -1.988186E+01    1.445366E+02   -1.862176E+02    0.000000E+00    0.000000E+00    0.000000E+00   -3.441653E+02   -4.144741E+01    4.598525E+00    0.000000E+00    0.000000E+00    0.000000E+00
4.845000E-01   -7.217621E+00    1.221939E+02   -1.871621E+02    0.000000E+00    0.000000E+00    0.000000E+00   -3.250019E+02   -2.952200E+01   -6.699192E+00    0.000000E+00    0.000000E+00    0.000000E+00
4.855000E-01   -2.455800E+01    1.704436E+02   -1.657835E+02    0.000000E+00    0.000000E+00    0.000000E+00   -3.483860E+02   -4.360569E+01    6.758113E+00    0.000000E+00    0.000000E+00    0.000000E+00
4.865000E-01   -1.210660E+01    1.513826E+02   -1.974067E+02    0.000000E+00    0.000000E+00    0.000000E+00   -3.666756E+02   -3.559914E+01   -4.822447E+00    0.000000E+00    0.000000E+00    0.000000E+00
4.875000E-01   -1.465555E+01    1.015716E+02   -1.713761E+02    0.000000E+00    0.000000E+00    0.000000E+00   -2.900673E+02   -3.492997E+01    4.071540E+00    0.000000E+00    0.000000E+00    0.000000E+00
4.885000E-01   -1.127958E+01    1.374345E+02   -1.949619E+02    0.000000E+00    0.000000E+00    0.000000E+00   -3.532411E+02   -3.463851E+01   -3.937810E+00    0.000000E+00    0.000000E+00    0.000000E+00
4.895000E-01   -1.829131E+01    1.188300E+02   -1.612701E+02    0.000000E+00    0.000000E+00    0.000000E+00   -2.966709E+02   -3.734565E+01    6.172737E+00    0.000000E+00    0.000000E+00    0.000000E+00
4.905000E-01   -1.019282E+01    1.150449E+02   -1.847517E+02    0.000000E+00    0.000000E+00    0.000000E+00   -3.213856E+02   -3.247442E+01   -2.458771E+00    0.000000E+00    0.000000E+00    0.000000E+00
4.915000E-01   -1.449583E+01    1.230160E+02   -1.826340E+02    0.000000E+00    0.000000E+00    0.000000E+00   -3.263963E+02   -3.627407E+01    1.520411E+00    0.000000E+00    0.000000E+00    0.000000E+00
4.925000E-01   -1.355378E+01    1.234779E+02   -1.694555E+02    0.000000E+00    0.000000E+00    0.000000E+00   -3.145787E+02   -3.401076E+01    4.468494E-01    0.000000E+00    0.000000E+00    0.000000E+00
4.935000E-01   -1.445997E+01    1.550448E+02   -1.338517E+02    0.000000E+00    0.000000E+00    0.000000E+00   -3.047147E+02   -3.037086E+01   -2.314605E+00    0.000000E+00    0.000000E+00    0.000000E+00
4.945000E-01   -1.771189E+01    1.013612E+02   -1.811630E+02    0.000000E+00    0.000000E+00    0.000000E+00   -3.065887E+02   -3.960535E+01    7.791542E+00    0.000000E+00    0.000000E+00    0.000000E+00
4.955000E-01   -8.902328E+00    1.257668E+02   -1.811652E+02    0.000000E+00    0.000000E+00    0.000000E+00   -3.318235E+02   -3.086078E+01   -5.045305E+00    0.000000E+00    0.000000E+00    0.000000E+00
4.965000E-01   -1.791731E+01    1.275854E+02   -1.541579E+02    0.000000E+00    0.000000E+00    0.000000E+00   -3.034018E+02   -3.653791E+01    5.025166E+00    0.000000E+00    0.000000E+00    0.000000E+00
4.975000E-01   -8.887693E+00    1.640398E+02   -1.399833E+02    0.000000E+00    0.000000E+00    0.000000E+00   -3.243430E+02   -2.579760E+01   -9.672675E+00    0.000000E+00    0.000000E+00    0.000000E+00
4.985000E-01   -1.915803E+01    8.016178E+01   -1.959673E+02    0.000000E+00    0.000000E+00    0.000000E+00   -3.054778E+02   -4.292851E+01    1.222431E+01    0.000000E+00    0.000000E+00    0.000000E+00
4.995000E-01   -1.037909E+01    1.342579E+02   -1.664002E+02    0.000000E+00    0.000000E+00    0.000000E+00   -3.265465E+02   -3.064497E+01   -4.271486E+00    0.000000E+00    0.000000E+00    0.000000E+00
5.005000E-01   -1.718356E+01    1.142235E+02   -1.750135E+02    0.000000E+00    0.000000E+00    0.000000E+00   -3.171261E+02   -3.849012E+01    5.992151E+00    0.000000E+00    0.000000E+00    0.000000E+00
5.015000E-01   -1.198964E+01    1.214900E+02   -1.688981E+02    0.000000E+00    0.000000E+00    0.000000E+00   -3.179251E+02   -3.254033E+01   -8.425226E-01    0.000000E+00    0.000000E+00    0.000000E+00
5.025000E-01   -1.904990E+01    8.229069E+01   -2.060538E+02    0.000000E+00    0.000000E+00    0.000000E+00   -3.221052E+02   -4.422108E+01    1.210731E+01    0.000000E+00    0.000000E+00    0.000000E+00
5.035000E-01   -1.458947E+01    1.367765E+02   -1.665501E+02    0.000000E+00    0.000000E+00    0.000000E+00   -3.323422E+02   -3.495668E+01    4.532742E-01    0.000000E+00    0.000000E+00    0.000000E+00
5.045000E-01   -1.320144E+01    1.139483E+02   -1.893133E+02    0.000000E+00    0.000000E+00    0.000000E+00   -3.364201E+02   -3.628508E+01    1.620454E+00    0.000000E+00    0.000000E+00    0.000000E+00
5.055000E-01   -1.615510E+01    1.102602E+02   -1.950349E+02    0.000000E+00    0.000000E+00    0.000000E+00   -3.401901E+02   -4.001087E+01    5.540068E+00    0.000000E+00    0.000000E+00    0.000000E+00
5.065000E-01   -1.660728E+01    1.173505E+02   -1.810140E+02    0.000000E+00    0.000000E+00    0.000000E+00   -3.317768E+02   -3.875996E+01    5.310481E+00    0.000000E+00    0.000000E+00    0.000000E+00
5.075000E-01   -1.544705E+01    1.232586E+02   -1.737650E+02    0.000000E+00    0.000000E+00    0.000000E+00   -3.304017E+02   -3.675782E+01    3.277154E+00    0.000000E+00    0.000000E+00    0.000000E+00
5.085000E-01   -1.453882E+01    1.314979E+02   -1.857103E+02    0.000000E+00    0.000000E+00    0.000000E+00   -3.537293E+02   -3.714936E+01    1.349576E+00    0.000000E+00    0.000000E+00    0.000000E+00
5.095000E-01   -1.480328E+01    1.071840E+02   -1.884912E+02    0.000000E+00    0.000000E+00    0.000000E+00   -3.328769E+02   -3.789228E+01    4.604585E+00    0.000000E+00    0.000000E+00    0.000000E+00
5.105000E-01   -1.753631E+01    1.808833E+02   -1.358706E+02    0.000000E+00    0.000000E+00    0.000000E+00   -3.484516E+02   -3.427508E+01   -7.715444E-01    0.000000E+00    0.000000E+00    0.000000E+00
5.115000E-01   -1.416329E+01    8.913625E+01   -2.105467E+02    0.000000E+00    0.000000E+00    0.000000E+00   -3.420098E+02   -3.993347E+01    6.023331E+00    0.000000E+00    0.000000E+00    0.000000E+00
5.125000E-01   -1.957204E+01    1.190891E+02   -1.804965E+02    0.000000E+00    0.000000E+00    0.000000E+00   -3.381646E+02   -4.191447E+01    9.023712E+00    0.000000E+00    0.000000E+00    0.000000E+00
5.135000E-01   -9.065640E+00    1.508327E+02   -1.365092E+02    0.000000E+00    0.000000E+00    0.000000E+00   -3.211991E+02   -2.567172E+01   -7.005860E+00    0.000000E+00    0.000000E+00    0.000000E+00
5.145000E-01   -1.730520E+01    1.333013E+02   -1.848307E+02    0.000000E+00    0.000000E+00    0.000000E+00   -3.593533E+02   -3.990138E+01    4.758640E+00    0.000000E+00    0.000000E+00    0.000000E+00
5.155000E-01   -1.865835E+01    1.122437E+02   -1.676720E+02    0.000000E+00    0.000000E+00    0.000000E+00   -3.183339E+02   -3.947616E+01    8.953387E+00    0.000000E+00    0.000000E+00    0.000000E+00
5.165000E-01   -1.308025E+01    9.285702E+01   -1.867609E+02    0.000000E+00    0.000000E+00    0.000000E+00   -3.216614E+02   -3.578282E+01    4.724253E+00    0.000000E+00    0.000000E+00    0.000000E+00
5.175000E-01   -1.883239E+01    1.104822E+02   -1.726501E+02    0.000000E+00    0.000000E+00    0.000000E+00   -3.239373E+02   -4.019398E+01    9.581753E+00    0.000000E+00    0.000000E+00    0.000000E+00
5.185000E-01   -1.434338E+01    1.030524E+02   -1.820355E+02    0.000000E+00    0.000000E+00    0.000000E+00   -3.284260E+02   -3.652155E+01    5.206030E+00    0.000000E+00    0.000000E+00    0.000000E+00
5.195000E-01   -1.722236E+01    1.167739E+02   -1.688536E+02    0.000000E+00    0.000000E+00    0.000000E+00   -3.275996E+02   -3.798968E+01    7.144731E+00    0.000000E+00    0.000000E+00    0.000000E+00
5.205000E-01   -1.684427E+01    1.020872E+02   -1.751010E+02    0.000000E+00    0.000000E+00    0.000000E+00   -3.203672E+02   -3.830626E+01    8.504304E+00    0.000000E+00    0.000000E+00    0.000000E+00
5.215000E-01   -1.253649E+01    1.413265E+02   -1.525191E+02    0.000000E+00    0.000000E+00    0.000000E+00   -3.356179E+02   -3.094540E+01   -1.091093E+00    0.000000E+00    0.000000E+00    0.000000E+00
5.225000E-01   -1.250598E+01    1.196300E+02   -1.438463E+02    0.000000E+00    0.000000E+00    0.000000E+00   -3.043529E+02   -2.985444E+01    1.482572E+00    0.000000E+00    0.000000E+00    0.000000E+00
5.235000E-01   -1.225265E+01    1.353761E+02   -1.456958E+02    0.000000E+00    0.000000E+00    0.000000E+00   -3.229668E+02   -2.969059E+01   -5.691090E-01    0.000000E+00    0.000000E+00    0.000000E+00
5.245000E-01   -2.350719E+01    9.084218E+01   -1.895968E+02    0.000000E+00    0.000000E+00    0.000000E+00   -3.295019E+02   -4.706958E+01    1.821231E+01    0.000000E+00    0.000000E+00    0.000000E+00
5.255000E-01   -2.045270E+01    9.864047E+01   -1.877622E+02    0.000000E+00    0.000000E+00    0.000000E+00   -3.357119E+02   -4.350564E+01    1.375118E+01    0.000000E+00    0.000000E+00    0.000000E+00
5.265000E-01   -1.004207E+01    1.663541E+02   -1.204526E+02    0.000000E+00    0.000000E+00    0.000000E+00   -3.288369E+02   -2.428410E+01   -6.212445E+00    0.000000E+00    0.000000E+00    0.000000E+00
5.275000E-01   -1.505679E+01    9.961364E+01   -1.685570E+02    0.000000E+00    0.000000E+00    0.000000E+00   -3.151244E+02   -3.525521E+01    7.173585E+00    0.000000E+00    0.000000E+00    0.000000E+00
5.285000E-01   -2.795440E+01    9.681174E+01   -1.855022E+02    0.000000E+00    0.000000E+00    0.000000E+00   -3.333210E+02   -5.125305E+01    2.346731E+01    0.000000E+00    0.000000E+00    0.000000E+00
5.295000E-01   -1.108201E+01    1.504185E+02   -1.520098E+02    0.000000E+00    0.000000E+00    0.000000E+00   -3.511007E+02   -2.879899E+01   -2.859399E+00    0.000000E+00    0.000000E+00    0.000000E+00
5.305000E-01   -1.074387E+01    1.462961E+02   -1.406914E+02    0.000000E+00    0.000000E+00    0.000000E+00   -3.344708E+02   -2.699886E+01   -2.664428E+00    0.000000E+00    0.000000E+00    0.000000E+00
5.315000E-01   -1.325517E+01    1.535951E+02   -1.634374E+02    0.000000E+00    0.000000E+00    0.000000E+00   -3.704634E+02   -3.212753E+01   -3.092905E-01    0.000000E+00    0.000000E+00    0.000000E+00
5.325000E-01   -1.904217E+01    1.000982E+02   -1.547880E+02    0.000000E+00    0.000000E+00    0.000000E+00   -3.018841E+02   -3.767299E+01    1.273986E+01    0.000000E+00    0.000000E+00    0.000000E+00
5.335000E-01   -1.123088E+01    1.816099E+02   -1.818210E+02    0.000000E+00    0.000000E+00    0.000000E+00   -4.247309E+02   -3.168881E+01   -5.471445E+00    0.000000E+00    0.000000E+00    0.000000E+00
5.345000E-01   -2.341763E+01    8.234914E+01   -1.527707E+02    0.000000E+00    0.000000E+00    0.000000E+00   -2.812775E+02   -4.225672E+01    2.027788E+01    0.000000E+00    0.000000E+00    0.000000E+00
5.355000E-01   -1.685583E+01    1.276112E+02   -1.467292E+02    0.000000E+00    0.000000E+00    0.000000E+00   -3.236307E+02   -3.409016E+01    7.545039E+00    0.000000E+00    0.000000E+00    0.000000E+00
5.365000E-01   -2.084504E+01    9.645863E+01   -1.689107E+02    0.000000E+00    0.000000E+00    0.000000E+00   -3.179632E+02   -4.090352E+01    1.584284E+01    0.000000E+00    0.000000E+00    0.000000E+00
5.375000E-01   -2.014720E+01    1.305334E+02   -1.378508E+02    0.000000E+00    0.000000E+00    0.000000E+00   -3.173205E+02   -3.664160E+01    1.172317E+01    0.000000E+00    0.000000E+00    0.000000E+00
5.385000E-01   -1.619846E+01    1.061247E+02   -1.582103E+02    0.000000E+00    0.000000E+00    0.000000E+00   -3.161906E+02   -3.434121E+01    9.357272E+00    0.000000E+00    0.000000E+00    0.000000E+00
5.395000E-01   -1.629776E+01    1.124754E+02   -1.468722E+02    0.000000E+00    0.000000E+00    0.000000E+00   -3.102080E+02   -3.304704E+01    9.142874E+00    0.000000E+00    0.000000E+00    0.000000E+00
5.405000E-01   -2.007263E+01    1.195806E+02   -1.466362E+02    0.000000E+00    0.000000E+00    0.000000E+00   -3.180660E+02   -3.711326E+01    1.331696E+01    0.000000E+00    0.000000E+00    0.000000E+00
5.415000E-01   -1.033858E+01    1.257746E+02   -1.368370E+02    0.000000E+00    0.000000E+00    0.000000E+00   -3.131423E+02   -2.508850E+01    6.203022E-01    0.000000E+00    0.000000E+00    0.000000E+00
5.425000E-01   -2.542137E+01    9.853529E+01   -1.615949E+02    0.000000E+00    0.000000E+00    0.000000E+00   -3.144978E+02   -4.450342E+01    2.232719E+01    0.000000E+00    0.000000E+00    0.000000E+00
5.435000E-01   -1.447321E+01    1.315306E+02   -1.278292E+02    0.000000E+00    0.000000E+00    0.000000E+00   -3.097946E+02   -2.836875E+01    5.852260E+00    0.000000E+00    0.000000E+00    0.000000E+00
5.445000E-01   -1.213204E+01    1.308071E+02   -1.473416E+02    0.000000E+00    0.000000E+00    0.000000E+00   -3.341419E+02   -2.755212E+01    3.037086E+00    0.000000E+00    0.000000E+00    0.000000E+00
5.455000E-01   -3.442160E+01    1.117054E+02   -1.569850E+02    0.000000E+00    0.000000E+00    0.000000E+00   -3.248791E+02   -5.379457E+01    3.291416E+01    0.000000E+00    0.000000E+00    0.000000E+00
5.465000E-01   -3.346740E+01    1.088941E+02   -1.704553E+02    0.000000E+00    0.000000E+00    0.000000E+00   -3.399601E+02   -5.391373E+01    3.240805E+01    0.000000E+00    0.000000E+00    0.000000E+00
5.475000E-01   -1.651721E+01    1.253711E+02   -1.493126E+02    0.000000E+00    0.000000E+00    0.000000E+00   -3.323719E+02   -3.214028E+01    9.840852E+00    0.000000E+00    0.000000E+00    0.000000E+00
5.485000E-01   -1.509624E+01    1.278067E+02   -1.296265E+02    0.000000E+00    0.000000E+00    0.000000E+00   -3.105180E+02   -2.858588E+01    7.984416E+00    0.000000E+00    0.000000E+00    0.000000E+00
5.495000E-01   -6.240621E+00    1.364093E+02   -1.315913E+02    0.000000E+00    0.000000E+00    0.000000E+00   -3.230214E+02   -1.834555E+01   -3.748525E+00    0.000000E+00    0.000000E+00    0.000000E+00
5.505000E-01   -2.455815E+01    1.082445E+02   -1.432028E+02    0.000000E+00    0.000000E+00    0.000000E+00   -3.069751E+02   -4.017004E+01    2.215622E+01    0.000000E+00    0.000000E+00    0.000000E+00
5.515000E-01   -1.454264E+01    1.344535E+02   -1.385885E+02    0.000000E+00    0.000000E+00    0.000000E+00   -3.308321E+02   -2.804342E+01    7.445648E+00    0.000000E+00    0.000000E+00    0.000000E+00
5.525000E-01   -7.714884E+00    1.207491E+02   -1.143039E+02    0.000000E+00    0.000000E+00    0.000000E+00   -2.850162E+02   -1.797460E+01    2.490451E-01    0.000000E+00    0.000000E+00    0.000000E+00
5.535000E-01   -3.875159E+01    9.538501E+01   -1.478918E+02    0.000000E+00    0.000000E+00    0.000000E+00   -2.994014E+02   -5.625440E+01    4.191023E+01    0.000000E+00    0.000000E+00    0.000000E+00
5.545000E-01   -4.170761E+01    1.097060E+02   -1.554037E+02    0.000000E+00    0.000000E+00    0.000000E+00   -3.254730E+02   -6.030621E+01    4.475869E+01    0.000000E+00    0.000000E+00    0.000000E+00
5.555000E-01   -3.391931E+01    1.117913E+02   -1.580773E+02    0.000000E+00    0.000000E+00    0.000000E+00   -3.324975E+02   -5.080132E+01    3.528948E+01    0.000000E+00    0.000000E+00    0.000000E+00
5.565000E-01   -2.107390E+01    1.313529E+02   -1.408703E+02    0.000000E+00    0.000000E+00    0.000000E+00   -3.327685E+02   -3.451384E+01    1.768077E+01    0.000000E+00    0.000000E+00    0.000000E+00
5.575000E-01   -3.679857E+01    1.082568E+02   -1.502386E+02    0.000000E+00    0.000000E+00    0.000000E+00   -3.191657E+02   -5.303870E+01    3.982889E+01    0.000000E+00    0.000000E+00    0.000000E+00
5.585000E-01   -4.355586E+01    1.004994E+02   -1.483012E+02    0.000000E+00    0.000000E+00    0.000000E+00   -3.075856E+02   -6.067549E+01    4.920708E+01    0.000000E+00    0.000000E+00    0.000000E+00
5.595000E-01   -4.643108E+01    1.027956E+02   -1.476879E+02    0.000000E+00    0.000000E+00    0.000000E+00   -3.104904E+02   -6.360473E+01    5.333458E+01    0.000000E+00    0.000000E+00    0.000000E+00
5.605000E-01   -1.711976E+01    1.312058E+02   -1.379638E+02    0.000000E+00    0.000000E+00    0.000000E+00   -3.312271E+02   -2.789910E+01    1.448859E+01    0.000000E+00    0.000000E+00    0.000000E+00
5.615000E-01   -3.621314E+01    9.694579E+01   -1.220395E+02    0.000000E+00    0.000000E+00    0.000000E+00   -2.713149E+02   -4.936333E+01    4.113539E+01    0.000000E+00    0.000000E+00    0.000000E+00
5.625000E-01    2.932020E-01    1.497432E+02   -1.333809E+02    0.000000E+00    0.000000E+00    0.000000E+00   -3.475570E+02   -6.302749E+00   -8.123281E+00    0.000000E+00    0.000000E+00    0.000000E+00
5.635000E-01   -5.045349E+01    7.875012E+01   -1.310526E+02    0.000000E+00    0.000000E+00    0.000000E+00   -2.627210E+02   -6.596970E+01    6.111729E+01    0.000000E+00    0.000000E+00    0.000000E+00
5.645000E-01   -4.198894E+01    1.176534E+02   -1.364955E+02    0.000000E+00    0.000000E+00    0.000000E+00   -3.152575E+02   -5.573577E+01    4.881047E+01    0.000000E+00    0.000000E+00    0.000000E+00
5.655000E-01   -5.283416E+01    1.128023E+02   -1.494619E+02    0.000000E+00    0.000000E+00    0.000000E+00   -3.271917E+02   -6.882745E+01    6.369639E+01    0.000000E+00    0.000000E+00    0.000000E+00
5.665000E-01   -3.929612E+01    1.230975E+02   -1.348659E+02    0.000000E+00    0.000000E+00    0.000000E+00   -3.204393E+02   -5.157968E+01    4.630117E+01    0.000000E+00    0.000000E+00    0.000000E+00
5.675000E-01    5.436358E+00    1.468385E+02   -1.244030E+02    0.000000E+00    0.000000E+00    0.000000E+00   -3.348799E+02    2.431526E+00   -1.194505E+01    0.000000E+00    0.000000E+00    0.000000E+00
5.685000E-01   -3.642735E+01    1.011231E+02   -1.149664E+02    0.000000E+00    0.000000E+00    0.000000E+00   -2.696162E+02   -4.658596E+01    4.420954E+01    0.000000E+00    0.000000E+00    0.000000E+00
5.695000E-01   -1.574551E+01    1.188112E+02   -1.253725E+02    0.000000E+00    0.000000E+00    0.000000E+00   -3.039165E+02   -2.171737E+01    1.737952E+01    0.000000E+00    0.000000E+00    0.000000E+00
5.705000E-01   -1.827770E+01    1.400185E+02   -1.230235E+02    0.000000E+00    0.000000E+00    0.000000E+00   -3.261894E+02   -2.423915E+01    2.077669E+01    0.000000E+00    0.000000E+00    0.000000E+00
5.715000E-01   -9.774250E+00    1.284402E+02   -1.276268E+02    0.000000E+00    0.000000E+00    0.000000E+00   -3.188451E+02   -1.353059E+01    1.055359E+01    0.000000E+00    0.000000E+00    0.000000E+00
5.725000E-01   -3.586477E+01    1.196925E+02   -1.281694E+02    0.000000E+00    0.000000E+00    0.000000E+00   -3.092824E+02   -4.428664E+01    4.500977E+01    0.000000E+00    0.000000E+00    0.000000E+00
5.735000E-01   -5.132008E+01    1.074479E+02   -1.262421E+02    0.000000E+00    0.000000E+00    0.000000E+00   -2.931482E+02   -6.203238E+01    6.615885E+01    0.000000E+00    0.000000E+00    0.000000E+00
5.745000E-01   -1.137228E+01    1.276449E+02   -1.244429E+02    0.000000E+00    0.000000E+00    0.000000E+00   -3.144017E+02   -1.341012E+01    1.467327E+01    0.000000E+00    0.000000E+00    0.000000E+00
5.755000E-01   -1.606001E+01    1.287410E+02   -1.169850E+02    0.000000E+00    0.000000E+00    0.000000E+00   -3.061758E+02   -1.872764E+01    2.133638E+01    0.000000E+00    0.000000E+00    0.000000E+00
5.765000E-01   -2.044844E+01    1.152345E+02   -1.188153E+02    0.000000E+00    0.000000E+00    0.000000E+00   -2.931617E+02   -2.321198E+01    2.779165E+01    0.000000E+00    0.000000E+00    0.000000E+00
5.775000E-01   -8.715852E+00    1.158278E+02   -1.156699E+02    0.000000E+00    0.000000E+00    0.000000E+00   -2.894341E+02   -8.652110E+00    1.288402E+01    0.000000E+00    0.000000E+00    0.000000E+00
5.785000E-01   -8.252572E+00    1.205347E+02   -1.095203E+02    0.000000E+00    0.000000E+00    0.000000E+00   -2.871333E+02   -7.620128E+00    1.313252E+01    0.000000E+00    0.000000E+00    0.000000E+00
5.795000E-01    2.345745E+01    1.165801E+02   -1.112454E+02    0.000000E+00    0.000000E+00    0.000000E+00   -2.849137E+02    3.212755E+01   -2.733223E+01    0.000000E+00    0.000000E+00    0.000000E+00
5.805000E-01   -1.099287E+01    1.217168E+02   -1.158254E+02    0.000000E+00    0.000000E+00    0.000000E+00   -2.967813E+02   -9.339436E+00    1.784586E+01    0.000000E+00    0.000000E+00    0.000000E+00
5.815000E-01   -5.677704E+00    1.317320E+02   -1.229839E+02    0.000000E+00    0.000000E+00    0.000000E+00   -3.179262E+02   -2.613274E+00    1.188032E+01    0.000000E+00    0.000000E+00    0.000000E+00
5.825000E-01   -4.058288E+01    1.100146E+02   -1.116346E+02    0.000000E+00    0.000000E+00    0.000000E+00   -2.777378E+02   -4.536775E+01    5.667889E+01    0.000000E+00    0.000000E+00    0.000000E+00
5.835000E-01    2.410245E+01    1.172694E+02   -1.143687E+02    0.000000E+00    0.000000E+00    0.000000E+00   -2.894983E+02    3.427354E+01   -2.593143E+01    0.000000E+00    0.000000E+00    0.000000E+00
5.845000E-01   -1.281506E+01    1.201425E+02   -9.662638E+01    0.000000E+00    0.000000E+00    0.000000E+00   -2.697548E+02   -1.086891E+01    2.227679E+01    0.000000E+00    0.000000E+00    0.000000E+00
5.855000E-01   -5.017311E+00    1.160447E+02   -1.091530E+02    0.000000E+00    0.000000E+00    0.000000E+00   -2.815702E+02   -3.618430E-01    1.272371E+01    0.000000E+00    0.000000E+00    0.000000E+00
5.865000E-01    6.593930E+00    1.130354E+02   -1.033317E+02    0.000000E+00    0.000000E+00    0.000000E+00   -2.701537E+02    1.409120E+01   -1.926801E+00    0.000000E+00    0.000000E+00    0.000000E+00
5.875000E-01   -3.051614E+01    1.172605E+02   -1.027238E+02    0.000000E+00    0.000000E+00    0.000000E+00   -2.748351E+02   -3.000095E+01    4.726803E+01    0.000000E+00    0.000000E+00    0.000000E+00
5.885000E-01   -4.772042E+01    1.202488E+02   -9.617603E+01    0.000000E+00    0.000000E+00    0.000000E+00   -2.694328E+02   -5.075727E+01    7.050091E+01    0.000000E+00    0.000000E+00    0.000000E+00
5.895000E-01   -1.287995E+01    1.241311E+02   -1.025733E+02    0.000000E+00    0.000000E+00    0.000000E+00   -2.820443E+02   -7.562076E+00    2.638410E+01    0.000000E+00    0.000000E+00    0.000000E+00
5.905000E-01   -7.239776E+00    1.116589E+02   -1.050013E+02    0.000000E+00    0.000000E+00    0.000000E+00   -2.704817E+02    2.195579E-01    1.900657E+01    0.000000E+00    0.000000E+00    0.000000E+00
5.915000E-01    1.275322E+01    1.162778E+02   -1.015748E+02    0.000000E+00    0.000000E+00    0.000000E+00   -2.706511E+02    2.483321E+01   -6.315058E+00    0.000000E+00    0.000000E+00    0.000000E+00
5.925000E-01   -4.083529E+01    1.085105E+02   -9.055193E+01    0.000000E+00    0.000000E+00    0.000000E+00   -2.477421E+02   -4.053044E+01    6.329880E+01    0.000000E+00    0.000000E+00    0.000000E+00
5.935000E-01    2.101576E+01    1.400813E+02   -1.211215E+02    0.000000E+00    0.000000E+00    0.000000E+00   -3.238957E+02    3.741229E+01   -1.307783E+01    0.000000E+00    0.000000E+00    0.000000E+00
5.945000E-01   -2.337925E+00    1.214284E+02   -9.146181E+01    0.000000E+00    0.000000E+00    0.000000E+00   -2.633778E+02    7.319798E+00    1.647568E+01    0.000000E+00    0.000000E+00    0.000000E+00
5.955000E-01    1.268542E+01    1.121043E+02   -1.054844E+02    0.000000E+00    0.000000E+00    0.000000E+00   -2.702805E+02    2.731763E+01   -3.808809E+00    0.000000E+00    0.000000E+00    0.000000E+00
5.965000E-01   -1.625895E+01    1.098447E+02   -9.220218E+01    0.000000E+00    0.000000E+00    0.000000E+00   -2.505758E+02   -8.298600E+00    3.417722E+01    0.000000E+00    0.000000E+00    0.000000E+00
5.975000E-01    1.064425E+01    1.098041E+02   -1.004765E+02    0.000000E+00    0.000000E+00    0.000000E+00   -2.601525E+02    2.564530E+01    3.201339E-01    0.000000E+00    0.000000E+00    0.000000E+00
5.985000E-01    1.433048E+00    1.156040E+02   -1.010003E+02    0.000000E+00    0.000000E+00    0.000000E+00   -2.679681E+02    1.526451E+01    1.327126E+01    0.000000E+00    0.000000E+00    0.000000E+00
5.995000E-01    2.241115E+01    1.102877E+02   -1.087686E+02    0.000000E+00    0.000000E+00    0.000000E+00   -2.708111E+02    4.222507E+01   -1.356927E+01    0.000000E+00    0.000000E+00    0.000000E+00
6.005000E-01    4.483927E+01    1.021256E+02   -1.105833E+02    0.000000E+00    0.000000E+00    0.000000E+00   -2.629406E+02    7.017486E+01   -4.253524E+01    0.000000E+00    0.000000E+00    0.000000E+00
6.015000E-01   -4.115113E+01    1.191852E+02   -8.265101E+01    0.000000E+00    0.000000E+00    0.000000E+00   -2.481599E+02   -3.709046E+01    6.988697E+01    0.000000E+00    0.000000E+00    0.000000E+00
6.025000E-01    1.592825E+00    1.100542E+02   -1.012716E+02    0.000000E+00    0.000000E+00    0.000000E+00   -2.602379E+02    1.762592E+01    1.515775E+01    0.000000E+00    0.000000E+00    0.000000E+00
6.035000E-01   -4.206817E+00    1.041134E+02   -8.052921E+01    0.000000E+00    0.000000E+00    0.000000E+00   -2.262523E+02    8.578249E+00    2.260186E+01    0.000000E+00    0.000000E+00    0.000000E+00
6.045000E-01   -1.623739E+01    1.305693E+02   -1.008297E+02    0.000000E+00    0.000000E+00    0.000000E+00   -2.835234E+02   -2.487580E+00    4.225902E+01    0.000000E+00    0.000000E+00    0.000000E+00
6.055000E-01    2.832229E+01    9.931968E+01   -1.069196E+02    0.000000E+00    0.000000E+00    0.000000E+00   -2.529665E+02    5.340478E+01   -1.762110E+01    0.000000E+00    0.000000E+00    0.000000E+00
6.065000E-01    1.457091E+01    1.157808E+02   -1.073026E+02    0.000000E+00    0.000000E+00    0.000000E+00   -2.730550E+02    3.711921E+01    2.234790E+00    0.000000E+00    0.000000E+00    0.000000E+00
6.075000E-01    2.532756E+01    1.116961E+02   -1.097518E+02    0.000000E+00    0.000000E+00    0.000000E+00   -2.705785E+02    5.116339E+01   -1.071722E+01    0.000000E+00    0.000000E+00    0.000000E+00
6.085000E-01    7.514521E+00    1.271679E+02   -1.017618E+02    0.000000E+00    0.000000E+00    0.000000E+00   -2.782168E+02    2.887407E+01    1.501839E+01    0.000000E+00    0.000000E+00    0.000000E+00
6.095000E-01    4.711310E+01    1.023740E+02   -1.108813E+02    0.000000E+00    0.000000E+00    0.000000E+00   -2.598797E+02    7.846400E+01   -3.854369E+01    0.000000E+00    0.000000E+00    0.000000E+00
6.105000E-01   -1.947044E+01    1.243885E+02   -8.932455E+01    0.000000E+00    0.000000E+00    0.000000E+00   -2.592083E+02   -4.683733E+00    5.000699E+01    0.000000E+00    0.000000E+00    0.000000E+00
6.115000E-01    4.026324E+01    8.443664E+01   -9.216628E+01    0.000000E+00    0.000000E+00    0.000000E+00   -2.140351E+02    6.872738E+01   -3.112179E+01    0.000000E+00    0.000000E+00    0.000000E+00
6.125000E-01    1.445276E+01    1.217960E+02   -1.041407E+02    0.000000E+00    0.000000E+00    0.000000E+00   -2.730992E+02    4.038091E+01    8.929107E+00    0.000000E+00    0.000000E+00    0.000000E+00
6.135000E-01    1.439057E+01    1.219568E+02   -9.901149E+01    0.000000E+00    0.000000E+00    0.000000E+00   -2.663118E+02    3.994307E+01    9.918529E+00    0.000000E+00    0.000000E+00    0.000000E+00
6.145000E-01    2.261236E+01    1.039257E+02   -9.486297E+01    0.000000E+00    0.000000E+00    0.000000E+00   -2.399710E+02    4.865299E+01   -4.246808E+00    0.000000E+00    0.000000E+00    0.000000E+00
6.155000E-01    4.776448E+01    1.198879E+02   -1.247627E+02    0.000000E+00    0.000000E+00    0.000000E+00   -2.946473E+02    8.601498E+01   -3.066757E+01    0.000000E+00    0.000000E+00    0.000000E+00
6.165000E-01    4.110637E+01    1.031027E+02   -1.032153E+02    0.000000E+00    0.000000E+00    0.000000E+00   -2.481593E+02    7.369482E+01   -2.585718E+01    0.000000E+00    0.000000E+00    0.000000E+00
6.175000E-01    1.370821E+01    8.271602E+01   -7.262584E+01    0.000000E+00    0.000000E+00    0.000000E+00   -1.862072E+02    3.485147E+01    4.054091E+00    0.000000E+00    0.000000E+00    0.000000E+00
6.185000E-01    5.894301E+01    1.018178E+02   -1.189335E+02    0.000000E+00    0.000000E+00    0.000000E+00   -2.637252E+02    1.007209E+02   -4.520621E+01    0.000000E+00    0.000000E+00    0.000000E+00
6.195000E-01    1.258421E+01    1.028022E+02   -8.621288E+01    0.000000E+00    0.000000E+00    0.000000E+00   -2.254238E+02    3.783082E+01    1.163170E+01    0.000000E+00    0.000000E+00    0.000000E+00
6.205000E-01    5.951413E+01    9.006669E+01   -1.126315E+02    0.000000E+00    0.000000E+00    0.000000E+00   -2.412473E+02    1.005410E+02   -4.779729E+01    0.000000E+00    0.000000E+00    0.000000E+00
6.215000E-01    3.832995E+01    9.067636E+01   -1.022798E+02    0.000000E+00    0.000000E+00    0.000000E+00   -2.291610E+02    7.411246E+01   -2.071279E+01    0.000000E+00    0.000000E+00    0.000000E+00
6.225000E-01    1.988029E+01    9.757573E+01   -8.693383E+01    0.000000E+00    0.000000E+00    0.000000E+00   -2.178223E+02    4.877743E+01    4.391297E+00    0.000000E+00    0.000000E+00    0.000000E+00
6.235000E-01    3.949407E+01    1.022373E+02   -1.129137E+02    0.000000E+00    0.000000E+00    0.000000E+00   -2.539611E+02    7.928434E+01   -1.764727E+01    0.000000E+00    0.000000E+00    0.000000E+00
6.245000E-01    4.514893E+01    1.009081E+02   -1.142121E+02    0.000000E+00    0.000000E+00    0.000000E+00   -2.534730E+02    8.683079E+01   -2.430380E+01    0.000000E+00    0.000000E+00    0.000000E+00
6.255000E-01    4.850766E+01    9.458220E+01   -1.133069E+02    0.000000E+00    0.000000E+00    0.000000E+00   -2.445939E+02    9.090638E+01   -2.960140E+01    0.000000E+00    0.000000E+00    0.000000E+00
6.265000E-01    4.690613E+01    1.074777E+02   -1.237421E+02    0.000000E+00    0.000000E+00    0.000000E+00   -2.715450E+02    9.249967E+01   -2.320973E+01    0.000000E+00    0.000000E+00    0.000000E+00
6.275000E-01    5.368092E+01    1.034428E+02   -1.189905E+02    0.000000E+00    0.000000E+00    0.000000E+00   -2.603712E+02    9.928104E+01   -3.158564E+01    0.000000E+00    0.000000E+00    0.000000E+00
6.285000E-01    3.029921E+01    1.089086E+02   -1.036651E+02    0.000000E+00    0.000000E+00    0.000000E+00   -2.481356E+02    6.799789E+01   -1.462397E+00    0.000000E+00    0.000000E+00    0.000000E+00
6.295000E-01    4.189085E+01    1.022391E+02   -1.099017E+02    0.000000E+00    0.000000E+00    0.000000E+00   -2.465235E+02    8.439244E+01   -1.601288E+01    0.000000E+00    0.000000E+00    0.000000E+00
6.305000E-01    4.608184E+01    1.016912E+02   -1.148437E+02    0.000000E+00    0.000000E+00    0.000000E+00   -2.514370E+02    9.126797E+01   -2.082800E+01    0.000000E+00    0.000000E+00    0.000000E+00
6.315000E-01    5.016204E+01    9.845472E+01   -1.146773E+02    0.000000E+00    0.000000E+00    0.000000E+00   -2.466188E+02    9.640550E+01   -2.578350E+01    0.000000E+00    0.000000E+00    0.000000E+00
6.325000E-01    3.458652E+01    1.042878E+02   -1.075019E+02    0.000000E+00    0.000000E+00    0.000000E+00   -2.444695E+02    7.662781E+01   -4.692255E+00    0.000000E+00    0.000000E+00    0.000000E+00
6.335000E-01    2.827083E+01    1.136814E+02   -1.049108E+02    0.000000E+00    0.000000E+00    0.000000E+00   -2.513056E+02    6.893811E+01    6.627445E+00    0.000000E+00    0.000000E+00    0.000000E+00
6.345000E-01    5.772342E+01    7.938688E+01   -1.110314E+02    0.000000E+00    0.000000E+00    0.000000E+00   -2.188657E+02    1.051915E+02   -3.925010E+01    0.000000E+00    0.000000E+00    0.000000E+00
6.355000E-01    3.474622E+01    9.784708E+01   -1.049191E+02    0.000000E+00    0.000000E+00    0.000000E+00   -2.319723E+02    7.757100E+01   -5.069276E+00    0.000000E+00    0.000000E+00    0.000000E+00
6.365000E-01    4.883992E+01    1.000400E+02   -1.062537E+02    0.000000E+00    0.000000E+00    0.000000E+00   -2.346973E+02    9.473229E+01   -1.930228E+01    0.000000E+00    0.000000E+00    0.000000E+00
6.375000E-01    4.600719E+01    1.026414E+02   -1.190835E+02    0.000000E+00    0.000000E+00    0.000000E+00   -2.524092E+02    9.662174E+01   -1.472609E+01    0.000000E+00    0.000000E+00    0.000000E+00
6.385000E-01    5.354729E+01    8.983403E+01   -1.004969E+02    0.000000E+00    0.000000E+00    0.000000E+00   -2.154345E+02    9.866512E+01   -2.723344E+01    0.000000E+00    0.000000E+00    0.000000E+00
6.395000E-01    4.167240E+01    1.086530E+02   -1.172599E+02    0.000000E+00    0.000000E+00    0.000000E+00   -2.555201E+02    9.191289E+01   -5.968524E+00    0.000000E+00    0.000000E+00    0.000000E+00
6.405000E-01    5.116345E+01    9.004004E+01   -1.134276E+02    0.000000E+00    0.000000E+00    0.000000E+00   -2.285121E+02    1.026186E+02   -2.219061E+01    0.000000E+00    0.000000E+00    0.000000E+00
6.415000E-01    5.637188E+01    1.005381E+02   -1.220765E+02    0.000000E+00    0.000000E+00    0.000000E+00   -2.498392E+02    1.115795E+02   -2.427597E+01    0.000000E+00    0.000000E+00    0.000000E+00
6.425000E-01    5.942348E+01    8.862414E+01   -1.235715E+02    0.000000E+00    0.000000E+00    0.000000E+00   -2.363717E+02    1.170758E+02   -3.057789E+01    0.000000E+00    0.000000E+00    0.000000E+00
6.435000E-01    3.434670E+01    1.191595E+02   -1.098820E+02    0.000000E+00    0.000000E+00    0.000000E+00   -2.558510E+02    8.284109E+01    9.309463E+00    0.000000E+00    0.000000E+00    0.000000E+00
6.445000E-01    3.993130E+01    1.013296E+02   -1.114098E+02    0.000000E+00    0.000000E+00    0.000000E+00   -2.362431E+02    9.044141E+01   -2.550435E+00    0.000000E+00    0.000000E+00    0.000000E+00
6.455000E-01    2.793727E+01    1.189789E+02   -1.062540E+02    0.000000E+00    0.000000E+00    0.000000E+00   -2.498966E+02    7.508675E+01    1.811549E+01    0.000000E+00    0.000000E+00    0.000000E+00
6.465000E-01    5.098616E+01    9.977911E+01   -1.146286E+02    0.000000E+00    0.000000E+00    0.000000E+00   -2.361647E+02    1.052780E+02   -1.408859E+01    0.000000E+00    0.000000E+00    0.000000E+00
6.475000E-01    2.242128E+01    1.312384E+02   -1.123266E+02    0.000000E+00    0.000000E+00    0.000000E+00   -2.681683E+02    7.288834E+01    3.115682E+01    0.000000E+00    0.000000E+00    0.000000E+00
6.485000E-01    4.305843E+01    1.049999E+02   -1.131213E+02    0.000000E+00    0.000000E+00    0.000000E+00   -2.382066E+02    9.721895E+01   -1.079950E+00    0.000000E+00    0.000000E+00    0.000000E+00
6.495000E-01    4.391579E+01    1.059173E+02   -1.166266E+02    0.000000E+00    0.000000E+00    0.000000E+00   -2.422391E+02    1.001088E+02   -1.035912E+00    0.000000E+00    0.000000E+00    0.000000E+00
6.505000E-01    2.453450E+01    1.309310E+02   -1.080230E+02    0.000000E+00    0.000000E+00    0.000000E+00   -2.598836E+02    7.510095E+01    3.144477E+01    0.000000E+00    0.000000E+00    0.000000E+00
6.515000E-01    3.780385E+01    1.211160E+02   -1.221785E+02    0.000000E+00    0.000000E+00    0.000000E+00   -2.625304E+02    9.710504E+01    1.447702E+01    0.000000E+00    0.000000E+00    0.000000E+00
6.525000E-01    4.978311E+01    1.248265E+02   -1.261828E+02    0.000000E+00    0.000000E+00    0.000000E+00   -2.699331E+02    1.122955E+02    3.852062E+00    0.000000E+00    0.000000E+00    0.000000E+00
6.535000E-01    5.235364E+01    1.314922E+02   -1.509358E+02    0.000000E+00    0.000000E+00    0.000000E+00   -3.028323E+02    1.271587E+02    5.085253E+00    0.000000E+00    0.000000E+00    0.000000E+00
6.545000E-01    7.202743E+01    1.023711E+02   -1.388969E+02    0.000000E+00    0.000000E+00    0.000000E+00   -2.555660E+02    1.443975E+02   -2.706725E+01    0.000000E+00    0.000000E+00    0.000000E+00
6.555000E-01    5.955084E+01    1.128523E+02   -1.345785E+02    0.000000E+00    0.000000E+00    0.000000E+00   -2.624082E+02    1.287005E+02   -8.976191E+00    0.000000E+00    0.000000E+00    0.000000E+00
6.565000E-01    7.465440E+01    8.872331E+01   -1.389765E+02    0.000000E+00    0.000000E+00    0.000000E+00   -2.391438E+02    1.480609E+02   -3.482702E+01    0.000000E+00    0.000000E+00    0.000000E+00
6.575000E-01    7.459569E+01    6.927928E+01   -1.232408E+02    0.000000E+00    0.000000E+00    0.000000E+00   -2.016508E+02    1.406211E+02   -4.373047E+01    0.000000E+00    0.000000E+00    0.000000E+00
6.585000E-01    5.528365E+01    1.115704E+02   -1.291669E+02    0.000000E+00    0.000000E+00    0.000000E+00   -2.517363E+02    1.233761E+02   -1.795942E+00    0.000000E+00    0.000000E+00    0.000000E+00
6.595000E-01    7.399305E+01    9.406857E+01   -1.398608E+02    0.000000E+00    0.000000E+00    0.000000E+00   -2.431007E+02    1.490426E+02   -2.902476E+01    0.000000E+00    0.000000E+00    0.000000E+00
6.605000E-01    6.655080E+01    1.009314E+02   -1.315711E+02    0.000000E+00    0.000000E+00    0.000000E+00   -2.408700E+02    1.374878E+02   -1.703783E+01    0.000000E+00    0.000000E+00    0.000000E+00
6.615000E-01    6.869058E+01    9.627395E+01   -1.364296E+02    0.000000E+00    0.000000E+00    0.000000E+00   -2.403157E+02    1.424712E+02   -2.109588E+01    0.000000E+00    0.000000E+00    0.000000E+00
6.625000E-01    7.308382E+01    8.768565E+01   -1.323830E+02    0.000000E+00    0.000000E+00    0.000000E+00   -2.252158E+02    1.461134E+02   -2.827061E+01    0.000000E+00    0.000000E+00    0.000000E+00
6.635000E-01    6.898066E+01    1.029862E+02   -1.405455E+02    0.000000E+00    0.000000E+00    0.000000E+00   -2.496031E+02    1.459463E+02   -1.609089E+01    0.000000E+00    0.000000E+00    0.000000E+00
6.645000E-01    5.422415E+01    1.120423E+02   -1.276577E+02    0.000000E+00    0.000000E+00    0.000000E+00   -2.455511E+02    1.238683E+02    3.967502E+00    0.000000E+00    0.000000E+00    0.000000E+00
6.655000E-01    7.166515E+01    9.296880E+01   -1.334741E+02    0.000000E+00    0.000000E+00    0.000000E+00   -2.292383E+02    1.459688E+02   -2.183600E+01    0.000000E+00    0.000000E+00    0.000000E+00
6.665000E-01    7.213894E+01    7.768535E+01   -1.327827E+02    0.000000E+00    0.000000E+00    0.000000E+00   -2.108959E+02    1.472327E+02   -2.904023E+01    0.000000E+00    0.000000E+00    0.000000E+00
6.675000E-01    7.954913E+01    8.822068E+01   -1.423803E+02    0.000000E+00    0.000000E+00    0.000000E+00   -2.314460E+02    1.597704E+02   -3.092893E+01    0.000000E+00    0.000000E+00    0.000000E+00
6.685000E-01    7.353818E+01    8.764901E+01   -1.418285E+02    0.000000E+00    0.000000E+00    0.000000E+00   -2.284359E+02    1.541539E+02   -2.361743E+01    0.000000E+00    0.000000E+00    0.000000E+00
6.695000E-01    6.896214E+01    9.525834E+01   -1.378248E+02    0.000000E+00    0.000000E+00    0.000000E+00   -2.322989E+02    1.470568E+02   -1.501090E+01    0.000000E+00    0.000000E+00    0.000000E+00
6.705000E-01    7.857234E+01    8.206063E+01   -1.401186E+02    0.000000E+00    0.000000E+00    0.000000E+00   -2.192006E+02    1.590339E+02   -3.024358E+01    0.000000E+00    0.000000E+00    0.000000E+00
6.715000E-01    6.679754E+01    8.612614E+01   -1.310195E+02    0.000000E+00    0.000000E+00    0.000000E+00   -2.134998E+02    1.423782E+02   -1.577222E+01    0.000000E+00    0.000000E+00    0.000000E+00
6.725000E-01    6.983629E+01    7.832660E+01   -1.324168E+02    0.000000E+00    0.000000E+00    0.000000E+00   -2.058286E+02    1.467363E+02   -2.228197E+01    0.000000E+00    0.000000E+00    0.000000E+00
6.735000E-01    6.759350E+01    8.694081E+01   -1.316105E+02    0.000000E+00    0.000000E+00    0.000000E+00   -2.131692E+02    1.441668E+02   -1.470896E+01    0.000000E+00    0.000000E+00    0.000000E+00
6.745000E-01    7.058023E+01    9.807814E+01   -1.412776E+02    0.000000E+00    0.000000E+00    0.000000E+00   -2.322317E+02    1.533286E+02   -1.001360E+01    0.000000E+00    0.000000E+00    0.000000E+00
6.755000E-01    6.370879E+01    8.034496E+01   -1.215957E+02    0.000000E+00    0.000000E+00    0.000000E+00   -1.955252E+02    1.350606E+02   -1.364524E+01    0.000000E+00    0.000000E+00    0.000000E+00
6.765000E-01    6.199566E+01    1.091727E+02   -1.302037E+02    0.000000E+00    0.000000E+00    0.000000E+00   -2.319832E+02    1.387747E+02    5.525763E+00    0.000000E+00    0.000000E+00    0.000000E+00
6.775000E-01    7.630289E+01    1.073740E+02   -1.535202E+02    0.000000E+00    0.000000E+00    0.000000E+00   -2.507225E+02    1.672703E+02   -7.990717E+00    0.000000E+00    0.000000E+00    0.000000E+00
6.785000E-01    7.415693E+01    9.944788E+01   -1.406262E+02    0.000000E+00    0.000000E+00    0.000000E+00   -2.285881E+02    1.585278E+02   -8.845225E+00    0.000000E+00    0.000000E+00    0.000000E+00
6.795000E-01    7.656571E+01    1.076846E+02   -1.504886E+02    0.000000E+00    0.000000E+00    0.000000E+00   -2.461197E+02    1.665890E+02   -6.396426E+00    0.000000E+00    0.000000E+00    0.000000E+00
6.805000E-01    8.222027E+01    1.045459E+02   -1.548070E+02    0.000000E+00    0.000000E+00    0.000000E+00   -2.436734E+02    1.761666E+02   -1.078697E+01    0.000000E+00    0.000000E+00    0.000000E+00
6.815000E-01    8.809440E+01    9.294288E+01   -1.568681E+02    0.000000E+00    0.000000E+00    0.000000E+00   -2.334264E+02    1.835157E+02   -2.281185E+01    0.000000E+00    0.000000E+00    0.000000E+00
6.825000E-01    7.918578E+01    9.341527E+01   -1.466587E+02    0.000000E+00    0.000000E+00    0.000000E+00   -2.232764E+02    1.688957E+02   -1.341179E+01    0.000000E+00    0.000000E+00    0.000000E+00
6.835000E-01    8.946171E+01    8.568046E+01   -1.547767E+02    0.000000E+00    0.000000E+00    0.000000E+00   -2.218704E+02    1.844340E+02   -2.655990E+01    0.000000E+00    0.000000E+00    0.000000E+00
6.845000E-01    8.338485E+01    8.620621E+01   -1.459179E+02    0.000000E+00    0.000000E+00    0.000000E+00   -2.134098E+02    1.732702E+02   -1.992785E+01    0.000000E+00    0.000000E+00    0.000000E+00
6.855000E-01    8.429721E+01    8.710216E+01   -1.496286E+02    0.000000E+00    0.000000E+00    0.000000E+00   -2.162417E+02    1.770012E+02   -1.917400E+01    0.000000E+00    0.000000E+00    0.000000E+00
6.865000E-01    9.567448E+01    7.762227E+01   -1.579291E+02    0.000000E+00    0.000000E+00    0.000000E+00   -2.129822E+02    1.937491E+02   -3.421061E+01    0.000000E+00    0.000000E+00    0.000000E+00
6.875000E-01    9.157596E+01    6.731809E+01   -1.507943E+02    0.000000E+00    0.000000E+00    0.000000E+00   -1.955875E+02    1.856708E+02   -3.624472E+01    0.000000E+00    0.000000E+00    0.000000E+00
6.885000E-01    7.252965E+01    1.148406E+02   -1.453227E+02    0.000000E+00    0.000000E+00    0.000000E+00   -2.373020E+02    1.635289E+02    1.051630E+01    0.000000E+00    0.000000E+00    0.000000E+00
6.895000E-01    9.406987E+01    7.470780E+01   -1.564129E+02    0.000000E+00    0.000000E+00    0.000000E+00   -2.054751E+02    1.923433E+02   -3.214428E+01    0.000000E+00    0.000000E+00    0.000000E+00
6.905000E-01    8.375701E+01    7.817781E+01   -1.453433E+02    0.000000E+00    0.000000E+00    0.000000E+00   -1.980074E+02    1.757866E+02   -1.999965E+01    0.000000E+00    0.000000E+00    0.000000E+00
6.915000E-01    8.817239E+01    7.168470E+01   -1.481306E+02    0.000000E+00    0.000000E+00    0.000000E+00   -1.936336E+02    1.818969E+02   -2.756590E+01    0.000000E+00    0.000000E+00    0.000000E+00
6.925000E-01    9.828990E+01    9.525669E+01   -1.732463E+02    0.000000E+00    0.000000E+00    0.000000E+00   -2.362280E+02    2.084264E+02   -1.963631E+01    0.000000E+00    0.000000E+00    0.000000E+00
6.935000E-01    8.895749E+01    7.037354E+01   -1.450916E+02    0.000000E+00    0.000000E+00    0.000000E+00   -1.879615E+02    1.812905E+02   -2.761408E+01    0.000000E+00    0.000000E+00    0.000000E+00
6.945000E-01    8.952613E+01    8.226464E+01   -1.583407E+02    0.000000E+00    0.000000E+00    0.000000E+00   -2.090402E+02    1.910918E+02   -1.921404E+01    0.000000E+00    0.000000E+00    0.000000E+00
6.955000E-01    8.131426E+01    7.936588E+01   -1.401400E+02    0.000000E+00    0.000000E+00    0.000000E+00   -1.907766E+02    1.713350E+02   -1.392126E+01    0.000000E+00    0.000000E+00    0.000000E+00
6.965000E-01    8.381472E+01    8.576605E+01   -1.485421E+02    0.000000E+00    0.000000E+00    0.000000E+00   -2.031190E+02    1.795976E+02   -1.109970E+01    0.000000E+00    0.000000E+00    0.000000E+00
6.975000E-01    9.690676E+01    7.847929E+01   -1.612270E+02    0.000000E+00    0.000000E+00    0.000000E+00   -2.043619E+02    2.013282E+02   -2.508487E+01    0.000000E+00    0.000000E+00    0.000000E+00
6.985000E-01    9.291065E+01    7.138824E+01   -1.531344E+02    0.000000E+00    0.000000E+00    0.000000E+00   -1.904445E+02    1.923364E+02   -2.610249E+01    0.000000E+00    0.000000E+00    0.000000E+00
6.995000E-01    9.069407E+01    7.858431E+01   -1.527889E+02    0.000000E+00    0.000000E+00    0.000000E+00   -1.956094E+02    1.904671E+02   -1.837428E+01    0.000000E+00    0.000000E+00    0.000000E+00
7.005000E-01    8.867992E+01    7.799524E+01   -1.486995E+02    0.000000E+00    0.000000E+00    0.000000E+00   -1.917291E+02    1.857919E+02   -1.704746E+01    0.000000E+00    0.000000E+00    0.000000E+00
7.015000E-01    9.223473E+01    8.589120E+01   -1.566359E+02    0.000000E+00    0.000000E+00    0.000000E+00   -2.038293E+02    1.951819E+02   -1.313269E+01    0.000000E+00    0.000000E+00    0.000000E+00
7.025000E-01    9.109971E+01    9.298547E+01   -1.582403E+02    0.000000E+00    0.000000E+00    0.000000E+00   -2.117585E+02    1.953039E+02   -7.277720E+00    0.000000E+00    0.000000E+00    0.000000E+00
7.035000E-01    8.759894E+01    1.016846E+02   -1.579632E+02    0.000000E+00    0.000000E+00    0.000000E+00   -2.188276E+02    1.921237E+02    2.213766E+00    0.000000E+00    0.000000E+00    0.000000E+00
7.045000E-01    9.391268E+01    7.734259E+01   -1.533037E+02    0.000000E+00    0.000000E+00    0.000000E+00   -1.903228E+02    1.956079E+02   -1.803079E+01    0.000000E+00    0.000000E+00    0.000000E+00
7.055000E-01    9.267970E+01    9.923224E+01   -1.647888E+02    0.000000E+00    0.000000E+00    0.000000E+00   -2.193367E+02    2.025712E+02   -1.484205E+00    0.000000E+00    0.000000E+00    0.000000E+00
7.065000E-01    9.000261E+01    7.629004E+01   -1.452174E+02    0.000000E+00    0.000000E+00    0.000000E+00   -1.809940E+02    1.870611E+02   -1.406575E+01    0.000000E+00    0.000000E+00    0.000000E+00
7.075000E-01    9.504672E+01    7.282654E+01   -1.532074E+02    0.000000E+00    0.000000E+00    0.000000E+00   -1.829701E+02    1.976974E+02   -1.963843E+01    0.000000E+00    0.000000E+00    0.000000E+00
7.085000E-01    9.188920E+01    6.359687E+01   -1.435786E+02    0.000000E+00    0.000000E+00    0.000000E+00   -1.659115E+02    1.883283E+02   -2.293804E+01    0.000000E+00    0.000000E+00    0.000000E+00
7.095000E-01    8.782068E+01    1.061075E+02   -1.579483E+02    0.000000E+00    0.000000E+00    0.000000E+00   -2.163533E+02    1.947144E+02    1.041614E+01    0.000000E+00    0.000000E+00    0.000000E+00
7.105000E-01    9.188239E+01    7.904962E+01   -1.537172E+02    0.000000E+00    0.000000E+00    0.000000E+00   -1.861672E+02    1.961427E+02   -1.048699E+01    0.000000E+00    0.000000E+00    0.000000E+00
7.115000E-01    9.426949E+01    7.966631E+01   -1.542481E+02    0.000000E+00    0.000000E+00    0.000000E+00   -1.861025E+02    1.990844E+02   -1.107938E+01    0.000000E+00    0.000000E+00    0.000000E+00
7.125000E-01    1.110548E+02    4.977117E+01   -1.627817E+02    0.000000E+00    0.000000E+00    0.000000E+00   -1.626282E+02    2.216098E+02   -4.343046E+01    0.000000E+00    0.000000E+00    0.000000E+00
7.135000E-01    9.902455E+01    6.841581E+01   -1.577514E+02    0.000000E+00    0.000000E+00    0.000000E+00   -1.757938E+02    2.069527E+02   -2.077373E+01    0.000000E+00    0.000000E+00    0.000000E+00
7.145000E-01    9.867870E+01    6.212990E+01   -1.542730E+02    0.000000E+00    0.000000E+00    0.000000E+00   -1.661279E+02    2.046430E+02   -2.404349E+01    0.000000E+00    0.000000E+00    0.000000E+00
7.155000E-01    9.667731E+01    8.389853E+01   -1.614250E+02    0.000000E+00    0.000000E+00    0.000000E+00   -1.918245E+02    2.078540E+02   -7.031108E+00    0.000000E+00    0.000000E+00    0.000000E+00
7.165000E-01    9.044017E+01    8.831854E+01   -1.500055E+02    0.000000E+00    0.000000E+00    0.000000E+00   -1.862856E+02    1.943663E+02    1.960247E+00    0.000000E+00    0.000000E+00    0.000000E+00
7.175000E-01    9.562757E+01    1.010271E+02   -1.725298E+02    0.000000E+00    0.000000E+00    0.000000E+00   -2.144179E+02    2.153985E+02    7.137824E+00    0.000000E+00    0.000000E+00    0.000000E+00
7.185000E-01    9.802175E+01    8.975142E+01   -1.616663E+02    0.000000E+00    0.000000E+00    0.000000E+00   -1.944829E+02    2.104208E+02   -1.199229E+00    0.000000E+00    0.000000E+00    0.000000E+00
7.195000E-01    1.087179E+02    5.328999E+01   -1.617269E+02    0.000000E+00    0.000000E+00    0.000000E+00   -1.589870E+02    2.210281E+02   -3.423313E+01    0.000000E+00    0.000000E+00    0.000000E+00
7.205000E-01    8.529408E+01    1.128178E+02   -1.617794E+02    0.000000E+00    0.000000E+00    0.000000E+00   -2.154209E+02    1.988919E+02    2.510091E+01    0.000000E+00    0.000000E+00    0.000000E+00
7.215000E-01    1.086763E+02    6.725397E+01   -1.655938E+02    0.000000E+00    0.000000E+00    0.000000E+00   -1.730598E+02    2.244549E+02   -2.254786E+01    0.000000E+00    0.000000E+00    0.000000E+00
7.225000E-01    9.293429E+01    9.882858E+01   -1.648007E+02    0.000000E+00    0.000000E+00    0.000000E+00   -2.017306E+02    2.093423E+02    1.168857E+01    0.000000E+00    0.000000E+00    0.000000E+00
7.235000E-01    1.019461E+02    8.716240E+01   -1.665037E+02    0.000000E+00    0.000000E+00    0.000000E+00   -1.908203E+02    2.194672E+02   -2.064548E+00    0.000000E+00    0.000000E+00    0.000000E+00
7.245000E-01    9.712840E+01    6.151507E+01   -1.463446E+02    0.000000E+00    0.000000E+00    0.000000E+00   -1.518064E+02    2.007811E+02   -1.653939E+01    0.000000E+00    0.000000E+00    0.000000E+00
7.255000E-01    9.843430E+01    8.637059E+01   -1.628163E+02    0.000000E+00    0.000000E+00    0.000000E+00   -1.862588E+02    2.141041E+02    8.926277E-01    0.000000E+00    0.000000E+00    0.000000E+00
7.265000E-01    1.009310E+02    7.113041E+01   -1.563375E+02    0.000000E+00    0.000000E+00    0.000000E+00   -1.653880E+02    2.126447E+02   -1.014511E+01    0.000000E+00    0.000000E+00    0.000000E+00
7.275000E-01    1.044171E+02    5.750970E+01   -1.541731E+02    0.000000E+00    0.000000E+00    0.000000E+00   -1.511451E+02    2.142928E+02   -2.258743E+01    0.000000E+00    0.000000E+00    0.000000E+00
7.285000E-01    9.213033E+01    9.088719E+01   -1.564862E+02    0.000000E+00    0.000000E+00    0.000000E+00   -1.837343E+02    2.046805E+02    1.066477E+01    0.000000E+00    0.000000E+00    0.000000E+00
7.295000E-01    1.182786E+02    6.918567E+01   -1.773355E+02    0.000000E+00    0.000000E+00    0.000000E+00   -1.749870E+02    2.454888E+02   -2.104195E+01    0.000000E+00    0.000000E+00    0.000000E+00
7.305000E-01    1.029471E+02    5.830681E+01   -1.538709E+02    0.000000E+00    0.000000E+00    0.000000E+00   -1.492705E+02    2.138041E+02   -1.896475E+01    0.000000E+00    0.000000E+00    0.000000E+00
7.315000E-01    1.207836E+02    5.701436E+01   -1.728581E+02    0.000000E+00    0.000000E+00    0.000000E+00   -1.584994E+02    2.454758E+02   -2.999202E+01    0.000000E+00    0.000000E+00    0.000000E+00
7.325000E-01    1.126450E+02    5.564463E+01   -1.639275E+02    0.000000E+00    0.000000E+00    0.000000E+00   -1.511772E+02    2.313392E+02   -2.546166E+01    0.000000E+00    0.000000E+00    0.000000E+00
7.335000E-01    1.121768E+02    5.937651E+01   -1.648101E+02    0.000000E+00    0.000000E+00    0.000000E+00   -1.544292E+02    2.319039E+02   -2.168390E+01    0.000000E+00    0.000000E+00    0.000000E+00
7.345000E-01    1.119443E+02    5.598085E+01   -1.624038E+02    0.000000E+00    0.000000E+00    0.000000E+00   -1.493746E+02    2.300429E+02   -2.377263E+01    0.000000E+00    0.000000E+00    0.000000E+00
7.355000E-01    1.082867E+02    5.422622E+01   -1.579768E+02    0.000000E+00    0.000000E+00    0.000000E+00   -1.443836E+02    2.235802E+02   -2.233537E+01    0.000000E+00    0.000000E+00    0.000000E+00
7.365000E-01    1.124864E+02    6.046537E+01   -1.640634E+02    0.000000E+00    0.000000E+00    0.000000E+00   -1.533924E+02    2.323411E+02   -1.964307E+01    0.000000E+00    0.000000E+00    0.000000E+00
7.375000E-01    1.078679E+02    5.993647E+01   -1.598063E+02    0.000000E+00    0.000000E+00    0.000000E+00   -1.496940E+02    2.251135E+02   -1.666949E+01    0.000000E+00    0.000000E+00    0.000000E+00
7.385000E-01    1.107504E+02    6.381656E+01   -1.657950E+02    0.000000E+00    0.000000E+00    0.000000E+00   -1.563976E+02    2.326527E+02   -1.497514E+01    0.000000E+00    0.000000E+00    0.000000E+00
7.395000E-01    1.091878E+02    6.113552E+01   -1.594214E+02    0.000000E+00    0.000000E+00    0.000000E+00   -1.492781E+02    2.266507E+02   -1.539653E+01    0.000000E+00    0.000000E+00    0.000000E+00
7.405000E-01    1.092963E+02    6.508637E+01   -1.634559E+02    0.000000E+00    0.000000E+00    0.000000E+00   -1.550453E+02    2.300870E+02   -1.211065E+01    0.000000E+00    0.000000E+00    0.000000E+00
7.415000E-01    1.093162E+02    6.434139E+01   -1.612809E+02    0.000000E+00    0.000000E+00    0.000000E+00   -1.521613E+02    2.288823E+02   -1.190528E+01    0.000000E+00    0.000000E+00    0.000000E+00
7.425000E-01    1.084135E+02    6.215819E+01   -1.585696E+02    0.000000E+00    0.000000E+00    0.000000E+00   -1.480046E+02    2.262396E+02   -1.260411E+01    0.000000E+00    0.000000E+00    0.000000E+00
7.435000E-01    1.056285E+02    6.177296E+01   -1.560450E+02    0.000000E+00    0.000000E+00    0.000000E+00   -1.457279E+02    2.219480E+02   -1.085480E+01    0.000000E+00    0.000000E+00    0.000000E+00
7.445000E-01    1.093541E+02    5.637769E+01   -1.552921E+02    0.000000E+00    0.000000E+00    0.000000E+00   -1.392118E+02    2.253683E+02   -1.635144E+01    0.000000E+00    0.000000E+00    0.000000E+00
7.455000E-01    1.060774E+02    7.522498E+01   -1.661621E+02    0.000000E+00    0.000000E+00    0.000000E+00   -1.632428E+02    2.307745E+02    2.039962E-01    0.000000E+00    0.000000E+00    0.000000E+00
7.465000E-01    1.084494E+02    7.901936E+01   -1.695872E+02    0.000000E+00    0.000000E+00    0.000000E+00   -1.677675E+02    2.361589E+02    2.726721E+00    0.000000E+00    0.000000E+00    0.000000E+00
7.475000E-01    1.184390E+02    5.399652E+01   -1.657773E+02    0.000000E+00    0.000000E+00    0.000000E+00   -1.415358E+02    2.428943E+02   -2.215605E+01    0.000000E+00    0.000000E+00    0.000000E+00
7.485000E-01    8.598908E+01    8.670222E+01   -1.471490E+02    0.000000E+00    0.000000E+00    0.000000E+00   -1.617314E+02    1.979021E+02    2.201495E+01    0.000000E+00    0.000000E+00    0.000000E+00
7.495000E-01    1.094560E+02    6.100500E+01   -1.585390E+02    0.000000E+00    0.000000E+00    0.000000E+00   -1.428863E+02    2.294449E+02   -1.040716E+01    0.000000E+00    0.000000E+00    0.000000E+00
7.505000E-01    1.004905E+02    6.965256E+01   -1.537657E+02    0.000000E+00    0.000000E+00    0.000000E+00   -1.479464E+02    2.175766E+02    1.771265E+00    0.000000E+00    0.000000E+00    0.000000E+00
7.515000E-01    1.146819E+02    3.603124E+01   -1.482698E+02    0.000000E+00    0.000000E+00    0.000000E+00   -1.126720E+02    2.270084E+02   -3.215016E+01    0.000000E+00    0.000000E+00    0.000000E+00
7.525000E-01    1.055019E+02    9.219862E+01   -1.772922E+02    0.000000E+00    0.000000E+00    0.000000E+00   -1.812060E+02    2.414327E+02    1.776585E+01    0.000000E+00    0.000000E+00    0.000000E+00
7.535000E-01    1.072906E+02    5.746548E+01   -1.550585E+02    0.000000E+00    0.000000E+00    0.000000E+00   -1.353785E+02    2.262249E+02   -9.874335E+00    0.000000E+00    0.000000E+00    0.000000E+00
7.545000E-01    1.139310E+02    4.678250E+01   -1.548958E+02    0.000000E+00    0.000000E+00    0.000000E+00   -1.249541E+02    2.324791E+02   -2.188462E+01    0.000000E+00    0.000000E+00    0.000000E+00
7.555000E-01    1.108022E+02    8.138356E+01   -1.764388E+02    0.000000E+00    0.000000E+00    0.000000E+00   -1.691110E+02    2.467558E+02    7.589859E+00    0.000000E+00    0.000000E+00    0.000000E+00
7.565000E-01    1.099750E+02    6.182969E+01   -1.623903E+02    0.000000E+00    0.000000E+00    0.000000E+00   -1.425275E+02    2.352490E+02   -6.932267E+00    0.000000E+00    0.000000E+00    0.000000E+00
7.575000E-01    1.109331E+02    7.438366E+01   -1.714094E+02    0.000000E+00    0.000000E+00    0.000000E+00   -1.587392E+02    2.436680E+02    2.948233E+00    0.000000E+00    0.000000E+00    0.000000E+00
7.585000E-01    1.133245E+02    7.263974E+01   -1.742704E+02    0.000000E+00    0.000000E+00    0.000000E+00   -1.581039E+02    2.487069E+02    8.102109E-01    0.000000E+00    0.000000E+00    0.000000E+00
7.595000E-01    1.139194E+02    5.934241E+01   -1.619165E+02    0.000000E+00    0.000000E+00    0.000000E+00   -1.384514E+02    2.397044E+02   -9.627017E+00    0.000000E+00    0.000000E+00    0.000000E+00
7.605000E-01    1.156252E+02    5.281582E+01   -1.570679E+02    0.000000E+00    0.000000E+00    0.000000E+00   -1.294325E+02    2.376002E+02   -1.553868E+01    0.000000E+00    0.000000E+00    0.000000E+00
7.615000E-01    1.131405E+02    6.630146E+01   -1.657870E+02    0.000000E+00    0.000000E+00    0.000000E+00   -1.473751E+02    2.418077E+02   -3.815160E+00    0.000000E+00    0.000000E+00    0.000000E+00
7.625000E-01    1.074422E+02    5.789429E+01   -1.519744E+02    0.000000E+00    0.000000E+00    0.000000E+00   -1.306944E+02    2.265448E+02   -6.166652E+00    0.000000E+00    0.000000E+00    0.000000E+00
7.635000E-01    1.104547E+02    7.423126E+01   -1.680399E+02    0.000000E+00    0.000000E+00    0.000000E+00   -1.551758E+02    2.417885E+02    4.778601E+00    0.000000E+00    0.000000E+00    0.000000E+00
7.645000E-01    9.959672E+01    6.863757E+01   -1.505501E+02    0.000000E+00    0.000000E+00    0.000000E+00   -1.398364E+02    2.183042E+02    7.064210E+00    0.000000E+00    0.000000E+00    0.000000E+00
7.655000E-01    1.131911E+02    7.579113E+01   -1.731186E+02    0.000000E+00    0.000000E+00    0.000000E+00   -1.580904E+02    2.496869E+02    5.874082E+00    0.000000E+00    0.000000E+00    0.000000E+00
7.665000E-01    1.103098E+02    6.054955E+01   -1.556524E+02    0.000000E+00    0.000000E+00    0.000000E+00   -1.342396E+02    2.332669E+02   -4.487405E+00    0.000000E+00    0.000000E+00    0.000000E+00
7.675000E-01    1.056321E+02    8.639591E+01   -1.737568E+02    0.000000E+00    0.000000E+00    0.000000E+00   -1.680185E+02    2.434217E+02    1.891926E+01    0.000000E+00    0.000000E+00    0.000000E+00
7.685000E-01    1.163503E+02    5.396399E+01   -1.544531E+02    0.000000E+00    0.000000E+00    0.000000E+00   -1.266493E+02    2.387287E+02   -1.210997E+01    0.000000E+00    0.000000E+00    0.000000E+00
7.695000E-01    1.102977E+02    6.931221E+01   -1.619966E+02    0.000000E+00    0.000000E+00    0.000000E+00   -1.453075E+02    2.388658E+02    3.211675E+00    0.000000E+00    0.000000E+00    0.000000E+00
7.705000E-01    1.097428E+02    8.162860E+01   -1.765029E+02    0.000000E+00    0.000000E+00    0.000000E+00   -1.636140E+02    2.509578E+02    1.438264E+01    0.000000E+00    0.000000E+00    0.000000E+00
7.715000E-01    1.147715E+02    6.143538E+01   -1.607069E+02    0.000000E+00    0.000000E+00    0.000000E+00   -1.363420E+02    2.429386E+02   -4.500165E+00    0.000000E+00    0.000000E+00    0.000000E+00
7.725000E-01    1.323280E+02    5.432525E+01   -1.710698E+02    0.000000E+00    0.000000E+00    0.000000E+00   -1.343759E+02    2.685600E+02   -1.878171E+01    0.000000E+00    0.000000E+00    0.000000E+00
7.735000E-01    1.329685E+02    4.658671E+01   -1.645826E+02    0.000000E+00    0.000000E+00    0.000000E+00   -1.241258E+02    2.635646E+02   -2.568900E+01    0.000000E+00    0.000000E+00    0.000000E+00
7.745000E-01    1.312417E+02    4.722171E+01   -1.654209E+02    0.000000E+00    0.000000E+00    0.000000E+00   -1.246744E+02    2.631625E+02   -2.381875E+01    0.000000E+00    0.000000E+00    0.000000E+00
7.755000E-01    1.146660E+02    6.307474E+01   -1.654794E+02    0.000000E+00    0.000000E+00    0.000000E+00   -1.398667E+02    2.472354E+02   -2.671681E+00    0.000000E+00    0.000000E+00    0.000000E+00
7.765000E-01    1.093189E+02    6.959984E+01   -1.687170E+02    0.000000E+00    0.000000E+00    0.000000E+00   -1.471724E+02    2.454786E+02    6.003982E+00    0.000000E+00    0.000000E+00    0.000000E+00
7.775000E-01    1.088757E+02    7.261922E+01   -1.712696E+02    0.000000E+00    0.000000E+00    0.000000E+00   -1.512786E+02    2.472310E+02    8.788343E+00    0.000000E+00    0.000000E+00    0.000000E+00
7.785000E-01    9.731128E+01    8.148302E+01   -1.744171E+02    0.000000E+00    0.000000E+00    0.000000E+00   -1.611360E+02    2.393014E+02    2.203718E+01    0.000000E+00    0.000000E+00    0.000000E+00
7.795000E-01    9.043043E+01    8.587200E+01   -1.776288E+02    0.000000E+00    0.000000E+00    0.000000E+00   -1.664951E+02    2.362080E+02    2.954982E+01    0.000000E+00    0.000000E+00    0.000000E+00
7.805000E-01    9.548157E+01    7.629682E+01   -1.704149E+02    0.000000E+00    0.000000E+00    0.000000E+00   -1.542525E+02    2.346092E+02    1.862987E+01    0.000000E+00    0.000000E+00    0.000000E+00
7.815000E-01    8.649388E+01    8.618433E+01   -1.709138E+02    0.000000E+00    0.000000E+00    0.000000E+00   -1.629460E+02    2.279069E+02    3.254251E+01    0.000000E+00    0.000000E+00    0.000000E+00
7.825000E-01    6.832248E+01    9.324903E+01   -1.818181E+02    0.000000E+00    0.000000E+00    0.000000E+00   -1.752782E+02    2.202493E+02    4.709097E+01    0.000000E+00    0.000000E+00    0.000000E+00
7.835000E-01    1.274846E+02    5.532208E+01   -1.605642E+02    0.000000E+00    0.000000E+00    0.000000E+00   -1.292677E+02    2.572856E+02   -1.403200E+01    0.000000E+00    0.000000E+00    0.000000E+00
7.845000E-01    6.894088E+01    9.083311E+01   -1.679092E+02    0.000000E+00    0.000000E+00    0.000000E+00   -1.655006E+02    2.100143E+02    4.575859E+01    0.000000E+00    0.000000E+00    0.000000E+00
7.855000E-01    8.734807E+01    7.659043E+01   -1.677446E+02    0.000000E+00    0.000000E+00    0.000000E+00   -1.521908E+02    2.271740E+02    2.450810E+01    0.000000E+00    0.000000E+00    0.000000E+00
7.865000E-01    1.159206E+02    6.927799E+01   -1.682851E+02    0.000000E+00    0.000000E+00    0.000000E+00   -1.454618E+02    2.545109E+02    4.385316E+00    0.000000E+00    0.000000E+00    0.000000E+00
7.875000E-01    8.318196E+01    9.101558E+01   -1.916703E+02    0.000000E+00    0.000000E+00    0.000000E+00   -1.770046E+02    2.449437E+02    3.952685E+01    0.000000E+00    0.000000E+00    0.000000E+00
7.885000E-01    7.558833E+01    8.924086E+01   -1.830231E+02    0.000000E+00    0.000000E+00    0.000000E+00   -1.711951E+02    2.306649E+02    4.168383E+01    0.000000E+00    0.000000E+00    0.000000E+00
7.895000E-01    1.005955E+02    6.597438E+01   -1.592512E+02    0.000000E+00    0.000000E+00    0.000000E+00   -1.376389E+02    2.342742E+02    9.840356E+00    0.000000E+00    0.000000E+00    0.000000E+00
7.905000E-01    1.061507E+02    8.098276E+01   -1.795502E+02    0.000000E+00    0.000000E+00    0.000000E+00   -1.612986E+02    2.575983E+02    2.051332E+01    0.000000E+00    0.000000E+00    0.000000E+00
7.915000E-01    8.529777E+01    7.880250E+01   -1.998144E+02    0.000000E+00    0.000000E+00    0.000000E+00   -1.694324E+02    2.561565E+02    2.852349E+01    0.000000E+00    0.000000E+00    0.000000E+00
7.925000E-01    7.936660E+01    9.332208E+01   -1.891518E+02    0.000000E+00    0.000000E+00    0.000000E+00   -1.772513E+02    2.422057E+02    4.507590E+01    0.000000E+00    0.000000E+00    0.000000E+00
7.935000E-01    1.121069E+02    7.711226E+01   -1.732440E+02    0.000000E+00    0.000000E+00    0.000000E+00   -1.544719E+02    2.587998E+02    1.515443E+01    0.000000E+00    0.000000E+00    0.000000E+00
7.945000E-01    9.966433E+01    6.492786E+01   -1.830083E+02    0.000000E+00    0.000000E+00    0.000000E+00   -1.481654E+02    2.563252E+02    1.007826E+01    0.000000E+00    0.000000E+00    0.000000E+00
7.955000E-01    8.301374E+01    8.683792E+01   -1.949452E+02    0.000000E+00    0.000000E+00    0.000000E+00   -1.742079E+02    2.516701E+02    3.768507E+01    0.000000E+00    0.000000E+00    0.000000E+00
7.965000E-01    1.085412E+02    7.491398E+01   -1.939592E+02    0.000000E+00    0.000000E+00    0.000000E+00   -1.623824E+02    2.764800E+02    1.563574E+01    0.000000E+00    0.000000E+00    0.000000E+00
7.975000E-01    9.821150E+01    8.455122E+01   -1.855229E+02    0.000000E+00    0.000000E+00    0.000000E+00   -1.673552E+02    2.588532E+02    2.911699E+01    0.000000E+00    0.000000E+00    0.000000E+00
7.985000E-01    1.146179E+02    6.014854E+01   -1.787027E+02    0.000000E+00    0.000000E+00    0.000000E+00   -1.415541E+02    2.681345E+02   -5.977974E-01    0.000000E+00    0.000000E+00    0.000000E+00
7.995000E-01    9.955273E+01    7.521940E+01   -1.883588E+02    0.000000E+00    0.000000E+00    0.000000E+00   -1.600599E+02    2.645008E+02    2.089383E+01    0.000000E+00    0.000000E+00    0.000000E+00
8.005000E-01    1.255651E+02    7.280878E+01   -1.745193E+02    0.000000E+00    0.000000E+00    0.000000E+00   -1.510777E+02    2.748709E+02    5.902632E+00    0.000000E+00    0.000000E+00    0.000000E+00
8.015000E-01    8.474405E+01    7.539658E+01   -1.997797E+02    0.000000E+00    0.000000E+00    0.000000E+00   -1.656994E+02    2.613682E+02    2.833192E+01    0.000000E+00    0.000000E+00    0.000000E+00
8.025000E-01    1.053229E+02    8.370971E+01   -2.044371E+02    0.000000E+00    0.000000E+00    0.000000E+00   -1.756910E+02    2.846151E+02    2.593979E+01    0.000000E+00    0.000000E+00    0.000000E+00
8.035000E-01    9.964762E+01    6.486245E+01   -1.919825E+02    0.000000E+00    0.000000E+00    0.000000E+00   -1.523051E+02    2.692074E+02    1.180136E+01    0.000000E+00    0.000000E+00    0.000000E+00
8.045000E-01    1.441583E+02    7.040370E+01   -1.642848E+02    0.000000E+00    0.000000E+00    0.000000E+00   -1.439567E+02    2.857410E+02   -3.958415E+00    0.000000E+00    0.000000E+00    0.000000E+00
8.055000E-01    7.656213E+01    7.938014E+01   -2.078846E+02    0.000000E+00    0.000000E+00    0.000000E+00   -1.734695E+02    2.632976E+02    3.651152E+01    0.000000E+00    0.000000E+00    0.000000E+00
8.065000E-01    9.450707E+01    7.189484E+01   -1.935693E+02    0.000000E+00    0.000000E+00    0.000000E+00   -1.596709E+02    2.678434E+02    2.144818E+01    0.000000E+00    0.000000E+00    0.000000E+00
8.075000E-01    1.352460E+02    7.133321E+01   -1.736130E+02    0.000000E+00    0.000000E+00    0.000000E+00   -1.495853E+02    2.886471E+02    2.045823E+00    0.000000E+00    0.000000E+00    0.000000E+00
8.085000E-01    1.144229E+02    6.659183E+01   -1.796666E+02    0.000000E+00    0.000000E+00    0.000000E+00   -1.480292E+02    2.743091E+02    7.334039E+00    0.000000E+00    0.000000E+00    0.000000E+00
8.095000E-01    1.109304E+02    7.434791E+01   -1.667239E+02    0.000000E+00    0.000000E+00    0.000000E+00   -1.491479E+02    2.606926E+02    1.704844E+01    0.000000E+00    0.000000E+00    0.000000E+00
8.105000E-01    9.335417E+01    7.172920E+01   -1.959514E+02    0.000000E+00    0.000000E+00    0.000000E+00   -1.608285E+02    2.715162E+02    2.289563E+01    0.000000E+00    0.000000E+00    0.000000E+00
8.115000E-01    1.411408E+02    5.882759E+01   -1.784189E+02    0.000000E+00    0.000000E+00    0.000000E+00   -1.405097E+02    3.011813E+02   -1.159651E+01    0.000000E+00    0.000000E+00    0.000000E+00
8.125000E-01    1.247140E+02    8.062616E+01   -1.750829E+02    0.000000E+00    0.000000E+00    0.000000E+00   -1.592151E+02    2.832091E+02    1.701237E+01    0.000000E+00    0.000000E+00    0.000000E+00
8.135000E-01    1.204290E+02    7.040207E+01   -1.949005E+02    0.000000E+00    0.000000E+00    0.000000E+00   -1.592419E+02    2.978653E+02    9.315365E+00    0.000000E+00    0.000000E+00    0.000000E+00
8.145000E-01    9.136655E+01    6.547852E+01   -1.924767E+02    0.000000E+00    0.000000E+00    0.000000E+00   -1.537414E+02    2.691694E+02    1.868856E+01    0.000000E+00    0.000000E+00    0.000000E+00
8.155000E-01    1.097775E+02    5.982562E+01   -1.922725E+02    0.000000E+00    0.000000E+00    0.000000E+00   -1.483774E+02    2.867897E+02    4.640257E+00    0.000000E+00    0.000000E+00    0.000000E+00
8.165000E-01    9.074163E+01    7.841168E+01   -2.162458E+02    0.000000E+00    0.000000E+00    0.000000E+00   -1.774634E+02    2.923776E+02    3.164083E+01    0.000000E+00    0.000000E+00    0.000000E+00
8.175000E-01    1.533738E+02    7.193310E+01   -1.905252E+02    0.000000E+00    0.000000E+00    0.000000E+00   -1.593547E+02    3.279015E+02   -4.273570E+00    0.000000E+00    0.000000E+00    0.000000E+00
8.185000E-01    1.607480E+02    8.065723E+01   -1.747635E+02    0.000000E+00    0.000000E+00    0.000000E+00   -1.600506E+02    3.205614E+02    7.775161E-01    0.000000E+00    0.000000E+00    0.000000E+00
8.195000E-01    1.787660E+02    8.388838E+01   -1.627375E+02    0.000000E+00    0.000000E+00    0.000000E+00   -1.575867E+02    3.266043E+02   -4.613260E+00    0.000000E+00    0.000000E+00    0.000000E+00
8.205000E-01    1.036686E+02    5.653519E+01   -1.727794E+02    0.000000E+00    0.000000E+00    0.000000E+00   -1.366163E+02    2.652691E+02    4.898848E+00    0.000000E+00    0.000000E+00    0.000000E+00
8.215000E-01    1.306905E+02    7.617255E+01   -2.031005E+02    0.000000E+00    0.000000E+00    0.000000E+00   -1.699272E+02    3.204691E+02    1.098189E+01    0.000000E+00    0.000000E+00    0.000000E+00
8.225000E-01    1.040511E+02    6.316043E+01   -1.947678E+02    0.000000E+00    0.000000E+00    0.000000E+00   -1.537312E+02    2.875156E+02    1.121923E+01    0.000000E+00    0.000000E+00    0.000000E+00
8.235000E-01    1.159978E+02    6.121291E+01   -1.707349E+02    0.000000E+00    0.000000E+00    0.000000E+00   -1.407742E+02    2.765247E+02    3.615716E+00    0.000000E+00    0.000000E+00    0.000000E+00
8.245000E-01    8.035316E+01    4.710731E+01   -1.814945E+02    0.000000E+00    0.000000E+00    0.000000E+00   -1.322808E+02    2.526307E+02    7.055911E+00    0.000000E+00    0.000000E+00    0.000000E+00
8.255000E-01    7.801617E+01    5.615815E+01   -1.869460E+02    0.000000E+00    0.000000E+00    0.000000E+00   -1.439976E+02    2.566275E+02    1.700305E+01    0.000000E+00    0.000000E+00    0.000000E+00
8.265000E-01    1.187207E+02    5.239603E+01   -1.753879E+02    0.000000E+00    0.000000E+00    0.000000E+00   -1.352705E+02    2.850540E+02   -6.340924E+00    0.000000E+00    0.000000E+00    0.000000E+00
8.275000E-01    8.274619E+01    5.916845E+01   -1.923108E+02    0.000000E+00    0.000000E+00    0.000000E+00   -1.503257E+02    2.679897E+02    1.782814E+01    0.000000E+00    0.000000E+00    0.000000E+00
8.285000E-01    8.850838E+01    4.289812E+01   -1.972354E+02    0.000000E+00    0.000000E+00    0.000000E+00   -1.370529E+02    2.782802E+02   -9.187596E-01    0.000000E+00    0.000000E+00    0.000000E+00
8.295000E-01    1.419782E+02    7.946527E+01   -1.491085E+02    0.000000E+00    0.000000E+00    0.000000E+00   -1.497817E+02    2.844721E+02    8.976865E+00    0.000000E+00    0.000000E+00    0.000000E+00
8.305000E-01    1.126408E+02    6.183044E+01   -1.813207E+02    0.000000E+00    0.000000E+00    0.000000E+00   -1.482794E+02    2.873002E+02    5.993807E+00    0.000000E+00    0.000000E+00    0.000000E+00
8.315000E-01    9.322224E+01    4.842683E+01   -2.015090E+02    0.000000E+00    0.000000E+00    0.000000E+00   -1.455246E+02    2.892729E+02    2.395246E+00    0.000000E+00    0.000000E+00    0.000000E+00
8.325000E-01    1.357301E+02    6.868162E+01   -1.747665E+02    0.000000E+00    0.000000E+00    0.000000E+00   -1.528895E+02    3.050488E+02    1.302419E+00    0.000000E+00    0.000000E+00    0.000000E+00
8.335000E-01    1.344885E+02    7.016624E+01   -1.835278E+02    0.000000E+00    0.000000E+00    0.000000E+00   -1.586049E+02    3.126749E+02    3.499377E+00    0.000000E+00    0.000000E+00    0.000000E+00
8.345000E-01    1.009745E+02    4.614508E+01   -2.026200E+02    0.000000E+00    0.000000E+00    0.000000E+00   -1.451798E+02    2.997840E+02   -3.834373E+00    0.000000E+00    0.000000E+00    0.000000E+00
8.355000E-01    1.105176E+02    4.992193E+01   -1.968491E+02    0.000000E+00    0.000000E+00    0.000000E+00   -1.461286E+02    3.036329E+02   -4.886964E+00    0.000000E+00    0.000000E+00    0.000000E+00
8.365000E-01    1.505460E+02    9.046424E+01   -1.635490E+02    0.000000E+00    0.000000E+00    0.000000E+00   -1.702611E+02    3.106701E+02    1.534664E+01    0.000000E+00    0.000000E+00    0.000000E+00
8.375000E-01    1.016792E+02    2.932794E+01   -2.173949E+02    0.000000E+00    0.000000E+00    0.000000E+00   -1.366885E+02    3.161623E+02   -2.099030E+01    0.000000E+00    0.000000E+00    0.000000E+00
8.385000E-01    1.280255E+02    7.546282E+01   -1.824878E+02    0.000000E+00    0.000000E+00    0.000000E+00   -1.654843E+02    3.081549E+02    1.156136E+01    0.000000E+00    0.000000E+00    0.000000E+00
8.395000E-01    1.416970E+02    6.485546E+01   -1.868034E+02    0.000000E+00    0.000000E+00    0.000000E+00   -1.577993E+02    3.263848E+02   -6.037098E+00    0.000000E+00    0.000000E+00    0.000000E+00
8.405000E-01    1.194129E+02    6.977455E+01   -1.808809E+02    0.000000E+00    0.000000E+00    0.000000E+00   -1.594607E+02    2.984783E+02    1.006898E+01    0.000000E+00    0.000000E+00    0.000000E+00
8.415000E-01    1.102664E+02    4.289548E+01   -1.827630E+02    0.000000E+00    0.000000E+00    0.000000E+00   -1.347510E+02    2.923897E+02   -1.243063E+01    0.000000E+00    0.000000E+00    0.000000E+00
8.425000E-01    1.022515E+02    3.216618E+01   -1.931814E+02    0.000000E+00    0.000000E+00    0.000000E+00   -1.297481E+02    2.955735E+02   -1.918817E+01    0.000000E+00    0.000000E+00    0.000000E+00
8.435000E-01    1.462333E+02    9.452833E+01   -1.740901E+02    0.000000E+00    0.000000E+00    0.000000E+00   -1.825861E+02    3.199975E+02    2.073788E+01    0.000000E+00    0.000000E+00    0.000000E+00
8.445000E-01    9.710009E+01    3.190585E+01   -1.834581E+02    0.000000E+00    0.000000E+00    0.000000E+00   -1.253237E+02    2.815702E+02   -1.701288E+01    0.000000E+00    0.000000E+00    0.000000E+00
8.455000E-01    1.030949E+02    3.558833E+01   -1.944749E+02    0.000000E+00    0.000000E+00    0.000000E+00   -1.351873E+02    2.989934E+02   -1.673952E+01    0.000000E+00    0.000000E+00    0.000000E+00
8.465000E-01    1.341667E+02    6.442048E+01   -1.709835E+02    0.000000E+00    0.000000E+00    0.000000E+00   -1.529979E+02    3.071806E+02   -4.099983E+00    0.000000E+00    0.000000E+00    0.000000E+00
8.475000E-01    1.268565E+02    7.217612E+01   -1.675331E+02    0.000000E+00    0.000000E+00    0.000000E+00   -1.588998E+02    2.962007E+02    7.592116E+00    0.000000E+00    0.000000E+00    0.000000E+00
8.485000E-01    1.214874E+02    5.507302E+01   -1.754247E+02    0.000000E+00    0.000000E+00    0.000000E+00   -1.469071E+02    2.998768E+02   -7.249646E+00    0.000000E+00    0.000000E+00    0.000000E+00
8.495000E-01    1.032185E+02    3.509190E+01   -1.865295E+02    0.000000E+00    0.000000E+00    0.000000E+00   -1.323200E+02    2.927664E+02   -1.793048E+01    0.000000E+00    0.000000E+00    0.000000E+00
8.505000E-01    1.201366E+02    5.809593E+01   -1.624232E+02    0.000000E+00    0.000000E+00    0.000000E+00   -1.445951E+02    2.864173E+02   -4.265864E+00    0.000000E+00    0.000000E+00    0.000000E+00
8.515000E-01    1.412503E+02    8.217198E+01   -1.679080E+02    0.000000E+00    0.000000E+00    0.000000E+00   -1.713114E+02    3.127293E+02    9.216827E+00    0.000000E+00    0.000000E+00    0.000000E+00
8.525000E-01    1.161858E+02    4.839185E+01   -1.871214E+02    0.000000E+00    0.000000E+00    0.000000E+00   -1.486017E+02    3.083631E+02   -1.222724E+01    0.000000E+00    0.000000E+00    0.000000E+00
8.535000E-01    1.252452E+02    5.601643E+01   -1.761817E+02    0.000000E+00    0.000000E+00    0.000000E+00   -1.504962E+02    3.061013E+02   -9.455491E+00    0.000000E+00    0.000000E+00    0.000000E+00
8.545000E-01    1.146810E+02    2.485277E+01   -1.904175E+02    0.000000E+00    0.000000E+00    0.000000E+00   -1.273456E+02    3.109805E+02   -3.579493E+01    0.000000E+00    0.000000E+00    0.000000E+00
8.555000E-01    1.214817E+02    4.829726E+01   -1.820140E+02    0.000000E+00    0.000000E+00    0.000000E+00   -1.471999E+02    3.093828E+02   -1.586933E+01    0.000000E+00    0.000000E+00    0.000000E+00
8.565000E-01    1.381562E+02    9.288140E+01   -1.548127E+02    0.000000E+00    0.000000E+00    0.000000E+00   -1.792305E+02    2.988421E+02    1.986586E+01    0.000000E+00    0.000000E+00    0.000000E+00
8.575000E-01    1.068414E+02    1.934087E+01   -1.954075E+02    0.000000E+00    0.000000E+00    0.000000E+00   -1.258135E+02    3.089932E+02   -3.762523E+01    0.000000E+00    0.000000E+00    0.000000E+00
8.585000E-01    1.263959E+02    8.972186E+01   -1.433413E+02    0.000000E+00    0.000000E+00    0.000000E+00   -1.710411E+02    2.757156E+02    2.230532E+01    0.000000E+00    0.000000E+00    0.000000E+00
8.595000E-01    1.235805E+02    4.577341E+01   -1.847805E+02    0.000000E+00    0.000000E+00    0.000000E+00   -1.487208E+02    3.157004E+02   -2.072714E+01    0.000000E+00    0.000000E+00    0.000000E+00
8.605000E-01    1.220331E+02    7.424747E+01   -1.612971E+02    0.000000E+00    0.000000E+00    0.000000E+00   -1.669827E+02    2.907885E+02    8.139975E+00    0.000000E+00    0.000000E+00    0.000000E+00
8.615000E-01    1.244378E+02    6.802466E+01   -1.646444E+02    0.000000E+00    0.000000E+00    0.000000E+00   -1.621880E+02    2.963607E+02    3.570246E-01    0.000000E+00    0.000000E+00    0.000000E+00
8.625000E-01    1.226096E+02    5.831975E+01   -1.675824E+02    0.000000E+00    0.000000E+00    0.000000E+00   -1.553525E+02    2.983400E+02   -9.270349E+00    0.000000E+00    0.000000E+00    0.000000E+00
8.635000E-01    1.243677E+02    2.815434E+01   -1.846567E+02    0.000000E+00    0.000000E+00    0.000000E+00   -1.324867E+02    3.173126E+02   -4.046158E+01    0.000000E+00    0.000000E+00    0.000000E+00
8.645000E-01    1.278890E+02    6.169238E+01   -1.771331E+02    0.000000E+00    0.000000E+00    0.000000E+00   -1.639963E+02    3.134616E+02   -9.037344E+00    0.000000E+00    0.000000E+00    0.000000E+00
8.655000E-01    1.266722E+02    6.590871E+01   -1.670129E+02    0.000000E+00    0.000000E+00    0.000000E+00   -1.633043E+02    3.018793E+02   -4.246781E+00    0.000000E+00    0.000000E+00    0.000000E+00
8.665000E-01    1.263744E+02    4.745807E+01   -1.687127E+02    0.000000E+00    0.000000E+00    0.000000E+00   -1.459235E+02    3.037556E+02   -2.333465E+01    0.000000E+00    0.000000E+00    0.000000E+00
8.675000E-01    1.224999E+02    3.679694E+01   -1.736473E+02    0.000000E+00    0.000000E+00    0.000000E+00   -1.388761E+02    3.052725E+02   -3.279337E+01    0.000000E+00    0.000000E+00    0.000000E+00
8.685000E-01    1.255553E+02    4.455426E+01   -1.649260E+02    0.000000E+00    0.000000E+00    0.000000E+00   -1.418484E+02    2.993886E+02   -2.668141E+01    0.000000E+00    0.000000E+00    0.000000E+00
8.695000E-01    1.350539E+02    4.067585E+01   -1.801481E+02    0.000000E+00    0.000000E+00    0.000000E+00   -1.477327E+02    3.252003E+02   -3.694192E+01    0.000000E+00    0.000000E+00    0.000000E+00
8.705000E-01    1.221038E+02    5.729983E+01   -1.616079E+02    0.000000E+00    0.000000E+00    0.000000E+00   -1.553923E+02    2.929266E+02   -1.321435E+01    0.000000E+00    0.000000E+00    0.000000E+00
8.715000E-01    1.316048E+02    2.353641E+01   -1.738499E+02    0.000000E+00    0.000000E+00    0.000000E+00   -1.276915E+02    3.157917E+02   -5.353398E+01    0.000000E+00    0.000000E+00    0.000000E+00
8.725000E-01    1.296520E+02    1.067159E+02   -1.545686E+02    0.000000E+00    0.000000E+00    0.000000E+00   -2.045340E+02    2.933485E+02    3.144192E+01    0.000000E+00    0.000000E+00    0.000000E+00
8.735000E-01    1.298393E+02    9.529010E+00   -1.760218E+02    0.000000E+00    0.000000E+00    0.000000E+00   -1.161605E+02    3.165690E+02   -6.778970E+01    0.000000E+00    0.000000E+00    0.000000E+00
8.745000E-01    1.216489E+02    5.062108E+01   -1.515530E+02    0.000000E+00    0.000000E+00    0.000000E+00   -1.446555E+02    2.824910E+02   -2.138831E+01    0.000000E+00    0.000000E+00    0.000000E+00
8.755000E-01    1.261982E+02    8.235543E+01   -1.578177E+02    0.000000E+00    0.000000E+00    0.000000E+00   -1.837595E+02    2.937046E+02    6.773411E+00    0.000000E+00    0.000000E+00    0.000000E+00
8.765000E-01    1.246133E+02    2.207702E+01   -1.520996E+02    0.000000E+00    0.000000E+00    0.000000E+00   -1.164887E+02    2.864416E+02   -5.324573E+01    0.000000E+00    0.000000E+00    0.000000E+00
8.775000E-01    1.148474E+02    9.350153E+01   -1.534986E+02    0.000000E+00    0.000000E+00    0.000000E+00   -1.939782E+02    2.771395E+02    2.420287E+01    0.000000E+00    0.000000E+00    0.000000E+00
8.785000E-01    1.273190E+02    3.441076E+01   -1.589645E+02    0.000000E+00    0.000000E+00    0.000000E+00   -1.355699E+02    2.962029E+02   -4.378782E+01    0.000000E+00    0.000000E+00    0.000000E+00
8.795000E-01    1.111357E+02    8.710471E+01   -1.468643E+02    0.000000E+00    0.000000E+00    0.000000E+00   -1.846637E+02    2.663256E+02    1.881056E+01    0.000000E+00    0.000000E+00    0.000000E+00
8.805000E-01    1.013315E+02    7.511327E+01   -1.329599E+02    0.000000E+00    0.000000E+00    0.000000E+00   -1.642595E+02    2.419824E+02    1.222465E+01    0.000000E+00    0.000000E+00    0.000000E+00
8.815000E-01    1.360226E+02    8.370850E+00   -1.684006E+02    0.000000E+00    0.000000E+00    0.000000E+00   -1.157770E+02    3.151104E+02   -7.703476E+01    0.000000E+00    0.000000E+00    0.000000E+00
8.825000E-01    1.166662E+02    4.761289E+01   -1.447511E+02    0.000000E+00    0.000000E+00    0.000000E+00   -1.432644E+02    2.702128E+02   -2.618342E+01    0.000000E+00    0.000000E+00    0.000000E+00
8.835000E-01    1.130434E+02    5.343668E+01   -1.503266E+02    0.000000E+00    0.000000E+00    0.000000E+00   -1.539758E+02    2.718768E+02   -1.861195E+01    0.000000E+00    0.000000E+00    0.000000E+00
8.845000E-01    1.206798E+02    5.635706E+01   -1.515868E+02    0.000000E+00    0.000000E+00    0.000000E+00   -1.579367E+02    2.809156E+02   -2.086084E+01    0.000000E+00    0.000000E+00    0.000000E+00
8.855000E-01    1.081347E+02    9.753518E+01   -1.416110E+02    0.000000E+00    0.000000E+00    0.000000E+00   -1.972517E+02    2.570504E+02    2.721320E+01    0.000000E+00    0.000000E+00    0.000000E+00
8.865000E-01    1.272543E+02    3.775900E+01   -1.559793E+02    0.000000E+00    0.000000E+00    0.000000E+00   -1.426683E+02    2.924027E+02   -4.495812E+01    0.000000E+00    0.000000E+00    0.000000E+00
8.875000E-01    1.188181E+02    6.591220E+01   -1.569571E+02    0.000000E+00    0.000000E+00    0.000000E+00   -1.747885E+02    2.838458E+02   -1.257179E+01    0.000000E+00    0.000000E+00    0.000000E+00
8.885000E-01    1.176960E+02    6.716305E+01   -1.393873E+02    0.000000E+00    0.000000E+00    0.000000E+00   -1.646487E+02    2.647226E+02   -1.098724E+01    0.000000E+00    0.000000E+00    0.000000E+00
8.895000E-01    1.181778E+02    7.194231E+01   -1.506309E+02    0.000000E+00    0.000000E+00    0.000000E+00   -1.780480E+02    2.763591E+02   -6.992933E+00    0.000000E+00    0.000000E+00    0.000000E+00
8.905000E-01    1.146218E+02    8.707426E+01   -1.472925E+02    0.000000E+00    0.000000E+00    0.000000E+00   -1.927781E+02    2.687438E+02    9.552607E+00    0.000000E+00    0.000000E+00    0.000000E+00
8.915000E-01    1.086377E+02    1.025033E+02   -1.508676E+02    0.000000E+00    0.000000E+00    0.000000E+00   -2.127098E+02    2.653672E+02    2.798494E+01    0.000000E+00    0.000000E+00    0.000000E+00
8.925000E-01    1.210400E+02    6.305149E+01   -1.374661E+02    0.000000E+00    0.000000E+00    0.000000E+00   -1.611338E+02    2.656549E+02   -1.941289E+01    0.000000E+00    0.000000E+00    0.000000E+00
8.935000E-01    1.225356E+02    7.152052E+01   -1.472678E+02    0.000000E+00    0.000000E+00    0.000000E+00   -1.777273E+02    2.766511E+02   -1.318578E+01    0.000000E+00    0.000000E+00    0.000000E+00
8.945000E-01    1.314295E+02    2.873584E+01   -1.373966E+02    0.000000E+00    0.000000E+00    0.000000E+00   -1.254181E+02    2.766410E+02   -6.169333E+01    0.000000E+00    0.000000E+00    0.000000E+00
8.955000E-01    1.006320E+02    8.686948E+01   -1.320326E+02    0.000000E+00    0.000000E+00    0.000000E+00   -1.850789E+02    2.372322E+02    1.555422E+01    0.000000E+00    0.000000E+00    0.000000E+00
8.965000E-01    1.153416E+02    6.871290E+01   -1.413795E+02    0.000000E+00    0.000000E+00    0.000000E+00   -1.727781E+02    2.617669E+02   -1.311907E+01    0.000000E+00    0.000000E+00    0.000000E+00
8.975000E-01    1.245417E+02    2.821065E+01   -1.225846E+02    0.000000E+00    0.000000E+00    0.000000E+00   -1.161228E+02    2.537586E+02   -5.924314E+01    0.000000E+00    0.000000E+00    0.000000E+00
8.985000E-01    1.173710E+02    6.205574E+01   -1.371330E+02    0.000000E+00    0.000000E+00    0.000000E+00   -1.635926E+02    2.594941E+02   -2.252025E+01    0.000000E+00    0.000000E+00    0.000000E+00
8.995000E-01    1.022836E+02    7.770305E+01   -1.360020E+02    0.000000E+00    0.000000E+00    0.000000E+00   -1.800899E+02    2.416241E+02    3.074918E+00    0.000000E+00    0.000000E+00    0.000000E+00
9.005000E-01    9.856709E+01    7.674545E+01   -1.329695E+02    0.000000E+00    0.000000E+00    0.000000E+00   -1.782397E+02    2.342942E+02    3.656843E+00    0.000000E+00    0.000000E+00    0.000000E+00
9.015000E-01    1.059675E+02    7.717164E+01   -1.312717E+02    0.000000E+00    0.000000E+00    0.000000E+00   -1.779033E+02    2.398750E+02   -1.866345E+00    0.000000E+00    0.000000E+00    0.000000E+00
9.025000E-01    1.105863E+02    5.511738E+01   -1.326038E+02    0.000000E+00    0.000000E+00    0.000000E+00   -1.555198E+02    2.462876E+02   -2.678351E+01    0.000000E+00    0.000000E+00    0.000000E+00
9.035000E-01    1.236715E+02    5.380250E+01   -1.367076E+02    0.000000E+00    0.000000E+00    0.000000E+00   -1.568936E+02    2.639925E+02   -3.782273E+01    0.000000E+00    0.000000E+00    0.000000E+00
9.045000E-01    9.743704E+01    8.750731E+01   -1.397441E+02    0.000000E+00    0.000000E+00    0.000000E+00   -1.975276E+02    2.371565E+02    1.152113E+01    0.000000E+00    0.000000E+00    0.000000E+00
9.055000E-01    1.155744E+02    6.144558E+01   -1.345049E+02    0.000000E+00    0.000000E+00    0.000000E+00   -1.648606E+02    2.522831E+02   -2.589097E+01    0.000000E+00    0.000000E+00    0.000000E+00
9.065000E-01    1.068185E+02    7.490346E+01   -1.355471E+02    0.000000E+00    0.000000E+00    0.000000E+00   -1.811953E+02    2.427296E+02   -8.345689E+00    0.000000E+00    0.000000E+00    0.000000E+00
9.075000E-01    1.116167E+02    6.603136E+01   -1.343446E+02    0.000000E+00    0.000000E+00    0.000000E+00   -1.706721E+02    2.469578E+02   -2.004630E+01    0.000000E+00    0.000000E+00    0.000000E+00
9.085000E-01    9.925094E+01    7.953959E+01   -1.306219E+02    0.000000E+00    0.000000E+00    0.000000E+00   -1.840505E+02    2.288349E+02    2.072255E-01    0.000000E+00    0.000000E+00    0.000000E+00
9.095000E-01    9.431121E+01    9.202675E+01   -1.418345E+02    0.000000E+00    0.000000E+00    0.000000E+00   -2.060350E+02    2.335566E+02    1.535279E+01    0.000000E+00    0.000000E+00    0.000000E+00
9.105000E-01    1.143174E+02    7.092875E+01   -1.291474E+02    0.000000E+00    0.000000E+00    0.000000E+00   -1.743983E+02    2.428359E+02   -2.043917E+01    0.000000E+00    0.000000E+00    0.000000E+00
9.115000E-01    8.612990E+01    9.427162E+01   -1.335230E+02    0.000000E+00    0.000000E+00    0.000000E+00   -2.032596E+02    2.159279E+02    2.195323E+01    0.000000E+00    0.000000E+00    0.000000E+00
9.125000E-01    8.991838E+01    9.050775E+01   -1.339767E+02    0.000000E+00    0.000000E+00    0.000000E+00   -2.003828E+02    2.198455E+02    1.473531E+01    0.000000E+00    0.000000E+00    0.000000E+00
9.135000E-01    8.356683E+01    9.959810E+01   -1.282204E+02    0.000000E+00    0.000000E+00    0.000000E+00   -2.062520E+02    2.069866E+02    2.711331E+01    0.000000E+00    0.000000E+00    0.000000E+00
9.145000E-01    1.183920E+02    5.854783E+01   -1.274138E+02    0.000000E+00    0.000000E+00    0.000000E+00   -1.613319E+02    2.441090E+02   -3.733892E+01    0.000000E+00    0.000000E+00    0.000000E+00
9.155000E-01    7.948901E+01    1.016208E+02   -1.290473E+02    0.000000E+00    0.000000E+00    0.000000E+00   -2.099846E+02    2.021047E+02    3.060231E+01    0.000000E+00    0.000000E+00    0.000000E+00
9.165000E-01    7.630749E+01    9.816982E+01   -1.310975E+02    0.000000E+00    0.000000E+00    0.000000E+00   -2.082315E+02    2.003043E+02    2.958984E+01    0.000000E+00    0.000000E+00    0.000000E+00
9.175000E-01    8.043536E+01    1.005720E+02   -1.329043E+02    0.000000E+00    0.000000E+00    0.000000E+00   -2.128708E+02    2.055816E+02    2.762783E+01    0.000000E+00    0.000000E+00    0.000000E+00
9.185000E-01    6.502306E+01    1.057966E+02   -1.323219E+02    0.000000E+00    0.000000E+00    0.000000E+00   -2.186857E+02    1.877319E+02    4.348880E+01    0.000000E+00    0.000000E+00    0.000000E+00
9.195000E-01    1.250608E+02    6.446850E+01   -1.280135E+02    0.000000E+00    0.000000E+00    0.000000E+00   -1.699987E+02    2.491390E+02   -4.036245E+01    0.000000E+00    0.000000E+00    0.000000E+00
9.205000E-01    9.152114E+01    7.953597E+01   -1.284281E+02    0.000000E+00    0.000000E+00    0.000000E+00   -1.877611E+02    2.123276E+02   -1.781218E+00    0.000000E+00    0.000000E+00    0.000000E+00
9.215000E-01    1.027071E+02    7.499842E+01   -1.287751E+02    0.000000E+00    0.000000E+00    0.000000E+00   -1.832341E+02    2.240982E+02   -1.509646E+01    0.000000E+00    0.000000E+00    0.000000E+00
9.225000E-01    1.028531E+02    7.515369E+01   -1.256851E+02    0.000000E+00    0.000000E+00    0.000000E+00   -1.813333E+02    2.209706E+02   -1.563133E+01    0.000000E+00    0.000000E+00    0.000000E+00
9.235000E-01    9.682592E+01    7.425483E+01   -1.256397E+02    0.000000E+00    0.000000E+00    0.000000E+00   -1.809012E+02    2.135896E+02   -1.268944E+01    0.000000E+00    0.000000E+00    0.000000E+00
9.245000E-01    1.025675E+02    8.304878E+01   -1.268646E+02    0.000000E+00    0.000000E+00    0.000000E+00   -1.919015E+02    2.199352E+02   -1.056805E+01    0.000000E+00    0.000000E+00    0.000000E+00
9.255000E-01    8.858069E+01    8.339794E+01   -1.276160E+02    0.000000E+00    0.000000E+00    0.000000E+00   -1.934053E+02    2.047526E+02    2.945052E-01    0.000000E+00    0.000000E+00    0.000000E+00
9.265000E-01    1.203293E+02    6.304944E+01   -1.250519E+02    0.000000E+00    0.000000E+00    0.000000E+00   -1.694414E+02    2.369798E+02   -4.306864E+01    0.000000E+00    0.000000E+00    0.000000E+00
9.275000E-01    1.012882E+02    8.004117E+01   -1.248954E+02    0.000000E+00    0.000000E+00    0.000000E+00   -1.882533E+02    2.148599E+02   -1.449129E+01    0.000000E+00    0.000000E+00    0.000000E+00
9.285000E-01    8.891795E+01    8.593917E+01   -1.318340E+02    0.000000E+00    0.000000E+00    0.000000E+00   -2.002146E+02    2.076373E+02    8.191504E-01    0.000000E+00    0.000000E+00    0.000000E+00
9.295000E-01    7.156769E+01    1.093192E+02   -1.373692E+02    0.000000E+00    0.000000E+00    0.000000E+00   -2.317703E+02    1.909865E+02    3.223367E+01    0.000000E+00    0.000000E+00    0.000000E+00
9.305000E-01    1.258590E+02    6.594508E+01   -1.220836E+02    0.000000E+00    0.000000E+00    0.000000E+00   -1.716834E+02    2.375742E+02   -4.813116E+01    0.000000E+00    0.000000E+00    0.000000E+00
9.315000E-01    1.027604E+02    7.851043E+01   -1.280992E+02    0.000000E+00    0.000000E+00    0.000000E+00   -1.911202E+02    2.163313E+02   -2.028729E+01    0.000000E+00    0.000000E+00    0.000000E+00
9.325000E-01    9.455787E+01    1.006808E+02   -1.393636E+02    0.000000E+00    0.000000E+00    0.000000E+00   -2.243542E+02    2.161239E+02    4.536177E+00    0.000000E+00    0.000000E+00    0.000000E+00
9.335000E-01    9.895172E+01    9.292513E+01   -1.342522E+02    0.000000E+00    0.000000E+00    0.000000E+00   -2.120621E+02    2.165056E+02   -5.787119E+00    0.000000E+00    0.000000E+00    0.000000E+00
9.345000E-01    9.975842E+01    7.667295E+01   -1.236784E+02    0.000000E+00    0.000000E+00    0.000000E+00   -1.865937E+02    2.072306E+02   -2.145576E+01    0.000000E+00    0.000000E+00    0.000000E+00
9.355000E-01    7.875963E+01    8.972344E+01   -1.269876E+02    0.000000E+00    0.000000E+00    0.000000E+00   -2.034939E+02    1.870427E+02    6.524633E+00    0.000000E+00    0.000000E+00    0.000000E+00
9.365000E-01    7.759685E+01    1.003695E+02   -1.290593E+02    0.000000E+00    0.000000E+00    0.000000E+00   -2.171274E+02    1.865286E+02    1.530254E+01    0.000000E+00    0.000000E+00    0.000000E+00
9.375000E-01    7.001896E+01    5.792670E+01   -8.842029E+01    0.000000E+00    0.000000E+00    0.000000E+00   -1.379234E+02    1.451574E+02   -1.330239E+01    0.000000E+00    0.000000E+00    0.000000E+00
9.385000E-01    9.472453E+01    9.138782E+01   -1.347919E+02    0.000000E+00    0.000000E+00    0.000000E+00   -2.131844E+02    2.078442E+02   -8.144006E+00    0.000000E+00    0.000000E+00    0.000000E+00
9.395000E-01    8.978206E+01    7.638902E+01   -1.165998E+02    0.000000E+00    0.000000E+00    0.000000E+00   -1.814607E+02    1.882743E+02   -1.587110E+01    0.000000E+00    0.000000E+00    0.000000E+00
9.405000E-01    8.882789E+01    8.494607E+01   -1.242560E+02    0.000000E+00    0.000000E+00    0.000000E+00   -1.979775E+02    1.913968E+02   -9.961834E+00    0.000000E+00    0.000000E+00    0.000000E+00
9.415000E-01    7.691855E+01    9.999899E+01   -1.358881E+02    0.000000E+00    0.000000E+00    0.000000E+00   -2.244222E+02    1.869867E+02    1.136049E+01    0.000000E+00    0.000000E+00    0.000000E+00
9.425000E-01    7.936905E+01    9.268055E+01   -1.341812E+02    0.000000E+00    0.000000E+00    0.000000E+00   -2.153065E+02    1.876681E+02    2.975409E+00    0.000000E+00    0.000000E+00    0.000000E+00
9.435000E-01    7.989625E+01    1.102271E+02   -1.437943E+02    0.000000E+00    0.000000E+00    0.000000E+00   -2.428406E+02    1.942088E+02    1.475965E+01    0.000000E+00    0.000000E+00    0.000000E+00
9.445000E-01    1.091937E+02    7.703876E+01   -1.271350E+02    0.000000E+00    0.000000E+00    0.000000E+00   -1.928589E+02    2.130836E+02   -3.605679E+01    0.000000E+00    0.000000E+00    0.000000E+00
9.455000E-01    7.133271E+01    1.044978E+02   -1.389754E+02    0.000000E+00    0.000000E+00    0.000000E+00   -2.332618E+02    1.794135E+02    1.573770E+01    0.000000E+00    0.000000E+00    0.000000E+00
9.465000E-01    7.155141E+01    1.076337E+02   -1.399102E+02    0.000000E+00    0.000000E+00    0.000000E+00   -2.374866E+02    1.802130E+02    1.800970E+01    0.000000E+00    0.000000E+00    0.000000E+00
9.475000E-01    6.768236E+01    1.105651E+02   -1.429860E+02    0.000000E+00    0.000000E+00    0.000000E+00   -2.435049E+02    1.780359E+02    2.325670E+01    0.000000E+00    0.000000E+00    0.000000E+00
9.485000E-01    9.055525E+01    9.139241E+01   -1.294987E+02    0.000000E+00    0.000000E+00    0.000000E+00   -2.115642E+02    1.913620E+02   -1.241477E+01    0.000000E+00    0.000000E+00    0.000000E+00
9.495000E-01    8.165188E+01    9.671893E+01   -1.292469E+02    0.000000E+00    0.000000E+00    0.000000E+00   -2.172763E+02    1.803802E+02   -1.558409E+00    0.000000E+00    0.000000E+00    0.000000E+00
9.505000E-01    7.442761E+01    1.074769E+02   -1.395469E+02    0.000000E+00    0.000000E+00    0.000000E+00   -2.376922E+02    1.812718E+02    1.347534E+01    0.000000E+00    0.000000E+00    0.000000E+00
9.515000E-01    9.355326E+01    9.864052E+01   -1.381018E+02    0.000000E+00    0.000000E+00    0.000000E+00   -2.275991E+02    1.987305E+02   -1.192738E+01    0.000000E+00    0.000000E+00    0.000000E+00
9.525000E-01    8.834127E+01    1.165019E+02   -1.552183E+02    0.000000E+00    0.000000E+00    0.000000E+00   -2.617989E+02    2.044045E+02    4.847560E+00    0.000000E+00    0.000000E+00    0.000000E+00
9.535000E-01    7.393641E+01    1.013449E+02   -1.296706E+02    0.000000E+00    0.000000E+00    0.000000E+00   -2.234822E+02    1.702045E+02    6.039381E+00    0.000000E+00    0.000000E+00    0.000000E+00
9.545000E-01    6.645230E+01    1.091854E+02   -1.392384E+02    0.000000E+00    0.000000E+00    0.000000E+00   -2.407815E+02    1.669609E+02    1.676939E+01    0.000000E+00    0.000000E+00    0.000000E+00
9.555000E-01    5.332943E+01    1.066046E+02   -1.317495E+02    0.000000E+00    0.000000E+00    0.000000E+00   -2.316137E+02    1.475908E+02    2.636268E+01    0.000000E+00    0.000000E+00    0.000000E+00
9.565000E-01    8.547227E+01    9.384279E+01   -1.246118E+02    0.000000E+00    0.000000E+00    0.000000E+00   -2.117285E+02    1.758649E+02   -1.230041E+01    0.000000E+00    0.000000E+00    0.000000E+00
9.575000E-01    4.990052E+01    1.106515E+02   -1.391022E+02    0.000000E+00    0.000000E+00    0.000000E+00   -2.428197E+02    1.472385E+02    3.050076E+01    0.000000E+00    0.000000E+00    0.000000E+00
9.585000E-01    6.864656E+01    9.648643E+01   -1.251151E+02    0.000000E+00    0.000000E+00    0.000000E+00   -2.153346E+02    1.571425E+02    3.481895E+00    0.000000E+00    0.000000E+00    0.000000E+00
9.595000E-01    3.856128E+01    1.129306E+02   -1.406078E+02    0.000000E+00    0.000000E+00    0.000000E+00   -2.468949E+02    1.347071E+02    4.113429E+01    0.000000E+00    0.000000E+00    0.000000E+00
9.605000E-01    6.288282E+01    1.079090E+02   -1.398328E+02    0.000000E+00    0.000000E+00    0.000000E+00   -2.408334E+02    1.602112E+02    1.575808E+01    0.000000E+00    0.000000E+00    0.000000E+00
9.615000E-01    3.962514E+01    1.130854E+02   -1.383985E+02    0.000000E+00    0.000000E+00    0.000000E+00   -2.456296E+02    1.321370E+02    3.828180E+01    0.000000E+00    0.000000E+00    0.000000E+00
9.625000E-01    5.039677E+01    1.089242E+02   -1.360423E+02    0.000000E+00    0.000000E+00    0.000000E+00   -2.388769E+02    1.427523E+02    2.628638E+01    0.000000E+00    0.000000E+00    0.000000E+00
9.635000E-01    7.418314E+01    9.669793E+01   -1.313882E+02    0.000000E+00    0.000000E+00    0.000000E+00   -2.219026E+02    1.637361E+02   -4.577104E+00    0.000000E+00    0.000000E+00    0.000000E+00
9.645000E-01    3.171655E+01    1.103953E+02   -1.370475E+02    0.000000E+00    0.000000E+00    0.000000E+00   -2.417096E+02    1.216461E+02    4.256240E+01    0.000000E+00    0.000000E+00    0.000000E+00
9.655000E-01    6.618859E+01    1.116364E+02   -1.450966E+02    0.000000E+00    0.000000E+00    0.000000E+00   -2.503014E+02    1.633240E+02    1.197672E+01    0.000000E+00    0.000000E+00    0.000000E+00
9.665000E-01    4.760224E+01    1.070908E+02   -1.368843E+02    0.000000E+00    0.000000E+00    0.000000E+00   -2.383969E+02    1.367216E+02    2.441155E+01    0.000000E+00    0.000000E+00    0.000000E+00
9.675000E-01    8.938477E+01    9.340735E+01   -1.296227E+02    0.000000E+00    0.000000E+00    0.000000E+00   -2.171153E+02    1.765962E+02   -2.228807E+01    0.000000E+00    0.000000E+00    0.000000E+00
9.685000E-01    3.951932E+01    9.906272E+01   -1.268654E+02    0.000000E+00    0.000000E+00    0.000000E+00   -2.208601E+02    1.213577E+02    2.621774E+01    0.000000E+00    0.000000E+00    0.000000E+00
9.695000E-01    6.467698E+01    1.066360E+02   -1.374923E+02    0.000000E+00    0.000000E+00    0.000000E+00   -2.386588E+02    1.541062E+02    7.573026E+00    0.000000E+00    0.000000E+00    0.000000E+00
9.705000E-01    6.707434E+01    1.088339E+02   -1.387201E+02    0.000000E+00    0.000000E+00    0.000000E+00   -2.421147E+02    1.563953E+02    5.723225E+00    0.000000E+00    0.000000E+00    0.000000E+00
9.715000E-01    4.921506E+01    1.128656E+02   -1.405717E+02    0.000000E+00    0.000000E+00    0.000000E+00   -2.483425E+02    1.376243E+02    2.387990E+01    0.000000E+00    0.000000E+00    0.000000E+00
9.725000E-01    1.061981E+02    1.041432E+02   -1.378466E+02    0.000000E+00    0.000000E+00    0.000000E+00   -2.367866E+02    1.950438E+02   -3.494333E+01    0.000000E+00    0.000000E+00    0.000000E+00
9.735000E-01    6.671002E+01    9.985733E+01   -1.298330E+02    0.000000E+00    0.000000E+00    0.000000E+00   -2.250686E+02    1.475651E+02   -2.015654E+00    0.000000E+00    0.000000E+00    0.000000E+00
9.745000E-01    8.640764E+01    1.061945E+02   -1.354123E+02    0.000000E+00    0.000000E+00    0.000000E+00   -2.368497E+02    1.715245E+02   -1.658073E+01    0.000000E+00    0.000000E+00    0.000000E+00
9.755000E-01    8.442901E+01    1.072748E+02   -1.374984E+02    0.000000E+00    0.000000E+00    0.000000E+00   -2.400192E+02    1.701139E+02   -1.474541E+01    0.000000E+00    0.000000E+00    0.000000E+00
9.765000E-01    6.506196E+01    1.107481E+02   -1.377303E+02    0.000000E+00    0.000000E+00    0.000000E+00   -2.440329E+02    1.482348E+02    4.123904E+00    0.000000E+00    0.000000E+00    0.000000E+00
9.775000E-01    5.237737E+01    1.084533E+02   -1.353643E+02    0.000000E+00    0.000000E+00    0.000000E+00   -2.395085E+02    1.335702E+02    1.468358E+01    0.000000E+00    0.000000E+00    0.000000E+00
9.785000E-01    5.146203E+01    9.054425E+01   -1.080000E+02    0.000000E+00    0.000000E+00    0.000000E+00   -1.955283E+02    1.156706E+02    4.139262E+00    0.000000E+00    0.000000E+00    0.000000E+00
9.795000E-01    6.993701E+01    1.104428E+02   -1.399005E+02    0.000000E+00    0.000000E+00    0.000000E+00   -2.460960E+02    1.519561E+02   -2.755321E+00    0.000000E+00    0.000000E+00    0.000000E+00
9.805000E-01    6.078762E+01    1.086755E+02   -1.347997E+02    0.000000E+00    0.000000E+00    0.000000E+00   -2.394240E+02    1.396685E+02    4.811118E+00    0.000000E+00    0.000000E+00    0.000000E+00
9.815000E-01    5.496379E+01    1.142215E+02   -1.443802E+02    0.000000E+00    0.000000E+00    0.000000E+00   -2.544267E+02    1.373828E+02    1.211083E+01    0.000000E+00    0.000000E+00    0.000000E+00
9.825000E-01    3.543469E+01    1.091232E+02   -1.350482E+02    0.000000E+00    0.000000E+00    0.000000E+00   -2.404074E+02    1.110174E+02    2.709629E+01    0.000000E+00    0.000000E+00    0.000000E+00
9.835000E-01    3.061486E+01    1.105059E+02   -1.378459E+02    0.000000E+00    0.000000E+00    0.000000E+00   -2.445479E+02    1.073331E+02    3.209417E+01    0.000000E+00    0.000000E+00    0.000000E+00
9.845000E-01    6.524879E+01    1.103431E+02   -1.397483E+02    0.000000E+00    0.000000E+00    0.000000E+00   -2.460594E+02    1.439697E+02   -1.072908E+00    0.000000E+00    0.000000E+00    0.000000E+00
9.855000E-01    5.888974E+01    1.068544E+02   -1.370472E+02    0.000000E+00    0.000000E+00    0.000000E+00   -2.400376E+02    1.348912E+02    2.171806E+00    0.000000E+00    0.000000E+00    0.000000E+00
9.865000E-01    3.679933E+01    1.121989E+02   -1.419511E+02    0.000000E+00    0.000000E+00    0.000000E+00   -2.502882E+02    1.140407E+02    2.561736E+01    0.000000E+00    0.000000E+00    0.000000E+00
9.875000E-01    6.784624E+01    1.028829E+02   -1.324901E+02    0.000000E+00    0.000000E+00    0.000000E+00   -2.317243E+02    1.407104E+02   -9.200748E+00    0.000000E+00    0.000000E+00    0.000000E+00
9.885000E-01    6.240740E+01    1.078680E+02   -1.369550E+02    0.000000E+00    0.000000E+00    0.000000E+00   -2.411234E+02    1.368444E+02   -1.886858E+00    0.000000E+00    0.000000E+00    0.000000E+00
9.895000E-01    3.706280E+01    1.121990E+02   -1.415005E+02    0.000000E+00    0.000000E+00    0.000000E+00   -2.501151E+02    1.121253E+02    2.360318E+01    0.000000E+00    0.000000E+00    0.000000E+00
9.905000E-01    5.040328E+01    1.135925E+02   -1.419596E+02    0.000000E+00    0.000000E+00    0.000000E+00   -2.519316E+02    1.254845E+02    1.122576E+01    0.000000E+00    0.000000E+00    0.000000E+00
9.915000E-01    3.289138E+01    1.146959E+02   -1.398120E+02    0.000000E+00    0.000000E+00    0.000000E+00   -2.511582E+02    1.049809E+02    2.736810E+01    0.000000E+00    0.000000E+00    0.000000E+00
9.925000E-01    3.468171E+01    1.124117E+02   -1.396360E+02    0.000000E+00    0.000000E+00    0.000000E+00   -2.486944E+02    1.063619E+02    2.413680E+01    0.000000E+00    0.000000E+00    0.000000E+00
9.935000E-01    2.985441E+01    1.100145E+02   -1.353175E+02    0.000000E+00    0.000000E+00    0.000000E+00   -2.421436E+02    9.829319E+01    2.680198E+01    0.000000E+00    0.000000E+00    0.000000E+00
9.945000E-01    3.704047E+01    1.136572E+02   -1.395901E+02    0.000000E+00    0.000000E+00    0.000000E+00   -2.498961E+02    1.080082E+02    2.180416E+01    0.000000E+00    0.000000E+00    0.000000E+00
9.955000E-01    4.811976E+01    1.164174E+02   -1.450710E+02    0.000000E+00    0.000000E+00    0.000000E+00   -2.579844E+02    1.217339E+02    1.221014E+01    0.000000E+00    0.000000E+00    0.000000E+00
9.965000E-01    9.174333E+01    1.064839E+02   -1.334220E+02    0.000000E+00    0.000000E+00    0.000000E+00   -2.365931E+02    1.607132E+02   -3.459522E+01    0.000000E+00    0.000000E+00    0.000000E+00
9.975000E-01    8.042248E+01    1.071951E+02   -1.349971E+02    0.000000E+00    0.000000E+00    0.000000E+00   -2.388982E+02    1.491146E+02   -2.416049E+01    0.000000E+00    0.000000E+00    0.000000E+00
9.985000E-01    8.246932E+01    1.070027E+02   -1.353260E+02    0.000000E+00    0.000000E+00    0.000000E+00   -2.391450E+02    1.499970E+02   -2.733411E+01    0.000000E+00    0.000000E+00    0.000000E+00
9.995000E-01    6.454642E+01    1.121654E+02   -1.387202E+02    0.000000E+00    0.000000E+00    0.000000E+00   -2.477858E+02    1.323767E+02   -8.116595E+00    0.000000E+00    0.000000E+00    0.000000E+00
