 LS-DYNA keyword deck by LS-PrePost                                      
                    ls-dyna mpp d R14 R14.1.1_16_fadfb4 date 05/14/2025
ICFD Drag Forces and Moments
time,            Fpx,Fpy,            Fpz,Fvx,            Fvy,Fvz,            Mpx,Mpy,            Mpz,Mvx,            Mvy,Mvz
5.000000E-04    6.681951E-01    2.847572E+00   -4.469744E+01    0.000000E+00    0.000000E+00    0.000000E+00   -1.028525E+00    2.755359E-01    1.844144E-01    0.000000E+00    0.000000E+00    0.000000E+00
1.500000E-03    2.079444E-01    7.019353E-01   -3.697027E+01    0.000000E+00    0.000000E+00    0.000000E+00   -1.309396E-01    9.337579E-02   -1.801691E-02    0.000000E+00    0.000000E+00    0.000000E+00
2.500000E-03    6.742898E-02    4.429982E-02   -3.199104E+01    0.000000E+00    0.000000E+00    0.000000E+00    1.015652E-01    6.467979E-02   -1.514794E-02    0.000000E+00    0.000000E+00    0.000000E+00
3.500000E-03   -1.803360E-02   -2.826204E-02   -3.169129E+01    0.000000E+00    0.000000E+00    0.000000E+00    5.681254E-02    1.801990E-02   -1.724573E-02    0.000000E+00    0.000000E+00    0.000000E+00
4.500000E-03   -1.209954E-01    3.172915E-02   -3.185168E+01    0.000000E+00    0.000000E+00    0.000000E+00   -3.998794E-03   -3.497632E-02   -1.287574E-02    0.000000E+00    0.000000E+00    0.000000E+00
5.500000E-03   -1.361165E-01    8.757200E-02   -3.157655E+01    0.000000E+00    0.000000E+00    0.000000E+00   -2.871349E-02   -4.388989E-02   -1.198428E-02    0.000000E+00    0.000000E+00    0.000000E+00
6.500000E-03    8.000053E-02    1.964474E-01   -6.064281E+00    0.000000E+00    0.000000E+00    0.000000E+00   -6.481562E-02    1.547550E-02    2.856610E-03    0.000000E+00    0.000000E+00    0.000000E+00
7.500000E-03   -5.956917E-03    2.627644E-02    6.712419E+00    0.000000E+00    0.000000E+00    0.000000E+00   -1.223764E-02   -3.161150E-03    1.270135E-02    0.000000E+00    0.000000E+00    0.000000E+00
8.500000E-03   -2.329774E-01   -2.089840E-01   -2.057794E-01    0.000000E+00    0.000000E+00    0.000000E+00    7.056024E-02   -6.710364E-02    1.180886E-02    0.000000E+00    0.000000E+00    0.000000E+00
9.500000E-03   -1.382085E-01   -7.929138E-02   -4.984146E+00    0.000000E+00    0.000000E+00    0.000000E+00    3.510300E-02   -4.671211E-02    1.884961E-03    0.000000E+00    0.000000E+00    0.000000E+00
1.050000E-02    5.612266E-02    1.131011E-01   -4.963875E+00    0.000000E+00    0.000000E+00    0.000000E+00   -2.309264E-02    6.651912E-03   -1.345176E-04    0.000000E+00    0.000000E+00    0.000000E+00
1.150000E-02    3.967365E-02    9.028309E-02   -4.108389E+00    0.000000E+00    0.000000E+00    0.000000E+00   -2.408925E-02    5.007476E-03   -3.088555E-04    0.000000E+00    0.000000E+00    0.000000E+00
1.250000E-02   -8.345885E-02   -7.671457E-02   -3.446084E+00    0.000000E+00    0.000000E+00    0.000000E+00    3.098341E-02   -2.967329E-02    1.859129E-03    0.000000E+00    0.000000E+00    0.000000E+00
1.350000E-02   -1.289688E-01   -3.475513E-02   -3.721513E+00    0.000000E+00    0.000000E+00    0.000000E+00    1.054413E-02   -4.848173E-02    1.977485E-04    0.000000E+00    0.000000E+00    0.000000E+00
1.450000E-02   -4.843450E-02    1.673785E-02   -4.795397E+00    0.000000E+00    0.000000E+00    0.000000E+00    3.025184E-03   -1.984868E-02   -5.642598E-04    0.000000E+00    0.000000E+00    0.000000E+00
1.550000E-02   -2.488762E-02    3.348761E-02   -5.346079E+00    0.000000E+00    0.000000E+00    0.000000E+00   -3.300044E-03   -9.761049E-03   -9.663479E-04    0.000000E+00    0.000000E+00    0.000000E+00
1.650000E-02   -3.828269E-02   -4.978591E-04   -5.333967E+00    0.000000E+00    0.000000E+00    0.000000E+00    5.629538E-03   -1.273981E-02   -2.908042E-04    0.000000E+00    0.000000E+00    0.000000E+00
1.750000E-02   -4.891487E-02   -2.793416E-02   -5.466860E+00    0.000000E+00    0.000000E+00    0.000000E+00    1.497251E-02   -1.680917E-02    2.151070E-04    0.000000E+00    0.000000E+00    0.000000E+00
1.850000E-02   -4.571067E-02   -1.930341E-02   -5.911981E+00    0.000000E+00    0.000000E+00    0.000000E+00    1.323524E-02   -1.573411E-02   -2.761907E-04    0.000000E+00    0.000000E+00    0.000000E+00
1.950000E-02   -3.622178E-02   -9.477165E-03   -6.324146E+00    0.000000E+00    0.000000E+00    0.000000E+00    1.028989E-02   -1.246831E-02   -8.194311E-04    0.000000E+00    0.000000E+00    0.000000E+00
2.050000E-02   -2.812110E-02   -1.017487E-02   -6.620818E+00    0.000000E+00    0.000000E+00    0.000000E+00    1.034613E-02   -9.204374E-03   -9.478893E-04    0.000000E+00    0.000000E+00    0.000000E+00
2.150000E-02   -2.389832E-02   -2.293901E-02   -6.894795E+00    0.000000E+00    0.000000E+00    0.000000E+00    1.484495E-02   -6.509448E-03   -5.412469E-04    0.000000E+00    0.000000E+00    0.000000E+00
2.250000E-02   -2.075583E-02   -2.765550E-02   -7.187348E+00    0.000000E+00    0.000000E+00    0.000000E+00    1.686507E-02   -4.868442E-03   -6.903633E-04    0.000000E+00    0.000000E+00    0.000000E+00
2.350000E-02   -1.557817E-02   -2.609633E-02   -7.494685E+00    0.000000E+00    0.000000E+00    0.000000E+00    1.647326E-02   -2.366935E-03   -1.273868E-03    0.000000E+00    0.000000E+00    0.000000E+00
2.450000E-02   -8.013309E-03   -2.580067E-02   -7.788466E+00    0.000000E+00    0.000000E+00    0.000000E+00    1.660776E-02    7.226851E-04   -1.572783E-03    0.000000E+00    0.000000E+00    0.000000E+00
2.550000E-02    5.906544E-04   -2.829294E-02   -8.058233E+00    0.000000E+00    0.000000E+00    0.000000E+00    1.767440E-02    3.897466E-03   -1.888001E-03    0.000000E+00    0.000000E+00    0.000000E+00
2.650000E-02    7.580510E-03   -3.139070E-02   -8.307947E+00    0.000000E+00    0.000000E+00    0.000000E+00    1.886631E-02    6.377107E-03   -2.199564E-03    0.000000E+00    0.000000E+00    0.000000E+00
2.750000E-02    1.323333E-02   -3.364778E-02   -8.541628E+00    0.000000E+00    0.000000E+00    0.000000E+00    1.962300E-02    8.406776E-03   -2.497596E-03    0.000000E+00    0.000000E+00    0.000000E+00
2.850000E-02    1.901829E-02   -3.514334E-02   -8.758715E+00    0.000000E+00    0.000000E+00    0.000000E+00    2.001179E-02    1.056014E-02   -2.797528E-03    0.000000E+00    0.000000E+00    0.000000E+00
2.950000E-02    2.505694E-02   -3.676655E-02   -8.958195E+00    0.000000E+00    0.000000E+00    0.000000E+00    2.038342E-02    1.276085E-02   -3.098593E-03    0.000000E+00    0.000000E+00    0.000000E+00
3.050000E-02    3.105415E-02   -3.869660E-02   -9.141026E+00    0.000000E+00    0.000000E+00    0.000000E+00    2.084378E-02    1.478129E-02   -3.390163E-03    0.000000E+00    0.000000E+00    0.000000E+00
3.150000E-02    3.692754E-02   -4.080046E-02   -9.308062E+00    0.000000E+00    0.000000E+00    0.000000E+00    2.140538E-02    1.659242E-02   -3.666618E-03    0.000000E+00    0.000000E+00    0.000000E+00
3.250000E-02    4.208868E-02   -4.273949E-02   -9.458502E+00    0.000000E+00    0.000000E+00    0.000000E+00    2.191191E-02    1.809702E-02   -3.919435E-03    0.000000E+00    0.000000E+00    0.000000E+00
3.350000E-02    4.621982E-02   -4.458505E-02   -9.592077E+00    0.000000E+00    0.000000E+00    0.000000E+00    2.236027E-02    1.923839E-02   -4.134801E-03    0.000000E+00    0.000000E+00    0.000000E+00
3.450000E-02    4.958346E-02   -4.705860E-02   -9.709474E+00    0.000000E+00    0.000000E+00    0.000000E+00    2.299399E-02    2.008921E-02   -4.305588E-03    0.000000E+00    0.000000E+00    0.000000E+00
3.550000E-02    5.237242E-02   -5.016151E-02   -9.814161E+00    0.000000E+00    0.000000E+00    0.000000E+00    2.380722E-02    2.066857E-02   -4.438614E-03    0.000000E+00    0.000000E+00    0.000000E+00
3.650000E-02    5.319904E-02   -5.297687E-02   -9.909999E+00    0.000000E+00    0.000000E+00    0.000000E+00    2.446812E-02    2.031621E-02   -4.319673E-03    0.000000E+00    0.000000E+00    0.000000E+00
3.750000E-02    5.482983E-02   -5.674417E-02   -9.997734E+00    0.000000E+00    0.000000E+00    0.000000E+00    2.551507E-02    2.035559E-02   -4.547478E-03    0.000000E+00    0.000000E+00    0.000000E+00
3.850000E-02    5.518446E-02   -5.640715E-02   -1.007677E+01    0.000000E+00    0.000000E+00    0.000000E+00    2.635117E-02    1.977281E-02   -4.522258E-03    0.000000E+00    0.000000E+00    0.000000E+00
3.950000E-02    5.092693E-02   -6.006223E-02   -1.014853E+01    0.000000E+00    0.000000E+00    0.000000E+00    2.708024E-02    1.890693E-02   -4.556843E-03    0.000000E+00    0.000000E+00    0.000000E+00
4.050000E-02    4.910211E-02   -6.285257E-02   -1.021380E+01    0.000000E+00    0.000000E+00    0.000000E+00    2.765291E-02    1.770093E-02   -4.467388E-03    0.000000E+00    0.000000E+00    0.000000E+00
4.150000E-02    5.049984E-02   -6.980552E-02   -1.027253E+01    0.000000E+00    0.000000E+00    0.000000E+00    2.809895E-02    1.621097E-02   -4.365723E-03    0.000000E+00    0.000000E+00    0.000000E+00
4.250000E-02    4.760992E-02   -7.229934E-02   -1.032669E+01    0.000000E+00    0.000000E+00    0.000000E+00    2.840683E-02    1.453204E-02   -4.245148E-03    0.000000E+00    0.000000E+00    0.000000E+00
4.350000E-02    3.893341E-02   -6.653499E-02   -1.037616E+01    0.000000E+00    0.000000E+00    0.000000E+00    2.826843E-02    1.161076E-02   -3.644417E-03    0.000000E+00    0.000000E+00    0.000000E+00
4.450000E-02    3.573560E-02   -6.812071E-02   -1.042258E+01    0.000000E+00    0.000000E+00    0.000000E+00    2.848461E-02    1.007011E-02   -3.866313E-03    0.000000E+00    0.000000E+00    0.000000E+00
4.550000E-02    3.115593E-02   -6.839793E-02   -1.046561E+01    0.000000E+00    0.000000E+00    0.000000E+00    2.813679E-02    7.879993E-03   -3.813566E-03    0.000000E+00    0.000000E+00    0.000000E+00
4.650000E-02    2.900317E-02   -7.165349E-02   -1.050537E+01    0.000000E+00    0.000000E+00    0.000000E+00    2.772209E-02    5.718746E-03   -3.683824E-03    0.000000E+00    0.000000E+00    0.000000E+00
4.750000E-02    2.073976E-02   -7.067995E-02   -1.053906E+01    0.000000E+00    0.000000E+00    0.000000E+00    2.738145E-02    3.849596E-03   -3.574048E-03    0.000000E+00    0.000000E+00    0.000000E+00
4.850000E-02    1.555653E-02   -6.944677E-02   -1.057896E+01    0.000000E+00    0.000000E+00    0.000000E+00    2.664314E-02    1.422487E-03   -3.598847E-03    0.000000E+00    0.000000E+00    0.000000E+00
4.950000E-02    1.665717E-02   -6.937996E-02   -1.061142E+01    0.000000E+00    0.000000E+00    0.000000E+00    2.606905E-02   -2.090959E-04   -3.775227E-03    0.000000E+00    0.000000E+00    0.000000E+00
5.050000E-02    1.227945E-02   -6.834322E-02   -1.064593E+01    0.000000E+00    0.000000E+00    0.000000E+00    2.539766E-02   -2.157974E-03   -3.905087E-03    0.000000E+00    0.000000E+00    0.000000E+00
5.150000E-02    9.161189E-03   -6.756062E-02   -1.067534E+01    0.000000E+00    0.000000E+00    0.000000E+00    2.502341E-02   -3.592873E-03   -4.035375E-03    0.000000E+00    0.000000E+00    0.000000E+00
5.250000E-02    3.864590E-03   -6.244767E-02   -1.070540E+01    0.000000E+00    0.000000E+00    0.000000E+00    2.451263E-02   -4.881074E-03   -4.294484E-03    0.000000E+00    0.000000E+00    0.000000E+00
5.350000E-02    1.616025E-03   -6.059447E-02   -1.073461E+01    0.000000E+00    0.000000E+00    0.000000E+00    2.394123E-02   -5.903059E-03   -4.456485E-03    0.000000E+00    0.000000E+00    0.000000E+00
5.450000E-02   -4.044780E-04   -5.945517E-02   -1.076210E+01    0.000000E+00    0.000000E+00    0.000000E+00    2.374234E-02   -6.759718E-03   -4.449076E-03    0.000000E+00    0.000000E+00    0.000000E+00
5.550000E-02    1.354291E-03   -6.218238E-02   -1.078613E+01    0.000000E+00    0.000000E+00    0.000000E+00    2.343434E-02   -7.276501E-03   -4.705848E-03    0.000000E+00    0.000000E+00    0.000000E+00
5.650000E-02    2.251361E-04   -5.968277E-02   -1.081323E+01    0.000000E+00    0.000000E+00    0.000000E+00    2.286776E-02   -7.683774E-03   -4.861232E-03    0.000000E+00    0.000000E+00    0.000000E+00
5.750000E-02   -3.858991E-05   -5.664071E-02   -1.084106E+01    0.000000E+00    0.000000E+00    0.000000E+00    2.227178E-02   -7.747303E-03   -4.756780E-03    0.000000E+00    0.000000E+00    0.000000E+00
5.850000E-02    9.372887E-05   -5.495128E-02   -1.086240E+01    0.000000E+00    0.000000E+00    0.000000E+00    2.199845E-02   -7.723486E-03   -4.839144E-03    0.000000E+00    0.000000E+00    0.000000E+00
5.950000E-02    1.654267E-03   -5.004824E-02   -1.088881E+01    0.000000E+00    0.000000E+00    0.000000E+00    2.130352E-02   -7.226939E-03   -4.940981E-03    0.000000E+00    0.000000E+00    0.000000E+00
6.050000E-02    2.556008E-03   -4.832542E-02   -1.090710E+01    0.000000E+00    0.000000E+00    0.000000E+00    2.101627E-02   -6.948246E-03   -4.993688E-03    0.000000E+00    0.000000E+00    0.000000E+00
6.150000E-02    4.336964E-03   -4.615177E-02   -1.092692E+01    0.000000E+00    0.000000E+00    0.000000E+00    2.064708E-02   -6.400223E-03   -5.034519E-03    0.000000E+00    0.000000E+00    0.000000E+00
6.250000E-02    7.545560E-03   -4.178119E-02   -1.095106E+01    0.000000E+00    0.000000E+00    0.000000E+00    1.975261E-02   -5.297854E-03   -5.090753E-03    0.000000E+00    0.000000E+00    0.000000E+00
6.350000E-02    4.616890E-03   -4.245833E-02   -1.096630E+01    0.000000E+00    0.000000E+00    0.000000E+00    1.945394E-02   -4.838269E-03   -5.235110E-03    0.000000E+00    0.000000E+00    0.000000E+00
6.450000E-02    6.256466E-03   -3.978561E-02   -1.098188E+01    0.000000E+00    0.000000E+00    0.000000E+00    1.911648E-02   -4.194942E-03   -5.237353E-03    0.000000E+00    0.000000E+00    0.000000E+00
6.550000E-02    1.224935E-02   -3.914340E-02   -1.100017E+01    0.000000E+00    0.000000E+00    0.000000E+00    1.868045E-02   -3.374722E-03   -5.110844E-03    0.000000E+00    0.000000E+00    0.000000E+00
6.650000E-02    1.462083E-02   -3.555954E-02   -1.101808E+01    0.000000E+00    0.000000E+00    0.000000E+00    1.818029E-02   -2.513637E-03   -5.103403E-03    0.000000E+00    0.000000E+00    0.000000E+00
6.750000E-02    1.703572E-02   -3.218625E-02   -1.103393E+01    0.000000E+00    0.000000E+00    0.000000E+00    1.769346E-02   -1.666756E-03   -5.095012E-03    0.000000E+00    0.000000E+00    0.000000E+00
6.850000E-02    1.892715E-02   -3.071075E-02   -1.104780E+01    0.000000E+00    0.000000E+00    0.000000E+00    1.804497E-02   -1.048266E-03   -4.719249E-03    0.000000E+00    0.000000E+00    0.000000E+00
6.950000E-02    2.144048E-02   -2.711247E-02   -1.106068E+01    0.000000E+00    0.000000E+00    0.000000E+00    1.730107E-02   -8.522869E-05   -4.918220E-03    0.000000E+00    0.000000E+00    0.000000E+00
7.050000E-02    2.331737E-02   -2.438044E-02   -1.107325E+01    0.000000E+00    0.000000E+00    0.000000E+00    1.696782E-02    5.907856E-04   -4.919063E-03    0.000000E+00    0.000000E+00    0.000000E+00
7.150000E-02    2.521795E-02   -2.169613E-02   -1.108572E+01    0.000000E+00    0.000000E+00    0.000000E+00    1.666541E-02    1.254890E-03   -4.919370E-03    0.000000E+00    0.000000E+00    0.000000E+00
7.250000E-02    2.725157E-02   -1.909047E-02   -1.109805E+01    0.000000E+00    0.000000E+00    0.000000E+00    1.638913E-02    1.924370E-03   -4.916248E-03    0.000000E+00    0.000000E+00    0.000000E+00
7.350000E-02    2.940978E-02   -1.656467E-02   -1.111006E+01    0.000000E+00    0.000000E+00    0.000000E+00    1.611720E-02    2.586375E-03   -4.909369E-03    0.000000E+00    0.000000E+00    0.000000E+00
7.450000E-02    3.156161E-02   -1.409414E-02   -1.112164E+01    0.000000E+00    0.000000E+00    0.000000E+00    1.583783E-02    3.213597E-03   -4.898382E-03    0.000000E+00    0.000000E+00    0.000000E+00
7.550000E-02    3.362787E-02   -1.167229E-02   -1.113259E+01    0.000000E+00    0.000000E+00    0.000000E+00    1.555590E-02    3.805051E-03   -4.886598E-03    0.000000E+00    0.000000E+00    0.000000E+00
7.650000E-02    3.557705E-02   -9.331049E-03   -1.114294E+01    0.000000E+00    0.000000E+00    0.000000E+00    1.527570E-02    4.358865E-03   -4.876552E-03    0.000000E+00    0.000000E+00    0.000000E+00
7.750000E-02    3.736620E-02   -7.178735E-03   -1.115269E+01    0.000000E+00    0.000000E+00    0.000000E+00    1.505069E-02    4.831178E-03   -4.871849E-03    0.000000E+00    0.000000E+00    0.000000E+00
7.850000E-02    3.906860E-02   -5.108332E-03   -1.116230E+01    0.000000E+00    0.000000E+00    0.000000E+00    1.485041E-02    5.233570E-03   -4.866176E-03    0.000000E+00    0.000000E+00    0.000000E+00
7.950000E-02    4.073303E-02   -3.038793E-03   -1.117253E+01    0.000000E+00    0.000000E+00    0.000000E+00    1.464599E-02    5.585951E-03   -4.858779E-03    0.000000E+00    0.000000E+00    0.000000E+00
8.050000E-02    4.238061E-02   -1.091393E-03   -1.118295E+01    0.000000E+00    0.000000E+00    0.000000E+00    1.446720E-02    5.895857E-03   -4.851536E-03    0.000000E+00    0.000000E+00    0.000000E+00
8.150000E-02    4.365862E-02    1.733198E-03   -1.119270E+01    0.000000E+00    0.000000E+00    0.000000E+00    1.379918E-02    6.009320E-03   -5.089689E-03    0.000000E+00    0.000000E+00    0.000000E+00
8.250000E-02    4.504669E-02    3.457287E-03   -1.120169E+01    0.000000E+00    0.000000E+00    0.000000E+00    1.361797E-02    6.167845E-03   -5.084846E-03    0.000000E+00    0.000000E+00    0.000000E+00
8.350000E-02    4.729905E-02    6.845700E-03   -1.121037E+01    0.000000E+00    0.000000E+00    0.000000E+00    1.259056E-02    6.765485E-03   -5.514374E-03    0.000000E+00    0.000000E+00    0.000000E+00
8.450000E-02    4.844470E-02    8.445253E-03   -1.121929E+01    0.000000E+00    0.000000E+00    0.000000E+00    1.239610E-02    6.807028E-03   -5.506066E-03    0.000000E+00    0.000000E+00    0.000000E+00
8.550000E-02    4.951744E-02    9.910119E-03   -1.122831E+01    0.000000E+00    0.000000E+00    0.000000E+00    1.221232E-02    6.814772E-03   -5.497436E-03    0.000000E+00    0.000000E+00    0.000000E+00
8.650000E-02    5.069463E-02    1.264551E-02   -1.123687E+01    0.000000E+00    0.000000E+00    0.000000E+00    1.202257E-02    6.773676E-03   -5.452456E-03    0.000000E+00    0.000000E+00    0.000000E+00
8.750000E-02    5.140890E-02    1.387007E-02   -1.124540E+01    0.000000E+00    0.000000E+00    0.000000E+00    1.183884E-02    6.677321E-03   -5.445100E-03    0.000000E+00    0.000000E+00    0.000000E+00
8.850000E-02    5.192726E-02    1.506728E-02   -1.125383E+01    0.000000E+00    0.000000E+00    0.000000E+00    1.164262E-02    6.519946E-03   -5.436854E-03    0.000000E+00    0.000000E+00    0.000000E+00
8.950000E-02    5.313494E-02    1.618176E-02   -1.126218E+01    0.000000E+00    0.000000E+00    0.000000E+00    1.189600E-02    6.606463E-03   -5.146143E-03    0.000000E+00    0.000000E+00    0.000000E+00
9.050000E-02    5.109661E-02    1.771739E-02   -1.127033E+01    0.000000E+00    0.000000E+00    0.000000E+00    1.170233E-02    6.362877E-03   -5.078446E-03    0.000000E+00    0.000000E+00    0.000000E+00
9.150000E-02    5.130577E-02    1.865075E-02   -1.127875E+01    0.000000E+00    0.000000E+00    0.000000E+00    1.151873E-02    6.104922E-03   -5.071054E-03    0.000000E+00    0.000000E+00    0.000000E+00
9.250000E-02    5.086841E-02    1.845847E-02   -1.128682E+01    0.000000E+00    0.000000E+00    0.000000E+00    1.135351E-02    5.798603E-03   -5.122818E-03    0.000000E+00    0.000000E+00    0.000000E+00
9.350000E-02    5.084791E-02    1.927660E-02   -1.129516E+01    0.000000E+00    0.000000E+00    0.000000E+00    1.120275E-02    5.470044E-03   -5.108744E-03    0.000000E+00    0.000000E+00    0.000000E+00
9.450000E-02    5.147733E-02    1.862864E-02   -1.130323E+01    0.000000E+00    0.000000E+00    0.000000E+00    1.107779E-02    5.113346E-03   -5.112609E-03    0.000000E+00    0.000000E+00    0.000000E+00
9.550000E-02    5.120949E-02    1.991159E-02   -1.131134E+01    0.000000E+00    0.000000E+00    0.000000E+00    1.094715E-02    4.729630E-03   -5.115702E-03    0.000000E+00    0.000000E+00    0.000000E+00
9.650000E-02    5.098543E-02    2.036794E-02   -1.131954E+01    0.000000E+00    0.000000E+00    0.000000E+00    1.083338E-02    4.318899E-03   -5.110437E-03    0.000000E+00    0.000000E+00    0.000000E+00
9.750000E-02    4.986585E-02    2.074570E-02   -1.132780E+01    0.000000E+00    0.000000E+00    0.000000E+00    1.072689E-02    3.882853E-03   -5.115851E-03    0.000000E+00    0.000000E+00    0.000000E+00
9.850000E-02    4.864629E-02    2.166433E-02   -1.133612E+01    0.000000E+00    0.000000E+00    0.000000E+00    1.062230E-02    3.430751E-03   -5.122949E-03    0.000000E+00    0.000000E+00    0.000000E+00
9.950000E-02    4.905948E-02    2.192187E-02   -1.134439E+01    0.000000E+00    0.000000E+00    0.000000E+00    1.053134E-02    2.991850E-03   -5.090251E-03    0.000000E+00    0.000000E+00    0.000000E+00
1.005000E-01    4.943236E-02    2.192552E-02   -1.135259E+01    0.000000E+00    0.000000E+00    0.000000E+00    1.045338E-02    2.560064E-03   -5.089965E-03    0.000000E+00    0.000000E+00    0.000000E+00
1.015000E-01    4.962944E-02    2.469396E-02   -1.136085E+01    0.000000E+00    0.000000E+00    0.000000E+00    9.082137E-03    2.417697E-03   -5.875611E-03    0.000000E+00    0.000000E+00    0.000000E+00
1.025000E-01    4.912195E-02    2.502242E-02   -1.136949E+01    0.000000E+00    0.000000E+00    0.000000E+00    9.019970E-03    1.995680E-03   -5.869242E-03    0.000000E+00    0.000000E+00    0.000000E+00
1.035000E-01    4.860366E-02    2.542634E-02   -1.137816E+01    0.000000E+00    0.000000E+00    0.000000E+00    8.928144E-03    1.577892E-03   -5.862838E-03    0.000000E+00    0.000000E+00    0.000000E+00
1.045000E-01    4.577024E-02    2.568307E-02   -1.138653E+01    0.000000E+00    0.000000E+00    0.000000E+00    9.142615E-03    6.124436E-04   -5.596924E-03    0.000000E+00    0.000000E+00    0.000000E+00
1.055000E-01    4.511735E-02    2.596155E-02   -1.139524E+01    0.000000E+00    0.000000E+00    0.000000E+00    9.058423E-03    1.616314E-04   -5.586148E-03    0.000000E+00    0.000000E+00    0.000000E+00
1.065000E-01    4.496577E-02    2.621766E-02   -1.140398E+01    0.000000E+00    0.000000E+00    0.000000E+00    8.980620E-03   -2.578334E-04   -5.579599E-03    0.000000E+00    0.000000E+00    0.000000E+00
1.075000E-01    4.459720E-02    2.662791E-02   -1.141278E+01    0.000000E+00    0.000000E+00    0.000000E+00    8.909925E-03   -6.517079E-04   -5.545785E-03    0.000000E+00    0.000000E+00    0.000000E+00
1.085000E-01    4.321826E-02    2.633589E-02   -1.142143E+01    0.000000E+00    0.000000E+00    0.000000E+00    8.855052E-03   -1.043921E-03   -5.541347E-03    0.000000E+00    0.000000E+00    0.000000E+00
1.095000E-01    4.257074E-02    2.628771E-02   -1.143022E+01    0.000000E+00    0.000000E+00    0.000000E+00    8.818559E-03   -1.443668E-03   -5.511007E-03    0.000000E+00    0.000000E+00    0.000000E+00
1.105000E-01    4.234542E-02    2.633490E-02   -1.143907E+01    0.000000E+00    0.000000E+00    0.000000E+00    8.770817E-03   -1.824012E-03   -5.495901E-03    0.000000E+00    0.000000E+00    0.000000E+00
1.115000E-01    4.241174E-02    2.724627E-02   -1.144789E+01    0.000000E+00    0.000000E+00    0.000000E+00    8.674221E-03   -2.184432E-03   -5.448458E-03    0.000000E+00    0.000000E+00    0.000000E+00
1.125000E-01    4.199213E-02    2.754898E-02   -1.145689E+01    0.000000E+00    0.000000E+00    0.000000E+00    8.572370E-03   -2.552286E-03   -5.425196E-03    0.000000E+00    0.000000E+00    0.000000E+00
1.135000E-01    4.282698E-02    2.505229E-02   -1.146569E+01    0.000000E+00    0.000000E+00    0.000000E+00    9.526176E-03   -2.275279E-03   -4.887168E-03    0.000000E+00    0.000000E+00    0.000000E+00
1.145000E-01    4.224351E-02    2.526424E-02   -1.147447E+01    0.000000E+00    0.000000E+00    0.000000E+00    9.428133E-03   -2.603025E-03   -4.899220E-03    0.000000E+00    0.000000E+00    0.000000E+00
1.155000E-01    4.211034E-02    2.513838E-02   -1.148337E+01    0.000000E+00    0.000000E+00    0.000000E+00    9.343630E-03   -2.914592E-03   -4.887954E-03    0.000000E+00    0.000000E+00    0.000000E+00
1.165000E-01    4.161462E-02    2.513304E-02   -1.149230E+01    0.000000E+00    0.000000E+00    0.000000E+00    9.259050E-03   -3.209191E-03   -4.855342E-03    0.000000E+00    0.000000E+00    0.000000E+00
1.175000E-01    4.137840E-02    2.507998E-02   -1.150130E+01    0.000000E+00    0.000000E+00    0.000000E+00    9.163268E-03   -3.490368E-03   -4.831032E-03    0.000000E+00    0.000000E+00    0.000000E+00
1.185000E-01    4.088037E-02    2.447369E-02   -1.151007E+01    0.000000E+00    0.000000E+00    0.000000E+00    9.068462E-03   -3.775776E-03   -4.843411E-03    0.000000E+00    0.000000E+00    0.000000E+00
1.195000E-01    4.049285E-02    2.463501E-02   -1.151889E+01    0.000000E+00    0.000000E+00    0.000000E+00    8.972703E-03   -4.061153E-03   -4.795314E-03    0.000000E+00    0.000000E+00    0.000000E+00
1.205000E-01    4.000816E-02    2.413619E-02   -1.152768E+01    0.000000E+00    0.000000E+00    0.000000E+00    8.876641E-03   -4.355166E-03   -4.790472E-03    0.000000E+00    0.000000E+00    0.000000E+00
1.215000E-01    3.999701E-02    2.433729E-02   -1.153642E+01    0.000000E+00    0.000000E+00    0.000000E+00    8.767181E-03   -4.651060E-03   -4.740680E-03    0.000000E+00    0.000000E+00    0.000000E+00
1.225000E-01    3.970192E-02    2.417925E-02   -1.154525E+01    0.000000E+00    0.000000E+00    0.000000E+00    8.662382E-03   -4.930075E-03   -4.725442E-03    0.000000E+00    0.000000E+00    0.000000E+00
1.235000E-01    4.176488E-02    2.490369E-02   -1.155399E+01    0.000000E+00    0.000000E+00    0.000000E+00    8.225808E-03   -3.895096E-03   -5.322335E-03    0.000000E+00    0.000000E+00    0.000000E+00
1.245000E-01    4.121570E-02    2.483225E-02   -1.156281E+01    0.000000E+00    0.000000E+00    0.000000E+00    8.103103E-03   -4.175687E-03   -5.293672E-03    0.000000E+00    0.000000E+00    0.000000E+00
1.255000E-01    4.068803E-02    2.482696E-02   -1.157158E+01    0.000000E+00    0.000000E+00    0.000000E+00    7.961948E-03   -4.448360E-03   -5.265906E-03    0.000000E+00    0.000000E+00    0.000000E+00
1.265000E-01    4.019754E-02    2.483113E-02   -1.158029E+01    0.000000E+00    0.000000E+00    0.000000E+00    7.811253E-03   -4.706963E-03   -5.240050E-03    0.000000E+00    0.000000E+00    0.000000E+00
1.275000E-01    3.972257E-02    2.480520E-02   -1.158894E+01    0.000000E+00    0.000000E+00    0.000000E+00    7.664594E-03   -4.964963E-03   -5.215624E-03    0.000000E+00    0.000000E+00    0.000000E+00
1.285000E-01    3.922980E-02    2.474731E-02   -1.159753E+01    0.000000E+00    0.000000E+00    0.000000E+00    7.527951E-03   -5.231342E-03   -5.191061E-03    0.000000E+00    0.000000E+00    0.000000E+00
1.295000E-01    3.655169E-02    2.342851E-02   -1.160603E+01    0.000000E+00    0.000000E+00    0.000000E+00    8.037293E-03   -6.559217E-03   -4.599665E-03    0.000000E+00    0.000000E+00    0.000000E+00
1.305000E-01    3.606993E-02    2.347362E-02   -1.161453E+01    0.000000E+00    0.000000E+00    0.000000E+00    7.886202E-03   -6.793285E-03   -4.578885E-03    0.000000E+00    0.000000E+00    0.000000E+00
1.315000E-01    3.558261E-02    2.353746E-02   -1.162297E+01    0.000000E+00    0.000000E+00    0.000000E+00    7.734309E-03   -7.025935E-03   -4.559155E-03    0.000000E+00    0.000000E+00    0.000000E+00
1.325000E-01    3.509814E-02    2.359733E-02   -1.163137E+01    0.000000E+00    0.000000E+00    0.000000E+00    7.584229E-03   -7.273845E-03   -4.539627E-03    0.000000E+00    0.000000E+00    0.000000E+00
1.335000E-01    3.462460E-02    2.368104E-02   -1.163971E+01    0.000000E+00    0.000000E+00    0.000000E+00    7.432611E-03   -7.523149E-03   -4.521874E-03    0.000000E+00    0.000000E+00    0.000000E+00
1.345000E-01    3.442797E-02    2.384983E-02   -1.164800E+01    0.000000E+00    0.000000E+00    0.000000E+00    7.278440E-03   -7.751547E-03   -4.499857E-03    0.000000E+00    0.000000E+00    0.000000E+00
1.355000E-01    3.410254E-02    2.398743E-02   -1.165617E+01    0.000000E+00    0.000000E+00    0.000000E+00    7.117775E-03   -7.963890E-03   -4.482213E-03    0.000000E+00    0.000000E+00    0.000000E+00
1.365000E-01    3.366832E-02    2.421971E-02   -1.166423E+01    0.000000E+00    0.000000E+00    0.000000E+00    6.947763E-03   -8.180217E-03   -4.465415E-03    0.000000E+00    0.000000E+00    0.000000E+00
1.375000E-01    3.327910E-02    2.462304E-02   -1.167222E+01    0.000000E+00    0.000000E+00    0.000000E+00    6.744648E-03   -8.386885E-03   -4.443958E-03    0.000000E+00    0.000000E+00    0.000000E+00
1.385000E-01    3.274401E-02    2.479144E-02   -1.168013E+01    0.000000E+00    0.000000E+00    0.000000E+00    6.579764E-03   -8.628018E-03   -4.434023E-03    0.000000E+00    0.000000E+00    0.000000E+00
1.395000E-01    3.314577E-02    2.538656E-02   -1.168793E+01    0.000000E+00    0.000000E+00    0.000000E+00    6.169416E-03   -8.429153E-03   -4.186531E-03    0.000000E+00    0.000000E+00    0.000000E+00
1.405000E-01    3.277425E-02    2.556748E-02   -1.169563E+01    0.000000E+00    0.000000E+00    0.000000E+00    6.009435E-03   -8.644832E-03   -4.178295E-03    0.000000E+00    0.000000E+00    0.000000E+00
1.415000E-01    3.182708E-02    2.627105E-02   -1.170319E+01    0.000000E+00    0.000000E+00    0.000000E+00    5.644185E-03   -9.151946E-03   -4.335233E-03    0.000000E+00    0.000000E+00    0.000000E+00
1.425000E-01    3.151741E-02    2.665503E-02   -1.171068E+01    0.000000E+00    0.000000E+00    0.000000E+00    5.456185E-03   -9.339822E-03   -4.322595E-03    0.000000E+00    0.000000E+00    0.000000E+00
1.435000E-01    3.124462E-02    2.699906E-02   -1.171811E+01    0.000000E+00    0.000000E+00    0.000000E+00    5.269073E-03   -9.513778E-03   -4.310306E-03    0.000000E+00    0.000000E+00    0.000000E+00
1.445000E-01    3.101645E-02    2.752582E-02   -1.172565E+01    0.000000E+00    0.000000E+00    0.000000E+00    5.088574E-03   -9.684125E-03   -4.294208E-03    0.000000E+00    0.000000E+00    0.000000E+00
1.455000E-01    3.036786E-02    2.769501E-02   -1.173288E+01    0.000000E+00    0.000000E+00    0.000000E+00    4.906173E-03   -9.866003E-03   -4.299320E-03    0.000000E+00    0.000000E+00    0.000000E+00
1.465000E-01    2.999167E-02    2.803411E-02   -1.173996E+01    0.000000E+00    0.000000E+00    0.000000E+00    4.724657E-03   -1.005020E-02   -4.295356E-03    0.000000E+00    0.000000E+00    0.000000E+00
1.475000E-01    2.960659E-02    2.841414E-02   -1.174692E+01    0.000000E+00    0.000000E+00    0.000000E+00    4.544007E-03   -1.023727E-02   -4.288470E-03    0.000000E+00    0.000000E+00    0.000000E+00
1.485000E-01    2.921882E-02    2.883888E-02   -1.175375E+01    0.000000E+00    0.000000E+00    0.000000E+00    4.362918E-03   -1.042124E-02   -4.280242E-03    0.000000E+00    0.000000E+00    0.000000E+00
1.495000E-01    2.930103E-02    2.967677E-02   -1.176057E+01    0.000000E+00    0.000000E+00    0.000000E+00    4.182602E-03   -1.058955E-02   -4.241829E-03    0.000000E+00    0.000000E+00    0.000000E+00
1.505000E-01    2.894408E-02    3.012178E-02   -1.176715E+01    0.000000E+00    0.000000E+00    0.000000E+00    4.003828E-03   -1.075552E-02   -4.234753E-03    0.000000E+00    0.000000E+00    0.000000E+00
1.515000E-01    2.858497E-02    3.044861E-02   -1.177360E+01    0.000000E+00    0.000000E+00    0.000000E+00    3.831072E-03   -1.092955E-02   -4.232572E-03    0.000000E+00    0.000000E+00    0.000000E+00
1.525000E-01    2.813230E-02    3.088947E-02   -1.177994E+01    0.000000E+00    0.000000E+00    0.000000E+00    3.660306E-03   -1.112256E-02   -4.228661E-03    0.000000E+00    0.000000E+00    0.000000E+00
1.535000E-01    2.755591E-02    3.129573E-02   -1.178613E+01    0.000000E+00    0.000000E+00    0.000000E+00    3.495406E-03   -1.132674E-02   -4.222044E-03    0.000000E+00    0.000000E+00    0.000000E+00
1.545000E-01    2.732371E-02    3.183691E-02   -1.179226E+01    0.000000E+00    0.000000E+00    0.000000E+00    3.342083E-03   -1.152414E-02   -4.203062E-03    0.000000E+00    0.000000E+00    0.000000E+00
1.555000E-01    2.683978E-02    3.219576E-02   -1.179817E+01    0.000000E+00    0.000000E+00    0.000000E+00    3.202384E-03   -1.171524E-02   -4.200073E-03    0.000000E+00    0.000000E+00    0.000000E+00
1.565000E-01    2.637075E-02    3.254225E-02   -1.180395E+01    0.000000E+00    0.000000E+00    0.000000E+00    3.069738E-03   -1.189595E-02   -4.196931E-03    0.000000E+00    0.000000E+00    0.000000E+00
1.575000E-01    2.567011E-02    3.274406E-02   -1.180968E+01    0.000000E+00    0.000000E+00    0.000000E+00    2.941054E-03   -1.207537E-02   -4.208005E-03    0.000000E+00    0.000000E+00    0.000000E+00
1.585000E-01    2.549143E-02    3.334317E-02   -1.181521E+01    0.000000E+00    0.000000E+00    0.000000E+00    2.800833E-03   -1.225469E-02   -4.195777E-03    0.000000E+00    0.000000E+00    0.000000E+00
1.595000E-01    2.501266E-02    3.378550E-02   -1.182064E+01    0.000000E+00    0.000000E+00    0.000000E+00    2.668851E-03   -1.243694E-02   -4.189795E-03    0.000000E+00    0.000000E+00    0.000000E+00
1.605000E-01    2.452244E-02    3.421395E-02   -1.182596E+01    0.000000E+00    0.000000E+00    0.000000E+00    2.549347E-03   -1.261837E-02   -4.182872E-03    0.000000E+00    0.000000E+00    0.000000E+00
1.615000E-01    2.365621E-02    3.383064E-02   -1.183112E+01    0.000000E+00    0.000000E+00    0.000000E+00    2.444970E-03   -1.279566E-02   -4.207446E-03    0.000000E+00    0.000000E+00    0.000000E+00
1.625000E-01    2.322045E-02    3.429233E-02   -1.183625E+01    0.000000E+00    0.000000E+00    0.000000E+00    2.342331E-03   -1.296069E-02   -4.200126E-03    0.000000E+00    0.000000E+00    0.000000E+00
1.635000E-01    2.286495E-02    3.469505E-02   -1.184130E+01    0.000000E+00    0.000000E+00    0.000000E+00    2.248557E-03   -1.312030E-02   -4.189462E-03    0.000000E+00    0.000000E+00    0.000000E+00
1.645000E-01    2.243825E-02    3.513560E-02   -1.184623E+01    0.000000E+00    0.000000E+00    0.000000E+00    2.163463E-03   -1.327931E-02   -4.181966E-03    0.000000E+00    0.000000E+00    0.000000E+00
1.655000E-01    2.212281E-02    3.562187E-02   -1.185106E+01    0.000000E+00    0.000000E+00    0.000000E+00    2.081660E-03   -1.343192E-02   -4.177534E-03    0.000000E+00    0.000000E+00    0.000000E+00
1.665000E-01    2.179447E-02    3.598841E-02   -1.185581E+01    0.000000E+00    0.000000E+00    0.000000E+00    2.003223E-03   -1.358128E-02   -4.166152E-03    0.000000E+00    0.000000E+00    0.000000E+00
1.675000E-01    2.137746E-02    3.640546E-02   -1.186048E+01    0.000000E+00    0.000000E+00    0.000000E+00    1.927172E-03   -1.372914E-02   -4.161576E-03    0.000000E+00    0.000000E+00    0.000000E+00
1.685000E-01    2.094341E-02    3.686024E-02   -1.186509E+01    0.000000E+00    0.000000E+00    0.000000E+00    1.859073E-03   -1.388141E-02   -4.154901E-03    0.000000E+00    0.000000E+00    0.000000E+00
1.695000E-01    2.051259E-02    3.721766E-02   -1.186961E+01    0.000000E+00    0.000000E+00    0.000000E+00    1.800866E-03   -1.404071E-02   -4.153080E-03    0.000000E+00    0.000000E+00    0.000000E+00
1.705000E-01    2.005275E-02    3.752820E-02   -1.187407E+01    0.000000E+00    0.000000E+00    0.000000E+00    1.747943E-03   -1.420254E-02   -4.149151E-03    0.000000E+00    0.000000E+00    0.000000E+00
1.715000E-01    1.962666E-02    3.787537E-02   -1.187846E+01    0.000000E+00    0.000000E+00    0.000000E+00    1.697282E-03   -1.436247E-02   -4.147580E-03    0.000000E+00    0.000000E+00    0.000000E+00
1.725000E-01    1.928233E-02    3.820714E-02   -1.188280E+01    0.000000E+00    0.000000E+00    0.000000E+00    1.647515E-03   -1.452173E-02   -4.149784E-03    0.000000E+00    0.000000E+00    0.000000E+00
1.735000E-01    1.884648E-02    3.852764E-02   -1.188706E+01    0.000000E+00    0.000000E+00    0.000000E+00    1.603354E-03   -1.468367E-02   -4.147037E-03    0.000000E+00    0.000000E+00    0.000000E+00
1.745000E-01    1.842133E-02    3.881037E-02   -1.189127E+01    0.000000E+00    0.000000E+00    0.000000E+00    1.568488E-03   -1.484121E-02   -4.144222E-03    0.000000E+00    0.000000E+00    0.000000E+00
1.755000E-01    1.528868E-02    4.014732E-02   -1.189534E+01    0.000000E+00    0.000000E+00    0.000000E+00    8.557745E-04   -1.613887E-02   -4.745991E-03    0.000000E+00    0.000000E+00    0.000000E+00
1.765000E-01    1.482490E-02    4.028124E-02   -1.189940E+01    0.000000E+00    0.000000E+00    0.000000E+00    8.388264E-04   -1.630226E-02   -4.745581E-03    0.000000E+00    0.000000E+00    0.000000E+00
1.775000E-01    1.745267E-02    4.228614E-02   -1.190336E+01    0.000000E+00    0.000000E+00    0.000000E+00   -7.356703E-05   -1.497776E-02   -3.952710E-03    0.000000E+00    0.000000E+00    0.000000E+00
1.785000E-01    1.674870E-02    4.243921E-02   -1.190740E+01    0.000000E+00    0.000000E+00    0.000000E+00   -7.881923E-05   -1.515537E-02   -3.937157E-03    0.000000E+00    0.000000E+00    0.000000E+00
1.795000E-01    1.628840E-02    4.260526E-02   -1.191136E+01    0.000000E+00    0.000000E+00    0.000000E+00   -7.775134E-05   -1.533747E-02   -3.933848E-03    0.000000E+00    0.000000E+00    0.000000E+00
1.805000E-01    1.593777E-02    4.279563E-02   -1.191532E+01    0.000000E+00    0.000000E+00    0.000000E+00   -7.381396E-05   -1.552442E-02   -3.940789E-03    0.000000E+00    0.000000E+00    0.000000E+00
1.815000E-01    1.545320E-02    4.289841E-02   -1.191918E+01    0.000000E+00    0.000000E+00    0.000000E+00   -6.191657E-05   -1.571685E-02   -3.934472E-03    0.000000E+00    0.000000E+00    0.000000E+00
1.825000E-01    1.497509E-02    4.297427E-02   -1.192300E+01    0.000000E+00    0.000000E+00    0.000000E+00   -4.265764E-05   -1.591190E-02   -3.927534E-03    0.000000E+00    0.000000E+00    0.000000E+00
1.835000E-01    1.435840E-02    4.322986E-02   -1.192683E+01    0.000000E+00    0.000000E+00    0.000000E+00   -2.234581E-05   -1.610625E-02   -3.923638E-03    0.000000E+00    0.000000E+00    0.000000E+00
1.845000E-01    1.388682E-02    4.328921E-02   -1.193055E+01    0.000000E+00    0.000000E+00    0.000000E+00    5.573433E-06   -1.629830E-02   -3.916236E-03    0.000000E+00    0.000000E+00    0.000000E+00
1.855000E-01    1.321327E-02    4.320276E-02   -1.193427E+01    0.000000E+00    0.000000E+00    0.000000E+00    4.172405E-05   -1.649719E-02   -3.911278E-03    0.000000E+00    0.000000E+00    0.000000E+00
1.865000E-01    1.271877E-02    4.321443E-02   -1.193790E+01    0.000000E+00    0.000000E+00    0.000000E+00    8.013874E-05   -1.669378E-02   -3.902932E-03    0.000000E+00    0.000000E+00    0.000000E+00
1.875000E-01    1.222650E-02    4.321852E-02   -1.194148E+01    0.000000E+00    0.000000E+00    0.000000E+00    1.219715E-04   -1.689130E-02   -3.894808E-03    0.000000E+00    0.000000E+00    0.000000E+00
1.885000E-01    1.197970E-02    4.251447E-02   -1.194519E+01    0.000000E+00    0.000000E+00    0.000000E+00    1.758781E-04   -1.709422E-02   -3.876951E-03    0.000000E+00    0.000000E+00    0.000000E+00
1.895000E-01    1.184150E-02    4.288096E-02   -1.194879E+01    0.000000E+00    0.000000E+00    0.000000E+00    2.196083E-04   -1.729693E-02   -3.896102E-03    0.000000E+00    0.000000E+00    0.000000E+00
1.905000E-01    1.135004E-02    4.285040E-02   -1.195225E+01    0.000000E+00    0.000000E+00    0.000000E+00    2.737712E-04   -1.750573E-02   -3.889661E-03    0.000000E+00    0.000000E+00    0.000000E+00
1.915000E-01    1.085755E-02    4.263404E-02   -1.195574E+01    0.000000E+00    0.000000E+00    0.000000E+00    3.329459E-04   -1.772170E-02   -3.902064E-03    0.000000E+00    0.000000E+00    0.000000E+00
1.925000E-01    1.034274E-02    4.253003E-02   -1.195913E+01    0.000000E+00    0.000000E+00    0.000000E+00    3.937879E-04   -1.794562E-02   -3.896382E-03    0.000000E+00    0.000000E+00    0.000000E+00
1.935000E-01    8.693994E-03    4.218156E-02   -1.196245E+01    0.000000E+00    0.000000E+00    0.000000E+00    5.908573E-04   -1.872045E-02   -4.161580E-03    0.000000E+00    0.000000E+00    0.000000E+00
1.945000E-01    8.168660E-03    4.212044E-02   -1.196575E+01    0.000000E+00    0.000000E+00    0.000000E+00    6.519298E-04   -1.895256E-02   -4.159044E-03    0.000000E+00    0.000000E+00    0.000000E+00
1.955000E-01    7.627557E-03    4.206143E-02   -1.196901E+01    0.000000E+00    0.000000E+00    0.000000E+00    7.149468E-04   -1.920230E-02   -4.157624E-03    0.000000E+00    0.000000E+00    0.000000E+00
1.965000E-01    7.088472E-03    4.198540E-02   -1.197224E+01    0.000000E+00    0.000000E+00    0.000000E+00    7.815553E-04   -1.945219E-02   -4.157315E-03    0.000000E+00    0.000000E+00    0.000000E+00
1.975000E-01    5.978974E-03    4.286263E-02   -1.197541E+01    0.000000E+00    0.000000E+00    0.000000E+00    3.888758E-04   -1.998038E-02   -3.901373E-03    0.000000E+00    0.000000E+00    0.000000E+00
1.985000E-01    5.523522E-03    4.268200E-02   -1.197863E+01    0.000000E+00    0.000000E+00    0.000000E+00    4.584904E-04   -2.023423E-02   -3.906708E-03    0.000000E+00    0.000000E+00    0.000000E+00
1.995000E-01    5.813496E-03    4.238221E-02   -1.198174E+01    0.000000E+00    0.000000E+00    0.000000E+00    6.323192E-04   -2.007715E-02   -3.701050E-03    0.000000E+00    0.000000E+00    0.000000E+00
2.005000E-01    5.549639E-03    4.273570E-02   -1.198493E+01    0.000000E+00    0.000000E+00    0.000000E+00    7.000395E-04   -2.033762E-02   -3.677502E-03    0.000000E+00    0.000000E+00    0.000000E+00
2.015000E-01    4.977567E-03    4.263833E-02   -1.198799E+01    0.000000E+00    0.000000E+00    0.000000E+00    7.700210E-04   -2.060449E-02   -3.676461E-03    0.000000E+00    0.000000E+00    0.000000E+00
2.025000E-01    4.392124E-03    4.254337E-02   -1.199101E+01    0.000000E+00    0.000000E+00    0.000000E+00    8.387007E-04   -2.087742E-02   -3.674075E-03    0.000000E+00    0.000000E+00    0.000000E+00
2.035000E-01    3.887256E-03    4.244655E-02   -1.199401E+01    0.000000E+00    0.000000E+00    0.000000E+00    8.973327E-04   -2.115779E-02   -3.672940E-03    0.000000E+00    0.000000E+00    0.000000E+00
2.045000E-01    3.259918E-03    4.241260E-02   -1.199695E+01    0.000000E+00    0.000000E+00    0.000000E+00    9.430925E-04   -2.144785E-02   -3.668078E-03    0.000000E+00    0.000000E+00    0.000000E+00
2.055000E-01    2.614774E-03    4.240902E-02   -1.199986E+01    0.000000E+00    0.000000E+00    0.000000E+00    9.776375E-04   -2.174413E-02   -3.663244E-03    0.000000E+00    0.000000E+00    0.000000E+00
2.065000E-01    1.944906E-03    4.244377E-02   -1.200273E+01    0.000000E+00    0.000000E+00    0.000000E+00    9.953912E-04   -2.204706E-02   -3.658445E-03    0.000000E+00    0.000000E+00    0.000000E+00
2.075000E-01    1.436627E-03    4.203600E-02   -1.200579E+01    0.000000E+00    0.000000E+00    0.000000E+00    1.003122E-03   -2.235546E-02   -3.699858E-03    0.000000E+00    0.000000E+00    0.000000E+00
2.085000E-01    7.529717E-04    4.210052E-02   -1.200861E+01    0.000000E+00    0.000000E+00    0.000000E+00    1.012283E-03   -2.268135E-02   -3.700783E-03    0.000000E+00    0.000000E+00    0.000000E+00
2.095000E-01    1.580653E-05    4.215153E-02   -1.201140E+01    0.000000E+00    0.000000E+00    0.000000E+00    1.032392E-03   -2.301342E-02   -3.702362E-03    0.000000E+00    0.000000E+00    0.000000E+00
2.105000E-01   -9.879963E-04    4.256936E-02   -1.201407E+01    0.000000E+00    0.000000E+00    0.000000E+00    1.063959E-03   -2.334421E-02   -3.691102E-03    0.000000E+00    0.000000E+00    0.000000E+00
2.115000E-01   -1.683204E-03    4.255348E-02   -1.201679E+01    0.000000E+00    0.000000E+00    0.000000E+00    1.109923E-03   -2.366172E-02   -3.690050E-03    0.000000E+00    0.000000E+00    0.000000E+00
2.125000E-01   -1.985518E-03    4.227314E-02   -1.201954E+01    0.000000E+00    0.000000E+00    0.000000E+00    1.166701E-03   -2.396992E-02   -3.676762E-03    0.000000E+00    0.000000E+00    0.000000E+00
2.135000E-01   -2.662305E-03    4.224008E-02   -1.202219E+01    0.000000E+00    0.000000E+00    0.000000E+00    1.216115E-03   -2.428043E-02   -3.669611E-03    0.000000E+00    0.000000E+00    0.000000E+00
2.145000E-01   -3.396592E-03    4.217877E-02   -1.202482E+01    0.000000E+00    0.000000E+00    0.000000E+00    1.255534E-03   -2.459894E-02   -3.657594E-03    0.000000E+00    0.000000E+00    0.000000E+00
2.155000E-01   -4.071690E-03    4.210645E-02   -1.202743E+01    0.000000E+00    0.000000E+00    0.000000E+00    1.289239E-03   -2.492698E-02   -3.644011E-03    0.000000E+00    0.000000E+00    0.000000E+00
2.165000E-01   -4.781507E-03    4.219418E-02   -1.203000E+01    0.000000E+00    0.000000E+00    0.000000E+00    1.315811E-03   -2.526419E-02   -3.634833E-03    0.000000E+00    0.000000E+00    0.000000E+00
2.175000E-01   -5.491477E-03    4.231134E-02   -1.203254E+01    0.000000E+00    0.000000E+00    0.000000E+00    1.332493E-03   -2.560386E-02   -3.627775E-03    0.000000E+00    0.000000E+00    0.000000E+00
2.185000E-01   -6.200597E-03    4.243717E-02   -1.203505E+01    0.000000E+00    0.000000E+00    0.000000E+00    1.344339E-03   -2.594265E-02   -3.622307E-03    0.000000E+00    0.000000E+00    0.000000E+00
2.195000E-01   -7.110061E-03    4.271757E-02   -1.203757E+01    0.000000E+00    0.000000E+00    0.000000E+00    1.351021E-03   -2.628593E-02   -3.604951E-03    0.000000E+00    0.000000E+00    0.000000E+00
2.205000E-01   -7.852902E-03    4.286763E-02   -1.204002E+01    0.000000E+00    0.000000E+00    0.000000E+00    1.354855E-03   -2.663781E-02   -3.598693E-03    0.000000E+00    0.000000E+00    0.000000E+00
2.215000E-01   -8.628001E-03    4.305210E-02   -1.204244E+01    0.000000E+00    0.000000E+00    0.000000E+00    1.346716E-03   -2.700154E-02   -3.590761E-03    0.000000E+00    0.000000E+00    0.000000E+00
2.225000E-01   -9.230344E-03    4.355349E-02   -1.204490E+01    0.000000E+00    0.000000E+00    0.000000E+00    1.322853E-03   -2.736578E-02   -3.569853E-03    0.000000E+00    0.000000E+00    0.000000E+00
2.235000E-01   -9.987587E-03    4.381479E-02   -1.204726E+01    0.000000E+00    0.000000E+00    0.000000E+00    1.284522E-03   -2.772472E-02   -3.561120E-03    0.000000E+00    0.000000E+00    0.000000E+00
2.245000E-01   -1.073695E-02    4.410316E-02   -1.204959E+01    0.000000E+00    0.000000E+00    0.000000E+00    1.232244E-03   -2.808060E-02   -3.553876E-03    0.000000E+00    0.000000E+00    0.000000E+00
2.255000E-01   -1.151974E-02    4.441656E-02   -1.205190E+01    0.000000E+00    0.000000E+00    0.000000E+00    1.173440E-03   -2.844734E-02   -3.546230E-03    0.000000E+00    0.000000E+00    0.000000E+00
2.265000E-01   -1.248592E-02    4.480120E-02   -1.205422E+01    0.000000E+00    0.000000E+00    0.000000E+00    1.107933E-03   -2.882838E-02   -3.542520E-03    0.000000E+00    0.000000E+00    0.000000E+00
2.275000E-01   -1.329329E-02    4.518797E-02   -1.205648E+01    0.000000E+00    0.000000E+00    0.000000E+00    1.030446E-03   -2.920977E-02   -3.532900E-03    0.000000E+00    0.000000E+00    0.000000E+00
2.285000E-01   -1.378136E-02    4.513880E-02   -1.205881E+01    0.000000E+00    0.000000E+00    0.000000E+00    9.418003E-04   -2.958989E-02   -3.538366E-03    0.000000E+00    0.000000E+00    0.000000E+00
2.295000E-01   -1.459959E-02    4.556973E-02   -1.206102E+01    0.000000E+00    0.000000E+00    0.000000E+00    8.419025E-04   -2.998119E-02   -3.529956E-03    0.000000E+00    0.000000E+00    0.000000E+00
2.305000E-01   -1.540929E-02    4.602136E-02   -1.206320E+01    0.000000E+00    0.000000E+00    0.000000E+00    7.344924E-04   -3.036992E-02   -3.521748E-03    0.000000E+00    0.000000E+00    0.000000E+00
2.315000E-01   -1.620717E-02    4.649404E-02   -1.206535E+01    0.000000E+00    0.000000E+00    0.000000E+00    6.188594E-04   -3.075273E-02   -3.513612E-03    0.000000E+00    0.000000E+00    0.000000E+00
2.325000E-01   -1.703789E-02    4.689885E-02   -1.206748E+01    0.000000E+00    0.000000E+00    0.000000E+00    4.936397E-04   -3.113808E-02   -3.507847E-03    0.000000E+00    0.000000E+00    0.000000E+00
2.335000E-01   -1.784991E-02    4.743171E-02   -1.206959E+01    0.000000E+00    0.000000E+00    0.000000E+00    3.547445E-04   -3.152740E-02   -3.498317E-03    0.000000E+00    0.000000E+00    0.000000E+00
2.345000E-01   -1.873291E-02    4.786459E-02   -1.207167E+01    0.000000E+00    0.000000E+00    0.000000E+00    2.108110E-04   -3.192017E-02   -3.484573E-03    0.000000E+00    0.000000E+00    0.000000E+00
2.355000E-01   -1.954435E-02    4.843798E-02   -1.207372E+01    0.000000E+00    0.000000E+00    0.000000E+00    5.934933E-05   -3.231099E-02   -3.475195E-03    0.000000E+00    0.000000E+00    0.000000E+00
2.365000E-01   -2.043198E-02    4.913222E-02   -1.207577E+01    0.000000E+00    0.000000E+00    0.000000E+00   -9.714266E-05   -3.270511E-02   -3.470394E-03    0.000000E+00    0.000000E+00    0.000000E+00
2.375000E-01   -2.127132E-02    4.973689E-02   -1.207777E+01    0.000000E+00    0.000000E+00    0.000000E+00   -2.581407E-04   -3.310511E-02   -3.460858E-03    0.000000E+00    0.000000E+00    0.000000E+00
2.385000E-01   -2.212939E-02    5.035705E-02   -1.207975E+01    0.000000E+00    0.000000E+00    0.000000E+00   -4.243463E-04   -3.351209E-02   -3.451223E-03    0.000000E+00    0.000000E+00    0.000000E+00
2.395000E-01   -2.297950E-02    5.094222E-02   -1.208172E+01    0.000000E+00    0.000000E+00    0.000000E+00   -5.954570E-04   -3.392138E-02   -3.440238E-03    0.000000E+00    0.000000E+00    0.000000E+00
2.405000E-01   -2.383339E-02    5.159220E-02   -1.208366E+01    0.000000E+00    0.000000E+00    0.000000E+00   -7.748211E-04   -3.432801E-02   -3.430942E-03    0.000000E+00    0.000000E+00    0.000000E+00
2.415000E-01   -2.468277E-02    5.226468E-02   -1.208558E+01    0.000000E+00    0.000000E+00    0.000000E+00   -9.702788E-04   -3.472576E-02   -3.421630E-03    0.000000E+00    0.000000E+00    0.000000E+00
2.425000E-01   -2.551067E-02    5.295950E-02   -1.208752E+01    0.000000E+00    0.000000E+00    0.000000E+00   -1.203530E-03   -3.509005E-02   -3.415380E-03    0.000000E+00    0.000000E+00    0.000000E+00
2.435000E-01   -2.633658E-02    5.352751E-02   -1.208937E+01    0.000000E+00    0.000000E+00    0.000000E+00   -1.326759E-03   -3.551916E-02   -3.406239E-03    0.000000E+00    0.000000E+00    0.000000E+00
2.445000E-01   -2.723422E-02    5.441424E-02   -1.209118E+01    0.000000E+00    0.000000E+00    0.000000E+00   -1.508582E-03   -3.596699E-02   -3.390853E-03    0.000000E+00    0.000000E+00    0.000000E+00
2.455000E-01   -2.807695E-02    5.547844E-02   -1.209298E+01    0.000000E+00    0.000000E+00    0.000000E+00   -1.830334E-03   -3.638180E-02   -3.370875E-03    0.000000E+00    0.000000E+00    0.000000E+00
2.465000E-01   -2.891596E-02    5.645088E-02   -1.209477E+01    0.000000E+00    0.000000E+00    0.000000E+00   -2.128153E-03   -3.678258E-02   -3.361080E-03    0.000000E+00    0.000000E+00    0.000000E+00
2.475000E-01   -2.973200E-02    5.719321E-02   -1.209655E+01    0.000000E+00    0.000000E+00    0.000000E+00   -2.326375E-03   -3.718648E-02   -3.356840E-03    0.000000E+00    0.000000E+00    0.000000E+00
2.485000E-01   -3.055991E-02    5.792029E-02   -1.209832E+01    0.000000E+00    0.000000E+00    0.000000E+00   -2.511177E-03   -3.759934E-02   -3.349025E-03    0.000000E+00    0.000000E+00    0.000000E+00
2.495000E-01   -3.145449E-02    5.875352E-02   -1.210007E+01    0.000000E+00    0.000000E+00    0.000000E+00   -2.737670E-03   -3.803062E-02   -3.336008E-03    0.000000E+00    0.000000E+00    0.000000E+00
2.505000E-01   -3.241067E-02    5.962478E-02   -1.210180E+01    0.000000E+00    0.000000E+00    0.000000E+00   -2.980045E-03   -3.847938E-02   -3.321720E-03    0.000000E+00    0.000000E+00    0.000000E+00
2.515000E-01   -3.337617E-02    6.047198E-02   -1.210351E+01    0.000000E+00    0.000000E+00    0.000000E+00   -3.212075E-03   -3.893198E-02   -3.309098E-03    0.000000E+00    0.000000E+00    0.000000E+00
2.525000E-01   -3.432496E-02    6.131317E-02   -1.210521E+01    0.000000E+00    0.000000E+00    0.000000E+00   -3.440965E-03   -3.937996E-02   -3.298674E-03    0.000000E+00    0.000000E+00    0.000000E+00
2.535000E-01   -3.527101E-02    6.217837E-02   -1.210688E+01    0.000000E+00    0.000000E+00    0.000000E+00   -3.678601E-03   -3.982727E-02   -3.290135E-03    0.000000E+00    0.000000E+00    0.000000E+00
2.545000E-01   -3.623023E-02    6.307235E-02   -1.210853E+01    0.000000E+00    0.000000E+00    0.000000E+00   -3.925399E-03   -4.028033E-02   -3.282416E-03    0.000000E+00    0.000000E+00    0.000000E+00
2.555000E-01   -3.720398E-02    6.399595E-02   -1.211016E+01    0.000000E+00    0.000000E+00    0.000000E+00   -4.180259E-03   -4.074112E-02   -3.273768E-03    0.000000E+00    0.000000E+00    0.000000E+00
2.565000E-01   -3.762042E-02    6.398521E-02   -1.211180E+01    0.000000E+00    0.000000E+00    0.000000E+00   -3.977830E-03   -4.092783E-02   -3.520169E-03    0.000000E+00    0.000000E+00    0.000000E+00
2.575000E-01   -3.861729E-02    6.498408E-02   -1.211341E+01    0.000000E+00    0.000000E+00    0.000000E+00   -4.253454E-03   -4.140199E-02   -3.508685E-03    0.000000E+00    0.000000E+00    0.000000E+00
2.585000E-01   -3.960927E-02    6.602581E-02   -1.211499E+01    0.000000E+00    0.000000E+00    0.000000E+00   -4.541948E-03   -4.187619E-02   -3.496845E-03    0.000000E+00    0.000000E+00    0.000000E+00
2.595000E-01   -4.058679E-02    6.708761E-02   -1.211655E+01    0.000000E+00    0.000000E+00    0.000000E+00   -4.837856E-03   -4.234590E-02   -3.485619E-03    0.000000E+00    0.000000E+00    0.000000E+00
2.605000E-01   -4.155281E-02    6.816142E-02   -1.211810E+01    0.000000E+00    0.000000E+00    0.000000E+00   -5.137755E-03   -4.281301E-02   -3.475284E-03    0.000000E+00    0.000000E+00    0.000000E+00
2.615000E-01   -4.251417E-02    6.926261E-02   -1.211963E+01    0.000000E+00    0.000000E+00    0.000000E+00   -5.442121E-03   -4.328037E-02   -3.465542E-03    0.000000E+00    0.000000E+00    0.000000E+00
2.625000E-01   -4.348365E-02    7.037413E-02   -1.212114E+01    0.000000E+00    0.000000E+00    0.000000E+00   -5.752851E-03   -4.374956E-02   -3.455214E-03    0.000000E+00    0.000000E+00    0.000000E+00
2.635000E-01   -4.446384E-02    7.150529E-02   -1.212264E+01    0.000000E+00    0.000000E+00    0.000000E+00   -6.070456E-03   -4.422275E-02   -3.444971E-03    0.000000E+00    0.000000E+00    0.000000E+00
2.645000E-01   -4.545180E-02    7.265116E-02   -1.212411E+01    0.000000E+00    0.000000E+00    0.000000E+00   -6.392740E-03   -4.470000E-02   -3.435209E-03    0.000000E+00    0.000000E+00    0.000000E+00
2.655000E-01   -4.644314E-02    7.380931E-02   -1.212557E+01    0.000000E+00    0.000000E+00    0.000000E+00   -6.717990E-03   -4.517930E-02   -3.425706E-03    0.000000E+00    0.000000E+00    0.000000E+00
2.665000E-01   -4.744334E-02    7.498517E-02   -1.212702E+01    0.000000E+00    0.000000E+00    0.000000E+00   -7.048939E-03   -4.566214E-02   -3.415973E-03    0.000000E+00    0.000000E+00    0.000000E+00
2.675000E-01   -4.844743E-02    7.617554E-02   -1.212844E+01    0.000000E+00    0.000000E+00    0.000000E+00   -7.386211E-03   -4.614700E-02   -3.406621E-03    0.000000E+00    0.000000E+00    0.000000E+00
2.685000E-01   -4.944634E-02    7.737203E-02   -1.212986E+01    0.000000E+00    0.000000E+00    0.000000E+00   -7.727565E-03   -4.663141E-02   -3.398376E-03    0.000000E+00    0.000000E+00    0.000000E+00
2.695000E-01   -5.044871E-02    7.857571E-02   -1.213126E+01    0.000000E+00    0.000000E+00    0.000000E+00   -8.069094E-03   -4.711525E-02   -3.390721E-03    0.000000E+00    0.000000E+00    0.000000E+00
2.705000E-01   -5.146740E-02    7.979884E-02   -1.213264E+01    0.000000E+00    0.000000E+00    0.000000E+00   -8.412421E-03   -4.760229E-02   -3.382738E-03    0.000000E+00    0.000000E+00    0.000000E+00
2.715000E-01   -5.266229E-02    8.100297E-02   -1.213402E+01    0.000000E+00    0.000000E+00    0.000000E+00   -8.764140E-03   -4.810010E-02   -3.369545E-03    0.000000E+00    0.000000E+00    0.000000E+00
2.725000E-01   -5.369316E-02    8.226587E-02   -1.213538E+01    0.000000E+00    0.000000E+00    0.000000E+00   -9.123718E-03   -4.859707E-02   -3.361754E-03    0.000000E+00    0.000000E+00    0.000000E+00
2.735000E-01   -5.481773E-02    8.308650E-02   -1.213681E+01    0.000000E+00    0.000000E+00    0.000000E+00   -9.482304E-03   -4.909232E-02   -3.370548E-03    0.000000E+00    0.000000E+00    0.000000E+00
2.745000E-01   -5.544604E-02    8.449148E-02   -1.213817E+01    0.000000E+00    0.000000E+00    0.000000E+00   -9.852752E-03   -4.958773E-02   -3.353244E-03    0.000000E+00    0.000000E+00    0.000000E+00
2.755000E-01   -5.650646E-02    8.579525E-02   -1.213949E+01    0.000000E+00    0.000000E+00    0.000000E+00   -1.023018E-02   -5.009160E-02   -3.345073E-03    0.000000E+00    0.000000E+00    0.000000E+00
2.765000E-01   -5.757296E-02    8.711075E-02   -1.214079E+01    0.000000E+00    0.000000E+00    0.000000E+00   -1.061315E-02   -5.059901E-02   -3.336383E-03    0.000000E+00    0.000000E+00    0.000000E+00
2.775000E-01   -5.864808E-02    8.843410E-02   -1.214208E+01    0.000000E+00    0.000000E+00    0.000000E+00   -1.099979E-02   -5.111152E-02   -3.327474E-03    0.000000E+00    0.000000E+00    0.000000E+00
2.785000E-01   -5.973520E-02    8.976329E-02   -1.214335E+01    0.000000E+00    0.000000E+00    0.000000E+00   -1.138932E-02   -5.162933E-02   -3.318603E-03    0.000000E+00    0.000000E+00    0.000000E+00
2.795000E-01   -6.082701E-02    9.110039E-02   -1.214461E+01    0.000000E+00    0.000000E+00    0.000000E+00   -1.178193E-02   -5.214899E-02   -3.309657E-03    0.000000E+00    0.000000E+00    0.000000E+00
2.805000E-01   -6.192155E-02    9.244640E-02   -1.214586E+01    0.000000E+00    0.000000E+00    0.000000E+00   -1.217789E-02   -5.267000E-02   -3.300479E-03    0.000000E+00    0.000000E+00    0.000000E+00
2.815000E-01   -6.302286E-02    9.379982E-02   -1.214710E+01    0.000000E+00    0.000000E+00    0.000000E+00   -1.257766E-02   -5.319340E-02   -3.291194E-03    0.000000E+00    0.000000E+00    0.000000E+00
2.825000E-01   -6.412763E-02    9.514285E-02   -1.214832E+01    0.000000E+00    0.000000E+00    0.000000E+00   -1.297752E-02   -5.371914E-02   -3.282578E-03    0.000000E+00    0.000000E+00    0.000000E+00
2.835000E-01   -6.523427E-02    9.647119E-02   -1.214953E+01    0.000000E+00    0.000000E+00    0.000000E+00   -1.337404E-02   -5.424797E-02   -3.274545E-03    0.000000E+00    0.000000E+00    0.000000E+00
2.845000E-01   -6.635701E-02    9.779700E-02   -1.215073E+01    0.000000E+00    0.000000E+00    0.000000E+00   -1.377049E-02   -5.478256E-02   -3.265436E-03    0.000000E+00    0.000000E+00    0.000000E+00
2.855000E-01   -6.750066E-02    9.912336E-02   -1.215192E+01    0.000000E+00    0.000000E+00    0.000000E+00   -1.417056E-02   -5.532422E-02   -3.254501E-03    0.000000E+00    0.000000E+00    0.000000E+00
2.865000E-01   -6.865645E-02    1.004536E-01   -1.215310E+01    0.000000E+00    0.000000E+00    0.000000E+00   -1.457409E-02   -5.587111E-02   -3.242555E-03    0.000000E+00    0.000000E+00    0.000000E+00
2.875000E-01   -6.982302E-02    1.017705E-01   -1.215428E+01    0.000000E+00    0.000000E+00    0.000000E+00   -1.497364E-02   -5.642236E-02   -3.231544E-03    0.000000E+00    0.000000E+00    0.000000E+00
2.885000E-01   -7.099857E-02    1.030730E-01   -1.215544E+01    0.000000E+00    0.000000E+00    0.000000E+00   -1.537259E-02   -5.697698E-02   -3.222316E-03    0.000000E+00    0.000000E+00    0.000000E+00
2.895000E-01   -7.218645E-02    1.043852E-01   -1.215658E+01    0.000000E+00    0.000000E+00    0.000000E+00   -1.577799E-02   -5.753654E-02   -3.213400E-03    0.000000E+00    0.000000E+00    0.000000E+00
2.905000E-01   -7.339918E-02    1.057121E-01   -1.215772E+01    0.000000E+00    0.000000E+00    0.000000E+00   -1.618904E-02   -5.810497E-02   -3.203954E-03    0.000000E+00    0.000000E+00    0.000000E+00
2.915000E-01   -7.463129E-02    1.070381E-01   -1.215885E+01    0.000000E+00    0.000000E+00    0.000000E+00   -1.660174E-02   -5.868011E-02   -3.194815E-03    0.000000E+00    0.000000E+00    0.000000E+00
2.925000E-01   -7.585920E-02    1.083543E-01   -1.215997E+01    0.000000E+00    0.000000E+00    0.000000E+00   -1.701461E-02   -5.925850E-02   -3.186463E-03    0.000000E+00    0.000000E+00    0.000000E+00
2.935000E-01   -7.707990E-02    1.096652E-01   -1.216110E+01    0.000000E+00    0.000000E+00    0.000000E+00   -1.742883E-02   -5.983946E-02   -3.178353E-03    0.000000E+00    0.000000E+00    0.000000E+00
2.945000E-01   -7.830699E-02    1.109725E-01   -1.216221E+01    0.000000E+00    0.000000E+00    0.000000E+00   -1.784503E-02   -6.042298E-02   -3.170043E-03    0.000000E+00    0.000000E+00    0.000000E+00
2.955000E-01   -7.954805E-02    1.122705E-01   -1.216332E+01    0.000000E+00    0.000000E+00    0.000000E+00   -1.826256E-02   -6.100995E-02   -3.161594E-03    0.000000E+00    0.000000E+00    0.000000E+00
2.965000E-01   -8.079649E-02    1.135529E-01   -1.216442E+01    0.000000E+00    0.000000E+00    0.000000E+00   -1.867880E-02   -6.159924E-02   -3.152877E-03    0.000000E+00    0.000000E+00    0.000000E+00
2.975000E-01   -8.205110E-02    1.148252E-01   -1.216551E+01    0.000000E+00    0.000000E+00    0.000000E+00   -1.909545E-02   -6.219234E-02   -3.143764E-03    0.000000E+00    0.000000E+00    0.000000E+00
2.985000E-01   -8.331109E-02    1.160896E-01   -1.216660E+01    0.000000E+00    0.000000E+00    0.000000E+00   -1.951258E-02   -6.278994E-02   -3.134037E-03    0.000000E+00    0.000000E+00    0.000000E+00
2.995000E-01   -8.457592E-02    1.173450E-01   -1.216768E+01    0.000000E+00    0.000000E+00    0.000000E+00   -1.992974E-02   -6.338868E-02   -3.123680E-03    0.000000E+00    0.000000E+00    0.000000E+00
3.005000E-01   -8.590213E-02    1.186275E-01   -1.216878E+01    0.000000E+00    0.000000E+00    0.000000E+00   -2.034567E-02   -6.398654E-02   -3.109860E-03    0.000000E+00    0.000000E+00    0.000000E+00
3.015000E-01   -8.715840E-02    1.198406E-01   -1.216985E+01    0.000000E+00    0.000000E+00    0.000000E+00   -2.075859E-02   -6.458628E-02   -3.099814E-03    0.000000E+00    0.000000E+00    0.000000E+00
3.025000E-01   -8.929450E-02    1.212670E-01   -1.217093E+01    0.000000E+00    0.000000E+00    0.000000E+00   -2.127651E-02   -6.561264E-02   -3.294368E-03    0.000000E+00    0.000000E+00    0.000000E+00
3.035000E-01   -9.057505E-02    1.224578E-01   -1.217199E+01    0.000000E+00    0.000000E+00    0.000000E+00   -2.169067E-02   -6.622195E-02   -3.283806E-03    0.000000E+00    0.000000E+00    0.000000E+00
3.045000E-01   -9.185879E-02    1.236319E-01   -1.217304E+01    0.000000E+00    0.000000E+00    0.000000E+00   -2.210416E-02   -6.683255E-02   -3.272818E-03    0.000000E+00    0.000000E+00    0.000000E+00
3.055000E-01   -9.314214E-02    1.247896E-01   -1.217409E+01    0.000000E+00    0.000000E+00    0.000000E+00   -2.251798E-02   -6.744327E-02   -3.260652E-03    0.000000E+00    0.000000E+00    0.000000E+00
3.065000E-01   -9.442240E-02    1.259439E-01   -1.217513E+01    0.000000E+00    0.000000E+00    0.000000E+00   -2.293417E-02   -6.805712E-02   -3.247830E-03    0.000000E+00    0.000000E+00    0.000000E+00
3.075000E-01   -9.571610E-02    1.270812E-01   -1.217616E+01    0.000000E+00    0.000000E+00    0.000000E+00   -2.334980E-02   -6.867413E-02   -3.234723E-03    0.000000E+00    0.000000E+00    0.000000E+00
3.085000E-01   -9.683818E-02    1.285141E-01   -1.217721E+01    0.000000E+00    0.000000E+00    0.000000E+00   -2.376551E-02   -6.928936E-02   -3.214066E-03    0.000000E+00    0.000000E+00    0.000000E+00
3.095000E-01   -9.810558E-02    1.297539E-01   -1.217825E+01    0.000000E+00    0.000000E+00    0.000000E+00   -2.418072E-02   -6.990421E-02   -3.205357E-03    0.000000E+00    0.000000E+00    0.000000E+00
3.105000E-01   -9.942532E-02    1.308510E-01   -1.217927E+01    0.000000E+00    0.000000E+00    0.000000E+00   -2.459348E-02   -7.052112E-02   -3.192832E-03    0.000000E+00    0.000000E+00    0.000000E+00
3.115000E-01   -1.007586E-01    1.319347E-01   -1.218028E+01    0.000000E+00    0.000000E+00    0.000000E+00   -2.500505E-02   -7.114360E-02   -3.180340E-03    0.000000E+00    0.000000E+00    0.000000E+00
3.125000E-01   -1.020962E-01    1.330064E-01   -1.218129E+01    0.000000E+00    0.000000E+00    0.000000E+00   -2.541505E-02   -7.176925E-02   -3.168266E-03    0.000000E+00    0.000000E+00    0.000000E+00
3.135000E-01   -1.034370E-01    1.340676E-01   -1.218230E+01    0.000000E+00    0.000000E+00    0.000000E+00   -2.582473E-02   -7.239593E-02   -3.156530E-03    0.000000E+00    0.000000E+00    0.000000E+00
3.145000E-01   -1.047811E-01    1.351194E-01   -1.218330E+01    0.000000E+00    0.000000E+00    0.000000E+00   -2.623496E-02   -7.302340E-02   -3.144926E-03    0.000000E+00    0.000000E+00    0.000000E+00
3.155000E-01   -1.049965E-01    1.364529E-01   -1.218432E+01    0.000000E+00    0.000000E+00    0.000000E+00   -2.678098E-02   -7.310186E-02   -2.866471E-03    0.000000E+00    0.000000E+00    0.000000E+00
3.165000E-01   -1.063510E-01    1.374829E-01   -1.218531E+01    0.000000E+00    0.000000E+00    0.000000E+00   -2.719100E-02   -7.373271E-02   -2.855132E-03    0.000000E+00    0.000000E+00    0.000000E+00
3.175000E-01   -1.077209E-01    1.385053E-01   -1.218630E+01    0.000000E+00    0.000000E+00    0.000000E+00   -2.760153E-02   -7.436739E-02   -2.843982E-03    0.000000E+00    0.000000E+00    0.000000E+00
3.185000E-01   -1.091015E-01    1.395182E-01   -1.218728E+01    0.000000E+00    0.000000E+00    0.000000E+00   -2.801254E-02   -7.500502E-02   -2.832680E-03    0.000000E+00    0.000000E+00    0.000000E+00
3.195000E-01   -1.104885E-01    1.405204E-01   -1.218826E+01    0.000000E+00    0.000000E+00    0.000000E+00   -2.842397E-02   -7.564469E-02   -2.820892E-03    0.000000E+00    0.000000E+00    0.000000E+00
3.205000E-01   -1.118840E-01    1.415119E-01   -1.218923E+01    0.000000E+00    0.000000E+00    0.000000E+00   -2.883491E-02   -7.628665E-02   -2.808648E-03    0.000000E+00    0.000000E+00    0.000000E+00
3.215000E-01   -1.132888E-01    1.424938E-01   -1.219020E+01    0.000000E+00    0.000000E+00    0.000000E+00   -2.924597E-02   -7.693119E-02   -2.796061E-03    0.000000E+00    0.000000E+00    0.000000E+00
3.225000E-01   -1.147058E-01    1.434648E-01   -1.219116E+01    0.000000E+00    0.000000E+00    0.000000E+00   -2.965757E-02   -7.757932E-02   -2.783213E-03    0.000000E+00    0.000000E+00    0.000000E+00
3.235000E-01   -1.161416E-01    1.444232E-01   -1.219212E+01    0.000000E+00    0.000000E+00    0.000000E+00   -3.006878E-02   -7.823192E-02   -2.770152E-03    0.000000E+00    0.000000E+00    0.000000E+00
3.245000E-01   -1.175945E-01    1.453671E-01   -1.219308E+01    0.000000E+00    0.000000E+00    0.000000E+00   -3.047869E-02   -7.888894E-02   -2.756857E-03    0.000000E+00    0.000000E+00    0.000000E+00
3.255000E-01   -1.190406E-01    1.462938E-01   -1.219403E+01    0.000000E+00    0.000000E+00    0.000000E+00   -3.088640E-02   -7.954786E-02   -2.744392E-03    0.000000E+00    0.000000E+00    0.000000E+00
3.265000E-01   -1.204767E-01    1.472092E-01   -1.219498E+01    0.000000E+00    0.000000E+00    0.000000E+00   -3.129162E-02   -8.020555E-02   -2.733532E-03    0.000000E+00    0.000000E+00    0.000000E+00
3.275000E-01   -1.219216E-01    1.481204E-01   -1.219592E+01    0.000000E+00    0.000000E+00    0.000000E+00   -3.169597E-02   -8.086306E-02   -2.723886E-03    0.000000E+00    0.000000E+00    0.000000E+00
3.285000E-01   -1.235126E-01    1.491016E-01   -1.219687E+01    0.000000E+00    0.000000E+00    0.000000E+00   -3.210366E-02   -8.152543E-02   -2.710469E-03    0.000000E+00    0.000000E+00    0.000000E+00
3.295000E-01   -1.249861E-01    1.499983E-01   -1.219781E+01    0.000000E+00    0.000000E+00    0.000000E+00   -3.250867E-02   -8.218762E-02   -2.700825E-03    0.000000E+00    0.000000E+00    0.000000E+00
3.305000E-01   -1.264642E-01    1.508781E-01   -1.219875E+01    0.000000E+00    0.000000E+00    0.000000E+00   -3.291062E-02   -8.285145E-02   -2.690747E-03    0.000000E+00    0.000000E+00    0.000000E+00
3.315000E-01   -1.279461E-01    1.517462E-01   -1.219968E+01    0.000000E+00    0.000000E+00    0.000000E+00   -3.331043E-02   -8.351691E-02   -2.680419E-03    0.000000E+00    0.000000E+00    0.000000E+00
3.325000E-01   -1.294331E-01    1.526040E-01   -1.220060E+01    0.000000E+00    0.000000E+00    0.000000E+00   -3.370823E-02   -8.418370E-02   -2.669650E-03    0.000000E+00    0.000000E+00    0.000000E+00
3.335000E-01   -1.309240E-01    1.534516E-01   -1.220152E+01    0.000000E+00    0.000000E+00    0.000000E+00   -3.410436E-02   -8.485122E-02   -2.658497E-03    0.000000E+00    0.000000E+00    0.000000E+00
3.345000E-01   -1.324259E-01    1.542837E-01   -1.220243E+01    0.000000E+00    0.000000E+00    0.000000E+00   -3.449464E-02   -8.552425E-02   -2.647064E-03    0.000000E+00    0.000000E+00    0.000000E+00
3.355000E-01   -1.339363E-01    1.551008E-01   -1.220335E+01    0.000000E+00    0.000000E+00    0.000000E+00   -3.487772E-02   -8.620237E-02   -2.635156E-03    0.000000E+00    0.000000E+00    0.000000E+00
3.365000E-01   -1.353240E-01    1.559797E-01   -1.220427E+01    0.000000E+00    0.000000E+00    0.000000E+00   -3.526146E-02   -8.687672E-02   -2.626549E-03    0.000000E+00    0.000000E+00    0.000000E+00
3.375000E-01   -1.368354E-01    1.567850E-01   -1.220518E+01    0.000000E+00    0.000000E+00    0.000000E+00   -3.564477E-02   -8.755264E-02   -2.613767E-03    0.000000E+00    0.000000E+00    0.000000E+00
3.385000E-01   -1.383537E-01    1.575804E-01   -1.220608E+01    0.000000E+00    0.000000E+00    0.000000E+00   -3.602728E-02   -8.823007E-02   -2.600655E-03    0.000000E+00    0.000000E+00    0.000000E+00
3.395000E-01   -1.403738E-01    1.584565E-01   -1.220707E+01    0.000000E+00    0.000000E+00    0.000000E+00   -3.640662E-02   -8.891186E-02   -2.600319E-03    0.000000E+00    0.000000E+00    0.000000E+00
3.405000E-01   -1.419045E-01    1.592431E-01   -1.220797E+01    0.000000E+00    0.000000E+00    0.000000E+00   -3.678895E-02   -8.959234E-02   -2.586266E-03    0.000000E+00    0.000000E+00    0.000000E+00
3.415000E-01   -1.434473E-01    1.600375E-01   -1.220887E+01    0.000000E+00    0.000000E+00    0.000000E+00   -3.717947E-02   -9.027750E-02   -2.570726E-03    0.000000E+00    0.000000E+00    0.000000E+00
3.425000E-01   -1.449907E-01    1.608268E-01   -1.220976E+01    0.000000E+00    0.000000E+00    0.000000E+00   -3.756155E-02   -9.095977E-02   -2.555992E-03    0.000000E+00    0.000000E+00    0.000000E+00
3.435000E-01   -1.442437E-01    1.602518E-01   -1.221072E+01    0.000000E+00    0.000000E+00    0.000000E+00   -3.725675E-02   -9.051990E-02   -1.951302E-03    0.000000E+00    0.000000E+00    0.000000E+00
3.445000E-01   -1.457774E-01    1.610240E-01   -1.221161E+01    0.000000E+00    0.000000E+00    0.000000E+00   -3.763532E-02   -9.119951E-02   -1.938113E-03    0.000000E+00    0.000000E+00    0.000000E+00
3.455000E-01   -1.473226E-01    1.618054E-01   -1.221250E+01    0.000000E+00    0.000000E+00    0.000000E+00   -3.802048E-02   -9.188368E-02   -1.924220E-03    0.000000E+00    0.000000E+00    0.000000E+00
3.465000E-01   -1.488767E-01    1.625904E-01   -1.221338E+01    0.000000E+00    0.000000E+00    0.000000E+00   -3.840446E-02   -9.256971E-02   -1.909574E-03    0.000000E+00    0.000000E+00    0.000000E+00
3.475000E-01   -1.504402E-01    1.633773E-01   -1.221426E+01    0.000000E+00    0.000000E+00    0.000000E+00   -3.878747E-02   -9.325847E-02   -1.894250E-03    0.000000E+00    0.000000E+00    0.000000E+00
3.485000E-01   -1.551231E-01    1.623677E-01   -1.221523E+01    0.000000E+00    0.000000E+00    0.000000E+00   -3.827845E-02   -9.543260E-02   -2.658509E-03    0.000000E+00    0.000000E+00    0.000000E+00
3.495000E-01   -1.567179E-01    1.631541E-01   -1.221610E+01    0.000000E+00    0.000000E+00    0.000000E+00   -3.866331E-02   -9.613362E-02   -2.643900E-03    0.000000E+00    0.000000E+00    0.000000E+00
3.505000E-01   -1.583208E-01    1.639422E-01   -1.221697E+01    0.000000E+00    0.000000E+00    0.000000E+00   -3.904919E-02   -9.683691E-02   -2.630779E-03    0.000000E+00    0.000000E+00    0.000000E+00
3.515000E-01   -1.599298E-01    1.647306E-01   -1.221783E+01    0.000000E+00    0.000000E+00    0.000000E+00   -3.943448E-02   -9.754068E-02   -2.617989E-03    0.000000E+00    0.000000E+00    0.000000E+00
3.525000E-01   -1.618523E-01    1.655991E-01   -1.221871E+01    0.000000E+00    0.000000E+00    0.000000E+00   -3.981553E-02   -9.824868E-02   -2.610934E-03    0.000000E+00    0.000000E+00    0.000000E+00
3.535000E-01   -1.634760E-01    1.664115E-01   -1.221957E+01    0.000000E+00    0.000000E+00    0.000000E+00   -4.020959E-02   -9.895909E-02   -2.596707E-03    0.000000E+00    0.000000E+00    0.000000E+00
3.545000E-01   -1.650970E-01    1.672381E-01   -1.222043E+01    0.000000E+00    0.000000E+00    0.000000E+00   -4.061701E-02   -9.967484E-02   -2.582283E-03    0.000000E+00    0.000000E+00    0.000000E+00
3.555000E-01   -1.667409E-01    1.680508E-01   -1.222128E+01    0.000000E+00    0.000000E+00    0.000000E+00   -4.102441E-02   -1.004022E-01   -2.569047E-03    0.000000E+00    0.000000E+00    0.000000E+00
3.565000E-01   -1.684141E-01    1.688552E-01   -1.222213E+01    0.000000E+00    0.000000E+00    0.000000E+00   -4.142508E-02   -1.011392E-01   -2.557346E-03    0.000000E+00    0.000000E+00    0.000000E+00
3.575000E-01   -1.700850E-01    1.696768E-01   -1.222298E+01    0.000000E+00    0.000000E+00    0.000000E+00   -4.182913E-02   -1.018753E-01   -2.545246E-03    0.000000E+00    0.000000E+00    0.000000E+00
3.585000E-01   -1.717478E-01    1.705179E-01   -1.222383E+01    0.000000E+00    0.000000E+00    0.000000E+00   -4.224132E-02   -1.026102E-01   -2.532097E-03    0.000000E+00    0.000000E+00    0.000000E+00
3.595000E-01   -1.734088E-01    1.713575E-01   -1.222466E+01    0.000000E+00    0.000000E+00    0.000000E+00   -4.265363E-02   -1.033462E-01   -2.518248E-03    0.000000E+00    0.000000E+00    0.000000E+00
3.605000E-01   -1.750374E-01    1.721578E-01   -1.222550E+01    0.000000E+00    0.000000E+00    0.000000E+00   -4.304502E-02   -1.040660E-01   -2.504061E-03    0.000000E+00    0.000000E+00    0.000000E+00
3.615000E-01   -1.766403E-01    1.729331E-01   -1.222633E+01    0.000000E+00    0.000000E+00    0.000000E+00   -4.341908E-02   -1.047701E-01   -2.489765E-03    0.000000E+00    0.000000E+00    0.000000E+00
3.625000E-01   -1.782606E-01    1.737219E-01   -1.222716E+01    0.000000E+00    0.000000E+00    0.000000E+00   -4.379605E-02   -1.054800E-01   -2.475270E-03    0.000000E+00    0.000000E+00    0.000000E+00
3.635000E-01   -1.799035E-01    1.745204E-01   -1.222799E+01    0.000000E+00    0.000000E+00    0.000000E+00   -4.417758E-02   -1.062004E-01   -2.460571E-03    0.000000E+00    0.000000E+00    0.000000E+00
3.645000E-01   -1.815552E-01    1.753206E-01   -1.222882E+01    0.000000E+00    0.000000E+00    0.000000E+00   -4.456006E-02   -1.069250E-01   -2.445420E-03    0.000000E+00    0.000000E+00    0.000000E+00
3.655000E-01   -1.833138E-01    1.757589E-01   -1.222967E+01    0.000000E+00    0.000000E+00    0.000000E+00   -4.493922E-02   -1.076510E-01   -2.438918E-03    0.000000E+00    0.000000E+00    0.000000E+00
3.665000E-01   -1.849732E-01    1.765638E-01   -1.223049E+01    0.000000E+00    0.000000E+00    0.000000E+00   -4.532292E-02   -1.083774E-01   -2.424997E-03    0.000000E+00    0.000000E+00    0.000000E+00
3.675000E-01   -1.867833E-01    1.773421E-01   -1.223133E+01    0.000000E+00    0.000000E+00    0.000000E+00   -4.570660E-02   -1.091072E-01   -2.408178E-03    0.000000E+00    0.000000E+00    0.000000E+00
3.685000E-01   -1.884531E-01    1.781467E-01   -1.223215E+01    0.000000E+00    0.000000E+00    0.000000E+00   -4.608965E-02   -1.098372E-01   -2.395143E-03    0.000000E+00    0.000000E+00    0.000000E+00
3.695000E-01   -1.902980E-01    1.791897E-01   -1.223301E+01    0.000000E+00    0.000000E+00    0.000000E+00   -4.647497E-02   -1.105697E-01   -2.387787E-03    0.000000E+00    0.000000E+00    0.000000E+00
3.705000E-01   -1.919746E-01    1.800079E-01   -1.223382E+01    0.000000E+00    0.000000E+00    0.000000E+00   -4.686010E-02   -1.113012E-01   -2.374243E-03    0.000000E+00    0.000000E+00    0.000000E+00
3.715000E-01   -1.936011E-01    1.808667E-01   -1.223464E+01    0.000000E+00    0.000000E+00    0.000000E+00   -4.724609E-02   -1.120329E-01   -2.362936E-03    0.000000E+00    0.000000E+00    0.000000E+00
3.725000E-01   -1.952790E-01    1.817011E-01   -1.223544E+01    0.000000E+00    0.000000E+00    0.000000E+00   -4.763240E-02   -1.127649E-01   -2.349554E-03    0.000000E+00    0.000000E+00    0.000000E+00
3.735000E-01   -1.968694E-01    1.822281E-01   -1.223626E+01    0.000000E+00    0.000000E+00    0.000000E+00   -4.801571E-02   -1.134963E-01   -2.328646E-03    0.000000E+00    0.000000E+00    0.000000E+00
3.745000E-01   -1.985520E-01    1.830728E-01   -1.223706E+01    0.000000E+00    0.000000E+00    0.000000E+00   -4.840258E-02   -1.142284E-01   -2.314528E-03    0.000000E+00    0.000000E+00    0.000000E+00
3.755000E-01   -2.002384E-01    1.839222E-01   -1.223785E+01    0.000000E+00    0.000000E+00    0.000000E+00   -4.879006E-02   -1.149608E-01   -2.300547E-03    0.000000E+00    0.000000E+00    0.000000E+00
3.765000E-01   -2.019221E-01    1.847888E-01   -1.223873E+01    0.000000E+00    0.000000E+00    0.000000E+00   -4.917959E-02   -1.156938E-01   -2.275579E-03    0.000000E+00    0.000000E+00    0.000000E+00
3.775000E-01   -2.036103E-01    1.856471E-01   -1.223951E+01    0.000000E+00    0.000000E+00    0.000000E+00   -4.956820E-02   -1.164255E-01   -2.262726E-03    0.000000E+00    0.000000E+00    0.000000E+00
3.785000E-01   -2.052995E-01    1.865031E-01   -1.224030E+01    0.000000E+00    0.000000E+00    0.000000E+00   -4.995419E-02   -1.171570E-01   -2.249396E-03    0.000000E+00    0.000000E+00    0.000000E+00
3.795000E-01   -2.070780E-01    1.875131E-01   -1.224110E+01    0.000000E+00    0.000000E+00    0.000000E+00   -5.034436E-02   -1.178921E-01   -2.239875E-03    0.000000E+00    0.000000E+00    0.000000E+00
3.805000E-01   -2.087767E-01    1.883909E-01   -1.224188E+01    0.000000E+00    0.000000E+00    0.000000E+00   -5.073625E-02   -1.186250E-01   -2.226711E-03    0.000000E+00    0.000000E+00    0.000000E+00
3.815000E-01   -2.104693E-01    1.892652E-01   -1.224265E+01    0.000000E+00    0.000000E+00    0.000000E+00   -5.112618E-02   -1.193548E-01   -2.212999E-03    0.000000E+00    0.000000E+00    0.000000E+00
3.825000E-01   -2.122479E-01    1.900094E-01   -1.224343E+01    0.000000E+00    0.000000E+00    0.000000E+00   -5.151916E-02   -1.200876E-01   -2.196243E-03    0.000000E+00    0.000000E+00    0.000000E+00
3.835000E-01   -2.138712E-01    1.904678E-01   -1.224427E+01    0.000000E+00    0.000000E+00    0.000000E+00   -5.190823E-02   -1.208202E-01   -2.171866E-03    0.000000E+00    0.000000E+00    0.000000E+00
3.845000E-01   -2.155732E-01    1.913154E-01   -1.224503E+01    0.000000E+00    0.000000E+00    0.000000E+00   -5.228064E-02   -1.215541E-01   -2.156762E-03    0.000000E+00    0.000000E+00    0.000000E+00
3.855000E-01   -2.172708E-01    1.922002E-01   -1.224580E+01    0.000000E+00    0.000000E+00    0.000000E+00   -5.263765E-02   -1.222940E-01   -2.141720E-03    0.000000E+00    0.000000E+00    0.000000E+00
3.865000E-01   -2.189799E-01    1.930389E-01   -1.224656E+01    0.000000E+00    0.000000E+00    0.000000E+00   -5.299372E-02   -1.230325E-01   -2.124138E-03    0.000000E+00    0.000000E+00    0.000000E+00
3.875000E-01   -2.208553E-01    1.944774E-01   -1.224737E+01    0.000000E+00    0.000000E+00    0.000000E+00   -5.335980E-02   -1.237685E-01   -2.092891E-03    0.000000E+00    0.000000E+00    0.000000E+00
3.885000E-01   -2.225686E-01    1.953375E-01   -1.224813E+01    0.000000E+00    0.000000E+00    0.000000E+00   -5.371992E-02   -1.245021E-01   -2.075163E-03    0.000000E+00    0.000000E+00    0.000000E+00
3.895000E-01   -2.244649E-01    1.961604E-01   -1.224889E+01    0.000000E+00    0.000000E+00    0.000000E+00   -5.408066E-02   -1.252369E-01   -2.053590E-03    0.000000E+00    0.000000E+00    0.000000E+00
3.905000E-01   -2.261995E-01    1.970403E-01   -1.224964E+01    0.000000E+00    0.000000E+00    0.000000E+00   -5.444099E-02   -1.259733E-01   -2.036716E-03    0.000000E+00    0.000000E+00    0.000000E+00
3.915000E-01   -2.279657E-01    1.979176E-01   -1.225039E+01    0.000000E+00    0.000000E+00    0.000000E+00   -5.479858E-02   -1.267187E-01   -2.019952E-03    0.000000E+00    0.000000E+00    0.000000E+00
3.925000E-01   -2.297435E-01    1.987924E-01   -1.225113E+01    0.000000E+00    0.000000E+00    0.000000E+00   -5.515314E-02   -1.274670E-01   -2.002863E-03    0.000000E+00    0.000000E+00    0.000000E+00
3.935000E-01   -2.315180E-01    1.996709E-01   -1.225188E+01    0.000000E+00    0.000000E+00    0.000000E+00   -5.550581E-02   -1.282130E-01   -1.985150E-03    0.000000E+00    0.000000E+00    0.000000E+00
3.945000E-01   -2.332947E-01    2.005545E-01   -1.225262E+01    0.000000E+00    0.000000E+00    0.000000E+00   -5.585700E-02   -1.289576E-01   -1.966761E-03    0.000000E+00    0.000000E+00    0.000000E+00
3.955000E-01   -2.350807E-01    2.014402E-01   -1.225336E+01    0.000000E+00    0.000000E+00    0.000000E+00   -5.620603E-02   -1.297027E-01   -1.947897E-03    0.000000E+00    0.000000E+00    0.000000E+00
3.965000E-01   -2.368821E-01    2.023303E-01   -1.225410E+01    0.000000E+00    0.000000E+00    0.000000E+00   -5.655374E-02   -1.304506E-01   -1.929143E-03    0.000000E+00    0.000000E+00    0.000000E+00
3.975000E-01   -2.387043E-01    2.032300E-01   -1.225483E+01    0.000000E+00    0.000000E+00    0.000000E+00   -5.690199E-02   -1.312029E-01   -1.911293E-03    0.000000E+00    0.000000E+00    0.000000E+00
3.985000E-01   -2.405398E-01    2.041302E-01   -1.225556E+01    0.000000E+00    0.000000E+00    0.000000E+00   -5.724774E-02   -1.319570E-01   -1.893840E-03    0.000000E+00    0.000000E+00    0.000000E+00
3.995000E-01   -2.423804E-01    2.050261E-01   -1.225629E+01    0.000000E+00    0.000000E+00    0.000000E+00   -5.758961E-02   -1.327103E-01   -1.876046E-03    0.000000E+00    0.000000E+00    0.000000E+00
4.005000E-01   -2.442272E-01    2.059201E-01   -1.225701E+01    0.000000E+00    0.000000E+00    0.000000E+00   -5.792838E-02   -1.334634E-01   -1.857781E-03    0.000000E+00    0.000000E+00    0.000000E+00
4.015000E-01   -2.462074E-01    2.075191E-01   -1.225786E+01    0.000000E+00    0.000000E+00    0.000000E+00   -5.826902E-02   -1.342142E-01   -1.820491E-03    0.000000E+00    0.000000E+00    0.000000E+00
4.025000E-01   -2.480668E-01    2.084145E-01   -1.225858E+01    0.000000E+00    0.000000E+00    0.000000E+00   -5.860214E-02   -1.349668E-01   -1.801563E-03    0.000000E+00    0.000000E+00    0.000000E+00
4.035000E-01   -2.499279E-01    2.093119E-01   -1.225929E+01    0.000000E+00    0.000000E+00    0.000000E+00   -5.893375E-02   -1.357178E-01   -1.782747E-03    0.000000E+00    0.000000E+00    0.000000E+00
4.045000E-01   -2.512033E-01    2.100481E-01   -1.226005E+01    0.000000E+00    0.000000E+00    0.000000E+00   -5.926509E-02   -1.364630E-01   -1.778046E-03    0.000000E+00    0.000000E+00    0.000000E+00
4.055000E-01   -2.530910E-01    2.109575E-01   -1.226076E+01    0.000000E+00    0.000000E+00    0.000000E+00   -5.959724E-02   -1.372178E-01   -1.760143E-03    0.000000E+00    0.000000E+00    0.000000E+00
4.065000E-01   -2.549873E-01    2.118660E-01   -1.226146E+01    0.000000E+00    0.000000E+00    0.000000E+00   -5.992837E-02   -1.379720E-01   -1.742320E-03    0.000000E+00    0.000000E+00    0.000000E+00
4.075000E-01   -2.568880E-01    2.127764E-01   -1.226216E+01    0.000000E+00    0.000000E+00    0.000000E+00   -6.025993E-02   -1.387250E-01   -1.724761E-03    0.000000E+00    0.000000E+00    0.000000E+00
4.085000E-01   -2.587988E-01    2.136882E-01   -1.226285E+01    0.000000E+00    0.000000E+00    0.000000E+00   -6.059105E-02   -1.394790E-01   -1.707505E-03    0.000000E+00    0.000000E+00    0.000000E+00
4.095000E-01   -2.607226E-01    2.145822E-01   -1.226354E+01    0.000000E+00    0.000000E+00    0.000000E+00   -6.091153E-02   -1.402334E-01   -1.690450E-03    0.000000E+00    0.000000E+00    0.000000E+00
4.105000E-01   -2.626711E-01    2.154832E-01   -1.226423E+01    0.000000E+00    0.000000E+00    0.000000E+00   -6.122906E-02   -1.409926E-01   -1.675248E-03    0.000000E+00    0.000000E+00    0.000000E+00
4.115000E-01   -2.646388E-01    2.164148E-01   -1.226491E+01    0.000000E+00    0.000000E+00    0.000000E+00   -6.155541E-02   -1.417559E-01   -1.660800E-03    0.000000E+00    0.000000E+00    0.000000E+00
4.125000E-01   -2.666083E-01    2.173585E-01   -1.226558E+01    0.000000E+00    0.000000E+00    0.000000E+00   -6.188633E-02   -1.425177E-01   -1.644727E-03    0.000000E+00    0.000000E+00    0.000000E+00
4.135000E-01   -2.685847E-01    2.182909E-01   -1.226625E+01    0.000000E+00    0.000000E+00    0.000000E+00   -6.221245E-02   -1.432798E-01   -1.627261E-03    0.000000E+00    0.000000E+00    0.000000E+00
4.145000E-01   -2.705828E-01    2.192107E-01   -1.226691E+01    0.000000E+00    0.000000E+00    0.000000E+00   -6.253186E-02   -1.440473E-01   -1.610083E-03    0.000000E+00    0.000000E+00    0.000000E+00
4.155000E-01   -2.725917E-01    2.201296E-01   -1.226757E+01    0.000000E+00    0.000000E+00    0.000000E+00   -6.284853E-02   -1.448164E-01   -1.594323E-03    0.000000E+00    0.000000E+00    0.000000E+00
4.165000E-01   -2.746025E-01    2.210493E-01   -1.226823E+01    0.000000E+00    0.000000E+00    0.000000E+00   -6.316400E-02   -1.455833E-01   -1.579549E-03    0.000000E+00    0.000000E+00    0.000000E+00
4.175000E-01   -2.765934E-01    2.219376E-01   -1.226888E+01    0.000000E+00    0.000000E+00    0.000000E+00   -6.346137E-02   -1.463337E-01   -1.564958E-03    0.000000E+00    0.000000E+00    0.000000E+00
4.185000E-01   -2.785720E-01    2.227925E-01   -1.226953E+01    0.000000E+00    0.000000E+00    0.000000E+00   -6.373521E-02   -1.470660E-01   -1.549978E-03    0.000000E+00    0.000000E+00    0.000000E+00
4.195000E-01   -2.806326E-01    2.233822E-01   -1.227023E+01    0.000000E+00    0.000000E+00    0.000000E+00   -6.400782E-02   -1.478035E-01   -1.542011E-03    0.000000E+00    0.000000E+00    0.000000E+00
4.205000E-01   -2.826215E-01    2.244446E-01   -1.227088E+01    0.000000E+00    0.000000E+00    0.000000E+00   -6.429169E-02   -1.485525E-01   -1.530372E-03    0.000000E+00    0.000000E+00    0.000000E+00
4.215000E-01   -2.846690E-01    2.253295E-01   -1.227152E+01    0.000000E+00    0.000000E+00    0.000000E+00   -6.457387E-02   -1.493042E-01   -1.514012E-03    0.000000E+00    0.000000E+00    0.000000E+00
4.225000E-01   -2.867067E-01    2.263319E-01   -1.227217E+01    0.000000E+00    0.000000E+00    0.000000E+00   -6.485486E-02   -1.500573E-01   -1.500518E-03    0.000000E+00    0.000000E+00    0.000000E+00
4.235000E-01   -2.887795E-01    2.272224E-01   -1.227280E+01    0.000000E+00    0.000000E+00    0.000000E+00   -6.513441E-02   -1.508118E-01   -1.483915E-03    0.000000E+00    0.000000E+00    0.000000E+00
4.245000E-01   -2.908604E-01    2.281131E-01   -1.227342E+01    0.000000E+00    0.000000E+00    0.000000E+00   -6.541254E-02   -1.515673E-01   -1.467101E-03    0.000000E+00    0.000000E+00    0.000000E+00
4.255000E-01   -2.929457E-01    2.289964E-01   -1.227404E+01    0.000000E+00    0.000000E+00    0.000000E+00   -6.568733E-02   -1.523230E-01   -1.449945E-03    0.000000E+00    0.000000E+00    0.000000E+00
4.265000E-01   -2.950380E-01    2.298699E-01   -1.227465E+01    0.000000E+00    0.000000E+00    0.000000E+00   -6.595776E-02   -1.530788E-01   -1.432513E-03    0.000000E+00    0.000000E+00    0.000000E+00
4.275000E-01   -2.963751E-01    2.305969E-01   -1.227539E+01    0.000000E+00    0.000000E+00    0.000000E+00   -6.622641E-02   -1.538311E-01   -1.434840E-03    0.000000E+00    0.000000E+00    0.000000E+00
4.285000E-01   -2.984894E-01    2.314526E-01   -1.227599E+01    0.000000E+00    0.000000E+00    0.000000E+00   -6.648816E-02   -1.545906E-01   -1.416443E-03    0.000000E+00    0.000000E+00    0.000000E+00
4.295000E-01   -3.006155E-01    2.323053E-01   -1.227659E+01    0.000000E+00    0.000000E+00    0.000000E+00   -6.674779E-02   -1.553522E-01   -1.397878E-03    0.000000E+00    0.000000E+00    0.000000E+00
4.305000E-01   -3.027498E-01    2.331479E-01   -1.227717E+01    0.000000E+00    0.000000E+00    0.000000E+00   -6.700375E-02   -1.561146E-01   -1.379796E-03    0.000000E+00    0.000000E+00    0.000000E+00
4.315000E-01   -3.048900E-01    2.339680E-01   -1.227775E+01    0.000000E+00    0.000000E+00    0.000000E+00   -6.725345E-02   -1.568772E-01   -1.363145E-03    0.000000E+00    0.000000E+00    0.000000E+00
4.325000E-01   -3.070296E-01    2.347826E-01   -1.227833E+01    0.000000E+00    0.000000E+00    0.000000E+00   -6.749968E-02   -1.576362E-01   -1.348203E-03    0.000000E+00    0.000000E+00    0.000000E+00
4.335000E-01   -3.091773E-01    2.356074E-01   -1.227890E+01    0.000000E+00    0.000000E+00    0.000000E+00   -6.774557E-02   -1.583925E-01   -1.334065E-03    0.000000E+00    0.000000E+00    0.000000E+00
4.345000E-01   -3.113371E-01    2.364426E-01   -1.227946E+01    0.000000E+00    0.000000E+00    0.000000E+00   -6.799169E-02   -1.591474E-01   -1.320157E-03    0.000000E+00    0.000000E+00    0.000000E+00
4.355000E-01   -3.135080E-01    2.372794E-01   -1.228001E+01    0.000000E+00    0.000000E+00    0.000000E+00   -6.823658E-02   -1.599020E-01   -1.306369E-03    0.000000E+00    0.000000E+00    0.000000E+00
4.365000E-01   -3.156908E-01    2.381055E-01   -1.228056E+01    0.000000E+00    0.000000E+00    0.000000E+00   -6.847812E-02   -1.606580E-01   -1.292304E-03    0.000000E+00    0.000000E+00    0.000000E+00
4.375000E-01   -3.180812E-01    2.390507E-01   -1.228115E+01    0.000000E+00    0.000000E+00    0.000000E+00   -6.871577E-02   -1.614155E-01   -1.271076E-03    0.000000E+00    0.000000E+00    0.000000E+00
4.385000E-01   -3.202760E-01    2.398355E-01   -1.228168E+01    0.000000E+00    0.000000E+00    0.000000E+00   -6.894536E-02   -1.621721E-01   -1.255460E-03    0.000000E+00    0.000000E+00    0.000000E+00
4.395000E-01   -3.218288E-01    2.402276E-01   -1.228223E+01    0.000000E+00    0.000000E+00    0.000000E+00   -6.898320E-02   -1.626172E-01   -1.069034E-03    0.000000E+00    0.000000E+00    0.000000E+00
4.405000E-01   -3.240307E-01    2.409944E-01   -1.228275E+01    0.000000E+00    0.000000E+00    0.000000E+00   -6.920630E-02   -1.633722E-01   -1.053752E-03    0.000000E+00    0.000000E+00    0.000000E+00
4.415000E-01   -3.262368E-01    2.417580E-01   -1.228327E+01    0.000000E+00    0.000000E+00    0.000000E+00   -6.942767E-02   -1.641258E-01   -1.038153E-03    0.000000E+00    0.000000E+00    0.000000E+00
4.425000E-01   -3.284470E-01    2.425066E-01   -1.228378E+01    0.000000E+00    0.000000E+00    0.000000E+00   -6.964156E-02   -1.648771E-01   -1.022598E-03    0.000000E+00    0.000000E+00    0.000000E+00
4.435000E-01   -3.308273E-01    2.433389E-01   -1.228430E+01    0.000000E+00    0.000000E+00    0.000000E+00   -6.985273E-02   -1.656294E-01   -1.003702E-03    0.000000E+00    0.000000E+00    0.000000E+00
4.445000E-01   -3.330570E-01    2.440886E-01   -1.228479E+01    0.000000E+00    0.000000E+00    0.000000E+00   -7.006584E-02   -1.663807E-01   -9.893927E-04    0.000000E+00    0.000000E+00    0.000000E+00
4.455000E-01   -3.352905E-01    2.448401E-01   -1.228528E+01    0.000000E+00    0.000000E+00    0.000000E+00   -7.028073E-02   -1.671302E-01   -9.745373E-04    0.000000E+00    0.000000E+00    0.000000E+00
4.465000E-01   -3.375209E-01    2.455802E-01   -1.228575E+01    0.000000E+00    0.000000E+00    0.000000E+00   -7.049268E-02   -1.678752E-01   -9.586832E-04    0.000000E+00    0.000000E+00    0.000000E+00
4.475000E-01   -3.397508E-01    2.463057E-01   -1.228623E+01    0.000000E+00    0.000000E+00    0.000000E+00   -7.070002E-02   -1.686176E-01   -9.416006E-04    0.000000E+00    0.000000E+00    0.000000E+00
4.485000E-01   -3.419845E-01    2.470203E-01   -1.228669E+01    0.000000E+00    0.000000E+00    0.000000E+00   -7.090354E-02   -1.693591E-01   -9.234506E-04    0.000000E+00    0.000000E+00    0.000000E+00
4.495000E-01   -3.442159E-01    2.477281E-01   -1.228715E+01    0.000000E+00    0.000000E+00    0.000000E+00   -7.110422E-02   -1.700964E-01   -9.054839E-04    0.000000E+00    0.000000E+00    0.000000E+00
4.505000E-01   -3.473382E-01    2.479064E-01   -1.228762E+01    0.000000E+00    0.000000E+00    0.000000E+00   -7.104452E-02   -1.712584E-01   -1.124840E-03    0.000000E+00    0.000000E+00    0.000000E+00
4.515000E-01   -3.495874E-01    2.485993E-01   -1.228806E+01    0.000000E+00    0.000000E+00    0.000000E+00   -7.124095E-02   -1.719938E-01   -1.107658E-03    0.000000E+00    0.000000E+00    0.000000E+00
4.525000E-01   -3.518553E-01    2.492780E-01   -1.228848E+01    0.000000E+00    0.000000E+00    0.000000E+00   -7.143290E-02   -1.727342E-01   -1.090128E-03    0.000000E+00    0.000000E+00    0.000000E+00
4.535000E-01   -3.541225E-01    2.499430E-01   -1.228889E+01    0.000000E+00    0.000000E+00    0.000000E+00   -7.162046E-02   -1.734732E-01   -1.072929E-03    0.000000E+00    0.000000E+00    0.000000E+00
4.545000E-01   -3.561299E-01    2.507791E-01   -1.228935E+01    0.000000E+00    0.000000E+00    0.000000E+00   -7.180762E-02   -1.742088E-01   -1.064179E-03    0.000000E+00    0.000000E+00    0.000000E+00
4.555000E-01   -3.582292E-01    2.515336E-01   -1.228975E+01    0.000000E+00    0.000000E+00    0.000000E+00   -7.199356E-02   -1.749430E-01   -1.051504E-03    0.000000E+00    0.000000E+00    0.000000E+00
4.565000E-01   -3.604967E-01    2.521915E-01   -1.229014E+01    0.000000E+00    0.000000E+00    0.000000E+00   -7.217684E-02   -1.756781E-01   -1.034964E-03    0.000000E+00    0.000000E+00    0.000000E+00
4.575000E-01   -3.627583E-01    2.528348E-01   -1.229052E+01    0.000000E+00    0.000000E+00    0.000000E+00   -7.235710E-02   -1.764091E-01   -1.019612E-03    0.000000E+00    0.000000E+00    0.000000E+00
4.585000E-01   -3.650124E-01    2.534643E-01   -1.229090E+01    0.000000E+00    0.000000E+00    0.000000E+00   -7.253479E-02   -1.771339E-01   -1.004927E-03    0.000000E+00    0.000000E+00    0.000000E+00
4.595000E-01   -3.672714E-01    2.540743E-01   -1.229127E+01    0.000000E+00    0.000000E+00    0.000000E+00   -7.270636E-02   -1.778572E-01   -9.893256E-04    0.000000E+00    0.000000E+00    0.000000E+00
4.605000E-01   -3.695348E-01    2.546608E-01   -1.229164E+01    0.000000E+00    0.000000E+00    0.000000E+00   -7.286871E-02   -1.785795E-01   -9.723319E-04    0.000000E+00    0.000000E+00    0.000000E+00
4.615000E-01   -3.718007E-01    2.552536E-01   -1.229201E+01    0.000000E+00    0.000000E+00    0.000000E+00   -7.303255E-02   -1.793010E-01   -9.562179E-04    0.000000E+00    0.000000E+00    0.000000E+00
4.625000E-01   -3.740645E-01    2.558578E-01   -1.229237E+01    0.000000E+00    0.000000E+00    0.000000E+00   -7.320092E-02   -1.800207E-01   -9.414435E-04    0.000000E+00    0.000000E+00    0.000000E+00
4.635000E-01   -3.763176E-01    2.564461E-01   -1.229272E+01    0.000000E+00    0.000000E+00    0.000000E+00   -7.336485E-02   -1.807358E-01   -9.261561E-04    0.000000E+00    0.000000E+00    0.000000E+00
4.645000E-01   -3.785593E-01    2.570101E-01   -1.229307E+01    0.000000E+00    0.000000E+00    0.000000E+00   -7.352177E-02   -1.814459E-01   -9.099317E-04    0.000000E+00    0.000000E+00    0.000000E+00
4.655000E-01   -3.807934E-01    2.575606E-01   -1.229341E+01    0.000000E+00    0.000000E+00    0.000000E+00   -7.367517E-02   -1.821522E-01   -8.937880E-04    0.000000E+00    0.000000E+00    0.000000E+00
4.665000E-01   -3.830172E-01    2.581040E-01   -1.229374E+01    0.000000E+00    0.000000E+00    0.000000E+00   -7.382630E-02   -1.828522E-01   -8.777389E-04    0.000000E+00    0.000000E+00    0.000000E+00
4.675000E-01   -3.852339E-01    2.586475E-01   -1.229407E+01    0.000000E+00    0.000000E+00    0.000000E+00   -7.397795E-02   -1.835474E-01   -8.619093E-04    0.000000E+00    0.000000E+00    0.000000E+00
4.685000E-01   -3.874478E-01    2.591907E-01   -1.229439E+01    0.000000E+00    0.000000E+00    0.000000E+00   -7.413086E-02   -1.842404E-01   -8.460219E-04    0.000000E+00    0.000000E+00    0.000000E+00
4.695000E-01   -3.896554E-01    2.597259E-01   -1.229470E+01    0.000000E+00    0.000000E+00    0.000000E+00   -7.428214E-02   -1.849307E-01   -8.297528E-04    0.000000E+00    0.000000E+00    0.000000E+00
4.705000E-01   -3.918528E-01    2.602501E-01   -1.229501E+01    0.000000E+00    0.000000E+00    0.000000E+00   -7.443004E-02   -1.856181E-01   -8.132164E-04    0.000000E+00    0.000000E+00    0.000000E+00
4.715000E-01   -3.940413E-01    2.607652E-01   -1.229531E+01    0.000000E+00    0.000000E+00    0.000000E+00   -7.457563E-02   -1.863021E-01   -7.963471E-04    0.000000E+00    0.000000E+00    0.000000E+00
4.725000E-01   -3.962169E-01    2.612711E-01   -1.229561E+01    0.000000E+00    0.000000E+00    0.000000E+00   -7.471881E-02   -1.869820E-01   -7.796783E-04    0.000000E+00    0.000000E+00    0.000000E+00
4.735000E-01   -3.983805E-01    2.617701E-01   -1.229590E+01    0.000000E+00    0.000000E+00    0.000000E+00   -7.486021E-02   -1.876584E-01   -7.630432E-04    0.000000E+00    0.000000E+00    0.000000E+00
4.745000E-01   -4.005363E-01    2.622618E-01   -1.229618E+01    0.000000E+00    0.000000E+00    0.000000E+00   -7.500066E-02   -1.883304E-01   -7.456323E-04    0.000000E+00    0.000000E+00    0.000000E+00
4.755000E-01   -4.026843E-01    2.627414E-01   -1.229646E+01    0.000000E+00    0.000000E+00    0.000000E+00   -7.513895E-02   -1.889977E-01   -7.276740E-04    0.000000E+00    0.000000E+00    0.000000E+00
4.765000E-01   -4.048218E-01    2.632126E-01   -1.229673E+01    0.000000E+00    0.000000E+00    0.000000E+00   -7.527528E-02   -1.896619E-01   -7.098346E-04    0.000000E+00    0.000000E+00    0.000000E+00
4.775000E-01   -4.069468E-01    2.636745E-01   -1.229699E+01    0.000000E+00    0.000000E+00    0.000000E+00   -7.540939E-02   -1.903226E-01   -6.924634E-04    0.000000E+00    0.000000E+00    0.000000E+00
4.785000E-01   -4.090571E-01    2.641181E-01   -1.229725E+01    0.000000E+00    0.000000E+00    0.000000E+00   -7.553901E-02   -1.909775E-01   -6.757010E-04    0.000000E+00    0.000000E+00    0.000000E+00
4.795000E-01   -4.111567E-01    2.645427E-01   -1.229751E+01    0.000000E+00    0.000000E+00    0.000000E+00   -7.566380E-02   -1.916272E-01   -6.593386E-04    0.000000E+00    0.000000E+00    0.000000E+00
4.805000E-01   -4.132535E-01    2.649577E-01   -1.229776E+01    0.000000E+00    0.000000E+00    0.000000E+00   -7.578638E-02   -1.922747E-01   -6.431361E-04    0.000000E+00    0.000000E+00    0.000000E+00
4.815000E-01   -4.153461E-01    2.653656E-01   -1.229800E+01    0.000000E+00    0.000000E+00    0.000000E+00   -7.590747E-02   -1.929209E-01   -6.269111E-04    0.000000E+00    0.000000E+00    0.000000E+00
4.825000E-01   -4.174245E-01    2.657598E-01   -1.229824E+01    0.000000E+00    0.000000E+00    0.000000E+00   -7.602519E-02   -1.935632E-01   -6.104729E-04    0.000000E+00    0.000000E+00    0.000000E+00
4.835000E-01   -4.194872E-01    2.661390E-01   -1.229847E+01    0.000000E+00    0.000000E+00    0.000000E+00   -7.613911E-02   -1.942006E-01   -5.938646E-04    0.000000E+00    0.000000E+00    0.000000E+00
4.845000E-01   -4.215396E-01    2.665078E-01   -1.229870E+01    0.000000E+00    0.000000E+00    0.000000E+00   -7.625044E-02   -1.948347E-01   -5.771351E-04    0.000000E+00    0.000000E+00    0.000000E+00
4.855000E-01   -4.235832E-01    2.668680E-01   -1.229892E+01    0.000000E+00    0.000000E+00    0.000000E+00   -7.636000E-02   -1.954662E-01   -5.603352E-04    0.000000E+00    0.000000E+00    0.000000E+00
4.865000E-01   -4.256142E-01    2.672171E-01   -1.229914E+01    0.000000E+00    0.000000E+00    0.000000E+00   -7.646725E-02   -1.960944E-01   -5.435904E-04    0.000000E+00    0.000000E+00    0.000000E+00
4.875000E-01   -4.276318E-01    2.675520E-01   -1.229936E+01    0.000000E+00    0.000000E+00    0.000000E+00   -7.657100E-02   -1.967188E-01   -5.268625E-04    0.000000E+00    0.000000E+00    0.000000E+00
4.885000E-01   -4.296376E-01    2.678743E-01   -1.229957E+01    0.000000E+00    0.000000E+00    0.000000E+00   -7.667143E-02   -1.973397E-01   -5.100204E-04    0.000000E+00    0.000000E+00    0.000000E+00
4.895000E-01   -4.316316E-01    2.681867E-01   -1.229977E+01    0.000000E+00    0.000000E+00    0.000000E+00   -7.676952E-02   -1.979575E-01   -4.931392E-04    0.000000E+00    0.000000E+00    0.000000E+00
4.905000E-01   -4.336110E-01    2.684885E-01   -1.229997E+01    0.000000E+00    0.000000E+00    0.000000E+00   -7.686535E-02   -1.985711E-01   -4.764504E-04    0.000000E+00    0.000000E+00    0.000000E+00
4.915000E-01   -4.355760E-01    2.687816E-01   -1.230016E+01    0.000000E+00    0.000000E+00    0.000000E+00   -7.695920E-02   -1.991809E-01   -4.599284E-04    0.000000E+00    0.000000E+00    0.000000E+00
4.925000E-01   -4.375242E-01    2.690617E-01   -1.230035E+01    0.000000E+00    0.000000E+00    0.000000E+00   -7.705015E-02   -1.997859E-01   -4.444275E-04    0.000000E+00    0.000000E+00    0.000000E+00
4.935000E-01   -4.394530E-01    2.693241E-01   -1.230054E+01    0.000000E+00    0.000000E+00    0.000000E+00   -7.713653E-02   -2.003853E-01   -4.301726E-04    0.000000E+00    0.000000E+00    0.000000E+00
4.945000E-01   -4.413538E-01    2.695576E-01   -1.230072E+01    0.000000E+00    0.000000E+00    0.000000E+00   -7.721482E-02   -2.009773E-01   -4.154450E-04    0.000000E+00    0.000000E+00    0.000000E+00
4.955000E-01   -4.432442E-01    2.697881E-01   -1.230089E+01    0.000000E+00    0.000000E+00    0.000000E+00   -7.729220E-02   -2.015666E-01   -4.009293E-04    0.000000E+00    0.000000E+00    0.000000E+00
4.965000E-01   -4.451384E-01    2.700398E-01   -1.230106E+01    0.000000E+00    0.000000E+00    0.000000E+00   -7.737637E-02   -2.021565E-01   -3.889289E-04    0.000000E+00    0.000000E+00    0.000000E+00
4.975000E-01   -4.470400E-01    2.703125E-01   -1.230122E+01    0.000000E+00    0.000000E+00    0.000000E+00   -7.746876E-02   -2.027476E-01   -3.805426E-04    0.000000E+00    0.000000E+00    0.000000E+00
4.985000E-01   -4.489392E-01    2.705752E-01   -1.230138E+01    0.000000E+00    0.000000E+00    0.000000E+00   -7.756066E-02   -2.033378E-01   -3.734855E-04    0.000000E+00    0.000000E+00    0.000000E+00
4.995000E-01   -4.508209E-01    2.708044E-01   -1.230154E+01    0.000000E+00    0.000000E+00    0.000000E+00   -7.764351E-02   -2.039237E-01   -3.648254E-04    0.000000E+00    0.000000E+00    0.000000E+00
5.005000E-01   -4.526878E-01    2.710248E-01   -1.230169E+01    0.000000E+00    0.000000E+00    0.000000E+00   -7.772329E-02   -2.045064E-01   -3.550278E-04    0.000000E+00    0.000000E+00    0.000000E+00
5.015000E-01   -4.545432E-01    2.712511E-01   -1.230184E+01    0.000000E+00    0.000000E+00    0.000000E+00   -7.780525E-02   -2.050869E-01   -3.448565E-04    0.000000E+00    0.000000E+00    0.000000E+00
5.025000E-01   -4.563780E-01    2.714699E-01   -1.230199E+01    0.000000E+00    0.000000E+00    0.000000E+00   -7.788614E-02   -2.056619E-01   -3.340740E-04    0.000000E+00    0.000000E+00    0.000000E+00
5.035000E-01   -4.581891E-01    2.716739E-01   -1.230214E+01    0.000000E+00    0.000000E+00    0.000000E+00   -7.796349E-02   -2.062306E-01   -3.225114E-04    0.000000E+00    0.000000E+00    0.000000E+00
5.045000E-01   -4.599847E-01    2.718690E-01   -1.230229E+01    0.000000E+00    0.000000E+00    0.000000E+00   -7.803879E-02   -2.067955E-01   -3.105636E-04    0.000000E+00    0.000000E+00    0.000000E+00
5.055000E-01   -4.617683E-01    2.720597E-01   -1.230244E+01    0.000000E+00    0.000000E+00    0.000000E+00   -7.811350E-02   -2.073578E-01   -2.985249E-04    0.000000E+00    0.000000E+00    0.000000E+00
5.065000E-01   -4.635387E-01    2.722431E-01   -1.230259E+01    0.000000E+00    0.000000E+00    0.000000E+00   -7.818672E-02   -2.079169E-01   -2.864158E-04    0.000000E+00    0.000000E+00    0.000000E+00
5.075000E-01   -4.652963E-01    2.724181E-01   -1.230274E+01    0.000000E+00    0.000000E+00    0.000000E+00   -7.825771E-02   -2.084730E-01   -2.743676E-04    0.000000E+00    0.000000E+00    0.000000E+00
5.085000E-01   -4.670435E-01    2.725871E-01   -1.230287E+01    0.000000E+00    0.000000E+00    0.000000E+00   -7.832678E-02   -2.090262E-01   -2.624742E-04    0.000000E+00    0.000000E+00    0.000000E+00
5.095000E-01   -4.687791E-01    2.727501E-01   -1.230301E+01    0.000000E+00    0.000000E+00    0.000000E+00   -7.839407E-02   -2.095762E-01   -2.506550E-04    0.000000E+00    0.000000E+00    0.000000E+00
5.105000E-01   -4.705025E-01    2.729069E-01   -1.230315E+01    0.000000E+00    0.000000E+00    0.000000E+00   -7.845974E-02   -2.101228E-01   -2.389851E-04    0.000000E+00    0.000000E+00    0.000000E+00
5.115000E-01   -4.722151E-01    2.730587E-01   -1.230328E+01    0.000000E+00    0.000000E+00    0.000000E+00   -7.852423E-02   -2.106661E-01   -2.275588E-04    0.000000E+00    0.000000E+00    0.000000E+00
5.125000E-01   -4.739181E-01    2.732070E-01   -1.230341E+01    0.000000E+00    0.000000E+00    0.000000E+00   -7.858782E-02   -2.112066E-01   -2.163165E-04    0.000000E+00    0.000000E+00    0.000000E+00
5.135000E-01   -4.756117E-01    2.733533E-01   -1.230353E+01    0.000000E+00    0.000000E+00    0.000000E+00   -7.865091E-02   -2.117444E-01   -2.051771E-04    0.000000E+00    0.000000E+00    0.000000E+00
5.145000E-01   -4.772934E-01    2.734975E-01   -1.230366E+01    0.000000E+00    0.000000E+00    0.000000E+00   -7.871414E-02   -2.122796E-01   -1.940438E-04    0.000000E+00    0.000000E+00    0.000000E+00
5.155000E-01   -4.789661E-01    2.736412E-01   -1.230378E+01    0.000000E+00    0.000000E+00    0.000000E+00   -7.877796E-02   -2.128132E-01   -1.830378E-04    0.000000E+00    0.000000E+00    0.000000E+00
5.165000E-01   -4.806315E-01    2.737870E-01   -1.230389E+01    0.000000E+00    0.000000E+00    0.000000E+00   -7.884257E-02   -2.133452E-01   -1.722048E-04    0.000000E+00    0.000000E+00    0.000000E+00
5.175000E-01   -4.822819E-01    2.739331E-01   -1.230401E+01    0.000000E+00    0.000000E+00    0.000000E+00   -7.890899E-02   -2.138752E-01   -1.612348E-04    0.000000E+00    0.000000E+00    0.000000E+00
5.185000E-01   -4.839200E-01    2.740807E-01   -1.230413E+01    0.000000E+00    0.000000E+00    0.000000E+00   -7.897757E-02   -2.144040E-01   -1.501603E-04    0.000000E+00    0.000000E+00    0.000000E+00
5.195000E-01   -4.855515E-01    2.742327E-01   -1.230424E+01    0.000000E+00    0.000000E+00    0.000000E+00   -7.904765E-02   -2.149311E-01   -1.389584E-04    0.000000E+00    0.000000E+00    0.000000E+00
5.205000E-01   -4.871770E-01    2.743893E-01   -1.230434E+01    0.000000E+00    0.000000E+00    0.000000E+00   -7.911815E-02   -2.154556E-01   -1.275421E-04    0.000000E+00    0.000000E+00    0.000000E+00
5.215000E-01   -4.887946E-01    2.745468E-01   -1.230445E+01    0.000000E+00    0.000000E+00    0.000000E+00   -7.918822E-02   -2.159774E-01   -1.158807E-04    0.000000E+00    0.000000E+00    0.000000E+00
5.225000E-01   -4.904034E-01    2.747030E-01   -1.230455E+01    0.000000E+00    0.000000E+00    0.000000E+00   -7.925827E-02   -2.164971E-01   -1.040291E-04    0.000000E+00    0.000000E+00    0.000000E+00
5.235000E-01   -4.920050E-01    2.748586E-01   -1.230465E+01    0.000000E+00    0.000000E+00    0.000000E+00   -7.932863E-02   -2.170149E-01   -9.213181E-05    0.000000E+00    0.000000E+00    0.000000E+00
5.245000E-01   -4.936031E-01    2.750148E-01   -1.230475E+01    0.000000E+00    0.000000E+00    0.000000E+00   -7.939924E-02   -2.175315E-01   -8.050810E-05    0.000000E+00    0.000000E+00    0.000000E+00
5.255000E-01   -4.951978E-01    2.751708E-01   -1.230484E+01    0.000000E+00    0.000000E+00    0.000000E+00   -7.946942E-02   -2.180473E-01   -6.994438E-05    0.000000E+00    0.000000E+00    0.000000E+00
5.265000E-01   -4.967798E-01    2.753230E-01   -1.230493E+01    0.000000E+00    0.000000E+00    0.000000E+00   -7.953715E-02   -2.185605E-01   -6.200565E-05    0.000000E+00    0.000000E+00    0.000000E+00
5.275000E-01   -4.983657E-01    2.754805E-01   -1.230502E+01    0.000000E+00    0.000000E+00    0.000000E+00   -7.960733E-02   -2.190735E-01   -5.211470E-05    0.000000E+00    0.000000E+00    0.000000E+00
5.285000E-01   -4.999506E-01    2.756399E-01   -1.230511E+01    0.000000E+00    0.000000E+00    0.000000E+00   -7.967870E-02   -2.195849E-01   -4.142108E-05    0.000000E+00    0.000000E+00    0.000000E+00
5.295000E-01   -5.015190E-01    2.757889E-01   -1.230519E+01    0.000000E+00    0.000000E+00    0.000000E+00   -7.974486E-02   -2.200938E-01   -3.430378E-05    0.000000E+00    0.000000E+00    0.000000E+00
5.305000E-01   -5.030803E-01    2.759412E-01   -1.230527E+01    0.000000E+00    0.000000E+00    0.000000E+00   -7.981128E-02   -2.206012E-01   -2.792474E-05    0.000000E+00    0.000000E+00    0.000000E+00
5.315000E-01   -5.046416E-01    2.761071E-01   -1.230535E+01    0.000000E+00    0.000000E+00    0.000000E+00   -7.988285E-02   -2.211063E-01   -1.941015E-05    0.000000E+00    0.000000E+00    0.000000E+00
5.325000E-01   -5.062032E-01    2.762782E-01   -1.230542E+01    0.000000E+00    0.000000E+00    0.000000E+00   -7.995619E-02   -2.216097E-01   -9.693583E-06    0.000000E+00    0.000000E+00    0.000000E+00
5.335000E-01   -5.077629E-01    2.764484E-01   -1.230549E+01    0.000000E+00    0.000000E+00    0.000000E+00   -8.002846E-02   -2.221126E-01   -3.460587E-07    0.000000E+00    0.000000E+00    0.000000E+00
5.345000E-01   -5.093171E-01    2.766273E-01   -1.230556E+01    0.000000E+00    0.000000E+00    0.000000E+00   -8.010302E-02   -2.226140E-01    8.346921E-06    0.000000E+00    0.000000E+00    0.000000E+00
5.355000E-01   -5.108578E-01    2.768222E-01   -1.230563E+01    0.000000E+00    0.000000E+00    0.000000E+00   -8.018298E-02   -2.231098E-01    1.647640E-05    0.000000E+00    0.000000E+00    0.000000E+00
5.365000E-01   -5.123883E-01    2.770258E-01   -1.230569E+01    0.000000E+00    0.000000E+00    0.000000E+00   -8.026608E-02   -2.235998E-01    2.413647E-05    0.000000E+00    0.000000E+00    0.000000E+00
5.375000E-01   -5.139227E-01    2.772256E-01   -1.230575E+01    0.000000E+00    0.000000E+00    0.000000E+00   -8.034723E-02   -2.240907E-01    3.154561E-05    0.000000E+00    0.000000E+00    0.000000E+00
5.385000E-01   -5.154616E-01    2.774241E-01   -1.230580E+01    0.000000E+00    0.000000E+00    0.000000E+00   -8.042685E-02   -2.245835E-01    3.854944E-05    0.000000E+00    0.000000E+00    0.000000E+00
5.395000E-01   -5.169988E-01    2.776307E-01   -1.230586E+01    0.000000E+00    0.000000E+00    0.000000E+00   -8.050813E-02   -2.250759E-01    4.480231E-05    0.000000E+00    0.000000E+00    0.000000E+00
5.405000E-01   -5.185297E-01    2.778450E-01   -1.230591E+01    0.000000E+00    0.000000E+00    0.000000E+00   -8.059138E-02   -2.255664E-01    5.028752E-05    0.000000E+00    0.000000E+00    0.000000E+00
5.415000E-01   -5.200512E-01    2.780619E-01   -1.230596E+01    0.000000E+00    0.000000E+00    0.000000E+00   -8.067514E-02   -2.260540E-01    5.525318E-05    0.000000E+00    0.000000E+00    0.000000E+00
5.425000E-01   -5.215663E-01    2.782783E-01   -1.230600E+01    0.000000E+00    0.000000E+00    0.000000E+00   -8.075863E-02   -2.265392E-01    5.990094E-05    0.000000E+00    0.000000E+00    0.000000E+00
5.435000E-01   -5.230805E-01    2.784943E-01   -1.230604E+01    0.000000E+00    0.000000E+00    0.000000E+00   -8.084175E-02   -2.270234E-01    6.426890E-05    0.000000E+00    0.000000E+00    0.000000E+00
5.445000E-01   -5.246022E-01    2.787161E-01   -1.230608E+01    0.000000E+00    0.000000E+00    0.000000E+00   -8.092565E-02   -2.275092E-01    6.833786E-05    0.000000E+00    0.000000E+00    0.000000E+00
5.455000E-01   -5.261369E-01    2.789388E-01   -1.230611E+01    0.000000E+00    0.000000E+00    0.000000E+00   -8.100788E-02   -2.279993E-01    7.207410E-05    0.000000E+00    0.000000E+00    0.000000E+00
5.465000E-01   -5.276707E-01    2.791625E-01   -1.230614E+01    0.000000E+00    0.000000E+00    0.000000E+00   -8.108906E-02   -2.284901E-01    7.571618E-05    0.000000E+00    0.000000E+00    0.000000E+00
5.475000E-01   -5.291970E-01    2.793934E-01   -1.230617E+01    0.000000E+00    0.000000E+00    0.000000E+00   -8.117171E-02   -2.289793E-01    7.935906E-05    0.000000E+00    0.000000E+00    0.000000E+00
5.485000E-01   -5.307223E-01    2.796333E-01   -1.230619E+01    0.000000E+00    0.000000E+00    0.000000E+00   -8.125663E-02   -2.294678E-01    8.284167E-05    0.000000E+00    0.000000E+00    0.000000E+00
5.495000E-01   -5.322510E-01    2.798795E-01   -1.230621E+01    0.000000E+00    0.000000E+00    0.000000E+00   -8.134257E-02   -2.299565E-01    8.613833E-05    0.000000E+00    0.000000E+00    0.000000E+00
5.505000E-01   -5.337836E-01    2.801332E-01   -1.230623E+01    0.000000E+00    0.000000E+00    0.000000E+00   -8.142974E-02   -2.304462E-01    8.925875E-05    0.000000E+00    0.000000E+00    0.000000E+00
5.515000E-01   -5.353208E-01    2.803947E-01   -1.230625E+01    0.000000E+00    0.000000E+00    0.000000E+00   -8.151889E-02   -2.309376E-01    9.223370E-05    0.000000E+00    0.000000E+00    0.000000E+00
5.525000E-01   -5.368628E-01    2.806601E-01   -1.230626E+01    0.000000E+00    0.000000E+00    0.000000E+00   -8.160936E-02   -2.314304E-01    9.520776E-05    0.000000E+00    0.000000E+00    0.000000E+00
5.535000E-01   -5.384099E-01    2.809258E-01   -1.230627E+01    0.000000E+00    0.000000E+00    0.000000E+00   -8.169949E-02   -2.319245E-01    9.829865E-05    0.000000E+00    0.000000E+00    0.000000E+00
5.545000E-01   -5.399612E-01    2.811925E-01   -1.230627E+01    0.000000E+00    0.000000E+00    0.000000E+00   -8.178878E-02   -2.324199E-01    1.015729E-04    0.000000E+00    0.000000E+00    0.000000E+00
5.555000E-01   -5.415132E-01    2.814664E-01   -1.230627E+01    0.000000E+00    0.000000E+00    0.000000E+00   -8.187874E-02   -2.329157E-01    1.050186E-04    0.000000E+00    0.000000E+00    0.000000E+00
5.565000E-01   -5.430657E-01    2.817491E-01   -1.230627E+01    0.000000E+00    0.000000E+00    0.000000E+00   -8.197017E-02   -2.334117E-01    1.085511E-04    0.000000E+00    0.000000E+00    0.000000E+00
5.575000E-01   -5.446213E-01    2.820368E-01   -1.230626E+01    0.000000E+00    0.000000E+00    0.000000E+00   -8.206250E-02   -2.339082E-01    1.122523E-04    0.000000E+00    0.000000E+00    0.000000E+00
5.585000E-01   -5.461809E-01    2.823281E-01   -1.230624E+01    0.000000E+00    0.000000E+00    0.000000E+00   -8.215544E-02   -2.344054E-01    1.161449E-04    0.000000E+00    0.000000E+00    0.000000E+00
5.595000E-01   -5.477431E-01    2.826240E-01   -1.230623E+01    0.000000E+00    0.000000E+00    0.000000E+00   -8.224908E-02   -2.349037E-01    1.200683E-04    0.000000E+00    0.000000E+00    0.000000E+00
5.605000E-01   -5.493045E-01    2.829247E-01   -1.230621E+01    0.000000E+00    0.000000E+00    0.000000E+00   -8.234337E-02   -2.354018E-01    1.239056E-04    0.000000E+00    0.000000E+00    0.000000E+00
5.615000E-01   -5.508600E-01    2.832321E-01   -1.230619E+01    0.000000E+00    0.000000E+00    0.000000E+00   -8.243959E-02   -2.358974E-01    1.277620E-04    0.000000E+00    0.000000E+00    0.000000E+00
5.625000E-01   -5.524127E-01    2.835470E-01   -1.230616E+01    0.000000E+00    0.000000E+00    0.000000E+00   -8.253826E-02   -2.363912E-01    1.318236E-04    0.000000E+00    0.000000E+00    0.000000E+00
5.635000E-01   -5.539675E-01    2.838670E-01   -1.230613E+01    0.000000E+00    0.000000E+00    0.000000E+00   -8.263816E-02   -2.368851E-01    1.361002E-04    0.000000E+00    0.000000E+00    0.000000E+00
5.645000E-01   -5.555178E-01    2.841914E-01   -1.230610E+01    0.000000E+00    0.000000E+00    0.000000E+00   -8.273897E-02   -2.373768E-01    1.404517E-04    0.000000E+00    0.000000E+00    0.000000E+00
5.655000E-01   -5.570564E-01    2.845243E-01   -1.230606E+01    0.000000E+00    0.000000E+00    0.000000E+00   -8.284249E-02   -2.378635E-01    1.447281E-04    0.000000E+00    0.000000E+00    0.000000E+00
5.665000E-01   -5.585921E-01    2.848653E-01   -1.230602E+01    0.000000E+00    0.000000E+00    0.000000E+00   -8.294842E-02   -2.383486E-01    1.490177E-04    0.000000E+00    0.000000E+00    0.000000E+00
5.675000E-01   -5.601384E-01    2.852087E-01   -1.230598E+01    0.000000E+00    0.000000E+00    0.000000E+00   -8.305369E-02   -2.388373E-01    1.535870E-04    0.000000E+00    0.000000E+00    0.000000E+00
5.685000E-01   -5.617086E-01    2.855495E-01   -1.230593E+01    0.000000E+00    0.000000E+00    0.000000E+00   -8.315525E-02   -2.393355E-01    1.586723E-04    0.000000E+00    0.000000E+00    0.000000E+00
5.695000E-01   -5.632840E-01    2.858924E-01   -1.230588E+01    0.000000E+00    0.000000E+00    0.000000E+00   -8.325593E-02   -2.398365E-01    1.639423E-04    0.000000E+00    0.000000E+00    0.000000E+00
5.705000E-01   -5.648112E-01    2.862591E-01   -1.230582E+01    0.000000E+00    0.000000E+00    0.000000E+00   -8.336799E-02   -2.403181E-01    1.683636E-04    0.000000E+00    0.000000E+00    0.000000E+00
5.715000E-01   -5.663741E-01    2.866360E-01   -1.230576E+01    0.000000E+00    0.000000E+00    0.000000E+00   -8.348270E-02   -2.408118E-01    1.739303E-04    0.000000E+00    0.000000E+00    0.000000E+00
5.725000E-01   -5.680047E-01    2.869959E-01   -1.230570E+01    0.000000E+00    0.000000E+00    0.000000E+00   -8.358668E-02   -2.413309E-01    1.819545E-04    0.000000E+00    0.000000E+00    0.000000E+00
5.735000E-01   -5.696236E-01    2.873428E-01   -1.230564E+01    0.000000E+00    0.000000E+00    0.000000E+00   -8.368405E-02   -2.418469E-01    1.906476E-04    0.000000E+00    0.000000E+00    0.000000E+00
5.745000E-01   -5.712082E-01    2.876968E-01   -1.230557E+01    0.000000E+00    0.000000E+00    0.000000E+00   -8.378472E-02   -2.423515E-01    1.986614E-04    0.000000E+00    0.000000E+00    0.000000E+00
5.755000E-01   -5.728086E-01    2.880646E-01   -1.230550E+01    0.000000E+00    0.000000E+00    0.000000E+00   -8.389054E-02   -2.428621E-01    2.067264E-04    0.000000E+00    0.000000E+00    0.000000E+00
5.765000E-01   -5.744410E-01    2.884378E-01   -1.230542E+01    0.000000E+00    0.000000E+00    0.000000E+00   -8.399719E-02   -2.433839E-01    2.158732E-04    0.000000E+00    0.000000E+00    0.000000E+00
5.775000E-01   -5.760787E-01    2.888080E-01   -1.230535E+01    0.000000E+00    0.000000E+00    0.000000E+00   -8.410147E-02   -2.439070E-01    2.260670E-04    0.000000E+00    0.000000E+00    0.000000E+00
5.785000E-01   -5.777044E-01    2.891757E-01   -1.230528E+01    0.000000E+00    0.000000E+00    0.000000E+00   -8.420376E-02   -2.444252E-01    2.365784E-04    0.000000E+00    0.000000E+00    0.000000E+00
5.795000E-01   -5.793216E-01    2.895441E-01   -1.230521E+01    0.000000E+00    0.000000E+00    0.000000E+00   -8.430550E-02   -2.449399E-01    2.465379E-04    0.000000E+00    0.000000E+00    0.000000E+00
5.805000E-01   -5.809364E-01    2.899157E-01   -1.230512E+01    0.000000E+00    0.000000E+00    0.000000E+00   -8.440781E-02   -2.454540E-01    2.555675E-04    0.000000E+00    0.000000E+00    0.000000E+00
5.815000E-01   -5.825494E-01    2.902903E-01   -1.230504E+01    0.000000E+00    0.000000E+00    0.000000E+00   -8.451079E-02   -2.459680E-01    2.636665E-04    0.000000E+00    0.000000E+00    0.000000E+00
5.825000E-01   -5.841617E-01    2.906669E-01   -1.230495E+01    0.000000E+00    0.000000E+00    0.000000E+00   -8.461406E-02   -2.464824E-01    2.709845E-04    0.000000E+00    0.000000E+00    0.000000E+00
5.835000E-01   -5.857764E-01    2.910471E-01   -1.230486E+01    0.000000E+00    0.000000E+00    0.000000E+00   -8.471789E-02   -2.469977E-01    2.777823E-04    0.000000E+00    0.000000E+00    0.000000E+00
5.845000E-01   -5.873939E-01    2.914322E-01   -1.230477E+01    0.000000E+00    0.000000E+00    0.000000E+00   -8.482260E-02   -2.475144E-01    2.842101E-04    0.000000E+00    0.000000E+00    0.000000E+00
5.855000E-01   -5.890135E-01    2.918215E-01   -1.230467E+01    0.000000E+00    0.000000E+00    0.000000E+00   -8.492791E-02   -2.480321E-01    2.902208E-04    0.000000E+00    0.000000E+00    0.000000E+00
5.865000E-01   -5.906355E-01    2.922138E-01   -1.230458E+01    0.000000E+00    0.000000E+00    0.000000E+00   -8.503354E-02   -2.485508E-01    2.958822E-04    0.000000E+00    0.000000E+00    0.000000E+00
5.875000E-01   -5.922613E-01    2.926074E-01   -1.230447E+01    0.000000E+00    0.000000E+00    0.000000E+00   -8.513904E-02   -2.490708E-01    3.012795E-04    0.000000E+00    0.000000E+00    0.000000E+00
5.885000E-01   -5.938896E-01    2.930011E-01   -1.230437E+01    0.000000E+00    0.000000E+00    0.000000E+00   -8.524396E-02   -2.495917E-01    3.062867E-04    0.000000E+00    0.000000E+00    0.000000E+00
5.895000E-01   -5.955205E-01    2.933930E-01   -1.230426E+01    0.000000E+00    0.000000E+00    0.000000E+00   -8.534797E-02   -2.501134E-01    3.110290E-04    0.000000E+00    0.000000E+00    0.000000E+00
5.905000E-01   -5.971566E-01    2.937822E-01   -1.230415E+01    0.000000E+00    0.000000E+00    0.000000E+00   -8.545095E-02   -2.506366E-01    3.159602E-04    0.000000E+00    0.000000E+00    0.000000E+00
5.915000E-01   -5.987963E-01    2.941706E-01   -1.230404E+01    0.000000E+00    0.000000E+00    0.000000E+00   -8.555325E-02   -2.511609E-01    3.209098E-04    0.000000E+00    0.000000E+00    0.000000E+00
5.925000E-01   -6.004378E-01    2.945582E-01   -1.230392E+01    0.000000E+00    0.000000E+00    0.000000E+00   -8.565495E-02   -2.516859E-01    3.258050E-04    0.000000E+00    0.000000E+00    0.000000E+00
5.935000E-01   -6.020791E-01    2.949431E-01   -1.230380E+01    0.000000E+00    0.000000E+00    0.000000E+00   -8.575561E-02   -2.522111E-01    3.306879E-04    0.000000E+00    0.000000E+00    0.000000E+00
5.945000E-01   -6.037181E-01    2.953226E-01   -1.230368E+01    0.000000E+00    0.000000E+00    0.000000E+00   -8.585446E-02   -2.527356E-01    3.357367E-04    0.000000E+00    0.000000E+00    0.000000E+00
5.955000E-01   -6.053564E-01    2.956978E-01   -1.230356E+01    0.000000E+00    0.000000E+00    0.000000E+00   -8.595141E-02   -2.532599E-01    3.408699E-04    0.000000E+00    0.000000E+00    0.000000E+00
5.965000E-01   -6.069931E-01    2.960716E-01   -1.230343E+01    0.000000E+00    0.000000E+00    0.000000E+00   -8.604724E-02   -2.537838E-01    3.457165E-04    0.000000E+00    0.000000E+00    0.000000E+00
5.975000E-01   -6.086258E-01    2.964438E-01   -1.230330E+01    0.000000E+00    0.000000E+00    0.000000E+00   -8.614240E-02   -2.543064E-01    3.501807E-04    0.000000E+00    0.000000E+00    0.000000E+00
5.985000E-01   -6.102558E-01    2.968133E-01   -1.230317E+01    0.000000E+00    0.000000E+00    0.000000E+00   -8.623683E-02   -2.548277E-01    3.543031E-04    0.000000E+00    0.000000E+00    0.000000E+00
5.995000E-01   -6.118859E-01    2.971784E-01   -1.230304E+01    0.000000E+00    0.000000E+00    0.000000E+00   -8.632981E-02   -2.553483E-01    3.580088E-04    0.000000E+00    0.000000E+00    0.000000E+00
6.005000E-01   -6.135163E-01    2.975379E-01   -1.230290E+01    0.000000E+00    0.000000E+00    0.000000E+00   -8.642074E-02   -2.558687E-01    3.612627E-04    0.000000E+00    0.000000E+00    0.000000E+00
6.015000E-01   -6.151456E-01    2.978913E-01   -1.230276E+01    0.000000E+00    0.000000E+00    0.000000E+00   -8.650958E-02   -2.563887E-01    3.643682E-04    0.000000E+00    0.000000E+00    0.000000E+00
6.025000E-01   -6.167728E-01    2.982386E-01   -1.230262E+01    0.000000E+00    0.000000E+00    0.000000E+00   -8.659642E-02   -2.569081E-01    3.675921E-04    0.000000E+00    0.000000E+00    0.000000E+00
6.035000E-01   -6.183995E-01    2.985827E-01   -1.230248E+01    0.000000E+00    0.000000E+00    0.000000E+00   -8.668190E-02   -2.574272E-01    3.708312E-04    0.000000E+00    0.000000E+00    0.000000E+00
6.045000E-01   -6.200232E-01    2.989258E-01   -1.230233E+01    0.000000E+00    0.000000E+00    0.000000E+00   -8.676701E-02   -2.579450E-01    3.739687E-04    0.000000E+00    0.000000E+00    0.000000E+00
6.055000E-01   -6.216445E-01    2.992666E-01   -1.230218E+01    0.000000E+00    0.000000E+00    0.000000E+00   -8.685137E-02   -2.584617E-01    3.770562E-04    0.000000E+00    0.000000E+00    0.000000E+00
6.065000E-01   -6.232642E-01    2.996026E-01   -1.230203E+01    0.000000E+00    0.000000E+00    0.000000E+00   -8.693405E-02   -2.589778E-01    3.801788E-04    0.000000E+00    0.000000E+00    0.000000E+00
6.075000E-01   -6.248812E-01    2.999337E-01   -1.230188E+01    0.000000E+00    0.000000E+00    0.000000E+00   -8.701499E-02   -2.594927E-01    3.833048E-04    0.000000E+00    0.000000E+00    0.000000E+00
6.085000E-01   -6.264967E-01    3.002623E-01   -1.230172E+01    0.000000E+00    0.000000E+00    0.000000E+00   -8.709493E-02   -2.600066E-01    3.863565E-04    0.000000E+00    0.000000E+00    0.000000E+00
6.095000E-01   -6.281119E-01    3.005918E-01   -1.230156E+01    0.000000E+00    0.000000E+00    0.000000E+00   -8.717540E-02   -2.605201E-01    3.889914E-04    0.000000E+00    0.000000E+00    0.000000E+00
6.105000E-01   -6.297292E-01    3.009227E-01   -1.230140E+01    0.000000E+00    0.000000E+00    0.000000E+00   -8.725668E-02   -2.610339E-01    3.911502E-04    0.000000E+00    0.000000E+00    0.000000E+00
6.115000E-01   -6.313473E-01    3.012454E-01   -1.230123E+01    0.000000E+00    0.000000E+00    0.000000E+00   -8.733515E-02   -2.615473E-01    3.937292E-04    0.000000E+00    0.000000E+00    0.000000E+00
6.125000E-01   -6.329685E-01    3.015657E-01   -1.230106E+01    0.000000E+00    0.000000E+00    0.000000E+00   -8.741285E-02   -2.620610E-01    3.961714E-04    0.000000E+00    0.000000E+00    0.000000E+00
6.135000E-01   -6.345964E-01    3.018908E-01   -1.230089E+01    0.000000E+00    0.000000E+00    0.000000E+00   -8.749274E-02   -2.625761E-01    3.975047E-04    0.000000E+00    0.000000E+00    0.000000E+00
6.145000E-01   -6.362334E-01    3.022177E-01   -1.230072E+01    0.000000E+00    0.000000E+00    0.000000E+00   -8.757397E-02   -2.630933E-01    3.975778E-04    0.000000E+00    0.000000E+00    0.000000E+00
6.155000E-01   -6.378767E-01    3.025401E-01   -1.230055E+01    0.000000E+00    0.000000E+00    0.000000E+00   -8.765404E-02   -2.636115E-01    3.970566E-04    0.000000E+00    0.000000E+00    0.000000E+00
6.165000E-01   -6.395235E-01    3.028565E-01   -1.230038E+01    0.000000E+00    0.000000E+00    0.000000E+00   -8.773182E-02   -2.641297E-01    3.964944E-04    0.000000E+00    0.000000E+00    0.000000E+00
6.175000E-01   -6.411738E-01    3.031687E-01   -1.230020E+01    0.000000E+00    0.000000E+00    0.000000E+00   -8.780772E-02   -2.646484E-01    3.961470E-04    0.000000E+00    0.000000E+00    0.000000E+00
6.185000E-01   -6.428286E-01    3.034790E-01   -1.230003E+01    0.000000E+00    0.000000E+00    0.000000E+00   -8.788276E-02   -2.651681E-01    3.960511E-04    0.000000E+00    0.000000E+00    0.000000E+00
6.195000E-01   -6.444866E-01    3.037867E-01   -1.229985E+01    0.000000E+00    0.000000E+00    0.000000E+00   -8.795693E-02   -2.656882E-01    3.962227E-04    0.000000E+00    0.000000E+00    0.000000E+00
6.205000E-01   -6.461513E-01    3.040965E-01   -1.229967E+01    0.000000E+00    0.000000E+00    0.000000E+00   -8.803197E-02   -2.662100E-01    3.968759E-04    0.000000E+00    0.000000E+00    0.000000E+00
6.215000E-01   -6.478263E-01    3.044108E-01   -1.229949E+01    0.000000E+00    0.000000E+00    0.000000E+00   -8.810851E-02   -2.667348E-01    3.980164E-04    0.000000E+00    0.000000E+00    0.000000E+00
6.225000E-01   -6.495088E-01    3.047234E-01   -1.229931E+01    0.000000E+00    0.000000E+00    0.000000E+00   -8.818440E-02   -2.672622E-01    3.994874E-04    0.000000E+00    0.000000E+00    0.000000E+00
6.235000E-01   -6.511954E-01    3.050343E-01   -1.229914E+01    0.000000E+00    0.000000E+00    0.000000E+00   -8.825965E-02   -2.677909E-01    4.013561E-04    0.000000E+00    0.000000E+00    0.000000E+00
6.245000E-01   -6.528867E-01    3.053466E-01   -1.229896E+01    0.000000E+00    0.000000E+00    0.000000E+00   -8.833561E-02   -2.683209E-01    4.036493E-04    0.000000E+00    0.000000E+00    0.000000E+00
6.255000E-01   -6.545842E-01    3.056629E-01   -1.229878E+01    0.000000E+00    0.000000E+00    0.000000E+00   -8.841439E-02   -2.688540E-01    4.062375E-04    0.000000E+00    0.000000E+00    0.000000E+00
6.265000E-01   -6.562788E-01    3.059757E-01   -1.229860E+01    0.000000E+00    0.000000E+00    0.000000E+00   -8.849301E-02   -2.693868E-01    4.090850E-04    0.000000E+00    0.000000E+00    0.000000E+00
6.275000E-01   -6.579674E-01    3.062773E-01   -1.229842E+01    0.000000E+00    0.000000E+00    0.000000E+00   -8.856763E-02   -2.699173E-01    4.120687E-04    0.000000E+00    0.000000E+00    0.000000E+00
6.285000E-01   -6.596555E-01    3.065724E-01   -1.229824E+01    0.000000E+00    0.000000E+00    0.000000E+00   -8.863964E-02   -2.704469E-01    4.151106E-04    0.000000E+00    0.000000E+00    0.000000E+00
6.295000E-01   -6.613579E-01    3.068889E-01   -1.229806E+01    0.000000E+00    0.000000E+00    0.000000E+00   -8.871975E-02   -2.709811E-01    4.195097E-04    0.000000E+00    0.000000E+00    0.000000E+00
6.305000E-01   -6.630672E-01    3.072011E-01   -1.229789E+01    0.000000E+00    0.000000E+00    0.000000E+00   -8.879881E-02   -2.715172E-01    4.243064E-04    0.000000E+00    0.000000E+00    0.000000E+00
6.315000E-01   -6.647596E-01    3.074754E-01   -1.229771E+01    0.000000E+00    0.000000E+00    0.000000E+00   -8.886427E-02   -2.720471E-01    4.271957E-04    0.000000E+00    0.000000E+00    0.000000E+00
6.325000E-01   -6.664342E-01    3.077272E-01   -1.229753E+01    0.000000E+00    0.000000E+00    0.000000E+00   -8.892106E-02   -2.725709E-01    4.283493E-04    0.000000E+00    0.000000E+00    0.000000E+00
6.335000E-01   -6.681070E-01    3.079777E-01   -1.229735E+01    0.000000E+00    0.000000E+00    0.000000E+00   -8.897666E-02   -2.730937E-01    4.292331E-04    0.000000E+00    0.000000E+00    0.000000E+00
6.345000E-01   -6.697833E-01    3.082243E-01   -1.229717E+01    0.000000E+00    0.000000E+00    0.000000E+00   -8.903022E-02   -2.736175E-01    4.302096E-04    0.000000E+00    0.000000E+00    0.000000E+00
6.355000E-01   -6.714601E-01    3.084614E-01   -1.229698E+01    0.000000E+00    0.000000E+00    0.000000E+00   -8.907986E-02   -2.741415E-01    4.309509E-04    0.000000E+00    0.000000E+00    0.000000E+00
6.365000E-01   -6.731344E-01    3.086917E-01   -1.229680E+01    0.000000E+00    0.000000E+00    0.000000E+00   -8.912655E-02   -2.746648E-01    4.314497E-04    0.000000E+00    0.000000E+00    0.000000E+00
6.375000E-01   -6.748075E-01    3.089208E-01   -1.229662E+01    0.000000E+00    0.000000E+00    0.000000E+00   -8.917201E-02   -2.751877E-01    4.320444E-04    0.000000E+00    0.000000E+00    0.000000E+00
6.385000E-01   -6.764814E-01    3.091511E-01   -1.229644E+01    0.000000E+00    0.000000E+00    0.000000E+00   -8.921701E-02   -2.757107E-01    4.329617E-04    0.000000E+00    0.000000E+00    0.000000E+00
6.395000E-01   -6.781590E-01    3.093850E-01   -1.229626E+01    0.000000E+00    0.000000E+00    0.000000E+00   -8.926245E-02   -2.762349E-01    4.343100E-04    0.000000E+00    0.000000E+00    0.000000E+00
6.405000E-01   -6.798435E-01    3.096278E-01   -1.229608E+01    0.000000E+00    0.000000E+00    0.000000E+00   -8.931068E-02   -2.767616E-01    4.365152E-04    0.000000E+00    0.000000E+00    0.000000E+00
6.415000E-01   -6.815317E-01    3.098717E-01   -1.229590E+01    0.000000E+00    0.000000E+00    0.000000E+00   -8.935896E-02   -2.772897E-01    4.393311E-04    0.000000E+00    0.000000E+00    0.000000E+00
6.425000E-01   -6.832179E-01    3.101075E-01   -1.229573E+01    0.000000E+00    0.000000E+00    0.000000E+00   -8.940391E-02   -2.778176E-01    4.422993E-04    0.000000E+00    0.000000E+00    0.000000E+00
6.435000E-01   -6.849009E-01    3.103378E-01   -1.229555E+01    0.000000E+00    0.000000E+00    0.000000E+00   -8.944649E-02   -2.783449E-01    4.454249E-04    0.000000E+00    0.000000E+00    0.000000E+00
6.445000E-01   -6.865801E-01    3.105678E-01   -1.229537E+01    0.000000E+00    0.000000E+00    0.000000E+00   -8.948850E-02   -2.788718E-01    4.487515E-04    0.000000E+00    0.000000E+00    0.000000E+00
6.455000E-01   -6.882546E-01    3.107963E-01   -1.229520E+01    0.000000E+00    0.000000E+00    0.000000E+00   -8.952954E-02   -2.793980E-01    4.523433E-04    0.000000E+00    0.000000E+00    0.000000E+00
6.465000E-01   -6.899240E-01    3.110212E-01   -1.229502E+01    0.000000E+00    0.000000E+00    0.000000E+00   -8.956903E-02   -2.799230E-01    4.562321E-04    0.000000E+00    0.000000E+00    0.000000E+00
6.475000E-01   -6.915894E-01    3.112424E-01   -1.229484E+01    0.000000E+00    0.000000E+00    0.000000E+00   -8.960689E-02   -2.804473E-01    4.604043E-04    0.000000E+00    0.000000E+00    0.000000E+00
6.485000E-01   -6.932514E-01    3.114597E-01   -1.229467E+01    0.000000E+00    0.000000E+00    0.000000E+00   -8.964291E-02   -2.809712E-01    4.648551E-04    0.000000E+00    0.000000E+00    0.000000E+00
6.495000E-01   -6.949098E-01    3.116744E-01   -1.229449E+01    0.000000E+00    0.000000E+00    0.000000E+00   -8.967751E-02   -2.814948E-01    4.695178E-04    0.000000E+00    0.000000E+00    0.000000E+00
6.505000E-01   -6.965630E-01    3.118865E-01   -1.229431E+01    0.000000E+00    0.000000E+00    0.000000E+00   -8.971066E-02   -2.820174E-01    4.743046E-04    0.000000E+00    0.000000E+00    0.000000E+00
6.515000E-01   -6.982099E-01    3.120961E-01   -1.229414E+01    0.000000E+00    0.000000E+00    0.000000E+00   -8.974251E-02   -2.825385E-01    4.790583E-04    0.000000E+00    0.000000E+00    0.000000E+00
6.525000E-01   -6.998529E-01    3.123023E-01   -1.229396E+01    0.000000E+00    0.000000E+00    0.000000E+00   -8.977279E-02   -2.830590E-01    4.837887E-04    0.000000E+00    0.000000E+00    0.000000E+00
6.535000E-01   -7.014917E-01    3.125031E-01   -1.229378E+01    0.000000E+00    0.000000E+00    0.000000E+00   -8.980094E-02   -2.835792E-01    4.885400E-04    0.000000E+00    0.000000E+00    0.000000E+00
6.545000E-01   -7.031241E-01    3.126987E-01   -1.229361E+01    0.000000E+00    0.000000E+00    0.000000E+00   -8.982702E-02   -2.840982E-01    4.932933E-04    0.000000E+00    0.000000E+00    0.000000E+00
6.555000E-01   -7.047489E-01    3.128887E-01   -1.229343E+01    0.000000E+00    0.000000E+00    0.000000E+00   -8.985084E-02   -2.846157E-01    4.980674E-04    0.000000E+00    0.000000E+00    0.000000E+00
6.565000E-01   -7.063659E-01    3.130740E-01   -1.229325E+01    0.000000E+00    0.000000E+00    0.000000E+00   -8.987262E-02   -2.851315E-01    5.028545E-04    0.000000E+00    0.000000E+00    0.000000E+00
6.575000E-01   -7.079751E-01    3.132551E-01   -1.229308E+01    0.000000E+00    0.000000E+00    0.000000E+00   -8.989252E-02   -2.856457E-01    5.076069E-04    0.000000E+00    0.000000E+00    0.000000E+00
6.585000E-01   -7.095764E-01    3.134321E-01   -1.229290E+01    0.000000E+00    0.000000E+00    0.000000E+00   -8.991068E-02   -2.861583E-01    5.122927E-04    0.000000E+00    0.000000E+00    0.000000E+00
6.595000E-01   -7.111697E-01    3.136044E-01   -1.229272E+01    0.000000E+00    0.000000E+00    0.000000E+00   -8.992690E-02   -2.866693E-01    5.169146E-04    0.000000E+00    0.000000E+00    0.000000E+00
6.605000E-01   -7.127551E-01    3.137712E-01   -1.229255E+01    0.000000E+00    0.000000E+00    0.000000E+00   -8.994101E-02   -2.871786E-01    5.214828E-04    0.000000E+00    0.000000E+00    0.000000E+00
6.615000E-01   -7.143333E-01    3.139323E-01   -1.229237E+01    0.000000E+00    0.000000E+00    0.000000E+00   -8.995286E-02   -2.876863E-01    5.258861E-04    0.000000E+00    0.000000E+00    0.000000E+00
6.625000E-01   -7.159055E-01    3.140882E-01   -1.229219E+01    0.000000E+00    0.000000E+00    0.000000E+00   -8.996265E-02   -2.881926E-01    5.299335E-04    0.000000E+00    0.000000E+00    0.000000E+00
6.635000E-01   -7.174719E-01    3.142393E-01   -1.229202E+01    0.000000E+00    0.000000E+00    0.000000E+00   -8.997070E-02   -2.886982E-01    5.335349E-04    0.000000E+00    0.000000E+00    0.000000E+00
6.645000E-01   -7.190283E-01    3.143854E-01   -1.229184E+01    0.000000E+00    0.000000E+00    0.000000E+00   -8.997711E-02   -2.892016E-01    5.368454E-04    0.000000E+00    0.000000E+00    0.000000E+00
6.655000E-01   -7.205730E-01    3.145249E-01   -1.229166E+01    0.000000E+00    0.000000E+00    0.000000E+00   -8.998127E-02   -2.897022E-01    5.402078E-04    0.000000E+00    0.000000E+00    0.000000E+00
6.665000E-01   -7.221072E-01    3.146568E-01   -1.229148E+01    0.000000E+00    0.000000E+00    0.000000E+00   -8.998247E-02   -2.902003E-01    5.438528E-04    0.000000E+00    0.000000E+00    0.000000E+00
6.675000E-01   -7.236296E-01    3.147832E-01   -1.229131E+01    0.000000E+00    0.000000E+00    0.000000E+00   -8.998146E-02   -2.906958E-01    5.475496E-04    0.000000E+00    0.000000E+00    0.000000E+00
6.685000E-01   -7.251387E-01    3.149059E-01   -1.229113E+01    0.000000E+00    0.000000E+00    0.000000E+00   -8.997906E-02   -2.911883E-01    5.511012E-04    0.000000E+00    0.000000E+00    0.000000E+00
6.695000E-01   -7.245481E-01    3.162569E-01   -1.229101E+01    0.000000E+00    0.000000E+00    0.000000E+00   -9.059417E-02   -2.906547E-01    1.231362E-05    0.000000E+00    0.000000E+00    0.000000E+00
6.705000E-01   -7.260365E-01    3.163683E-01   -1.229083E+01    0.000000E+00    0.000000E+00    0.000000E+00   -9.058814E-02   -2.911422E-01    1.572860E-05    0.000000E+00    0.000000E+00    0.000000E+00
6.715000E-01   -7.275168E-01    3.164726E-01   -1.229065E+01    0.000000E+00    0.000000E+00    0.000000E+00   -9.057974E-02   -2.916280E-01    1.904783E-05    0.000000E+00    0.000000E+00    0.000000E+00
6.725000E-01   -7.289889E-01    3.165701E-01   -1.229047E+01    0.000000E+00    0.000000E+00    0.000000E+00   -9.056906E-02   -2.921120E-01    2.224820E-05    0.000000E+00    0.000000E+00    0.000000E+00
6.735000E-01   -7.304521E-01    3.166607E-01   -1.229029E+01    0.000000E+00    0.000000E+00    0.000000E+00   -9.055599E-02   -2.925938E-01    2.533700E-05    0.000000E+00    0.000000E+00    0.000000E+00
6.745000E-01   -7.319060E-01    3.167434E-01   -1.229011E+01    0.000000E+00    0.000000E+00    0.000000E+00   -9.054034E-02   -2.930731E-01    2.814162E-05    0.000000E+00    0.000000E+00    0.000000E+00
6.755000E-01   -7.333537E-01    3.168179E-01   -1.228993E+01    0.000000E+00    0.000000E+00    0.000000E+00   -9.052179E-02   -2.935503E-01    3.035354E-05    0.000000E+00    0.000000E+00    0.000000E+00
6.765000E-01   -7.347987E-01    3.168858E-01   -1.228975E+01    0.000000E+00    0.000000E+00    0.000000E+00   -9.050071E-02   -2.940269E-01    3.189349E-05    0.000000E+00    0.000000E+00    0.000000E+00
6.775000E-01   -7.362381E-01    3.169484E-01   -1.228957E+01    0.000000E+00    0.000000E+00    0.000000E+00   -9.047776E-02   -2.945026E-01    3.302009E-05    0.000000E+00    0.000000E+00    0.000000E+00
6.785000E-01   -7.376686E-01    3.170052E-01   -1.228939E+01    0.000000E+00    0.000000E+00    0.000000E+00   -9.045282E-02   -2.949761E-01    3.388264E-05    0.000000E+00    0.000000E+00    0.000000E+00
6.795000E-01   -7.390936E-01    3.170529E-01   -1.228921E+01    0.000000E+00    0.000000E+00    0.000000E+00   -9.042475E-02   -2.954484E-01    3.439483E-05    0.000000E+00    0.000000E+00    0.000000E+00
6.805000E-01   -7.405190E-01    3.170862E-01   -1.228902E+01    0.000000E+00    0.000000E+00    0.000000E+00   -9.039142E-02   -2.959221E-01    3.461946E-05    0.000000E+00    0.000000E+00    0.000000E+00
6.815000E-01   -7.419374E-01    3.171109E-01   -1.228884E+01    0.000000E+00    0.000000E+00    0.000000E+00   -9.035449E-02   -2.963951E-01    3.476599E-05    0.000000E+00    0.000000E+00    0.000000E+00
6.825000E-01   -7.433424E-01    3.171326E-01   -1.228865E+01    0.000000E+00    0.000000E+00    0.000000E+00   -9.031594E-02   -2.968649E-01    3.497886E-05    0.000000E+00    0.000000E+00    0.000000E+00
6.835000E-01   -7.447363E-01    3.171501E-01   -1.228847E+01    0.000000E+00    0.000000E+00    0.000000E+00   -9.027572E-02   -2.973315E-01    3.522955E-05    0.000000E+00    0.000000E+00    0.000000E+00
6.845000E-01   -7.461235E-01    3.171608E-01   -1.228828E+01    0.000000E+00    0.000000E+00    0.000000E+00   -9.023311E-02   -2.977961E-01    3.542297E-05    0.000000E+00    0.000000E+00    0.000000E+00
6.855000E-01   -7.475048E-01    3.171648E-01   -1.228809E+01    0.000000E+00    0.000000E+00    0.000000E+00   -9.018812E-02   -2.982593E-01    3.554559E-05    0.000000E+00    0.000000E+00    0.000000E+00
6.865000E-01   -7.488789E-01    3.171627E-01   -1.228791E+01    0.000000E+00    0.000000E+00    0.000000E+00   -9.014088E-02   -2.987205E-01    3.558219E-05    0.000000E+00    0.000000E+00    0.000000E+00
6.875000E-01   -7.502467E-01    3.171556E-01   -1.228772E+01    0.000000E+00    0.000000E+00    0.000000E+00   -9.009168E-02   -2.991801E-01    3.552996E-05    0.000000E+00    0.000000E+00    0.000000E+00
6.885000E-01   -7.516096E-01    3.171425E-01   -1.228753E+01    0.000000E+00    0.000000E+00    0.000000E+00   -9.004018E-02   -2.996384E-01    3.542306E-05    0.000000E+00    0.000000E+00    0.000000E+00
6.895000E-01   -7.529668E-01    3.171218E-01   -1.228734E+01    0.000000E+00    0.000000E+00    0.000000E+00   -8.998592E-02   -3.000953E-01    3.527501E-05    0.000000E+00    0.000000E+00    0.000000E+00
6.905000E-01   -7.543165E-01    3.170958E-01   -1.228714E+01    0.000000E+00    0.000000E+00    0.000000E+00   -8.992950E-02   -3.005505E-01    3.510980E-05    0.000000E+00    0.000000E+00    0.000000E+00
6.915000E-01   -7.556589E-01    3.170659E-01   -1.228695E+01    0.000000E+00    0.000000E+00    0.000000E+00   -8.987143E-02   -3.010038E-01    3.500404E-05    0.000000E+00    0.000000E+00    0.000000E+00
6.925000E-01   -7.569958E-01    3.170318E-01   -1.228676E+01    0.000000E+00    0.000000E+00    0.000000E+00   -8.981150E-02   -3.014556E-01    3.496694E-05    0.000000E+00    0.000000E+00    0.000000E+00
6.935000E-01   -7.583289E-01    3.169936E-01   -1.228657E+01    0.000000E+00    0.000000E+00    0.000000E+00   -8.974945E-02   -3.019060E-01    3.499379E-05    0.000000E+00    0.000000E+00    0.000000E+00
6.945000E-01   -7.596581E-01    3.169526E-01   -1.228638E+01    0.000000E+00    0.000000E+00    0.000000E+00   -8.968550E-02   -3.023551E-01    3.507947E-05    0.000000E+00    0.000000E+00    0.000000E+00
6.955000E-01   -7.609818E-01    3.169094E-01   -1.228619E+01    0.000000E+00    0.000000E+00    0.000000E+00   -8.962003E-02   -3.028025E-01    3.518983E-05    0.000000E+00    0.000000E+00    0.000000E+00
6.965000E-01   -7.622985E-01    3.168641E-01   -1.228599E+01    0.000000E+00    0.000000E+00    0.000000E+00   -8.955329E-02   -3.032481E-01    3.533172E-05    0.000000E+00    0.000000E+00    0.000000E+00
6.975000E-01   -7.636089E-01    3.168153E-01   -1.228579E+01    0.000000E+00    0.000000E+00    0.000000E+00   -8.948501E-02   -3.036919E-01    3.559824E-05    0.000000E+00    0.000000E+00    0.000000E+00
6.985000E-01   -7.649132E-01    3.167609E-01   -1.228559E+01    0.000000E+00    0.000000E+00    0.000000E+00   -8.941468E-02   -3.041344E-01    3.596743E-05    0.000000E+00    0.000000E+00    0.000000E+00
6.995000E-01   -7.662104E-01    3.167011E-01   -1.228540E+01    0.000000E+00    0.000000E+00    0.000000E+00   -8.934236E-02   -3.045751E-01    3.635027E-05    0.000000E+00    0.000000E+00    0.000000E+00
7.005000E-01    8.705639E-01    7.478622E-01    2.829082E+01    0.000000E+00    0.000000E+00    0.000000E+00   -3.257820E-01    2.985983E-01    7.471177E-02    0.000000E+00    0.000000E+00    0.000000E+00
7.015000E-01   -2.046599E+00    2.048122E+00    1.612408E+01    0.000000E+00    0.000000E+00    0.000000E+00   -5.774406E-01   -7.225827E-01    2.175224E-01    0.000000E+00    0.000000E+00    0.000000E+00
7.025000E-01   -1.816116E+00   -1.579171E+00    3.585442E+00    0.000000E+00    0.000000E+00    0.000000E+00    3.680417E-01   -7.527534E-01    3.744846E-01    0.000000E+00    0.000000E+00    0.000000E+00
7.035000E-01   -3.039957E+00    9.838362E-01    1.478060E+01    0.000000E+00    0.000000E+00    0.000000E+00   -2.332863E-01   -9.167506E-01    1.242032E-01    0.000000E+00    0.000000E+00    0.000000E+00
7.045000E-01    8.329235E-01   -3.148922E-01    1.685742E+01    0.000000E+00    0.000000E+00    0.000000E+00    2.952534E-01    1.845190E-01   -7.378673E-02    0.000000E+00    0.000000E+00    0.000000E+00
7.055000E-01   -2.737468E+00    3.375781E-01    6.104881E+00    0.000000E+00    0.000000E+00    0.000000E+00   -2.067504E-01   -8.761277E-01    1.304725E-02    0.000000E+00    0.000000E+00    0.000000E+00
7.065000E-01    7.433856E-01    4.165131E-02    5.472027E+00    0.000000E+00    0.000000E+00    0.000000E+00   -1.902386E-01    3.799193E-01    2.884423E-01    0.000000E+00    0.000000E+00    0.000000E+00
7.075000E-01   -3.275828E+00    1.327343E+00    5.191425E+00    0.000000E+00    0.000000E+00    0.000000E+00   -8.936945E-01   -1.029772E+00    3.013660E-01    0.000000E+00    0.000000E+00    0.000000E+00
7.085000E-01    4.454033E+00    1.598223E+00    1.278271E+00    0.000000E+00    0.000000E+00    0.000000E+00   -2.270456E-01    1.495953E+00    1.819273E-02    0.000000E+00    0.000000E+00    0.000000E+00
7.095000E-01    1.798550E+00   -3.812779E-01    7.919024E+00    0.000000E+00    0.000000E+00    0.000000E+00   -2.644584E-01    7.064121E-01   -1.292632E-01    0.000000E+00    0.000000E+00    0.000000E+00
7.105000E-01    3.599592E+00   -1.943770E-01   -2.139072E+00    0.000000E+00    0.000000E+00    0.000000E+00   -9.981896E-02    1.109354E+00   -1.757914E-01    0.000000E+00    0.000000E+00    0.000000E+00
7.115000E-01   -2.888169E-02    2.967035E+00   -2.953454E+00    0.000000E+00    0.000000E+00    0.000000E+00   -1.306080E+00   -2.691055E-01   -5.535424E-02    0.000000E+00    0.000000E+00    0.000000E+00
7.125000E-01   -4.767679E-01    3.713463E-01   -1.475889E+01    0.000000E+00    0.000000E+00    0.000000E+00   -2.514218E-01   -3.041788E-01    3.556753E-02    0.000000E+00    0.000000E+00    0.000000E+00
7.135000E-01    6.329825E-01   -7.323294E-01    7.591269E+00    0.000000E+00    0.000000E+00    0.000000E+00    2.544234E-01    2.622384E-01    3.939629E-02    0.000000E+00    0.000000E+00    0.000000E+00
7.145000E-01   -1.058156E-01   -1.113469E+00   -4.338475E+00    0.000000E+00    0.000000E+00    0.000000E+00    3.936022E-01    1.094663E-01    9.761463E-02    0.000000E+00    0.000000E+00    0.000000E+00
7.155000E-01    4.646026E-01    8.196181E-01   -6.044621E+00    0.000000E+00    0.000000E+00    0.000000E+00   -2.857119E-01    2.785556E-01    2.623524E-02    0.000000E+00    0.000000E+00    0.000000E+00
7.165000E-01   -6.265063E-01    6.537733E-01   -5.314492E+00    0.000000E+00    0.000000E+00    0.000000E+00   -3.080637E-01   -1.762939E-01   -2.250854E-02    0.000000E+00    0.000000E+00    0.000000E+00
7.175000E-01   -1.445929E-01    9.614603E-01   -2.468743E+00    0.000000E+00    0.000000E+00    0.000000E+00   -4.015815E-01    3.676138E-02   -3.701710E-02    0.000000E+00    0.000000E+00    0.000000E+00
7.185000E-01   -4.361073E-01    1.835239E+00   -1.338642E+01    0.000000E+00    0.000000E+00    0.000000E+00   -6.402866E-01   -5.063570E-02    3.841174E-02    0.000000E+00    0.000000E+00    0.000000E+00
7.195000E-01   -6.233430E-01    3.302714E-01   -6.490773E+00    0.000000E+00    0.000000E+00    0.000000E+00   -8.407914E-02   -1.942868E-01   -4.398541E-02    0.000000E+00    0.000000E+00    0.000000E+00
7.205000E-01   -2.627597E-01    1.445821E+00   -1.607785E+01    0.000000E+00    0.000000E+00    0.000000E+00   -6.600870E-01   -1.050773E-01    5.135436E-02    0.000000E+00    0.000000E+00    0.000000E+00
7.215000E-01   -1.893845E-01    4.708109E-01   -1.098068E+01    0.000000E+00    0.000000E+00    0.000000E+00   -2.470788E-01   -1.154514E-02   -7.386807E-03    0.000000E+00    0.000000E+00    0.000000E+00
7.225000E-01   -1.547517E+00    1.070201E+00   -1.180223E+01    0.000000E+00    0.000000E+00    0.000000E+00   -4.561000E-01   -5.620060E-01   -4.055226E-02    0.000000E+00    0.000000E+00    0.000000E+00
7.235000E-01   -1.177247E+00    1.373038E+00   -2.135702E+01    0.000000E+00    0.000000E+00    0.000000E+00   -6.123753E-01   -5.004947E-01   -1.579703E-02    0.000000E+00    0.000000E+00    0.000000E+00
7.245000E-01   -5.536132E-01   -4.922487E-01   -1.009761E+01    0.000000E+00    0.000000E+00    0.000000E+00    1.890297E-01   -1.957243E-01   -2.377489E-01    0.000000E+00    0.000000E+00    0.000000E+00
7.255000E-01   -1.204325E+00   -2.046172E-01   -2.030830E+01    0.000000E+00    0.000000E+00    0.000000E+00   -8.013517E-02   -6.233036E-01   -8.665532E-02    0.000000E+00    0.000000E+00    0.000000E+00
7.265000E-01   -1.175097E+00    1.155818E+00   -2.066572E+01    0.000000E+00    0.000000E+00    0.000000E+00   -6.393447E-01   -7.403713E-01   -1.482571E-01    0.000000E+00    0.000000E+00    0.000000E+00
7.275000E-01   -1.718307E+00    1.825971E+00   -2.175853E+01    0.000000E+00    0.000000E+00    0.000000E+00   -8.973508E-01   -1.017759E+00   -5.597215E-02    0.000000E+00    0.000000E+00    0.000000E+00
7.285000E-01   -1.912203E+00    4.784785E-01   -2.575044E+01    0.000000E+00    0.000000E+00    0.000000E+00   -2.623469E-01   -1.066085E+00   -1.248880E-01    0.000000E+00    0.000000E+00    0.000000E+00
7.295000E-01    5.117345E-03   -9.280596E-01   -1.830255E+01    0.000000E+00    0.000000E+00    0.000000E+00    3.922953E-01   -1.226611E-01   -1.196242E-01    0.000000E+00    0.000000E+00    0.000000E+00
7.305000E-01   -7.641325E-01    1.204538E+00   -1.544595E+01    0.000000E+00    0.000000E+00    0.000000E+00   -6.456633E-01   -4.808470E-01    3.574842E-02    0.000000E+00    0.000000E+00    0.000000E+00
7.315000E-01   -3.807462E+00   -1.947076E-01   -2.858766E+01    0.000000E+00    0.000000E+00    0.000000E+00    1.500696E-01   -2.037207E+00   -8.011448E-02    0.000000E+00    0.000000E+00    0.000000E+00
7.325000E-01   -2.616236E+00    3.297845E+00   -4.550099E+01    0.000000E+00    0.000000E+00    0.000000E+00   -1.371171E+00   -1.191034E+00   -7.788128E-01    0.000000E+00    0.000000E+00    0.000000E+00
7.335000E-01    9.917981E-01    1.435609E+00   -3.929213E+01    0.000000E+00    0.000000E+00    0.000000E+00   -3.195485E-01    8.941058E-01   -8.490391E-01    0.000000E+00    0.000000E+00    0.000000E+00
7.345000E-01   -1.457362E+00    5.713903E-01   -3.319948E+01    0.000000E+00    0.000000E+00    0.000000E+00   -7.999034E-02   -8.703651E-01   -2.590427E-01    0.000000E+00    0.000000E+00    0.000000E+00
7.355000E-01   -9.864824E-01    2.303422E+00   -3.194315E+01    0.000000E+00    0.000000E+00    0.000000E+00   -1.030794E+00   -6.527752E-01    4.289346E-02    0.000000E+00    0.000000E+00    0.000000E+00
7.365000E-01   -7.595326E-01    4.007864E+00   -3.947991E+01    0.000000E+00    0.000000E+00    0.000000E+00   -1.854189E+00   -4.440421E-01   -5.536587E-01    0.000000E+00    0.000000E+00    0.000000E+00
7.375000E-01   -8.865980E-01    1.614154E+00   -1.290904E+01    0.000000E+00    0.000000E+00    0.000000E+00   -3.934696E-01   -1.761788E-01   -4.822723E-01    0.000000E+00    0.000000E+00    0.000000E+00
7.385000E-01   -2.352897E+00    8.223213E-02   -2.650442E+01    0.000000E+00    0.000000E+00    0.000000E+00    6.024656E-01   -1.202565E+00   -8.434789E-01    0.000000E+00    0.000000E+00    0.000000E+00
7.395000E-01   -4.231151E+00    7.348436E-01   -5.457554E+01    0.000000E+00    0.000000E+00    0.000000E+00    5.016492E-03   -2.525574E+00   -7.371731E-01    0.000000E+00    0.000000E+00    0.000000E+00
7.405000E-01   -3.097204E+00    2.740008E+00   -1.776466E+01    0.000000E+00    0.000000E+00    0.000000E+00   -1.174366E+00   -1.422562E+00   -8.385309E-01    0.000000E+00    0.000000E+00    0.000000E+00
7.415000E-01   -4.588682E+00   -9.509842E-01   -6.236046E+01    0.000000E+00    0.000000E+00    0.000000E+00    2.266945E-01   -3.163369E+00    4.548844E-01    0.000000E+00    0.000000E+00    0.000000E+00
7.425000E-01    3.580985E-01    2.796191E+00   -2.553052E+01    0.000000E+00    0.000000E+00    0.000000E+00   -1.692140E+00    1.286519E+00   -1.723669E+00    0.000000E+00    0.000000E+00    0.000000E+00
7.435000E-01   -2.193620E+00   -6.731151E+00   -5.086117E+01    0.000000E+00    0.000000E+00    0.000000E+00    3.169653E+00   -7.533965E-01   -7.192453E-01    0.000000E+00    0.000000E+00    0.000000E+00
7.445000E-01   -1.090505E+01    2.439976E-02   -4.116578E+01    0.000000E+00    0.000000E+00    0.000000E+00   -1.101510E+00   -5.528817E+00   -1.086033E+00    0.000000E+00    0.000000E+00    0.000000E+00
7.455000E-01   -6.366255E+00    4.515400E+00   -3.198957E+01    0.000000E+00    0.000000E+00    0.000000E+00   -3.777189E+00   -3.297616E+00   -6.562573E-02    0.000000E+00    0.000000E+00    0.000000E+00
7.465000E-01   -8.771551E+00    2.102894E-01   -6.426604E+01    0.000000E+00    0.000000E+00    0.000000E+00   -2.609767E+00   -5.587840E+00    6.444689E-01    0.000000E+00    0.000000E+00    0.000000E+00
7.475000E-01    6.245337E+00    3.805119E+00   -2.607023E+01    0.000000E+00    0.000000E+00    0.000000E+00   -5.041817E+00    3.322170E+00   -2.284001E+00    0.000000E+00    0.000000E+00    0.000000E+00
7.485000E-01    7.979666E+00    9.419671E+00   -1.318461E+02    0.000000E+00    0.000000E+00    0.000000E+00   -7.921091E+00    1.790128E+00   -1.725579E+00    0.000000E+00    0.000000E+00    0.000000E+00
7.495000E-01    3.906465E+00   -2.988238E+00   -7.634328E+01    0.000000E+00    0.000000E+00    0.000000E+00   -3.602862E-01    1.386659E-02   -1.797382E+00    0.000000E+00    0.000000E+00    0.000000E+00
7.505000E-01    1.812714E+01   -2.455306E+00   -1.479671E+01    0.000000E+00    0.000000E+00    0.000000E+00    7.728795E-01    9.651189E+00   -1.962048E+00    0.000000E+00    0.000000E+00    0.000000E+00
7.515000E-01    1.113135E+01   -1.618478E+00   -7.360876E+01    0.000000E+00    0.000000E+00    0.000000E+00    6.808420E-01    3.426320E+00   -1.295076E+00    0.000000E+00    0.000000E+00    0.000000E+00
7.525000E-01   -6.142455E-01   -8.125645E+00   -7.411124E+01    0.000000E+00    0.000000E+00    0.000000E+00    7.575712E+00   -1.365165E+00    2.462086E-01    0.000000E+00    0.000000E+00    0.000000E+00
7.535000E-01    9.576958E+00   -1.513597E+01   -1.215928E+02    0.000000E+00    0.000000E+00    0.000000E+00    9.137888E+00    1.255905E+00   -3.247875E-01    0.000000E+00    0.000000E+00    0.000000E+00
7.545000E-01    4.012976E+00   -1.230239E+01   -1.033952E+02    0.000000E+00    0.000000E+00    0.000000E+00    5.565593E+00    1.121053E+00   -6.004795E-01    0.000000E+00    0.000000E+00    0.000000E+00
7.555000E-01    8.153349E-01    6.635652E+00   -2.010096E+02    0.000000E+00    0.000000E+00    0.000000E+00   -8.573872E+00   -1.974596E+00   -1.027783E+00    0.000000E+00    0.000000E+00    0.000000E+00
7.565000E-01   -2.384197E+01    3.382242E+01   -2.633910E+02    0.000000E+00    0.000000E+00    0.000000E+00   -2.219162E+01   -2.781233E+01   -2.726790E+00    0.000000E+00    0.000000E+00    0.000000E+00
7.575000E-01   -6.233272E+01   -2.227283E+01   -3.661969E+02    0.000000E+00    0.000000E+00    0.000000E+00    1.400745E+01   -5.691431E+01    1.703631E+00    0.000000E+00    0.000000E+00    0.000000E+00
7.585000E-01   -7.851804E+01   -4.291977E+01   -3.612855E+02    0.000000E+00    0.000000E+00    0.000000E+00    2.532892E+01   -5.858788E+01    3.163856E+00    0.000000E+00    0.000000E+00    0.000000E+00
7.595000E-01   -5.169063E+01    3.869122E+00   -3.629465E+02    0.000000E+00    0.000000E+00    0.000000E+00   -9.046323E+00   -3.672621E+01   -6.833080E+00    0.000000E+00    0.000000E+00    0.000000E+00
7.605000E-01   -2.993790E+00    2.396343E+01   -5.980400E+02    0.000000E+00    0.000000E+00    0.000000E+00   -2.803922E+01   -5.815158E+00   -1.948969E+00    0.000000E+00    0.000000E+00    0.000000E+00
7.615000E-01    8.390437E+01   -8.742924E+00   -7.143003E+02    0.000000E+00    0.000000E+00    0.000000E+00   -3.012977E+00    3.625384E+01    5.853032E+00    0.000000E+00    0.000000E+00    0.000000E+00
7.625000E-01    1.707935E+01    1.404800E+01   -6.188196E+02    0.000000E+00    0.000000E+00    0.000000E+00   -1.628450E+01   -2.193544E+00   -3.015562E+00    0.000000E+00    0.000000E+00    0.000000E+00
7.635000E-01    4.100674E+01   -5.804068E+00   -4.846455E+02    0.000000E+00    0.000000E+00    0.000000E+00   -6.080194E-01    1.753961E+01    1.991140E-01    0.000000E+00    0.000000E+00    0.000000E+00
7.645000E-01    8.199555E+01    6.113506E+01   -4.620165E+02    0.000000E+00    0.000000E+00    0.000000E+00   -4.103450E+01    4.209965E+01   -1.672365E+00    0.000000E+00    0.000000E+00    0.000000E+00
7.655000E-01   -3.676475E+01   -8.634312E-01   -5.858105E+02    0.000000E+00    0.000000E+00    0.000000E+00   -5.937426E+00   -2.968284E+01    1.174353E-01    0.000000E+00    0.000000E+00    0.000000E+00
7.665000E-01   -6.115562E+00   -1.247916E+01   -7.248213E+02    0.000000E+00    0.000000E+00    0.000000E+00   -2.525048E+00   -1.737263E+01    1.017398E+00    0.000000E+00    0.000000E+00    0.000000E+00
7.675000E-01    3.950775E+01   -4.273474E+01   -6.383718E+02    0.000000E+00    0.000000E+00    0.000000E+00    1.565627E+01    2.804590E+00    3.514550E-01    0.000000E+00    0.000000E+00    0.000000E+00
7.685000E-01    6.177878E+01    1.979051E+01   -3.233289E+02    0.000000E+00    0.000000E+00    0.000000E+00   -1.252979E+01    2.060649E+01   -2.238903E+00    0.000000E+00    0.000000E+00    0.000000E+00
7.695000E-01    1.135264E+01    4.228685E+01   -2.867284E+02    0.000000E+00    0.000000E+00    0.000000E+00   -2.317575E+01   -4.007184E+00   -2.070019E+00    0.000000E+00    0.000000E+00    0.000000E+00
7.705000E-01    1.173190E+00    3.054906E+01   -3.742813E+02    0.000000E+00    0.000000E+00    0.000000E+00   -1.837375E+01   -1.183066E+01   -5.540304E-01    0.000000E+00    0.000000E+00    0.000000E+00
7.715000E-01   -1.823130E+01    1.031614E+01   -3.772976E+02    0.000000E+00    0.000000E+00    0.000000E+00   -7.150657E+00   -2.105387E+01    2.108295E-01    0.000000E+00    0.000000E+00    0.000000E+00
7.725000E-01   -2.062859E+01   -1.100428E+00   -2.691553E+02    0.000000E+00    0.000000E+00    0.000000E+00    4.403398E-01   -1.929920E+01   -1.766178E-01    0.000000E+00    0.000000E+00    0.000000E+00
7.735000E-01   -2.741567E+00    8.313527E+00   -1.681577E+02    0.000000E+00    0.000000E+00    0.000000E+00   -4.681084E+00   -6.306124E+00    6.793494E-01    0.000000E+00    0.000000E+00    0.000000E+00
7.745000E-01    9.630551E+00    1.079722E+01   -1.608882E+02    0.000000E+00    0.000000E+00    0.000000E+00   -6.976042E+00    3.760449E-01   -3.142656E-01    0.000000E+00    0.000000E+00    0.000000E+00
7.755000E-01    1.474449E+01    3.336274E+01   -1.737602E+02    0.000000E+00    0.000000E+00    0.000000E+00   -2.033161E+01    2.891413E+00   -1.089294E+00    0.000000E+00    0.000000E+00    0.000000E+00
7.765000E-01    2.265168E+00    2.978694E+01   -1.801022E+02    0.000000E+00    0.000000E+00    0.000000E+00   -1.804889E+01   -3.689558E+00   -8.376734E-01    0.000000E+00    0.000000E+00    0.000000E+00
7.775000E-01    1.379711E+01    3.826054E+01   -1.041683E+02    0.000000E+00    0.000000E+00    0.000000E+00   -2.255627E+01    5.202031E+00   -1.157436E+00    0.000000E+00    0.000000E+00    0.000000E+00
7.785000E-01   -7.663141E+00    1.684823E+01   -1.326256E+02    0.000000E+00    0.000000E+00    0.000000E+00   -1.044068E+01   -7.952389E+00   -5.040655E-01    0.000000E+00    0.000000E+00    0.000000E+00
7.795000E-01   -9.993052E+00    9.202115E+00   -1.373899E+02    0.000000E+00    0.000000E+00    0.000000E+00   -6.278331E+00   -9.638009E+00   -1.272766E-01    0.000000E+00    0.000000E+00    0.000000E+00
7.805000E-01   -1.463015E+01    1.070994E+01   -1.578685E+02    0.000000E+00    0.000000E+00    0.000000E+00   -7.269292E+00   -1.313264E+01   -1.433507E-01    0.000000E+00    0.000000E+00    0.000000E+00
7.815000E-01   -2.302414E+01    1.672517E+01   -1.732338E+02    0.000000E+00    0.000000E+00    0.000000E+00   -1.081582E+01   -1.836301E+01   -2.045555E-01    0.000000E+00    0.000000E+00    0.000000E+00
7.825000E-01   -2.565354E+01    3.551574E+01   -1.569597E+02    0.000000E+00    0.000000E+00    0.000000E+00   -2.208262E+01   -1.923306E+01   -9.022725E-01    0.000000E+00    0.000000E+00    0.000000E+00
7.835000E-01   -1.030100E+01    1.853360E+01   -1.909384E+02    0.000000E+00    0.000000E+00    0.000000E+00   -1.212981E+01   -1.198172E+01   -1.741483E-01    0.000000E+00    0.000000E+00    0.000000E+00
7.845000E-01   -1.418830E+01    2.604382E+01   -2.173140E+02    0.000000E+00    0.000000E+00    0.000000E+00   -1.619825E+01   -1.608972E+01   -2.320552E-01    0.000000E+00    0.000000E+00    0.000000E+00
7.855000E-01    2.338413E+00    2.910662E+01   -2.437651E+02    0.000000E+00    0.000000E+00    0.000000E+00   -1.698605E+01   -8.277360E+00   -4.691388E-01    0.000000E+00    0.000000E+00    0.000000E+00
7.865000E-01    4.471361E+00    9.876558E+00   -2.384454E+02    0.000000E+00    0.000000E+00    0.000000E+00   -4.765580E+00   -6.387887E+00   -6.390308E-02    0.000000E+00    0.000000E+00    0.000000E+00
7.875000E-01    2.386524E+01    1.384243E+01   -2.700927E+02    0.000000E+00    0.000000E+00    0.000000E+00   -5.893917E+00    6.314564E+00   -3.256696E-01    0.000000E+00    0.000000E+00    0.000000E+00
7.885000E-01    4.479921E+01   -8.072650E+00   -4.018211E+02    0.000000E+00    0.000000E+00    0.000000E+00    9.719082E+00    2.017014E+01   -1.694664E-01    0.000000E+00    0.000000E+00    0.000000E+00
7.895000E-01    5.016851E+01    2.422256E+01   -4.898925E+02    0.000000E+00    0.000000E+00    0.000000E+00   -1.148820E+01    2.347764E+01   -5.334733E-01    0.000000E+00    0.000000E+00    0.000000E+00
7.905000E-01    7.193016E+00    6.085493E+01   -3.494915E+02    0.000000E+00    0.000000E+00    0.000000E+00   -3.280449E+01   -1.524541E+00   -2.046577E+00    0.000000E+00    0.000000E+00    0.000000E+00
7.915000E-01    3.103354E+00    3.008032E+01   -3.433741E+02    0.000000E+00    0.000000E+00    0.000000E+00   -1.398261E+01   -8.174303E+00   -1.667530E+00    0.000000E+00    0.000000E+00    0.000000E+00
7.925000E-01   -1.648980E+01   -2.107805E+01   -4.510883E+02    0.000000E+00    0.000000E+00    0.000000E+00    2.306249E+01   -2.646361E+01    2.830360E-01    0.000000E+00    0.000000E+00    0.000000E+00
7.935000E-01   -3.552774E+01   -2.914396E+01   -5.204217E+02    0.000000E+00    0.000000E+00    0.000000E+00    3.479516E+01   -4.363483E+01   -3.873753E-01    0.000000E+00    0.000000E+00    0.000000E+00
7.945000E-01    1.317751E+01   -1.609344E+01   -4.578559E+02    0.000000E+00    0.000000E+00    0.000000E+00    2.459700E+01   -1.055188E+01    6.898585E-01    0.000000E+00    0.000000E+00    0.000000E+00
7.955000E-01    7.882266E+00   -1.838623E+01   -3.498743E+02    0.000000E+00    0.000000E+00    0.000000E+00    2.243343E+01   -1.040403E+01    4.872048E-01    0.000000E+00    0.000000E+00    0.000000E+00
7.965000E-01   -3.397777E+00    3.676496E-01   -3.430378E+02    0.000000E+00    0.000000E+00    0.000000E+00    9.148552E+00   -1.699511E+01   -4.326949E-01    0.000000E+00    0.000000E+00    0.000000E+00
7.975000E-01   -6.389136E+00   -6.509862E+00   -3.489523E+02    0.000000E+00    0.000000E+00    0.000000E+00    1.571468E+01   -2.049743E+01    6.381528E-03    0.000000E+00    0.000000E+00    0.000000E+00
7.985000E-01   -2.260624E+00   -1.396644E+01   -2.827551E+02    0.000000E+00    0.000000E+00    0.000000E+00    1.809156E+01   -1.699622E+01    7.301315E-01    0.000000E+00    0.000000E+00    0.000000E+00
7.995000E-01   -1.223957E+01   -2.587303E+01   -2.573703E+02    0.000000E+00    0.000000E+00    0.000000E+00    2.528349E+01   -2.074285E+01    7.615401E-01    0.000000E+00    0.000000E+00    0.000000E+00
8.005000E-01   -3.139608E+01   -2.410109E+01   -2.179030E+02    0.000000E+00    0.000000E+00    0.000000E+00    2.333403E+01   -3.021645E+01   -1.982794E-01    0.000000E+00    0.000000E+00    0.000000E+00
8.015000E-01   -1.727728E+01   -2.443967E+01   -1.655832E+02    0.000000E+00    0.000000E+00    0.000000E+00    2.195607E+01   -1.829730E+01    3.637571E-01    0.000000E+00    0.000000E+00    0.000000E+00
8.025000E-01   -4.132521E+00   -3.508405E+01   -1.710641E+02    0.000000E+00    0.000000E+00    0.000000E+00    3.092717E+01   -1.042224E+01    1.404152E+00    0.000000E+00    0.000000E+00    0.000000E+00
8.035000E-01    9.644666E+00   -4.224545E+01   -1.908617E+02    0.000000E+00    0.000000E+00    0.000000E+00    3.838986E+01   -2.064780E+00    2.489229E+00    0.000000E+00    0.000000E+00    0.000000E+00
8.045000E-01    8.444169E+00   -2.370962E+01   -1.878910E+02    0.000000E+00    0.000000E+00    0.000000E+00    2.610799E+01   -2.293071E+00    1.503276E+00    0.000000E+00    0.000000E+00    0.000000E+00
8.055000E-01    6.500254E+00   -1.566700E+01   -1.088371E+02    0.000000E+00    0.000000E+00    0.000000E+00    1.845007E+01    4.147164E-01    9.970792E-01    0.000000E+00    0.000000E+00    0.000000E+00
8.065000E-01    5.469432E+00    7.957471E+00   -1.429060E+02    0.000000E+00    0.000000E+00    0.000000E+00    1.251606E+00   -2.217081E+00   -8.188375E-02    0.000000E+00    0.000000E+00    0.000000E+00
8.075000E-01   -7.530764E-01    2.371728E+01   -1.869342E+02    0.000000E+00    0.000000E+00    0.000000E+00   -5.182322E+00   -8.192455E+00   -1.061809E+00    0.000000E+00    0.000000E+00    0.000000E+00
8.085000E-01   -2.726784E+00    2.307658E+01   -2.282994E+02    0.000000E+00    0.000000E+00    0.000000E+00   -3.492275E+00   -1.176803E+01   -1.078100E+00    0.000000E+00    0.000000E+00    0.000000E+00
8.095000E-01   -1.317348E+01    2.357794E+01   -2.477218E+02    0.000000E+00    0.000000E+00    0.000000E+00    1.372006E+00   -1.960420E+01   -1.609182E+00    0.000000E+00    0.000000E+00    0.000000E+00
8.105000E-01   -8.117706E+00    2.138123E+01   -2.516668E+02    0.000000E+00    0.000000E+00    0.000000E+00    3.923468E+00   -1.701619E+01   -1.264117E+00    0.000000E+00    0.000000E+00    0.000000E+00
8.115000E-01    4.055015E+00   -3.501744E+00   -2.470265E+02    0.000000E+00    0.000000E+00    0.000000E+00    2.562627E+01   -7.459114E+00    4.213535E-01    0.000000E+00    0.000000E+00    0.000000E+00
8.125000E-01    7.513113E+00   -2.947590E+01   -2.461831E+02    0.000000E+00    0.000000E+00    0.000000E+00    4.121695E+01   -4.186262E+00    1.610974E+00    0.000000E+00    0.000000E+00    0.000000E+00
8.135000E-01    1.158149E+00   -3.475617E+01   -2.482164E+02    0.000000E+00    0.000000E+00    0.000000E+00    4.507799E+01   -8.570422E+00    1.448440E+00    0.000000E+00    0.000000E+00    0.000000E+00
8.145000E-01   -5.851876E+00   -1.567558E+01   -2.554532E+02    0.000000E+00    0.000000E+00    0.000000E+00    3.136008E+01   -1.368246E+01    1.043800E-01    0.000000E+00    0.000000E+00    0.000000E+00
8.155000E-01   -4.755478E+00   -6.825824E+01   -2.328822E+02    0.000000E+00    0.000000E+00    0.000000E+00    6.650627E+01   -1.326092E+01    2.508303E+00    0.000000E+00    0.000000E+00    0.000000E+00
8.165000E-01   -1.056368E+01   -7.166491E+01   -2.214083E+02    0.000000E+00    0.000000E+00    0.000000E+00    6.731867E+01   -1.690025E+01    2.335875E+00    0.000000E+00    0.000000E+00    0.000000E+00
8.175000E-01   -9.937733E+00   -7.274001E+01   -2.327476E+02    0.000000E+00    0.000000E+00    0.000000E+00    6.929544E+01   -1.718135E+01    2.525796E+00    0.000000E+00    0.000000E+00    0.000000E+00
8.185000E-01   -7.082306E+00   -4.487926E+01   -2.285109E+02    0.000000E+00    0.000000E+00    0.000000E+00    4.923215E+01   -1.444149E+01    1.600783E+00    0.000000E+00    0.000000E+00    0.000000E+00
8.195000E-01   -1.215841E+01   -4.310378E+01   -2.474243E+02    0.000000E+00    0.000000E+00    0.000000E+00    5.059491E+01   -1.921377E+01    1.154627E+00    0.000000E+00    0.000000E+00    0.000000E+00
8.205000E-01   -2.139647E+01   -4.181595E+01   -2.356874E+02    0.000000E+00    0.000000E+00    0.000000E+00    4.812091E+01   -2.405767E+01    3.001759E-01    0.000000E+00    0.000000E+00    0.000000E+00
8.215000E-01   -1.800083E+01   -2.991096E+01   -2.376918E+02    0.000000E+00    0.000000E+00    0.000000E+00    4.078154E+01   -2.239731E+01    1.167358E-01    0.000000E+00    0.000000E+00    0.000000E+00
8.225000E-01   -1.141851E+01   -3.781166E+01   -1.993197E+02    0.000000E+00    0.000000E+00    0.000000E+00    4.231583E+01   -1.661158E+01    1.104458E+00    0.000000E+00    0.000000E+00    0.000000E+00
8.235000E-01   -7.838126E+00   -3.562521E+01   -2.134474E+02    0.000000E+00    0.000000E+00    0.000000E+00    4.227715E+01   -1.519528E+01    1.470812E+00    0.000000E+00    0.000000E+00    0.000000E+00
8.245000E-01   -9.385548E+00   -3.527481E+01   -2.279423E+02    0.000000E+00    0.000000E+00    0.000000E+00    4.384646E+01   -1.695378E+01    1.310121E+00    0.000000E+00    0.000000E+00    0.000000E+00
8.255000E-01   -1.790591E+01   -1.500534E+01   -2.647176E+02    0.000000E+00    0.000000E+00    0.000000E+00    3.461535E+01   -2.471205E+01   -7.297469E-01    0.000000E+00    0.000000E+00    0.000000E+00
8.265000E-01   -9.351138E+00   -3.641201E+01   -1.602443E+02    0.000000E+00    0.000000E+00    0.000000E+00    3.904264E+01   -1.384793E+01    4.766906E-01    0.000000E+00    0.000000E+00    0.000000E+00
8.275000E-01   -1.048330E+01   -1.183308E+01   -2.120391E+02    0.000000E+00    0.000000E+00    0.000000E+00    2.757506E+01   -1.637908E+01   -3.664445E-01    0.000000E+00    0.000000E+00    0.000000E+00
8.285000E-01    6.553476E-01   -1.586933E+01   -1.801871E+02    0.000000E+00    0.000000E+00    0.000000E+00    2.851685E+01   -8.624472E+00    1.108449E+00    0.000000E+00    0.000000E+00    0.000000E+00
8.295000E-01   -4.235080E+00    8.007205E+00   -2.727094E+02    0.000000E+00    0.000000E+00    0.000000E+00    2.218149E+01   -1.583010E+01   -4.422982E-01    0.000000E+00    0.000000E+00    0.000000E+00
8.305000E-01    5.915655E+00   -1.455954E+00   -1.942372E+02    0.000000E+00    0.000000E+00    0.000000E+00    2.125826E+01   -6.303004E+00    7.729888E-01    0.000000E+00    0.000000E+00    0.000000E+00
8.315000E-01    1.051332E+01    5.572318E+00   -1.884194E+02    0.000000E+00    0.000000E+00    0.000000E+00    1.581644E+01   -2.918761E+00    9.866965E-01    0.000000E+00    0.000000E+00    0.000000E+00
8.325000E-01    2.218412E+00   -7.137440E+00   -2.031393E+02    0.000000E+00    0.000000E+00    0.000000E+00    2.578388E+01   -8.522351E+00    7.026398E-01    0.000000E+00    0.000000E+00    0.000000E+00
8.335000E-01    1.410295E+00   -1.666964E+01   -2.556320E+02    0.000000E+00    0.000000E+00    0.000000E+00    3.735483E+01   -1.134175E+01    9.540969E-01    0.000000E+00    0.000000E+00    0.000000E+00
8.345000E-01   -3.082565E+00   -3.482686E+00   -2.117880E+02    0.000000E+00    0.000000E+00    0.000000E+00    2.495646E+01   -1.200058E+01   -1.223042E-01    0.000000E+00    0.000000E+00    0.000000E+00
8.355000E-01   -5.083848E+00   -2.998521E+01   -2.044531E+02    0.000000E+00    0.000000E+00    0.000000E+00    4.079946E+01   -1.334022E+01    8.784217E-01    0.000000E+00    0.000000E+00    0.000000E+00
8.365000E-01   -3.671052E+00   -3.844497E+00   -1.836815E+02    0.000000E+00    0.000000E+00    0.000000E+00    2.249668E+01   -1.143028E+01   -1.676647E-01    0.000000E+00    0.000000E+00    0.000000E+00
8.375000E-01   -1.158619E+01   -3.892540E+01   -2.127149E+02    0.000000E+00    0.000000E+00    0.000000E+00    4.823356E+01   -1.808842E+01    7.106300E-01    0.000000E+00    0.000000E+00    0.000000E+00
8.385000E-01   -1.450416E+01   -4.818954E+01   -2.272523E+02    0.000000E+00    0.000000E+00    0.000000E+00    5.609215E+01   -2.055416E+01    7.744384E-01    0.000000E+00    0.000000E+00    0.000000E+00
8.395000E-01   -1.479652E+01   -4.722497E+01   -2.122216E+02    0.000000E+00    0.000000E+00    0.000000E+00    5.379799E+01   -2.038333E+01    7.229309E-01    0.000000E+00    0.000000E+00    0.000000E+00
8.405000E-01   -7.930227E+00   -4.713846E+01   -2.140086E+02    0.000000E+00    0.000000E+00    0.000000E+00    5.432459E+01   -1.635042E+01    1.509394E+00    0.000000E+00    0.000000E+00    0.000000E+00
8.415000E-01   -1.418457E+01   -4.458112E+01   -2.240915E+02    0.000000E+00    0.000000E+00    0.000000E+00    5.401038E+01   -2.043276E+01    7.645226E-01    0.000000E+00    0.000000E+00    0.000000E+00
8.425000E-01   -1.706360E+01   -4.698990E+01   -2.382708E+02    0.000000E+00    0.000000E+00    0.000000E+00    5.708286E+01   -2.271629E+01    6.601052E-01    0.000000E+00    0.000000E+00    0.000000E+00
8.435000E-01   -1.139377E+01   -4.088030E+01   -2.337436E+02    0.000000E+00    0.000000E+00    0.000000E+00    5.263644E+01   -1.911443E+01    1.139606E+00    0.000000E+00    0.000000E+00    0.000000E+00
8.445000E-01   -9.449161E+00   -3.776668E+01   -2.112843E+02    0.000000E+00    0.000000E+00    0.000000E+00    4.799062E+01   -1.662691E+01    1.306744E+00    0.000000E+00    0.000000E+00    0.000000E+00
8.455000E-01   -2.949190E+00   -3.187996E+01   -2.223410E+02    0.000000E+00    0.000000E+00    0.000000E+00    4.538244E+01   -1.363189E+01    1.808473E+00    0.000000E+00    0.000000E+00    0.000000E+00
8.465000E-01   -9.029344E-01    1.788756E+01   -2.734153E+02    0.000000E+00    0.000000E+00    0.000000E+00    2.021875E+01   -1.612687E+01   -4.606350E-01    0.000000E+00    0.000000E+00    0.000000E+00
8.475000E-01    3.191067E+00   -2.220163E+01   -2.668417E+02    0.000000E+00    0.000000E+00    0.000000E+00    4.505519E+01   -1.267974E+01    2.186876E+00    0.000000E+00    0.000000E+00    0.000000E+00
8.485000E-01   -8.517325E-01   -9.519561E+00   -2.609872E+02    0.000000E+00    0.000000E+00    0.000000E+00    3.591899E+01   -1.444556E+01    9.673946E-01    0.000000E+00    0.000000E+00    0.000000E+00
8.495000E-01    5.068727E+00   -3.515719E+01   -1.925265E+02    0.000000E+00    0.000000E+00    0.000000E+00    4.416182E+01   -6.634508E+00    2.797882E+00    0.000000E+00    0.000000E+00    0.000000E+00
8.505000E-01    3.101629E+00   -2.274507E+01   -1.661146E+02    0.000000E+00    0.000000E+00    0.000000E+00    3.332461E+01   -6.597307E+00    1.790147E+00    0.000000E+00    0.000000E+00    0.000000E+00
8.515000E-01    6.705345E+00   -2.615937E+01   -1.433837E+02    0.000000E+00    0.000000E+00    0.000000E+00    3.310401E+01   -3.603618E+00    2.300224E+00    0.000000E+00    0.000000E+00    0.000000E+00
8.525000E-01    7.735585E+00   -3.106931E+01   -1.530554E+02    0.000000E+00    0.000000E+00    0.000000E+00    3.772018E+01   -3.603573E+00    2.553876E+00    0.000000E+00    0.000000E+00    0.000000E+00
8.535000E-01    1.420362E+01   -3.763583E+01   -1.516530E+02    0.000000E+00    0.000000E+00    0.000000E+00    4.205706E+01    4.298780E-01    3.550431E+00    0.000000E+00    0.000000E+00    0.000000E+00
8.545000E-01    1.627650E+01   -5.132318E+01   -1.811274E+02    0.000000E+00    0.000000E+00    0.000000E+00    5.463351E+01    7.509407E-01    4.428847E+00    0.000000E+00    0.000000E+00    0.000000E+00
8.555000E-01    1.558133E+01   -4.558783E+01   -1.999875E+02    0.000000E+00    0.000000E+00    0.000000E+00    5.365822E+01   -3.999472E-01    4.076293E+00    0.000000E+00    0.000000E+00    0.000000E+00
8.565000E-01    6.927031E+00   -2.920510E+01   -2.065277E+02    0.000000E+00    0.000000E+00    0.000000E+00    4.441649E+01   -5.780706E+00    2.233520E+00    0.000000E+00    0.000000E+00    0.000000E+00
8.575000E-01   -2.782728E+00   -2.345035E+01   -2.052803E+02    0.000000E+00    0.000000E+00    0.000000E+00    4.078206E+01   -1.151773E+01    6.026779E-01    0.000000E+00    0.000000E+00    0.000000E+00
8.585000E-01   -6.894792E+00   -2.505037E+01   -2.066461E+02    0.000000E+00    0.000000E+00    0.000000E+00    4.188516E+01   -1.434292E+01   -8.394248E-02    0.000000E+00    0.000000E+00    0.000000E+00
8.595000E-01   -3.243212E+00   -2.327464E+01   -2.023074E+02    0.000000E+00    0.000000E+00    0.000000E+00    4.038030E+01   -1.239829E+01    2.375152E-01    0.000000E+00    0.000000E+00    0.000000E+00
8.605000E-01    2.218136E+00   -2.089798E+01   -1.934199E+02    0.000000E+00    0.000000E+00    0.000000E+00    3.787558E+01   -8.869137E+00    8.678751E-01    0.000000E+00    0.000000E+00    0.000000E+00
8.615000E-01    3.993520E-01   -2.183182E+01   -1.950559E+02    0.000000E+00    0.000000E+00    0.000000E+00    3.831384E+01   -9.707521E+00    7.055876E-01    0.000000E+00    0.000000E+00    0.000000E+00
8.625000E-01   -6.066420E+00   -2.586629E+01   -1.980438E+02    0.000000E+00    0.000000E+00    0.000000E+00    4.068827E+01   -1.334463E+01    1.177207E-01    0.000000E+00    0.000000E+00    0.000000E+00
8.635000E-01   -1.905069E+01   -1.864431E+01   -2.120814E+02    0.000000E+00    0.000000E+00    0.000000E+00    3.916237E+01   -2.568265E+01   -1.616184E+00    0.000000E+00    0.000000E+00    0.000000E+00
8.645000E-01   -2.361903E+01   -3.088919E+01   -2.226923E+02    0.000000E+00    0.000000E+00    0.000000E+00    4.574546E+01   -2.409496E+01   -1.947941E+00    0.000000E+00    0.000000E+00    0.000000E+00
8.655000E-01   -3.971466E+00   -3.106722E+01   -2.412075E+02    0.000000E+00    0.000000E+00    0.000000E+00    4.896105E+01   -1.298339E+01    5.097745E-01    0.000000E+00    0.000000E+00    0.000000E+00
8.665000E-01   -9.863570E+00   -1.650776E+01   -2.134567E+02    0.000000E+00    0.000000E+00    0.000000E+00    3.581487E+01   -1.554086E+01   -7.146089E-01    0.000000E+00    0.000000E+00    0.000000E+00
8.675000E-01   -1.120534E+01   -1.884107E+01   -2.774107E+02    0.000000E+00    0.000000E+00    0.000000E+00    4.561167E+01   -1.921481E+01   -8.250332E-01    0.000000E+00    0.000000E+00    0.000000E+00
8.685000E-01    3.544140E+00   -1.481637E+01   -2.041228E+02    0.000000E+00    0.000000E+00    0.000000E+00    3.390425E+01   -7.412617E+00    9.840869E-01    0.000000E+00    0.000000E+00    0.000000E+00
8.695000E-01   -1.020526E+01   -1.544330E+01   -2.157263E+02    0.000000E+00    0.000000E+00    0.000000E+00    3.582541E+01   -1.668348E+01   -4.287351E-01    0.000000E+00    0.000000E+00    0.000000E+00
8.705000E-01   -4.073583E+00   -3.022807E+00   -1.956885E+02    0.000000E+00    0.000000E+00    0.000000E+00    2.538425E+01   -1.205494E+01   -1.915104E-01    0.000000E+00    0.000000E+00    0.000000E+00
8.715000E-01   -1.359856E+01   -5.738133E+00   -2.488047E+02    0.000000E+00    0.000000E+00    0.000000E+00    3.348212E+01   -2.034061E+01   -1.260338E+00    0.000000E+00    0.000000E+00    0.000000E+00
8.725000E-01   -6.260895E+00    1.235613E+00   -2.119263E+02    0.000000E+00    0.000000E+00    0.000000E+00    2.477088E+01   -1.430124E+01   -7.521390E-01    0.000000E+00    0.000000E+00    0.000000E+00
8.735000E-01   -4.842792E-01   -9.457341E+00   -2.119654E+02    0.000000E+00    0.000000E+00    0.000000E+00    3.221134E+01   -1.145142E+01    4.443531E-01    0.000000E+00    0.000000E+00    0.000000E+00
8.745000E-01   -1.226203E+01   -1.349801E+01   -1.866619E+02    0.000000E+00    0.000000E+00    0.000000E+00    3.225296E+01   -1.755414E+01   -9.003088E-01    0.000000E+00    0.000000E+00    0.000000E+00
8.755000E-01    5.540904E+00    1.587614E+01   -1.960991E+02    0.000000E+00    0.000000E+00    0.000000E+00    1.473788E+01   -6.494830E+00   -2.453513E-01    0.000000E+00    0.000000E+00    0.000000E+00
8.765000E-01   -9.596881E+00   -3.738742E+01   -2.036299E+02    0.000000E+00    0.000000E+00    0.000000E+00    5.025982E+01   -1.789463E+01    5.922462E-01    0.000000E+00    0.000000E+00    0.000000E+00
8.775000E-01    1.970475E+00   -4.340327E+00   -1.855731E+02    0.000000E+00    0.000000E+00    0.000000E+00    2.652932E+01   -8.569916E+00    3.444417E-01    0.000000E+00    0.000000E+00    0.000000E+00
8.785000E-01   -8.928620E+00   -2.582783E+01   -2.014894E+02    0.000000E+00    0.000000E+00    0.000000E+00    4.346261E+01   -1.740270E+01    1.229728E-01    0.000000E+00    0.000000E+00    0.000000E+00
8.795000E-01   -1.941917E+00   -9.455417E+00   -2.049193E+02    0.000000E+00    0.000000E+00    0.000000E+00    3.334385E+01   -1.234323E+01    9.967405E-02    0.000000E+00    0.000000E+00    0.000000E+00
8.805000E-01   -1.421551E+01   -3.437681E+01   -2.215319E+02    0.000000E+00    0.000000E+00    0.000000E+00    5.270749E+01   -2.288817E+01   -8.881991E-02    0.000000E+00    0.000000E+00    0.000000E+00
8.815000E-01   -1.368580E+01   -3.489809E+01   -1.965820E+02    0.000000E+00    0.000000E+00    0.000000E+00    4.885278E+01   -2.008790E+01   -6.354772E-02    0.000000E+00    0.000000E+00    0.000000E+00
8.825000E-01   -3.094104E+01   -3.524004E+01   -2.401848E+02    0.000000E+00    0.000000E+00    0.000000E+00    5.593595E+01   -3.457880E+01   -2.399372E+00    0.000000E+00    0.000000E+00    0.000000E+00
8.835000E-01    7.803158E+00   -1.351645E+01   -2.246070E+02    0.000000E+00    0.000000E+00    0.000000E+00    3.889450E+01   -8.104822E+00    1.504859E+00    0.000000E+00    0.000000E+00    0.000000E+00
8.845000E-01   -7.475835E+00   -2.215315E+01   -2.175215E+02    0.000000E+00    0.000000E+00    0.000000E+00    4.416071E+01   -1.887216E+01    5.693719E-02    0.000000E+00    0.000000E+00    0.000000E+00
8.855000E-01   -6.766162E+00   -2.152900E+01   -1.854987E+02    0.000000E+00    0.000000E+00    0.000000E+00    3.946381E+01   -1.598327E+01   -5.449478E-02    0.000000E+00    0.000000E+00    0.000000E+00
8.865000E-01    2.448409E+01   -4.161459E-01   -1.883606E+02    0.000000E+00    0.000000E+00    0.000000E+00    2.508002E+01    4.616602E+00    3.017399E+00    0.000000E+00    0.000000E+00    0.000000E+00
8.875000E-01   -3.421985E+00   -9.261527E+00   -2.007211E+02    0.000000E+00    0.000000E+00    0.000000E+00    3.371600E+01   -1.527007E+01   -1.659641E-01    0.000000E+00    0.000000E+00    0.000000E+00
8.885000E-01    1.342314E+01   -1.017381E+01   -2.414808E+02    0.000000E+00    0.000000E+00    0.000000E+00    3.931950E+01   -6.692093E+00    2.221061E+00    0.000000E+00    0.000000E+00    0.000000E+00
8.895000E-01   -8.123488E+00   -2.048068E+01   -2.261437E+02    0.000000E+00    0.000000E+00    0.000000E+00    4.458343E+01   -2.050038E+01    1.189117E-03    0.000000E+00    0.000000E+00    0.000000E+00
8.905000E-01   -6.272360E+00   -2.416940E+01   -1.819784E+02    0.000000E+00    0.000000E+00    0.000000E+00    4.123894E+01   -1.679818E+01    6.125349E-01    0.000000E+00    0.000000E+00    0.000000E+00
8.915000E-01   -2.365400E+00   -6.226939E+00   -2.271776E+02    0.000000E+00    0.000000E+00    0.000000E+00    3.628763E+01   -1.713669E+01   -4.820612E-02    0.000000E+00    0.000000E+00    0.000000E+00
8.925000E-01   -9.212872E+00   -2.659747E+01   -2.334953E+02    0.000000E+00    0.000000E+00    0.000000E+00    5.002656E+01   -2.238894E+01    4.375823E-01    0.000000E+00    0.000000E+00    0.000000E+00
8.935000E-01    9.954065E+00   -4.879985E+00   -2.503179E+02    0.000000E+00    0.000000E+00    0.000000E+00    3.874571E+01   -1.141613E+01    1.736574E+00    0.000000E+00    0.000000E+00    0.000000E+00
8.945000E-01    3.474570E+00   -1.206913E+01   -2.184491E+02    0.000000E+00    0.000000E+00    0.000000E+00    3.871763E+01   -1.357800E+01    1.437472E+00    0.000000E+00    0.000000E+00    0.000000E+00
8.955000E-01   -4.217218E+00   -8.575437E+00   -1.993057E+02    0.000000E+00    0.000000E+00    0.000000E+00    3.402601E+01   -1.702251E+01    4.857470E-02    0.000000E+00    0.000000E+00    0.000000E+00
8.965000E-01   -1.732998E+01   -7.217159E+00   -2.145365E+02    0.000000E+00    0.000000E+00    0.000000E+00    3.659081E+01   -2.692468E+01   -2.040691E+00    0.000000E+00    0.000000E+00    0.000000E+00
8.975000E-01    6.121185E+00   -3.075687E+01   -2.267335E+02    0.000000E+00    0.000000E+00    0.000000E+00    5.245346E+01   -1.343806E+01    3.263546E+00    0.000000E+00    0.000000E+00    0.000000E+00
8.985000E-01   -6.893796E+00   -8.499532E+00   -2.145735E+02    0.000000E+00    0.000000E+00    0.000000E+00    3.798113E+01   -2.127989E+01   -4.406882E-01    0.000000E+00    0.000000E+00    0.000000E+00
8.995000E-01   -1.565969E+01   -2.960075E+01   -1.810912E+02    0.000000E+00    0.000000E+00    0.000000E+00    4.719950E+01   -2.445846E+01   -2.281910E-01    0.000000E+00    0.000000E+00    0.000000E+00
9.005000E-01   -8.787542E+00   -1.576389E+01   -1.686349E+02    0.000000E+00    0.000000E+00    0.000000E+00    3.615370E+01   -1.896617E+01   -3.095904E-01    0.000000E+00    0.000000E+00    0.000000E+00
9.015000E-01   -1.620963E+01   -2.912578E+01   -1.854457E+02    0.000000E+00    0.000000E+00    0.000000E+00    4.771569E+01   -2.555703E+01   -3.866505E-01    0.000000E+00    0.000000E+00    0.000000E+00
9.025000E-01   -1.385354E+01   -2.969046E+01   -2.203302E+02    0.000000E+00    0.000000E+00    0.000000E+00    5.414667E+01   -2.710613E+01    1.444847E-02    0.000000E+00    0.000000E+00    0.000000E+00
9.035000E-01   -2.229077E+01   -2.481573E+01   -2.181409E+02    0.000000E+00    0.000000E+00    0.000000E+00    5.076004E+01   -3.212867E+01   -1.725988E+00    0.000000E+00    0.000000E+00    0.000000E+00
9.045000E-01   -4.340500E+00   -1.942048E+01   -1.978448E+02    0.000000E+00    0.000000E+00    0.000000E+00    4.428979E+01   -1.976931E+01    6.996778E-01    0.000000E+00    0.000000E+00    0.000000E+00
9.055000E-01   -1.362078E+01   -2.093196E+01   -1.762183E+02    0.000000E+00    0.000000E+00    0.000000E+00    4.236052E+01   -2.369187E+01   -6.363030E-01    0.000000E+00    0.000000E+00    0.000000E+00
9.065000E-01    2.331292E+00   -3.968973E+01   -2.217001E+02    0.000000E+00    0.000000E+00    0.000000E+00    6.201851E+01   -1.832678E+01    3.508194E+00    0.000000E+00    0.000000E+00    0.000000E+00
9.075000E-01   -1.431883E+01    3.924442E-01   -2.143341E+02    0.000000E+00    0.000000E+00    0.000000E+00    3.543690E+01   -2.706268E+01   -2.692174E+00    0.000000E+00    0.000000E+00    0.000000E+00
9.085000E-01   -1.457331E+01   -4.614189E+01   -2.395380E+02    0.000000E+00    0.000000E+00    0.000000E+00    6.966466E+01   -2.990864E+01    1.175901E+00    0.000000E+00    0.000000E+00    0.000000E+00
9.095000E-01   -1.999828E+01   -3.851803E+01   -2.137457E+02    0.000000E+00    0.000000E+00    0.000000E+00    6.062025E+01   -3.103227E+01   -3.823462E-01    0.000000E+00    0.000000E+00    0.000000E+00
9.105000E-01   -2.219122E+01   -1.913264E+01   -2.080606E+02    0.000000E+00    0.000000E+00    0.000000E+00    4.701160E+01   -3.144378E+01   -2.390204E+00    0.000000E+00    0.000000E+00    0.000000E+00
9.115000E-01   -1.487482E+01   -1.904552E+01   -2.137739E+02    0.000000E+00    0.000000E+00    0.000000E+00    4.882347E+01   -2.796013E+01   -1.152378E+00    0.000000E+00    0.000000E+00    0.000000E+00
9.125000E-01    5.588440E+00   -3.098472E+01   -2.193225E+02    0.000000E+00    0.000000E+00    0.000000E+00    5.620906E+01   -1.568990E+01    3.460508E+00    0.000000E+00    0.000000E+00    0.000000E+00
9.135000E-01   -2.082205E+01   -6.913807E+00   -2.204155E+02    0.000000E+00    0.000000E+00    0.000000E+00    4.254612E+01   -3.217198E+01   -3.262690E+00    0.000000E+00    0.000000E+00    0.000000E+00
9.145000E-01   -3.373408E+00   -2.845659E+01   -2.117912E+02    0.000000E+00    0.000000E+00    0.000000E+00    5.458070E+01   -2.094487E+01    1.690468E+00    0.000000E+00    0.000000E+00    0.000000E+00
9.155000E-01   -1.597463E+01   -2.510311E+01   -2.236198E+02    0.000000E+00    0.000000E+00    0.000000E+00    5.448891E+01   -2.980243E+01   -7.791415E-01    0.000000E+00    0.000000E+00    0.000000E+00
9.165000E-01   -1.413089E+01   -2.040337E+01   -2.350801E+02    0.000000E+00    0.000000E+00    0.000000E+00    5.392776E+01   -2.976746E+01   -8.883269E-01    0.000000E+00    0.000000E+00    0.000000E+00
9.175000E-01   -1.724409E+01   -4.650398E+00   -1.999343E+02    0.000000E+00    0.000000E+00    0.000000E+00    3.853996E+01   -2.852141E+01   -3.006194E+00    0.000000E+00    0.000000E+00    0.000000E+00
9.185000E-01   -2.186171E+01   -3.149155E+01   -2.118104E+02    0.000000E+00    0.000000E+00    0.000000E+00    5.838744E+01   -3.433378E+01   -1.084121E+00    0.000000E+00    0.000000E+00    0.000000E+00
9.195000E-01   -5.712444E+00   -8.999637E+00   -2.300810E+02    0.000000E+00    0.000000E+00    0.000000E+00    4.736018E+01   -2.586141E+01   -2.556335E-01    0.000000E+00    0.000000E+00    0.000000E+00
9.205000E-01   -1.786256E+00   -2.017121E+01   -2.243938E+02    0.000000E+00    0.000000E+00    0.000000E+00    5.448715E+01   -2.434694E+01    1.721907E+00    0.000000E+00    0.000000E+00    0.000000E+00
9.215000E-01   -3.542127E+01   -4.789589E+01   -2.249113E+02    0.000000E+00    0.000000E+00    0.000000E+00    7.334828E+01   -4.580927E+01   -1.869908E+00    0.000000E+00    0.000000E+00    0.000000E+00
9.225000E-01   -2.038697E+01   -2.942913E+01   -1.880600E+02    0.000000E+00    0.000000E+00    0.000000E+00    5.447992E+01   -3.243753E+01   -9.302618E-01    0.000000E+00    0.000000E+00    0.000000E+00
9.235000E-01   -3.176750E+01   -3.952615E+01   -2.030509E+02    0.000000E+00    0.000000E+00    0.000000E+00    6.476880E+01   -4.153336E+01   -2.202909E+00    0.000000E+00    0.000000E+00    0.000000E+00
9.245000E-01   -1.556334E+01   -3.315569E+01   -1.895649E+02    0.000000E+00    0.000000E+00    0.000000E+00    5.821877E+01   -3.024083E+01    2.876236E-01    0.000000E+00    0.000000E+00    0.000000E+00
9.255000E-01   -2.122671E+01   -1.906135E+01   -2.110278E+02    0.000000E+00    0.000000E+00    0.000000E+00    5.436242E+01   -3.613353E+01   -2.452646E+00    0.000000E+00    0.000000E+00    0.000000E+00
9.265000E-01   -3.781328E+01   -4.388060E+01   -2.214946E+02    0.000000E+00    0.000000E+00    0.000000E+00    7.318060E+01   -4.885988E+01   -3.044866E+00    0.000000E+00    0.000000E+00    0.000000E+00
9.275000E-01   -1.565178E+01   -3.264031E+01   -1.926187E+02    0.000000E+00    0.000000E+00    0.000000E+00    6.006751E+01   -3.192700E+01    2.368236E-01    0.000000E+00    0.000000E+00    0.000000E+00
9.285000E-01   -1.320673E+01   -4.160154E+01   -1.974638E+02    0.000000E+00    0.000000E+00    0.000000E+00    6.733243E+01   -3.175125E+01    1.767043E+00    0.000000E+00    0.000000E+00    0.000000E+00
9.295000E-01   -1.489481E+01   -2.364397E+01   -1.945582E+02    0.000000E+00    0.000000E+00    0.000000E+00    5.558784E+01   -3.201927E+01   -7.160255E-01    0.000000E+00    0.000000E+00    0.000000E+00
9.305000E-01   -1.730688E+01   -4.349030E+01   -2.391388E+02    0.000000E+00    0.000000E+00    0.000000E+00    7.829833E+01   -3.956792E+01    1.168122E+00    0.000000E+00    0.000000E+00    0.000000E+00
9.315000E-01   -1.497135E+01   -2.044920E+01   -2.184271E+02    0.000000E+00    0.000000E+00    0.000000E+00    5.977734E+01   -3.548512E+01   -1.140180E+00    0.000000E+00    0.000000E+00    0.000000E+00
9.325000E-01   -3.714249E+01   -5.421223E+01   -2.344300E+02    0.000000E+00    0.000000E+00    0.000000E+00    8.595592E+01   -5.294450E+01   -1.675974E+00    0.000000E+00    0.000000E+00    0.000000E+00
9.335000E-01   -5.845368E+00   -2.882452E+01   -1.785569E+02    0.000000E+00    0.000000E+00    0.000000E+00    5.701489E+01   -2.596236E+01    2.052837E+00    0.000000E+00    0.000000E+00    0.000000E+00
9.345000E-01   -1.457254E+01   -2.519506E+01   -2.028069E+02    0.000000E+00    0.000000E+00    0.000000E+00    6.055747E+01   -3.487942E+01   -2.887565E-01    0.000000E+00    0.000000E+00    0.000000E+00
9.355000E-01   -1.648161E+01   -3.900575E+01   -2.436666E+02    0.000000E+00    0.000000E+00    0.000000E+00    7.932015E+01   -4.227240E+01    1.070631E+00    0.000000E+00    0.000000E+00    0.000000E+00
9.365000E-01   -4.170576E+00   -4.213328E+01   -2.278336E+02    0.000000E+00    0.000000E+00    0.000000E+00    7.777321E+01   -3.278159E+01    4.374195E+00    0.000000E+00    0.000000E+00    0.000000E+00
9.375000E-01   -1.850010E+01   -3.682205E+01   -2.339486E+02    0.000000E+00    0.000000E+00    0.000000E+00    7.691772E+01   -4.295551E+01    4.312692E-01    0.000000E+00    0.000000E+00    0.000000E+00
9.385000E-01   -2.253270E+01   -2.471768E+01   -2.454511E+02    0.000000E+00    0.000000E+00    0.000000E+00    7.190316E+01   -4.657974E+01   -2.166074E+00    0.000000E+00    0.000000E+00    0.000000E+00
9.395000E-01   -7.642746E+00   -2.145661E+01   -2.192097E+02    0.000000E+00    0.000000E+00    0.000000E+00    6.461702E+01   -3.473825E+01    8.861414E-01    0.000000E+00    0.000000E+00    0.000000E+00
9.405000E-01   -1.243028E+01   -3.469405E+01   -2.041922E+02    0.000000E+00    0.000000E+00    0.000000E+00    6.978544E+01   -3.620719E+01    1.655087E+00    0.000000E+00    0.000000E+00    0.000000E+00
9.415000E-01   -1.632765E+01   -3.512019E+01   -2.394041E+02    0.000000E+00    0.000000E+00    0.000000E+00    7.948771E+01   -4.453633E+01    9.516484E-01    0.000000E+00    0.000000E+00    0.000000E+00
9.425000E-01   -1.147602E+01   -2.655120E+01   -2.283706E+02    0.000000E+00    0.000000E+00    0.000000E+00    7.171705E+01   -4.029979E+01    9.206346E-01    0.000000E+00    0.000000E+00    0.000000E+00
9.435000E-01   -2.612795E+01   -5.869731E+01   -2.305363E+02    0.000000E+00    0.000000E+00    0.000000E+00    9.441035E+01   -5.147323E+01    2.152047E+00    0.000000E+00    0.000000E+00    0.000000E+00
9.445000E-01   -1.871620E+01   -3.577489E+01   -2.195775E+02    0.000000E+00    0.000000E+00    0.000000E+00    7.727092E+01   -4.507629E+01    5.918423E-01    0.000000E+00    0.000000E+00    0.000000E+00
9.455000E-01   -3.779487E+01   -5.788790E+01   -2.132545E+02    0.000000E+00    0.000000E+00    0.000000E+00    9.186469E+01   -5.764925E+01   -7.552940E-01    0.000000E+00    0.000000E+00    0.000000E+00
9.465000E-01   -2.848562E+01   -4.221959E+01   -1.979103E+02    0.000000E+00    0.000000E+00    0.000000E+00    7.719636E+01   -4.874623E+01   -8.914845E-01    0.000000E+00    0.000000E+00    0.000000E+00
9.475000E-01   -3.425590E+01   -4.825461E+01   -2.437971E+02    0.000000E+00    0.000000E+00    0.000000E+00    9.407158E+01   -6.060362E+01   -1.443110E+00    0.000000E+00    0.000000E+00    0.000000E+00
9.485000E-01   -3.146125E+01   -4.237764E+01   -2.026221E+02    0.000000E+00    0.000000E+00    0.000000E+00    8.031074E+01   -5.289933E+01   -1.623055E+00    0.000000E+00    0.000000E+00    0.000000E+00
9.495000E-01   -2.011005E+01   -5.486962E+01   -2.253543E+02    0.000000E+00    0.000000E+00    0.000000E+00    9.453330E+01   -4.982883E+01    3.426062E+00    0.000000E+00    0.000000E+00    0.000000E+00
9.505000E-01   -2.713622E+01   -2.881300E+01   -1.940655E+02    0.000000E+00    0.000000E+00    0.000000E+00    7.063141E+01   -4.949432E+01   -2.703965E+00    0.000000E+00    0.000000E+00    0.000000E+00
9.515000E-01   -3.326791E+01   -6.036507E+01   -2.097853E+02    0.000000E+00    0.000000E+00    0.000000E+00    9.572520E+01   -5.623347E+01    7.451322E-01    0.000000E+00    0.000000E+00    0.000000E+00
9.525000E-01   -2.330354E+01   -3.436703E+01   -2.256237E+02    0.000000E+00    0.000000E+00    0.000000E+00    8.387436E+01   -5.283031E+01   -8.863060E-01    0.000000E+00    0.000000E+00    0.000000E+00
9.535000E-01   -3.972479E+01   -6.708449E+01   -2.341589E+02    0.000000E+00    0.000000E+00    0.000000E+00    1.087224E+02   -6.556724E+01    3.607576E-02    0.000000E+00    0.000000E+00    0.000000E+00
9.545000E-01   -2.035243E+01   -4.319428E+01   -1.962093E+02    0.000000E+00    0.000000E+00    0.000000E+00    8.291637E+01   -4.681436E+01    1.383651E+00    0.000000E+00    0.000000E+00    0.000000E+00
9.555000E-01   -3.896960E+01   -2.544625E+01   -2.104291E+02    0.000000E+00    0.000000E+00    0.000000E+00    7.603190E+01   -6.078270E+01   -7.041248E+00    0.000000E+00    0.000000E+00    0.000000E+00
9.565000E-01   -9.390085E+00   -5.217213E+01   -2.343327E+02    0.000000E+00    0.000000E+00    0.000000E+00    1.012486E+02   -4.773344E+01    6.138168E+00    0.000000E+00    0.000000E+00    0.000000E+00
9.575000E-01   -3.591442E+01   -6.063597E+01   -2.160983E+02    0.000000E+00    0.000000E+00    0.000000E+00    1.016623E+02   -6.165473E+01    1.021643E-01    0.000000E+00    0.000000E+00    0.000000E+00
9.585000E-01   -2.742617E+01   -5.067714E+01   -2.487471E+02    0.000000E+00    0.000000E+00    0.000000E+00    1.062588E+02   -6.283069E+01    8.441332E-01    0.000000E+00    0.000000E+00    0.000000E+00
9.595000E-01   -2.111909E+01   -3.692056E+01   -1.987468E+02    0.000000E+00    0.000000E+00    0.000000E+00    8.244608E+01   -4.948527E+01    1.499706E-01    0.000000E+00    0.000000E+00    0.000000E+00
9.605000E-01   -4.535910E+01   -6.397488E+01   -2.243485E+02    0.000000E+00    0.000000E+00    0.000000E+00    1.102834E+02   -7.171683E+01   -2.051787E+00    0.000000E+00    0.000000E+00    0.000000E+00
9.615000E-01   -4.144508E+01   -5.135047E+01   -2.331668E+02    0.000000E+00    0.000000E+00    0.000000E+00    1.048458E+02   -7.068198E+01   -3.253552E+00    0.000000E+00    0.000000E+00    0.000000E+00
9.625000E-01   -3.465819E+01   -6.872120E+01   -2.472343E+02    0.000000E+00    0.000000E+00    0.000000E+00    1.205615E+02   -6.956597E+01    2.187041E+00    0.000000E+00    0.000000E+00    0.000000E+00
9.635000E-01   -3.573808E+01   -5.558982E+01   -2.420061E+02    0.000000E+00    0.000000E+00    0.000000E+00    1.118486E+02   -7.011639E+01   -6.160873E-01    0.000000E+00    0.000000E+00    0.000000E+00
9.645000E-01   -3.684429E+01   -3.974709E+01   -2.333124E+02    0.000000E+00    0.000000E+00    0.000000E+00    9.915495E+01   -6.910615E+01   -4.107528E+00    0.000000E+00    0.000000E+00    0.000000E+00
9.655000E-01   -2.359278E+01   -5.611120E+01   -2.156276E+02    0.000000E+00    0.000000E+00    0.000000E+00    1.046025E+02   -5.778665E+01    3.377526E+00    0.000000E+00    0.000000E+00    0.000000E+00
9.665000E-01   -2.058531E+01   -4.572961E+01   -2.397391E+02    0.000000E+00    0.000000E+00    0.000000E+00    1.070769E+02   -6.180206E+01    2.362139E+00    0.000000E+00    0.000000E+00    0.000000E+00
9.675000E-01   -4.717463E+01   -3.377325E+01   -2.206892E+02    0.000000E+00    0.000000E+00    0.000000E+00    9.508987E+01   -7.586033E+01   -8.874222E+00    0.000000E+00    0.000000E+00    0.000000E+00
9.685000E-01   -2.972395E+01   -6.040035E+01   -2.309521E+02    0.000000E+00    0.000000E+00    0.000000E+00    1.161390E+02   -6.755958E+01    2.488592E+00    0.000000E+00    0.000000E+00    0.000000E+00
9.695000E-01   -4.744005E+01   -6.163225E+01   -2.416126E+02    0.000000E+00    0.000000E+00    0.000000E+00    1.216329E+02   -8.245577E+01   -3.120513E+00    0.000000E+00    0.000000E+00    0.000000E+00
9.705000E-01   -3.016850E+01   -4.929100E+01   -2.025264E+02    0.000000E+00    0.000000E+00    0.000000E+00    1.018168E+02   -6.397114E+01    1.660405E-01    0.000000E+00    0.000000E+00    0.000000E+00
9.715000E-01   -5.488125E+01   -7.317641E+01   -2.052348E+02    0.000000E+00    0.000000E+00    0.000000E+00    1.189998E+02   -8.131375E+01   -3.110709E+00    0.000000E+00    0.000000E+00    0.000000E+00
9.725000E-01   -5.164029E+01   -8.059912E+01   -2.370068E+02    0.000000E+00    0.000000E+00    0.000000E+00    1.364136E+02   -8.767470E+01   -2.865956E-01    0.000000E+00    0.000000E+00    0.000000E+00
9.735000E-01   -3.801210E+01   -6.236903E+01   -2.217040E+02    0.000000E+00    0.000000E+00    0.000000E+00    1.198006E+02   -7.573430E+01    4.780204E-01    0.000000E+00    0.000000E+00    0.000000E+00
9.745000E-01   -4.574137E+01   -7.431706E+01   -2.069733E+02    0.000000E+00    0.000000E+00    0.000000E+00    1.229722E+02   -7.788723E+01    4.854567E-01    0.000000E+00    0.000000E+00    0.000000E+00
9.755000E-01   -5.315287E+01   -4.952880E+01   -2.173967E+02    0.000000E+00    0.000000E+00    0.000000E+00    1.118412E+02   -8.567068E+01   -8.063855E+00    0.000000E+00    0.000000E+00    0.000000E+00
9.765000E-01   -4.091296E+01   -5.619653E+01   -2.324266E+02    0.000000E+00    0.000000E+00    0.000000E+00    1.228527E+02   -8.207718E+01   -2.118274E+00    0.000000E+00    0.000000E+00    0.000000E+00
9.775000E-01   -3.273048E+01   -7.578483E+01   -2.160554E+02    0.000000E+00    0.000000E+00    0.000000E+00    1.297198E+02   -7.350077E+01    5.760554E+00    0.000000E+00    0.000000E+00    0.000000E+00
9.785000E-01   -4.087773E+01   -6.714927E+01   -2.629506E+02    0.000000E+00    0.000000E+00    0.000000E+00    1.439450E+02   -9.150624E+01    6.432963E-01    0.000000E+00    0.000000E+00    0.000000E+00
9.795000E-01   -3.508363E+01   -6.073020E+01   -1.996947E+02    0.000000E+00    0.000000E+00    0.000000E+00    1.161066E+02   -7.223752E+01    1.255397E+00    0.000000E+00    0.000000E+00    0.000000E+00
9.805000E-01   -5.689392E+01   -7.177946E+01   -2.385777E+02    0.000000E+00    0.000000E+00    0.000000E+00    1.397826E+02   -9.730014E+01   -4.338514E+00    0.000000E+00    0.000000E+00    0.000000E+00
9.815000E-01   -2.611243E+01   -5.492863E+01   -2.072110E+02    0.000000E+00    0.000000E+00    0.000000E+00    1.174291E+02   -6.999614E+01    3.387415E+00    0.000000E+00    0.000000E+00    0.000000E+00
9.825000E-01   -1.954362E+01   -7.036408E+01   -2.415566E+02    0.000000E+00    0.000000E+00    0.000000E+00    1.415761E+02   -7.521580E+01    1.014730E+01    0.000000E+00    0.000000E+00    0.000000E+00
9.835000E-01   -4.636492E+01   -5.602931E+01   -1.757194E+02    0.000000E+00    0.000000E+00    0.000000E+00    1.075067E+02   -7.638417E+01   -4.086766E+00    0.000000E+00    0.000000E+00    0.000000E+00
9.845000E-01   -7.042395E+01   -7.666853E+01   -2.919321E+02    0.000000E+00    0.000000E+00    0.000000E+00    1.699159E+02   -1.244695E+02   -8.417653E+00    0.000000E+00    0.000000E+00    0.000000E+00
9.855000E-01   -1.839818E+01   -7.085114E+01   -2.508804E+02    0.000000E+00    0.000000E+00    0.000000E+00    1.489529E+02   -7.949407E+01    1.123287E+01    0.000000E+00    0.000000E+00    0.000000E+00
9.865000E-01   -4.747547E+01   -7.069751E+01   -2.415208E+02    0.000000E+00    0.000000E+00    0.000000E+00    1.463632E+02   -9.725917E+01   -5.229581E-01    0.000000E+00    0.000000E+00    0.000000E+00
9.875000E-01   -4.445698E+01   -7.683979E+01   -2.344582E+02    0.000000E+00    0.000000E+00    0.000000E+00    1.498188E+02   -9.483657E+01    2.514105E+00    0.000000E+00    0.000000E+00    0.000000E+00
9.885000E-01   -3.978566E+01   -6.305150E+01   -2.542305E+02    0.000000E+00    0.000000E+00    0.000000E+00    1.485221E+02   -9.657124E+01    5.402706E-01    0.000000E+00    0.000000E+00    0.000000E+00
9.895000E-01   -6.070707E+01   -8.152274E+01   -2.740609E+02    0.000000E+00    0.000000E+00    0.000000E+00    1.747409E+02   -1.201016E+02   -3.010223E+00    0.000000E+00    0.000000E+00    0.000000E+00
9.905000E-01   -4.809974E+01   -9.032042E+01   -2.961268E+02    0.000000E+00    0.000000E+00    0.000000E+00    1.880190E+02   -1.166159E+02    4.766168E+00    0.000000E+00    0.000000E+00    0.000000E+00
9.915000E-01   -3.993449E+01   -6.736282E+01   -2.587102E+02    0.000000E+00    0.000000E+00    0.000000E+00    1.578008E+02   -1.014990E+02    1.951401E+00    0.000000E+00    0.000000E+00    0.000000E+00
9.925000E-01   -5.058350E+01   -5.792934E+01   -2.254724E+02    0.000000E+00    0.000000E+00    0.000000E+00    1.379760E+02   -9.947641E+01   -5.592003E+00    0.000000E+00    0.000000E+00    0.000000E+00
9.935000E-01   -3.404341E+01   -4.795367E+01   -1.893899E+02    0.000000E+00    0.000000E+00    0.000000E+00    1.171715E+02   -7.954953E+01   -1.212026E+00    0.000000E+00    0.000000E+00    0.000000E+00
9.945000E-01   -4.007349E+01   -9.506577E+01   -2.483807E+02    0.000000E+00    0.000000E+00    0.000000E+00    1.771355E+02   -1.027969E+02    1.033457E+01    0.000000E+00    0.000000E+00    0.000000E+00
9.955000E-01   -6.301665E+01   -9.133401E+01   -2.764727E+02    0.000000E+00    0.000000E+00    0.000000E+00    1.874416E+02   -1.262591E+02   -1.338365E+00    0.000000E+00    0.000000E+00    0.000000E+00
9.965000E-01   -3.699841E+01   -4.044201E+01   -2.034285E+02    0.000000E+00    0.000000E+00    0.000000E+00    1.212931E+02   -8.751480E+01   -4.873809E+00    0.000000E+00    0.000000E+00    0.000000E+00
9.975000E-01   -3.901403E+01   -6.415706E+01   -1.978286E+02    0.000000E+00    0.000000E+00    0.000000E+00    1.360520E+02   -8.819768E+01    1.557381E+00    0.000000E+00    0.000000E+00    0.000000E+00
9.985000E-01   -4.676766E+01   -4.808947E+01   -1.917015E+02    0.000000E+00    0.000000E+00    0.000000E+00    1.236191E+02   -9.235818E+01   -7.037861E+00    0.000000E+00    0.000000E+00    0.000000E+00
9.995000E-01   -4.264701E+01   -7.905451E+01   -2.164188E+02    0.000000E+00    0.000000E+00    0.000000E+00    1.562934E+02   -9.736524E+01    4.621636E+00    0.000000E+00    0.000000E+00    0.000000E+00
1.000500E+00   -4.914135E+01   -8.129938E+01   -2.165895E+02    0.000000E+00    0.000000E+00    0.000000E+00    1.616268E+02   -1.042306E+02    2.396542E+00    0.000000E+00    0.000000E+00    0.000000E+00
1.001500E+00   -5.135997E+01   -6.940288E+01   -2.194517E+02    0.000000E+00    0.000000E+00    0.000000E+00    1.542697E+02   -1.060127E+02   -2.712760E+00    0.000000E+00    0.000000E+00    0.000000E+00
1.002500E+00   -5.924046E+01   -1.030483E+02   -2.005966E+02    0.000000E+00    0.000000E+00    0.000000E+00    1.704892E+02   -1.070661E+02    4.509010E+00    0.000000E+00    0.000000E+00    0.000000E+00
1.003500E+00   -4.875665E+01   -7.563218E+01   -2.272754E+02    0.000000E+00    0.000000E+00    0.000000E+00    1.654445E+02   -1.087844E+02    6.017392E-01    0.000000E+00    0.000000E+00    0.000000E+00
1.004500E+00   -6.832956E+01   -8.690960E+01   -2.156973E+02    0.000000E+00    0.000000E+00    0.000000E+00    1.692150E+02   -1.195771E+02   -5.457725E+00    0.000000E+00    0.000000E+00    0.000000E+00
1.005500E+00   -4.837778E+01   -6.223905E+01   -2.549587E+02    0.000000E+00    0.000000E+00    0.000000E+00    1.721861E+02   -1.192182E+02   -3.841289E+00    0.000000E+00    0.000000E+00    0.000000E+00
1.006500E+00   -5.593851E+01   -9.513492E+01   -2.375937E+02    0.000000E+00    0.000000E+00    0.000000E+00    1.883409E+02   -1.203981E+02    3.624098E+00    0.000000E+00    0.000000E+00    0.000000E+00
1.007500E+00   -4.825051E+01   -5.653626E+01   -2.235038E+02    0.000000E+00    0.000000E+00    0.000000E+00    1.551527E+02   -1.106558E+02   -5.505054E+00    0.000000E+00    0.000000E+00    0.000000E+00
1.008500E+00   -7.009047E+01   -1.225524E+02   -2.538548E+02    0.000000E+00    0.000000E+00    0.000000E+00    2.188342E+02   -1.381061E+02    6.013254E+00    0.000000E+00    0.000000E+00    0.000000E+00
1.009500E+00   -6.071693E+01   -9.074385E+01   -2.592012E+02    0.000000E+00    0.000000E+00    0.000000E+00    2.006342E+02   -1.341508E+02   -1.624106E-01    0.000000E+00    0.000000E+00    0.000000E+00
1.010500E+00   -7.049068E+01   -8.399156E+01   -2.421581E+02    0.000000E+00    0.000000E+00    0.000000E+00    1.888511E+02   -1.359924E+02   -7.742906E+00    0.000000E+00    0.000000E+00    0.000000E+00
1.011500E+00   -5.332700E+01   -8.934468E+01   -2.708024E+02    0.000000E+00    0.000000E+00    0.000000E+00    2.077653E+02   -1.344405E+02    3.366613E+00    0.000000E+00    0.000000E+00    0.000000E+00
1.012500E+00   -6.095643E+01   -8.749838E+01   -2.261181E+02    0.000000E+00    0.000000E+00    0.000000E+00    1.857910E+02   -1.256339E+02   -1.350535E+00    0.000000E+00    0.000000E+00    0.000000E+00
1.013500E+00   -5.575359E+01   -6.826516E+01   -2.438984E+02    0.000000E+00    0.000000E+00    0.000000E+00    1.815777E+02   -1.283967E+02   -5.671724E+00    0.000000E+00    0.000000E+00    0.000000E+00
1.014500E+00   -6.171285E+01   -9.288636E+01   -2.488748E+02    0.000000E+00    0.000000E+00    0.000000E+00    2.042789E+02   -1.362889E+02    6.173519E-02    0.000000E+00    0.000000E+00    0.000000E+00
1.015500E+00   -5.001261E+01   -9.161477E+01   -2.391588E+02    0.000000E+00    0.000000E+00    0.000000E+00    1.993127E+02   -1.254145E+02    6.114612E+00    0.000000E+00    0.000000E+00    0.000000E+00
1.016500E+00   -6.311375E+01   -8.700139E+01   -2.375325E+02    0.000000E+00    0.000000E+00    0.000000E+00    1.964822E+02   -1.348904E+02   -2.961995E+00    0.000000E+00    0.000000E+00    0.000000E+00
1.017500E+00   -6.712226E+01   -1.005920E+02   -2.168570E+02    0.000000E+00    0.000000E+00    0.000000E+00    1.958342E+02   -1.310231E+02   -1.264747E-01    0.000000E+00    0.000000E+00    0.000000E+00
1.018500E+00   -6.392943E+01   -8.277809E+01   -2.121725E+02    0.000000E+00    0.000000E+00    0.000000E+00    1.823350E+02   -1.282265E+02   -5.148880E+00    0.000000E+00    0.000000E+00    0.000000E+00
1.019500E+00   -6.905634E+01   -1.032699E+02   -2.259027E+02    0.000000E+00    0.000000E+00    0.000000E+00    2.048852E+02   -1.374452E+02   -5.565412E-02    0.000000E+00    0.000000E+00    0.000000E+00
1.020500E+00   -4.883304E+01   -7.878996E+01   -2.474521E+02    0.000000E+00    0.000000E+00    0.000000E+00    2.011589E+02   -1.322915E+02    2.187080E+00    0.000000E+00    0.000000E+00    0.000000E+00
1.021500E+00   -6.457352E+01   -8.999141E+01   -2.166967E+02    0.000000E+00    0.000000E+00    0.000000E+00    1.934748E+02   -1.330502E+02   -2.579013E+00    0.000000E+00    0.000000E+00    0.000000E+00
1.022500E+00   -6.508541E+01   -9.606139E+01   -2.211027E+02    0.000000E+00    0.000000E+00    0.000000E+00    2.010954E+02   -1.356667E+02   -3.759507E-01    0.000000E+00    0.000000E+00    0.000000E+00
1.023500E+00   -4.748313E+01   -9.060453E+01   -2.223009E+02    0.000000E+00    0.000000E+00    0.000000E+00    1.991456E+02   -1.242628E+02    8.011120E+00    0.000000E+00    0.000000E+00    0.000000E+00
1.024500E+00   -6.771094E+01   -1.024596E+02   -2.269003E+02    0.000000E+00    0.000000E+00    0.000000E+00    2.119449E+02   -1.415614E+02    6.045555E-01    0.000000E+00    0.000000E+00    0.000000E+00
1.025500E+00   -5.299058E+01   -6.178248E+01   -2.566984E+02    0.000000E+00    0.000000E+00    0.000000E+00    2.007071E+02   -1.430901E+02   -7.089259E+00    0.000000E+00    0.000000E+00    0.000000E+00
1.026500E+00   -5.808641E+01   -9.749531E+01   -2.158833E+02    0.000000E+00    0.000000E+00    0.000000E+00    2.046086E+02   -1.320452E+02    4.403162E+00    0.000000E+00    0.000000E+00    0.000000E+00
1.027500E+00   -5.446990E+01   -9.644227E+01   -2.305916E+02    0.000000E+00    0.000000E+00    0.000000E+00    2.138210E+02   -1.360771E+02    6.293243E+00    0.000000E+00    0.000000E+00    0.000000E+00
1.028500E+00   -4.697601E+01   -6.422461E+01   -2.211099E+02    0.000000E+00    0.000000E+00    0.000000E+00    1.857800E+02   -1.276059E+02   -2.512900E+00    0.000000E+00    0.000000E+00    0.000000E+00
1.029500E+00   -7.023818E+01   -1.139044E+02   -2.447275E+02    0.000000E+00    0.000000E+00    0.000000E+00    2.385108E+02   -1.556248E+02    3.805357E+00    0.000000E+00    0.000000E+00    0.000000E+00
1.030500E+00   -6.780062E+01   -9.659413E+01   -2.438168E+02    0.000000E+00    0.000000E+00    0.000000E+00    2.266643E+02   -1.545396E+02   -1.938012E+00    0.000000E+00    0.000000E+00    0.000000E+00
1.031500E+00   -6.459445E+01   -1.121220E+02   -2.287026E+02    0.000000E+00    0.000000E+00    0.000000E+00    2.298748E+02   -1.465585E+02    6.791661E+00    0.000000E+00    0.000000E+00    0.000000E+00
1.032500E+00   -5.032365E+01   -7.616676E+01   -2.324276E+02    0.000000E+00    0.000000E+00    0.000000E+00    2.067782E+02   -1.382819E+02    5.400969E-01    0.000000E+00    0.000000E+00    0.000000E+00
1.033500E+00   -6.830810E+01   -9.633344E+01   -2.286721E+02    0.000000E+00    0.000000E+00    0.000000E+00    2.199254E+02   -1.504448E+02   -2.464372E+00    0.000000E+00    0.000000E+00    0.000000E+00
1.034500E+00   -5.314811E+01   -9.360391E+01   -2.690626E+02    0.000000E+00    0.000000E+00    0.000000E+00    2.465458E+02   -1.582534E+02    6.304262E+00    0.000000E+00    0.000000E+00    0.000000E+00
1.035500E+00   -7.924776E+01   -1.123277E+02   -2.177885E+02    0.000000E+00    0.000000E+00    0.000000E+00    2.288979E+02   -1.564795E+02   -2.591973E+00    0.000000E+00    0.000000E+00    0.000000E+00
1.036500E+00   -5.072089E+01   -7.794504E+01   -2.197118E+02    0.000000E+00    0.000000E+00    0.000000E+00    2.048563E+02   -1.362788E+02    1.033628E+00    0.000000E+00    0.000000E+00    0.000000E+00
1.037500E+00   -5.601794E+01   -9.925459E+01   -2.145787E+02    0.000000E+00    0.000000E+00    0.000000E+00    2.191056E+02   -1.388753E+02    6.904605E+00    0.000000E+00    0.000000E+00    0.000000E+00
1.038500E+00   -7.237976E+01   -8.708399E+01   -2.290137E+02    0.000000E+00    0.000000E+00    0.000000E+00    2.215824E+02   -1.591850E+02   -9.532718E+00    0.000000E+00    0.000000E+00    0.000000E+00
1.039500E+00   -7.366787E+01   -1.235344E+02   -2.231296E+02    0.000000E+00    0.000000E+00    0.000000E+00    2.458286E+02   -1.577970E+02    5.948091E+00    0.000000E+00    0.000000E+00    0.000000E+00
1.040500E+00   -5.859465E+01   -9.639830E+01   -2.175518E+02    0.000000E+00    0.000000E+00    0.000000E+00    2.226407E+02   -1.445813E+02    3.923026E+00    0.000000E+00    0.000000E+00    0.000000E+00
1.041500E+00   -6.827109E+01   -8.836993E+01   -2.037750E+02    0.000000E+00    0.000000E+00    0.000000E+00    2.086133E+02   -1.466599E+02   -6.480830E+00    0.000000E+00    0.000000E+00    0.000000E+00
1.042500E+00   -6.054913E+01   -9.997003E+01   -2.263628E+02    0.000000E+00    0.000000E+00    0.000000E+00    2.343593E+02   -1.519272E+02    4.151161E+00    0.000000E+00    0.000000E+00    0.000000E+00
1.043500E+00   -7.598025E+01   -1.119672E+02   -2.369400E+02    0.000000E+00    0.000000E+00    0.000000E+00    2.518468E+02   -1.693099E+02   -9.847787E-01    0.000000E+00    0.000000E+00    0.000000E+00
1.044500E+00   -5.619379E+01   -8.290783E+01   -2.404132E+02    0.000000E+00    0.000000E+00    0.000000E+00    2.323939E+02   -1.559276E+02   -6.498078E-01    0.000000E+00    0.000000E+00    0.000000E+00
1.045500E+00   -6.096193E+01   -1.083064E+02   -2.070209E+02    0.000000E+00    0.000000E+00    0.000000E+00    2.305346E+02   -1.449616E+02    7.855633E+00    0.000000E+00    0.000000E+00    0.000000E+00
1.046500E+00   -6.624736E+01   -8.181003E+01   -2.230380E+02    0.000000E+00    0.000000E+00    0.000000E+00    2.229004E+02   -1.577283E+02   -8.306310E+00    0.000000E+00    0.000000E+00    0.000000E+00
1.047500E+00   -7.478170E+01   -1.015253E+02   -2.398910E+02    0.000000E+00    0.000000E+00    0.000000E+00    2.513195E+02   -1.730700E+02   -5.105261E+00    0.000000E+00    0.000000E+00    0.000000E+00
1.048500E+00   -9.826479E+01   -1.759899E+02   -2.063103E+02    0.000000E+00    0.000000E+00    0.000000E+00    2.880972E+02   -1.768888E+02    1.353184E+01    0.000000E+00    0.000000E+00    0.000000E+00
1.049500E+00   -5.371480E+01   -7.334043E+01   -2.482390E+02    0.000000E+00    0.000000E+00    0.000000E+00    2.361289E+02   -1.610321E+02   -3.474753E+00    0.000000E+00    0.000000E+00    0.000000E+00
1.050500E+00   -8.400301E+01   -8.981335E+01   -1.714216E+02    0.000000E+00    0.000000E+00    0.000000E+00    1.968777E+02   -1.502317E+02   -1.764048E+01    0.000000E+00    0.000000E+00    0.000000E+00
1.051500E+00   -5.944327E+01   -1.286589E+02   -2.266111E+02    0.000000E+00    0.000000E+00    0.000000E+00    2.677996E+02   -1.573959E+02    1.895396E+01    0.000000E+00    0.000000E+00    0.000000E+00
1.052500E+00   -7.239676E+01   -9.937177E+01   -2.185446E+02    0.000000E+00    0.000000E+00    0.000000E+00    2.397543E+02   -1.644719E+02   -4.607221E+00    0.000000E+00    0.000000E+00    0.000000E+00
1.053500E+00   -9.021455E+01   -1.206317E+02   -1.964519E+02    0.000000E+00    0.000000E+00    0.000000E+00    2.427074E+02   -1.691600E+02   -7.533022E+00    0.000000E+00    0.000000E+00    0.000000E+00
1.054500E+00   -6.655696E+01   -9.792771E+01   -2.165740E+02    0.000000E+00    0.000000E+00    0.000000E+00    2.392576E+02   -1.601195E+02   -1.193142E+00    0.000000E+00    0.000000E+00    0.000000E+00
1.055500E+00   -7.194096E+01   -9.290080E+01   -2.023695E+02    0.000000E+00    0.000000E+00    0.000000E+00    2.264939E+02   -1.586661E+02   -7.704154E+00    0.000000E+00    0.000000E+00    0.000000E+00
1.056500E+00   -5.456187E+01   -9.261609E+01   -2.032887E+02    0.000000E+00    0.000000E+00    0.000000E+00    2.281649E+02   -1.458201E+02    5.082946E+00    0.000000E+00    0.000000E+00    0.000000E+00
1.057500E+00   -6.768045E+01   -1.184231E+02   -1.925997E+02    0.000000E+00    0.000000E+00    0.000000E+00    2.422498E+02   -1.516344E+02    7.966595E+00    0.000000E+00    0.000000E+00    0.000000E+00
1.058500E+00   -7.965503E+01   -9.239265E+01   -2.038570E+02    0.000000E+00    0.000000E+00    0.000000E+00    2.300126E+02   -1.673943E+02   -1.410857E+01    0.000000E+00    0.000000E+00    0.000000E+00
1.059500E+00   -6.361431E+01   -1.042981E+02   -2.201340E+02    0.000000E+00    0.000000E+00    0.000000E+00    2.531102E+02   -1.630855E+02    3.924316E+00    0.000000E+00    0.000000E+00    0.000000E+00
1.060500E+00   -6.155443E+01   -9.468682E+01   -2.017940E+02    0.000000E+00    0.000000E+00    0.000000E+00    2.318662E+02   -1.524883E+02    7.413582E-01    0.000000E+00    0.000000E+00    0.000000E+00
1.061500E+00   -7.101838E+01   -1.031622E+02   -2.135780E+02    0.000000E+00    0.000000E+00    0.000000E+00    2.499865E+02   -1.675276E+02   -2.289056E+00    0.000000E+00    0.000000E+00    0.000000E+00
1.062500E+00   -6.384571E+01   -9.151405E+01   -2.159487E+02    0.000000E+00    0.000000E+00    0.000000E+00    2.421363E+02   -1.627521E+02   -2.708087E+00    0.000000E+00    0.000000E+00    0.000000E+00
1.063500E+00   -5.867385E+01   -8.465899E+01   -1.936765E+02    0.000000E+00    0.000000E+00    0.000000E+00    2.208660E+02   -1.482276E+02   -2.273907E+00    0.000000E+00    0.000000E+00    0.000000E+00
1.064500E+00   -6.472515E+01   -1.158191E+02   -1.937277E+02    0.000000E+00    0.000000E+00    0.000000E+00    2.481759E+02   -1.540217E+02    8.884014E+00    0.000000E+00    0.000000E+00    0.000000E+00
1.065500E+00   -6.263483E+01   -9.069574E+01   -1.921417E+02    0.000000E+00    0.000000E+00    0.000000E+00    2.270373E+02   -1.520770E+02   -2.434892E+00    0.000000E+00    0.000000E+00    0.000000E+00
1.066500E+00   -8.815412E+01   -1.274056E+02   -1.975396E+02    0.000000E+00    0.000000E+00    0.000000E+00    2.634113E+02   -1.770661E+02   -3.547520E+00    0.000000E+00    0.000000E+00    0.000000E+00
1.067500E+00   -6.680253E+01   -1.057823E+02   -2.066882E+02    0.000000E+00    0.000000E+00    0.000000E+00    2.526147E+02   -1.639829E+02    2.132576E+00    0.000000E+00    0.000000E+00    0.000000E+00
1.068500E+00   -6.772590E+01   -1.122024E+02   -1.874495E+02    0.000000E+00    0.000000E+00    0.000000E+00    2.441212E+02   -1.554911E+02    4.737351E+00    0.000000E+00    0.000000E+00    0.000000E+00
1.069500E+00   -6.356269E+01   -9.913194E+01   -1.892618E+02    0.000000E+00    0.000000E+00    0.000000E+00    2.354802E+02   -1.533202E+02    1.198893E+00    0.000000E+00    0.000000E+00    0.000000E+00
1.070500E+00   -8.257530E+01   -1.201805E+02   -1.894537E+02    0.000000E+00    0.000000E+00    0.000000E+00    2.550492E+02   -1.705225E+02   -3.017753E+00    0.000000E+00    0.000000E+00    0.000000E+00
1.071500E+00   -6.418272E+01   -1.092292E+02   -1.894625E+02    0.000000E+00    0.000000E+00    0.000000E+00    2.462754E+02   -1.551846E+02    5.963151E+00    0.000000E+00    0.000000E+00    0.000000E+00
1.072500E+00   -8.451060E+01   -1.285686E+02   -2.124274E+02    0.000000E+00    0.000000E+00    0.000000E+00    2.811792E+02   -1.846776E+02   -1.675429E-01    0.000000E+00    0.000000E+00    0.000000E+00
1.073500E+00   -5.405002E+01   -9.103550E+01   -2.051530E+02    0.000000E+00    0.000000E+00    0.000000E+00    2.445134E+02   -1.554192E+02    4.561840E+00    0.000000E+00    0.000000E+00    0.000000E+00
1.074500E+00   -7.306757E+01   -1.010885E+02   -2.040601E+02    0.000000E+00    0.000000E+00    0.000000E+00    2.530622E+02   -1.716082E+02   -5.575042E+00    0.000000E+00    0.000000E+00    0.000000E+00
1.075500E+00   -7.260243E+01   -1.145412E+02   -1.714118E+02    0.000000E+00    0.000000E+00    0.000000E+00    2.395606E+02   -1.546094E+02    1.822568E+00    0.000000E+00    0.000000E+00    0.000000E+00
1.076500E+00   -6.084418E+01   -9.706451E+01   -1.895128E+02    0.000000E+00    0.000000E+00    0.000000E+00    2.402970E+02   -1.547879E+02    2.177955E+00    0.000000E+00    0.000000E+00    0.000000E+00
1.077500E+00   -7.659341E+01   -1.229254E+02   -2.118052E+02    0.000000E+00    0.000000E+00    0.000000E+00    2.810471E+02   -1.802851E+02    3.062479E+00    0.000000E+00    0.000000E+00    0.000000E+00
1.078500E+00   -7.521643E+01   -1.150356E+02   -2.066487E+02    0.000000E+00    0.000000E+00    0.000000E+00    2.716037E+02   -1.771286E+02   -1.332160E-01    0.000000E+00    0.000000E+00    0.000000E+00
1.079500E+00   -7.073106E+01   -1.048374E+02   -1.719102E+02    0.000000E+00    0.000000E+00    0.000000E+00    2.347415E+02   -1.549657E+02   -2.041342E+00    0.000000E+00    0.000000E+00    0.000000E+00
1.080500E+00   -7.430115E+01   -1.289139E+02   -1.814120E+02    0.000000E+00    0.000000E+00    0.000000E+00    2.645792E+02   -1.636732E+02    7.824976E+00    0.000000E+00    0.000000E+00    0.000000E+00
1.081500E+00   -5.430127E+01   -8.848292E+01   -1.572088E+02    0.000000E+00    0.000000E+00    0.000000E+00    2.096155E+02   -1.334215E+02    2.635075E+00    0.000000E+00    0.000000E+00    0.000000E+00
1.082500E+00   -8.434145E+01   -1.107153E+02   -1.898520E+02    0.000000E+00    0.000000E+00    0.000000E+00    2.568108E+02   -1.776715E+02   -1.048521E+01    0.000000E+00    0.000000E+00    0.000000E+00
1.083500E+00   -6.061831E+01   -1.162089E+02   -1.902494E+02    0.000000E+00    0.000000E+00    0.000000E+00    2.637275E+02   -1.578065E+02    1.226449E+01    0.000000E+00    0.000000E+00    0.000000E+00
1.084500E+00   -7.559627E+01   -1.025743E+02   -2.037427E+02    0.000000E+00    0.000000E+00    0.000000E+00    2.619171E+02   -1.779116E+02   -7.664155E+00    0.000000E+00    0.000000E+00    0.000000E+00
1.085500E+00   -7.121947E+01   -1.095523E+02   -1.741942E+02    0.000000E+00    0.000000E+00    0.000000E+00    2.459689E+02   -1.592975E+02   -3.282486E-01    0.000000E+00    0.000000E+00    0.000000E+00
1.086500E+00   -6.286947E+01   -9.936361E+01   -1.857787E+02    0.000000E+00    0.000000E+00    0.000000E+00    2.465653E+02   -1.580435E+02    1.135551E+00    0.000000E+00    0.000000E+00    0.000000E+00
1.087500E+00   -7.401154E+01   -1.210692E+02   -1.840044E+02    0.000000E+00    0.000000E+00    0.000000E+00    2.650293E+02   -1.673497E+02    3.442148E+00    0.000000E+00    0.000000E+00    0.000000E+00
1.088500E+00   -7.349962E+01   -1.220335E+02   -1.566830E+02    0.000000E+00    0.000000E+00    0.000000E+00    2.445249E+02   -1.527459E+02    4.144869E+00    0.000000E+00    0.000000E+00    0.000000E+00
1.089500E+00   -6.661929E+01   -9.578375E+01   -1.776242E+02    0.000000E+00    0.000000E+00    0.000000E+00    2.385032E+02   -1.579022E+02   -4.334013E+00    0.000000E+00    0.000000E+00    0.000000E+00
1.090500E+00   -7.121231E+01   -1.043666E+02   -1.568050E+02    0.000000E+00    0.000000E+00    0.000000E+00    2.296191E+02   -1.512381E+02   -3.616973E+00    0.000000E+00    0.000000E+00    0.000000E+00
1.091500E+00   -5.813257E+01   -8.825363E+01   -1.816296E+02    0.000000E+00    0.000000E+00    0.000000E+00    2.361521E+02   -1.530130E+02   -1.270628E+00    0.000000E+00    0.000000E+00    0.000000E+00
1.092500E+00   -7.620542E+01   -1.195596E+02   -1.711773E+02    0.000000E+00    0.000000E+00    0.000000E+00    2.568993E+02   -1.641870E+02    2.359835E-01    0.000000E+00    0.000000E+00    0.000000E+00
1.093500E+00   -6.625308E+01   -1.133690E+02   -1.720220E+02    0.000000E+00    0.000000E+00    0.000000E+00    2.524031E+02   -1.557597E+02    5.452257E+00    0.000000E+00    0.000000E+00    0.000000E+00
1.094500E+00   -7.019286E+01   -1.016413E+02   -1.582773E+02    0.000000E+00    0.000000E+00    0.000000E+00    2.302778E+02   -1.519041E+02   -4.500956E+00    0.000000E+00    0.000000E+00    0.000000E+00
1.095500E+00   -6.201736E+01   -1.007845E+02   -1.708372E+02    0.000000E+00    0.000000E+00    0.000000E+00    2.412480E+02   -1.518806E+02    1.993454E+00    0.000000E+00    0.000000E+00    0.000000E+00
1.096500E+00   -7.104159E+01   -1.148711E+02   -1.783016E+02    0.000000E+00    0.000000E+00    0.000000E+00    2.605349E+02   -1.642169E+02    1.915901E+00    0.000000E+00    0.000000E+00    0.000000E+00
1.097500E+00   -7.307499E+01   -1.007977E+02   -1.763647E+02    0.000000E+00    0.000000E+00    0.000000E+00    2.470288E+02   -1.654881E+02   -7.858770E+00    0.000000E+00    0.000000E+00    0.000000E+00
1.098500E+00   -6.323855E+01   -9.464760E+01   -1.685420E+02    0.000000E+00    0.000000E+00    0.000000E+00    2.353188E+02   -1.523431E+02   -2.744314E+00    0.000000E+00    0.000000E+00    0.000000E+00
1.099500E+00   -7.562877E+01   -1.037760E+02   -1.539608E+02    0.000000E+00    0.000000E+00    0.000000E+00    2.316498E+02   -1.560868E+02   -8.468515E+00    0.000000E+00    0.000000E+00    0.000000E+00
1.100500E+00   -6.216579E+01   -1.054765E+02   -1.901423E+02    0.000000E+00    0.000000E+00    0.000000E+00    2.646266E+02   -1.637536E+02    4.289243E+00    0.000000E+00    0.000000E+00    0.000000E+00
1.101500E+00   -6.743059E+01   -9.008947E+01   -1.562252E+02    0.000000E+00    0.000000E+00    0.000000E+00    2.218909E+02   -1.502266E+02   -9.073990E+00    0.000000E+00    0.000000E+00    0.000000E+00
1.102500E+00   -6.940506E+01   -1.227872E+02   -1.650727E+02    0.000000E+00    0.000000E+00    0.000000E+00    2.602552E+02   -1.570311E+02    7.362212E+00    0.000000E+00    0.000000E+00    0.000000E+00
1.103500E+00   -5.299939E+01   -8.661656E+01   -1.620372E+02    0.000000E+00    0.000000E+00    0.000000E+00    2.249949E+02   -1.404542E+02    1.520865E+00    0.000000E+00    0.000000E+00    0.000000E+00
1.104500E+00   -7.346089E+01   -1.004455E+02   -1.630656E+02    0.000000E+00    0.000000E+00    0.000000E+00    2.389696E+02   -1.601872E+02   -9.011214E+00    0.000000E+00    0.000000E+00    0.000000E+00
1.105500E+00   -7.018603E+01   -1.339901E+02   -1.434204E+02    0.000000E+00    0.000000E+00    0.000000E+00    2.545382E+02   -1.467951E+02    1.246601E+01    0.000000E+00    0.000000E+00    0.000000E+00
1.106500E+00   -7.430452E+01   -9.689941E+01   -1.594809E+02    0.000000E+00    0.000000E+00    0.000000E+00    2.333981E+02   -1.593838E+02   -1.191098E+01    0.000000E+00    0.000000E+00    0.000000E+00
1.107500E+00   -6.509780E+01   -9.507724E+01   -1.347060E+02    0.000000E+00    0.000000E+00    0.000000E+00    2.106069E+02   -1.372615E+02   -4.924088E+00    0.000000E+00    0.000000E+00    0.000000E+00
1.108500E+00   -6.351360E+01   -1.123742E+02   -1.508601E+02    0.000000E+00    0.000000E+00    0.000000E+00    2.413096E+02   -1.449663E+02    6.384081E+00    0.000000E+00    0.000000E+00    0.000000E+00
1.109500E+00   -6.039840E+01   -1.058029E+02   -1.512199E+02    0.000000E+00    0.000000E+00    0.000000E+00    2.359549E+02   -1.424395E+02    5.420317E+00    0.000000E+00    0.000000E+00    0.000000E+00
1.110500E+00   -5.499370E+01   -1.025791E+02   -1.353672E+02    0.000000E+00    0.000000E+00    0.000000E+00    2.190792E+02   -1.284522E+02    8.338677E+00    0.000000E+00    0.000000E+00    0.000000E+00
1.111500E+00   -7.285628E+01   -1.084858E+02   -1.696764E+02    0.000000E+00    0.000000E+00    0.000000E+00    2.561322E+02   -1.648007E+02   -4.605083E+00    0.000000E+00    0.000000E+00    0.000000E+00
1.112500E+00   -6.233647E+01   -9.304271E+01   -1.651591E+02    0.000000E+00    0.000000E+00    0.000000E+00    2.378917E+02   -1.524930E+02   -3.907813E+00    0.000000E+00    0.000000E+00    0.000000E+00
1.113500E+00   -6.532410E+01   -1.210810E+02   -1.543317E+02    0.000000E+00    0.000000E+00    0.000000E+00    2.548079E+02   -1.491975E+02    9.173541E+00    0.000000E+00    0.000000E+00    0.000000E+00
1.114500E+00   -7.557973E+01   -1.053740E+02   -1.618156E+02    0.000000E+00    0.000000E+00    0.000000E+00    2.475421E+02   -1.634701E+02   -9.124404E+00    0.000000E+00    0.000000E+00    0.000000E+00
1.115500E+00   -6.975000E+01   -1.206058E+02   -1.634386E+02    0.000000E+00    0.000000E+00    0.000000E+00    2.636575E+02   -1.589020E+02    4.729393E+00    0.000000E+00    0.000000E+00    0.000000E+00
1.116500E+00   -6.469055E+01   -9.794816E+01   -1.456586E+02    0.000000E+00    0.000000E+00    0.000000E+00    2.261255E+02   -1.441920E+02   -3.440772E+00    0.000000E+00    0.000000E+00    0.000000E+00
1.117500E+00   -5.508516E+01   -1.117718E+02   -1.452242E+02    0.000000E+00    0.000000E+00    0.000000E+00    2.390566E+02   -1.348512E+02    1.314855E+01    0.000000E+00    0.000000E+00    0.000000E+00
1.118500E+00   -5.904058E+01   -9.695763E+01   -1.556391E+02    0.000000E+00    0.000000E+00    0.000000E+00    2.351173E+02   -1.446525E+02    1.035341E+00    0.000000E+00    0.000000E+00    0.000000E+00
1.119500E+00   -5.786804E+01   -1.013077E+02   -1.361453E+02    0.000000E+00    0.000000E+00    0.000000E+00    2.214938E+02   -1.324454E+02    4.462151E+00    0.000000E+00    0.000000E+00    0.000000E+00
1.120500E+00   -5.940012E+01   -1.072221E+02   -1.554375E+02    0.000000E+00    0.000000E+00    0.000000E+00    2.455396E+02   -1.449683E+02    6.209729E+00    0.000000E+00    0.000000E+00    0.000000E+00
1.121500E+00   -7.986458E+01   -8.466602E+01   -1.589214E+02    0.000000E+00    0.000000E+00    0.000000E+00    2.273070E+02   -1.666422E+02   -2.533390E+01    0.000000E+00    0.000000E+00    0.000000E+00
1.122500E+00   -5.999768E+01   -1.189789E+02   -1.583883E+02    0.000000E+00    0.000000E+00    0.000000E+00    2.603431E+02   -1.474753E+02    1.210839E+01    0.000000E+00    0.000000E+00    0.000000E+00
1.123500E+00   -8.185373E+01   -1.331453E+02   -1.679424E+02    0.000000E+00    0.000000E+00    0.000000E+00    2.827334E+02   -1.738146E+02    3.738044E-02    0.000000E+00    0.000000E+00    0.000000E+00
1.124500E+00   -5.716035E+01   -9.904371E+01   -1.425121E+02    0.000000E+00    0.000000E+00    0.000000E+00    2.270565E+02   -1.360950E+02    3.558179E+00    0.000000E+00    0.000000E+00    0.000000E+00
1.125500E+00   -5.380420E+01   -9.574034E+01   -1.271029E+02    0.000000E+00    0.000000E+00    0.000000E+00    2.099069E+02   -1.239239E+02    4.650360E+00    0.000000E+00    0.000000E+00    0.000000E+00
1.126500E+00   -5.525888E+01   -9.432962E+01   -1.416439E+02    0.000000E+00    0.000000E+00    0.000000E+00    2.222718E+02   -1.338211E+02    2.501583E+00    0.000000E+00    0.000000E+00    0.000000E+00
1.127500E+00   -6.743962E+01   -1.226234E+02   -1.463611E+02    0.000000E+00    0.000000E+00    0.000000E+00    2.544831E+02   -1.481100E+02    6.901877E+00    0.000000E+00    0.000000E+00    0.000000E+00
1.128500E+00   -6.243046E+01   -8.776415E+01   -1.517045E+02    0.000000E+00    0.000000E+00    0.000000E+00    2.261965E+02   -1.464407E+02   -8.269730E+00    0.000000E+00    0.000000E+00    0.000000E+00
1.129500E+00   -6.117395E+01   -1.011640E+02   -1.288988E+02    0.000000E+00    0.000000E+00    0.000000E+00    2.185580E+02   -1.322387E+02    1.759492E-01    0.000000E+00    0.000000E+00    0.000000E+00
1.130500E+00   -6.090951E+01   -8.816029E+01   -1.281886E+02    0.000000E+00    0.000000E+00    0.000000E+00    2.049877E+02   -1.316818E+02   -6.753310E+00    0.000000E+00    0.000000E+00    0.000000E+00
1.131500E+00   -6.007310E+01   -1.051854E+02   -1.411594E+02    0.000000E+00    0.000000E+00    0.000000E+00    2.338793E+02   -1.382796E+02    3.586742E+00    0.000000E+00    0.000000E+00    0.000000E+00
1.132500E+00   -6.417384E+01   -1.100492E+02   -1.437915E+02    0.000000E+00    0.000000E+00    0.000000E+00    2.410839E+02   -1.437986E+02    2.522584E+00    0.000000E+00    0.000000E+00    0.000000E+00
1.133500E+00   -5.874087E+01   -9.955013E+01   -1.456351E+02    0.000000E+00    0.000000E+00    0.000000E+00    2.327577E+02   -1.395221E+02    1.587805E+00    0.000000E+00    0.000000E+00    0.000000E+00
1.134500E+00   -5.864732E+01   -1.139849E+02   -1.303630E+02    0.000000E+00    0.000000E+00    0.000000E+00    2.335062E+02   -1.306308E+02    9.277686E+00    0.000000E+00    0.000000E+00    0.000000E+00
1.135500E+00   -5.754598E+01   -1.082049E+02   -1.376692E+02    0.000000E+00    0.000000E+00    0.000000E+00    2.341693E+02   -1.336071E+02    7.239768E+00    0.000000E+00    0.000000E+00    0.000000E+00
1.136500E+00   -7.149653E+01   -1.102135E+02   -1.553112E+02    0.000000E+00    0.000000E+00    0.000000E+00    2.528656E+02   -1.572261E+02   -4.783525E+00    0.000000E+00    0.000000E+00    0.000000E+00
1.137500E+00   -7.447366E+01   -1.109704E+02   -1.677894E+02    0.000000E+00    0.000000E+00    0.000000E+00    2.658824E+02   -1.671401E+02   -7.445861E+00    0.000000E+00    0.000000E+00    0.000000E+00
1.138500E+00   -6.778519E+01   -8.873613E+01   -1.474355E+02    0.000000E+00    0.000000E+00    0.000000E+00    2.252167E+02   -1.491488E+02   -1.371604E+01    0.000000E+00    0.000000E+00    0.000000E+00
1.139500E+00   -5.278904E+01   -1.106710E+02   -1.204572E+02    0.000000E+00    0.000000E+00    0.000000E+00    2.209658E+02   -1.192438E+02    1.270165E+01    0.000000E+00    0.000000E+00    0.000000E+00
1.140500E+00   -5.422795E+01   -9.355251E+01   -1.278572E+02    0.000000E+00    0.000000E+00    0.000000E+00    2.119994E+02   -1.249309E+02    1.601599E+00    0.000000E+00    0.000000E+00    0.000000E+00
1.141500E+00   -5.866089E+01   -1.131713E+02   -1.391629E+02    0.000000E+00    0.000000E+00    0.000000E+00    2.416022E+02   -1.355179E+02    8.369360E+00    0.000000E+00    0.000000E+00    0.000000E+00
1.142500E+00   -6.788656E+01   -1.075891E+02   -1.555776E+02    0.000000E+00    0.000000E+00    0.000000E+00    2.513987E+02   -1.537851E+02   -3.320661E+00    0.000000E+00    0.000000E+00    0.000000E+00
1.143500E+00   -6.491446E+01   -8.979006E+01   -1.414694E+02    0.000000E+00    0.000000E+00    0.000000E+00    2.212126E+02   -1.430290E+02   -1.075716E+01    0.000000E+00    0.000000E+00    0.000000E+00
1.144500E+00   -6.571338E+01   -9.584953E+01   -1.342065E+02    0.000000E+00    0.000000E+00    0.000000E+00    2.205779E+02   -1.395178E+02   -8.370906E+00    0.000000E+00    0.000000E+00    0.000000E+00
1.145500E+00   -6.982866E+01   -8.371410E+01   -1.406477E+02    0.000000E+00    0.000000E+00    0.000000E+00    2.144856E+02   -1.474520E+02   -1.866919E+01    0.000000E+00    0.000000E+00    0.000000E+00
1.146500E+00   -6.498825E+01   -8.849029E+01   -1.395799E+02    0.000000E+00    0.000000E+00    0.000000E+00    2.194060E+02   -1.419953E+02   -1.205833E+01    0.000000E+00    0.000000E+00    0.000000E+00
1.147500E+00   -7.812365E+01   -1.087202E+02   -1.694018E+02    0.000000E+00    0.000000E+00    0.000000E+00    2.672575E+02   -1.714037E+02   -1.315620E+01    0.000000E+00    0.000000E+00    0.000000E+00
1.148500E+00   -5.315527E+01   -9.816071E+01   -1.220748E+02    0.000000E+00    0.000000E+00    0.000000E+00    2.122937E+02   -1.203298E+02    4.368323E+00    0.000000E+00    0.000000E+00    0.000000E+00
1.149500E+00   -5.585473E+01   -1.194283E+02   -1.246321E+02    0.000000E+00    0.000000E+00    0.000000E+00    2.356481E+02   -1.242976E+02    1.355707E+01    0.000000E+00    0.000000E+00    0.000000E+00
1.150500E+00   -5.625289E+01   -9.382477E+01   -1.299787E+02    0.000000E+00    0.000000E+00    0.000000E+00    2.163949E+02   -1.277815E+02   -1.331576E+00    0.000000E+00    0.000000E+00    0.000000E+00
1.151500E+00   -6.201895E+01   -8.344525E+01   -1.438370E+02    0.000000E+00    0.000000E+00    0.000000E+00    2.188785E+02   -1.410988E+02   -1.249808E+01    0.000000E+00    0.000000E+00    0.000000E+00
1.152500E+00   -6.279959E+01   -1.105143E+02   -1.216138E+02    0.000000E+00    0.000000E+00    0.000000E+00    2.246267E+02   -1.292424E+02    1.502133E+00    0.000000E+00    0.000000E+00    0.000000E+00
1.153500E+00   -7.333221E+01   -8.403252E+01   -1.394140E+02    0.000000E+00    0.000000E+00    0.000000E+00    2.151216E+02   -1.498446E+02   -2.281039E+01    0.000000E+00    0.000000E+00    0.000000E+00
1.154500E+00   -6.000432E+01   -1.061673E+02   -1.329033E+02    0.000000E+00    0.000000E+00    0.000000E+00    2.316442E+02   -1.326311E+02    1.437007E+00    0.000000E+00    0.000000E+00    0.000000E+00
1.155500E+00   -6.870443E+01   -8.059621E+01   -1.451229E+02    0.000000E+00    0.000000E+00    0.000000E+00    2.178019E+02   -1.485224E+02   -2.049236E+01    0.000000E+00    0.000000E+00    0.000000E+00
1.156500E+00   -4.726736E+01   -9.194241E+01   -1.162020E+02    0.000000E+00    0.000000E+00    0.000000E+00    2.020968E+02   -1.103950E+02    5.233587E+00    0.000000E+00    0.000000E+00    0.000000E+00
1.157500E+00   -4.071558E+01   -1.180337E+02   -1.184103E+02    0.000000E+00    0.000000E+00    0.000000E+00    2.297270E+02   -1.050978E+02    2.595601E+01    0.000000E+00    0.000000E+00    0.000000E+00
1.158500E+00   -6.868671E+01   -1.035684E+02   -1.479839E+02    0.000000E+00    0.000000E+00    0.000000E+00    2.439261E+02   -1.492157E+02   -8.629479E+00    0.000000E+00    0.000000E+00    0.000000E+00
1.159500E+00   -5.486645E+01   -1.095191E+02   -1.375970E+02    0.000000E+00    0.000000E+00    0.000000E+00    2.400026E+02   -1.295520E+02    7.513968E+00    0.000000E+00    0.000000E+00    0.000000E+00
1.160500E+00   -5.334533E+01   -1.034875E+02   -1.289767E+02    0.000000E+00    0.000000E+00    0.000000E+00    2.256313E+02   -1.233104E+02    5.729542E+00    0.000000E+00    0.000000E+00    0.000000E+00
1.161500E+00   -6.917867E+01   -9.663808E+01   -1.370134E+02    0.000000E+00    0.000000E+00    0.000000E+00    2.263682E+02   -1.434496E+02   -1.303825E+01    0.000000E+00    0.000000E+00    0.000000E+00
1.162500E+00   -6.254587E+01   -1.125384E+02   -1.447476E+02    0.000000E+00    0.000000E+00    0.000000E+00    2.500046E+02   -1.408843E+02    1.607904E+00    0.000000E+00    0.000000E+00    0.000000E+00
1.163500E+00   -6.970652E+01   -1.054511E+02   -1.521928E+02    0.000000E+00    0.000000E+00    0.000000E+00    2.500808E+02   -1.521121E+02   -9.042467E+00    0.000000E+00    0.000000E+00    0.000000E+00
1.164500E+00   -4.725799E+01   -9.467602E+01   -1.222621E+02    0.000000E+00    0.000000E+00    0.000000E+00    2.109747E+02   -1.132051E+02    6.243071E+00    0.000000E+00    0.000000E+00    0.000000E+00
1.165500E+00   -7.405647E+01   -9.279374E+01   -1.381103E+02    0.000000E+00    0.000000E+00    0.000000E+00    2.240165E+02   -1.484954E+02   -2.028522E+01    0.000000E+00    0.000000E+00    0.000000E+00
1.166500E+00   -5.968964E+01   -9.219281E+01   -1.394483E+02    0.000000E+00    0.000000E+00    0.000000E+00    2.251363E+02   -1.347082E+02   -7.250584E+00    0.000000E+00    0.000000E+00    0.000000E+00
1.167500E+00   -5.686551E+01   -1.293858E+02   -1.373058E+02    0.000000E+00    0.000000E+00    0.000000E+00    2.595980E+02   -1.306947E+02    1.563472E+01    0.000000E+00    0.000000E+00    0.000000E+00
1.168500E+00   -6.716690E+01   -1.054094E+02   -1.435669E+02    0.000000E+00    0.000000E+00    0.000000E+00    2.425519E+02   -1.439820E+02   -7.599499E+00    0.000000E+00    0.000000E+00    0.000000E+00
1.169500E+00   -4.999657E+01   -9.988179E+01   -1.393295E+02    0.000000E+00    0.000000E+00    0.000000E+00    2.334759E+02   -1.240027E+02    5.255553E+00    0.000000E+00    0.000000E+00    0.000000E+00
1.170500E+00   -7.717197E+01   -1.108159E+02   -1.418976E+02    0.000000E+00    0.000000E+00    0.000000E+00    2.458865E+02   -1.532541E+02   -1.408945E+01    0.000000E+00    0.000000E+00    0.000000E+00
1.171500E+00   -5.624231E+01   -9.950120E+01   -1.219065E+02    0.000000E+00    0.000000E+00    0.000000E+00    2.160648E+02   -1.211238E+02   -7.491977E-01    0.000000E+00    0.000000E+00    0.000000E+00
1.172500E+00   -6.142691E+01   -9.381093E+01   -1.347803E+02    0.000000E+00    0.000000E+00    0.000000E+00    2.232225E+02   -1.332533E+02   -8.855276E+00    0.000000E+00    0.000000E+00    0.000000E+00
1.173500E+00   -5.460890E+01   -8.861354E+01   -1.166815E+02    0.000000E+00    0.000000E+00    0.000000E+00    2.003349E+02   -1.166475E+02   -5.063926E+00    0.000000E+00    0.000000E+00    0.000000E+00
1.174500E+00   -4.568799E+01   -8.881143E+01   -1.104332E+02    0.000000E+00    0.000000E+00    0.000000E+00    1.948652E+02   -1.039335E+02    3.122670E+00    0.000000E+00    0.000000E+00    0.000000E+00
1.175500E+00   -4.933873E+01   -8.267098E+01   -1.153394E+02    0.000000E+00    0.000000E+00    0.000000E+00    1.936070E+02   -1.101718E+02   -3.684145E+00    0.000000E+00    0.000000E+00    0.000000E+00
1.176500E+00   -4.959075E+01   -1.071006E+02   -1.224798E+02    0.000000E+00    0.000000E+00    0.000000E+00    2.245495E+02   -1.139128E+02    8.857786E+00    0.000000E+00    0.000000E+00    0.000000E+00
1.177500E+00   -5.128541E+01   -1.118635E+02   -1.233944E+02    0.000000E+00    0.000000E+00    0.000000E+00    2.303884E+02   -1.160901E+02    9.609037E+00    0.000000E+00    0.000000E+00    0.000000E+00
1.178500E+00   -3.744666E+01   -9.542813E+01   -1.177540E+02    0.000000E+00    0.000000E+00    0.000000E+00    2.090610E+02   -9.882317E+01    1.378684E+01    0.000000E+00    0.000000E+00    0.000000E+00
1.179500E+00   -7.241471E+01   -8.255842E+01   -1.270483E+02    0.000000E+00    0.000000E+00    0.000000E+00    2.050681E+02   -1.389094E+02   -2.638051E+01    0.000000E+00    0.000000E+00    0.000000E+00
1.180500E+00   -4.749145E+01   -1.092762E+02   -1.292490E+02    0.000000E+00    0.000000E+00    0.000000E+00    2.336051E+02   -1.146993E+02    1.121375E+01    0.000000E+00    0.000000E+00    0.000000E+00
1.181500E+00   -5.660526E+01   -1.098870E+02   -1.415533E+02    0.000000E+00    0.000000E+00    0.000000E+00    2.459181E+02   -1.303046E+02    2.925640E+00    0.000000E+00    0.000000E+00    0.000000E+00
1.182500E+00   -5.953840E+01   -1.053191E+02   -1.338606E+02    0.000000E+00    0.000000E+00    0.000000E+00    2.339793E+02   -1.289488E+02   -2.511650E+00    0.000000E+00    0.000000E+00    0.000000E+00
1.183500E+00   -6.000068E+01   -1.075849E+02   -1.387148E+02    0.000000E+00    0.000000E+00    0.000000E+00    2.410050E+02   -1.315444E+02   -2.097617E+00    0.000000E+00    0.000000E+00    0.000000E+00
1.184500E+00   -4.963094E+01   -1.038424E+02   -1.378043E+02    0.000000E+00    0.000000E+00    0.000000E+00    2.363977E+02   -1.203198E+02    5.694617E+00    0.000000E+00    0.000000E+00    0.000000E+00
1.185500E+00   -6.901907E+01   -1.170582E+02   -1.493093E+02    0.000000E+00    0.000000E+00    0.000000E+00    2.605940E+02   -1.458007E+02   -6.048890E+00    0.000000E+00    0.000000E+00    0.000000E+00
1.186500E+00   -7.196452E+01   -1.083600E+02   -1.368124E+02    0.000000E+00    0.000000E+00    0.000000E+00    2.398962E+02   -1.418806E+02   -1.373320E+01    0.000000E+00    0.000000E+00    0.000000E+00
1.187500E+00   -4.375016E+01   -1.199589E+02   -1.289562E+02    0.000000E+00    0.000000E+00    0.000000E+00    2.439107E+02   -1.093301E+02    1.919074E+01    0.000000E+00    0.000000E+00    0.000000E+00
1.188500E+00   -6.970133E+01   -8.654554E+01   -1.422443E+02    0.000000E+00    0.000000E+00    0.000000E+00    2.240657E+02   -1.422060E+02   -2.304074E+01    0.000000E+00    0.000000E+00    0.000000E+00
1.189500E+00   -6.263778E+01   -1.011329E+02   -1.372487E+02    0.000000E+00    0.000000E+00    0.000000E+00    2.333158E+02   -1.322081E+02   -8.984725E+00    0.000000E+00    0.000000E+00    0.000000E+00
1.190500E+00   -5.672016E+01   -1.161613E+02   -1.348442E+02    0.000000E+00    0.000000E+00    0.000000E+00    2.456814E+02   -1.249754E+02    4.437699E+00    0.000000E+00    0.000000E+00    0.000000E+00
1.191500E+00   -9.495949E+01   -1.178945E+02   -1.625671E+02    0.000000E+00    0.000000E+00    0.000000E+00    2.743147E+02   -1.771071E+02   -3.171784E+01    0.000000E+00    0.000000E+00    0.000000E+00
1.192500E+00   -5.030375E+01   -1.022505E+02   -1.150347E+02    0.000000E+00    0.000000E+00    0.000000E+00    2.130769E+02   -1.078080E+02    2.791718E+00    0.000000E+00    0.000000E+00    0.000000E+00
1.193500E+00   -6.306934E+01   -9.060530E+01   -1.224921E+02    0.000000E+00    0.000000E+00    0.000000E+00    2.088633E+02   -1.242438E+02   -1.545343E+01    0.000000E+00    0.000000E+00    0.000000E+00
1.194500E+00   -6.423375E+01   -8.184893E+01   -1.084481E+02    0.000000E+00    0.000000E+00    0.000000E+00    1.864859E+02   -1.183300E+02   -2.103593E+01    0.000000E+00    0.000000E+00    0.000000E+00
1.195500E+00   -6.373053E+01   -9.982831E+01   -1.221222E+02    0.000000E+00    0.000000E+00    0.000000E+00    2.176978E+02   -1.241833E+02   -1.195618E+01    0.000000E+00    0.000000E+00    0.000000E+00
1.196500E+00   -7.886699E+01   -1.158381E+02   -1.380584E+02    0.000000E+00    0.000000E+00    0.000000E+00    2.489648E+02   -1.471857E+02   -1.865264E+01    0.000000E+00    0.000000E+00    0.000000E+00
1.197500E+00   -4.894162E+01   -1.014726E+02   -1.340380E+02    0.000000E+00    0.000000E+00    0.000000E+00    2.312823E+02   -1.146412E+02    2.487679E+00    0.000000E+00    0.000000E+00    0.000000E+00
1.198500E+00   -6.792826E+01   -9.044448E+01   -1.179850E+02    0.000000E+00    0.000000E+00    0.000000E+00    2.044556E+02   -1.259346E+02   -2.106058E+01    0.000000E+00    0.000000E+00    0.000000E+00
1.199500E+00   -5.461138E+01   -8.594456E+01   -1.144671E+02    0.000000E+00    0.000000E+00    0.000000E+00    1.965524E+02   -1.104188E+02   -1.075747E+01    0.000000E+00    0.000000E+00    0.000000E+00
